# wall_z_neg of bin.obj (continuous mesh)
# 11715 vertices, 20408 faces

v -0.061409 0.123175 -0.160436
v -0.060927 0.123353 -0.161515
v -0.061892 0.123537 -0.160723
v -0.061234 0.123666 -0.162461
v -0.060068 0.123519 -0.162920
v -0.058034 0.123522 -0.165924
v -0.058986 0.123463 -0.165943
v -0.059207 0.123514 -0.164534
v -0.060381 0.123679 -0.163518
v -0.061768 0.123689 -0.161399
v -0.059098 0.123267 -0.163608
v -0.062409 0.102413 -0.151789
v -0.061350 0.104863 -0.153536
v -0.063584 0.106754 -0.150473
v -0.057169 0.123788 -0.167289
v -0.057105 0.123146 -0.165822
v -0.063853 0.123589 -0.156388
v -0.064090 0.123952 -0.157071
v -0.064556 0.123836 -0.155533
v -0.058332 0.123274 -0.164715
v -0.058179 0.122826 -0.163946
v -0.055885 0.107754 -0.162152
v -0.058443 0.108752 -0.158425
v -0.057924 0.105054 -0.158432
v -0.061868 0.123003 -0.159299
v -0.062139 0.123429 -0.159938
v -0.059546 0.105776 -0.156189
v -0.059645 0.101403 -0.155495
v -0.054818 0.113044 -0.164135
v -0.057516 0.111509 -0.160251
v -0.059972 0.122949 -0.166282
v -0.060088 0.123429 -0.164771
v -0.058084 0.123642 -0.166929
v -0.064173 0.118265 -0.150939
v -0.062914 0.119553 -0.153334
v -0.064932 0.119978 -0.150596
v -0.058595 0.122221 -0.162434
v -0.057570 0.121086 -0.162613
v -0.057097 0.122073 -0.164215
v -0.058997 0.121563 -0.161054
v -0.062829 0.123581 -0.159172
v -0.063046 0.123500 -0.158240
v -0.063970 0.122284 -0.153851
v -0.062990 0.121605 -0.154696
v -0.062288 0.121933 -0.156329
v -0.065205 0.124136 -0.155456
v -0.064085 0.123249 -0.155096
v -0.059497 0.122977 -0.162446
v -0.062120 0.120691 -0.155242
v -0.060223 0.122584 -0.160860
v -0.055795 0.120742 -0.164796
v -0.060634 0.120520 -0.157535
v -0.060557 0.121687 -0.159074
v -0.062837 0.123037 -0.157361
v -0.058519 0.120283 -0.160673
v -0.059094 0.118623 -0.158979
v -0.057274 0.118620 -0.161544
v -0.065996 0.117491 -0.147852
v -0.062810 0.115200 -0.152391
v -0.061033 0.119097 -0.156057
v -0.059578 0.120255 -0.159177
v -0.058625 0.123222 -0.167240
v -0.056980 0.119827 -0.162517
v -0.062202 0.117955 -0.153932
v -0.063865 0.121091 -0.152831
v -0.060562 0.117360 -0.156238
v -0.055600 0.118722 -0.164035
v -0.060020 0.111974 -0.156457
v -0.057813 0.123646 -0.167820
v -0.056679 0.101882 -0.160105
v -0.054670 0.104457 -0.163808
v -0.067447 0.124062 -0.151899
v -0.067528 0.123954 -0.152502
v -0.067942 0.124022 -0.151735
v -0.066989 0.123889 -0.153634
v -0.066403 0.124180 -0.154242
v -0.066409 0.123797 -0.154770
v -0.068354 0.124180 -0.151150
v -0.068248 0.124130 -0.150673
v -0.067697 0.123355 -0.153441
v -0.067100 0.123370 -0.154164
v -0.067756 0.123011 -0.153797
v -0.065821 0.123872 -0.153639
v -0.067556 0.123717 -0.150887
v -0.066681 0.124113 -0.153335
v -0.068057 0.123200 -0.152948
v -0.067764 0.123616 -0.152903
v -0.068889 0.124030 -0.150788
v -0.068374 0.123712 -0.151675
v -0.067143 0.122959 -0.150156
v -0.069208 0.123792 -0.148176
v -0.068830 0.124192 -0.149696
v -0.067118 0.122707 -0.155095
v -0.068824 0.124148 -0.150350
v -0.064483 0.101334 -0.148660
v -0.066199 0.123196 -0.155807
v -0.069422 0.124341 -0.148964
v -0.069506 0.124049 -0.149801
v -0.069988 0.124331 -0.148568
v -0.065893 0.124203 -0.154465
v -0.068247 0.123367 -0.152260
v -0.071429 0.124267 -0.146028
v -0.070486 0.124271 -0.146935
v -0.071016 0.124254 -0.147002
v -0.069131 0.123673 -0.150770
v -0.068834 0.110985 -0.142890
v -0.065385 0.110979 -0.148044
v -0.067320 0.115228 -0.145497
v -0.062602 0.110908 -0.152264
v -0.068655 0.123269 -0.151919
v -0.068509 0.123136 -0.152415
v -0.069719 0.123306 -0.150296
v -0.069092 0.123225 -0.151338
v -0.070364 0.123842 -0.148920
v -0.058397 0.115382 -0.159220
v -0.057591 0.117355 -0.160741
v -0.055938 0.116615 -0.162919
v -0.067465 0.105469 -0.144632
v -0.053037 0.102291 -0.166524
v -0.052560 0.108407 -0.167202
v -0.051208 0.105754 -0.169526
v -0.050135 0.101960 -0.170916
v -0.049127 0.107720 -0.172812
v -0.054166 0.117513 -0.165858
v -0.053587 0.115567 -0.166272
v -0.070723 0.124171 -0.147847
v -0.050668 0.108175 -0.170325
v -0.070331 0.124232 -0.147676
v -0.060943 0.108181 -0.154560
v -0.052235 0.116931 -0.168727
v -0.053526 0.119270 -0.167589
v -0.050283 0.110205 -0.170858
v -0.050841 0.113738 -0.170177
v -0.048255 0.111980 -0.174166
v -0.065628 0.123104 -0.152499
v -0.051058 0.118356 -0.170989
v -0.070691 0.123759 -0.145968
v -0.049515 0.116860 -0.172839
v -0.066715 0.120664 -0.148340
v -0.065754 0.121198 -0.150208
v -0.067434 0.121885 -0.148388
v -0.066322 0.119327 -0.148019
v -0.069770 0.122505 -0.145539
v -0.065556 0.122160 -0.151343
v -0.067707 0.117285 -0.145250
v -0.067522 0.121117 -0.147458
v -0.068208 0.118770 -0.145040
v -0.068319 0.120762 -0.145946
v -0.049056 0.118794 -0.174170
v -0.051134 0.120040 -0.171602
v -0.048024 0.104466 -0.174322
v -0.053133 0.121514 -0.169452
v -0.054335 0.122648 -0.168687
v -0.054455 0.121995 -0.167888
v -0.056398 0.123988 -0.168258
v -0.056092 0.123494 -0.167563
v -0.055550 0.123813 -0.168954
v -0.054511 0.121160 -0.167157
v -0.055497 0.122398 -0.166781
v -0.055183 0.123299 -0.168288
v 0.075209 0.028617 -0.172523
v 0.072256 0.028612 -0.174459
v 0.072123 0.031854 -0.174659
v 0.077017 0.016599 -0.171448
v 0.079472 0.017275 -0.169127
v 0.080280 0.016065 -0.168888
v 0.071149 0.022438 -0.174366
v 0.070287 0.026625 -0.175678
v 0.073212 0.025842 -0.173588
v 0.076014 0.018565 -0.169971
v 0.077257 0.017452 -0.169476
v 0.076046 0.017466 -0.170667
v 0.102823 0.017372 -0.153477
v 0.101434 0.016403 -0.155142
v 0.100948 0.017403 -0.154413
v 0.099804 0.017201 -0.156087
v 0.094400 0.018569 -0.157957
v 0.094349 0.020171 -0.158440
v 0.095758 0.019456 -0.157262
v 0.080154 0.017602 -0.167426
v 0.081831 0.017350 -0.167259
v 0.074214 0.016660 -0.173187
v 0.072816 0.017255 -0.173516
v 0.074615 0.017447 -0.172073
v 0.091967 0.018172 -0.159462
v 0.093090 0.018797 -0.158885
v 0.093304 0.017579 -0.158968
v 0.087411 0.017247 -0.163910
v 0.087666 0.016196 -0.164224
v 0.086362 0.016521 -0.165212
v 0.099393 0.017454 -0.155061
v 0.066042 0.039705 -0.178839
v 0.068573 0.038480 -0.177082
v 0.066404 0.034962 -0.178555
v 0.098157 0.017235 -0.157204
v 0.098846 0.016230 -0.157153
v 0.096166 0.016468 -0.158849
v 0.098835 0.017473 -0.156209
v 0.068175 0.036129 -0.177315
v 0.069627 0.036352 -0.176256
v 0.069284 0.033579 -0.176622
v 0.079480 0.018621 -0.167876
v 0.078425 0.017769 -0.168316
v 0.078392 0.018964 -0.168659
v 0.070429 0.016712 -0.175483
v 0.071405 0.016191 -0.174749
v 0.069682 0.016019 -0.175901
v 0.078323 0.015782 -0.170081
v 0.096664 0.017501 -0.157254
v 0.095033 0.017439 -0.158358
v 0.097981 0.017527 -0.155902
v 0.071543 0.017506 -0.173199
v 0.071360 0.017288 -0.174504
v 0.095672 0.018295 -0.157087
v 0.093969 0.017017 -0.160165
v 0.096991 0.021264 -0.157012
v 0.094174 0.022696 -0.159199
v 0.104690 0.017369 -0.152408
v 0.104073 0.016375 -0.153436
v 0.083608 0.017244 -0.165477
v 0.083019 0.018324 -0.165364
v 0.084296 0.017930 -0.164358
v 0.066681 0.028661 -0.178207
v 0.064651 0.024422 -0.178987
v 0.063916 0.028959 -0.179948
v 0.088893 0.016892 -0.163399
v 0.089232 0.016138 -0.163367
v 0.092084 0.016334 -0.161722
v 0.093490 0.015668 -0.160772
v 0.070136 0.029972 -0.175983
v 0.068044 0.031532 -0.177422
v 0.066329 0.016984 -0.176907
v 0.066468 0.016240 -0.178152
v 0.065362 0.016799 -0.178096
v 0.081147 0.018679 -0.166681
v 0.071526 0.034660 -0.175124
v 0.075511 0.033703 -0.172519
v 0.066736 0.020968 -0.176957
v 0.065668 0.018406 -0.176854
v 0.064913 0.020466 -0.178113
v 0.067350 0.018982 -0.175919
v 0.068152 0.018346 -0.175024
v 0.066871 0.017640 -0.175698
v 0.085191 0.015508 -0.165647
v 0.068652 0.028723 -0.176889
v 0.067990 0.017236 -0.176235
v 0.079330 0.022940 -0.168979
v 0.080343 0.020199 -0.167731
v 0.077432 0.020249 -0.169766
v 0.081595 0.017507 -0.166128
v 0.068235 0.024147 -0.176620
v 0.087928 0.018406 -0.162210
v 0.088968 0.020259 -0.162056
v 0.091272 0.019616 -0.160430
v 0.064255 0.017098 -0.179444
v 0.065144 0.016650 -0.179228
v 0.089798 0.018292 -0.161058
v 0.089037 0.017715 -0.161574
v 0.090454 0.016954 -0.162466
v 0.090381 0.015840 -0.162771
v 0.087930 0.021396 -0.163162
v 0.090523 0.022097 -0.161489
v 0.064388 0.032462 -0.179782
v 0.064253 0.017493 -0.177916
v 0.062644 0.017359 -0.179334
v 0.063700 0.018873 -0.178745
v 0.081857 0.016753 -0.168005
v 0.083741 0.017030 -0.166784
v 0.083017 0.016092 -0.167093
v 0.077297 0.018510 -0.169146
v 0.069451 0.017340 -0.175778
v 0.069102 0.017719 -0.174787
v 0.069915 0.017351 -0.174696
v 0.088121 0.023643 -0.163426
v 0.091898 0.025216 -0.161122
v 0.065141 0.017005 -0.177067
v 0.072631 0.015595 -0.173926
v 0.075280 0.025358 -0.172140
v 0.073860 0.023360 -0.172788
v 0.085720 0.018428 -0.163608
v 0.085686 0.017378 -0.163866
v 0.086421 0.019752 -0.163730
v 0.068512 0.026982 -0.176848
v 0.074290 0.018562 -0.170940
v 0.068706 0.020518 -0.175542
v 0.088832 0.017268 -0.162346
v 0.078031 0.025982 -0.170382
v 0.084691 0.018797 -0.164583
v 0.083360 0.019953 -0.165686
v 0.091983 0.017487 -0.160730
v 0.064069 0.016816 -0.178636
v 0.063285 0.016894 -0.179609
v 0.071759 0.016697 -0.174574
v 0.072821 0.018162 -0.172076
v 0.085501 0.017251 -0.165396
v 0.084936 0.016411 -0.166077
v 0.068880 0.016685 -0.176579
v 0.062762 0.015670 -0.181433
v 0.064260 0.016202 -0.180042
v 0.071826 0.037699 -0.174957
v 0.076077 0.022551 -0.171157
v 0.073359 0.020431 -0.172484
v 0.064704 0.016777 -0.177852
v 0.072625 0.016396 -0.174003
v 0.077654 0.017398 -0.170439
v 0.070394 0.018159 -0.173716
v 0.071832 0.018831 -0.172938
v 0.071305 0.019801 -0.173608
v 0.069782 0.019450 -0.174451
v 0.090123 0.017485 -0.161300
v 0.063771 0.016710 -0.180475
v 0.062714 0.017188 -0.180676
v 0.075342 0.020029 -0.171045
v 0.062616 0.021002 -0.179873
v 0.090911 0.018055 -0.160247
v 0.070657 0.017237 -0.174130
v 0.070369 0.017298 -0.175098
v 0.083499 0.022936 -0.166275
v 0.085986 0.021375 -0.164369
v 0.075135 0.038005 -0.172722
v 0.073343 0.041704 -0.174012
v 0.082014 0.026443 -0.167808
v 0.079470 0.030170 -0.169776
v 0.076215 0.039466 -0.172033
v -0.086014 0.115645 -0.138390
v -0.083886 0.115475 -0.140960
v -0.085589 0.114790 -0.139177
v -0.080242 0.118859 -0.142893
v -0.080140 0.117593 -0.144255
v -0.082296 0.118842 -0.140382
v -0.081935 0.117776 -0.141741
v -0.083427 0.118364 -0.139546
v -0.082376 0.116251 -0.142277
v -0.084694 0.116393 -0.139372
v -0.083368 0.117320 -0.140315
v -0.081727 0.119813 -0.140038
v -0.093248 0.107148 -0.130325
v -0.094349 0.108465 -0.128769
v -0.091379 0.109124 -0.132874
v -0.088767 0.117041 -0.134220
v -0.088913 0.117962 -0.133342
v -0.087236 0.118229 -0.135288
v -0.080366 0.119844 -0.141809
v -0.089380 0.116182 -0.133787
v -0.087529 0.116138 -0.136101
v -0.089942 0.115253 -0.133578
v -0.084805 0.119383 -0.137208
v -0.083147 0.121292 -0.136883
v -0.083750 0.121450 -0.135891
v -0.082973 0.121558 -0.136549
v -0.087919 0.114752 -0.136466
v -0.086154 0.117325 -0.137107
v -0.085084 0.118288 -0.137700
v -0.083680 0.120978 -0.136542
v -0.083976 0.120332 -0.137027
v -0.086800 0.113416 -0.138171
v -0.089122 0.111780 -0.135680
v -0.088622 0.113552 -0.135856
v -0.081069 0.120534 -0.140155
v -0.094063 0.110679 -0.128898
v -0.091824 0.111838 -0.131900
v -0.086387 0.119093 -0.135652
v -0.084706 0.121163 -0.135127
v -0.090190 0.118061 -0.131701
v -0.088331 0.118935 -0.133432
v -0.084268 0.121657 -0.135030
v -0.082307 0.121247 -0.137582
v -0.091301 0.118217 -0.130083
v -0.089471 0.119742 -0.131208
v -0.089691 0.118807 -0.131642
v -0.082546 0.120755 -0.138049
v -0.085657 0.120296 -0.135430
v -0.091011 0.115940 -0.131743
v -0.091633 0.114647 -0.131402
v -0.085320 0.122321 -0.132186
v -0.084706 0.122704 -0.131967
v -0.084464 0.122484 -0.133124
v -0.090525 0.113587 -0.133270
v -0.084368 0.122053 -0.133881
v -0.085207 0.121633 -0.133759
v -0.085436 0.121951 -0.132638
v -0.092606 0.116408 -0.129489
v -0.084152 0.121938 -0.134630
v -0.080172 0.121292 -0.140277
v -0.080193 0.121443 -0.139624
v -0.079501 0.121316 -0.141001
v -0.079175 0.120524 -0.142476
v -0.085599 0.120746 -0.134798
v -0.086319 0.121157 -0.133345
v -0.086941 0.119768 -0.134388
v -0.080329 0.120964 -0.140467
v -0.080679 0.121234 -0.139622
v -0.093336 0.112969 -0.129405
v -0.088093 0.120891 -0.131538
v -0.086982 0.121609 -0.131608
v -0.090300 0.117165 -0.132051
v -0.087107 0.120499 -0.133305
v -0.092950 0.114791 -0.129527
v -0.091763 0.106534 -0.132582
v -0.086264 0.122061 -0.131374
v -0.085781 0.122454 -0.131148
v -0.088942 0.109849 -0.136368
v -0.089839 0.107072 -0.135030
v -0.090352 0.105217 -0.134472
v -0.085250 0.122880 -0.131012
v -0.089158 0.108485 -0.136058
v -0.082824 0.074078 -0.136890
v -0.082964 0.071196 -0.136164
v -0.084644 0.072601 -0.134414
v -0.070302 0.045972 -0.151665
v -0.071945 0.044496 -0.149522
v -0.072184 0.047623 -0.148609
v -0.059206 0.061044 -0.169293
v -0.059383 0.058844 -0.168751
v -0.060237 0.060504 -0.167341
v -0.064708 0.052108 -0.160395
v -0.065043 0.055413 -0.159779
v -0.062995 0.053644 -0.163218
v -0.063701 0.066634 -0.161902
v -0.063273 0.069838 -0.163106
v -0.062195 0.068920 -0.164668
v -0.080921 0.049266 -0.137211
v -0.082774 0.049785 -0.134998
v -0.082428 0.053321 -0.135575
v -0.082386 0.068820 -0.136572
v -0.081370 0.071141 -0.138049
v -0.080533 0.067615 -0.138545
v -0.080422 0.054201 -0.138068
v -0.080253 0.051452 -0.138087
v -0.072021 0.054609 -0.148740
v -0.074274 0.053726 -0.145800
v -0.075112 0.057087 -0.144607
v -0.067390 0.065110 -0.155789
v -0.067798 0.062924 -0.155080
v -0.068106 0.066478 -0.154859
v -0.080603 0.073432 -0.139266
v -0.080963 0.076100 -0.139492
v -0.079249 0.074223 -0.141108
v -0.056590 0.056604 -0.174190
v -0.057739 0.054531 -0.172180
v -0.057521 0.057307 -0.172285
v -0.085613 0.070059 -0.133084
v -0.087204 0.071146 -0.131417
v -0.075720 0.063401 -0.144092
v -0.074452 0.062606 -0.145798
v -0.075703 0.060643 -0.144018
v -0.086359 0.074259 -0.132713
v -0.078796 0.052394 -0.139909
v -0.077108 0.049977 -0.141928
v -0.079071 0.047734 -0.139581
v -0.069431 0.052726 -0.152570
v -0.069810 0.055107 -0.151945
v -0.067095 0.053997 -0.156305
v -0.067154 0.050680 -0.156235
v -0.065690 0.049765 -0.158803
v -0.066381 0.048437 -0.157779
v -0.076616 0.053512 -0.142634
v -0.069694 0.071233 -0.153117
v -0.070403 0.067401 -0.151455
v -0.072139 0.070784 -0.149570
v -0.083191 0.044633 -0.134706
v -0.081368 0.042445 -0.136927
v -0.082393 0.041472 -0.135692
v -0.083939 0.056961 -0.134003
v -0.081615 0.057979 -0.136710
v -0.076834 0.065549 -0.142822
v -0.077429 0.062345 -0.141847
v -0.079388 0.064495 -0.139774
v -0.062302 0.057226 -0.164130
v -0.061428 0.055758 -0.165473
v -0.056102 0.063546 -0.175102
v -0.057617 0.064903 -0.172343
v -0.056284 0.065804 -0.175013
v -0.059998 0.064081 -0.167926
v -0.062017 0.062575 -0.164424
v -0.061919 0.065797 -0.164694
v -0.078872 0.070928 -0.140982
v -0.077423 0.073607 -0.143157
v -0.077190 0.071801 -0.143148
v -0.063250 0.063918 -0.162369
v -0.062338 0.059901 -0.163928
v -0.061345 0.058839 -0.165640
v -0.075262 0.045386 -0.144729
v -0.074080 0.043701 -0.146580
v -0.075380 0.041878 -0.145021
v -0.063802 0.048596 -0.162049
v -0.086295 0.047695 -0.130649
v -0.086368 0.050799 -0.130712
v -0.084570 0.047392 -0.132625
v -0.084706 0.065156 -0.133686
v -0.086413 0.067406 -0.131855
v -0.084288 0.068662 -0.134464
v -0.079520 0.060500 -0.139251
v -0.083993 0.074311 -0.135613
v -0.084090 0.042146 -0.133379
v -0.084651 0.045410 -0.132642
v -0.077329 0.059486 -0.142013
v -0.078662 0.056584 -0.140305
v -0.074183 0.046977 -0.146122
v -0.074401 0.065800 -0.145842
v -0.076615 0.043962 -0.143147
v -0.075973 0.047640 -0.143541
v -0.083763 0.048336 -0.133773
v -0.084973 0.051559 -0.132442
v -0.065341 0.071665 -0.159952
v -0.065736 0.069255 -0.159147
v -0.066807 0.068895 -0.157149
v -0.093319 0.073937 -0.124848
v -0.090631 0.075872 -0.128184
v -0.091152 0.072736 -0.127090
v -0.075604 0.067631 -0.144590
v -0.060418 0.057747 -0.167004
v -0.089904 0.048806 -0.126288
v -0.088636 0.048737 -0.127804
v -0.088801 0.046709 -0.127223
v -0.058296 0.059487 -0.170922
v -0.056697 0.060452 -0.173737
v -0.070800 0.061394 -0.150619
v -0.069268 0.059282 -0.152723
v -0.071466 0.057727 -0.149569
v -0.060324 0.052051 -0.167902
v -0.060588 0.054906 -0.167188
v -0.059556 0.054417 -0.168801
v -0.075153 0.047476 -0.144874
v -0.066820 0.071550 -0.157597
v -0.068414 0.069323 -0.154769
v -0.084299 0.060203 -0.133843
v -0.075330 0.069501 -0.145133
v -0.076811 0.068305 -0.143229
v -0.077004 0.070307 -0.143255
v -0.064855 0.045962 -0.160468
v -0.065653 0.046145 -0.158968
v -0.065244 0.047944 -0.159626
v -0.090510 0.060404 -0.126685
v -0.087652 0.055486 -0.129613
v -0.091242 0.057398 -0.125685
v -0.095018 0.062637 -0.121748
v -0.094115 0.065998 -0.123230
v -0.092867 0.061673 -0.124281
v -0.064828 0.050167 -0.160297
v -0.090049 0.070230 -0.128109
v -0.088342 0.068603 -0.129739
v -0.089886 0.067513 -0.128092
v -0.061122 0.061278 -0.165835
v -0.070551 0.048664 -0.150958
v -0.073251 0.060301 -0.147083
v -0.075687 0.071885 -0.145038
v -0.056660 0.053724 -0.174142
v -0.056928 0.051228 -0.173993
v -0.058209 0.051506 -0.171710
v -0.061363 0.052329 -0.166052
v -0.073088 0.045526 -0.147716
v -0.072807 0.043087 -0.148275
v -0.082030 0.062515 -0.136435
v -0.084228 0.062852 -0.134075
v -0.083559 0.063887 -0.134813
v -0.092863 0.070165 -0.125023
v -0.096223 0.071231 -0.121269
v -0.082388 0.038359 -0.135795
v -0.060780 0.048514 -0.167597
v -0.065939 0.066654 -0.158284
v -0.064546 0.070237 -0.161098
v -0.064350 0.068299 -0.161062
v -0.084760 0.053866 -0.132900
v -0.059076 0.050185 -0.170209
v -0.059272 0.052179 -0.169739
v -0.077719 0.069287 -0.142126
v -0.079395 0.042362 -0.139611
v -0.078590 0.040716 -0.140715
v -0.079835 0.039959 -0.139091
v -0.065912 0.060392 -0.158131
v -0.067562 0.059650 -0.155429
v -0.066505 0.058751 -0.157240
v -0.093567 0.046677 -0.121165
v -0.094131 0.051715 -0.121579
v -0.091717 0.047797 -0.123785
v -0.068360 0.058237 -0.154260
v -0.066982 0.057128 -0.156460
v -0.068815 0.056917 -0.153471
v -0.080373 0.043462 -0.138245
v -0.079408 0.044637 -0.139258
v -0.093191 0.055514 -0.123268
v -0.093729 0.059477 -0.122930
v -0.078331 0.067685 -0.141230
v -0.074871 0.048668 -0.145093
v -0.093035 0.077645 -0.125852
v -0.066819 0.045987 -0.157002
v -0.067783 0.048204 -0.155269
v -0.058720 0.054430 -0.170395
v -0.058758 0.056732 -0.170112
v -0.058125 0.055696 -0.171252
v -0.065633 0.051465 -0.158698
v -0.059770 0.056584 -0.168276
v -0.061749 0.072924 -0.166391
v -0.060922 0.068455 -0.166927
v -0.055653 0.055681 -0.175942
v -0.055526 0.053144 -0.176447
v -0.086055 0.059122 -0.131739
v -0.086413 0.063055 -0.131618
v -0.084606 0.075412 -0.135061
v -0.078295 0.043651 -0.140914
v -0.077495 0.046653 -0.141744
v -0.082657 0.065892 -0.136086
v -0.069189 0.050131 -0.152897
v -0.069348 0.047790 -0.152996
v -0.081898 0.045995 -0.136237
v -0.081291 0.065052 -0.137634
v -0.062326 0.049354 -0.164886
v -0.059914 0.050177 -0.169050
v -0.065205 0.063493 -0.159532
v -0.087273 0.077303 -0.132556
v -0.088672 0.073806 -0.130124
v -0.070008 0.064192 -0.151939
v -0.072296 0.064097 -0.148517
v -0.072536 0.067386 -0.148478
v -0.055198 0.064459 -0.177304
v -0.080500 0.046175 -0.137946
v -0.081350 0.047485 -0.136746
v -0.065312 0.058290 -0.159149
v -0.063623 0.057479 -0.161781
v -0.064334 0.058999 -0.160581
v -0.063864 0.060771 -0.161334
v -0.092916 0.052936 -0.123215
v -0.055477 0.061397 -0.176280
v -0.081178 0.039474 -0.137386
v -0.072140 0.051220 -0.148572
v -0.087398 0.044421 -0.128779
v -0.087896 0.042642 -0.127742
v -0.088664 0.044411 -0.126943
v -0.073636 0.049479 -0.146619
v -0.067978 0.071905 -0.155700
v -0.054637 0.060843 -0.177961
v -0.089146 0.054039 -0.127813
v -0.057112 0.068170 -0.173938
v -0.085781 0.044819 -0.131069
v -0.086162 0.046445 -0.130533
v -0.054574 0.057158 -0.178170
v -0.054233 0.054491 -0.178780
v -0.084281 0.055089 -0.133496
v -0.087516 0.061330 -0.130185
v -0.090131 0.062755 -0.127436
v -0.091895 0.063982 -0.125558
v -0.090439 0.065376 -0.127422
v -0.055416 0.058736 -0.176353
v -0.091564 0.067338 -0.126215
v -0.077178 0.039735 -0.142685
v -0.095418 0.074746 -0.122495
v -0.094848 0.076888 -0.123546
v -0.058237 0.062151 -0.170931
v -0.065896 0.047010 -0.158460
v -0.085054 0.055316 -0.132512
v -0.073864 0.068789 -0.146946
v -0.074839 0.068085 -0.145707
v -0.058570 0.053092 -0.170992
v -0.085249 0.056502 -0.132459
v -0.073998 0.070836 -0.147081
v -0.075298 0.074381 -0.146129
v -0.073913 0.072768 -0.147640
v -0.086265 0.056603 -0.131344
v -0.064783 0.059431 -0.159776
v -0.056111 0.067987 -0.176174
v -0.090883 0.043682 -0.123907
v -0.092865 0.042692 -0.121296
v -0.058357 0.068978 -0.171782
v -0.075051 0.050847 -0.144683
v -0.090960 0.055149 -0.125739
v -0.088246 0.059945 -0.129139
v -0.088433 0.065938 -0.129511
v -0.090952 0.039864 -0.123169
v -0.090659 0.053436 -0.125989
v -0.068349 0.045758 -0.154399
v -0.091256 0.051178 -0.124935
v -0.088403 0.040021 -0.126734
v -0.090424 0.048011 -0.125408
v -0.090041 0.045530 -0.125500
v -0.088589 0.051064 -0.128139
v -0.087042 0.046494 -0.129433
v -0.089085 0.043025 -0.126235
v -0.088648 0.063105 -0.128969
v -0.059311 0.068205 -0.169598
v -0.086277 0.041605 -0.130108
v -0.084381 0.038767 -0.132891
v -0.066586 0.122661 -0.156180
v -0.065857 0.122665 -0.157048
v -0.066525 0.122373 -0.156997
v -0.066979 0.122292 -0.156073
v -0.065856 0.122284 -0.157972
v -0.067130 0.122016 -0.156699
v -0.066465 0.121943 -0.157679
v 0.065651 0.070251 -0.180110
v 0.065394 0.068993 -0.180452
v 0.064416 0.070571 -0.180904
v 0.060623 0.064583 -0.183285
v 0.062689 0.064662 -0.181907
v 0.061072 0.062057 -0.182832
v 0.039849 0.036799 -0.196448
v 0.036474 0.036171 -0.198898
v 0.035021 0.040838 -0.199935
v 0.047897 0.059470 -0.191599
v 0.046121 0.062121 -0.192842
v 0.048805 0.061849 -0.191089
v 0.024948 0.046954 -0.206893
v 0.023200 0.049008 -0.208098
v 0.024785 0.050482 -0.206972
v 0.064887 0.073495 -0.180390
v 0.064249 0.073012 -0.181124
v 0.063802 0.074442 -0.180897
v 0.065984 0.094417 -0.179940
v 0.067113 0.091833 -0.179281
v 0.064053 0.091884 -0.181310
v 0.044287 0.066053 -0.194252
v 0.043180 0.061919 -0.194881
v 0.060220 0.075492 -0.183442
v 0.061081 0.074712 -0.182721
v 0.060667 0.073727 -0.183265
v 0.025066 0.036742 -0.206649
v 0.028315 0.036713 -0.204539
v 0.026864 0.031256 -0.205199
v 0.027725 0.052430 -0.205041
v 0.055543 0.072595 -0.186707
v 0.051937 0.076495 -0.189248
v 0.056050 0.078517 -0.186509
v 0.034849 0.044881 -0.200223
v 0.037560 0.045718 -0.198330
v 0.021956 0.055048 -0.208888
v 0.024674 0.053657 -0.207019
v 0.022802 0.051699 -0.208147
v 0.059404 0.066407 -0.184089
v 0.060009 0.068622 -0.183861
v 0.061329 0.066684 -0.182822
v 0.044653 0.059044 -0.193776
v 0.025880 0.059923 -0.206408
v 0.028265 0.058033 -0.204708
v 0.026445 0.055986 -0.205956
v 0.061598 0.081130 -0.182707
v 0.059056 0.078377 -0.184344
v 0.058833 0.080767 -0.184523
v 0.050839 0.060110 -0.189617
v 0.049808 0.057744 -0.190236
v 0.044617 0.018571 -0.191913
v 0.042132 0.018204 -0.193484
v 0.042455 0.020452 -0.193771
v 0.065413 0.074027 -0.179849
v 0.065792 0.074684 -0.179342
v 0.066198 0.073815 -0.179561
v 0.033984 0.015637 -0.201004
v 0.058600 0.071199 -0.184695
v 0.057201 0.068118 -0.185531
v 0.032322 0.023207 -0.200999
v 0.028678 0.021666 -0.202929
v 0.028661 0.023911 -0.203279
v 0.068697 0.095291 -0.178174
v 0.069919 0.093302 -0.177367
v 0.052271 0.057815 -0.188693
v 0.049254 0.038009 -0.190330
v 0.046832 0.035008 -0.191796
v 0.044695 0.038523 -0.193249
v 0.062996 0.084291 -0.181793
v 0.060944 0.085435 -0.183089
v 0.054762 0.051507 -0.186814
v 0.054540 0.055558 -0.187070
v 0.058072 0.052304 -0.184576
v 0.046117 0.028552 -0.192249
v 0.048541 0.027200 -0.190588
v 0.045779 0.024087 -0.192146
v 0.060071 0.072398 -0.183744
v 0.060568 0.070509 -0.183577
v 0.067244 0.077713 -0.178497
v 0.065948 0.076120 -0.179135
v 0.065925 0.078229 -0.179516
v 0.064664 0.075145 -0.180042
v 0.063850 0.075708 -0.180745
v 0.063700 0.077299 -0.180951
v 0.038334 0.059948 -0.198235
v 0.040958 0.058894 -0.196165
v 0.038017 0.057378 -0.198282
v 0.027696 0.046712 -0.205066
v 0.026593 0.041652 -0.205667
v 0.037886 0.034527 -0.197786
v 0.035766 0.032247 -0.199285
v 0.040738 0.017472 -0.194453
v 0.042017 0.017121 -0.193814
v 0.040828 0.017173 -0.195107
v 0.040126 0.063304 -0.196998
v 0.037188 0.061756 -0.199002
v 0.036774 0.064837 -0.199228
v 0.052111 0.033851 -0.188288
v 0.048915 0.031055 -0.190413
v 0.030218 0.064715 -0.203711
v 0.031907 0.067085 -0.202599
v 0.033865 0.062887 -0.201184
v 0.034911 0.016890 -0.199066
v 0.034339 0.016647 -0.198446
v 0.035720 0.016737 -0.198205
v 0.046744 0.042886 -0.192061
v 0.048662 0.047406 -0.190819
v 0.050020 0.043634 -0.189914
v 0.067685 0.100379 -0.178981
v 0.066525 0.097479 -0.179696
v 0.066464 0.099350 -0.179852
v 0.050695 0.055071 -0.189663
v 0.062344 0.070245 -0.181911
v 0.061829 0.071322 -0.182053
v 0.062828 0.070989 -0.181376
v 0.036028 0.021469 -0.198335
v 0.033467 0.019416 -0.199637
v 0.033063 0.016680 -0.199867
v 0.028292 0.062240 -0.204858
v 0.030780 0.060755 -0.203226
v 0.064648 0.079974 -0.180489
v 0.067028 0.074438 -0.179024
v 0.038885 0.066513 -0.197836
v 0.038999 0.068943 -0.197771
v 0.041074 0.068054 -0.196502
v 0.066805 0.069518 -0.179540
v 0.067069 0.068102 -0.179262
v 0.063760 0.062446 -0.180998
v 0.053390 0.068321 -0.187961
v 0.032849 0.017582 -0.199470
v 0.048269 0.051945 -0.191247
v 0.049962 0.051257 -0.190137
v 0.046708 0.050730 -0.192217
v 0.044633 0.075410 -0.194144
v 0.043181 0.071974 -0.195021
v 0.042524 0.076574 -0.195537
v 0.034150 0.017109 -0.199887
v 0.039445 0.018461 -0.195457
v 0.063659 0.095361 -0.181563
v 0.069111 0.097965 -0.177910
v 0.030999 0.017163 -0.200681
v 0.031234 0.016539 -0.200979
v 0.057958 0.063344 -0.184864
v 0.058617 0.058462 -0.184422
v 0.035776 0.055580 -0.199792
v 0.035393 0.051624 -0.199960
v 0.032362 0.053269 -0.202080
v 0.036804 0.017024 -0.197854
v 0.037645 0.017083 -0.198175
v 0.036289 0.017125 -0.198593
v 0.033084 0.059272 -0.201714
v 0.035703 0.059135 -0.199909
v 0.058610 0.092341 -0.184918
v 0.059286 0.088365 -0.184385
v 0.056058 0.089323 -0.186628
v 0.030221 0.020345 -0.201816
v 0.031321 0.032937 -0.202303
v 0.030327 0.048632 -0.203237
v 0.029982 0.043327 -0.203526
v 0.061607 0.073662 -0.182628
v 0.061200 0.072359 -0.182649
v 0.040358 0.070820 -0.196944
v 0.038952 0.053729 -0.197544
v 0.023537 0.041804 -0.207770
v 0.051301 0.083489 -0.189836
v 0.053229 0.080218 -0.188462
v 0.051905 0.080186 -0.189452
v 0.035004 0.047719 -0.200115
v 0.037362 0.049329 -0.198472
v 0.052584 0.072052 -0.188637
v 0.051552 0.069913 -0.189295
v 0.050222 0.071746 -0.190224
v 0.030535 0.027554 -0.202473
v 0.034417 0.027717 -0.199992
v 0.057545 0.083788 -0.185499
v 0.052685 0.052610 -0.188327
v 0.037261 0.024879 -0.197945
v 0.037921 0.022509 -0.197103
v 0.064902 0.082619 -0.180428
v 0.065500 0.085923 -0.180155
v 0.052099 0.037812 -0.188395
v 0.043844 0.044700 -0.194033
v 0.044062 0.042123 -0.193830
v 0.043153 0.017608 -0.192687
v 0.062268 0.075056 -0.181735
v 0.063010 0.075606 -0.181251
v 0.062846 0.074562 -0.181355
v 0.062338 0.072476 -0.181914
v 0.062332 0.074026 -0.181968
v 0.047263 0.056442 -0.192024
v 0.063733 0.069654 -0.181478
v 0.044155 0.017337 -0.193519
v 0.045885 0.017196 -0.191743
v 0.045625 0.017333 -0.193234
v 0.062180 0.088764 -0.182509
v 0.063052 0.086689 -0.181765
v 0.045872 0.046938 -0.192608
v 0.070902 0.099791 -0.176839
v 0.070017 0.104076 -0.177496
v 0.042767 0.052064 -0.194926
v 0.043086 0.048155 -0.194564
v 0.031102 0.056943 -0.202881
v 0.024547 0.056694 -0.207270
v 0.060889 0.055708 -0.182734
v 0.040412 0.017320 -0.196313
v 0.042243 0.017364 -0.194908
v 0.040895 0.016582 -0.196765
v 0.028678 0.040076 -0.204281
v 0.032586 0.016673 -0.201821
v 0.035322 0.016539 -0.200042
v 0.033677 0.056929 -0.201329
v 0.039300 0.017281 -0.196830
v 0.039514 0.017070 -0.196068
v 0.035629 0.071808 -0.200105
v 0.038233 0.071414 -0.198321
v 0.037275 0.068316 -0.198975
v 0.038435 0.017237 -0.196042
v 0.039772 0.017341 -0.195279
v 0.047884 0.028611 -0.191106
v 0.036553 0.015873 -0.199245
v 0.032892 0.030055 -0.201080
v 0.045465 0.053789 -0.193110
v 0.043165 0.055843 -0.194688
v 0.043520 0.016986 -0.194987
v 0.057874 0.080365 -0.185253
v 0.032648 0.045747 -0.201649
v 0.059821 0.073910 -0.183909
v 0.038990 0.016699 -0.197650
v 0.029973 0.018374 -0.201415
v 0.037725 0.016129 -0.198467
v 0.061213 0.077691 -0.182833
v 0.054358 0.060598 -0.187325
v 0.051502 0.063863 -0.189203
v 0.066385 0.070604 -0.179260
v 0.066392 0.071820 -0.179258
v 0.067016 0.071043 -0.178625
v 0.061379 0.070915 -0.182743
v 0.065607 0.065948 -0.180127
v 0.063661 0.071956 -0.181233
v 0.038142 0.017129 -0.197108
v 0.064838 0.088959 -0.180771
v 0.062568 0.068762 -0.182363
v 0.035459 0.017084 -0.199478
v 0.034297 0.017096 -0.200487
v 0.061491 0.091759 -0.183060
v 0.063173 0.073366 -0.181425
v 0.040884 0.045750 -0.196047
v 0.039950 0.049069 -0.196753
v 0.031067 0.038162 -0.202676
v 0.046420 0.020639 -0.191188
v 0.042344 0.015918 -0.195933
v 0.045791 0.016495 -0.193692
v 0.034616 0.067514 -0.200788
v 0.036734 0.016746 -0.198988
v 0.060907 0.094376 -0.183497
v 0.040833 0.041998 -0.195918
v 0.036056 0.017549 -0.197414
v 0.065809 0.072980 -0.179842
v 0.065092 0.071785 -0.180322
v 0.064431 0.068312 -0.181076
v 0.038049 0.047688 -0.198048
v 0.049558 0.068042 -0.190572
v 0.033621 0.036028 -0.200856
v 0.045991 0.081095 -0.193331
v 0.048668 0.082464 -0.191552
v 0.048779 0.078602 -0.191413
v 0.055799 0.048614 -0.186112
v 0.047935 0.064686 -0.191722
v 0.040435 0.023793 -0.195594
v 0.038927 0.020612 -0.196166
v 0.054981 0.064806 -0.186811
v 0.069428 0.090976 -0.177616
v 0.069449 0.088886 -0.177754
v 0.067335 0.088936 -0.179081
v 0.058491 0.074677 -0.184732
v 0.037885 0.028827 -0.197747
v 0.032974 0.049651 -0.201514
v 0.068181 0.074331 -0.178074
v 0.067689 0.075901 -0.178092
v 0.051979 0.041639 -0.188526
v 0.063129 0.066490 -0.181703
v 0.050615 0.080183 -0.190214
v 0.046483 0.076864 -0.192866
v 0.044623 0.078107 -0.194052
v 0.068723 0.086630 -0.178126
v 0.061837 0.075920 -0.182141
v 0.061741 0.074742 -0.182252
v 0.048329 0.074771 -0.191616
v 0.045824 0.073738 -0.193205
v 0.046913 0.070487 -0.192523
v 0.039962 0.073891 -0.197236
v 0.041799 0.027956 -0.195147
v 0.044177 0.032932 -0.193637
v 0.067717 0.083817 -0.178678
v 0.052430 0.047666 -0.188291
v 0.021993 0.046043 -0.208693
v 0.032600 0.017024 -0.200927
v 0.053427 0.086854 -0.188397
v 0.054329 0.082638 -0.187797
v 0.039704 0.032473 -0.196616
v 0.044625 0.017101 -0.192285
v 0.064589 0.100048 -0.181077
v 0.048115 0.053325 -0.191351
v 0.043418 0.017167 -0.193209
v 0.062857 0.059187 -0.181444
v 0.055232 0.043547 -0.186339
v 0.036689 0.019329 -0.197570
v 0.039032 0.027092 -0.196877
v 0.039471 0.025864 -0.196459
v 0.044203 0.017555 -0.192044
v 0.045628 0.017714 -0.191170
v 0.047149 0.067175 -0.192303
v 0.067500 0.080369 -0.178617
v 0.067554 0.071868 -0.178616
v 0.066819 0.072974 -0.179205
v 0.053683 0.039685 -0.187389
v 0.050094 0.024776 -0.189471
v 0.054143 0.036533 -0.186968
v 0.052914 0.027178 -0.187710
v 0.023225 0.058974 -0.208148
v -0.028126 0.127463 -0.213077
v -0.027491 0.127797 -0.214203
v -0.028139 0.127889 -0.213546
v -0.024583 0.110145 -0.210426
v -0.022722 0.112673 -0.213516
v -0.024428 0.112862 -0.210892
v -0.020827 0.121792 -0.218304
v -0.022529 0.123033 -0.217131
v -0.022183 0.121969 -0.216536
v -0.028768 0.127675 -0.216004
v -0.028098 0.127987 -0.216536
v -0.028175 0.127903 -0.217134
v -0.025969 0.125395 -0.214701
v -0.025590 0.123883 -0.213670
v -0.024262 0.124209 -0.215993
v -0.023280 0.116554 -0.212774
v -0.025638 0.116485 -0.209248
v -0.024331 0.114418 -0.211049
v -0.022062 0.118840 -0.214869
v -0.024799 0.118755 -0.210948
v -0.021139 0.123532 -0.219438
v -0.025930 0.112895 -0.208490
v -0.024636 0.117364 -0.210923
v -0.023236 0.120343 -0.213699
v -0.022047 0.121107 -0.215990
v -0.023783 0.122221 -0.214478
v -0.021600 0.126652 -0.221137
v -0.021314 0.127616 -0.221990
v -0.022332 0.127698 -0.221049
v -0.021636 0.120061 -0.215924
v -0.020664 0.119561 -0.217140
v -0.028821 0.127915 -0.215276
v -0.029316 0.127550 -0.214796
v -0.020616 0.120461 -0.217660
v -0.026765 0.122847 -0.210985
v -0.024825 0.125691 -0.216515
v -0.027891 0.125102 -0.211880
v -0.025985 0.127126 -0.215648
v -0.025340 0.128917 -0.218284
v -0.025653 0.128249 -0.216951
v -0.024481 0.127937 -0.218541
v -0.027452 0.128310 -0.214842
v -0.027944 0.128114 -0.214603
v -0.028697 0.127856 -0.214477
v -0.028029 0.128113 -0.215286
v -0.022009 0.125614 -0.220157
v -0.023474 0.126672 -0.218862
v -0.023142 0.125038 -0.218227
v -0.024640 0.126902 -0.217524
v -0.025315 0.120904 -0.211274
v -0.026746 0.128330 -0.215535
v -0.027563 0.128334 -0.215237
v -0.027819 0.128136 -0.217018
v -0.027654 0.128364 -0.216763
v -0.027526 0.128502 -0.217460
v -0.021463 0.128825 -0.223198
v -0.020879 0.128173 -0.222890
v -0.021126 0.128216 -0.223638
v -0.020855 0.125569 -0.221330
v -0.020245 0.125899 -0.222171
v -0.023120 0.127609 -0.220084
v -0.026790 0.128754 -0.218955
v -0.027065 0.128290 -0.219268
v -0.027622 0.128402 -0.218245
v -0.025167 0.129149 -0.219247
v -0.024262 0.129097 -0.220218
v -0.025360 0.129096 -0.219983
v -0.020725 0.127469 -0.223529
v -0.026398 0.128816 -0.216402
v -0.020311 0.126996 -0.222886
v -0.027238 0.128642 -0.216187
v -0.026964 0.128868 -0.217373
v -0.028474 0.128028 -0.215238
v -0.025701 0.129060 -0.218702
v -0.026047 0.129029 -0.219026
v -0.026172 0.129123 -0.218158
v -0.021221 0.127462 -0.223716
v -0.028193 0.128105 -0.215933
v -0.028014 0.128044 -0.218752
v -0.028953 0.127287 -0.216631
v -0.028477 0.127819 -0.217787
v -0.026234 0.129048 -0.217184
v -0.029812 0.127080 -0.216191
v -0.029340 0.127192 -0.217345
v -0.026169 0.127982 -0.221664
v -0.026345 0.128138 -0.220451
v -0.025493 0.128487 -0.221634
v -0.022906 0.128524 -0.221057
v -0.028792 0.127699 -0.218300
v -0.028358 0.127623 -0.219063
v -0.027100 0.127636 -0.220579
v -0.027919 0.127453 -0.220637
v -0.027912 0.127577 -0.219830
v -0.028574 0.127337 -0.219535
v -0.029351 0.127102 -0.218472
v -0.029018 0.126783 -0.220001
v -0.028254 0.127956 -0.214007
v -0.030048 0.127029 -0.217221
v -0.030471 0.126699 -0.217468
v -0.030133 0.126082 -0.218721
v -0.031343 0.125247 -0.217840
v -0.030381 0.124674 -0.219835
v -0.031371 0.123916 -0.218712
v -0.027269 0.126633 -0.213652
v -0.029351 0.125543 -0.220809
v -0.026869 0.128870 -0.218236
v -0.029694 0.127163 -0.215344
v -0.027390 0.127735 -0.219568
v -0.023748 0.128549 -0.220099
v -0.024415 0.128704 -0.219260
v -0.020058 0.124201 -0.221291
v -0.025454 0.128822 -0.220830
v -0.026187 0.128706 -0.219746
v -0.021879 0.128598 -0.222351
v -0.019172 0.124577 -0.222326
v -0.089043 0.023650 -0.125446
v -0.089290 0.020959 -0.124619
v -0.091170 0.022079 -0.121651
v -0.087369 0.021689 -0.128473
v -0.088744 0.018747 -0.125122
v -0.087614 0.017006 -0.126768
v -0.089213 0.017275 -0.124026
v -0.090314 0.019266 -0.122385
v -0.090616 0.015811 -0.120428
v -0.090777 0.025878 -0.122821
v -0.085657 0.019131 -0.130887
v -0.089216 0.026682 -0.125354
v -0.084078 0.021462 -0.134423
v -0.084267 0.023765 -0.134180
v -0.086274 0.024819 -0.130515
v -0.082073 0.023238 -0.138243
v -0.081991 0.019053 -0.137400
v -0.085367 0.015703 -0.129498
v -0.083834 0.017219 -0.133085
v -0.079528 0.016745 -0.140008
v -0.072298 0.105583 -0.159795
v -0.073425 0.108150 -0.157826
v -0.071610 0.108755 -0.160527
v -0.072307 0.096740 -0.158069
v -0.073983 0.096469 -0.155580
v -0.073828 0.098552 -0.156566
v -0.065772 0.106179 -0.170819
v -0.064494 0.106903 -0.172827
v -0.064130 0.104490 -0.173263
v -0.079090 0.108265 -0.149711
v -0.079740 0.109682 -0.148482
v -0.078413 0.109095 -0.150765
v -0.065421 0.116344 -0.166767
v -0.065760 0.115098 -0.167208
v -0.066527 0.115444 -0.165811
v -0.076861 0.114784 -0.150806
v -0.077825 0.114335 -0.149723
v -0.078244 0.115288 -0.148474
v -0.063718 0.102040 -0.173602
v -0.065306 0.103868 -0.171164
v -0.080140 0.117593 -0.144255
v -0.081029 0.116857 -0.143717
v -0.081935 0.117776 -0.141741
v -0.081653 0.114975 -0.144158
v -0.079352 0.114923 -0.147100
v -0.079937 0.114070 -0.146858
v -0.070484 0.110093 -0.162388
v -0.070685 0.108461 -0.162317
v -0.074202 0.102984 -0.156778
v -0.075736 0.103307 -0.154550
v -0.074950 0.105056 -0.155923
v -0.079285 0.111185 -0.149065
v -0.080107 0.112045 -0.147605
v -0.078844 0.112527 -0.149103
v -0.081202 0.112272 -0.146084
v -0.082559 0.111792 -0.144159
v -0.081860 0.113398 -0.144517
v -0.074871 0.109145 -0.155786
v -0.073916 0.109804 -0.157024
v -0.084042 0.114114 -0.141347
v -0.083710 0.112703 -0.142351
v -0.085275 0.112889 -0.140412
v -0.069425 0.095008 -0.162236
v -0.068594 0.092826 -0.162559
v -0.069644 0.093298 -0.161038
v -0.077882 0.116762 -0.148012
v -0.076231 0.115930 -0.150736
v -0.077240 0.115641 -0.149729
v -0.073497 0.104427 -0.157953
v -0.073774 0.106185 -0.157532
v -0.073394 0.111200 -0.157333
v -0.073022 0.112585 -0.157247
v -0.071646 0.111550 -0.159646
v -0.085348 0.103481 -0.141364
v -0.087236 0.101280 -0.138864
v -0.087335 0.104385 -0.138661
v -0.071027 0.113367 -0.159436
v -0.070414 0.113073 -0.160753
v -0.066181 0.092069 -0.166376
v -0.067068 0.090532 -0.164226
v -0.067860 0.094381 -0.164614
v -0.062003 0.119103 -0.169556
v -0.062912 0.117685 -0.169775
v -0.063519 0.118946 -0.167554
v -0.062627 0.119936 -0.167919
v -0.061751 0.120120 -0.168723
v -0.064413 0.099868 -0.171988
v -0.067452 0.102544 -0.167979
v -0.065826 0.102724 -0.170245
v -0.070469 0.106275 -0.162798
v -0.067724 0.114748 -0.164318
v -0.066618 0.114010 -0.166683
v -0.063975 0.117640 -0.167958
v -0.069050 0.111321 -0.163943
v -0.068979 0.112980 -0.163153
v -0.067682 0.112481 -0.165858
v -0.066067 0.108734 -0.169996
v -0.068017 0.097542 -0.165394
v -0.066543 0.097706 -0.168141
v -0.066215 0.094976 -0.167635
v -0.070205 0.112152 -0.161925
v -0.079081 0.116371 -0.146738
v -0.065120 0.119609 -0.164360
v -0.064277 0.119721 -0.165714
v -0.065170 0.118772 -0.165155
v -0.077553 0.111411 -0.151437
v -0.078400 0.110225 -0.150449
v -0.086189 0.107407 -0.140439
v -0.087430 0.108687 -0.138371
v -0.085626 0.108990 -0.140793
v -0.080759 0.098036 -0.146880
v -0.079450 0.095464 -0.147828
v -0.081390 0.096301 -0.145629
v -0.068447 0.107879 -0.166120
v -0.069237 0.109540 -0.164323
v -0.067803 0.109741 -0.166604
v -0.075497 0.107309 -0.154975
v -0.076692 0.109618 -0.152971
v -0.062853 0.120805 -0.166325
v -0.063153 0.121268 -0.164790
v -0.062719 0.121575 -0.165180
v -0.083927 0.100697 -0.143088
v -0.083105 0.097264 -0.143659
v -0.085075 0.097521 -0.141250
v -0.077404 0.113045 -0.151079
v -0.078626 0.113644 -0.148979
v -0.067207 0.107729 -0.168199
v -0.066967 0.105114 -0.168556
v -0.066508 0.116600 -0.164649
v -0.069790 0.098042 -0.162756
v -0.069826 0.100803 -0.163547
v -0.069045 0.099310 -0.164405
v -0.063852 0.121188 -0.163993
v -0.063207 0.121707 -0.164019
v -0.073775 0.100916 -0.156923
v -0.074915 0.099888 -0.155254
v -0.070660 0.095832 -0.160441
v -0.071509 0.098786 -0.160040
v -0.066938 0.118798 -0.162201
v -0.066878 0.117805 -0.163242
v -0.067903 0.117888 -0.161331
v -0.069373 0.116987 -0.159739
v -0.068534 0.116530 -0.161495
v -0.062103 0.121541 -0.166358
v -0.065884 0.117839 -0.164816
v -0.065098 0.117768 -0.166297
v -0.064546 0.120536 -0.164351
v -0.063397 0.120037 -0.166531
v -0.068824 0.089956 -0.161002
v -0.070924 0.093322 -0.159027
v -0.069750 0.108109 -0.163972
v -0.075739 0.115012 -0.152057
v -0.072770 0.109865 -0.158566
v -0.080880 0.101136 -0.147186
v -0.082226 0.103086 -0.145658
v -0.081006 0.104265 -0.147326
v -0.063628 0.093545 -0.171349
v -0.063446 0.090439 -0.170568
v -0.064528 0.093397 -0.169714
v -0.070912 0.100656 -0.161610
v -0.062197 0.121921 -0.165453
v -0.061627 0.121925 -0.166011
v -0.070322 0.114329 -0.160123
v -0.061233 0.121809 -0.167063
v -0.060926 0.122195 -0.166126
v -0.062317 0.122077 -0.164599
v -0.061568 0.122243 -0.165309
v -0.060529 0.121047 -0.169043
v -0.060153 0.121251 -0.169009
v -0.059974 0.121061 -0.170024
v -0.064852 0.095395 -0.170021
v -0.077306 0.102753 -0.152134
v -0.077041 0.105307 -0.152869
v -0.078892 0.106484 -0.150157
v -0.080244 0.105997 -0.148445
v -0.080494 0.108034 -0.147793
v -0.066002 0.119695 -0.162800
v -0.065952 0.119025 -0.163446
v -0.064908 0.091614 -0.168417
v -0.075052 0.101793 -0.155499
v -0.062787 0.105180 -0.175034
v -0.071094 0.114587 -0.158746
v -0.071895 0.113373 -0.158243
v -0.064812 0.115021 -0.168897
v -0.065172 0.115747 -0.167846
v -0.064370 0.116458 -0.168442
v -0.069219 0.114593 -0.161821
v -0.067800 0.116057 -0.162997
v -0.074312 0.094025 -0.154112
v -0.075979 0.097533 -0.153185
v -0.079428 0.113361 -0.148058
v -0.086055 0.099275 -0.140110
v -0.068317 0.100279 -0.166021
v -0.072613 0.093238 -0.156328
v -0.066415 0.099640 -0.168809
v -0.063463 0.095121 -0.172299
v -0.076364 0.116824 -0.150077
v -0.080187 0.112974 -0.147082
v -0.080803 0.111161 -0.146821
v -0.075119 0.110788 -0.155161
v -0.062238 0.102548 -0.175844
v -0.070235 0.115437 -0.159522
v -0.060717 0.121403 -0.168195
v -0.070948 0.090241 -0.157562
v -0.088017 0.106836 -0.137828
v -0.064971 0.097764 -0.170632
v -0.069358 0.103201 -0.164758
v -0.082376 0.116251 -0.142277
v -0.083886 0.115475 -0.140960
v -0.085937 0.104913 -0.140554
v -0.084793 0.105960 -0.142206
v -0.060532 0.119794 -0.170946
v -0.061290 0.120904 -0.168343
v -0.060406 0.120666 -0.169904
v -0.060318 0.122199 -0.167123
v -0.086425 0.105883 -0.140016
v -0.082049 0.098850 -0.145365
v -0.083503 0.104092 -0.143996
v -0.072492 0.102127 -0.159445
v -0.077644 0.107764 -0.151929
v -0.080083 0.115863 -0.145535
v -0.069564 0.115477 -0.160468
v -0.063361 0.096743 -0.172897
v -0.061096 0.103459 -0.177635
v -0.084395 0.107768 -0.142542
v -0.062277 0.094742 -0.174175
v -0.061503 0.096531 -0.175530
v -0.089839 0.107072 -0.135030
v -0.089046 0.105459 -0.136267
v -0.090352 0.105217 -0.134472
v -0.089158 0.108485 -0.136058
v -0.074436 0.112182 -0.155607
v -0.064786 0.102059 -0.171779
v -0.070926 0.103359 -0.161971
v -0.079448 0.098691 -0.148570
v -0.061449 0.099413 -0.176550
v -0.081591 0.106608 -0.146471
v -0.076293 0.111037 -0.153284
v -0.081935 0.109876 -0.145740
v -0.077323 0.100455 -0.151883
v -0.077852 0.098467 -0.150639
v -0.072741 0.090439 -0.155081
v -0.076152 0.101110 -0.153724
v -0.086937 0.110450 -0.139002
v -0.088942 0.109849 -0.136368
v -0.074116 0.091072 -0.153257
v -0.073317 0.092164 -0.154736
v -0.079264 0.104003 -0.149784
v -0.082966 0.106131 -0.144579
v -0.083000 0.107781 -0.144412
v -0.078474 0.096468 -0.149480
v -0.059659 0.120693 -0.171152
v -0.069701 0.113250 -0.161916
v -0.074738 0.098299 -0.155114
v -0.075849 0.112227 -0.153516
v -0.082126 0.108429 -0.145619
v -0.083543 0.095043 -0.142336
v -0.083606 0.110537 -0.143212
v -0.084922 0.111512 -0.141320
v -0.083544 0.109204 -0.143388
v -0.086629 0.112046 -0.138834
v -0.075865 0.113784 -0.152746
v -0.078856 0.114290 -0.148156
v -0.068908 0.105634 -0.165498
v -0.083368 0.117320 -0.140315
v -0.072808 0.099436 -0.158209
v -0.064731 0.117215 -0.167350
v -0.085003 0.110153 -0.141543
v -0.089122 0.111780 -0.135680
v -0.086800 0.113416 -0.138171
v -0.082086 0.105083 -0.145770
v -0.083600 0.107070 -0.143562
v -0.078791 0.100890 -0.150025
v -0.085589 0.114790 -0.139177
v -0.060825 0.122626 -0.165488
v -0.059972 0.122949 -0.166282
v -0.089609 0.103067 -0.135550
v -0.081502 0.034862 -0.137319
v -0.082706 0.034187 -0.135660
v -0.083113 0.036396 -0.134854
v -0.069789 0.019473 -0.155222
v -0.070186 0.017677 -0.154193
v -0.072393 0.018688 -0.151619
v -0.082388 0.038359 -0.135795
v -0.080806 0.036899 -0.138028
v -0.079545 0.035755 -0.140077
v -0.080197 0.033009 -0.139617
v -0.080405 0.034890 -0.138857
v -0.078596 0.026710 -0.143450
v -0.079944 0.029538 -0.140893
v -0.078340 0.029232 -0.143370
v -0.072423 0.020669 -0.152248
v -0.075659 0.018978 -0.147151
v -0.076423 0.021351 -0.146867
v -0.075021 0.025004 -0.148718
v -0.075050 0.024034 -0.148782
v -0.076378 0.025544 -0.146673
v -0.077226 0.023690 -0.145908
v -0.079394 0.022824 -0.142540
v -0.079691 0.020485 -0.141642
v -0.077144 0.027856 -0.145411
v -0.075856 0.026954 -0.147019
v -0.079339 0.024629 -0.142732
v -0.080660 0.026869 -0.140256
v -0.073902 0.022715 -0.150521
v -0.081623 0.031673 -0.137739
v -0.078640 0.032268 -0.142018
v -0.075246 0.025918 -0.147994
v -0.073586 0.024985 -0.150796
v -0.084251 0.035713 -0.132931
v -0.073296 0.023832 -0.151252
v -0.080699 0.024532 -0.140562
v -0.078516 0.018333 -0.142644
v -0.085983 0.034596 -0.130306
v -0.086868 0.034690 -0.128806
v -0.086759 0.036233 -0.128778
v -0.084381 0.038767 -0.132891
v -0.083083 0.032792 -0.135164
v -0.084500 0.032969 -0.132977
v -0.085585 0.031817 -0.131278
v -0.085932 0.036183 -0.130347
v -0.087785 0.036720 -0.127378
v -0.079528 0.016745 -0.140008
v -0.081991 0.019053 -0.137400
v -0.086862 0.032809 -0.129110
v -0.088025 0.034484 -0.127018
v -0.086277 0.041605 -0.130108
v -0.086014 0.038365 -0.130126
v -0.088403 0.040021 -0.126734
v -0.076804 0.016906 -0.144447
v -0.073803 0.017000 -0.148843
v -0.081178 0.039474 -0.137386
v -0.077757 0.016066 -0.142286
v -0.087369 0.021689 -0.128473
v -0.089043 0.023650 -0.125446
v -0.087611 0.023626 -0.127904
v -0.087826 0.025128 -0.127396
v -0.086274 0.024819 -0.130515
v -0.089216 0.026682 -0.125354
v -0.087905 0.027411 -0.127455
v -0.070109 0.023061 -0.155556
v -0.071391 0.024625 -0.153733
v -0.067640 0.021507 -0.158462
v -0.081157 0.029216 -0.139099
v -0.082476 0.029409 -0.136858
v -0.082785 0.025399 -0.136781
v -0.082073 0.023238 -0.138243
v -0.083699 0.024907 -0.135194
v -0.083924 0.029340 -0.134431
v -0.084711 0.028460 -0.133220
v -0.081817 0.020445 -0.138160
v -0.082780 0.027178 -0.136433
v -0.083639 0.026805 -0.135059
v -0.082040 0.021338 -0.138026
v -0.084078 0.021462 -0.134423
v -0.084267 0.023765 -0.134180
v -0.081869 0.025861 -0.138291
v -0.084393 0.026305 -0.133769
v -0.084681 0.025254 -0.133109
v -0.088230 0.030134 -0.126889
v -0.087539 0.031753 -0.127887
v -0.086731 0.028803 -0.129587
v -0.085657 0.029358 -0.131398
v -0.086422 0.031015 -0.129931
v -0.085439 0.027019 -0.131960
v 0.094174 0.022696 -0.159199
v 0.091898 0.025216 -0.161122
v 0.095006 0.025997 -0.159204
v 0.088554 0.039200 -0.163804
v 0.088108 0.042171 -0.164109
v 0.090620 0.040741 -0.162318
v 0.082978 0.038706 -0.167573
v 0.081435 0.036102 -0.168598
v 0.080258 0.038636 -0.169330
v 0.085549 0.040536 -0.165840
v 0.082708 0.042610 -0.167839
v 0.085209 0.044923 -0.166244
v 0.080604 0.041341 -0.169212
v 0.098259 0.031741 -0.157599
v 0.097037 0.034988 -0.158371
v 0.099524 0.033793 -0.156765
v 0.091087 0.038483 -0.162169
v 0.084822 0.029200 -0.166043
v 0.083292 0.032677 -0.167189
v 0.087166 0.031786 -0.164630
v 0.104073 0.016375 -0.153436
v 0.105581 0.016473 -0.152261
v 0.105847 0.015567 -0.152099
v 0.095982 0.032157 -0.159030
v 0.097423 0.028372 -0.157944
v 0.096246 0.038993 -0.158965
v 0.095403 0.043829 -0.159457
v 0.099418 0.041288 -0.156845
v 0.097481 0.024463 -0.157444
v 0.100286 0.025646 -0.155737
v 0.099941 0.037075 -0.156483
v 0.098047 0.036248 -0.157649
v 0.076512 0.037950 -0.171738
v 0.075135 0.038005 -0.172722
v 0.076215 0.039466 -0.172033
v 0.107474 0.019842 -0.149607
v 0.106849 0.018127 -0.149808
v 0.105690 0.019280 -0.150586
v 0.093190 0.041366 -0.160840
v 0.092908 0.039355 -0.161063
v 0.093300 0.035676 -0.160795
v 0.089891 0.036905 -0.162969
v 0.091101 0.043652 -0.162280
v 0.105202 0.017913 -0.150918
v 0.100413 0.029801 -0.156055
v 0.090158 0.033442 -0.162705
v 0.082605 0.029410 -0.167635
v 0.079470 0.030170 -0.169776
v 0.087763 0.028712 -0.164122
v 0.086015 0.026169 -0.165084
v 0.089558 0.027090 -0.162816
v 0.089649 0.030200 -0.162918
v 0.077879 0.037161 -0.170864
v 0.104690 0.017369 -0.152408
v 0.108191 0.015957 -0.150592
v 0.086455 0.036247 -0.165223
v 0.083629 0.036039 -0.167034
v 0.092855 0.047087 -0.161218
v 0.079645 0.033895 -0.169706
v 0.075511 0.033703 -0.172519
v 0.096035 0.047356 -0.159101
v 0.106190 0.017209 -0.151358
v 0.107826 0.017060 -0.150570
v 0.106813 0.016375 -0.151437
v 0.108625 0.019074 -0.148684
v 0.093289 0.029847 -0.160707
v 0.099938 0.020355 -0.154984
v 0.102288 0.022835 -0.154035
v 0.102624 0.019987 -0.152964
v 0.087514 0.046449 -0.164765
v 0.089751 0.046263 -0.163190
v 0.088247 0.044456 -0.164073
v 0.095758 0.019456 -0.157262
v 0.097257 0.018969 -0.156174
v 0.095672 0.018295 -0.157087
v 0.109656 0.016816 -0.149779
v 0.078371 0.040402 -0.170678
v 0.088121 0.023643 -0.163426
v 0.100434 0.018571 -0.154018
v 0.098873 0.018523 -0.155007
v 0.096991 0.021264 -0.157012
v 0.108607 0.017549 -0.149119
v 0.109476 0.018194 -0.147940
v 0.082014 0.026443 -0.167808
v 0.106682 0.020956 -0.150470
v 0.099499 0.022838 -0.155773
v 0.099393 0.017454 -0.155061
v 0.104840 0.021723 -0.152143
v 0.104753 0.020057 -0.151609
v 0.103719 0.018486 -0.151788
v 0.083499 0.022936 -0.166275
v 0.101914 0.018209 -0.153003
v 0.096664 0.017501 -0.157254
v 0.097981 0.017527 -0.155902
v 0.104858 0.023981 -0.152568
v 0.102823 0.017372 -0.153477
v 0.094916 0.050475 -0.159908
v 0.100948 0.017403 -0.154413
v 0.103407 0.027011 -0.153904
v -0.078474 0.096468 -0.149480
v -0.077831 0.094477 -0.149610
v -0.079450 0.095464 -0.147828
v -0.075082 0.084548 -0.149142
v -0.076000 0.086949 -0.149095
v -0.073848 0.087932 -0.152383
v -0.090510 0.079018 -0.128813
v -0.090631 0.075872 -0.128184
v -0.093035 0.077645 -0.125852
v -0.076081 0.081845 -0.147067
v -0.078656 0.082693 -0.144081
v -0.077580 0.083955 -0.145929
v -0.095850 0.100658 -0.126558
v -0.095773 0.105593 -0.126525
v -0.093807 0.102711 -0.129686
v -0.079476 0.080950 -0.142627
v -0.077326 0.080114 -0.144989
v -0.078438 0.078955 -0.143164
v -0.079386 0.089291 -0.145686
v -0.077278 0.088464 -0.147970
v -0.077984 0.086402 -0.146365
v -0.073304 0.081519 -0.150565
v -0.074453 0.078873 -0.148183
v -0.084745 0.085002 -0.137416
v -0.081591 0.083762 -0.140986
v -0.084589 0.081019 -0.136500
v -0.091275 0.087567 -0.130144
v -0.094452 0.085213 -0.125573
v -0.094439 0.089679 -0.126524
v -0.097513 0.077828 -0.120605
v -0.078024 0.091689 -0.148378
v -0.075900 0.092810 -0.151495
v -0.074116 0.091072 -0.153257
v -0.074853 0.090143 -0.151810
v -0.099165 0.092237 -0.120599
v -0.098610 0.096202 -0.122002
v -0.083354 0.077453 -0.136896
v -0.087273 0.077303 -0.132556
v -0.095104 0.080269 -0.123837
v -0.092853 0.080884 -0.126501
v -0.075979 0.097533 -0.153185
v -0.077235 0.096161 -0.150842
v -0.072139 0.070784 -0.149570
v -0.072485 0.074469 -0.149762
v -0.070394 0.074244 -0.152586
v -0.086055 0.099275 -0.140110
v -0.085075 0.097521 -0.141250
v -0.087674 0.097445 -0.137552
v -0.088023 0.081003 -0.132296
v -0.075937 0.089401 -0.150150
v -0.075298 0.074381 -0.146129
v -0.076784 0.075443 -0.144344
v -0.076399 0.077101 -0.145262
v -0.085696 0.094732 -0.139497
v -0.079447 0.084724 -0.143961
v -0.078586 0.076370 -0.142372
v -0.080963 0.076100 -0.139492
v -0.080923 0.079391 -0.140257
v -0.077423 0.073607 -0.143157
v -0.094235 0.096724 -0.128296
v -0.093925 0.092727 -0.128086
v -0.096498 0.096243 -0.125116
v -0.088304 0.089353 -0.134486
v -0.085872 0.087789 -0.137019
v -0.087595 0.085874 -0.134414
v -0.072886 0.076885 -0.149832
v -0.071561 0.076440 -0.151420
v -0.080532 0.087175 -0.143352
v -0.081654 0.090562 -0.143338
v -0.091540 0.084411 -0.129092
v -0.091182 0.082093 -0.128779
v -0.087236 0.101280 -0.138864
v -0.089370 0.100167 -0.135566
v -0.089609 0.103067 -0.135550
v -0.092383 0.094776 -0.130498
v -0.097601 0.087886 -0.122134
v -0.096566 0.090330 -0.123833
v -0.087606 0.094130 -0.136947
v -0.090116 0.095053 -0.133709
v -0.089308 0.083817 -0.131375
v -0.095874 0.092499 -0.125265
v -0.097350 0.093670 -0.123249
v -0.090698 0.091683 -0.131937
v -0.086745 0.083013 -0.134382
v -0.092192 0.097459 -0.131295
v -0.091662 0.100698 -0.132524
v -0.090335 0.098226 -0.133933
v -0.073812 0.074286 -0.147968
v -0.074150 0.076037 -0.147924
v -0.079249 0.074223 -0.141108
v -0.082824 0.074078 -0.136890
v -0.093791 0.099950 -0.129417
v -0.093208 0.105270 -0.130416
v -0.097674 0.083389 -0.121076
v -0.093248 0.107148 -0.130325
v -0.083710 0.092125 -0.141370
v -0.082373 0.093181 -0.143369
v -0.086067 0.091259 -0.138019
v -0.080590 0.092981 -0.145608
v -0.081390 0.096301 -0.145629
v -0.088555 0.092158 -0.135101
v -0.094848 0.076888 -0.123546
v -0.083513 0.088303 -0.140217
v -0.083543 0.095043 -0.142336
v -0.082181 0.094970 -0.144277
v -0.097846 0.102735 -0.123718
v -0.099101 0.105513 -0.121619
v -0.072077 0.078675 -0.151360
v -0.083105 0.097264 -0.143659
v -0.091736 0.104013 -0.132523
v -0.091763 0.106534 -0.132582
v -0.084606 0.075412 -0.135061
v -0.071546 0.084321 -0.154076
v -0.074312 0.094025 -0.154112
v -0.090352 0.105217 -0.134472
v -0.073913 0.072768 -0.147640
v -0.077852 0.098467 -0.150639
v -0.094349 0.108465 -0.128769
v -0.069694 0.071233 -0.153117
v -0.091651 0.120193 -0.127947
v -0.091564 0.120839 -0.126968
v -0.090001 0.121330 -0.128142
v -0.093040 0.121280 -0.124803
v -0.093294 0.121535 -0.124104
v -0.092578 0.121442 -0.124521
v -0.086637 0.122409 -0.130387
v -0.086264 0.122061 -0.131374
v -0.087269 0.121932 -0.130272
v -0.094401 0.119743 -0.125209
v -0.095647 0.119456 -0.123876
v -0.096095 0.120235 -0.122876
v -0.092950 0.114791 -0.129527
v -0.093336 0.112969 -0.129405
v -0.094540 0.114187 -0.127356
v -0.094694 0.120948 -0.123827
v -0.093927 0.121441 -0.124057
v -0.093594 0.120869 -0.124991
v -0.088706 0.121769 -0.128922
v -0.088610 0.121315 -0.130004
v -0.094492 0.121560 -0.123194
v -0.087505 0.122672 -0.128434
v -0.086974 0.123174 -0.128113
v -0.086977 0.122704 -0.128830
v -0.091742 0.121715 -0.124811
v -0.091341 0.121463 -0.125636
v -0.091997 0.121336 -0.125375
v -0.088068 0.122333 -0.128506
v -0.087949 0.122080 -0.129401
v -0.087928 0.122670 -0.127689
v -0.088595 0.122934 -0.126508
v -0.087626 0.123207 -0.127176
v -0.088093 0.120891 -0.131538
v -0.089471 0.119742 -0.131208
v -0.089644 0.120667 -0.129762
v -0.089696 0.122452 -0.126387
v -0.090712 0.122577 -0.124994
v -0.089547 0.123072 -0.125423
v -0.087127 0.123611 -0.127335
v -0.095254 0.121506 -0.122461
v -0.092704 0.120524 -0.126283
v -0.092606 0.116408 -0.129489
v -0.092720 0.117458 -0.128681
v -0.091301 0.118217 -0.130083
v -0.091981 0.122451 -0.123964
v -0.095051 0.117954 -0.125441
v -0.095825 0.118701 -0.124042
v -0.091195 0.121294 -0.126452
v -0.092366 0.121057 -0.125818
v -0.086924 0.124408 -0.126031
v -0.086026 0.124810 -0.126555
v -0.086098 0.124050 -0.127696
v -0.090694 0.121884 -0.125870
v -0.093770 0.121790 -0.123488
v -0.086194 0.122831 -0.129718
v -0.087355 0.122431 -0.129297
v -0.093760 0.116716 -0.127641
v -0.085581 0.125079 -0.126904
v -0.085033 0.125149 -0.127198
v -0.085499 0.124778 -0.127262
v -0.087563 0.123809 -0.126459
v -0.089026 0.122229 -0.127527
v -0.090073 0.121763 -0.126913
v -0.092806 0.121843 -0.123961
v -0.089118 0.122630 -0.126916
v -0.096163 0.119306 -0.123403
v -0.094800 0.115293 -0.126737
v -0.093148 0.118305 -0.127824
v -0.093399 0.122353 -0.123031
v -0.084993 0.124741 -0.127999
v -0.085781 0.122454 -0.131148
v -0.095404 0.116217 -0.125634
v -0.090084 0.123500 -0.124114
v -0.088765 0.123833 -0.125233
v -0.084635 0.124455 -0.129134
v -0.092296 0.123140 -0.123026
v -0.091271 0.123045 -0.123908
v -0.088407 0.124810 -0.124784
v -0.089266 0.124786 -0.123897
v -0.087948 0.121720 -0.129969
v -0.086982 0.121609 -0.131608
v -0.086139 0.123374 -0.128739
v -0.091136 0.123506 -0.123302
v -0.087862 0.124374 -0.125530
v -0.085250 0.122880 -0.131012
v -0.090952 0.039864 -0.123169
v -0.091654 0.036265 -0.121870
v -0.088403 0.040021 -0.126734
v -0.087149 0.037726 -0.128476
v -0.087785 0.036720 -0.127378
v -0.086014 0.038365 -0.130126
v -0.085932 0.036183 -0.130347
v -0.087539 0.031753 -0.127887
v -0.089456 0.033233 -0.124856
v -0.088025 0.034484 -0.127018
v -0.088230 0.030134 -0.126889
v -0.089215 0.036789 -0.125119
v -0.090992 0.031982 -0.122694
v -0.091248 0.033960 -0.122424
v -0.086759 0.036233 -0.128778
v -0.084251 0.035713 -0.132931
v -0.089640 0.029674 -0.124649
v -0.091845 0.029257 -0.121482
v -0.090777 0.025878 -0.122821
v -0.090205 0.027949 -0.123652
v -0.087905 0.027411 -0.127455
v -0.089216 0.026682 -0.125354
v -0.017389 0.073404 -0.218113
v -0.016541 0.073955 -0.218819
v -0.017123 0.074895 -0.218575
v -0.009858 0.117712 -0.217439
v -0.011704 0.115150 -0.218947
v -0.008562 0.115195 -0.216369
v -0.011926 0.118690 -0.219092
v -0.013796 0.117387 -0.220328
v -0.018262 0.120378 -0.220556
v -0.017153 0.119840 -0.221327
v -0.017658 0.120904 -0.221398
v -0.016736 0.107716 -0.220261
v -0.015979 0.108361 -0.220581
v -0.017152 0.108592 -0.220142
v -0.017179 0.077496 -0.218804
v -0.018279 0.076018 -0.217596
v -0.017020 0.076146 -0.218838
v -0.016529 0.109686 -0.220620
v -0.017440 0.110183 -0.220096
v -0.018472 0.072216 -0.216863
v -0.018745 0.070319 -0.216420
v -0.017895 0.069812 -0.217376
v -0.015086 0.118556 -0.221252
v -0.015284 0.116854 -0.221041
v -0.015333 0.101184 -0.220131
v -0.015879 0.102151 -0.220251
v -0.016501 0.100911 -0.220084
v 0.004537 0.082672 -0.205693
v 0.000610 0.084993 -0.208558
v 0.000378 0.077744 -0.208819
v -0.018336 0.108491 -0.219098
v -0.015324 0.066407 -0.219090
v -0.014145 0.067544 -0.218958
v -0.015574 0.068913 -0.218829
v -0.010563 0.105122 -0.217940
v -0.008991 0.102805 -0.216643
v -0.007814 0.107070 -0.215963
v -0.012079 0.068293 -0.218383
v -0.011537 0.070514 -0.218060
v -0.012774 0.070808 -0.218526
v -0.009368 0.080767 -0.216947
v -0.009422 0.075474 -0.217244
v -0.006000 0.078831 -0.214391
v -0.015728 0.099650 -0.220076
v -0.014313 0.100295 -0.219764
v -0.015449 0.115143 -0.220966
v -0.013973 0.114910 -0.220322
v -0.018167 0.088336 -0.218054
v -0.017894 0.085903 -0.218116
v -0.017227 0.087101 -0.218959
v -0.005925 0.102266 -0.214084
v -0.001744 0.103008 -0.210597
v -0.003445 0.108189 -0.212119
v -0.016371 0.072517 -0.218712
v -0.016077 0.070801 -0.218725
v -0.015173 0.072244 -0.218952
v -0.011610 0.073425 -0.218284
v -0.012887 0.074762 -0.218931
v -0.013062 0.073069 -0.218795
v -0.016063 0.124772 -0.222802
v -0.015976 0.125553 -0.223147
v -0.016758 0.125184 -0.223275
v -0.010205 0.093279 -0.217038
v -0.009560 0.098513 -0.216914
v -0.012003 0.095611 -0.218514
v -0.014501 0.124893 -0.222132
v -0.014621 0.125696 -0.222531
v -0.017544 0.095663 -0.219482
v -0.015973 0.095686 -0.220040
v -0.016708 0.097125 -0.219924
v -0.014042 0.069788 -0.218802
v -0.015022 0.070678 -0.218861
v -0.018925 0.083888 -0.216774
v -0.018364 0.081694 -0.217493
v -0.017473 0.083700 -0.218493
v -0.020251 0.079637 -0.215018
v -0.019847 0.074761 -0.215477
v -0.018508 0.123276 -0.222085
v -0.018103 0.124285 -0.222793
v -0.019172 0.124577 -0.222326
v -0.021139 0.123532 -0.219438
v -0.020827 0.121792 -0.218304
v -0.019126 0.122006 -0.220685
v -0.017021 0.123262 -0.222565
v -0.015268 0.123661 -0.222131
v -0.016384 0.123956 -0.222690
v -0.021749 0.074480 -0.212582
v -0.019715 0.071035 -0.215252
v -0.020762 0.112706 -0.216630
v -0.021091 0.109581 -0.215874
v -0.019614 0.111019 -0.218053
v -0.017938 0.114699 -0.220170
v -0.017219 0.112720 -0.220508
v -0.016846 0.113841 -0.220895
v -0.022722 0.112673 -0.213516
v -0.020990 0.115166 -0.216261
v -0.016302 0.107058 -0.220299
v -0.019049 0.086388 -0.216720
v -0.020807 0.085520 -0.214045
v -0.015568 0.073827 -0.219061
v -0.014188 0.073950 -0.219094
v -0.015055 0.075622 -0.219289
v -0.023280 0.116554 -0.212774
v -0.014804 0.095145 -0.219862
v -0.013537 0.097495 -0.219444
v -0.014880 0.096811 -0.219900
v -0.016198 0.097927 -0.220139
v -0.016743 0.098673 -0.219941
v -0.012781 0.113489 -0.219764
v -0.013510 0.112445 -0.220182
v -0.011882 0.111252 -0.219208
v -0.012127 0.077039 -0.218742
v -0.013633 0.077946 -0.219311
v -0.013709 0.076157 -0.219225
v -0.002337 0.084141 -0.210852
v -0.003251 0.088401 -0.211363
v -0.004983 0.084419 -0.212994
v -0.006691 0.072559 -0.215088
v -0.003578 0.074631 -0.212404
v -0.017067 0.102203 -0.219900
v -0.015976 0.103475 -0.220227
v -0.017100 0.104035 -0.219806
v -0.017283 0.107324 -0.219837
v -0.016811 0.110858 -0.220536
v -0.016712 0.111767 -0.220693
v -0.017295 0.111446 -0.220270
v -0.017833 0.079515 -0.218139
v -0.016257 0.079026 -0.219341
v -0.018235 0.111838 -0.219569
v -0.015156 0.126166 -0.223417
v -0.015963 0.114021 -0.221113
v -0.016653 0.115075 -0.221026
v -0.003800 0.093699 -0.211762
v -0.007693 0.089398 -0.215008
v -0.016655 0.093988 -0.219905
v -0.016587 0.092128 -0.219771
v -0.015279 0.093108 -0.219923
v -0.014760 0.077348 -0.219472
v -0.001437 0.072596 -0.210480
v 0.001680 0.072650 -0.207683
v -0.011893 0.081965 -0.218458
v -0.010183 0.085027 -0.217167
v -0.014266 0.084778 -0.219273
v -0.013947 0.081915 -0.219250
v -0.013097 0.084025 -0.218894
v -0.016776 0.118637 -0.221308
v -0.015958 0.118192 -0.221465
v -0.016197 0.119324 -0.221609
v -0.015655 0.094447 -0.220098
v -0.016019 0.077037 -0.219375
v -0.016476 0.120672 -0.221850
v -0.015738 0.105857 -0.220305
v -0.016845 0.106232 -0.220040
v -0.016053 0.112625 -0.220930
v -0.014736 0.111089 -0.220688
v -0.014918 0.113499 -0.220776
v -0.022062 0.118840 -0.214869
v -0.021021 0.117269 -0.216234
v -0.020058 0.124201 -0.221291
v -0.017723 0.119010 -0.220633
v -0.017092 0.091185 -0.219400
v -0.017708 0.092213 -0.218962
v -0.017753 0.090514 -0.218731
v -0.009431 0.111390 -0.217294
v -0.010404 0.108653 -0.218065
v -0.016852 0.069762 -0.218294
v -0.017078 0.068143 -0.218175
v -0.016244 0.075236 -0.219102
v -0.022291 0.093315 -0.212928
v -0.024198 0.093227 -0.209902
v -0.021829 0.089850 -0.212947
v -0.016425 0.117353 -0.221314
v -0.012409 0.120352 -0.219603
v -0.013842 0.119721 -0.220607
v -0.011050 0.120799 -0.218553
v -0.015460 0.091339 -0.219868
v -0.016370 0.090298 -0.219796
v -0.017522 0.121903 -0.221976
v -0.011909 0.107853 -0.219017
v -0.012340 0.122022 -0.219779
v -0.024667 0.076717 -0.207925
v -0.023074 0.079324 -0.210634
v -0.007873 0.084000 -0.215461
v -0.015377 0.119860 -0.221524
v -0.015974 0.122130 -0.222080
v -0.014583 0.102660 -0.219901
v -0.014928 0.104519 -0.220083
v -0.019465 0.113709 -0.218472
v -0.019151 0.092673 -0.217517
v -0.019061 0.090413 -0.217212
v -0.012184 0.124661 -0.220489
v -0.013227 0.123642 -0.220846
v -0.011613 0.123840 -0.219738
v -0.011680 0.098971 -0.218425
v -0.012634 0.101995 -0.219006
v -0.013612 0.089326 -0.219031
v -0.014764 0.087477 -0.219435
v -0.013257 0.086747 -0.218867
v -0.014668 0.079306 -0.219506
v -0.013015 0.079492 -0.219094
v -0.015498 0.109805 -0.220782
v 0.002828 0.096445 -0.206929
v -0.000049 0.091941 -0.208868
v 0.005263 0.089811 -0.205292
v -0.001319 0.081098 -0.210158
v -0.018591 0.068124 -0.216614
v -0.012714 0.092035 -0.218669
v -0.011510 0.088817 -0.217869
v -0.013979 0.071708 -0.218871
v -0.010941 0.078857 -0.218114
v -0.016020 0.111022 -0.220824
v -0.017500 0.066403 -0.217865
v -0.014596 0.108907 -0.220455
v -0.013511 0.107528 -0.219814
v -0.013279 0.109890 -0.220016
v -0.019154 0.119513 -0.219187
v -0.018295 0.117551 -0.219853
v -0.017865 0.097756 -0.219293
v 0.004192 0.077137 -0.205811
v -0.014861 0.098381 -0.219997
v -0.015640 0.097345 -0.220065
v -0.014998 0.107188 -0.220252
v -0.014169 0.105827 -0.219864
v -0.017076 0.124188 -0.222894
v -0.019880 0.088670 -0.215789
v -0.015762 0.098438 -0.220158
v -0.013758 0.094074 -0.219406
v -0.014802 0.121108 -0.221334
v -0.002529 0.078554 -0.211273
v -0.019231 0.105530 -0.217947
v -0.020778 0.106079 -0.216194
v -0.020141 0.101692 -0.216989
v -0.007033 0.096060 -0.214665
v -0.013614 0.124503 -0.221441
v -0.000071 0.099720 -0.209059
v -0.001087 0.096459 -0.209664
v -0.009350 0.120205 -0.217074
v -0.017615 0.099990 -0.219432
v -0.018409 0.102662 -0.218801
v -0.003488 0.098710 -0.211723
v 0.009473 0.085912 -0.202254
v -0.020640 0.067852 -0.213782
v -0.018267 0.064292 -0.217224
v -0.016477 0.066431 -0.218677
v -0.012878 0.125430 -0.221491
v -0.011007 0.068527 -0.217914
v -0.010413 0.071029 -0.217569
v -0.014282 0.091617 -0.219442
v -0.019534 0.116388 -0.218334
v -0.013664 0.104130 -0.219549
v -0.012683 0.105461 -0.219168
v -0.020147 0.097721 -0.216936
v -0.018964 0.099250 -0.218280
v -0.015538 0.081016 -0.219443
v -0.015294 0.083251 -0.219405
v -0.013133 0.068505 -0.218714
v -0.014934 0.089891 -0.219629
v -0.010606 0.101579 -0.217763
v -0.003514 0.081410 -0.211957
v -0.017236 0.071334 -0.218031
v -0.021982 0.105443 -0.214492
v -0.022956 0.107997 -0.212977
v -0.023204 0.102778 -0.212526
v -0.006589 0.111894 -0.214815
v -0.017440 0.124821 -0.223185
v -0.016834 0.088535 -0.219493
v -0.022711 0.083184 -0.211166
v -0.024182 0.087951 -0.209267
v -0.020515 0.091627 -0.215381
v -0.020664 0.119561 -0.217140
v -0.020005 0.118319 -0.217778
v -0.016149 0.067655 -0.218816
v -0.015458 0.078192 -0.219530
v -0.014438 0.122483 -0.221323
v -0.018818 0.096566 -0.218393
v -0.019828 0.108273 -0.217501
v -0.021291 0.063427 -0.212386
v -0.019238 0.061726 -0.215837
v -0.017243 0.081796 -0.218675
v -0.016442 0.125258 -0.223586
v -0.017686 0.094262 -0.219267
v -0.018380 0.094982 -0.218723
v -0.017766 0.105605 -0.219329
v -0.020983 0.095164 -0.215336
v -0.019349 0.095072 -0.217623
v -0.011961 0.079349 -0.218627
v -0.021713 0.099534 -0.214794
v -0.023479 0.097447 -0.211672
v -0.016719 0.080682 -0.219095
v -0.025202 0.105776 -0.209008
v -0.025140 0.101304 -0.209067
v -0.018288 0.093726 -0.218619
v -0.016792 0.105372 -0.220007
v -0.016140 0.104704 -0.220302
v -0.017389 0.093154 -0.219388
v -0.016345 0.082253 -0.219288
v -0.016400 0.084132 -0.219400
v -0.016917 0.082987 -0.219016
v -0.015458 0.085450 -0.219581
v -0.015679 0.088757 -0.219830
v -0.015754 0.087668 -0.219742
v -0.016261 0.085539 -0.219615
v -0.016929 0.085572 -0.219138
v -0.023616 0.063642 -0.208129
v -0.023267 0.067988 -0.209498
v -0.021633 0.103080 -0.215000
v -0.012098 0.085262 -0.218352
v -0.015491 0.086919 -0.219610
v -0.016730 0.099804 -0.219940
v -0.016282 0.086737 -0.219625
v 0.007965 0.079993 -0.203105
v -0.020616 0.120461 -0.217660
v -0.021667 0.107414 -0.214921
v -0.017145 0.116433 -0.220918
v -0.008936 0.070673 -0.216684
v -0.023126 0.071652 -0.210123
v -0.019488 0.120792 -0.219379
v -0.024583 0.110145 -0.210426
v -0.016198 0.116155 -0.221240
v -0.017225 0.117812 -0.220894
v 0.081429 0.067724 -0.169738
v 0.079608 0.069134 -0.171137
v 0.081243 0.069198 -0.170159
v 0.068776 0.067142 -0.178043
v 0.065607 0.065948 -0.180127
v 0.067069 0.068102 -0.179262
v 0.068474 0.070058 -0.178395
v 0.067973 0.070857 -0.178069
v 0.068907 0.070413 -0.177467
v 0.080884 0.072174 -0.169545
v 0.081123 0.071157 -0.169323
v 0.079818 0.071818 -0.170197
v 0.071862 0.070132 -0.176098
v 0.071301 0.069111 -0.176536
v 0.070808 0.070032 -0.176527
v 0.072590 0.070107 -0.175426
v 0.072418 0.071048 -0.175261
v 0.073018 0.070653 -0.174696
v 0.081513 0.054369 -0.168998
v 0.082348 0.056539 -0.168417
v 0.083826 0.054302 -0.167370
v 0.075811 0.074134 -0.173161
v 0.076252 0.073564 -0.172710
v 0.075774 0.072228 -0.172852
v 0.074785 0.072000 -0.173955
v 0.074232 0.073540 -0.174150
v 0.075161 0.073360 -0.173760
v 0.084978 0.051638 -0.166617
v 0.082888 0.049113 -0.168053
v 0.083337 0.051883 -0.167801
v 0.072022 0.094047 -0.176178
v 0.073713 0.093340 -0.174896
v 0.071649 0.092046 -0.176366
v 0.070360 0.041078 -0.176067
v 0.068016 0.042460 -0.177574
v 0.070117 0.044250 -0.176237
v 0.073383 0.090149 -0.175074
v 0.078371 0.040402 -0.170678
v 0.076215 0.039466 -0.172033
v 0.076102 0.042683 -0.172067
v 0.066042 0.039705 -0.178839
v 0.064937 0.043461 -0.179688
v 0.079511 0.076875 -0.170414
v 0.080756 0.077201 -0.169553
v 0.080157 0.075810 -0.170357
v 0.087037 0.070876 -0.165353
v 0.086648 0.069649 -0.166071
v 0.086123 0.070750 -0.166058
v 0.089724 0.058455 -0.163393
v 0.092785 0.059578 -0.161470
v 0.092672 0.056732 -0.161430
v 0.079367 0.077982 -0.170375
v 0.081396 0.078946 -0.169090
v 0.069149 0.082467 -0.177594
v 0.067717 0.083817 -0.178678
v 0.071245 0.084461 -0.176259
v 0.074960 0.074862 -0.173495
v 0.075148 0.076862 -0.173293
v 0.073568 0.074940 -0.174048
v 0.072955 0.076794 -0.174684
v 0.082730 0.068914 -0.168795
v 0.083925 0.069384 -0.167833
v 0.083521 0.067716 -0.168111
v 0.074596 0.068204 -0.174171
v 0.076203 0.068746 -0.173228
v 0.076018 0.066599 -0.173055
v 0.074676 0.055247 -0.173590
v 0.075395 0.052234 -0.173072
v 0.073176 0.051469 -0.174537
v 0.071960 0.047175 -0.175145
v 0.073343 0.041704 -0.174012
v 0.075220 0.048815 -0.173073
v 0.074456 0.045053 -0.173455
v 0.071184 0.071113 -0.175890
v 0.073136 0.068319 -0.175149
v 0.073946 0.069235 -0.174616
v 0.085818 0.058819 -0.166165
v 0.088811 0.061092 -0.164100
v 0.070875 0.090086 -0.176736
v 0.069428 0.090976 -0.177616
v 0.087534 0.064101 -0.165175
v 0.089649 0.067400 -0.164086
v 0.091196 0.065604 -0.162934
v 0.071417 0.067193 -0.176229
v 0.073629 0.066534 -0.174622
v 0.078504 0.076938 -0.171137
v 0.077526 0.075876 -0.171623
v 0.077471 0.077554 -0.171808
v 0.069111 0.097965 -0.177910
v 0.070902 0.099791 -0.176839
v 0.071123 0.097144 -0.176702
v 0.072635 0.064645 -0.175198
v 0.073071 0.062133 -0.174633
v 0.069862 0.062693 -0.177023
v 0.077006 0.071816 -0.172418
v 0.076326 0.071699 -0.172735
v 0.078396 0.065840 -0.171430
v 0.076845 0.063992 -0.172262
v 0.076621 0.045767 -0.172005
v 0.075987 0.075663 -0.172467
v 0.078702 0.108056 -0.171712
v 0.078067 0.105140 -0.172188
v 0.075682 0.107376 -0.173694
v 0.084191 0.074882 -0.167052
v 0.084070 0.076191 -0.167157
v 0.085259 0.075849 -0.166440
v 0.076476 0.074659 -0.172223
v 0.086969 0.054435 -0.165317
v 0.087903 0.056768 -0.164615
v 0.089658 0.055563 -0.163252
v 0.074822 0.097990 -0.174344
v 0.073625 0.101100 -0.175005
v 0.076966 0.099047 -0.172763
v 0.069813 0.070615 -0.176620
v 0.079210 0.048711 -0.170413
v 0.078714 0.044020 -0.170523
v 0.092339 0.053456 -0.161630
v 0.094916 0.050475 -0.159908
v 0.090861 0.050216 -0.162578
v 0.081535 0.059252 -0.168985
v 0.075932 0.060334 -0.172648
v 0.074676 0.064142 -0.173765
v 0.072098 0.072101 -0.175232
v 0.072014 0.078970 -0.175433
v 0.075041 0.079294 -0.173374
v 0.069889 0.069182 -0.177456
v 0.077516 0.074666 -0.171909
v 0.076050 0.081534 -0.172992
v 0.078462 0.080410 -0.171161
v 0.072608 0.073741 -0.175175
v 0.073394 0.072134 -0.174659
v 0.076587 0.078496 -0.172449
v 0.075331 0.071337 -0.173377
v 0.071151 0.072690 -0.175816
v 0.075955 0.070484 -0.172938
v 0.076991 0.073733 -0.172285
v 0.078112 0.073707 -0.171817
v 0.077412 0.072859 -0.172233
v 0.067376 0.070339 -0.178543
v 0.073171 0.069668 -0.175065
v 0.072477 0.075146 -0.174950
v 0.082870 0.081329 -0.168341
v 0.080386 0.072804 -0.170035
v 0.078993 0.076201 -0.171058
v 0.073250 0.095889 -0.175283
v 0.071146 0.095091 -0.176588
v 0.074956 0.069641 -0.173881
v 0.067927 0.073086 -0.178463
v 0.068930 0.071831 -0.177623
v 0.067554 0.071868 -0.178616
v 0.073356 0.073624 -0.174371
v 0.080255 0.065829 -0.170226
v 0.079645 0.067334 -0.170940
v 0.068181 0.074331 -0.178074
v 0.069216 0.074233 -0.177831
v 0.068874 0.073304 -0.177910
v 0.095543 0.054467 -0.159628
v 0.078395 0.072153 -0.171482
v 0.087736 0.051048 -0.164678
v 0.088733 0.048389 -0.163957
v 0.086015 0.048445 -0.165777
v 0.066039 0.061467 -0.179458
v 0.063760 0.062446 -0.180998
v 0.066385 0.070604 -0.179260
v 0.067544 0.069984 -0.179073
v 0.079126 0.102303 -0.171393
v 0.075637 0.103651 -0.173650
v 0.085421 0.074464 -0.166893
v 0.078698 0.074951 -0.171087
v 0.079899 0.074580 -0.170348
v 0.070023 0.073372 -0.177006
v 0.082908 0.071255 -0.168351
v 0.083244 0.072157 -0.168191
v 0.083973 0.071040 -0.167738
v 0.070193 0.071841 -0.176561
v 0.073135 0.103773 -0.175402
v 0.072716 0.106537 -0.175677
v 0.079832 0.052666 -0.170145
v 0.077505 0.051902 -0.171710
v 0.068237 0.069044 -0.178726
v 0.067818 0.048264 -0.177956
v 0.077138 0.056808 -0.171924
v 0.078695 0.058972 -0.170858
v 0.072209 0.058335 -0.175124
v 0.070804 0.051082 -0.176021
v 0.073994 0.070535 -0.174283
v 0.081401 0.075936 -0.168937
v 0.081576 0.074812 -0.168545
v 0.080720 0.074790 -0.169416
v 0.073542 0.087041 -0.174841
v 0.071168 0.087985 -0.176525
v 0.083827 0.079394 -0.167509
v 0.085784 0.077808 -0.166162
v 0.082846 0.077275 -0.168086
v 0.078909 0.070737 -0.170844
v 0.080368 0.070230 -0.170056
v 0.082691 0.075489 -0.168074
v 0.072026 0.074625 -0.175467
v 0.081226 0.072951 -0.169615
v 0.066805 0.069518 -0.179540
v 0.067016 0.071043 -0.178625
v 0.070929 0.074716 -0.175868
v 0.071122 0.074129 -0.175851
v 0.070478 0.074806 -0.176160
v 0.089362 0.052845 -0.163608
v 0.081557 0.083992 -0.169356
v 0.076584 0.084615 -0.172777
v 0.080530 0.087537 -0.170175
v 0.081741 0.051938 -0.168826
v 0.081988 0.045768 -0.168378
v 0.080178 0.046295 -0.169643
v 0.080926 0.047601 -0.169245
v 0.081990 0.072164 -0.168814
v 0.082153 0.070885 -0.168755
v 0.081888 0.069897 -0.169411
v 0.083010 0.070218 -0.168527
v 0.079660 0.062886 -0.170367
v 0.080463 0.073718 -0.169759
v 0.081582 0.073721 -0.168929
v 0.072112 0.054194 -0.175250
v 0.069577 0.054212 -0.176849
v 0.076665 0.072841 -0.172648
v 0.071494 0.075286 -0.175512
v 0.087514 0.046449 -0.164765
v 0.077908 0.071094 -0.171716
v 0.078251 0.070217 -0.171687
v 0.069542 0.058188 -0.176900
v 0.066819 0.072974 -0.179205
v 0.084248 0.073087 -0.167428
v 0.070542 0.076283 -0.176189
v 0.069840 0.074831 -0.177053
v 0.068697 0.095291 -0.178174
v 0.077691 0.087427 -0.171970
v 0.075687 0.092061 -0.173481
v 0.075910 0.095333 -0.173439
v 0.073565 0.081579 -0.174605
v 0.074964 0.070717 -0.173660
v 0.078060 0.090180 -0.171891
v 0.087494 0.067859 -0.165486
v 0.088161 0.069995 -0.164985
v 0.069016 0.075578 -0.177312
v 0.079342 0.073439 -0.170643
v 0.083320 0.074389 -0.167774
v 0.082949 0.073345 -0.168455
v 0.067028 0.074438 -0.179024
v 0.081929 0.068908 -0.169501
v 0.082396 0.074341 -0.168336
v 0.067689 0.075901 -0.178092
v 0.069142 0.077944 -0.177213
v 0.076680 0.054293 -0.172214
v 0.080604 0.041341 -0.169212
v 0.076296 0.071324 -0.172476
v 0.077693 0.069610 -0.172474
v 0.075647 0.090208 -0.173376
v 0.070441 0.081126 -0.176643
v 0.075739 0.088298 -0.173354
v 0.079172 0.095699 -0.171297
v 0.077846 0.093193 -0.172234
v 0.067325 0.055825 -0.178343
v 0.066943 0.052663 -0.178583
v 0.090145 0.063085 -0.163456
v 0.091167 0.061377 -0.162552
v 0.066392 0.071820 -0.179258
v 0.077086 0.070655 -0.172153
v 0.067244 0.077713 -0.178497
v 0.079775 0.098760 -0.170986
v 0.068723 0.086630 -0.178126
v 0.069449 0.088886 -0.177754
v 0.077916 0.067866 -0.172121
v 0.085209 0.044923 -0.166244
v 0.082708 0.042610 -0.167839
v 0.082251 0.065518 -0.168753
v 0.073019 0.098296 -0.175456
v 0.069919 0.093302 -0.177367
v 0.075437 0.111269 -0.173931
v 0.092855 0.047087 -0.161218
v 0.067500 0.080369 -0.178617
v 0.070017 0.104076 -0.177496
v 0.068573 0.038480 -0.177082
v 0.067296 0.058947 -0.178451
v 0.079644 0.055547 -0.170327
v 0.085151 0.071412 -0.166666
v 0.085728 0.073126 -0.166655
v 0.079452 0.105655 -0.171230
v 0.079695 0.104419 -0.171006
v 0.072249 0.069076 -0.175807
v 0.084751 0.070089 -0.167040
v 0.085375 0.068603 -0.166872
v 0.085586 0.070036 -0.166481
v 0.089751 0.046263 -0.163190
v 0.090481 0.047912 -0.162704
v 0.083645 0.062781 -0.167714
v 0.084934 0.066119 -0.167106
v 0.086190 0.074207 -0.166158
v 0.083472 0.075207 -0.167468
v 0.071826 0.037699 -0.174957
v 0.073678 0.109236 -0.175155
v 0.086654 0.073471 -0.166019
v 0.086501 0.072092 -0.165980
v 0.080708 0.044032 -0.169096
v -0.098610 0.096202 -0.122002
v -0.099101 0.105513 -0.121619
v -0.097846 0.102735 -0.123718
v -0.099726 0.101764 -0.120949
v -0.098292 0.099491 -0.122960
v -0.096498 0.096243 -0.125116
v -0.095850 0.100658 -0.126558
v -0.086026 0.124810 -0.126555
v -0.086149 0.125168 -0.126004
v -0.085633 0.125188 -0.126292
v -0.076523 0.124610 -0.137550
v -0.078434 0.125252 -0.136212
v -0.077692 0.124241 -0.135760
v -0.088203 0.125428 -0.124332
v -0.087540 0.124911 -0.125124
v -0.088407 0.124810 -0.124784
v -0.084378 0.125551 -0.127273
v -0.084334 0.125331 -0.128150
v -0.085033 0.125149 -0.127198
v -0.081603 0.125393 -0.131910
v -0.080972 0.124962 -0.131852
v -0.080839 0.125261 -0.132532
v -0.085581 0.125079 -0.126904
v -0.086620 0.123539 -0.121936
v -0.090021 0.125250 -0.122602
v -0.089266 0.124786 -0.123897
v -0.090588 0.124283 -0.123044
v -0.080500 0.124903 -0.134287
v -0.080695 0.125151 -0.133330
v -0.079698 0.125200 -0.134435
v -0.081244 0.124749 -0.133590
v -0.081124 0.124965 -0.133034
v -0.086901 0.125756 -0.124896
v -0.087401 0.125449 -0.124817
v -0.087568 0.125788 -0.124313
v -0.081751 0.124846 -0.132584
v -0.082337 0.124992 -0.131692
v -0.081240 0.125215 -0.132696
v -0.078119 0.124752 -0.137714
v -0.077310 0.125374 -0.137878
v -0.077577 0.125022 -0.138138
v -0.077225 0.124816 -0.138864
v -0.076331 0.125216 -0.138932
v -0.084993 0.124741 -0.127999
v -0.077798 0.124302 -0.138670
v -0.078885 0.124554 -0.134609
v -0.078372 0.124065 -0.134775
v -0.085623 0.125587 -0.125455
v -0.084820 0.124868 -0.125667
v -0.084967 0.125484 -0.126384
v -0.083493 0.125048 -0.129719
v -0.083261 0.124752 -0.130772
v -0.083837 0.124735 -0.129754
v -0.081509 0.125083 -0.131010
v -0.086249 0.125441 -0.125576
v -0.086700 0.125076 -0.125533
v -0.080130 0.124813 -0.133066
v -0.083844 0.124339 -0.130144
v -0.086242 0.124896 -0.123632
v -0.085492 0.124876 -0.124682
v -0.086227 0.125742 -0.124546
v -0.079038 0.123688 -0.133194
v -0.084131 0.125062 -0.129141
v -0.084635 0.124455 -0.129134
v -0.084600 0.124984 -0.128631
v -0.087862 0.124374 -0.125530
v -0.087409 0.125077 -0.122516
v -0.083372 0.125410 -0.129015
v -0.083900 0.124262 -0.126398
v -0.084530 0.123172 -0.124313
v -0.088877 0.125817 -0.123025
v -0.080801 0.124137 -0.131003
v -0.082300 0.125411 -0.130818
v -0.082296 0.124972 -0.129539
v -0.087975 0.125998 -0.123732
v -0.082941 0.125277 -0.130048
v -0.083421 0.125025 -0.127838
v -0.084233 0.125023 -0.126610
v -0.087038 0.125913 -0.123780
v -0.086403 0.125823 -0.125220
v -0.086924 0.124408 -0.126031
v -0.087921 0.126048 -0.122893
v -0.091136 0.123506 -0.123302
v -0.090084 0.123500 -0.124114
v -0.083498 0.122734 -0.133517
v -0.083719 0.123060 -0.132660
v -0.082817 0.123278 -0.133323
v -0.081660 0.124135 -0.134142
v -0.082272 0.123389 -0.134097
v -0.082054 0.124129 -0.133374
v -0.084464 0.122484 -0.133124
v -0.076653 0.123754 -0.140471
v -0.076144 0.124590 -0.140275
v -0.076035 0.124119 -0.140900
v -0.083686 0.124055 -0.130766
v -0.083844 0.124339 -0.130144
v -0.083261 0.124752 -0.130772
v -0.080938 0.122541 -0.137174
v -0.080031 0.122023 -0.138654
v -0.081128 0.121812 -0.137779
v -0.077244 0.120984 -0.144401
v -0.077454 0.119931 -0.145286
v -0.079175 0.120524 -0.142476
v -0.082988 0.122634 -0.134115
v -0.082534 0.122755 -0.134688
v -0.084706 0.122704 -0.131967
v -0.083354 0.121895 -0.135625
v -0.082319 0.122350 -0.135576
v -0.082541 0.121885 -0.136504
v -0.077225 0.124816 -0.138864
v -0.076724 0.124316 -0.139733
v -0.077214 0.124118 -0.139318
v -0.078238 0.121837 -0.141489
v -0.078500 0.121402 -0.142341
v -0.078884 0.121582 -0.141347
v -0.081244 0.124749 -0.133590
v -0.080984 0.124414 -0.134611
v -0.081696 0.123359 -0.134952
v -0.080795 0.123786 -0.135571
v -0.081366 0.122859 -0.135967
v -0.077240 0.121738 -0.143161
v -0.076906 0.121546 -0.143760
v -0.077575 0.121744 -0.142790
v -0.079501 0.121316 -0.141001
v -0.079220 0.121895 -0.140418
v -0.075827 0.123888 -0.141404
v -0.080500 0.124903 -0.134287
v -0.074938 0.122811 -0.144297
v -0.074611 0.123430 -0.143608
v -0.074192 0.122814 -0.145110
v -0.077798 0.124302 -0.138670
v -0.083725 0.122299 -0.133881
v -0.076228 0.117618 -0.149309
v -0.077672 0.117720 -0.147552
v -0.077182 0.118576 -0.147241
v -0.080000 0.123908 -0.136419
v -0.080062 0.123027 -0.137479
v -0.080731 0.123270 -0.136526
v -0.077163 0.122298 -0.142175
v -0.076272 0.122376 -0.143122
v -0.076916 0.121839 -0.143114
v -0.076410 0.121654 -0.144550
v -0.076301 0.121925 -0.144104
v -0.077746 0.122219 -0.141362
v -0.077387 0.122852 -0.140958
v -0.079128 0.124534 -0.136665
v -0.078434 0.125252 -0.136212
v -0.078119 0.124752 -0.137714
v -0.077709 0.122059 -0.142011
v -0.074708 0.124136 -0.142296
v -0.075223 0.123616 -0.142328
v -0.075285 0.124323 -0.141423
v -0.078321 0.124147 -0.138297
v -0.076258 0.123041 -0.141938
v -0.080140 0.117593 -0.144255
v -0.080242 0.118859 -0.142893
v -0.078980 0.117839 -0.145491
v -0.074720 0.123901 -0.142800
v -0.083353 0.122164 -0.134661
v -0.078734 0.119389 -0.144420
v -0.073014 0.123982 -0.144590
v -0.072304 0.124158 -0.145133
v -0.072641 0.124036 -0.145490
v -0.074310 0.124160 -0.142991
v -0.073674 0.124285 -0.143173
v -0.073652 0.123914 -0.143849
v -0.075983 0.120276 -0.146804
v -0.075633 0.119413 -0.148349
v -0.073426 0.123603 -0.144925
v -0.079054 0.123816 -0.137758
v -0.074682 0.120244 -0.148702
v -0.074955 0.121061 -0.147162
v -0.081751 0.124846 -0.132584
v -0.079982 0.124719 -0.135448
v -0.076355 0.121357 -0.145052
v -0.075592 0.122975 -0.142938
v -0.079078 0.122747 -0.138790
v -0.079174 0.122132 -0.139477
v -0.078653 0.118408 -0.145345
v -0.075771 0.124258 -0.141113
v -0.074249 0.122016 -0.146639
v -0.074106 0.121618 -0.147592
v -0.075508 0.121692 -0.145644
v -0.075220 0.122353 -0.144916
v -0.075508 0.122691 -0.143836
v -0.080366 0.119844 -0.141809
v -0.082872 0.124119 -0.132170
v -0.084228 0.123469 -0.131234
v -0.080193 0.121443 -0.139624
v -0.087127 0.123611 -0.127335
v -0.086098 0.124050 -0.127696
v -0.086974 0.123174 -0.128113
v -0.077363 0.119294 -0.146259
v -0.081069 0.120534 -0.140155
v -0.082546 0.120755 -0.138049
v -0.081456 0.121112 -0.139134
v -0.074299 0.124448 -0.142059
v -0.085289 0.123568 -0.129600
v -0.086139 0.123374 -0.128739
v -0.082973 0.121558 -0.136549
v -0.082405 0.121507 -0.136992
v -0.081715 0.122098 -0.136752
v -0.072914 0.124160 -0.143942
v -0.073431 0.124289 -0.142799
v -0.078420 0.122435 -0.140294
v -0.085250 0.122880 -0.131012
v -0.085266 0.123189 -0.130456
v -0.078035 0.123560 -0.139268
v -0.082307 0.121247 -0.137582
v -0.084335 0.123935 -0.130217
v -0.076331 0.125216 -0.138932
v -0.081804 0.121608 -0.137442
v -0.081256 0.121400 -0.138621
v -0.083408 0.124088 -0.131303
v -0.084635 0.124455 -0.129134
v -0.081319 0.121612 -0.138162
v -0.080790 0.121623 -0.138578
v -0.086194 0.122831 -0.129718
v -0.080679 0.121234 -0.139622
v -0.080329 0.120964 -0.140467
v -0.073762 0.124032 -0.141615
v -0.075959 0.122367 -0.143955
v -0.082337 0.124992 -0.131692
v -0.075117 0.124498 -0.139994
v -0.084268 0.121657 -0.135030
v -0.083750 0.121450 -0.135891
v -0.079698 0.125200 -0.134435
v -0.084152 0.121938 -0.134630
v -0.074276 0.122318 -0.145806
v -0.084368 0.122053 -0.133881
v -0.075233 0.117165 -0.151163
v -0.076364 0.116824 -0.150077
v -0.071919 0.124022 -0.144729
v -0.075064 0.118235 -0.150407
v -0.077882 0.116762 -0.148012
v -0.022870 0.124931 -0.224685
v -0.022464 0.124468 -0.225756
v -0.023443 0.125037 -0.225222
v -0.021305 0.126571 -0.223695
v -0.021712 0.126352 -0.223968
v -0.021597 0.127390 -0.224062
v -0.023123 0.127471 -0.224290
v -0.022562 0.126647 -0.223974
v -0.023296 0.126739 -0.224177
v -0.022319 0.125075 -0.224299
v -0.021701 0.124907 -0.224470
v -0.021971 0.124549 -0.224946
v -0.022305 0.127551 -0.224250
v -0.021964 0.128672 -0.223958
v -0.017566 0.124395 -0.224832
v -0.016694 0.124182 -0.225174
v -0.016776 0.124143 -0.225680
v -0.017573 0.124450 -0.225718
v -0.016956 0.124117 -0.226215
v -0.018721 0.124634 -0.225292
v -0.018233 0.124465 -0.225789
v -0.019015 0.124552 -0.225558
v -0.014412 0.118280 -0.228612
v -0.015421 0.117950 -0.227825
v -0.015779 0.119050 -0.227799
v -0.024019 0.126142 -0.224851
v -0.023760 0.126380 -0.224500
v -0.023615 0.125606 -0.224613
v -0.020185 0.124605 -0.225237
v -0.021223 0.125146 -0.224374
v -0.020899 0.125342 -0.224034
v -0.015762 0.124119 -0.225584
v -0.016182 0.123665 -0.226463
v -0.025650 0.126251 -0.224776
v -0.025944 0.124924 -0.224760
v -0.026538 0.126255 -0.224281
v -0.021221 0.127462 -0.223716
v -0.020699 0.126209 -0.223385
v -0.027466 0.126281 -0.223158
v -0.027432 0.125124 -0.223829
v -0.016101 0.121627 -0.227241
v -0.015355 0.122023 -0.227708
v -0.015317 0.121278 -0.228044
v -0.024906 0.124727 -0.225222
v -0.024647 0.123457 -0.225594
v -0.025281 0.127786 -0.224520
v -0.025947 0.127142 -0.224597
v -0.026298 0.127719 -0.223657
v -0.015358 0.123411 -0.227186
v -0.015811 0.123005 -0.226960
v -0.019942 0.124675 -0.224640
v -0.027540 0.123372 -0.224125
v -0.016937 0.121557 -0.226962
v -0.017247 0.122375 -0.226867
v -0.028366 0.123956 -0.223202
v -0.028640 0.122373 -0.223210
v -0.016400 0.120759 -0.227279
v -0.017155 0.121164 -0.227205
v -0.016447 0.124436 -0.224725
v -0.016545 0.118361 -0.227590
v -0.017044 0.119722 -0.227504
v -0.015956 0.125583 -0.223676
v -0.015530 0.125586 -0.224204
v -0.016233 0.125203 -0.223906
v -0.017583 0.120830 -0.227264
v -0.017860 0.120224 -0.227426
v -0.016876 0.120523 -0.227389
v -0.023105 0.128539 -0.224363
v -0.024255 0.125704 -0.225079
v -0.024651 0.126784 -0.225013
v -0.028456 0.125913 -0.221978
v -0.028317 0.125130 -0.222684
v -0.022994 0.125813 -0.224114
v -0.017874 0.121909 -0.226977
v -0.019067 0.124728 -0.224548
v -0.023789 0.127205 -0.224530
v -0.018506 0.123205 -0.227039
v -0.027262 0.127460 -0.222006
v -0.026152 0.127871 -0.222662
v -0.014634 0.123201 -0.227798
v -0.014757 0.122481 -0.227988
v -0.015253 0.122677 -0.227408
v -0.025986 0.118050 -0.225094
v -0.025069 0.116859 -0.225441
v -0.026031 0.115606 -0.224626
v -0.015270 0.125408 -0.224985
v -0.014687 0.125709 -0.225611
v -0.014886 0.124820 -0.225486
v -0.021559 0.124035 -0.226134
v -0.021312 0.124358 -0.225848
v -0.020794 0.123514 -0.226321
v -0.018804 0.121124 -0.227110
v -0.022080 0.125647 -0.223983
v -0.015350 0.123917 -0.226623
v -0.015357 0.120194 -0.228105
v -0.014679 0.120255 -0.228821
v -0.014246 0.119661 -0.229113
v -0.030381 0.124674 -0.219835
v -0.030553 0.122725 -0.220740
v -0.031371 0.123916 -0.218712
v -0.018239 0.124548 -0.225256
v -0.014195 0.120692 -0.229289
v -0.014764 0.120943 -0.228602
v -0.014672 0.121852 -0.228283
v -0.014223 0.121687 -0.229126
v -0.013454 0.118791 -0.229990
v -0.013510 0.120301 -0.230120
v -0.026787 0.117411 -0.224442
v -0.019374 0.122720 -0.226772
v -0.017081 0.124787 -0.223904
v -0.014186 0.122949 -0.228824
v -0.024168 0.119082 -0.225946
v -0.024858 0.120101 -0.225744
v -0.023228 0.118855 -0.226287
v -0.014679 0.124394 -0.226399
v -0.015665 0.124794 -0.224908
v -0.017473 0.124037 -0.226265
v -0.016063 0.124932 -0.224297
v -0.018076 0.124049 -0.226303
v -0.015654 0.125191 -0.224609
v -0.017440 0.124821 -0.223185
v -0.016758 0.125184 -0.223275
v -0.018815 0.117492 -0.227306
v -0.020182 0.115849 -0.226922
v -0.020270 0.118644 -0.227132
v -0.016442 0.125258 -0.223586
v -0.022669 0.115986 -0.226098
v -0.024052 0.117704 -0.225838
v -0.026430 0.122185 -0.224939
v -0.022258 0.121915 -0.226492
v -0.020509 0.122098 -0.226758
v -0.021035 0.120746 -0.226880
v -0.016438 0.123089 -0.226707
v -0.016855 0.123648 -0.226526
v -0.024915 0.125256 -0.225083
v -0.020008 0.124062 -0.226361
v -0.020192 0.125001 -0.223877
v -0.018195 0.119038 -0.227460
v -0.019770 0.120357 -0.227131
v -0.021983 0.119929 -0.226626
v -0.023678 0.127910 -0.224347
v -0.017630 0.123426 -0.226886
v -0.018860 0.124286 -0.226526
v -0.021868 0.123401 -0.226355
v -0.027730 0.126918 -0.221794
v -0.028510 0.126491 -0.221185
v -0.028106 0.126991 -0.221037
v -0.017079 0.117413 -0.227690
v -0.014914 0.126056 -0.224864
v -0.015937 0.122455 -0.227131
v -0.016736 0.122634 -0.226725
v -0.015976 0.125553 -0.223147
v -0.025493 0.128487 -0.221634
v -0.025079 0.128299 -0.222938
v -0.026169 0.127982 -0.221664
v -0.026924 0.127697 -0.221554
v -0.027100 0.127636 -0.220579
v -0.025465 0.127983 -0.223631
v -0.024756 0.128296 -0.224082
v -0.027919 0.127453 -0.220637
v -0.014666 0.123988 -0.227319
v -0.023069 0.123451 -0.226058
v -0.017198 0.123377 -0.226459
v -0.021052 0.124610 -0.225223
v -0.029351 0.125543 -0.220809
v -0.029355 0.124224 -0.221831
v -0.015156 0.126166 -0.223417
v -0.023582 0.124351 -0.225634
v -0.025066 0.125859 -0.224909
v -0.027887 0.126558 -0.222159
v -0.027269 0.127128 -0.222782
v -0.029018 0.126783 -0.220001
v -0.031175 0.116866 -0.220722
v -0.032394 0.115964 -0.219463
v -0.032402 0.117107 -0.219336
v -0.024278 0.124856 -0.225357
v -0.016280 0.120017 -0.227566
v -0.031929 0.118593 -0.219799
v -0.023295 0.120788 -0.226311
v -0.023702 0.122120 -0.226123
v -0.026766 0.127036 -0.223825
v -0.021463 0.128825 -0.223198
v -0.021126 0.128216 -0.223638
v -0.024615 0.129218 -0.220982
v -0.024262 0.129097 -0.220218
v -0.023616 0.129133 -0.221389
v -0.029305 0.122908 -0.222371
v -0.024827 0.129056 -0.221516
v -0.024029 0.129115 -0.221990
v -0.024566 0.128812 -0.222332
v -0.023437 0.129098 -0.223214
v -0.024223 0.128751 -0.223233
v -0.019793 0.125151 -0.223573
v -0.019908 0.125795 -0.223130
v -0.018253 0.124702 -0.224101
v -0.022258 0.128999 -0.222861
v -0.021879 0.128598 -0.222351
v -0.025454 0.128822 -0.220830
v -0.025076 0.128827 -0.221642
v -0.028889 0.125209 -0.221853
v -0.022906 0.128524 -0.221057
v -0.022739 0.128993 -0.221986
v -0.018977 0.124975 -0.223838
v -0.019280 0.125255 -0.223410
v -0.023832 0.128916 -0.223870
v -0.023102 0.129134 -0.222419
v -0.022657 0.129120 -0.223140
v -0.018988 0.125199 -0.222914
v -0.018103 0.124285 -0.222793
v -0.018267 0.124945 -0.223125
v -0.024025 0.128451 -0.224270
v -0.028411 0.120544 -0.223701
v -0.024373 0.128592 -0.223717
v -0.027794 0.117878 -0.223920
v -0.026741 0.119635 -0.224743
v -0.018363 0.125073 -0.223536
v -0.031621 0.122801 -0.219110
v -0.031534 0.121622 -0.219580
v -0.024330 0.127800 -0.224588
v -0.029718 0.121084 -0.222148
v -0.030859 0.121019 -0.220735
v -0.031828 0.120273 -0.219615
v -0.020725 0.127469 -0.223529
v -0.029365 0.116517 -0.222573
v -0.030346 0.118878 -0.221743
v -0.020311 0.126996 -0.222886
v -0.030915 0.119837 -0.220990
v -0.025360 0.129096 -0.219983
v -0.020245 0.125899 -0.222171
v -0.013286 0.117241 -0.229906
v -0.031315 0.114391 -0.220508
v -0.021519 0.117882 -0.226731
v -0.020644 0.117532 -0.227014
v -0.033305 0.114838 -0.218394
v -0.027560 0.114490 -0.223712
v -0.019172 0.124577 -0.222326
v -0.023748 0.128549 -0.220099
v -0.017889 0.117489 -0.227538
v -0.014865 0.126271 -0.224164
v -0.023267 0.067988 -0.209498
v -0.025264 0.072164 -0.206606
v -0.026344 0.067956 -0.204384
v -0.030588 0.076580 -0.198792
v -0.027886 0.078947 -0.203207
v -0.030291 0.080956 -0.200039
v -0.047381 0.081570 -0.172790
v -0.045644 0.078605 -0.175212
v -0.044198 0.081759 -0.177969
v -0.032990 0.061488 -0.193050
v -0.031371 0.064575 -0.196037
v -0.034784 0.064964 -0.191250
v -0.023616 0.063642 -0.208129
v -0.029570 0.085698 -0.201459
v -0.027213 0.088645 -0.204954
v -0.029551 0.092540 -0.201256
v -0.038805 0.062878 -0.184692
v -0.038895 0.068256 -0.185719
v -0.040494 0.066191 -0.182796
v -0.031823 0.068761 -0.196179
v -0.035036 0.079911 -0.191577
v -0.037225 0.080350 -0.187832
v -0.035372 0.076575 -0.190730
v -0.023074 0.079324 -0.210634
v -0.025629 0.082858 -0.206949
v -0.024667 0.076717 -0.207925
v -0.043943 0.069802 -0.177321
v -0.041185 0.072444 -0.182092
v -0.043891 0.076013 -0.177951
v -0.033280 0.073132 -0.194135
v -0.036158 0.073807 -0.189527
v -0.036142 0.070703 -0.189699
v -0.039808 0.081195 -0.184053
v -0.038908 0.085708 -0.185646
v -0.041274 0.068527 -0.181782
v -0.041919 0.066855 -0.180364
v -0.042818 0.065710 -0.178645
v -0.041126 0.064784 -0.181349
v -0.041439 0.077600 -0.181727
v -0.041840 0.081630 -0.181364
v -0.030468 0.061375 -0.196361
v -0.032852 0.082164 -0.196152
v -0.031779 0.083395 -0.198124
v -0.033038 0.084568 -0.196079
v -0.029187 0.066911 -0.199782
v -0.029367 0.063796 -0.198656
v -0.027957 0.061088 -0.199715
v -0.027381 0.064452 -0.201850
v -0.036645 0.083485 -0.189024
v -0.025635 0.064042 -0.204596
v -0.036909 0.088129 -0.189018
v -0.033150 0.077608 -0.194578
v -0.031903 0.080101 -0.197319
v -0.033723 0.080799 -0.194245
v -0.034326 0.068873 -0.192350
v -0.027865 0.073661 -0.202682
v -0.029032 0.069938 -0.200636
v -0.030434 0.072484 -0.198755
v -0.039773 0.074839 -0.184132
v -0.035097 0.083588 -0.191848
v -0.023126 0.071652 -0.210123
v -0.034514 0.087380 -0.193354
v -0.032477 0.086836 -0.197083
v -0.026767 0.093336 -0.205837
v -0.032050 0.090660 -0.197565
v -0.024182 0.087951 -0.209267
v -0.026350 0.075510 -0.205142
v -0.033890 0.083548 -0.194391
v -0.026277 0.062024 -0.202739
v -0.041980 0.063393 -0.179631
v -0.042231 0.085833 -0.181139
v -0.037126 0.065715 -0.187861
v -0.038478 0.072653 -0.186203
v -0.036316 0.067668 -0.189320
v -0.038162 0.076595 -0.186362
v -0.035201 0.059611 -0.189396
v -0.024723 0.061170 -0.205290
v -0.024198 0.093227 -0.209902
v -0.033626 0.089879 -0.195056
v -0.045158 0.064032 -0.174818
v -0.022711 0.083184 -0.211166
v -0.082327 0.119500 -0.124369
v -0.079928 0.120172 -0.128549
v -0.082064 0.121520 -0.126253
v -0.082294 0.123521 -0.127935
v -0.084530 0.123172 -0.124313
v -0.072771 0.121077 -0.139524
v -0.071830 0.121287 -0.141076
v -0.073291 0.122371 -0.139982
v -0.073099 0.120297 -0.138444
v -0.074508 0.121709 -0.137416
v -0.074594 0.120072 -0.136156
v -0.079890 0.122364 -0.130373
v -0.080801 0.124137 -0.131003
v -0.083879 0.120790 -0.123086
v -0.075465 0.115026 -0.133397
v -0.072470 0.116194 -0.137863
v -0.075154 0.118296 -0.134650
v -0.073431 0.124289 -0.142799
v -0.073762 0.124032 -0.141615
v -0.072623 0.123983 -0.143239
v -0.084867 0.119055 -0.120517
v -0.086198 0.121215 -0.120204
v -0.075070 0.123324 -0.138350
v -0.077303 0.097969 -0.128712
v -0.078713 0.093288 -0.126294
v -0.075210 0.092235 -0.131070
v -0.076523 0.124610 -0.137550
v -0.076472 0.123178 -0.135977
v -0.077866 0.120969 -0.132031
v -0.075117 0.124498 -0.139994
v -0.072925 0.104495 -0.136096
v -0.072558 0.111292 -0.137134
v -0.074848 0.107682 -0.133443
v -0.070749 0.120045 -0.141841
v -0.071024 0.121191 -0.142305
v -0.077692 0.124241 -0.135760
v -0.072607 0.118763 -0.138385
v -0.069814 0.117439 -0.142228
v -0.068834 0.110985 -0.142890
v -0.070081 0.114420 -0.141290
v -0.086620 0.123539 -0.121936
v -0.077577 0.112848 -0.129877
v -0.078563 0.115586 -0.128787
v -0.069560 0.102683 -0.141120
v -0.070511 0.106382 -0.140001
v -0.071332 0.102969 -0.138481
v -0.071202 0.098866 -0.138307
v -0.079343 0.113603 -0.127132
v -0.080441 0.112771 -0.125167
v -0.079587 0.110135 -0.126338
v -0.080884 0.114501 -0.124658
v -0.077256 0.108070 -0.129938
v -0.081528 0.111241 -0.123276
v -0.080234 0.117783 -0.126847
v -0.082877 0.117927 -0.122765
v -0.082423 0.116219 -0.122796
v -0.076868 0.089900 -0.128385
v -0.084207 0.113460 -0.119761
v -0.075352 0.111530 -0.133026
v -0.075680 0.102740 -0.131636
v -0.078087 0.102821 -0.128211
v -0.079290 0.105648 -0.126666
v -0.080131 0.099914 -0.124713
v -0.072914 0.124160 -0.143942
v -0.071919 0.124022 -0.144729
v -0.077807 0.123578 -0.134768
v -0.077729 0.122552 -0.133611
v -0.074111 0.123561 -0.140292
v -0.076283 0.120095 -0.133743
v -0.076119 0.121483 -0.134777
v -0.073917 0.099651 -0.133963
v -0.077429 0.117486 -0.131080
v -0.078372 0.124065 -0.134775
v -0.079038 0.123688 -0.133194
v -0.070691 0.123759 -0.145968
v -0.071429 0.124267 -0.146028
v -0.072875 0.123276 -0.141766
v -0.071517 0.123346 -0.144026
v -0.071393 0.122185 -0.142702
v -0.077789 0.119209 -0.131159
v -0.073196 0.095281 -0.134566
v -0.070156 0.121272 -0.143632
v -0.067465 0.105469 -0.144632
v -0.075254 0.097489 -0.131600
v -0.068208 0.118770 -0.145040
v -0.067707 0.117285 -0.145250
v -0.068319 0.120762 -0.145946
v -0.067265 0.098859 -0.144119
v -0.064483 0.101334 -0.148660
v -0.067320 0.115228 -0.145497
v -0.069770 0.122505 -0.145539
v -0.076331 0.125216 -0.138932
v -0.082296 0.124972 -0.129539
v -0.081552 0.106477 -0.123000
v -0.083421 0.125025 -0.127838
v -0.083900 0.124262 -0.126398
v -0.078303 0.088109 -0.125909
v -0.096783 0.115315 -0.123921
v -0.097762 0.114531 -0.122882
v -0.097556 0.115865 -0.122850
v -0.095773 0.105593 -0.126525
v -0.097548 0.107519 -0.123693
v -0.096223 0.109045 -0.125669
v -0.096491 0.117032 -0.123861
v -0.095404 0.116217 -0.125634
v -0.094063 0.110679 -0.128898
v -0.096297 0.111838 -0.125355
v -0.093336 0.112969 -0.129405
v -0.098315 0.113158 -0.122263
v -0.099275 0.110129 -0.121089
v -0.099101 0.105513 -0.121619
v -0.097559 0.117523 -0.122356
v -0.095051 0.117954 -0.125441
v -0.096661 0.118689 -0.123071
v -0.096477 0.114099 -0.124729
v -0.095825 0.118701 -0.124042
v -0.096163 0.119306 -0.123403
v -0.094349 0.108465 -0.128769
v -0.094540 0.114187 -0.127356
v -0.094800 0.115293 -0.126737
v 0.030388 0.046373 -0.186692
v 0.033539 0.044416 -0.184755
v 0.034424 0.047866 -0.183977
v 0.044000 0.079274 -0.179891
v 0.039984 0.077930 -0.182269
v 0.043395 0.075305 -0.179929
v 0.022575 0.022154 -0.196835
v 0.023334 0.019662 -0.196211
v 0.025414 0.021042 -0.194930
v 0.022482 0.049147 -0.192013
v 0.016964 0.048684 -0.195715
v 0.022331 0.045238 -0.192263
v 0.046615 0.075768 -0.177904
v 0.049822 0.088009 -0.175728
v 0.051211 0.083371 -0.174789
v 0.053739 0.085170 -0.172974
v 0.027897 0.043930 -0.188497
v 0.031498 0.040833 -0.186465
v 0.025552 0.022536 -0.194836
v 0.037871 0.055713 -0.181735
v 0.031942 0.058162 -0.185694
v 0.033807 0.052415 -0.184307
v 0.030367 0.027169 -0.191051
v 0.029936 0.030980 -0.190138
v 0.027928 0.028100 -0.192281
v 0.020583 0.024164 -0.198122
v 0.024168 0.024275 -0.195659
v 0.030344 0.024651 -0.191701
v 0.032387 0.023571 -0.190900
v 0.033250 0.025836 -0.189999
v 0.022718 0.041071 -0.192400
v 0.026478 0.047226 -0.189321
v 0.017104 0.035100 -0.197642
v 0.020479 0.033960 -0.195826
v 0.021966 0.036842 -0.193889
v 0.026033 0.051451 -0.189576
v 0.021528 0.053901 -0.192577
v 0.030106 0.049665 -0.186775
v 0.038412 0.063782 -0.181782
v 0.036528 0.060358 -0.182825
v 0.040909 0.059656 -0.179918
v 0.015949 0.039410 -0.197221
v 0.010741 0.043670 -0.200395
v 0.010490 0.039550 -0.201265
v 0.013329 0.035768 -0.200084
v 0.029570 0.018225 -0.191872
v 0.029950 0.017171 -0.190767
v 0.030920 0.018138 -0.191008
v 0.017749 0.041562 -0.195661
v 0.014700 0.043995 -0.197516
v 0.027259 0.017920 -0.193245
v 0.028956 0.019544 -0.192580
v 0.026516 0.019737 -0.194134
v 0.014295 0.032510 -0.200481
v 0.032627 0.028664 -0.189398
v 0.021215 0.027630 -0.197240
v 0.025752 0.026561 -0.194128
v 0.025530 0.030465 -0.193318
v 0.044373 0.053872 -0.177662
v 0.045452 0.060909 -0.177139
v 0.029736 0.053580 -0.187069
v 0.054279 0.088984 -0.172649
v 0.053643 0.093246 -0.173063
v 0.050097 0.076539 -0.175467
v 0.047495 0.079950 -0.177532
v 0.036226 0.067897 -0.183660
v 0.031940 0.067722 -0.186595
v 0.034125 0.063640 -0.184672
v 0.028447 0.025846 -0.192522
v 0.026836 0.034605 -0.191065
v 0.033106 0.035807 -0.186631
v 0.018793 0.043587 -0.194766
v 0.050234 0.080708 -0.175504
v 0.027481 0.023829 -0.193465
v 0.039157 0.050196 -0.180929
v 0.037537 0.042804 -0.182398
v 0.037891 0.039917 -0.182727
v 0.026416 0.056724 -0.189373
v 0.035433 0.028497 -0.187950
v 0.038167 0.072215 -0.182875
v 0.040894 0.068536 -0.180661
v 0.041527 0.072978 -0.180800
v 0.027255 0.038135 -0.189838
v 0.029517 0.064196 -0.187781
v 0.030971 0.020792 -0.191708
v 0.028014 0.021400 -0.193322
v 0.048663 0.083424 -0.176707
v 0.033910 0.031300 -0.187734
v 0.023164 0.033965 -0.193954
v 0.017964 0.031050 -0.198510
v 0.021773 0.031517 -0.195808
v 0.042153 0.063884 -0.179393
v 0.030416 0.022610 -0.191946
v 0.045061 0.071329 -0.178439
v 0.048118 0.068641 -0.176215
v 0.048999 0.072228 -0.175954
v 0.013871 0.029558 -0.201761
v 0.016253 0.027182 -0.200630
v 0.038667 0.045457 -0.181450
v 0.027946 0.060734 -0.188534
v 0.018366 0.025365 -0.199421
v 0.045176 0.084629 -0.179195
v 0.045437 0.066013 -0.177591
v 0.033288 0.021995 -0.190594
v 0.031112 0.019207 -0.191371
v -0.018537 0.018304 -0.214442
v -0.023283 0.018024 -0.208805
v -0.024212 0.020989 -0.214720
v -0.007857 0.025975 -0.227789
v -0.006506 0.028757 -0.227170
v -0.006565 0.025682 -0.227011
v -0.031628 0.020655 -0.207583
v -0.027309 0.022962 -0.212927
v 0.001730 0.026382 -0.221533
v 0.000781 0.030071 -0.222484
v 0.003972 0.029836 -0.220354
v 0.002809 0.033918 -0.221192
v 0.005187 0.037587 -0.219855
v 0.005662 0.032696 -0.219293
v -0.022449 0.023339 -0.218536
v -0.016819 0.018591 -0.220071
v -0.022301 0.021276 -0.217603
v -0.014625 0.020418 -0.227163
v -0.017965 0.024046 -0.225768
v -0.016446 0.024431 -0.227615
v -0.010301 0.015815 -0.222663
v -0.014622 0.017745 -0.223962
v -0.010507 0.018845 -0.227837
v -0.011633 0.017885 -0.226997
v -0.012139 0.019055 -0.228241
v -0.018292 0.021708 -0.224062
v -0.019853 0.022290 -0.222040
v 0.008471 0.033282 -0.217427
v 0.007300 0.029479 -0.218203
v -0.001398 0.034311 -0.224027
v -0.001848 0.029781 -0.224190
v -0.013565 0.023177 -0.229187
v -0.014506 0.023828 -0.228877
v -0.012311 0.024188 -0.229174
v -0.012653 0.021748 -0.228957
v -0.010119 0.020536 -0.228021
v -0.011817 0.020208 -0.228541
v -0.011091 0.022365 -0.228735
v -0.015494 0.024549 -0.228431
v -0.004261 0.031137 -0.225779
v -0.004252 0.026796 -0.225577
v -0.005997 0.023944 -0.226413
v -0.007827 0.023558 -0.227520
v -0.008570 0.021129 -0.227446
v -0.009598 0.022459 -0.228258
v -0.006241 0.021066 -0.225943
v 0.011786 0.034458 -0.215226
v 0.009011 0.038763 -0.217339
v 0.012446 0.040014 -0.214920
v -0.029469 0.025725 -0.211984
v -0.001218 0.027633 -0.223606
v -0.001891 0.024649 -0.223609
v -0.020601 0.025173 -0.222678
v -0.021700 0.023820 -0.220165
v -0.023817 0.027771 -0.219208
v -0.027356 0.027375 -0.214133
v -0.024836 0.024996 -0.216092
v -0.024037 0.026079 -0.217871
v -0.010268 0.023730 -0.228644
v -0.010989 0.025056 -0.228968
v -0.004437 0.023786 -0.225280
v -0.003242 0.021902 -0.223882
v -0.009380 0.025184 -0.228450
v -0.007801 0.016377 -0.226346
v -0.009739 0.016924 -0.226979
v 0.005168 0.026502 -0.219397
v -0.005228 0.015818 -0.225638
v -0.005936 0.017018 -0.225987
v -0.004019 0.015538 -0.224724
v -0.005261 0.018597 -0.224106
v -0.004245 0.020073 -0.223976
v -0.003654 0.018778 -0.223090
v -0.004343 0.017153 -0.224180
v -0.004113 0.016539 -0.225191
v -0.005875 0.017400 -0.224985
v -0.002266 0.016704 -0.224002
v -0.001443 0.017992 -0.221477
v -0.000688 0.018524 -0.220975
v 0.000049 0.017518 -0.220777
v -0.001969 0.019495 -0.222303
v -0.003312 0.017445 -0.223116
v -0.002399 0.018086 -0.222205
v -0.000611 0.017343 -0.222384
v -0.008626 0.018877 -0.226581
v 0.000496 0.018410 -0.220246
v 0.000000 0.019488 -0.220941
v 0.001520 0.017756 -0.219404
v 0.001685 0.017596 -0.220692
v 0.000465 0.022120 -0.221435
v 0.001968 0.019190 -0.219607
v 0.001841 0.016476 -0.221407
v 0.004105 0.020919 -0.218808
v 0.003574 0.023758 -0.219870
v -0.007364 0.017454 -0.225633
v -0.006989 0.018660 -0.225318
v -0.071288 0.085268 -0.137066
v -0.073189 0.083630 -0.133521
v -0.071305 0.079469 -0.136092
v -0.054641 0.097098 -0.163638
v -0.052338 0.097136 -0.167180
v -0.053037 0.102291 -0.166524
v -0.066664 0.070789 -0.142456
v -0.061754 0.071361 -0.149674
v -0.064749 0.077772 -0.146104
v -0.050083 0.081593 -0.168789
v -0.052878 0.087556 -0.165298
v -0.052700 0.078435 -0.164748
v -0.050135 0.101960 -0.170916
v -0.063947 0.087546 -0.148343
v -0.061324 0.086999 -0.152063
v -0.061816 0.092424 -0.152043
v -0.059568 0.083699 -0.154448
v -0.062288 0.082535 -0.150102
v -0.060228 0.079651 -0.153185
v -0.049041 0.073503 -0.169809
v -0.048094 0.069923 -0.170782
v -0.047052 0.075224 -0.172865
v -0.061739 0.077746 -0.150577
v -0.059196 0.075525 -0.154027
v -0.056196 0.082700 -0.159798
v -0.058381 0.079688 -0.155991
v -0.056679 0.101882 -0.160105
v -0.056128 0.097573 -0.160973
v -0.055042 0.100684 -0.163072
v -0.050013 0.076715 -0.168603
v -0.048585 0.078566 -0.170737
v -0.073469 0.087174 -0.133480
v -0.069197 0.088917 -0.140903
v -0.070960 0.093764 -0.138240
v -0.072288 0.090149 -0.135768
v -0.058868 0.089120 -0.156071
v -0.055849 0.091955 -0.161066
v -0.058468 0.095660 -0.157062
v -0.046609 0.085918 -0.174690
v -0.046538 0.091148 -0.175120
v -0.049293 0.087476 -0.170534
v -0.047381 0.081570 -0.172790
v -0.073159 0.075351 -0.132817
v -0.075033 0.072245 -0.129881
v -0.073524 0.071001 -0.132210
v -0.068969 0.094457 -0.141436
v -0.065975 0.092105 -0.145844
v -0.050905 0.072818 -0.167057
v -0.062409 0.102413 -0.151789
v -0.062251 0.098841 -0.151864
v -0.059645 0.101403 -0.155495
v -0.047744 0.100933 -0.174180
v -0.048024 0.104466 -0.174322
v -0.048635 0.102448 -0.173190
v -0.075631 0.086557 -0.129833
v -0.074750 0.080680 -0.130545
v -0.060790 0.096363 -0.153769
v -0.052147 0.092667 -0.166854
v -0.049440 0.094795 -0.170934
v -0.075210 0.092235 -0.131070
v -0.073196 0.095281 -0.134566
v -0.053712 0.093213 -0.164658
v -0.071202 0.098866 -0.138307
v -0.043943 0.069802 -0.177321
v -0.043891 0.076013 -0.177951
v -0.059667 0.067326 -0.152769
v -0.057596 0.064074 -0.156099
v -0.057531 0.070173 -0.156143
v -0.077690 0.084001 -0.126419
v -0.079215 0.085353 -0.124321
v -0.080818 0.082160 -0.121840
v -0.077642 0.079887 -0.126154
v -0.079250 0.076078 -0.123702
v -0.076868 0.089900 -0.128385
v -0.056411 0.075812 -0.158411
v -0.067265 0.098859 -0.144119
v -0.064000 0.096260 -0.149099
v -0.062101 0.095770 -0.151968
v -0.045158 0.064032 -0.174818
v -0.048836 0.065698 -0.169305
v -0.072483 0.068498 -0.133492
v -0.070446 0.067072 -0.136276
v -0.070769 0.070747 -0.136431
v -0.076090 0.076262 -0.128311
v -0.069081 0.072454 -0.139124
v -0.070674 0.074380 -0.136813
v -0.068098 0.081802 -0.141714
v -0.054670 0.104457 -0.163808
v -0.050958 0.090901 -0.168338
v -0.061907 0.066638 -0.149408
v -0.072009 0.071705 -0.134561
v -0.069130 0.076954 -0.139492
v -0.064483 0.101334 -0.148660
v -0.050778 0.068870 -0.166812
v -0.053686 0.071395 -0.162547
v -0.051606 0.065316 -0.165407
v -0.080435 0.069475 -0.121649
v -0.083539 0.076082 -0.117580
v -0.067431 0.075882 -0.142111
v -0.054664 0.065145 -0.160797
v -0.065139 0.083252 -0.146193
v -0.045644 0.078605 -0.175212
v -0.066589 0.086780 -0.144663
v -0.054845 0.077219 -0.161222
v -0.078303 0.088109 -0.125909
v -0.077209 0.072304 -0.126599
v -0.064786 0.065988 -0.145063
v -0.080818 0.082160 -0.121840
v -0.079215 0.085353 -0.124321
v -0.080511 0.086710 -0.122421
v -0.083035 0.097636 -0.119790
v -0.083071 0.102507 -0.120107
v -0.080131 0.099914 -0.124713
v -0.081478 0.094256 -0.122139
v -0.078713 0.093288 -0.126294
v -0.080733 0.090044 -0.122577
v -0.078303 0.088109 -0.125909
v -0.081552 0.106477 -0.123000
v -0.038518 0.112144 -0.188687
v -0.039884 0.114583 -0.186621
v -0.040138 0.110096 -0.186293
v -0.036107 0.120457 -0.194511
v -0.038067 0.120484 -0.191682
v -0.036903 0.118827 -0.192467
v -0.049440 0.094795 -0.170934
v -0.045471 0.097056 -0.177198
v -0.047744 0.100933 -0.174180
v -0.046415 0.109229 -0.176989
v -0.049127 0.107720 -0.172812
v -0.048024 0.104466 -0.174322
v -0.040450 0.120315 -0.187657
v -0.039164 0.119926 -0.189541
v -0.039706 0.121112 -0.189559
v -0.028190 0.111302 -0.204949
v -0.025930 0.112895 -0.208490
v -0.028309 0.115609 -0.205186
v -0.036987 0.104036 -0.191415
v -0.036050 0.101921 -0.192573
v -0.035407 0.102845 -0.193927
v -0.038090 0.116983 -0.189911
v -0.036034 0.117206 -0.193347
v -0.044735 0.087203 -0.177656
v -0.042231 0.085833 -0.181139
v -0.043635 0.091318 -0.179392
v -0.044198 0.081759 -0.177969
v -0.046609 0.085918 -0.174690
v -0.047381 0.081570 -0.172790
v -0.030884 0.116961 -0.201299
v -0.032488 0.117242 -0.198712
v -0.031912 0.115317 -0.199483
v -0.046538 0.091148 -0.175120
v -0.028455 0.096200 -0.203063
v -0.026767 0.093336 -0.205837
v -0.027546 0.096906 -0.204690
v -0.033559 0.118932 -0.197436
v -0.035200 0.118826 -0.195042
v -0.034128 0.117232 -0.196101
v -0.035760 0.105665 -0.193722
v -0.036100 0.107886 -0.193089
v -0.036713 0.106699 -0.192102
v -0.027488 0.118559 -0.207031
v -0.025638 0.116485 -0.209248
v -0.031600 0.102769 -0.199894
v -0.031158 0.104304 -0.200725
v -0.032264 0.104536 -0.199474
v -0.043284 0.101207 -0.181021
v -0.041007 0.101352 -0.184586
v -0.042544 0.106876 -0.182725
v -0.039783 0.117107 -0.187203
v -0.028247 0.108203 -0.204716
v -0.026592 0.109336 -0.207228
v -0.033367 0.105997 -0.197913
v -0.034408 0.104367 -0.196175
v -0.032942 0.103246 -0.198220
v -0.038327 0.119065 -0.190416
v -0.031955 0.100826 -0.198783
v -0.033730 0.101337 -0.196250
v -0.028323 0.099033 -0.203653
v -0.037743 0.108541 -0.190180
v -0.025202 0.105776 -0.209008
v -0.027436 0.102626 -0.205444
v -0.025140 0.101304 -0.209067
v -0.030387 0.097774 -0.200170
v -0.033273 0.115653 -0.197278
v -0.039700 0.118755 -0.187948
v -0.036909 0.088129 -0.189018
v -0.034514 0.087380 -0.193354
v -0.036081 0.091495 -0.191087
v -0.029551 0.092540 -0.201256
v -0.041773 0.095868 -0.182388
v -0.038768 0.096925 -0.187110
v -0.041080 0.090398 -0.182837
v -0.038908 0.085708 -0.185646
v -0.039300 0.092032 -0.185508
v -0.044702 0.116453 -0.180397
v -0.046053 0.113558 -0.177897
v -0.044022 0.112282 -0.180948
v -0.041878 0.112024 -0.183907
v -0.026155 0.097813 -0.207081
v -0.031783 0.110312 -0.199877
v -0.031649 0.106957 -0.200198
v -0.029937 0.109200 -0.202462
v -0.029666 0.118638 -0.203665
v -0.029129 0.120169 -0.205108
v -0.036838 0.095030 -0.190223
v -0.034626 0.093221 -0.193652
v -0.035786 0.099108 -0.192524
v -0.027307 0.106155 -0.205833
v -0.033635 0.109424 -0.197214
v -0.044589 0.108585 -0.179832
v -0.045335 0.104433 -0.178182
v -0.030371 0.113043 -0.201780
v -0.036775 0.115320 -0.191771
v -0.039658 0.105386 -0.187040
v -0.041431 0.119438 -0.185653
v -0.041488 0.117500 -0.184893
v -0.034860 0.107361 -0.195391
v -0.032910 0.120482 -0.199240
v -0.034505 0.120334 -0.196711
v -0.038647 0.101215 -0.188187
v -0.030017 0.101847 -0.201725
v -0.030972 0.120514 -0.202487
v -0.032172 0.118954 -0.199819
v -0.031079 0.119169 -0.201569
v -0.031995 0.120091 -0.200676
v -0.032166 0.120873 -0.200948
v -0.038037 0.114492 -0.189436
v -0.036593 0.112708 -0.191822
v -0.042425 0.114908 -0.183308
v -0.029406 0.105630 -0.202968
v -0.035585 0.109961 -0.193717
v -0.034809 0.112099 -0.194860
v -0.032817 0.113128 -0.198076
v -0.034808 0.090550 -0.193111
v -0.033626 0.089879 -0.195056
v -0.037767 0.092971 -0.188185
v -0.024198 0.093227 -0.209902
v -0.032424 0.095326 -0.196946
v -0.032752 0.098743 -0.196941
v -0.024583 0.110145 -0.210426
v -0.034880 0.114872 -0.194740
v -0.032050 0.090660 -0.197565
v -0.023479 0.097447 -0.211672
v -0.071692 0.087861 -0.155506
v -0.073848 0.087932 -0.152383
v -0.072741 0.090439 -0.155081
v -0.068824 0.089956 -0.161002
v -0.069585 0.086715 -0.158134
v -0.070948 0.090241 -0.157562
v -0.062500 0.085605 -0.170039
v -0.063286 0.082813 -0.167148
v -0.064837 0.087515 -0.166611
v -0.048432 0.069195 -0.192956
v -0.049662 0.070640 -0.190922
v -0.049300 0.072952 -0.192370
v -0.052161 0.074375 -0.186559
v -0.052915 0.078383 -0.186406
v -0.051268 0.074082 -0.188469
v -0.063014 0.076120 -0.164788
v -0.061749 0.072924 -0.166391
v -0.063132 0.072609 -0.163684
v -0.051983 0.067169 -0.185018
v -0.052499 0.065025 -0.183565
v -0.053393 0.068738 -0.182473
v -0.046467 0.068370 -0.196676
v -0.047177 0.066607 -0.194583
v -0.047827 0.070401 -0.194404
v -0.062596 0.079623 -0.167148
v -0.061502 0.078787 -0.169013
v -0.061846 0.076844 -0.167278
v -0.048469 0.066652 -0.192407
v -0.060348 0.070782 -0.168436
v -0.060922 0.068455 -0.166927
v -0.055544 0.073541 -0.179242
v -0.056320 0.071508 -0.176914
v -0.057619 0.076008 -0.175977
v -0.054311 0.071157 -0.181199
v -0.053774 0.070716 -0.182384
v -0.071546 0.084321 -0.154076
v -0.068099 0.082253 -0.158449
v -0.045655 0.064305 -0.197228
v -0.044462 0.063020 -0.199106
v -0.044526 0.060651 -0.198758
v -0.065942 0.074219 -0.159496
v -0.064363 0.074871 -0.162206
v -0.065341 0.071665 -0.159952
v -0.065280 0.084305 -0.164192
v -0.065279 0.082581 -0.163362
v -0.066208 0.083551 -0.162312
v -0.051662 0.068951 -0.186398
v -0.050639 0.065380 -0.187630
v -0.056826 0.077992 -0.177976
v -0.056434 0.079685 -0.179485
v -0.055287 0.076379 -0.180665
v -0.067172 0.074301 -0.157419
v -0.066913 0.072918 -0.157506
v -0.059250 0.076891 -0.172736
v -0.059390 0.073893 -0.171291
v -0.060433 0.077144 -0.170588
v -0.063446 0.090439 -0.170568
v -0.049709 0.067544 -0.190506
v -0.059425 0.079620 -0.173705
v -0.065663 0.080829 -0.161967
v -0.064417 0.082206 -0.164579
v -0.064634 0.078066 -0.162706
v -0.063959 0.073144 -0.162380
v -0.057828 0.073218 -0.174152
v -0.057091 0.070410 -0.174966
v -0.058064 0.071026 -0.173019
v -0.068626 0.076220 -0.155649
v -0.068650 0.073708 -0.155114
v -0.070394 0.074244 -0.152586
v -0.056111 0.067987 -0.176174
v -0.055161 0.067833 -0.177982
v -0.064546 0.070237 -0.161098
v -0.061405 0.088395 -0.173295
v -0.053220 0.076148 -0.185011
v -0.053855 0.075497 -0.183703
v -0.054397 0.080003 -0.183640
v -0.058357 0.068978 -0.171782
v -0.059311 0.068205 -0.169598
v -0.059465 0.071068 -0.170260
v -0.069694 0.071233 -0.153117
v -0.067978 0.071905 -0.155700
v -0.070467 0.080505 -0.154263
v -0.068654 0.078804 -0.156258
v -0.070138 0.077576 -0.153640
v -0.061955 0.081651 -0.169161
v -0.060338 0.073103 -0.169068
v -0.054258 0.072896 -0.181825
v -0.054293 0.075085 -0.182313
v -0.058852 0.083497 -0.176198
v -0.059646 0.082676 -0.174297
v -0.060043 0.085704 -0.174811
v -0.063529 0.079866 -0.165358
v -0.072077 0.078675 -0.151360
v -0.071561 0.076440 -0.151420
v -0.066776 0.077515 -0.158874
v -0.055677 0.079052 -0.180988
v -0.054855 0.077585 -0.182184
v -0.053588 0.066342 -0.181384
v -0.060984 0.082603 -0.171711
v -0.060642 0.079560 -0.171036
v -0.073304 0.081519 -0.150565
v -0.049042 0.063648 -0.190945
v -0.050436 0.067807 -0.188655
v -0.058853 0.080496 -0.175182
v -0.058155 0.078954 -0.175927
v -0.061010 0.085068 -0.172699
v -0.059827 0.087796 -0.175772
v -0.058653 0.085681 -0.177025
v -0.060892 0.075685 -0.168939
v -0.067773 0.075331 -0.156799
v -0.056295 0.081736 -0.180254
v -0.057597 0.082477 -0.178147
v -0.057433 0.084973 -0.179258
v -0.057081 0.080081 -0.178182
v -0.058130 0.080924 -0.176559
v -0.053005 0.070600 -0.183843
v -0.066820 0.071550 -0.157597
v -0.066462 0.086811 -0.163281
v -0.067068 0.090532 -0.164226
v -0.058827 0.071098 -0.171664
v -0.053572 0.073129 -0.183340
v -0.043035 0.062073 -0.201241
v -0.044608 0.065722 -0.199363
v -0.054616 0.069320 -0.179914
v -0.052769 0.072884 -0.185100
v -0.050467 0.070231 -0.189303
v -0.041749 0.062348 -0.203548
v -0.042901 0.065143 -0.202086
v -0.041467 0.063955 -0.204509
v -0.051426 0.071179 -0.187462
v -0.057112 0.068170 -0.173938
v -0.064908 0.091614 -0.168417
v -0.046747 0.061576 -0.194654
v -0.067562 0.085647 -0.160722
v -0.066181 0.092069 -0.166376
v -0.041433 0.059913 -0.203578
v -0.074116 0.091072 -0.153257
v -0.063273 0.069838 -0.163106
v -0.055410 0.080457 -0.181818
v -0.050318 0.074446 -0.190466
v -0.052915 0.078383 -0.186406
v -0.052931 0.082784 -0.187179
v -0.051382 0.078456 -0.189161
v -0.045188 0.078023 -0.200619
v -0.043203 0.077243 -0.203613
v -0.043476 0.072453 -0.202764
v -0.040757 0.069122 -0.206730
v -0.041770 0.074080 -0.205860
v -0.042225 0.067283 -0.203993
v -0.050022 0.087932 -0.193466
v -0.050551 0.090941 -0.193038
v -0.049383 0.088370 -0.194504
v -0.060352 0.092658 -0.176432
v -0.058708 0.088620 -0.178013
v -0.060430 0.090057 -0.175423
v -0.044574 0.082484 -0.202356
v -0.045136 0.074181 -0.200268
v -0.040343 0.093494 -0.209233
v -0.038657 0.093492 -0.211463
v -0.039553 0.090280 -0.210235
v -0.041094 0.093310 -0.207976
v -0.041609 0.095884 -0.207353
v -0.043657 0.068483 -0.201903
v -0.044280 0.067523 -0.200519
v -0.045077 0.070810 -0.199708
v -0.046346 0.075892 -0.198384
v -0.046830 0.080122 -0.198282
v -0.047366 0.078657 -0.197156
v -0.048109 0.080975 -0.196214
v -0.047391 0.084467 -0.197674
v -0.045994 0.082195 -0.199743
v -0.041922 0.077319 -0.205940
v -0.042722 0.080021 -0.205028
v -0.041115 0.079171 -0.207259
v -0.044608 0.065722 -0.199363
v -0.046467 0.068370 -0.196676
v -0.045512 0.068847 -0.198505
v -0.040187 0.096598 -0.209547
v -0.045604 0.083493 -0.200541
v -0.045681 0.084774 -0.200398
v -0.062277 0.094742 -0.174175
v -0.061503 0.096531 -0.175530
v -0.044901 0.067848 -0.199532
v -0.055479 0.097381 -0.185236
v -0.057286 0.098288 -0.182491
v -0.056977 0.101692 -0.183354
v -0.045777 0.087375 -0.200366
v -0.057052 0.088023 -0.180625
v -0.056511 0.090363 -0.182247
v -0.056200 0.087141 -0.181953
v -0.047130 0.087319 -0.198336
v -0.046467 0.085750 -0.199318
v -0.055827 0.101428 -0.185349
v -0.054010 0.083001 -0.185069
v -0.051009 0.088072 -0.191669
v -0.051159 0.085277 -0.190973
v -0.051988 0.087596 -0.190020
v -0.052985 0.087013 -0.188401
v -0.051575 0.082707 -0.189681
v -0.059346 0.099859 -0.179740
v -0.058125 0.097415 -0.181292
v -0.062136 0.092142 -0.173476
v -0.059031 0.096711 -0.179756
v -0.061449 0.099413 -0.176550
v -0.042901 0.065143 -0.202086
v -0.046423 0.072139 -0.197460
v -0.041286 0.085742 -0.207525
v -0.040002 0.081884 -0.209095
v -0.042272 0.083317 -0.205781
v -0.040428 0.075887 -0.207842
v -0.050120 0.076291 -0.191141
v -0.050318 0.074446 -0.190466
v -0.052631 0.090105 -0.189129
v -0.040231 0.087592 -0.209117
v -0.041916 0.090083 -0.206695
v -0.040873 0.091162 -0.208410
v -0.055885 0.093325 -0.184153
v -0.057311 0.094895 -0.181969
v -0.047164 0.094673 -0.198711
v -0.045417 0.095335 -0.201446
v -0.045948 0.092925 -0.200381
v -0.047619 0.076703 -0.196021
v -0.058358 0.091474 -0.179408
v -0.060292 0.096794 -0.177693
v -0.059559 0.094555 -0.178231
v -0.057433 0.084973 -0.179258
v -0.056217 0.084401 -0.181363
v -0.056295 0.081736 -0.180254
v -0.054519 0.087942 -0.185493
v -0.048761 0.076380 -0.194008
v -0.049316 0.075556 -0.192663
v -0.050147 0.078990 -0.191633
v -0.057959 0.093637 -0.180486
v -0.053823 0.088952 -0.187000
v -0.053453 0.089654 -0.187657
v -0.049418 0.085187 -0.194185
v -0.042903 0.088095 -0.204962
v -0.043983 0.086249 -0.203223
v -0.055240 0.085195 -0.183379
v -0.054191 0.091904 -0.186524
v -0.046601 0.091396 -0.199267
v -0.055410 0.080457 -0.181818
v -0.047827 0.070401 -0.194404
v -0.048484 0.073553 -0.193808
v -0.047612 0.072798 -0.195404
v -0.054628 0.099792 -0.187308
v -0.041467 0.063955 -0.204509
v -0.057248 0.086657 -0.179845
v -0.049100 0.080159 -0.193990
v -0.046132 0.084198 -0.199551
v -0.048144 0.087663 -0.196281
v -0.051800 0.094421 -0.191287
v -0.053082 0.096633 -0.189417
v -0.051653 0.097701 -0.191689
v -0.053842 0.094895 -0.187754
v -0.044899 0.090371 -0.202148
v -0.060858 0.101322 -0.177775
v -0.063628 0.093545 -0.171349
v -0.063446 0.090439 -0.170568
v -0.052462 0.092939 -0.190054
v -0.043545 0.092114 -0.203985
v -0.059140 0.103314 -0.180416
v -0.061096 0.103459 -0.177635
v -0.051633 0.090418 -0.190907
v -0.050716 0.094225 -0.193198
v -0.050133 0.095949 -0.194204
v -0.058653 0.085681 -0.177025
v -0.059827 0.087796 -0.175772
v -0.042883 0.094792 -0.205278
v -0.063463 0.095121 -0.172299
v -0.043978 0.094987 -0.203529
v -0.050253 0.082570 -0.191872
v -0.041722 0.092992 -0.207167
v -0.062238 0.102548 -0.175844
v -0.048748 0.090094 -0.195504
v -0.061405 0.088395 -0.173295
v -0.047520 0.089674 -0.197583
v -0.051268 0.074082 -0.188469
v -0.048842 0.093026 -0.195960
v -0.040079 0.084422 -0.209367
v -0.054397 0.080003 -0.183640
v -0.049300 0.072952 -0.192370
v -0.048802 0.097248 -0.196150
v -0.057140 0.044973 -0.173965
v -0.056098 0.048090 -0.175634
v -0.055672 0.045952 -0.176592
v -0.062619 0.042748 -0.165160
v -0.063632 0.040191 -0.162989
v -0.064298 0.043383 -0.161869
v -0.070325 0.040086 -0.152229
v -0.069024 0.038060 -0.154383
v -0.071101 0.037235 -0.151633
v -0.068703 0.034360 -0.155358
v -0.067234 0.037171 -0.157257
v -0.077382 0.035859 -0.143070
v -0.077178 0.039735 -0.142685
v -0.076342 0.036267 -0.144436
v -0.076420 0.041305 -0.143807
v -0.076615 0.043962 -0.143147
v -0.075380 0.041878 -0.145021
v -0.057643 0.048649 -0.172959
v -0.058632 0.049545 -0.171232
v -0.058209 0.051506 -0.171710
v -0.066291 0.034053 -0.159028
v -0.067016 0.034609 -0.157792
v -0.065975 0.036621 -0.159073
v -0.066996 0.032272 -0.158145
v -0.068058 0.032103 -0.156797
v -0.067762 0.034214 -0.156784
v -0.056928 0.051228 -0.173993
v -0.055526 0.053144 -0.176447
v -0.056350 0.050172 -0.175034
v -0.074319 0.040644 -0.146739
v -0.074080 0.043701 -0.146580
v -0.067705 0.035249 -0.156876
v -0.055521 0.050514 -0.176650
v -0.054695 0.049113 -0.178010
v -0.075901 0.039121 -0.144647
v -0.078231 0.034771 -0.142023
v -0.078640 0.032268 -0.142018
v -0.079545 0.035755 -0.140077
v -0.059076 0.050185 -0.170209
v -0.059254 0.048201 -0.170193
v -0.059914 0.050177 -0.169050
v -0.065904 0.043531 -0.158706
v -0.065653 0.046145 -0.158968
v -0.064855 0.045962 -0.160468
v -0.054670 0.051940 -0.178107
v -0.054233 0.054491 -0.178780
v -0.059350 0.039524 -0.170109
v -0.061798 0.038357 -0.166027
v -0.060595 0.042239 -0.168355
v -0.062000 0.046401 -0.165940
v -0.062326 0.049354 -0.164886
v -0.060780 0.048514 -0.167597
v -0.070508 0.034044 -0.153052
v -0.071647 0.034348 -0.151381
v -0.071945 0.044496 -0.149522
v -0.070415 0.042664 -0.151766
v -0.071732 0.041467 -0.150172
v -0.077636 0.033305 -0.143447
v -0.063231 0.031505 -0.163642
v -0.065284 0.030740 -0.160763
v -0.064109 0.033346 -0.162319
v -0.061421 0.032035 -0.166425
v -0.060748 0.030500 -0.167628
v -0.062637 0.029490 -0.164775
v -0.063036 0.046008 -0.164071
v -0.063802 0.048596 -0.162049
v -0.081178 0.039474 -0.137386
v -0.079835 0.039959 -0.139091
v -0.080338 0.037969 -0.138717
v -0.075459 0.036095 -0.145830
v -0.068961 0.041296 -0.154209
v -0.063228 0.026881 -0.164408
v -0.064580 0.027584 -0.162261
v -0.067516 0.040552 -0.156615
v -0.067630 0.043527 -0.155825
v -0.078513 0.037882 -0.141284
v -0.066279 0.026473 -0.160280
v -0.065505 0.028307 -0.160949
v -0.064661 0.038676 -0.161082
v -0.061303 0.044884 -0.167261
v -0.065163 0.034541 -0.160638
v -0.062908 0.039538 -0.164147
v -0.062199 0.032977 -0.165261
v -0.073038 0.040267 -0.148511
v -0.072624 0.036285 -0.149632
v -0.062595 0.034623 -0.164594
v -0.066692 0.028025 -0.159368
v -0.066819 0.045987 -0.157002
v -0.080806 0.036899 -0.138028
v -0.053517 0.052915 -0.180251
v -0.073617 0.038168 -0.147829
v -0.073665 0.035261 -0.148501
v -0.072508 0.032966 -0.150345
v -0.073710 0.032020 -0.149023
v -0.066377 0.031521 -0.159218
v -0.063632 0.037094 -0.162922
v -0.061144 0.034578 -0.166925
v -0.065101 0.025920 -0.161871
v -0.058820 0.043138 -0.171266
v -0.070302 0.045972 -0.151665
v -0.064642 0.024907 -0.162408
v -0.066742 0.024349 -0.159799
v -0.078590 0.040716 -0.140715
v -0.065771 0.040204 -0.159332
v -0.074674 0.037993 -0.146524
v -0.074647 0.034375 -0.147137
v -0.059698 0.036457 -0.169404
v -0.059803 0.034201 -0.168998
v -0.067669 0.029318 -0.157781
v -0.068952 0.029276 -0.156003
v -0.074227 0.029287 -0.149100
v -0.073206 0.027215 -0.150805
v -0.074657 0.027157 -0.148802
v -0.069805 0.035920 -0.153603
v -0.064390 0.029213 -0.162358
v -0.072643 0.030121 -0.150919
v -0.066622 0.029640 -0.159282
v -0.075109 0.031309 -0.147380
v -0.075685 0.028870 -0.147095
v -0.075856 0.026954 -0.147019
v -0.068192 0.025629 -0.157738
v -0.070109 0.023061 -0.155556
v -0.069856 0.024591 -0.155669
v -0.071370 0.031490 -0.152413
v -0.064935 0.023415 -0.162152
v -0.067640 0.021507 -0.158462
v -0.074404 0.025849 -0.149431
v -0.073586 0.024985 -0.150796
v -0.075021 0.025004 -0.148718
v -0.075246 0.025918 -0.147994
v -0.070020 0.032139 -0.153989
v -0.057554 0.041673 -0.173145
v -0.069402 0.026565 -0.155981
v -0.071391 0.024625 -0.153733
v -0.069321 0.043701 -0.153321
v -0.068349 0.045758 -0.154399
v -0.059858 0.045496 -0.169475
v -0.072521 0.024556 -0.152161
v -0.073296 0.023832 -0.151252
v -0.058507 0.045906 -0.171716
v -0.070447 0.030180 -0.153815
v -0.071580 0.028703 -0.152741
v -0.071928 0.026101 -0.152575
v -0.061629 0.036083 -0.166103
v -0.069378 0.030825 -0.155143
v -0.069444 0.029439 -0.155314
v -0.070323 0.028074 -0.154570
v -0.077006 0.031134 -0.144881
v -0.077144 0.027856 -0.145411
v -0.075846 0.033619 -0.145757
v -0.076813 0.033797 -0.144385
v -0.078340 0.029232 -0.143370
v -0.060705 0.036963 -0.167727
v -0.072807 0.043087 -0.148275
v -0.059972 0.032392 -0.168827
v -0.048725 0.104821 -0.196820
v -0.050334 0.104067 -0.194478
v -0.049752 0.105947 -0.195307
v -0.054103 0.103662 -0.188441
v -0.052596 0.102697 -0.190516
v -0.053278 0.100389 -0.189604
v -0.055827 0.101428 -0.185349
v -0.055274 0.103381 -0.186374
v -0.054628 0.099792 -0.187308
v -0.046760 0.117511 -0.199156
v -0.046741 0.119262 -0.198712
v -0.046291 0.117728 -0.199863
v -0.048418 0.117012 -0.196567
v -0.047835 0.116097 -0.197937
v -0.048398 0.114555 -0.197180
v -0.048496 0.118959 -0.196034
v -0.049051 0.119134 -0.195355
v -0.048558 0.120306 -0.195526
v -0.049349 0.115201 -0.195786
v -0.050022 0.115922 -0.194544
v -0.049237 0.117431 -0.195359
v -0.051541 0.103623 -0.192192
v -0.051606 0.106070 -0.192323
v -0.053666 0.111319 -0.189144
v -0.053632 0.114163 -0.188661
v -0.052590 0.113580 -0.190776
v -0.056888 0.107818 -0.184104
v -0.056571 0.105020 -0.184675
v -0.057628 0.106929 -0.182678
v -0.052894 0.105707 -0.190395
v -0.050853 0.107676 -0.193717
v -0.049466 0.107532 -0.195822
v -0.054210 0.107856 -0.188515
v -0.050704 0.120766 -0.191109
v -0.050159 0.121732 -0.191547
v -0.050035 0.121056 -0.192486
v -0.057376 0.108411 -0.183034
v -0.049474 0.118641 -0.194706
v -0.050076 0.119135 -0.193668
v -0.049202 0.119952 -0.194670
v -0.052328 0.108568 -0.191148
v -0.048986 0.112276 -0.196413
v -0.047905 0.112652 -0.197811
v -0.047871 0.110342 -0.198071
v -0.047133 0.111360 -0.199218
v -0.056271 0.119077 -0.179754
v -0.055531 0.119781 -0.180601
v -0.055748 0.118879 -0.181273
v -0.058534 0.114201 -0.179860
v -0.057629 0.115041 -0.180848
v -0.057439 0.114394 -0.181798
v -0.053470 0.119457 -0.185420
v -0.053132 0.120701 -0.184729
v -0.052669 0.120302 -0.186549
v -0.050084 0.117492 -0.194093
v -0.054823 0.115861 -0.185880
v -0.056270 0.115039 -0.183817
v -0.055604 0.116261 -0.184169
v -0.048768 0.109302 -0.196925
v -0.052331 0.100310 -0.190956
v -0.051869 0.118772 -0.189768
v -0.052616 0.118905 -0.188157
v -0.051770 0.120030 -0.189141
v -0.056888 0.113451 -0.183228
v -0.058109 0.112728 -0.181309
v -0.051457 0.110333 -0.192697
v -0.052475 0.111221 -0.191088
v -0.057869 0.110973 -0.181905
v -0.057244 0.111947 -0.182935
v -0.056765 0.110151 -0.183737
v -0.056271 0.119675 -0.179157
v -0.056977 0.101692 -0.183354
v -0.055576 0.108772 -0.186103
v -0.055148 0.105933 -0.186789
v -0.055783 0.113932 -0.185077
v -0.056369 0.112341 -0.184193
v -0.055448 0.112056 -0.185890
v -0.049913 0.122755 -0.190211
v -0.049571 0.122553 -0.191621
v -0.050152 0.122228 -0.190647
v -0.054608 0.118990 -0.183499
v -0.054276 0.118664 -0.184809
v -0.051653 0.097701 -0.191689
v -0.053082 0.096633 -0.189417
v -0.050286 0.120117 -0.192623
v -0.050612 0.117808 -0.192993
v -0.053817 0.118367 -0.186116
v -0.054049 0.117308 -0.186373
v -0.054394 0.117458 -0.185324
v -0.056638 0.115984 -0.182096
v -0.057959 0.115669 -0.179913
v -0.057066 0.116991 -0.180483
v -0.052860 0.116236 -0.189605
v -0.052607 0.117818 -0.189079
v -0.051900 0.117663 -0.190722
v -0.052728 0.119645 -0.187186
v -0.056392 0.117856 -0.180807
v -0.055814 0.117705 -0.182036
v -0.051118 0.119062 -0.191607
v -0.054687 0.109860 -0.187844
v -0.054876 0.111095 -0.187349
v -0.055022 0.117496 -0.184081
v -0.053187 0.117951 -0.187580
v -0.050203 0.113607 -0.194274
v -0.053489 0.116980 -0.187878
v -0.048654 0.121641 -0.194437
v -0.050891 0.116019 -0.193229
v -0.047589 0.114015 -0.198404
v -0.050502 0.121621 -0.190467
v -0.050714 0.122032 -0.189449
v -0.051384 0.100896 -0.192470
v -0.051787 0.115790 -0.191494
v -0.051275 0.117329 -0.191977
v -0.053992 0.120722 -0.182517
v -0.053500 0.121300 -0.182595
v -0.054372 0.112726 -0.187547
v -0.052153 0.120352 -0.187536
v -0.053798 0.115700 -0.187922
v -0.047384 0.117752 -0.198085
v -0.047028 0.116301 -0.198957
v -0.050116 0.110320 -0.194816
v -0.054587 0.119982 -0.182270
v -0.046137 0.116185 -0.200092
v -0.052441 0.121732 -0.184740
v -0.051680 0.121803 -0.186378
v -0.051719 0.121187 -0.187760
v -0.054558 0.114325 -0.186913
v -0.050495 0.098323 -0.193889
v -0.049494 0.121764 -0.192894
v -0.045809 0.118334 -0.200485
v -0.051041 0.111986 -0.193249
v -0.051811 0.112108 -0.192203
v -0.051404 0.113884 -0.192421
v -0.058122 0.108966 -0.181642
v -0.059116 0.107062 -0.180508
v -0.059135 0.109110 -0.180200
v -0.057836 0.104756 -0.182323
v -0.054678 0.116793 -0.185143
v -0.059140 0.103314 -0.180416
v -0.055079 0.120539 -0.180334
v -0.047728 0.107997 -0.198400
v -0.048310 0.106870 -0.197358
v -0.050813 0.102391 -0.193410
v -0.059130 0.110910 -0.180134
v -0.049996 0.100554 -0.194628
v -0.051101 0.121229 -0.189520
v -0.047968 0.120292 -0.196353
v -0.047734 0.118865 -0.197144
v -0.047364 0.120799 -0.197266
v -0.046680 0.114834 -0.199763
v -0.056900 0.118013 -0.179525
v -0.049609 0.120680 -0.193600
v -0.046858 0.113572 -0.199470
v -0.047283 0.115002 -0.198798
v -0.047205 0.114203 -0.198831
v -0.047910 0.117568 -0.197402
v -0.044078 0.121433 -0.183271
v -0.042047 0.120803 -0.185550
v -0.042592 0.122195 -0.185988
v -0.049143 0.120295 -0.174824
v -0.050720 0.121280 -0.173017
v -0.051134 0.120040 -0.171602
v -0.040450 0.120315 -0.187657
v -0.041102 0.121385 -0.187583
v -0.047094 0.117786 -0.176922
v -0.045477 0.118500 -0.179700
v -0.046707 0.119692 -0.178289
v -0.051921 0.123034 -0.182947
v -0.052386 0.122742 -0.182120
v -0.052283 0.122894 -0.181608
v -0.050631 0.122492 -0.188368
v -0.050107 0.123077 -0.188009
v -0.049464 0.123202 -0.189489
v -0.042826 0.123586 -0.187483
v -0.044747 0.123203 -0.184037
v -0.051610 0.123647 -0.179845
v -0.051075 0.123930 -0.179491
v -0.050545 0.123916 -0.180757
v -0.051930 0.123894 -0.178033
v -0.051070 0.124256 -0.178560
v -0.049495 0.123482 -0.188746
v -0.047286 0.124188 -0.189170
v -0.048497 0.123710 -0.187863
v -0.047598 0.124044 -0.187730
v -0.046415 0.109229 -0.176989
v -0.048255 0.111980 -0.174166
v -0.049127 0.107720 -0.172812
v -0.047654 0.115383 -0.175507
v -0.049515 0.116860 -0.172839
v -0.050841 0.113738 -0.170177
v -0.049491 0.123561 -0.186161
v -0.050835 0.123205 -0.184635
v -0.049953 0.123522 -0.184524
v -0.047944 0.124574 -0.183164
v -0.047622 0.124477 -0.184271
v -0.048509 0.124247 -0.183215
v -0.051480 0.124262 -0.177454
v -0.050760 0.124134 -0.179313
v -0.046053 0.113558 -0.177897
v -0.055079 0.120539 -0.180334
v -0.055055 0.121408 -0.179094
v -0.053500 0.121300 -0.182595
v -0.044702 0.116453 -0.180397
v -0.050841 0.122618 -0.186802
v -0.050248 0.124174 -0.180113
v -0.049554 0.124406 -0.180779
v -0.049880 0.124246 -0.181071
v -0.048530 0.124183 -0.184362
v -0.048752 0.123896 -0.185530
v -0.049439 0.123796 -0.184043
v -0.050463 0.123121 -0.186907
v -0.049175 0.124045 -0.183329
v -0.043922 0.119469 -0.182312
v -0.041431 0.119438 -0.185653
v -0.048162 0.123925 -0.189260
v -0.048453 0.123914 -0.189916
v -0.049051 0.123729 -0.188602
v -0.047413 0.124850 -0.183681
v -0.046754 0.124855 -0.183825
v -0.046863 0.124919 -0.184717
v -0.049584 0.124060 -0.182083
v -0.048537 0.124539 -0.182116
v -0.052709 0.123425 -0.178455
v -0.051831 0.123072 -0.182092
v -0.051342 0.123088 -0.183022
v -0.050806 0.123581 -0.181672
v -0.049896 0.123810 -0.182918
v -0.050376 0.123446 -0.183188
v -0.048439 0.123844 -0.186847
v -0.047740 0.124281 -0.186660
v -0.047655 0.124310 -0.185566
v -0.050803 0.123315 -0.183548
v -0.051264 0.123286 -0.182360
v -0.046255 0.124753 -0.187430
v -0.047037 0.124442 -0.187409
v -0.047056 0.124510 -0.186561
v -0.041488 0.117500 -0.184893
v -0.051680 0.121803 -0.186378
v -0.051609 0.122282 -0.185439
v -0.050971 0.122929 -0.185733
v -0.051718 0.122772 -0.184275
v -0.049267 0.124395 -0.181452
v -0.048866 0.124506 -0.180974
v -0.049056 0.118794 -0.174170
v -0.052412 0.122126 -0.183757
v -0.053303 0.122033 -0.181631
v -0.046601 0.124501 -0.188409
v -0.046740 0.124687 -0.185816
v -0.047872 0.124471 -0.181522
v -0.048542 0.124040 -0.180054
v -0.052282 0.123272 -0.180618
v -0.052769 0.123736 -0.176889
v -0.052121 0.124146 -0.176732
v -0.052241 0.123827 -0.177204
v -0.050238 0.123383 -0.186337
v -0.053222 0.122678 -0.180430
v -0.052705 0.122648 -0.181370
v -0.053000 0.122444 -0.181420
v -0.053847 0.122276 -0.179880
v -0.049948 0.123484 -0.177134
v -0.051174 0.123873 -0.176270
v -0.050146 0.123029 -0.176013
v -0.050975 0.122373 -0.173736
v -0.049535 0.121530 -0.175171
v -0.050237 0.122472 -0.175056
v -0.049548 0.124277 -0.180022
v -0.050327 0.124230 -0.179156
v -0.049561 0.124002 -0.178944
v -0.047540 0.121848 -0.178424
v -0.047945 0.120901 -0.177051
v -0.046654 0.121051 -0.179090
v -0.052578 0.122542 -0.181904
v -0.048797 0.123494 -0.178700
v -0.045394 0.120738 -0.180847
v -0.046114 0.122213 -0.180905
v -0.048573 0.121788 -0.176777
v -0.049454 0.122196 -0.175961
v -0.048856 0.122731 -0.177395
v -0.047696 0.122889 -0.179274
v -0.046185 0.123700 -0.182641
v -0.046920 0.124323 -0.182551
v -0.047129 0.123556 -0.181033
v -0.050496 0.124047 -0.177871
v -0.049293 0.123342 -0.177770
v -0.052441 0.121732 -0.184740
v -0.049862 0.123493 -0.187635
v -0.045968 0.125010 -0.186563
v -0.048017 0.123534 -0.179684
v -0.049645 0.123703 -0.178021
v -0.046372 0.124924 -0.185616
v -0.045967 0.124966 -0.185352
v -0.051308 0.123320 -0.174660
v -0.046054 0.123143 -0.181988
v -0.047599 0.124775 -0.182697
v -0.052409 0.122491 -0.182714
v -0.052670 0.122781 -0.180751
v -0.045411 0.125292 -0.188114
v -0.049034 0.123698 -0.189548
v -0.048803 0.123730 -0.190370
v -0.049492 0.123643 -0.187355
v -0.045926 0.124301 -0.183961
v -0.049913 0.122755 -0.190211
v -0.050714 0.122032 -0.189449
v -0.051719 0.121187 -0.187760
v -0.045721 0.125032 -0.189079
v -0.053706 0.122926 -0.178370
v -0.053610 0.122746 -0.179297
v -0.054360 0.122677 -0.178201
v -0.045068 0.125253 -0.187076
v -0.053004 0.122857 -0.180022
v -0.044741 0.124520 -0.185938
v -0.043782 0.124865 -0.188326
v -0.053101 0.122981 -0.179030
v -0.054772 0.122093 -0.178339
v -0.053427 0.123025 -0.177984
v 0.058791 0.017078 -0.182742
v 0.060041 0.017072 -0.181395
v 0.060546 0.017163 -0.182320
v 0.055599 0.017024 -0.186484
v 0.053690 0.017145 -0.187331
v 0.055214 0.017278 -0.186127
v 0.057290 0.028087 -0.184623
v 0.056884 0.024445 -0.184639
v 0.052914 0.027178 -0.187710
v 0.060889 0.055708 -0.182734
v 0.061615 0.052869 -0.182244
v 0.058072 0.052304 -0.184576
v 0.050146 0.017390 -0.189619
v 0.048941 0.017161 -0.189862
v 0.050266 0.017038 -0.188821
v 0.061631 0.044031 -0.181998
v 0.061229 0.049041 -0.182437
v 0.063820 0.047046 -0.180539
v 0.045791 0.016495 -0.193692
v 0.049170 0.016031 -0.191347
v 0.059131 0.030802 -0.183491
v 0.058498 0.033832 -0.183998
v 0.061672 0.032735 -0.181712
v 0.062931 0.037976 -0.180906
v 0.066042 0.039705 -0.178839
v 0.066404 0.034962 -0.178555
v 0.054499 0.019272 -0.185510
v 0.058661 0.020293 -0.182599
v 0.056918 0.017808 -0.183590
v 0.052534 0.015637 -0.189161
v 0.055292 0.016005 -0.186979
v 0.057894 0.016361 -0.184955
v 0.056680 0.017001 -0.184312
v 0.057718 0.017093 -0.183750
v 0.066943 0.052663 -0.178583
v 0.064286 0.051298 -0.180316
v 0.065712 0.054000 -0.179407
v 0.056971 0.036534 -0.184958
v 0.055493 0.039552 -0.186153
v 0.058364 0.040885 -0.184018
v 0.048903 0.016729 -0.191281
v 0.051068 0.016545 -0.189776
v 0.054410 0.016955 -0.185831
v 0.051469 0.017257 -0.189335
v 0.052869 0.016753 -0.188481
v 0.063760 0.062446 -0.180998
v 0.066039 0.061467 -0.179458
v 0.062857 0.059187 -0.181444
v 0.051135 0.017389 -0.188697
v 0.052080 0.017354 -0.188026
v 0.053558 0.017878 -0.185920
v 0.054892 0.017714 -0.184961
v 0.064388 0.032462 -0.179782
v 0.063916 0.028959 -0.179948
v 0.061248 0.027715 -0.181738
v 0.059362 0.026011 -0.182886
v 0.047139 0.017014 -0.192410
v 0.060555 0.016567 -0.183037
v 0.062078 0.016779 -0.181706
v 0.052992 0.023826 -0.187387
v 0.054852 0.021882 -0.185772
v 0.050653 0.021416 -0.188640
v 0.067818 0.048264 -0.177956
v 0.048166 0.018527 -0.189807
v 0.046420 0.020639 -0.191188
v 0.047448 0.017437 -0.191440
v 0.048998 0.017352 -0.190584
v 0.055902 0.017191 -0.185207
v 0.055688 0.017046 -0.184648
v 0.049612 0.017163 -0.190527
v 0.048447 0.017193 -0.191389
v 0.054741 0.029167 -0.186504
v 0.055675 0.032343 -0.185953
v 0.062714 0.017188 -0.180676
v 0.061560 0.016944 -0.180715
v 0.057264 0.017431 -0.184532
v 0.058707 0.017411 -0.183700
v 0.056590 0.017267 -0.185505
v 0.054355 0.016744 -0.187470
v 0.053173 0.016272 -0.188380
v 0.058002 0.017184 -0.184810
v 0.045625 0.017333 -0.193234
v 0.063771 0.016710 -0.180475
v 0.064260 0.016202 -0.180042
v 0.062284 0.016230 -0.181645
v 0.060049 0.015917 -0.183578
v 0.058928 0.017965 -0.182201
v 0.060153 0.018197 -0.181370
v 0.050094 0.024776 -0.189471
v 0.058314 0.046443 -0.184310
v 0.055799 0.048614 -0.186112
v 0.051675 0.018622 -0.187408
v 0.050290 0.017177 -0.188254
v 0.049178 0.017323 -0.188862
v 0.055751 0.016486 -0.186472
v 0.050555 0.017660 -0.187956
v 0.063281 0.034410 -0.180654
v 0.061063 0.017558 -0.180453
v 0.062644 0.017359 -0.179334
v 0.052385 0.017191 -0.186921
v 0.056893 0.016825 -0.185614
v 0.064425 0.055845 -0.180275
v 0.064937 0.043461 -0.179688
v 0.062762 0.015670 -0.181433
v 0.059598 0.036548 -0.183168
v 0.061611 0.018742 -0.180333
v 0.054143 0.036533 -0.186968
v 0.065384 0.058892 -0.179829
v 0.067296 0.058947 -0.178451
v 0.052111 0.033851 -0.188288
v 0.064651 0.024422 -0.178987
v 0.063700 0.018873 -0.178745
v 0.062527 0.016920 -0.180130
v 0.044617 0.018571 -0.191913
v 0.045628 0.017714 -0.191170
v 0.062616 0.021002 -0.179873
v 0.060833 0.023745 -0.181506
v 0.064145 0.034801 -0.180021
v 0.048915 0.031055 -0.190413
v 0.052852 0.030522 -0.187722
v 0.067325 0.055825 -0.178343
v 0.046745 0.017651 -0.190503
v 0.059412 0.017088 -0.183975
v 0.051241 0.017010 -0.188010
v 0.047536 0.017197 -0.190019
v 0.045885 0.017196 -0.191743
v 0.063285 0.016894 -0.179609
v 0.045779 0.024087 -0.192146
v 0.055232 0.043547 -0.186339
v 0.053683 0.039685 -0.187389
v -0.062434 0.123134 -0.162210
v -0.062550 0.122757 -0.162477
v -0.062762 0.122814 -0.161701
v -0.067730 0.119184 -0.160389
v -0.067225 0.120728 -0.159402
v -0.066098 0.120531 -0.161683
v -0.064746 0.122851 -0.158478
v -0.063515 0.123101 -0.160200
v -0.064325 0.122506 -0.159847
v -0.070377 0.123289 -0.149486
v -0.070922 0.123398 -0.148494
v -0.070364 0.123842 -0.148920
v -0.062522 0.122330 -0.163330
v -0.062317 0.122077 -0.164599
v -0.063207 0.121707 -0.164019
v -0.065809 0.121980 -0.159269
v -0.065171 0.122257 -0.159106
v -0.064698 0.122068 -0.160617
v -0.062985 0.122879 -0.161043
v -0.062448 0.123327 -0.161476
v -0.074825 0.115957 -0.152633
v -0.076231 0.115930 -0.150736
v -0.076364 0.116824 -0.150077
v -0.065856 0.122284 -0.157972
v -0.065758 0.122033 -0.158680
v -0.075233 0.117165 -0.151163
v -0.066403 0.124180 -0.154242
v -0.066013 0.124079 -0.154868
v -0.066409 0.123797 -0.154770
v -0.063557 0.122431 -0.160942
v -0.065612 0.123853 -0.155639
v -0.065205 0.124136 -0.155456
v -0.064995 0.123889 -0.156440
v -0.064309 0.121505 -0.163095
v -0.063852 0.121188 -0.163993
v -0.064864 0.121325 -0.162442
v -0.071565 0.123093 -0.148454
v -0.070781 0.123084 -0.149216
v -0.061568 0.122243 -0.165309
v -0.061497 0.122697 -0.164467
v -0.060825 0.122626 -0.165488
v -0.069849 0.122725 -0.151581
v -0.070546 0.122844 -0.150130
v -0.069719 0.123306 -0.150296
v -0.063700 0.123500 -0.159093
v -0.061828 0.123185 -0.163037
v -0.060942 0.123223 -0.164193
v -0.060905 0.123474 -0.163567
v -0.065179 0.123387 -0.156608
v -0.060646 0.123104 -0.165074
v -0.059972 0.122949 -0.166282
v -0.064900 0.123320 -0.157486
v -0.064381 0.123667 -0.158004
v -0.074192 0.122814 -0.145110
v -0.073346 0.122489 -0.146788
v -0.074276 0.122318 -0.145806
v -0.067982 0.122600 -0.154347
v -0.068430 0.122745 -0.153145
v -0.067756 0.123011 -0.153797
v -0.062829 0.123581 -0.159172
v -0.062709 0.123637 -0.160259
v -0.070782 0.118088 -0.156542
v -0.071907 0.116318 -0.156352
v -0.072316 0.117571 -0.154768
v -0.071703 0.121817 -0.150726
v -0.071344 0.121081 -0.152309
v -0.072930 0.120845 -0.150260
v -0.063566 0.121941 -0.162829
v -0.064256 0.121720 -0.162590
v -0.064041 0.121961 -0.161851
v -0.063930 0.121704 -0.163342
v -0.065349 0.123079 -0.157045
v -0.065857 0.122665 -0.157048
v -0.066002 0.119695 -0.162800
v -0.066938 0.118798 -0.162201
v -0.061768 0.123689 -0.161399
v -0.061234 0.123666 -0.162461
v -0.060088 0.123429 -0.164771
v -0.066199 0.123196 -0.155807
v -0.071233 0.122811 -0.149306
v -0.069373 0.116987 -0.159739
v -0.067903 0.117888 -0.161331
v -0.069770 0.121102 -0.154312
v -0.068937 0.121426 -0.155298
v -0.068676 0.121147 -0.156113
v -0.060381 0.123679 -0.163518
v -0.063219 0.122340 -0.162077
v -0.072131 0.122556 -0.148545
v -0.073206 0.121525 -0.149021
v -0.074106 0.121618 -0.147592
v -0.073152 0.121767 -0.148465
v -0.061892 0.123537 -0.160723
v -0.062233 0.123652 -0.160977
v -0.063604 0.123806 -0.158353
v -0.062139 0.123429 -0.159938
v -0.071109 0.123813 -0.147692
v -0.071264 0.124139 -0.147108
v -0.070723 0.124171 -0.147847
v -0.069201 0.122384 -0.152750
v -0.068555 0.122143 -0.154154
v -0.064759 0.123767 -0.157216
v -0.064090 0.123952 -0.157071
v -0.072409 0.122066 -0.149275
v -0.073114 0.122056 -0.148033
v -0.066586 0.122661 -0.156180
v -0.072000 0.124152 -0.145889
v -0.071429 0.124267 -0.146028
v -0.071551 0.124256 -0.146525
v -0.070378 0.121877 -0.152303
v -0.069731 0.122136 -0.152477
v -0.069435 0.121836 -0.153614
v -0.072028 0.114782 -0.157306
v -0.071256 0.115724 -0.157775
v -0.063046 0.123500 -0.158240
v -0.066073 0.121951 -0.158260
v -0.065993 0.121867 -0.158609
v -0.075739 0.115012 -0.152057
v -0.074588 0.114726 -0.153969
v -0.073053 0.123203 -0.146255
v -0.067660 0.122068 -0.155363
v -0.066979 0.122292 -0.156073
v -0.067130 0.122016 -0.156699
v -0.064658 0.121818 -0.161701
v -0.065235 0.121731 -0.161196
v -0.071812 0.123383 -0.147230
v -0.071893 0.123936 -0.146510
v -0.066327 0.121858 -0.158441
v -0.069969 0.119213 -0.156527
v -0.071269 0.118620 -0.155186
v -0.070892 0.119452 -0.154965
v -0.070601 0.116901 -0.157866
v -0.070528 0.115874 -0.158663
v -0.071094 0.114587 -0.158746
v -0.072641 0.123630 -0.145979
v -0.068509 0.123136 -0.152415
v -0.068935 0.122841 -0.152093
v -0.068655 0.123269 -0.151919
v -0.067118 0.122707 -0.155095
v -0.068028 0.121715 -0.156252
v -0.067042 0.121774 -0.157725
v -0.067716 0.121192 -0.157544
v -0.069440 0.118295 -0.158325
v -0.065893 0.124203 -0.154465
v -0.074048 0.113551 -0.155356
v -0.074436 0.112182 -0.155607
v -0.074976 0.112960 -0.154340
v -0.071016 0.124254 -0.147002
v -0.073426 0.123603 -0.144925
v -0.072304 0.124158 -0.145133
v -0.072641 0.124036 -0.145490
v -0.071919 0.124022 -0.144729
v -0.065851 0.121254 -0.160806
v -0.068057 0.123200 -0.152948
v -0.066281 0.121286 -0.159821
v -0.065745 0.121722 -0.160167
v -0.075849 0.112227 -0.153516
v -0.075119 0.110788 -0.155161
v -0.072430 0.122955 -0.147426
v -0.071895 0.113373 -0.158243
v -0.073022 0.112585 -0.157247
v -0.072809 0.113811 -0.156805
v -0.073818 0.117299 -0.152890
v -0.073347 0.116255 -0.154477
v -0.063807 0.122109 -0.161327
v -0.064546 0.120536 -0.164351
v -0.069092 0.123225 -0.151338
v -0.068251 0.121850 -0.155178
v -0.075865 0.113784 -0.152746
v -0.066590 0.121581 -0.159000
v -0.068794 0.121659 -0.154792
v -0.070750 0.122365 -0.150999
v -0.071346 0.122339 -0.149878
v -0.075064 0.118235 -0.150407
v -0.065647 0.124148 -0.155188
v -0.076293 0.111037 -0.153284
v -0.073175 0.114849 -0.155575
v -0.074254 0.119014 -0.150784
v -0.072754 0.118801 -0.153017
v -0.074682 0.120244 -0.148702
v -0.073327 0.119825 -0.151016
v -0.073868 0.115393 -0.154371
v -0.071244 0.120136 -0.153612
v -0.072123 0.120416 -0.151844
v -0.068953 0.119581 -0.158105
v -0.069203 0.120366 -0.156438
v -0.066465 0.121943 -0.157679
v -0.069223 0.121417 -0.154501
v -0.073622 0.121780 -0.147766
v -0.066586 0.122661 -0.156180
v -0.066199 0.123196 -0.155807
v -0.074249 0.122016 -0.146639
v -0.075633 0.119413 -0.148349
v -0.070235 0.115437 -0.159522
v -0.069737 0.118885 -0.157332
v -0.074955 0.121061 -0.147162
v -0.046109 0.119886 -0.199579
v -0.046241 0.121270 -0.198670
v -0.045314 0.120107 -0.200481
v -0.044075 0.125640 -0.191327
v -0.043331 0.125551 -0.191433
v -0.043225 0.125681 -0.192353
v -0.045721 0.125032 -0.189079
v -0.046230 0.124725 -0.189673
v -0.046601 0.124501 -0.188409
v -0.044249 0.124822 -0.194107
v -0.045061 0.124548 -0.194096
v -0.044842 0.124768 -0.193191
v -0.045795 0.123672 -0.196942
v -0.044979 0.124338 -0.197276
v -0.045057 0.123809 -0.198277
v -0.045334 0.124338 -0.196669
v -0.044795 0.124636 -0.196794
v -0.041378 0.125484 -0.197201
v -0.041798 0.125122 -0.198436
v -0.042545 0.124891 -0.197701
v -0.043570 0.124831 -0.198175
v -0.042894 0.124950 -0.198897
v -0.043402 0.124819 -0.198703
v -0.044227 0.124615 -0.195170
v -0.045027 0.124540 -0.196096
v -0.044144 0.124660 -0.196430
v -0.043799 0.124957 -0.194590
v -0.044140 0.125221 -0.193328
v -0.044400 0.123698 -0.199580
v -0.045173 0.122344 -0.199804
v -0.043970 0.125545 -0.192483
v -0.043290 0.125407 -0.193528
v -0.042333 0.125376 -0.192161
v -0.043667 0.125373 -0.190170
v -0.048753 0.122819 -0.192972
v -0.048865 0.123402 -0.191337
v -0.048298 0.123632 -0.192546
v -0.044514 0.121623 -0.201042
v -0.044438 0.122076 -0.201024
v -0.044443 0.122827 -0.200469
v -0.043872 0.123292 -0.201100
v -0.042276 0.124233 -0.189645
v -0.043782 0.124865 -0.188326
v -0.042826 0.123586 -0.187483
v -0.045625 0.124607 -0.195048
v -0.048453 0.123914 -0.189916
v -0.048184 0.123958 -0.190987
v -0.048803 0.123730 -0.190370
v -0.047493 0.124073 -0.190492
v -0.048162 0.123925 -0.189260
v -0.047286 0.124188 -0.189170
v -0.042072 0.124932 -0.199412
v -0.042611 0.124732 -0.199795
v -0.045833 0.124214 -0.195997
v -0.044340 0.124507 -0.197802
v -0.045927 0.122856 -0.198015
v -0.044693 0.120903 -0.201250
v -0.044770 0.125451 -0.189697
v -0.045411 0.125292 -0.188114
v -0.044564 0.125401 -0.188623
v -0.049494 0.121764 -0.192894
v -0.049571 0.122553 -0.191621
v -0.040253 0.125679 -0.197414
v -0.040000 0.125666 -0.198598
v -0.040621 0.125509 -0.197769
v -0.040821 0.125702 -0.196280
v -0.040535 0.125706 -0.195346
v -0.039685 0.125848 -0.196821
v -0.049464 0.123202 -0.189489
v -0.041625 0.125638 -0.193982
v -0.040557 0.125190 -0.194185
v -0.042558 0.125717 -0.193189
v -0.042357 0.125524 -0.194292
v -0.040966 0.125368 -0.198215
v -0.043161 0.125207 -0.194835
v -0.042452 0.125056 -0.196612
v -0.041827 0.125494 -0.196007
v -0.043707 0.125187 -0.194086
v -0.046356 0.124490 -0.190692
v -0.046623 0.124377 -0.191776
v -0.041075 0.125195 -0.199423
v -0.038717 0.124631 -0.195640
v -0.039252 0.125468 -0.196297
v -0.038525 0.125830 -0.197993
v -0.039171 0.125944 -0.198324
v -0.043886 0.124763 -0.197548
v -0.043284 0.124912 -0.196027
v -0.041547 0.125678 -0.195097
v -0.042274 0.125515 -0.195196
v -0.042570 0.125313 -0.195733
v -0.038084 0.126133 -0.199406
v -0.047836 0.121544 -0.195965
v -0.048558 0.120306 -0.195526
v -0.048654 0.121641 -0.194437
v -0.044284 0.124696 -0.197176
v -0.038042 0.125265 -0.197650
v -0.038862 0.125907 -0.199674
v -0.037353 0.125770 -0.199256
v -0.044231 0.124278 -0.198498
v -0.044733 0.125247 -0.192382
v -0.045196 0.125203 -0.190876
v -0.044486 0.125471 -0.191805
v -0.036663 0.124785 -0.198801
v -0.043421 0.124831 -0.197076
v -0.036977 0.123727 -0.196649
v -0.042722 0.124862 -0.190300
v -0.049913 0.122755 -0.190211
v -0.034958 0.123322 -0.199143
v -0.036129 0.125744 -0.200680
v -0.034965 0.124711 -0.201121
v -0.043644 0.124537 -0.199200
v -0.043557 0.124082 -0.200439
v -0.042223 0.124868 -0.200352
v -0.042647 0.124385 -0.201069
v -0.042641 0.124535 -0.200260
v -0.035093 0.125711 -0.202076
v -0.038024 0.126160 -0.200321
v -0.037162 0.126404 -0.200784
v -0.045979 0.124416 -0.193767
v -0.038166 0.126066 -0.201226
v -0.035926 0.126391 -0.201821
v -0.039634 0.125611 -0.200239
v -0.036789 0.126392 -0.202242
v -0.037296 0.126087 -0.202898
v -0.038371 0.125642 -0.202497
v -0.040461 0.125285 -0.201161
v -0.030972 0.120514 -0.202487
v -0.032481 0.121994 -0.201433
v -0.032166 0.120873 -0.200948
v -0.036107 0.120457 -0.194511
v -0.037214 0.121583 -0.193644
v -0.038067 0.120484 -0.191682
v -0.034364 0.121704 -0.198025
v -0.034505 0.120334 -0.196711
v -0.032910 0.120482 -0.199240
v -0.048170 0.123960 -0.191868
v -0.047737 0.124089 -0.192725
v -0.039061 0.121943 -0.191365
v -0.042889 0.123610 -0.202097
v -0.047673 0.122616 -0.195276
v -0.048105 0.122831 -0.194183
v -0.047591 0.123331 -0.194595
v -0.041795 0.125113 -0.199857
v -0.045589 0.124637 -0.192124
v -0.043063 0.124577 -0.199939
v -0.045472 0.124450 -0.193157
v -0.041584 0.125090 -0.201183
v -0.041648 0.124892 -0.202123
v -0.042106 0.124728 -0.201237
v -0.035430 0.121247 -0.196009
v -0.041938 0.124291 -0.202568
v -0.047390 0.123860 -0.194400
v -0.046673 0.124264 -0.194400
v -0.046796 0.123644 -0.195491
v -0.030070 0.121652 -0.204690
v -0.029129 0.120169 -0.205108
v -0.042174 0.124538 -0.201678
v -0.047503 0.124241 -0.191857
v -0.047941 0.123508 -0.193553
v -0.041475 0.125151 -0.200350
v -0.046872 0.122588 -0.196814
v -0.040935 0.125250 -0.202126
v -0.039197 0.125493 -0.201475
v -0.039286 0.125361 -0.202442
v -0.044011 0.122434 -0.201502
v -0.040116 0.125388 -0.202679
v -0.047403 0.124163 -0.193656
v -0.046918 0.124421 -0.192951
v -0.046296 0.124252 -0.195341
v -0.045809 0.118334 -0.200485
v -0.046741 0.119262 -0.198712
v -0.047364 0.120799 -0.197266
v -0.047968 0.120292 -0.196353
v -0.040418 0.123293 -0.190889
v -0.038366 0.122579 -0.193068
v -0.041102 0.121385 -0.187583
v -0.040927 0.122317 -0.188877
v -0.042592 0.122195 -0.185988
v -0.036338 0.122470 -0.195834
v -0.036293 0.121481 -0.194971
v -0.033337 0.123738 -0.202178
v -0.038628 0.123537 -0.194002
v -0.039706 0.121112 -0.189559
v -0.040870 0.124448 -0.192243
v -0.040450 0.120315 -0.187657
v -0.046105 0.124403 -0.192735
v -0.045068 0.125253 -0.187076
v -0.026875 0.095240 -0.222586
v -0.028879 0.096204 -0.221071
v -0.028931 0.099071 -0.221018
v -0.022287 0.110330 -0.225601
v -0.023568 0.112551 -0.225552
v -0.021716 0.113387 -0.226141
v -0.027509 0.099269 -0.221926
v -0.028332 0.101898 -0.221511
v -0.026124 0.100395 -0.222812
v -0.032134 0.108232 -0.219374
v -0.030934 0.106661 -0.220246
v -0.031732 0.106584 -0.219517
v -0.022984 0.106878 -0.224890
v -0.022808 0.103339 -0.224772
v -0.024577 0.104773 -0.223922
v -0.019938 0.097875 -0.225995
v -0.021216 0.099696 -0.225410
v -0.019836 0.100359 -0.226037
v -0.030257 0.111848 -0.221299
v -0.031491 0.112043 -0.220131
v -0.031315 0.114391 -0.220508
v -0.027882 0.110984 -0.222959
v -0.029177 0.112644 -0.222267
v -0.027560 0.114490 -0.223712
v -0.032093 0.109948 -0.219519
v -0.031075 0.108722 -0.220271
v -0.019721 0.102696 -0.226097
v -0.021233 0.101650 -0.225348
v -0.021022 0.103926 -0.225623
v -0.028931 0.101065 -0.220985
v -0.026587 0.110142 -0.223651
v -0.026228 0.106375 -0.223322
v -0.027599 0.108291 -0.222808
v -0.030245 0.109817 -0.220987
v -0.028644 0.107538 -0.221933
v -0.029665 0.106726 -0.221056
v -0.025993 0.097222 -0.223012
v -0.024731 0.097112 -0.223773
v -0.016768 0.112089 -0.227878
v -0.017816 0.112350 -0.227372
v -0.017101 0.113362 -0.227689
v -0.026824 0.102817 -0.222657
v -0.028105 0.104045 -0.221978
v -0.025886 0.103222 -0.223155
v -0.022669 0.115986 -0.226098
v -0.020182 0.115849 -0.226922
v -0.024331 0.106941 -0.224325
v -0.025190 0.107923 -0.223947
v -0.024009 0.108982 -0.224796
v -0.022299 0.100738 -0.224879
v -0.023978 0.101111 -0.224032
v -0.030375 0.102472 -0.220086
v -0.032320 0.102156 -0.218422
v -0.031630 0.104111 -0.219068
v -0.020168 0.105723 -0.225977
v -0.021669 0.105598 -0.225298
v -0.020384 0.108763 -0.226036
v -0.027237 0.105191 -0.222588
v -0.030215 0.099444 -0.220058
v -0.030849 0.097251 -0.219238
v -0.022130 0.098419 -0.224957
v -0.017764 0.110144 -0.227337
v -0.018992 0.111490 -0.226854
v -0.029646 0.104130 -0.220647
v -0.023915 0.098186 -0.224185
v -0.018347 0.107116 -0.226827
v -0.017080 0.108451 -0.227555
v -0.018689 0.104689 -0.226438
v -0.017292 0.105254 -0.227034
v -0.017723 0.104026 -0.226842
v -0.029402 0.102497 -0.220680
v -0.025088 0.110955 -0.224590
v -0.016821 0.102946 -0.227386
v -0.018194 0.103171 -0.226738
v -0.031588 0.110529 -0.220081
v -0.026073 0.112929 -0.224388
v -0.018450 0.113909 -0.227303
v -0.024022 0.115254 -0.225621
v -0.018312 0.101278 -0.226682
v -0.018586 0.098893 -0.226605
v -0.029486 0.110395 -0.221887
v -0.028615 0.110023 -0.222458
v -0.025059 0.113943 -0.224992
v -0.031184 0.105072 -0.219691
v -0.019978 0.104297 -0.225973
v -0.017563 0.099860 -0.227071
v -0.026031 0.115606 -0.224626
v -0.025069 0.116859 -0.225441
v -0.020399 0.112320 -0.226522
v -0.016724 0.106972 -0.227552
v -0.032655 0.106230 -0.218414
v -0.032779 0.111570 -0.218929
v -0.014641 0.106996 -0.228791
v -0.015192 0.106438 -0.228330
v -0.015097 0.107586 -0.228552
v -0.017271 0.100987 -0.227237
v -0.016282 0.100066 -0.227638
v -0.015764 0.107168 -0.228087
v -0.015891 0.108374 -0.228024
v -0.015487 0.107967 -0.228334
v -0.013459 0.114842 -0.229852
v -0.012930 0.114913 -0.230619
v -0.013145 0.114029 -0.230126
v -0.032871 0.110128 -0.218566
v -0.017762 0.116108 -0.227491
v -0.018815 0.117492 -0.227306
v -0.014531 0.107931 -0.229337
v -0.014361 0.111436 -0.229451
v -0.014913 0.110824 -0.228904
v -0.015099 0.111727 -0.228664
v -0.015305 0.105105 -0.228390
v -0.014656 0.105929 -0.229040
v -0.014568 0.113606 -0.229036
v -0.013562 0.113119 -0.229885
v -0.014551 0.112528 -0.229183
v -0.014034 0.115159 -0.229085
v -0.014738 0.115319 -0.228413
v -0.014393 0.116056 -0.228665
v -0.015949 0.110940 -0.228131
v -0.015206 0.109648 -0.228519
v -0.016338 0.109547 -0.227857
v -0.013903 0.114213 -0.229471
v -0.014015 0.116872 -0.228995
v -0.013572 0.115852 -0.229739
v -0.015910 0.117162 -0.227730
v -0.017079 0.117413 -0.227690
v -0.016545 0.118361 -0.227590
v -0.014072 0.110187 -0.229688
v -0.014552 0.109090 -0.229320
v -0.013797 0.108726 -0.230228
v -0.016453 0.116409 -0.227638
v -0.016331 0.115415 -0.227768
v -0.017035 0.114571 -0.227730
v -0.015406 0.116014 -0.227961
v -0.014603 0.114528 -0.228641
v -0.015407 0.114932 -0.228041
v -0.016099 0.114355 -0.227797
v -0.015421 0.117950 -0.227825
v -0.014882 0.117029 -0.228211
v -0.016548 0.113986 -0.227792
v -0.015868 0.104196 -0.228094
v -0.016169 0.105477 -0.227830
v -0.013381 0.104849 -0.230291
v -0.013251 0.103597 -0.230473
v -0.014041 0.104344 -0.229881
v -0.024052 0.117704 -0.225838
v -0.015747 0.103150 -0.228208
v -0.015447 0.101761 -0.228127
v -0.014412 0.118280 -0.228612
v -0.015322 0.103905 -0.228783
v -0.013744 0.111948 -0.230101
v -0.033583 0.108967 -0.217852
v -0.015170 0.108503 -0.228762
v -0.029365 0.116517 -0.222573
v -0.015177 0.113181 -0.228596
v -0.015269 0.112578 -0.228424
v -0.015793 0.112107 -0.228175
v -0.015937 0.113255 -0.227929
v -0.032696 0.113291 -0.219047
v -0.033223 0.099409 -0.217375
v -0.032342 0.097264 -0.218084
v -0.033457 0.097309 -0.217010
v -0.033936 0.111017 -0.217686
v -0.034238 0.102240 -0.216618
v -0.035529 0.095397 -0.215141
v -0.034966 0.097628 -0.215645
v -0.033657 0.095037 -0.216926
v -0.014842 0.102577 -0.228975
v -0.034239 0.098716 -0.216230
v -0.031882 0.095411 -0.218419
v -0.013286 0.117241 -0.229906
v -0.014295 0.106824 -0.229481
v -0.034663 0.105243 -0.216665
v -0.014376 0.103520 -0.229614
v -0.014667 0.104681 -0.229174
v -0.014259 0.100960 -0.229183
v -0.015345 0.113982 -0.228331
v -0.012973 0.116071 -0.230611
v -0.014197 0.106038 -0.229699
v -0.013635 0.105828 -0.230118
v -0.014328 0.105242 -0.229864
v -0.033305 0.114838 -0.218394
v -0.013888 0.106527 -0.229958
v -0.013347 0.106601 -0.230314
v -0.013489 0.102100 -0.230040
v -0.013948 0.107365 -0.230196
v -0.012509 0.104663 -0.231108
v -0.012481 0.103570 -0.231061
v -0.013607 0.111117 -0.230026
v -0.012842 0.107560 -0.230787
v -0.012857 0.105939 -0.230557
v -0.012394 0.102623 -0.231148
v -0.017889 0.117489 -0.227538
v -0.054529 0.037264 -0.178021
v -0.054123 0.035132 -0.178347
v -0.055264 0.036133 -0.176488
v -0.050094 0.026746 -0.183617
v -0.050349 0.029864 -0.183820
v -0.048919 0.028441 -0.185933
v -0.051203 0.033633 -0.183138
v -0.050778 0.032176 -0.183612
v -0.051925 0.031676 -0.181247
v -0.054508 0.032513 -0.177419
v -0.055940 0.033874 -0.175172
v -0.042102 0.022166 -0.195928
v -0.043806 0.022407 -0.192649
v -0.042669 0.024792 -0.195872
v -0.057335 0.027452 -0.172964
v -0.059738 0.025392 -0.169538
v -0.059029 0.028222 -0.170637
v -0.049088 0.030690 -0.186070
v -0.054025 0.042788 -0.179288
v -0.054386 0.039801 -0.178298
v -0.055811 0.042135 -0.176147
v -0.063228 0.026881 -0.164408
v -0.063161 0.025004 -0.164561
v -0.064642 0.024907 -0.162408
v -0.044625 0.026735 -0.193032
v -0.045647 0.025442 -0.190531
v -0.045871 0.028466 -0.191394
v -0.049700 0.033282 -0.185521
v -0.050887 0.036496 -0.184202
v -0.049596 0.035600 -0.186565
v -0.043878 0.025304 -0.193921
v -0.050882 0.046414 -0.185448
v -0.051206 0.042549 -0.184515
v -0.052529 0.044241 -0.182201
v -0.048251 0.023439 -0.185735
v -0.047357 0.026484 -0.188029
v -0.046573 0.023127 -0.188334
v -0.055475 0.024893 -0.175383
v -0.055470 0.022433 -0.175250
v -0.056804 0.022711 -0.173380
v -0.049720 0.042209 -0.187406
v -0.050516 0.039762 -0.185329
v -0.050987 0.024740 -0.181529
v -0.049677 0.024119 -0.183621
v -0.050812 0.022722 -0.181547
v -0.053234 0.040913 -0.180581
v -0.052271 0.041378 -0.182218
v -0.052565 0.039821 -0.181458
v -0.054560 0.030123 -0.177121
v -0.055619 0.028671 -0.175483
v -0.056407 0.030565 -0.174263
v -0.063738 0.021671 -0.163835
v -0.061868 0.023457 -0.166441
v -0.060431 0.022960 -0.168632
v -0.052667 0.046752 -0.181927
v -0.051920 0.047522 -0.183556
v -0.053034 0.037879 -0.180605
v -0.051724 0.039744 -0.183075
v -0.060748 0.030500 -0.167628
v -0.059191 0.031594 -0.169821
v -0.059836 0.029628 -0.169045
v -0.048800 0.025721 -0.185316
v -0.043425 0.027107 -0.195755
v -0.047836 0.030783 -0.188631
v -0.064935 0.023415 -0.162152
v -0.056817 0.025724 -0.173626
v -0.058392 0.025003 -0.171370
v -0.052096 0.024935 -0.180062
v -0.051717 0.027568 -0.181171
v -0.047141 0.034677 -0.190835
v -0.045935 0.031892 -0.192442
v -0.062637 0.029490 -0.164775
v -0.061631 0.028529 -0.166504
v -0.052365 0.034758 -0.181234
v -0.044246 0.029579 -0.195043
v -0.066647 0.019192 -0.159537
v -0.069789 0.019473 -0.155222
v -0.067640 0.021507 -0.158462
v -0.059972 0.032392 -0.168827
v -0.058654 0.033515 -0.170856
v -0.054016 0.023206 -0.177445
v -0.053338 0.025869 -0.178526
v -0.045129 0.023261 -0.190596
v -0.055979 0.026922 -0.174956
v -0.050195 0.020966 -0.181930
v -0.051449 0.019073 -0.179666
v -0.052203 0.021917 -0.179488
v -0.052760 0.023803 -0.179079
v -0.048532 0.034841 -0.188251
v -0.057391 0.035033 -0.173217
v -0.057534 0.033069 -0.172640
v -0.038787 0.016754 -0.195278
v -0.038053 0.017292 -0.196991
v -0.053180 0.028928 -0.179153
v -0.053532 0.031357 -0.178914
v -0.047963 0.037126 -0.189695
v -0.049377 0.038214 -0.187509
v -0.060448 0.026333 -0.168587
v -0.040988 0.024344 -0.198834
v -0.058470 0.035754 -0.171290
v -0.059803 0.034201 -0.168998
v -0.059698 0.036457 -0.169404
v -0.057202 0.037055 -0.173312
v -0.057819 0.023773 -0.172216
v -0.048282 0.040169 -0.190036
v -0.058272 0.032456 -0.171350
v -0.062303 0.019972 -0.165504
v -0.058757 0.021295 -0.170511
v -0.054316 0.020765 -0.176311
v -0.054430 0.045940 -0.178841
v -0.053621 0.049231 -0.180170
v -0.053251 0.047553 -0.180862
v -0.054549 0.027724 -0.176851
v -0.061398 0.024973 -0.166993
v -0.063484 0.023253 -0.164212
v -0.044596 0.024747 -0.192113
v -0.053519 0.045348 -0.180392
v -0.053137 0.033025 -0.179453
v -0.061234 0.026920 -0.167305
v -0.049392 0.022172 -0.183542
v -0.057554 0.041673 -0.173145
v -0.057329 0.039337 -0.173441
v -0.061299 0.015687 -0.165424
v -0.042418 0.019016 -0.193389
v -0.047697 0.020077 -0.184982
v -0.039685 0.016391 -0.193600
v -0.040878 0.015932 -0.191361
v -0.043784 0.018525 -0.190494
v -0.059350 0.039524 -0.170109
v -0.065037 0.022408 -0.162064
v -0.051749 0.015886 -0.178092
v -0.048432 0.017030 -0.182751
v -0.045286 0.018319 -0.187707
v -0.045375 0.020889 -0.189099
v -0.052327 0.049623 -0.182837
v -0.057140 0.044973 -0.173965
v -0.054695 0.049113 -0.178010
v -0.054670 0.051940 -0.178107
v -0.053517 0.052915 -0.180251
v -0.055672 0.045952 -0.176592
v -0.042986 0.015550 -0.188305
v -0.056227 0.019364 -0.173494
v -0.056772 0.020817 -0.173143
v -0.041115 0.019217 -0.195904
v -0.040669 0.021623 -0.198345
v -0.040016 0.019096 -0.197572
v -0.055791 0.038208 -0.175862
v -0.056262 0.036113 -0.174910
v -0.054592 0.018239 -0.175295
v -0.058467 0.018315 -0.170142
v -0.058385 0.037701 -0.171682
v -0.046243 0.017153 -0.185755
v -0.063727 0.017411 -0.162908
v -0.067502 0.016918 -0.157651
v -0.070186 0.017677 -0.154193
v -0.052994 0.049443 -0.181616
v -0.055585 0.016813 -0.173460
v -0.039592 0.019777 -0.199218
v -0.037751 0.018499 -0.199555
v -0.058205 0.031090 -0.171648
v -0.056927 0.032376 -0.173662
v -0.052615 0.051403 -0.182196
v -0.051728 0.023536 -0.180219
v -0.057594 0.123551 -0.168671
v -0.057810 0.123074 -0.169067
v -0.058190 0.123173 -0.168157
v -0.058141 0.121923 -0.171033
v -0.058820 0.121891 -0.170127
v -0.058229 0.122163 -0.170273
v -0.054456 0.123586 -0.173669
v -0.053852 0.123716 -0.174345
v -0.054853 0.123125 -0.174282
v -0.054901 0.123749 -0.172135
v -0.054489 0.123771 -0.172897
v -0.055181 0.123550 -0.172459
v -0.056537 0.122339 -0.174272
v -0.056643 0.122059 -0.174751
v -0.057580 0.121930 -0.173294
v -0.059592 0.121432 -0.169709
v -0.060153 0.121251 -0.169009
v -0.060151 0.121593 -0.168501
v -0.058674 0.121702 -0.171268
v -0.058506 0.121115 -0.172586
v -0.053952 0.123920 -0.173591
v -0.053261 0.123938 -0.173961
v -0.059382 0.121770 -0.169013
v -0.059095 0.122536 -0.168164
v -0.058805 0.122107 -0.169343
v -0.055918 0.122824 -0.173010
v -0.056137 0.122524 -0.173799
v -0.055713 0.123037 -0.172268
v -0.056791 0.122587 -0.171650
v -0.058074 0.122557 -0.169655
v -0.059251 0.121118 -0.170877
v -0.053625 0.123499 -0.175448
v -0.054437 0.123044 -0.175667
v -0.057431 0.122201 -0.171743
v -0.057701 0.122107 -0.172210
v -0.057666 0.122210 -0.171040
v -0.057813 0.123646 -0.167820
v -0.057071 0.123963 -0.168419
v -0.056851 0.122291 -0.172613
v -0.057584 0.122528 -0.170618
v -0.060318 0.122199 -0.167123
v -0.060671 0.121929 -0.167703
v -0.061233 0.121809 -0.167063
v -0.060717 0.121403 -0.168195
v -0.057022 0.121557 -0.174811
v -0.060026 0.121965 -0.167935
v -0.059254 0.121717 -0.169984
v -0.053649 0.123295 -0.176882
v -0.055045 0.123886 -0.171567
v -0.055616 0.123469 -0.171520
v -0.059659 0.120693 -0.171152
v -0.055443 0.122493 -0.175050
v -0.055621 0.122434 -0.175976
v -0.054649 0.122768 -0.176590
v -0.055054 0.122461 -0.177113
v -0.059123 0.120300 -0.172582
v -0.056105 0.122308 -0.175100
v -0.056208 0.122258 -0.175401
v -0.059974 0.121061 -0.170024
v -0.056990 0.122224 -0.173260
v -0.056245 0.122117 -0.175696
v -0.059972 0.122949 -0.166282
v -0.057939 0.120735 -0.174405
v -0.056774 0.122914 -0.170440
v -0.058625 0.123222 -0.167240
v -0.054997 0.123240 -0.173167
v -0.055590 0.122170 -0.176570
v -0.060532 0.119794 -0.170946
v -0.055983 0.121829 -0.176409
v -0.056019 0.123562 -0.170544
v -0.056671 0.123694 -0.169520
v -0.057169 0.123788 -0.167289
v -0.056343 0.124015 -0.168983
v -0.055780 0.123930 -0.169637
v -0.056138 0.122938 -0.171487
v -0.055713 0.123939 -0.170316
v -0.053214 0.123865 -0.174879
v -0.054448 0.123891 -0.172065
v -0.058396 0.118646 -0.176268
v -0.059582 0.118544 -0.174362
v -0.058749 0.119137 -0.175167
v -0.066560 0.110841 -0.168572
v -0.065899 0.112517 -0.168943
v -0.064560 0.110204 -0.171942
v -0.058112 0.116636 -0.178598
v -0.059279 0.115205 -0.177641
v -0.059124 0.116538 -0.176928
v -0.064721 0.108558 -0.172125
v -0.066067 0.108734 -0.169996
v -0.063555 0.113070 -0.172265
v -0.063717 0.111570 -0.172584
v -0.064562 0.112149 -0.171126
v -0.064812 0.115021 -0.168897
v -0.063417 0.115196 -0.171011
v -0.064730 0.113670 -0.170118
v -0.064494 0.106903 -0.172827
v -0.057140 0.119425 -0.177569
v -0.057230 0.118777 -0.178227
v -0.056900 0.118013 -0.179525
v -0.058213 0.117657 -0.177362
v -0.063144 0.110583 -0.174164
v -0.062152 0.110935 -0.175531
v -0.062408 0.110023 -0.175483
v -0.065494 0.114032 -0.168322
v -0.055079 0.120539 -0.180334
v -0.056271 0.119675 -0.179157
v -0.056496 0.120020 -0.178209
v -0.062250 0.114063 -0.173861
v -0.060665 0.114777 -0.175711
v -0.060764 0.113477 -0.176426
v -0.061695 0.112264 -0.175946
v -0.060375 0.112011 -0.177986
v -0.062912 0.117685 -0.169775
v -0.064370 0.116458 -0.168442
v -0.063975 0.117640 -0.167958
v -0.063645 0.108067 -0.173653
v -0.058944 0.119680 -0.174036
v -0.058109 0.112728 -0.181309
v -0.059263 0.112793 -0.179480
v -0.058534 0.114201 -0.179860
v -0.062705 0.108943 -0.175064
v -0.060142 0.116028 -0.175821
v -0.061974 0.106337 -0.175982
v -0.060888 0.107185 -0.177949
v -0.060776 0.105141 -0.178085
v -0.063174 0.106772 -0.174324
v -0.062787 0.105180 -0.175034
v -0.059726 0.117304 -0.175327
v -0.061415 0.118338 -0.171409
v -0.062003 0.119103 -0.169556
v -0.062754 0.111994 -0.174178
v -0.062198 0.115532 -0.172584
v -0.062062 0.116718 -0.171875
v -0.060761 0.117669 -0.173164
v -0.061172 0.115947 -0.173985
v -0.060066 0.114230 -0.176865
v -0.059701 0.113694 -0.177951
v -0.060172 0.109570 -0.178546
v -0.059130 0.110910 -0.180134
v -0.059140 0.103314 -0.180416
v -0.061569 0.109553 -0.176671
v -0.057064 0.120567 -0.176360
v -0.056278 0.120519 -0.178065
v -0.057583 0.119665 -0.176401
v -0.061096 0.103459 -0.177635
v -0.060367 0.118820 -0.172795
v -0.053959 0.122972 -0.177525
v -0.054360 0.122677 -0.178201
v -0.061210 0.110897 -0.176996
v -0.059135 0.109110 -0.180200
v -0.065760 0.115098 -0.167208
v -0.067803 0.109741 -0.166604
v -0.067682 0.112481 -0.165858
v -0.056370 0.121259 -0.176399
v -0.057959 0.115669 -0.179913
v -0.055055 0.121408 -0.179094
v -0.059116 0.107062 -0.180508
v -0.066618 0.114010 -0.166683
v -0.054335 0.122648 -0.168687
v -0.054491 0.123481 -0.169501
v -0.055183 0.123299 -0.168288
v -0.052988 0.123435 -0.171570
v -0.053854 0.123622 -0.170570
v -0.053463 0.122932 -0.170194
v -0.052077 0.123300 -0.173023
v -0.050975 0.122373 -0.173736
v -0.051308 0.123320 -0.174660
v -0.051930 0.123915 -0.175087
v -0.052429 0.123878 -0.173957
v -0.053118 0.123846 -0.172571
v -0.054816 0.124063 -0.171042
v -0.055459 0.123916 -0.171017
v -0.053871 0.123872 -0.171299
v -0.055550 0.123813 -0.168954
v -0.054821 0.123925 -0.170142
v -0.051134 0.120040 -0.171602
v -0.050720 0.121280 -0.173017
v -0.051832 0.121258 -0.171298
v -0.053113 0.123910 -0.173353
v -0.053713 0.123894 -0.172901
v -0.052082 0.122340 -0.171786
v -0.053133 0.121514 -0.169452
v -0.055270 0.124042 -0.170250
v -0.053975 0.123878 -0.171953
v -0.057066 0.116991 -0.180483
v -0.051174 0.123873 -0.176270
v -0.056398 0.123988 -0.168258
v -0.056271 0.119077 -0.179754
v -0.055448 0.121776 -0.177682
v -0.054824 0.122352 -0.177867
v -0.055281 0.122162 -0.177422
v -0.054772 0.122093 -0.178339
v -0.053427 0.123025 -0.177984
v -0.053706 0.122926 -0.178370
v -0.052780 0.124088 -0.175763
v -0.052709 0.123425 -0.178455
v -0.052769 0.123736 -0.176889
v -0.052623 0.124066 -0.174860
v -0.052171 0.124170 -0.175711
v -0.064731 0.117215 -0.167350
v -0.052121 0.124146 -0.176732
v 0.011792 0.017315 -0.214228
v 0.011692 0.016454 -0.214539
v 0.009742 0.016800 -0.215868
v 0.003909 0.019004 -0.218397
v 0.005074 0.019210 -0.217619
v 0.004475 0.018235 -0.217661
v 0.005756 0.016690 -0.218559
v 0.003828 0.016278 -0.219756
v 0.004947 0.017112 -0.218969
v 0.013522 0.019394 -0.211950
v 0.012599 0.020872 -0.212925
v 0.015168 0.019891 -0.210979
v 0.009009 0.015536 -0.216201
v 0.012679 0.015584 -0.213693
v 0.029297 0.016827 -0.203807
v 0.032586 0.016673 -0.201821
v 0.029463 0.015851 -0.203755
v 0.010610 0.017434 -0.214726
v 0.007391 0.016053 -0.217198
v 0.006665 0.016489 -0.217770
v 0.008295 0.017031 -0.216738
v 0.009428 0.017524 -0.214158
v 0.009683 0.019305 -0.214290
v 0.011828 0.018571 -0.212662
v 0.013467 0.017282 -0.212490
v 0.011229 0.017158 -0.213416
v 0.008384 0.017306 -0.215812
v 0.009650 0.017330 -0.215152
v 0.018291 0.017119 -0.210298
v 0.021924 0.016603 -0.208076
v 0.019124 0.016221 -0.209723
v 0.014178 0.018334 -0.211141
v 0.007202 0.020093 -0.216439
v 0.007030 0.017772 -0.215868
v 0.012832 0.017550 -0.211763
v 0.018812 0.017001 -0.208073
v 0.016775 0.018278 -0.209381
v 0.019284 0.018221 -0.207575
v 0.006701 0.023669 -0.217844
v 0.004105 0.020919 -0.218808
v 0.017479 0.017172 -0.209544
v 0.020016 0.017428 -0.208530
v 0.014330 0.017386 -0.211085
v 0.013229 0.017139 -0.213526
v 0.014660 0.017278 -0.212495
v 0.014102 0.016587 -0.212907
v 0.007300 0.029479 -0.218203
v 0.007704 0.026517 -0.217688
v 0.005168 0.026502 -0.219397
v 0.021489 0.015688 -0.208302
v 0.025059 0.015835 -0.206267
v 0.016408 0.022025 -0.210883
v 0.017921 0.019890 -0.209266
v 0.016015 0.017073 -0.211862
v 0.022686 0.017278 -0.207067
v 0.022467 0.016926 -0.206312
v 0.024661 0.017036 -0.205667
v 0.030842 0.016814 -0.201662
v 0.029802 0.016471 -0.201789
v 0.031234 0.016539 -0.200979
v 0.015545 0.017514 -0.210131
v 0.015831 0.017528 -0.211114
v 0.016258 0.016309 -0.211590
v 0.026692 0.017758 -0.203103
v 0.029169 0.017338 -0.201714
v 0.028410 0.016782 -0.202124
v 0.020789 0.017212 -0.207395
v 0.014197 0.023825 -0.212943
v 0.009966 0.021163 -0.214796
v 0.026929 0.017074 -0.204772
v 0.028327 0.017001 -0.203548
v 0.025976 0.016923 -0.204468
v 0.022643 0.016637 -0.205196
v 0.020577 0.016880 -0.206506
v 0.021275 0.049590 -0.209250
v 0.021993 0.046043 -0.208693
v 0.018780 0.046258 -0.210789
v 0.029959 0.016878 -0.201415
v 0.018704 0.052518 -0.210978
v 0.021956 0.055048 -0.208888
v 0.021245 0.052187 -0.209281
v 0.021722 0.017957 -0.205958
v 0.027443 0.016611 -0.203173
v 0.028736 0.016431 -0.202403
v 0.023882 0.017548 -0.204630
v 0.024091 0.016584 -0.205262
v 0.025827 0.016667 -0.205804
v 0.015900 0.042146 -0.212724
v 0.019033 0.040788 -0.210572
v 0.001520 0.017756 -0.219404
v 0.003172 0.017264 -0.218937
v 0.001685 0.017596 -0.220692
v 0.008979 0.030315 -0.217014
v 0.010446 0.030987 -0.215951
v 0.009914 0.028195 -0.216275
v 0.029308 0.016723 -0.202569
v 0.030676 0.017111 -0.202396
v 0.005048 0.015653 -0.218804
v 0.024927 0.016523 -0.204056
v 0.022802 0.051699 -0.208147
v 0.032600 0.017024 -0.200927
v 0.009500 0.024969 -0.216182
v 0.011380 0.023333 -0.214480
v 0.008837 0.022648 -0.216064
v 0.017519 0.030650 -0.211155
v 0.015336 0.032411 -0.212713
v 0.017260 0.032516 -0.211494
v 0.003526 0.017240 -0.219899
v 0.003096 0.018111 -0.218460
v 0.004180 0.017548 -0.217637
v 0.005496 0.018228 -0.216842
v 0.005001 0.017257 -0.217899
v 0.007194 0.017240 -0.217198
v 0.023200 0.049008 -0.208098
v 0.014603 0.036908 -0.213383
v 0.017739 0.035937 -0.211297
v 0.006154 0.017374 -0.217760
v 0.020979 0.042406 -0.209327
v 0.001841 0.016476 -0.221407
v 0.023537 0.041804 -0.207770
v 0.021181 0.037128 -0.209125
v 0.019836 0.032391 -0.209942
v 0.023973 0.019337 -0.205162
v 0.025643 0.022259 -0.204824
v 0.027379 0.019742 -0.203169
v 0.028678 0.021666 -0.202929
v 0.015828 0.028535 -0.212241
v 0.012679 0.029962 -0.214457
v 0.012446 0.040014 -0.214920
v 0.011786 0.034458 -0.215226
v 0.018734 0.023668 -0.209831
v 0.019797 0.021812 -0.208608
v 0.016561 0.024345 -0.211366
v 0.015600 0.025792 -0.212224
v 0.033984 0.015637 -0.201004
v 0.003574 0.023758 -0.219870
v 0.022068 0.024087 -0.207676
v 0.022523 0.021239 -0.206654
v 0.028661 0.023911 -0.203279
v 0.026300 0.026009 -0.205090
v 0.030535 0.027554 -0.202473
v 0.012727 0.026358 -0.214200
v 0.008471 0.033282 -0.217427
v 0.019453 0.029098 -0.209939
v 0.018851 0.026237 -0.210162
v 0.022877 0.028282 -0.207657
v 0.030999 0.017163 -0.200681
v 0.020793 0.019707 -0.207258
v 0.023196 0.032272 -0.207670
v 0.025066 0.036742 -0.206649
v 0.026864 0.031256 -0.205199
v 0.021351 0.030267 -0.208816
v 0.030221 0.020345 -0.201816
v 0.029973 0.018374 -0.201415
v 0.001968 0.019190 -0.219607
v -0.002249 0.053421 -0.225309
v 0.000722 0.054654 -0.223310
v 0.000124 0.051924 -0.223548
v -0.016824 0.042222 -0.229044
v -0.016962 0.046142 -0.228871
v -0.014970 0.045702 -0.229616
v 0.014646 0.050737 -0.213644
v 0.011656 0.056429 -0.215780
v 0.015308 0.056001 -0.213344
v -0.020027 0.027585 -0.224638
v -0.020601 0.025173 -0.222678
v -0.022909 0.029316 -0.221289
v -0.020335 0.047801 -0.227127
v -0.021527 0.048428 -0.226589
v -0.020584 0.050557 -0.227121
v 0.009011 0.038763 -0.217339
v 0.005187 0.037587 -0.219855
v 0.005448 0.043382 -0.219813
v -0.014313 0.052548 -0.229753
v -0.015358 0.051270 -0.229396
v -0.015424 0.053933 -0.229284
v -0.022589 0.032899 -0.223211
v -0.024188 0.036335 -0.222310
v -0.021898 0.034131 -0.224654
v -0.004705 0.035526 -0.226162
v -0.004261 0.031137 -0.225779
v -0.006274 0.032407 -0.227015
v -0.024037 0.026079 -0.217871
v -0.026224 0.029014 -0.216419
v -0.023817 0.027771 -0.219208
v 0.016314 0.046501 -0.212542
v 0.018780 0.046258 -0.210789
v -0.019348 0.049370 -0.227837
v 0.003791 0.052110 -0.220958
v 0.006330 0.048181 -0.219299
v 0.004293 0.049655 -0.220597
v -0.019548 0.047412 -0.227559
v -0.020263 0.045164 -0.227162
v -0.024604 0.033451 -0.220653
v -0.017225 0.038478 -0.229062
v -0.018889 0.039712 -0.228099
v -0.018589 0.047178 -0.228086
v -0.018590 0.043780 -0.228193
v -0.018117 0.035435 -0.228465
v -0.019853 0.037755 -0.227328
v -0.016446 0.024431 -0.227615
v -0.017965 0.024046 -0.225768
v -0.017983 0.026569 -0.226827
v -0.022999 0.042270 -0.224849
v -0.025293 0.043668 -0.222806
v -0.023296 0.044871 -0.224943
v -0.014505 0.050468 -0.229883
v -0.014198 0.049098 -0.229865
v -0.015263 0.048828 -0.229466
v -0.016323 0.035735 -0.229547
v -0.016680 0.033350 -0.229142
v -0.015267 0.027241 -0.229109
v -0.015494 0.024549 -0.228431
v -0.016913 0.027591 -0.228050
v -0.013359 0.047625 -0.229860
v -0.013719 0.044617 -0.230070
v -0.021393 0.037593 -0.225923
v -0.021272 0.035541 -0.225828
v -0.022486 0.036467 -0.224624
v -0.014420 0.047632 -0.229742
v -0.023386 0.038650 -0.223865
v -0.022269 0.040169 -0.225438
v 0.014872 0.046427 -0.213458
v -0.024836 0.024996 -0.216092
v -0.014065 0.025077 -0.229299
v -0.013565 0.023177 -0.229187
v -0.014506 0.023828 -0.228877
v -0.002730 0.039122 -0.224992
v 0.001203 0.039002 -0.222488
v -0.001398 0.034311 -0.224027
v -0.021950 0.030624 -0.223059
v -0.020807 0.039753 -0.226809
v -0.020318 0.042094 -0.227233
v -0.018769 0.031934 -0.227418
v -0.018445 0.028886 -0.227019
v -0.014904 0.042373 -0.229868
v -0.019302 0.052785 -0.227789
v -0.017232 0.051190 -0.228739
v -0.006732 0.037539 -0.227481
v -0.006944 0.034767 -0.227445
v -0.005319 0.040427 -0.226682
v -0.003620 0.042639 -0.225764
v 0.002889 0.055703 -0.221758
v 0.005071 0.055123 -0.220224
v -0.009564 0.033604 -0.228689
v -0.008046 0.031911 -0.227955
v -0.009862 0.031007 -0.228770
v -0.012304 0.053492 -0.230083
v -0.012398 0.055270 -0.230261
v -0.011583 0.053491 -0.230023
v -0.011890 0.052154 -0.230202
v -0.012219 0.049945 -0.230070
v -0.013042 0.053104 -0.229985
v -0.013528 0.050409 -0.229924
v -0.021550 0.041336 -0.226302
v -0.018224 0.054992 -0.228386
v -0.014375 0.055220 -0.229988
v -0.010960 0.047285 -0.229724
v -0.012083 0.047620 -0.229881
v -0.013419 0.055945 -0.230207
v -0.012299 0.045261 -0.229933
v -0.009459 0.044046 -0.229062
v -0.007600 0.041070 -0.228036
v -0.009789 0.039419 -0.228960
v -0.014953 0.034610 -0.229917
v -0.015307 0.037365 -0.229885
v -0.011133 0.044148 -0.229608
v -0.026101 0.038252 -0.220311
v -0.025987 0.036603 -0.219873
v -0.013029 0.043477 -0.230049
v -0.011146 0.041046 -0.229518
v -0.016824 0.031147 -0.228758
v -0.021319 0.054333 -0.226779
v -0.016866 0.055903 -0.228956
v -0.013868 0.042478 -0.230106
v 0.010341 0.052947 -0.216499
v -0.015298 0.031001 -0.229673
v 0.001826 0.052017 -0.222393
v -0.006506 0.028757 -0.227170
v -0.008688 0.028459 -0.228274
v -0.012391 0.042167 -0.229847
v 0.003361 0.041308 -0.221085
v -0.021627 0.050722 -0.226579
v 0.002731 0.048985 -0.221713
v -0.022584 0.049357 -0.225818
v -0.022499 0.046892 -0.225660
v -0.007857 0.025975 -0.227789
v -0.009380 0.025184 -0.228450
v -0.013359 0.041561 -0.230279
v -0.012332 0.039940 -0.229609
v 0.009503 0.043890 -0.217044
v 0.012446 0.040014 -0.214920
v -0.010479 0.027968 -0.228856
v -0.010989 0.025056 -0.228968
v -0.011470 0.027058 -0.229036
v -0.014439 0.039699 -0.230028
v 0.007727 0.052041 -0.218417
v -0.023877 0.040899 -0.223741
v -0.025519 0.040149 -0.221603
v -0.021209 0.046567 -0.226558
v -0.002144 0.057944 -0.225423
v -0.001102 0.049327 -0.224344
v -0.025701 0.031599 -0.218464
v 0.012988 0.048094 -0.214735
v 0.012958 0.044936 -0.214763
v 0.010217 0.048302 -0.216610
v -0.013213 0.038877 -0.230371
v -0.010586 0.035826 -0.229122
v -0.011593 0.038251 -0.229511
v -0.014189 0.033615 -0.230238
v -0.013709 0.034280 -0.230354
v -0.013485 0.031956 -0.230368
v -0.014162 0.027268 -0.229574
v -0.013079 0.027179 -0.229284
v -0.012697 0.029891 -0.229453
v -0.012206 0.027684 -0.229063
v 0.011839 0.050096 -0.215430
v -0.012640 0.038203 -0.229793
v -0.012459 0.036986 -0.229529
v 0.010112 0.050701 -0.216690
v -0.012797 0.036757 -0.230127
v -0.020344 0.030865 -0.225444
v -0.011550 0.034945 -0.229393
v -0.010858 0.033327 -0.229180
v -0.011823 0.036324 -0.229412
v -0.012450 0.035408 -0.229382
v -0.001424 0.042660 -0.224313
v -0.002799 0.045889 -0.225397
v 0.000906 0.044623 -0.222786
v -0.008497 0.036250 -0.228206
v -0.019068 0.028200 -0.226131
v -0.012311 0.024188 -0.229174
v -0.013328 0.025188 -0.229379
v -0.011907 0.033711 -0.229438
v -0.014756 0.037030 -0.229980
v -0.014209 0.036483 -0.230267
v -0.027004 0.035529 -0.218209
v -0.012863 0.033620 -0.229815
v -0.011513 0.031198 -0.229224
v -0.013350 0.036057 -0.230541
v -0.014106 0.029093 -0.229955
v -0.010847 0.050542 -0.229791
v -0.013429 0.029621 -0.230115
v -0.021841 0.045207 -0.226190
v -0.021674 0.043471 -0.226226
v -0.014313 0.031510 -0.230138
v -0.011999 0.026101 -0.229090
v 0.015900 0.042146 -0.212724
v -0.020407 0.033530 -0.226259
v -0.011722 0.028703 -0.229119
v -0.020035 0.035301 -0.226984
v 0.002809 0.033918 -0.221192
v 0.007332 0.057375 -0.218744
v -0.015890 0.039219 -0.229675
v -0.027356 0.027375 -0.214133
v 0.018704 0.052518 -0.210978
v -0.007720 0.053201 -0.228612
v -0.007216 0.056067 -0.228487
v -0.005198 0.054752 -0.227239
v -0.011048 0.055440 -0.230099
v -0.010150 0.052960 -0.229636
v -0.005411 0.044562 -0.227030
v -0.005136 0.049813 -0.227106
v -0.007337 0.045993 -0.228212
v -0.008760 0.049309 -0.229060
v -0.011222 0.052338 -0.229932
v -0.009284 0.055686 -0.229475
v -0.046380 0.052132 -0.194465
v -0.047289 0.054128 -0.192907
v -0.046291 0.055752 -0.195094
v -0.052166 0.061202 -0.183251
v -0.051408 0.060528 -0.184968
v -0.051904 0.058398 -0.183795
v -0.033099 0.037017 -0.211750
v -0.033837 0.041654 -0.211562
v -0.032190 0.039827 -0.213305
v -0.050000 0.061145 -0.188159
v -0.049275 0.060413 -0.189360
v -0.050002 0.059167 -0.187994
v -0.055161 0.067833 -0.177982
v -0.054282 0.065905 -0.179506
v -0.055198 0.064459 -0.177304
v -0.054616 0.069320 -0.179914
v -0.047934 0.058585 -0.192185
v -0.046747 0.061576 -0.194654
v -0.050410 0.055637 -0.186836
v -0.050489 0.057390 -0.186802
v -0.049683 0.056636 -0.188313
v -0.031628 0.020655 -0.207583
v -0.035395 0.023174 -0.206502
v -0.033522 0.025100 -0.208892
v -0.036918 0.051276 -0.209014
v -0.036486 0.048668 -0.209403
v -0.038435 0.050693 -0.206989
v -0.044931 0.049952 -0.197159
v -0.044203 0.048174 -0.198005
v -0.045405 0.048410 -0.196308
v -0.045230 0.058107 -0.197163
v -0.044526 0.060651 -0.198758
v -0.053517 0.052915 -0.180251
v -0.053098 0.057901 -0.181056
v -0.052367 0.054801 -0.182766
v -0.049642 0.062342 -0.189242
v -0.050639 0.065380 -0.187630
v -0.049042 0.063648 -0.190945
v -0.050634 0.060902 -0.186546
v -0.050943 0.058753 -0.185782
v -0.049994 0.053532 -0.187756
v -0.048848 0.060628 -0.190464
v -0.045745 0.050211 -0.195802
v -0.040661 0.046136 -0.203735
v -0.040486 0.049038 -0.203767
v -0.039573 0.045886 -0.205087
v -0.035916 0.058291 -0.211894
v -0.034419 0.055754 -0.213387
v -0.035914 0.054902 -0.211094
v -0.036817 0.046419 -0.208951
v -0.038141 0.045520 -0.207221
v -0.035161 0.047086 -0.211153
v -0.035971 0.046458 -0.210142
v -0.035084 0.045579 -0.211106
v -0.043770 0.050425 -0.198984
v -0.045419 0.052089 -0.196509
v -0.044659 0.054640 -0.198001
v -0.050786 0.053808 -0.185831
v -0.039473 0.048849 -0.205384
v -0.051450 0.062600 -0.185239
v -0.052499 0.065025 -0.183565
v -0.051314 0.064585 -0.185819
v -0.042379 0.055612 -0.201427
v -0.043695 0.056904 -0.199529
v -0.042303 0.057943 -0.201913
v -0.035949 0.039002 -0.209194
v -0.036260 0.043162 -0.209237
v -0.035354 0.044511 -0.210533
v -0.048023 0.047107 -0.191727
v -0.048834 0.046706 -0.189685
v -0.049294 0.049608 -0.188926
v -0.041957 0.048951 -0.201827
v -0.041433 0.059913 -0.203578
v -0.043035 0.062073 -0.201241
v -0.040669 0.021623 -0.198345
v -0.040988 0.024344 -0.198834
v -0.039809 0.022157 -0.200643
v -0.032710 0.054093 -0.215486
v -0.031952 0.055704 -0.216851
v -0.030336 0.053551 -0.218395
v -0.041467 0.051196 -0.202542
v -0.029573 0.056319 -0.219822
v -0.028858 0.054271 -0.220154
v -0.050882 0.046414 -0.185448
v -0.049606 0.045708 -0.188016
v -0.039592 0.019777 -0.199218
v -0.044404 0.033436 -0.195921
v -0.045935 0.031892 -0.192442
v -0.045879 0.034774 -0.193317
v -0.040934 0.028711 -0.200579
v -0.039462 0.025872 -0.201885
v -0.040711 0.026441 -0.199976
v -0.038368 0.027167 -0.203995
v -0.037544 0.026631 -0.204836
v -0.038004 0.025225 -0.203857
v -0.045475 0.037555 -0.194746
v -0.029382 0.048790 -0.218798
v -0.031662 0.050643 -0.216155
v -0.041359 0.040153 -0.202109
v -0.042006 0.042772 -0.201195
v -0.041077 0.041834 -0.202863
v -0.039274 0.029656 -0.203643
v -0.040845 0.033003 -0.201843
v -0.041043 0.037065 -0.202266
v -0.040125 0.034904 -0.203272
v -0.046995 0.037649 -0.191925
v -0.042480 0.040151 -0.200344
v -0.042647 0.036829 -0.199850
v -0.044655 0.040514 -0.196957
v -0.038655 0.042917 -0.206207
v -0.040073 0.042685 -0.204505
v -0.036847 0.025217 -0.205429
v -0.040322 0.039438 -0.203757
v -0.038857 0.033874 -0.205088
v -0.039802 0.036714 -0.204183
v -0.038564 0.038765 -0.205950
v -0.035355 0.034592 -0.209224
v -0.033649 0.033142 -0.210639
v -0.035260 0.030448 -0.208771
v -0.045146 0.044276 -0.196355
v -0.044544 0.046213 -0.197437
v -0.043646 0.043396 -0.198850
v -0.048280 0.044116 -0.190439
v -0.046525 0.044132 -0.193759
v -0.037728 0.058631 -0.209175
v -0.037951 0.055032 -0.208134
v -0.039938 0.060218 -0.206016
v -0.042930 0.046336 -0.199931
v -0.037751 0.018499 -0.199555
v -0.046711 0.040863 -0.192966
v -0.037416 0.028726 -0.205959
v -0.030901 0.046489 -0.216176
v -0.050412 0.044390 -0.186444
v -0.049720 0.042209 -0.187406
v -0.051206 0.042549 -0.184515
v -0.047141 0.034677 -0.190835
v -0.047963 0.037126 -0.189695
v -0.027928 0.043731 -0.219338
v -0.037411 0.041913 -0.207685
v -0.041378 0.044632 -0.202548
v -0.046293 0.047174 -0.194711
v -0.048282 0.040169 -0.190036
v -0.032359 0.041927 -0.213565
v -0.048669 0.054506 -0.190458
v -0.051217 0.056104 -0.185273
v -0.031236 0.038104 -0.213843
v -0.031050 0.040997 -0.214866
v -0.050919 0.050556 -0.185668
v -0.051920 0.047522 -0.183556
v -0.052327 0.049623 -0.182837
v -0.037137 0.022994 -0.204516
v -0.038380 0.022201 -0.202733
v -0.048967 0.058338 -0.190048
v -0.027513 0.056024 -0.222069
v -0.027514 0.051587 -0.221486
v -0.028376 0.055378 -0.221004
v -0.041807 0.030988 -0.199605
v -0.053329 0.062804 -0.181153
v -0.042671 0.033515 -0.198999
v -0.043761 0.036248 -0.197535
v -0.053588 0.066342 -0.181384
v -0.041834 0.026790 -0.198321
v -0.042669 0.024792 -0.195872
v -0.043425 0.027107 -0.195755
v -0.042610 0.053116 -0.200845
v -0.054127 0.062730 -0.179233
v -0.053868 0.060258 -0.179605
v -0.033092 0.051984 -0.214722
v -0.033568 0.050063 -0.213948
v -0.027044 0.046779 -0.221001
v -0.044246 0.029579 -0.195043
v -0.042568 0.028944 -0.197974
v -0.041043 0.053153 -0.203523
v -0.054574 0.057158 -0.178170
v -0.054637 0.060843 -0.177961
v -0.051669 0.052608 -0.183988
v -0.037068 0.032327 -0.207053
v -0.043044 0.031182 -0.197648
v -0.033570 0.058461 -0.215269
v -0.034190 0.053083 -0.213414
v -0.031975 0.043445 -0.214066
v -0.031154 0.043806 -0.215060
v -0.040305 0.056184 -0.205140
v -0.052096 0.051182 -0.183140
v -0.050587 0.062761 -0.187272
v -0.033133 0.043817 -0.212828
v -0.038132 0.030982 -0.205552
v -0.052615 0.051403 -0.182196
v -0.036985 0.026749 -0.205739
v -0.047607 0.050444 -0.192548
v -0.035752 0.026637 -0.207237
v -0.035925 0.019384 -0.202666
v -0.034155 0.045498 -0.211960
v -0.033285 0.046419 -0.213248
v -0.036985 0.035869 -0.207537
v -0.051983 0.067169 -0.185018
v -0.036341 0.052714 -0.210205
v -0.035201 0.052171 -0.211930
v -0.029469 0.025725 -0.211984
v -0.031513 0.025455 -0.210592
v -0.054233 0.054491 -0.178780
v -0.035438 0.049758 -0.211159
v -0.032560 0.034315 -0.211780
v -0.031169 0.030576 -0.212410
v -0.030943 0.034519 -0.213428
v -0.029511 0.031877 -0.214061
v -0.034322 0.044290 -0.211633
v -0.029479 0.041587 -0.216661
v -0.046400 0.049520 -0.194737
v -0.032300 0.027862 -0.210849
v -0.034054 0.027960 -0.209343
v -0.033238 0.030316 -0.210674
v -0.024910 0.050438 -0.223863
v -0.025399 0.047282 -0.223092
v -0.025987 0.036603 -0.219873
v -0.027004 0.035529 -0.218209
v -0.027402 0.039377 -0.218784
v -0.023399 0.051609 -0.225243
v -0.023602 0.049196 -0.224929
v -0.024743 0.053706 -0.224319
v -0.023758 0.054288 -0.225413
v -0.022584 0.049357 -0.225818
v -0.022304 0.051867 -0.226077
v -0.027356 0.027375 -0.214133
v -0.029276 0.029028 -0.213336
v -0.028194 0.030288 -0.214732
v -0.032235 0.032755 -0.211916
v -0.022759 0.053592 -0.226036
v -0.023296 0.044871 -0.224943
v -0.025293 0.043668 -0.222806
v -0.023782 0.047549 -0.224573
v -0.026204 0.053560 -0.223153
v -0.028451 0.037806 -0.216954
v -0.029801 0.037964 -0.215326
v -0.021319 0.054333 -0.226779
v -0.021627 0.050722 -0.226579
v -0.030670 0.027776 -0.212007
v -0.026224 0.029014 -0.216419
v -0.022998 0.048019 -0.225227
v -0.022499 0.046892 -0.225660
v -0.031214 0.057160 -0.217949
v -0.025701 0.031599 -0.218464
v -0.028320 0.033852 -0.215830
v -0.056111 0.067987 -0.176174
v -0.025519 0.040149 -0.221603
v -0.026101 0.038252 -0.220311
v -0.017444 0.018142 -0.176718
v -0.014988 0.018583 -0.179272
v -0.019315 0.018301 -0.179330
v 0.012765 0.018570 -0.174072
v 0.012316 0.018333 -0.170805
v 0.015972 0.018224 -0.170280
v -0.006634 0.019265 -0.185087
v -0.004157 0.019249 -0.182655
v -0.003008 0.019243 -0.185239
v 0.000550 0.017887 -0.165385
v 0.002501 0.018199 -0.168735
v -0.001254 0.018298 -0.168688
v -0.015555 0.018828 -0.186561
v -0.017721 0.018577 -0.182550
v -0.013808 0.018944 -0.182963
v -0.010771 0.019154 -0.184374
v -0.011063 0.017859 -0.161821
v -0.008408 0.017743 -0.162366
v -0.011090 0.018045 -0.165166
v -0.018811 0.017836 -0.162139
v -0.014550 0.017892 -0.163434
v -0.016037 0.017621 -0.165840
v -0.021632 0.017104 -0.167637
v -0.019654 0.017150 -0.169735
v -0.023374 0.017101 -0.169262
v -0.023075 0.017297 -0.165918
v -0.021892 0.017501 -0.163684
v -0.019741 0.017272 -0.166102
v -0.010925 0.019130 -0.180199
v 0.017006 0.018472 -0.175489
v 0.019026 0.018442 -0.178398
v 0.015352 0.018674 -0.179544
v 0.000320 0.018889 -0.181551
v 0.002906 0.018965 -0.185240
v -0.000191 0.019123 -0.185480
v -0.012989 0.017951 -0.161939
v -0.012846 0.017948 -0.159329
v -0.013551 0.017966 -0.169599
v -0.015041 0.018118 -0.174390
v -0.016636 0.017556 -0.171117
v 0.014415 0.018308 -0.199819
v 0.013466 0.018652 -0.200485
v 0.013942 0.018093 -0.199235
v -0.003551 0.018962 -0.174891
v -0.003475 0.018647 -0.170812
v 0.000454 0.018517 -0.172499
v -0.011305 0.018721 -0.175047
v -0.009456 0.018527 -0.170337
v -0.008647 0.018893 -0.173728
v -0.020550 0.017928 -0.176131
v -0.013725 0.017837 -0.156357
v -0.014277 0.017459 -0.153222
v -0.011628 0.017430 -0.155836
v -0.017076 0.017381 -0.168278
v -0.003453 0.019180 -0.179262
v -0.013688 0.017882 -0.165931
v 0.009938 0.018564 -0.172494
v 0.008593 0.018716 -0.175586
v 0.005786 0.018478 -0.171858
v -0.009212 0.019264 -0.188203
v -0.031202 0.016950 -0.183590
v -0.034271 0.016117 -0.183939
v -0.034966 0.016525 -0.179067
v -0.021792 0.018244 -0.186676
v -0.024088 0.017850 -0.190129
v -0.027002 0.017666 -0.185442
v -0.021441 0.018352 -0.181512
v -0.024977 0.018106 -0.182128
v -0.024524 0.018018 -0.177948
v -0.018331 0.018427 -0.190807
v -0.015380 0.018530 -0.194932
v -0.021337 0.017829 -0.194987
v -0.028734 0.017694 -0.178483
v 0.013727 0.019804 -0.201152
v 0.014831 0.018936 -0.200174
v 0.015803 0.019993 -0.200184
v 0.016004 0.018876 -0.199573
v 0.012188 0.019387 -0.201731
v 0.012131 0.020477 -0.202333
v 0.009972 0.019128 -0.202754
v 0.011244 0.018830 -0.201737
v 0.011132 0.019326 -0.202318
v -0.006403 0.018848 -0.172096
v -0.020397 0.018402 -0.184182
v -0.010324 0.017694 -0.159990
v -0.008644 0.017306 -0.158281
v -0.029912 0.017434 -0.181001
v -0.030172 0.016721 -0.189046
v 0.015383 0.018087 -0.199134
v -0.021743 0.017366 -0.172607
v -0.024644 0.017344 -0.172275
v -0.012687 0.018995 -0.191422
v -0.007973 0.019429 -0.192274
v 0.010283 0.018746 -0.201721
v 0.008878 0.018714 -0.202413
v 0.012212 0.018596 -0.200924
v -0.000456 0.018822 -0.177418
v -0.001105 0.018943 -0.179534
v -0.010643 0.017050 -0.153938
v -0.005189 0.016976 -0.156043
v -0.004209 0.017459 -0.161587
v -0.005482 0.018265 -0.167033
v -0.010972 0.019063 -0.195039
v -0.034211 0.015828 -0.186786
v -0.036285 0.015549 -0.184510
v 0.023844 0.018196 -0.177665
v 0.020192 0.018287 -0.180314
v -0.007350 0.019225 -0.176792
v -0.007288 0.019330 -0.181644
v -0.023595 0.017657 -0.174733
v -0.026949 0.017506 -0.173789
v -0.017323 0.017934 -0.154523
v -0.016095 0.018108 -0.159392
v -0.020718 0.017930 -0.157300
v -0.011346 0.017660 -0.158026
v 0.003491 0.018598 -0.176633
v 0.006730 0.018795 -0.181181
v 0.010997 0.017527 -0.163098
v 0.006434 0.017351 -0.160099
v 0.010471 0.017386 -0.159529
v 0.024630 0.017479 -0.182940
v 0.022364 0.017953 -0.181468
v 0.026174 0.017704 -0.180231
v 0.028064 0.017021 -0.183279
v 0.006690 0.017701 -0.165134
v -0.018390 0.017625 -0.173583
v 0.003851 0.017989 -0.166665
v -0.014963 0.018059 -0.157479
v 0.011999 0.018767 -0.178380
v 0.011594 0.018924 -0.183223
v 0.007047 0.018913 -0.185241
v 0.012377 0.018299 -0.199861
v 0.016924 0.021663 -0.200025
v 0.017487 0.023631 -0.199960
v 0.014236 0.023387 -0.201926
v 0.008828 0.018860 -0.186952
v 0.022575 0.022154 -0.196835
v 0.020583 0.024164 -0.198122
v 0.019636 0.022437 -0.198697
v 0.005880 0.018135 -0.168185
v 0.011121 0.018538 -0.200775
v 0.001081 0.017435 -0.160800
v 0.001950 0.017178 -0.156058
v -0.017234 0.017365 -0.149768
v -0.008694 0.016720 -0.147737
v -0.004680 0.016795 -0.151773
v -0.010335 0.016778 -0.150433
v 0.027276 0.016858 -0.192310
v 0.026899 0.016684 -0.191225
v 0.028340 0.016813 -0.191040
v 0.025084 0.017452 -0.194547
v 0.025223 0.018555 -0.194752
v 0.023682 0.017969 -0.195604
v 0.022534 0.017183 -0.195855
v 0.023674 0.016866 -0.195129
v 0.027259 0.017920 -0.193245
v 0.025986 0.016941 -0.193670
v 0.026670 0.016938 -0.193084
v 0.016408 0.018648 -0.181893
v 0.010412 0.018685 -0.189533
v 0.011192 0.018842 -0.186434
v 0.009683 0.018547 -0.201220
v 0.022434 0.016649 -0.194676
v 0.023802 0.016616 -0.193193
v 0.023496 0.016626 -0.194420
v 0.008779 0.018246 -0.169273
v 0.020226 0.020655 -0.198182
v 0.020898 0.019086 -0.197468
v 0.023334 0.019662 -0.196211
v 0.021743 0.016748 -0.192544
v 0.023107 0.016939 -0.189676
v 0.025269 0.016697 -0.190286
v 0.019009 0.019226 -0.198394
v 0.019625 0.018634 -0.197861
v 0.019567 0.019561 -0.198281
v 0.021313 0.017715 -0.185181
v 0.024396 0.017014 -0.186693
v 0.020550 0.017315 -0.189406
v -0.004126 0.019556 -0.192637
v -0.007286 0.019304 -0.196544
v 0.014054 0.018715 -0.185526
v 0.029950 0.017171 -0.190767
v 0.029190 0.016767 -0.190134
v 0.018185 0.019909 -0.198976
v 0.021319 0.017056 -0.196027
v 0.020944 0.016789 -0.194812
v 0.019964 0.017037 -0.196033
v 0.020475 0.017780 -0.197029
v 0.017108 0.017167 -0.194951
v 0.014453 0.017639 -0.196605
v 0.013791 0.017759 -0.194444
v 0.029570 0.018225 -0.191872
v 0.028560 0.017261 -0.191976
v 0.010329 0.018306 -0.199655
v -0.013822 0.017093 -0.150613
v 0.017072 0.019149 -0.199207
v 0.007746 0.018392 -0.201637
v 0.016494 0.017371 -0.196957
v 0.017519 0.017587 -0.197778
v 0.016410 0.017646 -0.198121
v 0.030329 0.016657 -0.189210
v 0.014969 0.017743 -0.198027
v 0.026516 0.019737 -0.194134
v 0.016669 0.017534 -0.191990
v 0.013272 0.018128 -0.191700
v 0.016412 0.018173 -0.188086
v 0.022066 0.018059 -0.196563
v 0.025733 0.016666 -0.192629
v 0.024657 0.016656 -0.194077
v 0.028109 0.016636 -0.189534
v 0.029930 0.016563 -0.187601
v -0.015551 0.016930 -0.146980
v 0.004932 0.018943 -0.189078
v 0.005655 0.018785 -0.192390
v 0.000572 0.019245 -0.193148
v 0.027862 0.016638 -0.186963
v 0.009214 0.018333 -0.194385
v 0.012332 0.017988 -0.167379
v 0.018272 0.018610 -0.198358
v -0.001103 0.019374 -0.188719
v -0.005193 0.019325 -0.187503
v -0.005457 0.019474 -0.189965
v 0.016851 0.018169 -0.198719
v 0.017839 0.017174 -0.196567
v 0.016969 0.017722 -0.198219
v 0.003863 0.018631 -0.195913
v 0.013033 0.017970 -0.198307
v 0.010938 0.018057 -0.197252
v 0.001450 0.018397 -0.199644
v 0.006805 0.018263 -0.198127
v 0.013394 0.021431 -0.201951
v -0.013229 0.016636 -0.145088
v 0.019560 0.016920 -0.194545
v 0.007246 0.017303 -0.157088
v 0.019031 0.017540 -0.197157
v 0.019168 0.017077 -0.192642
v -0.009736 0.016672 -0.143327
v 0.009217 0.018197 -0.198753
v 0.021185 0.018419 -0.175368
v 0.018545 0.018339 -0.183557
v -0.003214 0.019283 -0.196258
v 0.007738 0.018236 -0.200019
v 0.004619 0.018148 -0.201539
v 0.018725 0.017074 -0.195893
v 0.010434 0.020051 -0.203134
v -0.000144 0.018986 -0.196674
v -0.002663 0.018857 -0.199553
v 0.015745 0.017864 -0.164934
v -0.005705 0.019047 -0.199752
v 0.018366 0.025365 -0.199421
v 0.015766 0.024924 -0.201022
v 0.016253 0.027182 -0.200630
v 0.039386 0.093950 -0.183439
v 0.041229 0.089182 -0.181905
v 0.041546 0.093553 -0.181879
v 0.036423 0.090122 -0.185105
v 0.036573 0.095695 -0.185397
v 0.032456 0.092296 -0.187604
v 0.019182 0.059094 -0.194023
v 0.021528 0.053901 -0.192577
v 0.023103 0.058446 -0.191584
v 0.037186 0.083491 -0.184412
v 0.041488 0.082726 -0.181610
v 0.028064 0.089466 -0.190012
v 0.031527 0.084964 -0.187952
v 0.026416 0.056724 -0.189373
v 0.025209 0.060376 -0.190303
v 0.033962 0.080286 -0.186372
v 0.036719 0.079004 -0.184505
v 0.024800 0.082673 -0.191894
v 0.039984 0.077930 -0.182269
v 0.034196 0.071428 -0.185473
v 0.038167 0.072215 -0.182875
v 0.036056 0.075704 -0.184616
v 0.024145 0.087520 -0.192242
v 0.021407 0.084659 -0.193897
v 0.022159 0.062392 -0.192262
v 0.044242 0.093808 -0.179884
v 0.048416 0.093852 -0.176727
v 0.046784 0.096053 -0.178091
v 0.035278 0.078021 -0.185345
v 0.028178 0.079011 -0.189937
v 0.033055 0.074396 -0.186578
v 0.029853 0.072256 -0.188471
v 0.033958 0.076816 -0.186161
v 0.031112 0.076909 -0.188081
v 0.028823 0.075860 -0.189374
v 0.016171 0.055195 -0.196021
v -0.014830 0.054925 -0.219282
v -0.014018 0.058248 -0.219193
v -0.015527 0.056864 -0.219319
v -0.003994 0.065818 -0.212336
v -0.001729 0.066456 -0.210116
v -0.001641 0.069186 -0.210494
v -0.037221 0.059244 -0.186202
v -0.035201 0.059611 -0.189396
v -0.038805 0.062878 -0.184692
v -0.010413 0.071029 -0.217569
v -0.010022 0.067589 -0.217414
v -0.008936 0.070673 -0.216684
v 0.031940 0.067722 -0.186595
v -0.004732 0.055682 -0.212513
v -0.006188 0.052307 -0.214275
v -0.003262 0.052697 -0.211384
v -0.004524 0.069434 -0.213241
v -0.006691 0.072559 -0.215088
v -0.008362 0.066000 -0.216340
v 0.025545 0.070374 -0.190865
v 0.021757 0.067088 -0.192772
v 0.025628 0.064608 -0.190287
v -0.014946 0.048924 -0.219238
v -0.013663 0.047575 -0.219260
v -0.014049 0.049857 -0.219179
v -0.013618 0.052491 -0.219075
v -0.014835 0.052714 -0.219279
v -0.015059 0.051165 -0.219283
v 0.020296 0.077121 -0.194562
v 0.024377 0.076211 -0.192029
v -0.010193 0.057478 -0.217436
v -0.010557 0.055644 -0.217573
v -0.009548 0.056057 -0.216881
v -0.013292 0.062973 -0.219112
v -0.013633 0.060571 -0.219210
v -0.012696 0.060969 -0.218930
v 0.036226 0.067897 -0.183660
v -0.015511 0.058959 -0.219326
v -0.016778 0.057883 -0.219018
v 0.013116 0.073807 -0.199000
v 0.016132 0.072744 -0.196933
v 0.015178 0.077433 -0.197901
v 0.021070 0.072319 -0.193708
v 0.011321 0.070587 -0.199865
v 0.007919 0.070906 -0.202320
v 0.007632 0.067142 -0.202007
v 0.027248 0.074761 -0.190270
v 0.029517 0.064196 -0.187781
v 0.028710 0.068081 -0.188700
v 0.027345 0.066643 -0.189432
v 0.014778 0.068565 -0.197330
v 0.016868 0.064309 -0.195602
v 0.018101 0.069236 -0.195280
v 0.044000 0.079274 -0.179891
v 0.045368 0.089879 -0.178908
v 0.045176 0.084629 -0.179195
v 0.049822 0.088009 -0.175728
v 0.010465 0.074148 -0.200840
v -0.006287 0.064624 -0.214508
v 0.045918 0.098040 -0.179006
v 0.042643 0.096984 -0.181467
v -0.013354 0.055752 -0.219037
v 0.057107 0.108818 -0.171941
v 0.061083 0.106654 -0.169202
v 0.062460 0.112351 -0.168753
v 0.002406 0.042757 -0.208252
v 0.000507 0.047229 -0.208953
v -0.000621 0.045579 -0.210698
v 0.006154 0.073797 -0.204050
v 0.027946 0.060734 -0.188534
v 0.011229 0.078696 -0.200663
v 0.015138 0.059506 -0.196558
v -0.005712 0.061184 -0.213625
v 0.049008 0.097870 -0.176499
v 0.049259 0.101884 -0.176616
v 0.057335 0.105475 -0.171453
v 0.019620 0.081268 -0.195062
v 0.016585 0.084604 -0.197048
v -0.007142 0.044870 -0.216891
v -0.005124 0.044283 -0.215549
v -0.006513 0.046696 -0.215920
v 0.011390 0.066056 -0.199277
v 0.040139 0.100079 -0.183462
v 0.031095 0.080478 -0.188193
v -0.002222 0.048757 -0.211344
v -0.026602 0.056093 -0.200339
v -0.024657 0.055335 -0.203814
v -0.025903 0.058911 -0.202234
v 0.054185 0.104016 -0.173394
v 0.051485 0.106361 -0.175343
v 0.004927 0.063844 -0.203637
v 0.005182 0.068363 -0.204011
v 0.002773 0.065408 -0.205567
v 0.002115 0.061817 -0.205771
v 0.001499 0.057619 -0.206248
v 0.004397 0.059791 -0.203843
v -0.011304 0.049831 -0.218176
v -0.009614 0.046927 -0.217814
v -0.009619 0.050828 -0.217078
v 0.010885 0.061525 -0.199332
v -0.011673 0.064771 -0.218437
v -0.011007 0.068527 -0.217914
v -0.012079 0.068293 -0.218383
v 0.004943 0.056145 -0.203564
v 0.003187 0.053553 -0.205146
v -0.000424 0.060120 -0.208007
v -0.010242 0.064253 -0.217674
v -0.005084 0.048535 -0.214220
v -0.007737 0.048880 -0.216204
v -0.011742 0.055589 -0.218293
v -0.000142 0.050746 -0.208657
v 0.003483 0.046620 -0.206082
v -0.000032 0.054186 -0.207931
v -0.001822 0.056869 -0.209423
v -0.012320 0.058647 -0.218634
v -0.010356 0.060469 -0.217690
v -0.011499 0.061569 -0.218397
v -0.014993 0.047214 -0.219282
v -0.014225 0.045539 -0.219416
v 0.052785 0.100377 -0.173974
v 0.057639 0.102596 -0.170884
v 0.006516 0.039994 -0.204756
v 0.007540 0.043501 -0.203005
v -0.027461 0.058201 -0.199500
v -0.027855 0.053852 -0.198180
v -0.026004 0.053288 -0.201176
v -0.027957 0.061088 -0.199715
v -0.027300 0.051409 -0.199206
v -0.036554 0.057114 -0.186790
v -0.030468 0.061375 -0.196361
v -0.029263 0.058231 -0.196947
v -0.015866 0.049943 -0.219100
v -0.016167 0.048241 -0.218825
v 0.008202 0.063920 -0.201290
v 0.006945 0.061381 -0.202020
v -0.015324 0.066407 -0.219090
v -0.016477 0.066431 -0.218677
v -0.016071 0.064854 -0.219073
v -0.013133 0.068505 -0.218714
v -0.014145 0.067544 -0.218958
v -0.012956 0.066179 -0.218820
v -0.005744 0.057705 -0.213497
v -0.003237 0.059970 -0.210829
v 0.005902 0.048727 -0.203563
v 0.010741 0.043670 -0.200395
v 0.010558 0.048902 -0.200108
v -0.015886 0.045595 -0.219076
v -0.028142 0.056305 -0.198071
v -0.026277 0.062024 -0.202739
v -0.010754 0.053192 -0.217656
v -0.012183 0.052073 -0.218478
v 0.000316 0.068444 -0.208414
v 0.001680 0.072650 -0.207683
v -0.016008 0.052932 -0.219056
v -0.016156 0.051268 -0.218981
v -0.009270 0.053926 -0.216625
v -0.007739 0.056529 -0.215413
v -0.029690 0.050570 -0.195389
v -0.024405 0.051532 -0.204459
v -0.025776 0.050445 -0.201961
v 0.055786 0.098045 -0.171782
v 0.053643 0.093246 -0.173063
v 0.051799 0.096925 -0.174389
v 0.012605 0.052843 -0.198455
v 0.011745 0.057068 -0.198802
v 0.016964 0.048684 -0.195715
v 0.008548 0.054263 -0.201103
v 0.007736 0.058373 -0.201461
v -0.016549 0.055285 -0.218868
v 0.002259 0.051119 -0.206314
v -0.003578 0.074631 -0.212404
v -0.029962 0.054890 -0.195306
v -0.012887 0.049749 -0.218884
v 0.006300 0.052400 -0.202846
v -0.001437 0.072596 -0.210480
v -0.024252 0.047202 -0.205573
v -0.011867 0.047148 -0.218790
v -0.014105 0.064892 -0.219198
v -0.015156 0.063528 -0.219349
v -0.014512 0.061008 -0.219349
v -0.014206 0.063007 -0.219304
v -0.008290 0.060658 -0.216138
v -0.015876 0.061131 -0.219311
v 0.014700 0.043995 -0.197516
v -0.016842 0.051906 -0.218430
v -0.000158 0.064361 -0.208122
v 0.002668 0.068960 -0.206261
v -0.003048 0.063641 -0.210996
v -0.002802 0.044991 -0.213234
v -0.031835 0.052700 -0.192528
v -0.032065 0.057604 -0.193223
v -0.034294 0.054529 -0.189507
v -0.016356 0.062694 -0.219119
v -0.006718 0.054974 -0.214500
v -0.016760 0.050293 -0.218447
v 0.004192 0.077137 -0.205811
v -0.008181 0.052814 -0.215815
v -0.016496 0.059751 -0.219154
v -0.031926 0.054705 -0.192766
v -0.032990 0.061488 -0.193050
v -0.033373 0.050474 -0.190082
v 0.007965 0.079993 -0.203105
v 0.044580 0.100972 -0.180292
v -0.012651 0.045320 -0.219265
v -0.017345 0.053340 -0.218008
v -0.022188 0.049850 -0.209258
v -0.021927 0.053484 -0.209719
v -0.023158 0.053124 -0.206942
v -0.017923 0.058189 -0.217720
v -0.017555 0.060515 -0.218232
v -0.019238 0.061726 -0.215837
v -0.016675 0.061231 -0.219017
v -0.017179 0.062714 -0.218490
v -0.023616 0.063642 -0.208129
v -0.021834 0.060836 -0.211075
v -0.021291 0.063427 -0.212386
v -0.020269 0.059455 -0.214005
v -0.019508 0.055807 -0.214930
v -0.018886 0.057917 -0.216252
v -0.017986 0.055654 -0.217326
v -0.023011 0.059555 -0.208291
v -0.024723 0.061170 -0.205290
v -0.024227 0.058176 -0.205262
v -0.021264 0.056669 -0.211551
v -0.023055 0.056130 -0.207428
v -0.017319 0.048529 -0.217771
v -0.017613 0.050915 -0.217430
v -0.018267 0.064292 -0.217224
v -0.016853 0.046909 -0.218337
v -0.018589 0.048142 -0.216026
v -0.020268 0.051853 -0.213108
v -0.016338 0.061659 -0.219229
v -0.018482 0.052594 -0.216288
v -0.017316 0.056565 -0.218401
v -0.020380 0.047295 -0.213086
v -0.017591 0.046481 -0.217502
v -0.016991 0.064564 -0.218534
v -0.017500 0.066403 -0.217865
v -0.028757 0.127783 -0.213247
v -0.029009 0.127509 -0.212031
v -0.028126 0.127463 -0.213077
v -0.028254 0.127956 -0.214007
v -0.028139 0.127889 -0.213546
v -0.028374 0.126683 -0.212219
v -0.027269 0.126633 -0.213652
v -0.029369 0.127697 -0.212706
v -0.029478 0.127494 -0.213583
v -0.029316 0.127550 -0.214796
v -0.030009 0.127069 -0.214103
v -0.030491 0.127223 -0.212984
v -0.028697 0.127856 -0.214477
v -0.029894 0.127617 -0.212671
v -0.027891 0.125102 -0.211880
v -0.029694 0.127163 -0.215344
v -0.026863 0.120138 -0.208574
v -0.027488 0.118559 -0.207031
v -0.024799 0.118755 -0.210948
v -0.025638 0.116485 -0.209248
v -0.025315 0.120904 -0.211274
v -0.026765 0.122847 -0.210985
v -0.029388 0.124142 -0.208425
v -0.028678 0.122374 -0.207554
v -0.029129 0.120169 -0.205108
v -0.027951 0.120031 -0.206882
v -0.028230 0.120983 -0.207030
v -0.027004 0.121396 -0.209149
v -0.033194 0.125162 -0.215056
v -0.032116 0.125634 -0.216228
v -0.032200 0.124704 -0.216773
v -0.034703 0.126049 -0.211398
v -0.033883 0.126017 -0.212994
v -0.035119 0.125588 -0.211666
v -0.036576 0.122818 -0.211769
v -0.036159 0.123675 -0.211651
v -0.035367 0.122706 -0.213394
v -0.035230 0.123995 -0.212758
v -0.036177 0.121357 -0.213023
v -0.036944 0.122116 -0.211594
v -0.035894 0.124441 -0.211473
v -0.036699 0.124254 -0.210540
v -0.037318 0.122963 -0.210440
v -0.033073 0.122742 -0.216664
v -0.033368 0.123903 -0.215601
v -0.032285 0.123450 -0.217460
v -0.034525 0.123476 -0.214290
v -0.035208 0.124868 -0.212170
v -0.033955 0.125416 -0.213417
v -0.034230 0.124656 -0.213838
v -0.032857 0.125967 -0.214780
v -0.031554 0.126295 -0.216585
v -0.036225 0.124865 -0.210617
v -0.035072 0.121363 -0.214596
v -0.034548 0.122498 -0.214897
v -0.033819 0.122989 -0.215416
v -0.033709 0.122078 -0.216170
v -0.034827 0.122046 -0.214616
v -0.031343 0.125247 -0.217840
v -0.031371 0.123916 -0.218712
v -0.032270 0.122258 -0.218122
v -0.032466 0.126387 -0.214601
v -0.044693 0.120903 -0.201250
v -0.043709 0.120753 -0.202910
v -0.044489 0.119506 -0.202178
v -0.046137 0.116185 -0.200092
v -0.045768 0.113325 -0.201289
v -0.046680 0.114834 -0.199763
v -0.044753 0.117848 -0.202000
v -0.043922 0.117677 -0.203349
v -0.044514 0.121623 -0.201042
v -0.042598 0.121479 -0.204384
v -0.043264 0.122458 -0.202761
v -0.045314 0.120107 -0.200481
v -0.039230 0.125504 -0.203575
v -0.040116 0.125388 -0.202679
v -0.039286 0.125361 -0.202442
v -0.040060 0.125222 -0.203744
v -0.040521 0.125304 -0.202913
v -0.044438 0.122076 -0.201024
v -0.043890 0.119123 -0.203241
v -0.046319 0.111465 -0.200414
v -0.047133 0.111360 -0.199218
v -0.046858 0.113572 -0.199470
v -0.045593 0.110276 -0.201777
v -0.044011 0.122434 -0.201502
v -0.047425 0.105593 -0.198755
v -0.047728 0.107997 -0.198400
v -0.047005 0.106999 -0.199678
v -0.044234 0.115699 -0.203320
v -0.029812 0.127080 -0.216191
v -0.030311 0.127073 -0.215283
v -0.030565 0.126953 -0.214465
v -0.030809 0.126956 -0.213556
v -0.031130 0.123426 -0.204832
v -0.033310 0.126921 -0.205293
v -0.034201 0.126580 -0.204099
v -0.032339 0.126095 -0.205868
v -0.030534 0.127131 -0.215576
v -0.030482 0.127488 -0.212059
v -0.031024 0.127129 -0.212075
v -0.031276 0.127088 -0.210913
v -0.031733 0.127331 -0.207796
v -0.032341 0.127105 -0.206619
v -0.031057 0.126700 -0.208181
v -0.031406 0.124851 -0.206095
v -0.033337 0.123738 -0.202178
v -0.033502 0.125083 -0.203673
v -0.030853 0.126962 -0.214817
v -0.031607 0.126933 -0.211770
v -0.031570 0.126887 -0.213639
v -0.031393 0.126875 -0.212644
v -0.029340 0.127192 -0.217345
v -0.030335 0.127019 -0.216304
v -0.035926 0.126391 -0.201821
v -0.035093 0.125711 -0.202076
v -0.034894 0.126195 -0.202850
v -0.030735 0.125349 -0.207674
v -0.033583 0.126826 -0.206052
v -0.033751 0.126920 -0.205398
v -0.033270 0.127180 -0.205975
v -0.029489 0.126630 -0.210618
v -0.029760 0.125570 -0.209429
v -0.034070 0.126992 -0.204837
v -0.033012 0.127079 -0.206785
v -0.032820 0.126814 -0.207575
v -0.033475 0.126492 -0.207966
v -0.033462 0.126588 -0.206892
v -0.035609 0.126711 -0.202986
v -0.032281 0.126757 -0.211022
v -0.031975 0.126904 -0.211923
v -0.031127 0.126958 -0.215114
v -0.034732 0.126717 -0.204836
v -0.035399 0.126686 -0.203907
v -0.030048 0.127029 -0.217221
v -0.032416 0.127179 -0.207673
v -0.031543 0.127387 -0.209062
v -0.036789 0.126392 -0.202242
v -0.032025 0.126909 -0.209922
v -0.032246 0.126766 -0.212173
v -0.034063 0.126716 -0.205454
v -0.031130 0.126728 -0.215937
v -0.034131 0.126749 -0.205054
v -0.032562 0.126774 -0.208736
v -0.030398 0.127402 -0.209622
v -0.035778 0.126435 -0.204300
v -0.034965 0.124711 -0.201121
v -0.032398 0.126608 -0.213734
v -0.030763 0.127523 -0.210322
v -0.035554 0.126227 -0.205245
v -0.036295 0.126484 -0.203486
v -0.030471 0.126699 -0.217468
v -0.034310 0.126518 -0.205982
v -0.036610 0.126031 -0.204123
v -0.037296 0.126087 -0.202898
v -0.029906 0.127613 -0.210835
v -0.030402 0.127592 -0.211195
v -0.032757 0.126692 -0.209776
v -0.033356 0.126475 -0.209129
v -0.033403 0.126607 -0.210193
v -0.033207 0.126624 -0.211331
v -0.032686 0.126774 -0.212548
v -0.029850 0.127748 -0.211902
v -0.036208 0.126253 -0.203969
v -0.034232 0.126193 -0.207056
v -0.034243 0.126200 -0.207906
v -0.034059 0.126366 -0.208547
v -0.033753 0.126392 -0.211676
v -0.034020 0.126439 -0.210444
v -0.033493 0.126345 -0.212866
v -0.037584 0.125713 -0.203482
v -0.037577 0.125633 -0.204299
v -0.038334 0.125641 -0.204254
v -0.038421 0.125546 -0.203457
v -0.038371 0.125642 -0.202497
v -0.044415 0.098425 -0.203415
v -0.045417 0.095335 -0.201446
v -0.045598 0.099107 -0.201421
v -0.030133 0.126082 -0.218721
v -0.037695 0.124297 -0.209031
v -0.036316 0.125449 -0.209455
v -0.035954 0.125881 -0.208293
v -0.034926 0.126217 -0.208367
v -0.034978 0.126060 -0.209755
v -0.032481 0.121994 -0.201433
v -0.036806 0.125749 -0.206222
v -0.037712 0.125600 -0.205129
v -0.036580 0.125773 -0.205219
v -0.042280 0.119988 -0.205404
v -0.042824 0.119440 -0.204596
v -0.048802 0.097248 -0.196150
v -0.048443 0.100696 -0.197057
v -0.047557 0.097659 -0.198194
v -0.033583 0.108967 -0.217852
v -0.032655 0.106230 -0.218414
v -0.034480 0.107910 -0.216891
v -0.036689 0.125722 -0.207260
v -0.037353 0.125639 -0.206839
v -0.044657 0.110747 -0.203023
v -0.037963 0.125551 -0.205905
v -0.037599 0.125530 -0.205704
v -0.041998 0.121761 -0.204926
v -0.042189 0.122466 -0.204272
v -0.038271 0.125542 -0.205323
v -0.038838 0.125527 -0.204603
v -0.037596 0.125275 -0.207196
v -0.037109 0.125547 -0.207269
v -0.036926 0.125520 -0.207890
v -0.037559 0.125651 -0.206365
v -0.031621 0.122801 -0.219110
v -0.036922 0.123637 -0.210539
v -0.037414 0.125114 -0.208102
v -0.039052 0.125182 -0.205232
v -0.038208 0.125273 -0.206396
v -0.040762 0.124521 -0.204212
v -0.038331 0.124868 -0.207261
v -0.039531 0.124528 -0.205955
v -0.030070 0.121652 -0.204690
v -0.037632 0.121943 -0.210729
v -0.037061 0.121418 -0.211877
v -0.044893 0.107436 -0.202877
v -0.045520 0.106370 -0.201636
v -0.046231 0.108593 -0.200738
v -0.038981 0.124286 -0.207182
v -0.035315 0.126005 -0.206736
v -0.034944 0.126156 -0.206227
v -0.032378 0.121206 -0.218543
v -0.033315 0.121020 -0.217337
v -0.032890 0.121848 -0.217320
v -0.034225 0.121525 -0.215634
v -0.034190 0.120164 -0.216400
v -0.035733 0.125840 -0.205957
v -0.031828 0.120273 -0.219615
v -0.032613 0.120561 -0.218559
v -0.038337 0.122836 -0.209349
v -0.039799 0.123851 -0.206637
v -0.039019 0.123455 -0.207747
v -0.035386 0.120387 -0.214747
v -0.036950 0.120588 -0.212281
v -0.037580 0.121026 -0.211361
v -0.041454 0.118870 -0.206958
v -0.041240 0.120066 -0.206806
v -0.040445 0.118917 -0.208086
v -0.032852 0.119776 -0.218332
v -0.036283 0.119736 -0.213618
v -0.035165 0.119319 -0.215594
v -0.039096 0.122395 -0.208373
v -0.040009 0.122732 -0.207058
v -0.041915 0.111285 -0.207102
v -0.041427 0.109701 -0.207760
v -0.042549 0.110144 -0.206271
v -0.048725 0.104821 -0.196820
v -0.048310 0.106870 -0.197358
v -0.031929 0.118593 -0.219799
v -0.035745 0.118560 -0.214855
v -0.040768 0.123408 -0.205642
v -0.041258 0.122567 -0.205599
v -0.040841 0.121718 -0.206521
v -0.047871 0.110342 -0.198071
v -0.047171 0.109035 -0.199390
v -0.042571 0.106391 -0.206297
v -0.043650 0.108554 -0.204718
v -0.031534 0.121622 -0.219580
v -0.041419 0.103207 -0.208075
v -0.040405 0.100426 -0.209340
v -0.041620 0.101052 -0.207681
v -0.038657 0.093492 -0.211463
v -0.038513 0.098056 -0.211433
v -0.036999 0.094898 -0.213316
v -0.041217 0.124672 -0.203039
v -0.041648 0.124892 -0.202123
v -0.040881 0.125017 -0.202934
v -0.043065 0.101899 -0.205379
v -0.043126 0.100388 -0.205291
v -0.043743 0.101226 -0.204528
v -0.040646 0.124758 -0.203512
v -0.041530 0.122885 -0.204856
v -0.041927 0.123504 -0.203783
v -0.034663 0.118280 -0.216412
v -0.039643 0.121119 -0.208398
v -0.038414 0.121305 -0.209899
v -0.038851 0.120113 -0.209848
v -0.039029 0.101403 -0.211195
v -0.041532 0.122112 -0.205330
v -0.037465 0.101991 -0.213104
v -0.038045 0.100175 -0.212288
v -0.033542 0.118608 -0.217891
v -0.034320 0.119097 -0.216657
v -0.035758 0.126054 -0.207383
v -0.034815 0.126109 -0.207460
v -0.037671 0.119909 -0.211558
v -0.035740 0.117288 -0.215390
v -0.037140 0.118210 -0.213004
v -0.039570 0.119494 -0.208998
v -0.040420 0.120186 -0.207715
v -0.034663 0.105243 -0.216665
v -0.036604 0.106458 -0.214591
v -0.035712 0.107828 -0.215654
v -0.033795 0.116943 -0.217790
v -0.032898 0.117738 -0.218843
v -0.032402 0.117107 -0.219336
v -0.046291 0.117728 -0.199863
v -0.045809 0.117070 -0.200624
v -0.045315 0.115893 -0.201694
v -0.038637 0.118936 -0.210800
v -0.041680 0.121075 -0.205626
v -0.032394 0.115964 -0.219463
v -0.034242 0.126373 -0.209380
v -0.033305 0.114838 -0.218394
v -0.036728 0.117179 -0.213940
v -0.036385 0.116235 -0.214430
v -0.035529 0.095397 -0.215141
v -0.036796 0.098539 -0.213784
v -0.034966 0.097628 -0.215645
v -0.038467 0.117649 -0.211441
v -0.037422 0.116543 -0.212939
v -0.040187 0.096598 -0.209547
v -0.041314 0.111757 -0.208046
v -0.040474 0.113423 -0.209079
v -0.039795 0.109905 -0.210185
v -0.043160 0.118348 -0.204373
v -0.039566 0.118049 -0.209736
v -0.035119 0.115557 -0.216255
v -0.036565 0.114689 -0.214445
v -0.045809 0.118334 -0.200485
v -0.037355 0.109655 -0.213647
v -0.040653 0.116764 -0.208487
v -0.038809 0.116115 -0.211142
v -0.034774 0.113001 -0.216957
v -0.032696 0.113291 -0.219047
v -0.037803 0.115219 -0.212736
v -0.043349 0.117113 -0.204225
v -0.042556 0.117237 -0.205543
v -0.042892 0.115973 -0.205231
v -0.042063 0.118129 -0.206084
v -0.032779 0.111570 -0.218929
v -0.035387 0.100420 -0.215204
v -0.041723 0.115493 -0.206869
v -0.042889 0.123610 -0.202097
v -0.041938 0.124291 -0.202568
v -0.039311 0.114062 -0.210524
v -0.050495 0.098323 -0.193889
v -0.049996 0.100554 -0.194628
v -0.033936 0.111017 -0.217686
v -0.043585 0.104569 -0.204515
v -0.036208 0.112924 -0.215048
v -0.043586 0.116056 -0.204279
v -0.037748 0.113039 -0.213127
v -0.038654 0.111615 -0.211998
v -0.035553 0.110497 -0.215927
v -0.046610 0.098877 -0.199630
v -0.043436 0.113683 -0.204830
v -0.044383 0.113341 -0.203228
v -0.042259 0.113166 -0.206352
v -0.039513 0.111858 -0.210606
v -0.038683 0.109594 -0.211891
v -0.050334 0.104067 -0.194478
v -0.040294 0.103212 -0.209672
v -0.039358 0.104207 -0.211137
v -0.039546 0.106900 -0.210707
v -0.037898 0.105396 -0.212842
v -0.043622 0.111231 -0.204521
v -0.045276 0.101810 -0.201987
v -0.046220 0.101336 -0.200629
v -0.037850 0.107493 -0.213151
v -0.043978 0.094987 -0.203529
v -0.042883 0.094792 -0.205278
v -0.042978 0.098335 -0.205295
v -0.047384 0.102617 -0.198964
v -0.046154 0.104680 -0.200648
v -0.040675 0.108925 -0.209039
v -0.038687 0.107731 -0.211746
v -0.040951 0.106404 -0.208400
v -0.035952 0.103687 -0.214933
v -0.047164 0.094673 -0.198711
v -0.046729 0.096605 -0.199560
v -0.034238 0.102240 -0.216618
v -0.044487 0.105051 -0.203303
v -0.044500 0.102676 -0.203428
v -0.041848 0.104961 -0.207312
v -0.042446 0.103319 -0.206467
v -0.040935 0.125250 -0.202126
v -0.033223 0.099409 -0.217375
v -0.034239 0.098716 -0.216230
v -0.043872 0.123292 -0.201100
v -0.042389 0.099933 -0.206402
v -0.050133 0.095949 -0.194204
v -0.051653 0.097701 -0.191689
v -0.041356 0.098805 -0.208092
v -0.042597 0.123068 -0.203180
v -0.041609 0.095884 -0.207353
v -0.045126 0.104730 -0.202332
v -0.002414 0.021359 -0.212431
v -0.000128 0.020379 -0.210220
v 0.000763 0.021621 -0.210683
v 0.010345 0.021322 -0.203868
v 0.007071 0.022229 -0.206644
v 0.008230 0.020674 -0.205068
v -0.010351 0.019079 -0.217372
v -0.009004 0.019924 -0.216906
v -0.009875 0.020095 -0.218082
v 0.003054 0.021218 -0.208885
v 0.005313 0.020785 -0.207147
v 0.003387 0.022351 -0.209321
v -0.007614 0.020085 -0.215477
v -0.007671 0.019201 -0.214171
v -0.006430 0.019717 -0.213836
v -0.005195 0.020716 -0.213967
v -0.002819 0.020137 -0.211400
v -0.005030 0.019703 -0.212459
v -0.010982 0.022068 -0.220015
v -0.012512 0.022098 -0.220432
v -0.011971 0.020676 -0.220002
v -0.029055 0.016880 -0.201897
v -0.028439 0.015893 -0.201584
v -0.028181 0.016144 -0.202559
v -0.027512 0.020396 -0.204398
v -0.026881 0.023336 -0.205190
v -0.030545 0.019900 -0.199735
v 0.004581 0.018600 -0.205291
v 0.005086 0.019534 -0.206384
v 0.003375 0.019177 -0.207098
v -0.034806 0.015762 -0.193512
v -0.034238 0.015603 -0.192209
v -0.033761 0.015605 -0.193466
v -0.030024 0.016728 -0.200654
v -0.030682 0.016329 -0.199242
v -0.029314 0.015852 -0.200511
v -0.016853 0.046909 -0.218337
v -0.017009 0.045156 -0.218250
v -0.015886 0.045595 -0.219076
v -0.017820 0.043599 -0.217417
v -0.017591 0.046481 -0.217502
v -0.023311 0.042901 -0.207957
v -0.024252 0.047202 -0.205573
v -0.025498 0.043353 -0.203819
v -0.021604 0.043997 -0.211145
v 0.006774 0.019019 -0.204792
v 0.008334 0.018977 -0.203682
v 0.007796 0.019346 -0.204525
v -0.019477 0.042585 -0.215065
v -0.020494 0.039889 -0.213505
v -0.018589 0.048142 -0.216026
v -0.037509 0.015869 -0.189720
v -0.020380 0.047295 -0.213086
v -0.022188 0.049850 -0.209258
v 0.009972 0.019128 -0.202754
v 0.008878 0.018714 -0.202413
v -0.031695 0.031232 -0.195021
v -0.030100 0.034715 -0.196126
v -0.032343 0.034631 -0.193241
v -0.021817 0.039382 -0.211017
v 0.002282 0.018801 -0.206884
v -0.035458 0.015584 -0.191921
v -0.036437 0.016324 -0.191485
v -0.031895 0.027136 -0.196150
v -0.034613 0.027873 -0.192133
v -0.033636 0.025958 -0.194022
v -0.012540 0.018343 -0.201815
v -0.017682 0.017871 -0.199073
v -0.013060 0.018596 -0.198018
v -0.033765 0.019359 -0.195019
v -0.035874 0.017875 -0.192171
v -0.035234 0.016944 -0.193115
v -0.032362 0.015877 -0.193291
v 0.014236 0.023387 -0.201926
v 0.011643 0.024091 -0.203766
v 0.010471 0.022958 -0.204341
v -0.033661 0.015723 -0.194788
v 0.002949 0.020175 -0.208282
v -0.029537 0.016083 -0.197286
v -0.031358 0.015839 -0.197543
v -0.031343 0.015861 -0.195956
v -0.029690 0.050570 -0.195389
v -0.027253 0.047558 -0.199978
v -0.027300 0.051409 -0.199206
v -0.032388 0.015869 -0.196919
v -0.032696 0.015612 -0.195552
v -0.034236 0.016871 -0.194542
v -0.032912 0.017189 -0.196432
v -0.023758 0.016345 -0.204346
v -0.025626 0.016141 -0.203847
v -0.025653 0.016153 -0.202596
v -0.009220 0.018902 -0.215408
v -0.000659 0.019506 -0.209449
v 0.001393 0.019495 -0.208409
v -0.027377 0.015984 -0.202122
v -0.026973 0.016116 -0.203348
v -0.028908 0.024182 -0.201745
v -0.030946 0.024910 -0.198289
v -0.031641 0.022316 -0.197767
v -0.025776 0.050445 -0.201961
v 0.007110 0.019801 -0.205290
v 0.013394 0.021431 -0.201951
v -0.027904 0.034610 -0.199325
v -0.027366 0.031632 -0.201108
v -0.025965 0.034367 -0.202582
v -0.014372 0.036218 -0.219867
v -0.014126 0.038515 -0.219740
v -0.015618 0.037430 -0.219508
v -0.029305 0.032412 -0.197831
v -0.037531 0.017546 -0.189885
v -0.029701 0.018103 -0.201124
v -0.013974 0.041423 -0.219516
v -0.012219 0.042188 -0.219414
v -0.013311 0.043701 -0.219523
v -0.008786 0.021212 -0.217814
v -0.033939 0.032383 -0.191591
v -0.025315 0.022566 -0.207851
v -0.023297 0.018568 -0.209903
v -0.024471 0.018422 -0.208405
v -0.023711 0.018066 -0.209108
v -0.024411 0.034229 -0.205627
v -0.025550 0.032370 -0.203983
v -0.035572 0.016009 -0.192638
v -0.025916 0.018741 -0.206453
v -0.025519 0.017256 -0.206208
v -0.026076 0.017216 -0.193305
v -0.024088 0.017850 -0.190129
v -0.021337 0.017829 -0.194987
v -0.010240 0.018923 -0.198407
v -0.026948 0.016082 -0.200606
v -0.025029 0.020515 -0.208237
v -0.017271 0.017130 -0.210672
v -0.015383 0.017256 -0.211897
v -0.017454 0.017380 -0.212414
v -0.008151 0.020703 -0.216753
v -0.026034 0.016628 -0.197536
v -0.021698 0.017306 -0.198282
v -0.022466 0.016692 -0.201533
v -0.010298 0.021014 -0.219084
v -0.011066 0.019636 -0.218860
v -0.024479 0.031206 -0.206521
v -0.026059 0.029821 -0.204187
v -0.025821 0.027296 -0.205764
v -0.029288 0.016403 -0.194475
v -0.030172 0.016721 -0.189046
v -0.027834 0.017043 -0.203387
v -0.028150 0.018319 -0.203266
v -0.002665 0.026429 -0.215137
v -0.001171 0.024740 -0.213443
v -0.000019 0.026610 -0.213063
v -0.022822 0.017744 -0.209858
v 0.007213 0.023774 -0.207016
v -0.028640 0.015987 -0.198993
v -0.028627 0.027755 -0.200881
v 0.000478 0.023126 -0.211668
v -0.002405 0.023141 -0.213564
v 0.008734 0.019638 -0.204110
v 0.004599 0.023769 -0.208950
v 0.005603 0.025185 -0.208527
v 0.010434 0.020051 -0.203134
v -0.009284 0.022681 -0.219017
v -0.022510 0.036594 -0.209533
v -0.023828 0.036963 -0.206560
v -0.023261 0.033899 -0.208216
v 0.001696 0.024295 -0.211273
v 0.009300 0.024882 -0.205621
v 0.012760 0.025409 -0.203083
v 0.009783 0.026781 -0.205292
v 0.015766 0.024924 -0.201022
v 0.016253 0.027182 -0.200630
v 0.003501 0.027405 -0.210503
v 0.003169 0.030320 -0.210651
v -0.000417 0.030140 -0.213835
v -0.023531 0.039857 -0.207400
v -0.006939 0.021617 -0.216244
v -0.007846 0.022579 -0.217748
v -0.004686 0.022100 -0.214727
v -0.005867 0.023393 -0.216435
v -0.011672 0.023318 -0.220427
v -0.016668 0.017438 -0.203994
v -0.013284 0.023454 -0.220522
v 0.002961 0.025421 -0.210642
v 0.012630 0.027435 -0.203045
v -0.010308 0.023484 -0.219941
v -0.026286 0.016234 -0.204358
v -0.012535 0.025569 -0.220497
v -0.014608 0.024912 -0.220345
v -0.004122 0.024993 -0.215785
v -0.014926 0.043634 -0.219394
v 0.006744 0.026459 -0.207714
v -0.010738 0.025035 -0.220221
v -0.012092 0.024150 -0.220524
v -0.005150 0.027154 -0.217196
v -0.029637 0.029927 -0.198342
v 0.013871 0.029558 -0.201761
v 0.010134 0.029208 -0.204694
v -0.013931 0.034166 -0.219981
v -0.012637 0.036187 -0.220023
v -0.006682 0.025139 -0.217801
v -0.007771 0.023749 -0.218216
v -0.014813 0.028738 -0.219999
v -0.013971 0.026770 -0.220421
v -0.013191 0.028834 -0.220236
v -0.022419 0.016508 -0.205886
v -0.023845 0.016484 -0.206249
v 0.006607 0.028393 -0.207807
v -0.033904 0.015737 -0.189685
v 0.012099 0.031100 -0.202633
v -0.003715 0.019467 -0.210962
v -0.030727 0.017889 -0.199459
v -0.008872 0.024729 -0.219302
v -0.008913 0.027230 -0.219603
v -0.012318 0.027526 -0.220412
v -0.010672 0.027707 -0.220181
v 0.009493 0.032245 -0.204433
v 0.011836 0.033201 -0.202124
v -0.032061 0.047291 -0.191930
v -0.033522 0.042933 -0.189853
v -0.029865 0.045153 -0.195631
v -0.012576 0.030958 -0.220158
v -0.011586 0.029443 -0.220187
v -0.011069 0.031650 -0.220068
v -0.002810 0.028487 -0.215627
v 0.006629 0.030989 -0.207388
v 0.002548 0.038234 -0.209533
v 0.005722 0.035162 -0.207164
v 0.004624 0.038874 -0.207070
v -0.037049 0.024824 -0.189458
v -0.034196 0.023353 -0.193838
v -0.007409 0.026680 -0.218642
v 0.000001 0.038435 -0.212286
v 0.001967 0.035440 -0.210957
v -0.012384 0.033217 -0.220139
v -0.002399 0.019423 -0.210048
v -0.020282 0.016713 -0.205602
v -0.022181 0.033574 -0.210691
v -0.023069 0.030151 -0.209795
v -0.021129 0.032186 -0.213002
v -0.030486 0.040936 -0.195033
v -0.034211 0.015828 -0.186786
v -0.010972 0.019063 -0.195039
v -0.015380 0.018530 -0.194932
v -0.004737 0.029584 -0.217143
v -0.025176 0.039635 -0.204112
v -0.025397 0.036929 -0.203372
v -0.016459 0.029319 -0.219342
v -0.015420 0.030558 -0.219791
v -0.014126 0.030520 -0.220053
v -0.026919 0.017785 -0.204776
v -0.026995 0.016695 -0.204219
v -0.016265 0.032222 -0.219282
v 0.003417 0.032802 -0.210059
v -0.031634 0.017108 -0.198236
v 0.013329 0.035768 -0.200084
v 0.009786 0.035724 -0.202999
v -0.023162 0.023613 -0.211310
v -0.006739 0.029288 -0.218497
v -0.003329 0.030728 -0.216165
v 0.010490 0.039550 -0.201265
v -0.038532 0.016128 -0.188508
v -0.021655 0.016558 -0.207626
v -0.018545 0.016893 -0.208778
v -0.023928 0.025833 -0.209570
v -0.015938 0.017223 -0.207644
v -0.025267 0.016336 -0.204999
v -0.026824 0.019315 -0.205278
v -0.020237 0.016855 -0.209208
v -0.026315 0.016775 -0.204984
v -0.015763 0.017192 -0.209900
v -0.018884 0.017100 -0.210534
v -0.010198 0.030418 -0.219946
v -0.005031 0.031899 -0.217408
v -0.014832 0.032412 -0.219848
v -0.013541 0.032193 -0.220082
v -0.021503 0.035710 -0.211735
v -0.001141 0.019000 -0.208647
v 0.000518 0.019054 -0.208113
v -0.023661 0.017376 -0.208623
v -0.024353 0.017066 -0.207462
v -0.022155 0.028686 -0.211919
v 0.006516 0.039994 -0.204756
v -0.022155 0.018582 -0.211336
v 0.006949 0.018572 -0.203581
v 0.012131 0.020477 -0.202333
v -0.020657 0.036486 -0.213295
v -0.016023 0.017437 -0.213686
v -0.012401 0.039530 -0.219659
v -0.028560 0.041457 -0.198214
v -0.026764 0.038777 -0.201058
v -0.026944 0.041385 -0.201074
v -0.034588 0.036326 -0.189638
v -0.031635 0.038061 -0.193618
v -0.028786 0.037863 -0.197591
v -0.033373 0.050474 -0.190082
v -0.034231 0.047383 -0.188525
v -0.008613 0.030559 -0.219462
v -0.038661 0.020406 -0.187938
v -0.036172 0.019674 -0.191641
v -0.005552 0.035485 -0.217522
v -0.002982 0.036689 -0.215490
v -0.005582 0.040388 -0.216835
v 0.002406 0.042757 -0.208252
v -0.000621 0.045579 -0.210698
v -0.000123 0.041575 -0.211505
v -0.006764 0.032353 -0.218450
v -0.009588 0.032704 -0.219730
v -0.010913 0.034410 -0.219962
v -0.015567 0.034764 -0.219584
v 0.007540 0.043501 -0.203005
v -0.007964 0.034545 -0.218959
v -0.016765 0.034418 -0.218863
v -0.016604 0.036268 -0.218982
v -0.026810 0.036552 -0.200856
v -0.017276 0.032752 -0.218379
v -0.019945 0.018610 -0.213932
v -0.020560 0.018114 -0.212415
v -0.018858 0.018121 -0.214014
v -0.017669 0.035804 -0.217946
v -0.017043 0.031095 -0.218780
v -0.019058 0.018843 -0.215251
v -0.019111 0.017556 -0.212232
v -0.018203 0.017709 -0.213252
v -0.015470 0.041944 -0.219260
v -0.016853 0.038283 -0.218639
v -0.020587 0.017265 -0.210644
v -0.017300 0.017713 -0.214282
v -0.015659 0.040092 -0.219207
v -0.022493 0.016885 -0.208908
v -0.021864 0.017195 -0.209956
v -0.021372 0.016830 -0.209235
v -0.018083 0.039728 -0.217197
v -0.016894 0.040940 -0.218340
v -0.023235 0.016685 -0.207773
v -0.016164 0.041484 -0.218931
v -0.021674 0.017759 -0.210911
v -0.015766 0.017723 -0.215481
v -0.016424 0.043245 -0.218770
v -0.009512 0.035307 -0.219506
v -0.008972 0.037657 -0.219064
v -0.010634 0.043169 -0.218917
v -0.011149 0.040643 -0.219364
v -0.011867 0.047148 -0.218790
v -0.012651 0.045320 -0.219265
v -0.012164 0.043823 -0.219304
v -0.017519 0.018314 -0.215904
v -0.009972 0.040013 -0.219116
v -0.010686 0.037451 -0.219673
v -0.027673 0.043773 -0.199748
v -0.036087 0.031791 -0.188613
v -0.020771 0.019287 -0.213781
v -0.018834 0.019960 -0.216616
v -0.018107 0.018992 -0.216554
v 0.002428 0.018409 -0.205618
v -0.006286 0.018615 -0.210837
v -0.007614 0.018253 -0.209201
v -0.004409 0.018587 -0.208243
v -0.016509 0.022960 -0.219582
v -0.015229 0.022878 -0.220156
v -0.016514 0.024459 -0.219586
v -0.008168 0.042477 -0.217993
v -0.009614 0.046927 -0.217814
v 0.005178 0.018283 -0.203440
v -0.011305 0.018229 -0.216384
v -0.010449 0.018076 -0.214244
v -0.013783 0.019141 -0.219881
v -0.014750 0.018991 -0.219679
v -0.014120 0.018684 -0.219443
v -0.013478 0.020122 -0.220191
v -0.012516 0.019284 -0.219609
v 0.000006 0.033582 -0.213273
v -0.006464 0.019079 -0.212697
v -0.004967 0.019136 -0.211279
v -0.012430 0.017846 -0.206311
v -0.012246 0.017527 -0.210347
v 0.003788 0.018316 -0.204582
v -0.007142 0.044870 -0.216891
v 0.000334 0.018383 -0.205642
v 0.000423 0.018693 -0.207086
v -0.017965 0.021447 -0.218173
v -0.016431 0.021531 -0.219462
v -0.017390 0.022964 -0.218942
v -0.015755 0.026734 -0.219912
v 0.000309 0.018248 -0.203368
v 0.002733 0.018201 -0.204118
v -0.022936 0.019797 -0.211147
v -0.022684 0.021725 -0.212085
v -0.013300 0.018571 -0.219031
v -0.011893 0.018628 -0.218257
v -0.015831 0.018904 -0.218942
v -0.017028 0.018825 -0.217608
v -0.015654 0.018281 -0.218046
v -0.008887 0.018190 -0.207047
v -0.005347 0.018443 -0.206055
v -0.004347 0.018624 -0.202709
v -0.002663 0.018857 -0.199553
v -0.001754 0.018489 -0.201930
v -0.020853 0.021237 -0.214727
v -0.003497 0.019002 -0.209583
v 0.001450 0.018397 -0.199644
v 0.004619 0.018148 -0.201539
v -0.007196 0.018568 -0.203842
v -0.009793 0.018373 -0.204342
v -0.008674 0.018830 -0.200979
v -0.016151 0.018111 -0.216989
v -0.021063 0.024063 -0.214577
v -0.018530 0.023210 -0.217824
v -0.019003 0.025950 -0.217215
v -0.019764 0.023134 -0.216372
v -0.008941 0.040417 -0.218693
v -0.001688 0.018656 -0.207496
v -0.002295 0.018440 -0.206002
v -0.017878 0.029784 -0.218114
v -0.000893 0.036553 -0.213637
v -0.017345 0.026822 -0.218904
v -0.017865 0.024654 -0.218518
v -0.008236 0.018522 -0.213169
v -0.009314 0.018037 -0.211887
v -0.002917 0.018447 -0.204267
v -0.014225 0.045539 -0.219416
v -0.013348 0.021142 -0.220350
v -0.002981 0.033150 -0.215885
v -0.016960 0.020005 -0.218622
v -0.014686 0.021029 -0.220189
v -0.013869 0.022105 -0.220445
v -0.005124 0.044283 -0.215549
v -0.019196 0.021687 -0.216893
v 0.007746 0.018392 -0.201637
v -0.015598 0.019949 -0.219664
v -0.002606 0.040418 -0.214373
v -0.011690 0.017677 -0.213123
v -0.007354 0.038464 -0.218226
v -0.012843 0.017718 -0.215480
v 0.014295 0.032510 -0.200481
v -0.014014 0.017433 -0.213816
v -0.014358 0.017601 -0.215504
v -0.014513 0.019785 -0.220054
v -0.018306 0.033065 -0.217276
v -0.014651 0.017839 -0.216973
v -0.002802 0.044991 -0.213234
v -0.013095 0.018076 -0.217540
v -0.005705 0.019047 -0.199752
v -0.014497 0.018357 -0.218667
v -0.019307 0.036025 -0.215682
v -0.007286 0.019304 -0.196544
v -0.019502 0.030153 -0.215975
v -0.021473 0.027017 -0.213499
v -0.020123 0.026739 -0.215584
v 0.010741 0.043670 -0.200395
v 0.039571 0.125666 -0.188360
v 0.037942 0.125858 -0.190357
v 0.037129 0.125480 -0.189499
v 0.021441 0.121002 -0.210206
v 0.021642 0.118119 -0.210102
v 0.019551 0.119366 -0.211393
v 0.022297 0.124858 -0.208893
v 0.021913 0.125681 -0.208811
v 0.022704 0.125430 -0.208468
v 0.053206 0.126171 -0.180942
v 0.051340 0.125558 -0.180198
v 0.054470 0.125659 -0.178397
v 0.019259 0.116802 -0.211781
v 0.021590 0.114379 -0.210248
v 0.049585 0.125100 -0.180359
v 0.048724 0.125362 -0.181341
v 0.048538 0.125068 -0.180704
v 0.049927 0.123811 -0.178077
v 0.050862 0.123137 -0.176903
v 0.051530 0.123773 -0.176881
v 0.020972 0.123653 -0.210115
v 0.023312 0.123677 -0.208512
v 0.022336 0.126166 -0.207959
v 0.021088 0.126009 -0.208723
v 0.022795 0.122265 -0.209174
v 0.021441 0.126418 -0.207425
v 0.040740 0.126235 -0.189887
v 0.042883 0.125956 -0.187097
v 0.048354 0.124190 -0.179387
v 0.046777 0.124262 -0.179925
v 0.047508 0.123007 -0.178903
v 0.051617 0.124508 -0.177720
v 0.052610 0.124065 -0.176382
v 0.053682 0.124493 -0.176423
v 0.044542 0.125638 -0.184899
v 0.044878 0.125308 -0.183730
v 0.046552 0.125542 -0.183020
v 0.047370 0.124866 -0.180829
v 0.046474 0.124610 -0.180587
v 0.041573 0.124271 -0.183524
v 0.042964 0.124381 -0.182578
v 0.042759 0.124735 -0.183377
v 0.038753 0.124832 -0.186596
v 0.039902 0.125199 -0.186653
v 0.038741 0.125145 -0.187517
v 0.049160 0.125964 -0.182837
v 0.048431 0.126326 -0.185463
v 0.046083 0.126048 -0.185350
v 0.043501 0.123960 -0.181680
v 0.043298 0.123027 -0.181433
v 0.045163 0.123937 -0.180579
v 0.045538 0.125170 -0.182948
v 0.041363 0.125518 -0.186686
v 0.041265 0.124982 -0.185354
v 0.041927 0.124729 -0.184244
v 0.042364 0.125112 -0.184791
v 0.037715 0.125292 -0.188328
v 0.037589 0.124827 -0.187550
v 0.052593 0.123578 -0.175880
v 0.038106 0.124298 -0.186202
v 0.040345 0.124493 -0.184711
v 0.061509 0.125437 -0.172780
v 0.059775 0.125062 -0.172886
v 0.061594 0.124925 -0.171697
v 0.057769 0.124655 -0.173714
v 0.057002 0.124710 -0.174283
v 0.056502 0.124450 -0.174202
v 0.046085 0.125070 -0.182135
v 0.056264 0.126015 -0.178320
v 0.056787 0.125591 -0.176472
v 0.059367 0.125997 -0.175929
v 0.057792 0.126434 -0.179278
v 0.054237 0.126462 -0.181927
v 0.067546 0.126407 -0.173614
v 0.064992 0.126382 -0.176711
v 0.064877 0.126334 -0.174818
v 0.053832 0.123986 -0.175374
v 0.061259 0.125836 -0.173967
v 0.060112 0.125630 -0.173997
v 0.058391 0.125349 -0.174740
v 0.060949 0.126317 -0.176495
v 0.063229 0.126271 -0.175221
v 0.062096 0.126450 -0.177228
v 0.053196 0.125013 -0.177831
v 0.054957 0.125091 -0.176766
v 0.054092 0.125356 -0.177853
v 0.067766 0.125998 -0.169880
v 0.065624 0.125444 -0.169839
v 0.067196 0.125518 -0.168708
v 0.067659 0.126311 -0.175169
v 0.066512 0.126221 -0.176897
v 0.055266 0.123940 -0.174428
v 0.055290 0.124501 -0.175213
v 0.062465 0.124909 -0.170819
v 0.063339 0.125417 -0.171145
v 0.044196 0.124903 -0.182793
v 0.044519 0.124498 -0.181513
v 0.045684 0.124801 -0.181512
v 0.064913 0.125909 -0.171903
v 0.066806 0.126265 -0.172269
v 0.064711 0.126183 -0.173653
v 0.056745 0.124939 -0.174974
v 0.053130 0.125389 -0.178703
v 0.039717 0.123853 -0.184377
v 0.055772 0.126517 -0.182259
v 0.069619 0.126343 -0.170783
v 0.062586 0.126069 -0.174274
v 0.062943 0.125736 -0.172756
v 0.058310 0.126500 -0.181045
v 0.049865 0.124363 -0.178899
v 0.049014 0.124698 -0.179956
v 0.043464 0.125170 -0.184086
v 0.064186 0.125158 -0.169802
v 0.070347 0.126357 -0.172763
v 0.066240 0.125187 -0.168410
v 0.045267 0.124947 -0.182497
v 0.039676 0.124740 -0.185785
v 0.036166 0.124622 -0.188077
v 0.041791 0.123745 -0.182814
v 0.050695 0.124966 -0.179341
v 0.050481 0.126242 -0.183235
v 0.050467 0.121912 -0.176764
v 0.044815 0.125084 -0.183153
v 0.045821 0.124449 -0.180636
v 0.051792 0.124923 -0.178561
v 0.052108 0.125254 -0.178898
v 0.044310 0.125177 -0.183502
v 0.051499 0.126391 -0.183483
v 0.037135 0.123415 -0.186008
v 0.042738 0.125464 -0.185576
v 0.035445 0.124141 -0.187704
v 0.053100 0.126544 -0.183748
v 0.035347 0.125074 -0.189587
v 0.036608 0.125020 -0.188656
v 0.035529 0.125693 -0.191420
v 0.034355 0.124713 -0.189114
v 0.033239 0.124184 -0.189041
v 0.033988 0.125211 -0.190561
v 0.032493 0.124854 -0.190546
v 0.028358 0.125822 -0.196422
v 0.025731 0.125323 -0.196325
v 0.027323 0.125172 -0.195019
v 0.036021 0.126159 -0.193704
v 0.034007 0.125838 -0.193303
v 0.032678 0.125451 -0.192459
v 0.030279 0.125484 -0.194232
v 0.032172 0.125949 -0.195013
v 0.030690 0.124987 -0.192222
v 0.037838 0.126088 -0.191647
v 0.029345 0.125173 -0.193647
v 0.031028 0.124747 -0.190999
v 0.028584 0.125345 -0.194698
v 0.026105 0.126309 -0.199882
v 0.027633 0.126314 -0.198707
v 0.027733 0.126502 -0.200496
v 0.023640 0.126314 -0.201434
v 0.025447 0.125929 -0.198579
v 0.028463 0.125148 -0.193888
v 0.031489 0.124540 -0.190118
v 0.025600 0.126534 -0.201974
v 0.039173 0.126270 -0.192066
v 0.024241 0.126502 -0.203442
v 0.028903 0.124871 -0.193025
v 0.020990 0.126476 -0.204577
v 0.027914 0.125108 -0.194475
v 0.033590 0.126345 -0.196751
v 0.037008 0.126321 -0.195414
v 0.039913 0.122972 -0.183672
v 0.059513 0.114355 -0.184845
v 0.056356 0.111008 -0.186799
v 0.056356 0.114428 -0.186809
v 0.057466 0.117265 -0.186223
v 0.054887 0.115840 -0.187815
v 0.053540 0.112444 -0.188681
v 0.052575 0.116806 -0.189391
v 0.049868 0.113972 -0.191072
v 0.062495 0.114949 -0.182805
v 0.060748 0.116986 -0.183969
v 0.062239 0.117792 -0.182945
v 0.063535 0.113465 -0.181998
v 0.062534 0.112140 -0.182734
v 0.059420 0.117204 -0.184991
v 0.060003 0.119098 -0.184559
v 0.055221 0.118129 -0.187608
v 0.061506 0.114025 -0.183512
v 0.064597 0.116388 -0.181364
v 0.063244 0.120012 -0.182384
v 0.059962 0.122356 -0.184386
v 0.066715 0.113206 -0.179822
v 0.064458 0.113890 -0.181326
v 0.067183 0.118036 -0.179583
v 0.065610 0.121450 -0.180556
v 0.064019 0.112806 -0.181535
v 0.070017 0.104076 -0.177496
v 0.065933 0.104012 -0.180224
v 0.065504 0.108681 -0.180549
v 0.074137 0.113692 -0.174929
v 0.075437 0.111269 -0.173931
v 0.073694 0.112455 -0.175099
v 0.061950 0.124097 -0.170244
v 0.059704 0.123305 -0.171365
v 0.062187 0.123058 -0.169726
v 0.056857 0.123716 -0.173263
v 0.053807 0.122955 -0.174837
v 0.049479 0.105957 -0.191318
v 0.051048 0.101217 -0.190248
v 0.048065 0.102564 -0.192130
v 0.064213 0.119476 -0.167860
v 0.064672 0.122375 -0.168022
v 0.060538 0.121379 -0.170396
v 0.057661 0.097805 -0.185716
v 0.059650 0.099068 -0.184387
v 0.059417 0.095676 -0.184524
v 0.060560 0.124414 -0.171486
v 0.061772 0.124634 -0.170835
v 0.063181 0.125033 -0.170267
v 0.062559 0.124693 -0.170254
v 0.063462 0.124687 -0.169569
v 0.056700 0.122049 -0.172795
v 0.058853 0.124309 -0.172422
v 0.065942 0.124300 -0.167704
v 0.063895 0.123950 -0.168921
v 0.047403 0.092330 -0.192464
v 0.049350 0.089594 -0.191126
v 0.047236 0.090845 -0.192614
v 0.072797 0.111561 -0.175739
v 0.073678 0.109236 -0.175155
v 0.061846 0.106195 -0.183027
v 0.063464 0.103904 -0.181947
v 0.061787 0.101860 -0.183069
v 0.058519 0.102653 -0.185262
v 0.059289 0.109194 -0.184829
v 0.064886 0.124907 -0.168879
v 0.072489 0.113768 -0.176075
v 0.044928 0.084588 -0.194131
v 0.045991 0.081095 -0.193331
v 0.044296 0.083121 -0.194542
v 0.044887 0.087485 -0.194151
v 0.045090 0.089641 -0.193930
v 0.046677 0.088816 -0.192963
v 0.027460 0.110520 -0.206314
v 0.025924 0.108380 -0.207139
v 0.023984 0.111004 -0.208521
v 0.055443 0.093075 -0.187103
v 0.056058 0.089323 -0.186628
v 0.052151 0.092663 -0.189322
v 0.053347 0.121259 -0.174748
v 0.064232 0.105971 -0.181401
v 0.022988 0.125870 -0.208060
v 0.023999 0.126177 -0.206722
v 0.023807 0.125106 -0.207789
v 0.026118 0.125371 -0.206282
v 0.026059 0.123300 -0.206851
v 0.023498 0.120272 -0.208806
v 0.024324 0.122141 -0.208103
v 0.026057 0.119906 -0.207099
v 0.022980 0.126482 -0.205400
v 0.027539 0.124421 -0.205516
v 0.028482 0.123283 -0.205040
v 0.034234 0.117172 -0.201726
v 0.030776 0.116631 -0.204128
v 0.031461 0.119639 -0.203505
v 0.050644 0.108121 -0.190589
v 0.047969 0.110906 -0.192419
v 0.051007 0.110539 -0.190372
v 0.024245 0.116625 -0.208423
v 0.034715 0.119829 -0.201400
v 0.028549 0.121401 -0.205286
v 0.027593 0.116531 -0.206188
v 0.037173 0.118252 -0.199713
v 0.028908 0.118918 -0.205260
v 0.036934 0.114834 -0.199960
v 0.045345 0.091961 -0.193811
v 0.043562 0.100453 -0.195185
v 0.045180 0.102498 -0.194127
v 0.045487 0.099301 -0.193947
v 0.042087 0.099377 -0.196128
v 0.041523 0.102079 -0.196518
v 0.052969 0.103653 -0.188943
v 0.052035 0.105986 -0.189564
v 0.064589 0.100048 -0.181077
v 0.063659 0.095361 -0.181563
v 0.061767 0.097820 -0.183002
v 0.039582 0.098969 -0.197894
v 0.040495 0.094765 -0.197182
v 0.037015 0.096250 -0.199628
v 0.030640 0.109772 -0.204160
v 0.032464 0.111659 -0.203055
v 0.033892 0.109316 -0.202040
v 0.039990 0.090983 -0.197411
v 0.041686 0.089386 -0.196241
v 0.039711 0.087096 -0.197689
v 0.052887 0.108151 -0.189070
v 0.054560 0.109652 -0.187905
v 0.068769 0.110519 -0.178487
v 0.070081 0.113589 -0.177638
v 0.026020 0.113543 -0.207279
v 0.029686 0.113031 -0.204839
v 0.048526 0.085966 -0.191734
v 0.046652 0.085066 -0.193049
v 0.040115 0.105324 -0.197587
v 0.038421 0.107629 -0.198818
v 0.042102 0.109555 -0.196198
v 0.042499 0.092093 -0.195765
v 0.033247 0.114077 -0.202576
v 0.035328 0.111617 -0.201133
v 0.043703 0.097781 -0.195049
v 0.045498 0.096951 -0.193925
v 0.043733 0.094972 -0.194862
v 0.038657 0.102528 -0.198485
v 0.045800 0.106138 -0.193800
v 0.032733 0.085656 -0.202287
v 0.034870 0.087364 -0.200869
v 0.035507 0.082891 -0.200394
v 0.046795 0.094714 -0.192979
v 0.028812 0.104405 -0.205007
v 0.030433 0.103599 -0.203954
v 0.029293 0.100934 -0.204654
v 0.052872 0.104947 -0.189116
v 0.047372 0.097492 -0.192643
v 0.047219 0.100214 -0.192700
v 0.032351 0.107292 -0.202980
v 0.032013 0.099293 -0.203002
v 0.029989 0.096813 -0.204237
v 0.060907 0.094376 -0.183497
v 0.058610 0.092341 -0.184918
v 0.045937 0.109740 -0.193793
v 0.039897 0.113253 -0.197888
v 0.039205 0.110204 -0.198323
v 0.057257 0.094386 -0.185977
v 0.055973 0.095476 -0.186889
v 0.051301 0.083489 -0.189836
v 0.026156 0.105610 -0.206946
v 0.026670 0.102415 -0.206553
v 0.042782 0.105552 -0.195770
v 0.031441 0.103515 -0.203302
v 0.031151 0.102326 -0.203430
v 0.025372 0.126427 -0.204592
v 0.026568 0.126535 -0.202691
v 0.027173 0.126386 -0.203545
v 0.026013 0.126209 -0.205507
v 0.028229 0.126171 -0.203786
v 0.026855 0.126198 -0.204514
v 0.028700 0.126378 -0.202245
v 0.029180 0.126123 -0.202973
v 0.027380 0.125969 -0.204969
v 0.030189 0.126135 -0.202438
v 0.029595 0.125803 -0.203566
v 0.028418 0.125934 -0.204348
v 0.031238 0.125694 -0.202722
v 0.030024 0.126460 -0.200630
v 0.030548 0.126328 -0.201407
v 0.031822 0.126096 -0.201460
v 0.030786 0.124608 -0.203502
v 0.028516 0.125270 -0.204722
v 0.031809 0.126338 -0.200208
v 0.029034 0.124325 -0.204588
v 0.032679 0.125490 -0.201863
v 0.031925 0.125059 -0.202546
v 0.031283 0.126492 -0.199062
v 0.030036 0.126295 -0.197798
v 0.034002 0.126093 -0.200249
v 0.032783 0.124263 -0.202197
v 0.033645 0.126388 -0.198562
v 0.032632 0.122413 -0.202662
v 0.030381 0.123347 -0.203950
v 0.030273 0.122068 -0.204145
v 0.035240 0.125341 -0.200171
v 0.034110 0.124991 -0.201102
v 0.035750 0.126225 -0.198246
v 0.034356 0.123412 -0.201332
v 0.037989 0.126020 -0.197424
v 0.038856 0.125946 -0.197138
v 0.038264 0.125885 -0.197904
v 0.044464 0.126405 -0.188023
v 0.035513 0.126364 -0.197211
v 0.036550 0.125916 -0.199068
v 0.053691 0.125893 -0.186818
v 0.053012 0.125731 -0.187551
v 0.052403 0.125926 -0.187462
v 0.048259 0.126360 -0.188453
v 0.046315 0.126573 -0.188592
v 0.048608 0.126412 -0.187030
v 0.036408 0.124968 -0.199506
v 0.037214 0.126089 -0.198003
v 0.052473 0.125393 -0.188155
v 0.053770 0.125408 -0.187401
v 0.035411 0.121748 -0.200796
v 0.057376 0.126040 -0.184803
v 0.057251 0.125512 -0.185476
v 0.056376 0.126106 -0.185075
v 0.054508 0.126456 -0.184243
v 0.057225 0.126393 -0.183221
v 0.055183 0.126260 -0.184882
v 0.037778 0.126178 -0.196718
v 0.035860 0.123162 -0.200259
v 0.035340 0.124291 -0.200317
v 0.057377 0.126092 -0.184247
v 0.038483 0.124600 -0.198334
v 0.036759 0.123966 -0.199549
v 0.046586 0.115382 -0.193349
v 0.044842 0.112935 -0.194518
v 0.043699 0.116764 -0.195507
v 0.056781 0.120399 -0.186594
v 0.047122 0.125727 -0.191843
v 0.046195 0.125346 -0.192900
v 0.045692 0.125995 -0.192440
v 0.037753 0.122400 -0.199050
v 0.043252 0.080936 -0.195143
v 0.048063 0.126214 -0.189681
v 0.046881 0.126445 -0.189743
v 0.039865 0.126192 -0.194880
v 0.039438 0.126317 -0.193379
v 0.064712 0.112117 -0.180991
v 0.045144 0.126263 -0.191778
v 0.046988 0.126166 -0.190876
v 0.036929 0.104509 -0.199798
v 0.036145 0.101050 -0.200230
v 0.034118 0.104706 -0.201670
v 0.039844 0.125631 -0.197109
v 0.040123 0.125918 -0.196033
v 0.058500 0.125864 -0.183976
v 0.048650 0.118185 -0.191950
v 0.042693 0.126271 -0.192652
v 0.067685 0.100379 -0.178981
v 0.053639 0.123334 -0.188255
v 0.056440 0.122861 -0.186572
v 0.054792 0.121627 -0.187768
v 0.042561 0.126499 -0.190846
v 0.062218 0.125202 -0.182087
v 0.061408 0.124211 -0.183085
v 0.061242 0.125121 -0.182905
v 0.037045 0.120381 -0.199806
v 0.031157 0.105005 -0.203504
v 0.041448 0.125654 -0.196033
v 0.051235 0.123057 -0.189840
v 0.049611 0.121346 -0.191189
v 0.049223 0.123323 -0.191174
v 0.039416 0.120280 -0.198118
v 0.041725 0.122926 -0.196402
v 0.057924 0.124096 -0.185500
v 0.041045 0.124789 -0.196642
v 0.042330 0.125942 -0.194611
v 0.070543 0.125831 -0.175049
v 0.071407 0.125988 -0.173841
v 0.071887 0.125442 -0.174869
v 0.044100 0.125984 -0.193063
v 0.042966 0.124883 -0.195346
v 0.059753 0.124111 -0.184225
v 0.060442 0.124777 -0.183589
v 0.040363 0.117037 -0.197516
v 0.051846 0.125733 -0.188223
v 0.051305 0.125909 -0.188141
v 0.043785 0.123893 -0.194953
v 0.045040 0.126492 -0.190712
v 0.044533 0.125588 -0.193780
v 0.051606 0.126181 -0.187078
v 0.063255 0.125273 -0.181292
v 0.062882 0.124548 -0.181949
v 0.042158 0.114362 -0.196331
v 0.044838 0.122816 -0.194374
v 0.042480 0.119834 -0.196160
v 0.044534 0.121028 -0.194677
v 0.049675 0.125662 -0.189796
v 0.050435 0.125761 -0.188961
v 0.050419 0.125084 -0.189560
v 0.046156 0.126388 -0.190629
v 0.047384 0.122950 -0.192602
v 0.046754 0.120968 -0.193187
v 0.047927 0.124691 -0.191855
v 0.045330 0.124463 -0.193805
v 0.049422 0.126155 -0.188982
v 0.053415 0.124683 -0.188018
v 0.055390 0.124539 -0.186867
v 0.051794 0.124480 -0.188971
v 0.045387 0.118901 -0.194216
v 0.046605 0.119553 -0.193300
v 0.067814 0.126123 -0.176161
v 0.065297 0.126011 -0.179096
v 0.064156 0.125634 -0.180272
v 0.063816 0.126154 -0.179091
v 0.045773 0.120159 -0.193780
v 0.070441 0.125483 -0.175905
v 0.071332 0.124759 -0.176167
v 0.069471 0.125178 -0.176944
v 0.069458 0.126165 -0.174966
v 0.055544 0.097940 -0.187211
v 0.056825 0.099865 -0.186302
v 0.051340 0.125410 -0.188746
v 0.050065 0.126333 -0.187195
v 0.048460 0.125803 -0.190588
v 0.060282 0.126351 -0.180415
v 0.060153 0.126052 -0.181943
v 0.059008 0.126345 -0.181652
v 0.073080 0.124277 -0.175371
v 0.072839 0.124891 -0.175020
v 0.065906 0.125065 -0.179578
v 0.064203 0.124606 -0.180943
v 0.053933 0.119702 -0.188421
v 0.051492 0.119535 -0.190032
v 0.052622 0.121511 -0.189196
v 0.069309 0.125641 -0.176502
v 0.068299 0.125607 -0.177322
v 0.068605 0.125915 -0.176374
v 0.065249 0.126203 -0.177998
v 0.066063 0.126023 -0.178024
v 0.049976 0.124296 -0.190336
v 0.049379 0.125127 -0.190478
v 0.069688 0.125881 -0.175791
v 0.032881 0.102271 -0.202392
v 0.050487 0.126096 -0.188106
v 0.060102 0.126479 -0.179394
v 0.059126 0.125007 -0.184391
v 0.028952 0.107370 -0.205118
v 0.067268 0.125965 -0.177407
v 0.050555 0.126437 -0.185404
v 0.067806 0.125161 -0.178257
v 0.067479 0.125709 -0.178010
v 0.066601 0.125795 -0.178549
v 0.070253 0.123583 -0.177316
v 0.069377 0.124583 -0.177559
v 0.068232 0.121815 -0.178783
v 0.070378 0.118864 -0.177482
v 0.052142 0.126443 -0.185570
v 0.063170 0.123184 -0.182137
v 0.053416 0.126250 -0.185982
v 0.061416 0.125665 -0.182239
v 0.060228 0.125549 -0.183250
v 0.042883 0.085625 -0.195574
v 0.043808 0.089603 -0.194922
v 0.073426 0.116519 -0.175448
v 0.074541 0.120161 -0.174795
v 0.075413 0.117362 -0.174133
v 0.067897 0.124067 -0.178686
v 0.062487 0.125871 -0.181019
v 0.065604 0.123537 -0.180240
v 0.054743 0.126074 -0.185815
v 0.055123 0.125714 -0.186410
v 0.062189 0.126397 -0.178860
v 0.061867 0.126194 -0.180239
v 0.044623 0.078107 -0.194052
v 0.042524 0.076574 -0.195537
v 0.035864 0.092919 -0.200184
v 0.038113 0.092896 -0.198791
v 0.036971 0.089511 -0.199547
v 0.049311 0.095868 -0.191307
v 0.049375 0.099098 -0.191287
v 0.051601 0.097075 -0.189829
v 0.053615 0.099466 -0.188522
v 0.054029 0.095824 -0.188138
v 0.053299 0.105719 -0.188749
v 0.071252 0.109764 -0.176713
v 0.069696 0.116590 -0.177869
v 0.071221 0.116297 -0.176883
v 0.069825 0.107762 -0.177670
v 0.034214 0.098946 -0.201568
v 0.062325 0.109204 -0.182871
v 0.072716 0.106537 -0.175677
v 0.041888 0.097193 -0.196303
v 0.036692 0.109447 -0.200147
v 0.037903 0.111763 -0.199380
v 0.055458 0.106512 -0.187301
v 0.023910 0.113807 -0.208665
v 0.041126 0.079470 -0.196664
v 0.073851 0.123174 -0.175089
v 0.072193 0.123623 -0.176128
v 0.036171 0.087841 -0.199987
v 0.038337 0.083831 -0.198552
v 0.040774 0.082893 -0.196853
v 0.039962 0.073891 -0.197236
v 0.039616 0.077143 -0.197583
v 0.035461 0.106950 -0.200871
v 0.033597 0.090815 -0.201745
v 0.032392 0.088254 -0.202458
v 0.033400 0.095191 -0.201967
v 0.036950 0.086404 -0.199546
v 0.071780 0.117671 -0.176465
v 0.071821 0.121666 -0.176554
v 0.048668 0.082464 -0.191552
v 0.055587 0.101639 -0.187216
v 0.072321 0.119247 -0.176218
v 0.026756 0.098370 -0.206453
v 0.030491 0.092763 -0.203789
v 0.023068 0.107340 -0.209199
v 0.046193 0.111280 -0.193568
v 0.075439 0.114870 -0.174107
v 0.053427 0.086854 -0.188397
v 0.048924 0.093109 -0.191420
v 0.038506 0.075478 -0.198363
v 0.036296 0.076957 -0.199781
v 0.038761 0.080419 -0.198151
v 0.030493 0.089411 -0.203647
v -0.002832 0.126289 -0.216099
v -0.004627 0.125827 -0.216184
v -0.003364 0.125931 -0.215550
v 0.011229 0.078696 -0.200663
v 0.011516 0.082898 -0.200639
v 0.007965 0.079993 -0.203105
v 0.009902 0.117236 -0.203468
v 0.008169 0.118964 -0.204557
v 0.006720 0.116271 -0.205365
v -0.000225 0.126866 -0.220295
v 0.000875 0.126888 -0.218567
v 0.001217 0.126803 -0.219436
v 0.001870 0.126728 -0.216270
v 0.003417 0.126856 -0.217176
v -0.005005 0.113318 -0.227637
v -0.003456 0.111931 -0.226544
v -0.004734 0.110278 -0.227409
v -0.008374 0.126296 -0.227111
v -0.009590 0.126261 -0.228231
v -0.009621 0.126692 -0.226491
v -0.012127 0.126899 -0.223432
v -0.013910 0.126684 -0.223712
v -0.013020 0.126637 -0.222919
v -0.012920 0.125867 -0.229679
v -0.012992 0.126264 -0.228568
v -0.012482 0.126578 -0.229159
v -0.005681 0.124959 -0.215603
v -0.006128 0.123927 -0.215248
v -0.003674 0.124437 -0.213354
v 0.008707 0.110709 -0.204130
v 0.004143 0.108275 -0.206737
v 0.009151 0.105964 -0.203356
v -0.010968 0.127062 -0.224155
v -0.010326 0.126980 -0.222550
v -0.008171 0.127168 -0.222541
v 0.044193 0.120098 -0.180199
v 0.047306 0.121369 -0.178564
v 0.044469 0.121891 -0.180371
v 0.009245 0.125374 -0.217279
v 0.011012 0.124352 -0.216596
v 0.009007 0.124342 -0.217819
v 0.052661 0.115721 -0.174774
v 0.052859 0.110744 -0.174592
v 0.057884 0.114860 -0.171544
v -0.000915 0.122332 -0.210379
v 0.000852 0.123793 -0.209588
v -0.002198 0.123310 -0.211633
v 0.010103 0.120606 -0.203524
v 0.048828 0.115866 -0.177174
v 0.046448 0.114428 -0.178549
v 0.049412 0.112744 -0.176704
v -0.012196 0.107528 -0.231368
v -0.012842 0.107560 -0.230787
v -0.012170 0.108258 -0.231154
v 0.005344 0.124748 -0.207403
v 0.007670 0.124033 -0.205771
v 0.007458 0.125126 -0.206926
v -0.012790 0.109036 -0.230906
v -0.013312 0.109755 -0.230525
v -0.012673 0.109977 -0.230924
v 0.045999 0.110923 -0.178892
v 0.048877 0.108711 -0.177062
v -0.003360 0.126588 -0.217529
v -0.003968 0.126221 -0.216834
v -0.000120 0.114066 -0.224393
v 0.000703 0.116402 -0.223836
v 0.001488 0.111450 -0.223465
v 0.005044 0.120129 -0.206343
v 0.006207 0.118910 -0.205635
v 0.007337 0.121148 -0.205189
v -0.000674 0.111606 -0.224836
v -0.001245 0.126802 -0.221225
v -0.000635 0.126615 -0.221453
v -0.002421 0.126777 -0.222380
v 0.013294 0.090335 -0.199480
v 0.013442 0.097640 -0.199643
v 0.009914 0.092704 -0.202056
v 0.023169 0.097712 -0.193106
v 0.026288 0.098879 -0.191392
v 0.024415 0.103901 -0.192679
v 0.017174 0.100014 -0.197092
v 0.017046 0.092847 -0.196774
v 0.020344 0.100321 -0.194967
v 0.002828 0.096445 -0.206929
v 0.006234 0.098641 -0.204771
v 0.002804 0.102204 -0.207190
v -0.010116 0.126628 -0.221376
v -0.008644 0.126914 -0.221196
v -0.012021 0.126065 -0.229510
v -0.010964 0.125799 -0.229552
v -0.012164 0.125314 -0.230015
v 0.030881 0.100920 -0.189060
v 0.033420 0.097819 -0.187418
v 0.034381 0.103137 -0.187118
v -0.011702 0.115987 -0.231461
v -0.012363 0.114621 -0.231396
v -0.012526 0.115616 -0.231128
v -0.010339 0.115401 -0.230586
v -0.011694 0.113741 -0.231414
v -0.006657 0.121283 -0.214950
v -0.005075 0.122981 -0.213968
v -0.008389 0.122505 -0.216624
v 0.047170 0.104861 -0.178291
v 0.045475 0.107448 -0.179428
v 0.015014 0.120279 -0.200309
v 0.016804 0.122157 -0.199447
v 0.013695 0.122475 -0.201708
v 0.003528 0.117789 -0.207104
v 0.005263 0.089811 -0.205292
v 0.009473 0.085912 -0.202254
v 0.045512 0.117383 -0.179174
v -0.012063 0.112208 -0.231471
v -0.012619 0.113261 -0.230873
v 0.004823 0.121914 -0.206701
v 0.028385 0.099748 -0.190340
v 0.029323 0.096086 -0.189637
v 0.024145 0.087520 -0.192242
v 0.028064 0.089466 -0.190012
v 0.024553 0.092923 -0.192066
v 0.040880 0.121535 -0.182558
v 0.006383 0.126514 -0.217526
v 0.006157 0.126698 -0.216868
v 0.006654 0.126717 -0.216891
v -0.001302 0.124289 -0.211342
v -0.001425 0.124946 -0.211956
v -0.012625 0.111935 -0.231060
v 0.040139 0.100079 -0.183462
v 0.039981 0.105485 -0.183490
v 0.037653 0.102876 -0.185122
v 0.004564 0.125309 -0.209129
v 0.003226 0.124661 -0.208579
v 0.015149 0.088155 -0.198058
v 0.005756 0.125421 -0.219283
v 0.003981 0.126152 -0.219861
v 0.005659 0.126228 -0.218706
v 0.064213 0.119476 -0.167860
v 0.060303 0.118510 -0.170236
v 0.062177 0.116690 -0.168952
v 0.006083 0.126804 -0.216076
v 0.005111 0.126747 -0.215174
v -0.014679 0.124394 -0.226399
v -0.014886 0.124820 -0.225486
v -0.014328 0.125266 -0.226299
v 0.000614 0.125162 -0.222953
v 0.000065 0.125875 -0.222525
v 0.001924 0.125916 -0.221355
v 0.016585 0.084604 -0.197048
v 0.021407 0.084659 -0.193897
v 0.021271 0.088500 -0.193946
v -0.012034 0.126906 -0.225167
v -0.011691 0.126955 -0.225904
v 0.002816 0.108324 -0.222460
v 0.001316 0.107273 -0.223423
v 0.011656 0.126231 -0.214342
v 0.010478 0.126103 -0.215495
v 0.009874 0.126433 -0.215179
v -0.009853 0.125833 -0.229017
v -0.009534 0.127036 -0.224661
v -0.006607 0.126947 -0.223887
v 0.031355 0.119391 -0.189273
v 0.032896 0.115830 -0.188246
v 0.034442 0.118821 -0.187126
v 0.040175 0.112347 -0.182820
v 0.042942 0.114095 -0.180793
v 0.039120 0.115815 -0.183436
v -0.013581 0.126031 -0.227650
v -0.013085 0.126590 -0.227586
v 0.042637 0.109330 -0.181269
v 0.039436 0.109227 -0.183576
v 0.006574 0.124456 -0.219287
v 0.005269 0.124623 -0.220129
v -0.013145 0.114029 -0.230126
v -0.013562 0.113119 -0.229885
v 0.037773 0.119495 -0.184487
v 0.040764 0.120112 -0.182429
v 0.049752 0.119242 -0.176790
v -0.009109 0.116733 -0.229954
v -0.008432 0.115732 -0.229725
v 0.036380 0.099613 -0.185802
v 0.060538 0.121379 -0.170396
v 0.056009 0.119159 -0.172818
v -0.008435 0.124325 -0.229044
v -0.007214 0.122731 -0.228623
v -0.009015 0.122390 -0.229649
v -0.014188 0.126579 -0.224627
v -0.014865 0.126271 -0.224164
v 0.018857 0.089424 -0.195447
v 0.033572 0.108436 -0.187734
v 0.032813 0.112248 -0.188377
v 0.030941 0.110048 -0.189542
v 0.031155 0.113441 -0.189476
v -0.012132 0.106282 -0.231335
v -0.012857 0.105939 -0.230557
v -0.009834 0.124258 -0.218360
v -0.012340 0.122022 -0.219779
v -0.013645 0.126482 -0.226181
v -0.013026 0.126794 -0.226006
v -0.013470 0.126444 -0.226824
v 0.009506 0.118411 -0.218143
v 0.008171 0.121046 -0.218933
v 0.010530 0.121121 -0.217423
v -0.003632 0.118111 -0.226727
v -0.005160 0.119344 -0.227599
v -0.001466 0.119973 -0.225246
v -0.001818 0.126983 -0.219760
v 0.000432 0.126682 -0.220786
v 0.020958 0.093182 -0.194193
v 0.013359 0.086338 -0.199385
v 0.027887 0.102844 -0.190760
v 0.029612 0.116032 -0.190323
v 0.032456 0.092296 -0.187604
v -0.012393 0.122472 -0.230851
v -0.011683 0.122058 -0.231040
v -0.012318 0.121212 -0.231082
v -0.005040 0.115751 -0.213236
v -0.006589 0.111894 -0.214815
v -0.004039 0.112765 -0.212490
v -0.002349 0.126934 -0.221239
v 0.044580 0.100972 -0.180292
v 0.043401 0.104550 -0.181137
v 0.053347 0.121259 -0.174748
v 0.050467 0.121912 -0.176764
v -0.001394 0.126259 -0.222878
v -0.003276 0.126530 -0.223631
v 0.006953 0.094894 -0.204180
v -0.013797 0.108726 -0.230228
v -0.014072 0.110187 -0.229688
v -0.013027 0.110555 -0.230394
v 0.001744 0.118729 -0.223132
v 0.056700 0.122049 -0.172795
v 0.009176 0.112700 -0.218427
v 0.006959 0.112833 -0.219853
v 0.008493 0.114210 -0.218842
v 0.009498 0.097553 -0.202513
v 0.007190 0.102210 -0.204289
v -0.007506 0.125144 -0.228277
v -0.006521 0.125463 -0.227491
v -0.006620 0.124303 -0.227947
v -0.012374 0.110925 -0.231140
v -0.011102 0.111216 -0.231478
v -0.012006 0.109504 -0.231435
v -0.005553 0.126714 -0.224328
v -0.004509 0.126705 -0.223610
v 0.036799 0.107634 -0.185529
v 0.034993 0.112181 -0.186761
v -0.005942 0.127086 -0.221146
v -0.006377 0.127115 -0.222230
v 0.007380 0.126611 -0.216669
v 0.008259 0.126596 -0.215981
v 0.008646 0.126268 -0.216668
v 0.008154 0.116791 -0.218922
v 0.010729 0.114013 -0.217395
v -0.013607 0.111117 -0.230026
v -0.012991 0.111439 -0.230584
v -0.004751 0.122603 -0.227075
v -0.002120 0.123204 -0.225392
v 0.041334 0.118154 -0.181894
v -0.004378 0.125631 -0.225931
v -0.005157 0.124627 -0.226928
v -0.002090 0.125847 -0.224103
v -0.003588 0.126215 -0.224562
v 0.000236 0.106378 -0.209183
v -0.000017 0.109496 -0.209484
v -0.003445 0.108189 -0.212119
v 0.037714 0.112433 -0.184723
v -0.013066 0.112302 -0.230557
v -0.007891 0.106651 -0.229371
v -0.006171 0.104736 -0.228233
v -0.009013 0.103333 -0.230116
v -0.001744 0.103008 -0.210597
v -0.006817 0.116826 -0.228623
v -0.005134 0.116556 -0.227658
v -0.007077 0.114617 -0.228869
v 0.035916 0.116058 -0.185980
v 0.002587 0.106540 -0.222503
v 0.030891 0.105565 -0.189261
v 0.028138 0.107710 -0.190967
v -0.000940 0.125932 -0.223233
v -0.001094 0.116191 -0.224978
v 0.000693 0.126391 -0.221344
v 0.036573 0.095695 -0.185397
v 0.028519 0.112279 -0.191002
v -0.003351 0.124498 -0.225922
v -0.001442 0.124442 -0.224659
v -0.012992 0.126820 -0.224823
v -0.007895 0.125985 -0.227734
v -0.008651 0.125605 -0.228575
v 0.000406 0.123401 -0.223687
v -0.014186 0.122949 -0.228824
v -0.013824 0.123532 -0.229702
v -0.013850 0.122565 -0.229789
v 0.062460 0.112351 -0.168753
v -0.001933 0.125258 -0.224567
v -0.007294 0.126524 -0.225924
v -0.006091 0.126591 -0.224964
v -0.005507 0.126216 -0.225502
v -0.006691 0.126096 -0.226711
v -0.014223 0.121687 -0.229126
v -0.013947 0.124247 -0.229302
v -0.011768 0.120315 -0.231325
v -0.012618 0.119648 -0.230846
v -0.006325 0.121170 -0.228234
v 0.001780 0.125320 -0.210897
v -0.000377 0.125324 -0.212111
v 0.000344 0.125028 -0.210949
v 0.049259 0.101884 -0.176616
v 0.007693 0.124943 -0.218495
v -0.012394 0.102623 -0.231148
v -0.012481 0.103570 -0.231061
v -0.011670 0.103680 -0.231592
v -0.009289 0.112867 -0.230174
v -0.009713 0.110158 -0.230599
v -0.014108 0.124081 -0.228267
v 0.007363 0.115333 -0.219603
v 0.005805 0.116389 -0.220591
v 0.006821 0.116888 -0.219787
v -0.011509 0.112472 -0.231509
v -0.010927 0.113087 -0.231046
v 0.003938 0.119120 -0.221721
v 0.003500 0.115179 -0.222137
v -0.000798 0.125636 -0.223506
v -0.000071 0.099720 -0.209059
v 0.006180 0.118797 -0.220229
v 0.006502 0.120852 -0.219861
v 0.004914 0.121805 -0.220823
v -0.013744 0.111948 -0.230101
v -0.010891 0.109218 -0.231437
v -0.012096 0.126717 -0.227573
v -0.012755 0.126857 -0.226833
v -0.002645 0.110154 -0.226093
v -0.004369 0.107754 -0.227183
v -0.003727 0.109363 -0.226823
v -0.014067 0.126411 -0.222908
v -0.004775 0.126509 -0.224546
v -0.007482 0.112985 -0.229031
v -0.007367 0.110992 -0.229051
v 0.010122 0.123286 -0.217457
v 0.007974 0.123319 -0.218796
v -0.010732 0.104472 -0.231229
v -0.009775 0.105654 -0.230684
v -0.007698 0.118097 -0.229153
v -0.006799 0.119896 -0.228588
v 0.015746 0.104652 -0.198490
v 0.012723 0.104694 -0.200719
v 0.001670 0.121879 -0.208535
v 0.004280 0.123603 -0.207434
v 0.009328 0.110026 -0.218190
v -0.011699 0.126647 -0.222334
v -0.002863 0.116544 -0.226247
v 0.004892 0.126800 -0.217551
v 0.004485 0.126615 -0.218699
v -0.009411 0.118156 -0.230055
v -0.010832 0.117805 -0.230899
v -0.002163 0.113515 -0.225768
v -0.003285 0.114767 -0.211786
v 0.010197 0.126678 -0.211916
v 0.012951 0.126694 -0.211486
v 0.010602 0.126663 -0.213194
v 0.015310 0.125756 -0.212705
v 0.014103 0.125460 -0.213976
v 0.013628 0.126107 -0.213499
v 0.010841 0.126499 -0.214029
v 0.012914 0.126526 -0.212864
v 0.011990 0.125723 -0.214992
v -0.009945 0.107657 -0.230812
v -0.008422 0.108880 -0.229733
v 0.013395 0.126694 -0.209738
v 0.002750 0.125071 -0.209537
v 0.008608 0.126691 -0.215018
v 0.014913 0.126215 -0.212197
v 0.016351 0.126634 -0.208731
v 0.019062 0.126543 -0.207955
v 0.017497 0.126500 -0.209102
v 0.014868 0.126643 -0.210159
v 0.016303 0.126559 -0.209831
v 0.001496 0.124781 -0.209828
v 0.015591 0.126272 -0.211633
v 0.016356 0.126118 -0.211451
v 0.015232 0.126469 -0.211178
v 0.017218 0.116807 -0.213101
v 0.016243 0.115301 -0.213840
v 0.015244 0.117231 -0.214378
v 0.017420 0.124743 -0.212194
v 0.017202 0.125447 -0.211764
v 0.018096 0.125057 -0.211606
v 0.017263 0.126308 -0.210085
v 0.018479 0.126213 -0.209608
v 0.018340 0.126388 -0.209173
v 0.015853 0.125027 -0.213024
v 0.000036 0.124610 -0.210578
v 0.032007 0.122274 -0.189222
v 0.029205 0.123061 -0.190929
v 0.029466 0.121248 -0.190577
v 0.007746 0.119207 -0.219217
v 0.020161 0.125060 -0.210236
v 0.019862 0.125787 -0.209846
v 0.020872 0.125563 -0.209454
v 0.026960 0.121663 -0.192094
v 0.019595 0.126285 -0.209043
v 0.018229 0.125931 -0.210401
v 0.006038 0.123560 -0.219871
v 0.006587 0.122235 -0.219714
v 0.014469 0.124716 -0.214138
v 0.012684 0.124948 -0.215167
v -0.004032 0.126911 -0.222443
v 0.017836 0.124161 -0.212129
v 0.018939 0.124513 -0.211288
v 0.018542 0.123368 -0.211833
v -0.004803 0.126295 -0.217418
v -0.012930 0.114913 -0.230619
v 0.039913 0.122972 -0.183672
v 0.037350 0.122022 -0.185259
v 0.016818 0.121955 -0.213164
v 0.014633 0.122665 -0.214582
v 0.016225 0.123818 -0.213237
v 0.025291 0.110407 -0.192666
v 0.014199 0.120389 -0.215048
v 0.012550 0.117547 -0.216173
v 0.013621 0.123839 -0.214993
v 0.018323 0.126602 -0.206790
v -0.006510 0.125630 -0.217076
v 0.006990 0.125595 -0.208496
v 0.006055 0.125947 -0.210439
v -0.003256 0.125551 -0.214110
v -0.002106 0.125450 -0.213196
v -0.002606 0.125752 -0.214119
v -0.002103 0.125950 -0.214791
v -0.001149 0.125712 -0.213360
v -0.009130 0.125663 -0.218941
v -0.007587 0.124969 -0.217047
v -0.003044 0.125180 -0.213422
v -0.008039 0.120497 -0.229314
v 0.007935 0.126737 -0.214135
v -0.005817 0.126082 -0.217514
v -0.005687 0.126590 -0.218615
v -0.006980 0.126079 -0.218367
v 0.021088 0.126009 -0.208723
v 0.021913 0.125681 -0.208811
v -0.011613 0.123840 -0.219738
v -0.011002 0.124576 -0.219592
v -0.012184 0.124661 -0.220489
v -0.010792 0.125349 -0.219956
v -0.012878 0.125430 -0.221491
v 0.018785 0.125360 -0.210915
v 0.006737 0.122911 -0.205933
v 0.026845 0.114493 -0.191913
v -0.010052 0.126107 -0.220401
v -0.008967 0.126411 -0.220143
v -0.013465 0.124253 -0.229890
v -0.013253 0.123395 -0.230165
v -0.000217 0.125924 -0.213902
v -0.000883 0.126214 -0.215096
v -0.007611 0.126621 -0.219720
v -0.008097 0.126174 -0.219023
v -0.006817 0.118838 -0.214811
v -0.009350 0.120205 -0.217074
v -0.009858 0.117712 -0.217439
v 0.004619 0.123724 -0.220738
v 0.004593 0.126409 -0.213344
v 0.007037 0.126655 -0.213326
v 0.015578 0.126581 -0.207733
v 0.022297 0.124858 -0.208893
v 0.021242 0.125007 -0.209536
v -0.000824 0.126566 -0.216336
v 0.021868 0.108000 -0.194474
v 0.007191 0.126733 -0.216223
v 0.014357 0.113574 -0.215097
v -0.011050 0.120799 -0.218553
v 0.017269 0.119452 -0.212977
v -0.003497 0.125746 -0.214965
v -0.009831 0.125017 -0.229346
v -0.010656 0.103421 -0.231156
v -0.012881 0.126206 -0.222225
v -0.014621 0.125696 -0.222531
v 0.003230 0.125838 -0.211974
v 0.001314 0.126269 -0.214265
v -0.004189 0.126917 -0.219599
v -0.006733 0.126988 -0.220456
v 0.020592 0.126534 -0.206386
v -0.007718 0.125637 -0.218083
v 0.008908 0.125948 -0.208710
v 0.008613 0.126406 -0.210933
v 0.020972 0.123653 -0.210115
v -0.011954 0.118307 -0.231506
v -0.004138 0.125325 -0.214600
v 0.043298 0.123027 -0.181433
v -0.006730 0.124505 -0.216006
v -0.007806 0.124057 -0.216620
v 0.019283 0.121570 -0.211542
v 0.018320 0.118147 -0.212231
v -0.004549 0.127042 -0.221417
v 0.019551 0.119366 -0.211393
v 0.000347 0.125558 -0.212564
v 0.026557 0.118547 -0.192114
v -0.008562 0.115195 -0.216369
v -0.012535 0.123560 -0.230348
v -0.012885 0.122646 -0.230522
v 0.021441 0.126418 -0.207425
v 0.004357 0.110270 -0.221580
v -0.010026 0.123772 -0.229833
v 0.003904 0.124451 -0.221033
v 0.021441 0.121002 -0.210206
v -0.013742 0.125041 -0.228766
v -0.011401 0.126208 -0.221267
v 0.047508 0.123007 -0.178903
v -0.012324 0.126550 -0.228511
v 0.011078 0.125254 -0.216106
v 0.057107 0.108818 -0.171941
v 0.011121 0.126578 -0.210195
v 0.012191 0.122734 -0.216168
v -0.003335 0.104160 -0.226603
v -0.001056 0.108076 -0.225075
v 0.000008 0.104689 -0.224457
v -0.011463 0.126458 -0.228577
v 0.026152 0.123507 -0.192897
v -0.012581 0.116769 -0.231116
v -0.006540 0.108810 -0.228593
v -0.010037 0.120357 -0.230384
v -0.010294 0.122250 -0.230279
v 0.019446 0.112732 -0.196539
v 0.020021 0.117633 -0.196466
v 0.016192 0.116147 -0.199255
v 0.022600 0.117085 -0.194608
v 0.023806 0.113976 -0.193737
v 0.023197 0.120733 -0.194410
v 0.003106 0.123496 -0.221873
v 0.007249 0.125891 -0.218064
v 0.020283 0.122402 -0.196825
v 0.018568 0.120147 -0.197680
v 0.001948 0.121368 -0.222879
v -0.001739 0.112881 -0.210660
v -0.013373 0.122138 -0.230367
v -0.012973 0.116071 -0.230611
v -0.011521 0.107902 -0.231726
v 0.010629 0.101425 -0.201962
v -0.013454 0.118791 -0.229990
v -0.012679 0.117999 -0.230648
v -0.013286 0.117241 -0.229906
v 0.010358 0.125783 -0.216156
v -0.013481 0.125083 -0.229636
v 0.011379 0.109086 -0.202194
v 0.006170 0.112764 -0.205735
v 0.008530 0.114072 -0.204334
v -0.012509 0.104663 -0.231108
v -0.012452 0.126907 -0.225501
v -0.010929 0.124460 -0.230081
v -0.010947 0.123020 -0.230552
v -0.011812 0.123683 -0.230623
v -0.013423 0.125725 -0.229099
v -0.013526 0.125682 -0.228346
v -0.001329 0.126830 -0.218007
v -0.011070 0.119538 -0.231107
v -0.010960 0.121383 -0.230944
v 0.007016 0.107087 -0.219600
v -0.011667 0.105016 -0.231651
v 0.023220 0.123269 -0.194845
v -0.013510 0.120301 -0.230120
v -0.014195 0.120692 -0.229289
v -0.013788 0.121430 -0.229912
v 0.002322 0.124530 -0.222180
v 0.003465 0.125251 -0.220937
v -0.014016 0.126427 -0.225597
v 0.003969 0.106033 -0.221689
v 0.000687 0.115360 -0.208859
v 0.001081 0.112030 -0.208699
v 0.001392 0.125782 -0.212685
v -0.014687 0.125709 -0.225611
v -0.014914 0.126056 -0.224864
v -0.007653 0.125649 -0.228060
v 0.003495 0.113541 -0.207262
v -0.014186 0.125913 -0.226131
v -0.013839 0.126236 -0.226324
v -0.014634 0.123201 -0.227798
v -0.014666 0.123988 -0.227319
v -0.014028 0.125050 -0.227519
v 0.015021 0.110084 -0.199663
v -0.012877 0.124610 -0.230155
v 0.003040 0.126603 -0.219590
v 0.002850 0.126814 -0.218752
v 0.011952 0.114124 -0.202112
v -0.012934 0.121405 -0.230691
v 0.002313 0.126382 -0.220471
v -0.013860 0.125812 -0.226784
v 0.037135 0.123415 -0.186008
v 0.008970 0.125472 -0.207153
v -0.012229 0.124444 -0.230298
v -0.011064 0.102455 -0.231448
v 0.017206 0.108356 -0.197724
v 0.022980 0.126482 -0.205400
v 0.020990 0.126476 -0.204577
v 0.001502 0.126663 -0.220087
v 0.018584 0.105934 -0.196500
v 0.000874 0.118948 -0.208750
v 0.003140 0.120285 -0.207446
v -0.011663 0.124755 -0.230151
v -0.002067 0.117004 -0.210749
v -0.001282 0.120298 -0.210349
v -0.010966 0.106149 -0.231462
v -0.013395 0.121307 -0.230362
v -0.003894 0.118906 -0.212293
v -0.003748 0.121427 -0.212433
v 0.051485 0.106361 -0.175343
v -0.015156 0.126166 -0.223417
v 0.015868 0.124979 -0.201982
v 0.016910 0.125183 -0.201760
v 0.016308 0.125448 -0.202671
v 0.014172 0.125292 -0.203578
v 0.014315 0.124663 -0.202491
v 0.015061 0.125276 -0.203023
v 0.033223 0.123381 -0.188728
v 0.031450 0.123705 -0.189815
v 0.020219 0.124270 -0.197543
v 0.020411 0.124822 -0.198127
v 0.018632 0.124177 -0.198890
v 0.024026 0.125000 -0.196466
v 0.024019 0.125446 -0.197767
v 0.022169 0.125139 -0.198057
v 0.034551 0.121101 -0.187286
v 0.021798 0.123598 -0.196040
v 0.021441 0.124280 -0.196610
v 0.020222 0.123721 -0.197271
v 0.016824 0.123602 -0.199985
v 0.017102 0.124226 -0.200218
v 0.014925 0.123614 -0.201355
v 0.015414 0.125835 -0.204313
v 0.019166 0.126128 -0.203362
v 0.016989 0.126404 -0.205756
v 0.018618 0.123260 -0.198416
v 0.008915 0.122706 -0.204616
v 0.022769 0.125694 -0.199451
v 0.022659 0.124728 -0.196471
v 0.012517 0.126314 -0.207817
v 0.025447 0.125929 -0.198579
v 0.029333 0.124518 -0.191403
v 0.020748 0.125068 -0.198804
v 0.020945 0.125369 -0.199482
v 0.015877 0.124293 -0.201173
v 0.017343 0.124758 -0.200637
v 0.012771 0.125707 -0.205696
v 0.013482 0.125386 -0.204428
v 0.027914 0.125108 -0.194475
v 0.027323 0.125172 -0.195019
v 0.027736 0.124956 -0.193893
v 0.024183 0.124683 -0.195287
v 0.022961 0.124216 -0.195415
v 0.026201 0.124737 -0.194186
v 0.024553 0.124251 -0.194266
v 0.012115 0.121444 -0.202407
v 0.010658 0.122248 -0.203534
v 0.028463 0.125148 -0.193888
v 0.009625 0.124622 -0.205154
v 0.009723 0.125165 -0.206031
v 0.012351 0.125303 -0.204865
v 0.011195 0.125002 -0.204922
v 0.012807 0.124932 -0.203841
v 0.019380 0.125131 -0.199845
v 0.018190 0.125316 -0.201109
v 0.025041 0.124839 -0.195523
v 0.012819 0.124032 -0.202857
v 0.010743 0.123453 -0.203812
v 0.028903 0.124871 -0.193025
v 0.030690 0.124987 -0.192222
v 0.033239 0.124184 -0.189041
v 0.034784 0.123601 -0.187807
v 0.035445 0.124141 -0.187704
v 0.019842 0.125711 -0.201238
v 0.011194 0.125390 -0.205757
v 0.010712 0.125765 -0.206963
v 0.010200 0.125435 -0.206490
v 0.027870 0.124708 -0.192926
v 0.023640 0.126314 -0.201434
v 0.011388 0.124463 -0.204027
v 0.027325 0.124531 -0.192736
v 0.017746 0.125737 -0.202756
v 0.017746 0.125478 -0.201987
v 0.018900 0.124744 -0.199302
v 0.025731 0.125323 -0.196325
v 0.012622 0.118410 -0.201736
v 0.031028 0.124747 -0.190999
v 0.031489 0.124540 -0.190118
v 0.034781 0.122705 -0.187465
v 0.003901 0.058445 -0.221205
v 0.007332 0.057375 -0.218744
v 0.005071 0.055123 -0.220224
v -0.002721 0.069159 -0.226001
v -0.000828 0.069505 -0.224679
v -0.001949 0.067437 -0.225354
v 0.002889 0.055703 -0.221758
v 0.001244 0.058466 -0.223048
v 0.000722 0.054654 -0.223310
v -0.000181 0.061117 -0.224109
v -0.002360 0.062878 -0.225592
v 0.000231 0.063822 -0.223739
v 0.002704 0.061963 -0.222137
v -0.000957 0.065994 -0.224695
v -0.001355 0.072223 -0.224916
v -0.001865 0.070685 -0.225379
v -0.002144 0.057944 -0.225423
v -0.002598 0.071582 -0.225829
v -0.003225 0.066046 -0.226160
v 0.002010 0.067830 -0.222669
v 0.002101 0.104888 -0.222942
v 0.001131 0.102055 -0.223713
v 0.000008 0.104689 -0.224457
v 0.013281 0.105405 -0.215542
v 0.015520 0.104692 -0.214064
v 0.011979 0.102599 -0.216420
v 0.022750 0.095525 -0.209210
v 0.021449 0.098243 -0.209961
v 0.023692 0.098168 -0.208556
v 0.004987 0.060609 -0.220568
v -0.000585 0.091289 -0.224848
v -0.003008 0.093862 -0.226468
v -0.000692 0.094715 -0.224890
v 0.002859 0.079505 -0.222268
v 0.003047 0.083516 -0.222229
v 0.005110 0.081695 -0.220787
v 0.003216 0.099316 -0.222388
v 0.006064 0.102423 -0.220284
v 0.005824 0.099421 -0.220470
v 0.013145 0.093638 -0.215585
v 0.015551 0.091623 -0.214184
v 0.012704 0.090502 -0.215927
v -0.001448 0.101607 -0.225431
v 0.010937 0.103610 -0.217095
v 0.012035 0.104050 -0.216472
v 0.011676 0.105263 -0.216576
v 0.027535 0.093913 -0.205893
v 0.025090 0.095518 -0.207600
v 0.026756 0.098370 -0.206453
v 0.014632 0.100851 -0.214649
v 0.009368 0.076435 -0.217810
v 0.008750 0.070400 -0.218132
v 0.006493 0.074073 -0.219629
v 0.015978 0.072437 -0.213288
v 0.015357 0.075645 -0.213810
v 0.018401 0.074841 -0.211751
v 0.014731 0.088206 -0.214639
v 0.015900 0.085309 -0.213749
v 0.012684 0.085209 -0.215832
v 0.004375 0.093120 -0.221466
v 0.003671 0.095388 -0.222009
v 0.004515 0.094357 -0.221461
v 0.023477 0.067823 -0.208163
v 0.025545 0.069454 -0.206691
v 0.025434 0.066286 -0.206761
v 0.001316 0.107273 -0.223423
v 0.008963 0.098572 -0.218416
v 0.006058 0.094993 -0.220358
v 0.005374 0.097509 -0.220912
v 0.006334 0.092078 -0.220051
v 0.006189 0.078108 -0.219911
v 0.009874 0.105763 -0.217775
v 0.007016 0.107087 -0.219600
v 0.009328 0.110026 -0.218190
v 0.018204 0.083239 -0.212187
v 0.019397 0.081154 -0.211259
v 0.016654 0.079704 -0.213144
v 0.023915 0.079194 -0.208201
v 0.021529 0.076850 -0.209838
v 0.021353 0.080313 -0.209872
v 0.001581 0.096312 -0.223485
v 0.020367 0.110428 -0.211018
v 0.016425 0.108826 -0.213579
v 0.017941 0.113659 -0.212672
v 0.007948 0.104206 -0.218950
v 0.009326 0.102449 -0.218158
v 0.000520 0.084111 -0.223893
v 0.001497 0.086561 -0.223355
v 0.018634 0.099488 -0.211931
v 0.020335 0.096622 -0.210782
v -0.000979 0.080102 -0.224735
v -0.002778 0.078988 -0.225883
v -0.004324 0.079754 -0.227087
v 0.005012 0.085975 -0.220917
v 0.005118 0.083732 -0.220722
v -0.004195 0.077073 -0.226994
v -0.001817 0.077321 -0.225335
v -0.002739 0.074426 -0.225985
v 0.028008 0.090422 -0.205335
v 0.030493 0.089411 -0.203647
v 0.028216 0.086722 -0.205229
v 0.001056 0.082137 -0.223400
v 0.020293 0.059707 -0.210163
v 0.018335 0.056953 -0.211343
v 0.016250 0.060869 -0.212956
v 0.010878 0.095437 -0.217073
v 0.008436 0.094611 -0.218769
v 0.014357 0.113574 -0.215097
v 0.012483 0.108936 -0.216174
v 0.010729 0.114013 -0.217395
v -0.003376 0.083073 -0.226503
v -0.001209 0.083990 -0.225084
v -0.000777 0.082894 -0.224836
v 0.015247 0.066169 -0.213884
v 0.011048 0.064839 -0.216615
v 0.012199 0.069350 -0.215775
v 0.026156 0.105610 -0.206946
v 0.026670 0.102415 -0.206553
v 0.023481 0.103577 -0.208730
v 0.012523 0.060503 -0.215440
v 0.013593 0.062909 -0.214890
v 0.029441 0.084722 -0.204373
v 0.030707 0.086856 -0.203566
v 0.017369 0.106566 -0.212976
v 0.018299 0.105363 -0.212283
v 0.030491 0.092763 -0.203789
v 0.024649 0.091430 -0.207872
v 0.000553 0.074300 -0.223705
v 0.008254 0.085891 -0.218729
v 0.006724 0.083610 -0.219709
v 0.002981 0.071903 -0.222100
v 0.003936 0.074806 -0.221404
v 0.008820 0.080101 -0.218256
v 0.038233 0.071414 -0.198321
v 0.035629 0.071808 -0.200105
v 0.037701 0.073953 -0.198757
v 0.023984 0.111004 -0.208521
v 0.021590 0.114379 -0.210248
v 0.009878 0.092037 -0.217742
v 0.007163 0.081248 -0.219447
v 0.029132 0.069995 -0.204463
v 0.030432 0.076477 -0.203778
v 0.032497 0.071553 -0.202299
v 0.014967 0.070037 -0.214025
v 0.018870 0.078146 -0.211571
v 0.012318 0.087683 -0.216146
v 0.013397 0.078215 -0.215144
v 0.011864 0.073611 -0.215991
v 0.005063 0.070383 -0.220655
v 0.017930 0.103077 -0.212544
v 0.016055 0.094437 -0.213740
v 0.001846 0.093282 -0.223234
v 0.020646 0.105037 -0.210756
v 0.019336 0.107379 -0.211644
v 0.023068 0.107340 -0.209199
v 0.022161 0.100645 -0.209634
v 0.018150 0.095704 -0.212232
v 0.018493 0.091836 -0.212099
v 0.014197 0.097113 -0.214879
v 0.009402 0.083217 -0.217885
v 0.012152 0.081341 -0.216092
v 0.010697 0.086075 -0.217100
v 0.010098 0.088331 -0.217457
v 0.020779 0.102434 -0.210680
v -0.000148 0.098779 -0.224607
v -0.002340 0.099241 -0.226056
v -0.003553 0.098773 -0.226880
v -0.002965 0.096921 -0.226519
v 0.007285 0.089052 -0.219429
v 0.003465 0.089776 -0.222159
v 0.003969 0.106033 -0.221689
v 0.003419 0.103028 -0.222177
v 0.006245 0.064335 -0.219821
v 0.024580 0.100621 -0.207969
v 0.017167 0.089065 -0.213032
v 0.021174 0.092992 -0.210279
v -0.004926 0.098081 -0.227705
v -0.008035 0.099224 -0.229481
v -0.004162 0.100538 -0.227161
v 0.036296 0.076957 -0.199781
v 0.033874 0.074390 -0.201315
v 0.033228 0.076766 -0.201920
v 0.032482 0.074813 -0.202344
v 0.019006 0.063906 -0.211280
v 0.018417 0.066693 -0.211639
v -0.001674 0.085691 -0.225467
v -0.001576 0.088379 -0.225421
v 0.031907 0.067085 -0.202599
v 0.020495 0.090450 -0.210749
v 0.015355 0.081572 -0.214014
v 0.027574 0.066086 -0.205406
v 0.013782 0.072301 -0.214760
v 0.019359 0.087560 -0.211412
v 0.009720 0.060698 -0.217346
v 0.024357 0.086013 -0.208009
v 0.022110 0.088685 -0.209650
v 0.011656 0.056429 -0.215780
v 0.024069 0.082306 -0.208173
v 0.026276 0.087853 -0.206598
v 0.015308 0.056001 -0.213344
v 0.029989 0.096813 -0.204237
v 0.033599 0.079572 -0.201630
v 0.032357 0.078232 -0.202497
v 0.021180 0.073706 -0.209860
v 0.018722 0.070159 -0.211461
v 0.000608 0.088820 -0.224042
v -0.005046 0.087425 -0.227693
v 0.025404 0.083618 -0.207217
v 0.021453 0.069154 -0.209598
v 0.022742 0.071123 -0.208704
v 0.035507 0.082891 -0.200394
v 0.020830 0.067065 -0.210035
v 0.025202 0.074854 -0.207260
v 0.018704 0.052518 -0.210978
v 0.030218 0.064715 -0.203711
v 0.028292 0.062240 -0.204858
v 0.027363 0.081600 -0.205952
v 0.030403 0.080601 -0.203847
v 0.023274 0.063483 -0.208282
v 0.030982 0.084674 -0.203430
v 0.032733 0.085656 -0.202287
v 0.032236 0.082356 -0.202560
v 0.021956 0.055048 -0.208888
v 0.023225 0.058974 -0.208148
v 0.021441 0.084028 -0.209999
v 0.031875 0.079576 -0.202857
v 0.030086 0.082990 -0.204148
v 0.025880 0.059923 -0.206408
v 0.026167 0.063634 -0.206344
v 0.038506 0.075478 -0.198363
v 0.034616 0.067514 -0.200788
v 0.039962 0.073891 -0.197236
v 0.026306 0.085143 -0.206458
v -0.006221 0.102347 -0.228385
v -0.003335 0.104160 -0.226603
v -0.006152 0.095404 -0.228508
v 0.019259 0.116802 -0.211781
v 0.017218 0.116807 -0.213101
v 0.018320 0.118147 -0.212231
v 0.019551 0.119366 -0.211393
v 0.016243 0.115301 -0.213840
v -0.007752 0.083699 -0.229458
v 0.002587 0.106540 -0.222503
v 0.032392 0.088254 -0.202458
v -0.004719 0.091363 -0.227587
v -0.010449 0.063796 -0.230355
v -0.010412 0.060769 -0.230232
v -0.011392 0.062217 -0.230573
v -0.010703 0.073475 -0.230819
v -0.009283 0.072102 -0.230147
v -0.010126 0.070743 -0.230469
v -0.011742 0.060781 -0.230594
v -0.011799 0.063867 -0.230601
v -0.011093 0.065957 -0.230536
v -0.008649 0.063022 -0.229529
v -0.004744 0.060788 -0.227133
v -0.005833 0.058180 -0.227730
v -0.006614 0.060938 -0.228297
v -0.011706 0.059111 -0.230453
v -0.010534 0.057848 -0.230031
v -0.005960 0.065067 -0.228067
v -0.008554 0.068860 -0.229617
v -0.006249 0.069917 -0.228342
v -0.009284 0.055686 -0.229475
v -0.008495 0.058832 -0.229160
v -0.008252 0.065698 -0.229428
v -0.012725 0.059969 -0.230241
v -0.012332 0.061809 -0.230426
v -0.012495 0.065731 -0.230375
v -0.009619 0.066036 -0.230066
v -0.005198 0.054752 -0.227239
v -0.007216 0.056067 -0.228487
v -0.010531 0.068473 -0.230458
v -0.004134 0.071209 -0.226919
v -0.005394 0.073641 -0.227871
v -0.011600 0.067551 -0.230654
v -0.004636 0.068237 -0.227207
v -0.011560 0.069072 -0.230713
v -0.011130 0.070805 -0.230876
v -0.007677 0.072641 -0.229269
v -0.011048 0.055440 -0.230099
v -0.011957 0.057250 -0.230334
v -0.008901 0.075343 -0.229933
v -0.012398 0.055270 -0.230261
v -0.012599 0.058487 -0.230271
v -0.014826 0.081244 -0.229074
v -0.014221 0.082137 -0.229408
v -0.014460 0.080154 -0.229479
v -0.013972 0.098576 -0.229499
v -0.015003 0.098905 -0.228557
v -0.014385 0.099723 -0.228984
v -0.009406 0.092554 -0.230620
v -0.007568 0.093125 -0.229455
v -0.007622 0.090565 -0.229488
v -0.013277 0.058828 -0.230083
v -0.014219 0.058370 -0.230005
v -0.013683 0.060109 -0.229988
v -0.012363 0.082233 -0.230935
v -0.011699 0.081588 -0.231430
v -0.012398 0.079787 -0.230924
v -0.014830 0.096092 -0.228572
v -0.014526 0.094950 -0.229102
v -0.015317 0.095262 -0.228254
v -0.014897 0.089992 -0.228988
v -0.014462 0.088745 -0.228987
v -0.015469 0.088542 -0.228687
v -0.012831 0.086696 -0.230962
v -0.012138 0.084412 -0.231117
v -0.013063 0.083570 -0.230589
v -0.014422 0.075394 -0.229925
v -0.014636 0.076402 -0.229512
v -0.014313 0.077234 -0.229873
v -0.010341 0.082401 -0.231019
v -0.011233 0.079022 -0.231238
v -0.012224 0.089769 -0.231258
v -0.012634 0.090269 -0.230894
v -0.012110 0.090954 -0.231231
v -0.014073 0.084027 -0.229455
v -0.014139 0.085716 -0.229349
v -0.013691 0.085401 -0.230159
v -0.009013 0.103333 -0.230116
v -0.006171 0.104736 -0.228233
v -0.015643 0.078314 -0.229238
v -0.014748 0.078123 -0.229445
v -0.015266 0.076074 -0.229382
v -0.015008 0.079605 -0.229322
v -0.016429 0.094084 -0.227894
v -0.015683 0.094131 -0.228078
v -0.015978 0.093440 -0.228226
v -0.011387 0.096285 -0.231711
v -0.010611 0.094759 -0.231543
v -0.011843 0.093906 -0.231529
v -0.016344 0.092761 -0.228111
v -0.015461 0.092963 -0.228447
v -0.015503 0.091138 -0.228622
v -0.008372 0.087802 -0.229805
v -0.010295 0.085919 -0.231019
v -0.014897 0.075007 -0.229667
v -0.013886 0.061961 -0.229945
v -0.014471 0.060833 -0.229639
v -0.014885 0.062917 -0.229676
v -0.013308 0.082020 -0.230140
v -0.012996 0.081035 -0.230422
v -0.008504 0.096595 -0.229944
v -0.009132 0.094785 -0.230434
v -0.014183 0.073999 -0.230319
v -0.013821 0.076124 -0.230286
v -0.014639 0.092514 -0.228945
v -0.009942 0.096707 -0.230785
v -0.013130 0.061320 -0.230045
v -0.012102 0.098775 -0.231241
v -0.012844 0.098827 -0.230527
v -0.012285 0.099536 -0.231057
v -0.013080 0.097069 -0.230319
v -0.012177 0.098136 -0.231056
v -0.012075 0.097171 -0.231321
v -0.014257 0.096189 -0.229440
v -0.014304 0.097488 -0.229265
v -0.011059 0.098733 -0.231554
v -0.010268 0.100899 -0.230956
v -0.010044 0.089923 -0.230834
v -0.012585 0.088827 -0.231184
v -0.013028 0.088694 -0.230778
v -0.012970 0.100328 -0.230194
v -0.014854 0.093866 -0.228565
v -0.013933 0.064282 -0.230120
v -0.012063 0.100961 -0.231293
v -0.011064 0.102455 -0.231448
v -0.013843 0.092280 -0.229788
v -0.013597 0.090697 -0.229934
v -0.014148 0.090403 -0.229328
v -0.014259 0.100960 -0.229183
v -0.013489 0.102100 -0.230040
v -0.014575 0.091306 -0.229165
v -0.012401 0.095493 -0.230965
v -0.013534 0.094762 -0.230035
v -0.010849 0.092575 -0.231519
v -0.014006 0.087540 -0.229359
v -0.014758 0.086645 -0.228889
v -0.013683 0.099708 -0.229687
v -0.017191 0.097964 -0.227404
v -0.016282 0.100066 -0.227638
v -0.015639 0.097397 -0.228046
v -0.012394 0.102623 -0.231148
v -0.012378 0.092097 -0.231066
v -0.013107 0.091498 -0.230544
v -0.012703 0.093495 -0.230636
v -0.014778 0.096941 -0.228759
v -0.013921 0.086639 -0.229770
v -0.006242 0.081126 -0.228398
v -0.011500 0.090327 -0.231432
v -0.012038 0.088365 -0.231289
v -0.013508 0.087737 -0.230176
v -0.011803 0.092041 -0.231490
v -0.014944 0.097797 -0.228686
v -0.011524 0.084972 -0.231511
v -0.011742 0.083979 -0.231426
v -0.011701 0.086546 -0.231512
v -0.010138 0.093753 -0.231128
v -0.011188 0.088340 -0.231487
v -0.015702 0.085805 -0.228580
v -0.014918 0.083783 -0.229018
v -0.013300 0.089723 -0.230327
v -0.016626 0.095659 -0.227694
v -0.012090 0.070423 -0.230810
v -0.014229 0.093689 -0.229357
v -0.015052 0.100351 -0.228364
v -0.011263 0.083712 -0.231529
v -0.015390 0.073617 -0.229625
v -0.013723 0.070524 -0.230478
v -0.013174 0.072131 -0.230407
v -0.012918 0.070326 -0.230826
v -0.009636 0.080046 -0.230418
v -0.015447 0.101761 -0.228127
v -0.013749 0.080524 -0.229915
v -0.011865 0.083168 -0.231263
v -0.013749 0.089173 -0.229562
v -0.010311 0.076990 -0.230665
v -0.014682 0.073738 -0.229912
v -0.013678 0.082966 -0.229889
v -0.014315 0.078909 -0.229900
v -0.012410 0.076626 -0.230837
v -0.013182 0.078294 -0.230391
v -0.014356 0.065925 -0.229911
v -0.015052 0.064935 -0.229647
v -0.015048 0.066249 -0.229327
v -0.014426 0.072621 -0.230204
v -0.014856 0.072279 -0.229924
v -0.012444 0.068383 -0.230641
v -0.013889 0.078206 -0.230137
v -0.014722 0.098243 -0.229131
v -0.012958 0.063091 -0.230237
v -0.011468 0.076021 -0.231043
v -0.012020 0.074084 -0.230935
v -0.007161 0.078285 -0.228923
v -0.008072 0.080356 -0.229458
v -0.014375 0.055220 -0.229988
v -0.015498 0.057425 -0.229512
v -0.015397 0.080232 -0.229215
v -0.009023 0.078070 -0.229966
v -0.013133 0.067102 -0.230450
v -0.005722 0.077865 -0.228039
v -0.006692 0.075845 -0.228618
v -0.014494 0.071190 -0.230292
v -0.013081 0.075765 -0.230341
v -0.013400 0.068655 -0.230521
v -0.011756 0.072202 -0.230987
v -0.012766 0.074070 -0.230530
v -0.013485 0.073987 -0.230348
v -0.012493 0.072149 -0.230735
v -0.013905 0.072322 -0.230351
v -0.016082 0.075346 -0.229082
v -0.014356 0.069157 -0.229982
v -0.015241 0.070903 -0.229652
v -0.013923 0.067269 -0.230224
v -0.015437 0.068818 -0.229354
v -0.013536 0.065948 -0.230272
v -0.014652 0.067389 -0.229474
v -0.015687 0.061066 -0.229386
v -0.013063 0.057370 -0.230333
v -0.013419 0.055945 -0.230207
v -0.015424 0.053933 -0.229284
v -0.038730 0.064773 -0.209144
v -0.038501 0.068619 -0.209881
v -0.037061 0.064864 -0.211715
v -0.032508 0.074820 -0.217779
v -0.034412 0.076242 -0.215978
v -0.032240 0.077031 -0.218099
v -0.032791 0.073098 -0.217343
v -0.031249 0.073053 -0.218929
v -0.041749 0.062348 -0.203548
v -0.039938 0.060218 -0.206016
v -0.041433 0.059913 -0.203578
v -0.027397 0.079979 -0.222678
v -0.028533 0.083601 -0.221626
v -0.026545 0.081844 -0.223317
v -0.034135 0.086211 -0.216397
v -0.032666 0.084527 -0.217612
v -0.033848 0.084021 -0.216513
v -0.036604 0.067859 -0.212694
v -0.034751 0.064056 -0.214781
v -0.026027 0.079762 -0.223715
v -0.023629 0.076660 -0.225227
v -0.024861 0.075189 -0.224586
v -0.025437 0.077694 -0.223945
v -0.033301 0.081199 -0.216956
v -0.031525 0.079514 -0.218559
v -0.031611 0.069087 -0.218750
v -0.033653 0.071519 -0.216457
v -0.030458 0.089434 -0.219639
v -0.032150 0.090487 -0.218339
v -0.031740 0.092464 -0.218712
v -0.030428 0.059061 -0.219399
v -0.029573 0.056319 -0.219822
v -0.031214 0.057160 -0.217949
v -0.030163 0.093587 -0.220064
v -0.031882 0.095411 -0.218419
v -0.030849 0.097251 -0.219238
v -0.028230 0.070488 -0.222234
v -0.027182 0.068357 -0.223211
v -0.028115 0.067618 -0.222304
v -0.026565 0.077200 -0.223157
v -0.036459 0.075523 -0.213438
v -0.034374 0.073969 -0.215657
v -0.034756 0.088155 -0.215805
v -0.032649 0.086988 -0.217591
v -0.028418 0.077278 -0.221809
v -0.028926 0.073691 -0.221492
v -0.030279 0.077205 -0.220105
v -0.024823 0.079769 -0.224345
v -0.026040 0.056502 -0.223476
v -0.027513 0.056024 -0.222069
v -0.028053 0.060632 -0.222116
v -0.037897 0.089071 -0.212161
v -0.038591 0.087058 -0.211155
v -0.039553 0.090280 -0.210235
v -0.033657 0.095037 -0.216926
v -0.023478 0.079353 -0.225233
v -0.023331 0.081408 -0.225363
v -0.022884 0.079819 -0.225776
v -0.033141 0.061298 -0.216296
v -0.032613 0.062775 -0.217347
v -0.030555 0.079913 -0.219840
v -0.032075 0.082113 -0.218165
v -0.030412 0.082558 -0.219896
v -0.035916 0.058291 -0.211894
v -0.037528 0.061174 -0.210189
v -0.036178 0.061574 -0.212446
v -0.035583 0.086572 -0.214941
v -0.040391 0.064705 -0.206350
v -0.041467 0.063955 -0.204509
v -0.042225 0.067283 -0.203993
v -0.029399 0.094841 -0.220554
v -0.030382 0.074371 -0.220015
v -0.028979 0.058059 -0.221001
v -0.027804 0.063102 -0.222394
v -0.028886 0.065403 -0.221347
v -0.032767 0.066142 -0.217344
v -0.035097 0.069743 -0.214736
v -0.018213 0.096824 -0.226915
v -0.038864 0.061940 -0.208029
v -0.037728 0.058631 -0.209175
v -0.029879 0.060760 -0.220379
v -0.030634 0.063926 -0.219690
v -0.023009 0.084371 -0.225521
v -0.024283 0.083797 -0.224669
v -0.020078 0.091519 -0.226404
v -0.020557 0.089164 -0.226438
v -0.021469 0.091168 -0.225939
v -0.017563 0.099860 -0.227071
v -0.018586 0.098893 -0.226605
v -0.023281 0.088924 -0.225088
v -0.022783 0.092206 -0.225146
v -0.021784 0.089045 -0.225827
v -0.033274 0.069199 -0.216947
v -0.035036 0.083454 -0.215303
v -0.036795 0.085475 -0.213139
v -0.025993 0.097222 -0.223012
v -0.024731 0.097112 -0.223773
v -0.024738 0.093964 -0.223994
v -0.024199 0.081398 -0.224645
v -0.025684 0.076175 -0.223843
v -0.026082 0.074510 -0.223845
v -0.031198 0.061705 -0.218924
v -0.017859 0.082445 -0.227965
v -0.016313 0.082989 -0.228592
v -0.016909 0.080661 -0.228473
v -0.019511 0.089023 -0.226734
v -0.023915 0.098186 -0.224185
v -0.023421 0.095361 -0.224596
v -0.036389 0.090604 -0.213876
v -0.035438 0.092724 -0.215008
v -0.034514 0.090238 -0.216018
v -0.017348 0.092181 -0.227546
v -0.018900 0.092389 -0.226996
v -0.018739 0.094191 -0.226879
v -0.022406 0.096433 -0.224981
v -0.029389 0.086788 -0.220566
v -0.031342 0.088172 -0.218926
v -0.016382 0.089996 -0.228108
v -0.016357 0.091573 -0.228064
v -0.035529 0.095397 -0.215141
v -0.033809 0.092344 -0.216782
v -0.029997 0.091089 -0.220217
v -0.037534 0.063051 -0.210749
v -0.020416 0.095232 -0.225969
v -0.028636 0.088875 -0.221246
v -0.026014 0.059327 -0.223908
v -0.026617 0.063673 -0.223586
v -0.024693 0.059672 -0.225062
v -0.038657 0.093492 -0.211463
v -0.022305 0.080833 -0.226047
v -0.025383 0.090594 -0.223754
v -0.026875 0.095240 -0.222586
v -0.032809 0.089459 -0.217516
v -0.033570 0.058461 -0.215269
v -0.031916 0.060081 -0.217546
v -0.031873 0.063703 -0.218445
v -0.021910 0.093858 -0.225395
v -0.035437 0.080656 -0.214998
v -0.037420 0.079072 -0.212619
v -0.027661 0.094003 -0.221877
v -0.028879 0.096204 -0.221071
v -0.039700 0.072414 -0.208633
v -0.040428 0.075887 -0.207842
v -0.038973 0.074564 -0.209725
v -0.030436 0.085474 -0.219737
v -0.018735 0.087505 -0.227224
v -0.018846 0.085144 -0.227419
v -0.019643 0.087504 -0.226895
v -0.027262 0.085260 -0.222493
v -0.028349 0.093007 -0.221406
v -0.028955 0.091223 -0.221051
v -0.025247 0.070820 -0.224545
v -0.025907 0.067938 -0.224274
v -0.027229 0.072067 -0.223107
v -0.022130 0.098419 -0.224957
v -0.036999 0.094898 -0.213316
v -0.026980 0.091981 -0.222445
v -0.038517 0.083517 -0.211405
v -0.040002 0.081884 -0.209095
v -0.029546 0.070615 -0.220776
v -0.023211 0.073021 -0.225697
v -0.035080 0.072912 -0.214780
v -0.016928 0.060045 -0.229154
v -0.022226 0.077821 -0.226220
v -0.021164 0.079381 -0.226751
v -0.020790 0.070623 -0.227308
v -0.019918 0.066997 -0.227729
v -0.021798 0.070499 -0.226671
v -0.019467 0.059107 -0.227983
v -0.019282 0.062045 -0.228037
v -0.018176 0.058363 -0.228493
v -0.019974 0.073842 -0.227349
v -0.019352 0.075656 -0.227795
v -0.018975 0.072818 -0.227945
v -0.018687 0.070037 -0.228231
v -0.019965 0.071244 -0.227688
v -0.017610 0.066999 -0.228706
v -0.024126 0.067539 -0.225371
v -0.017243 0.070513 -0.228726
v -0.018033 0.072345 -0.228256
v -0.016474 0.061450 -0.229165
v -0.016998 0.063112 -0.229073
v -0.018224 0.054992 -0.228386
v -0.016866 0.055903 -0.228956
v -0.016425 0.066739 -0.229152
v -0.016145 0.064572 -0.229406
v -0.021508 0.073863 -0.226767
v -0.037685 0.071693 -0.211655
v -0.019620 0.056433 -0.227853
v -0.020688 0.059146 -0.227348
v -0.016810 0.077906 -0.228626
v -0.016070 0.080207 -0.228886
v -0.020605 0.076274 -0.227009
v -0.023334 0.070190 -0.225631
v -0.023051 0.064585 -0.226339
v -0.024095 0.062087 -0.225505
v -0.024693 0.065092 -0.225016
v -0.017962 0.062605 -0.228734
v -0.018856 0.064134 -0.228292
v -0.018255 0.064864 -0.228480
v -0.024605 0.072851 -0.224901
v -0.021857 0.068145 -0.226646
v -0.018731 0.089328 -0.227175
v -0.017871 0.087361 -0.227689
v -0.036729 0.087970 -0.213485
v -0.022389 0.060991 -0.226572
v -0.017593 0.079689 -0.228113
v -0.017887 0.077434 -0.228192
v -0.016295 0.072347 -0.229111
v -0.017211 0.074221 -0.228565
v -0.016183 0.070130 -0.229221
v -0.016514 0.068412 -0.229167
v -0.036498 0.073225 -0.213237
v -0.019987 0.077952 -0.227330
v -0.017969 0.060715 -0.228589
v -0.021052 0.063429 -0.227252
v -0.015487 0.081731 -0.228963
v -0.019325 0.077349 -0.227681
v -0.018804 0.077346 -0.227908
v -0.027692 0.090190 -0.222068
v -0.018375 0.074687 -0.228187
v -0.022759 0.067302 -0.226115
v -0.021701 0.066072 -0.226886
v -0.015665 0.067266 -0.229255
v -0.025375 0.088094 -0.223742
v -0.026248 0.089076 -0.223032
v -0.023084 0.056192 -0.226001
v -0.022159 0.058060 -0.226440
v -0.021319 0.054333 -0.226779
v -0.023314 0.059041 -0.225864
v -0.017535 0.094500 -0.227375
v -0.018730 0.080346 -0.227635
v -0.020006 0.064101 -0.227653
v -0.040231 0.087592 -0.209117
v -0.018908 0.083001 -0.227560
v -0.020008 0.083644 -0.226935
v -0.015747 0.066013 -0.229360
v -0.024485 0.056683 -0.224828
v -0.024743 0.053706 -0.224319
v -0.026204 0.053560 -0.223153
v -0.020334 0.080003 -0.227075
v -0.019406 0.079153 -0.227328
v -0.016342 0.087582 -0.228123
v -0.040079 0.084422 -0.209367
v -0.020366 0.086711 -0.226546
v -0.038776 0.077410 -0.210150
v -0.019302 0.052785 -0.227789
v -0.025693 0.086226 -0.223711
v -0.027120 0.087841 -0.222505
v -0.022759 0.053592 -0.226036
v -0.023855 0.057855 -0.225476
v -0.023758 0.054288 -0.225413
v -0.024451 0.087003 -0.224352
v -0.041115 0.079171 -0.207259
v -0.016480 0.085502 -0.228270
v -0.037769 0.074643 -0.211645
v -0.018845 0.090852 -0.227027
v -0.017613 0.089631 -0.227567
v -0.021674 0.085894 -0.226157
v -0.019088 0.095794 -0.226687
v -0.019938 0.097875 -0.225995
v -0.040757 0.069122 -0.206730
v -0.018121 0.086275 -0.227559
v -0.021132 0.082236 -0.226515
v -0.019963 0.081325 -0.227015
v -0.017372 0.085152 -0.227822
v -0.041770 0.074080 -0.205860
v -0.025411 0.082967 -0.223871
v -0.028376 0.055378 -0.221004
v -0.017039 0.086935 -0.227969
v -0.028715 0.017572 -0.175844
v -0.024524 0.018018 -0.177948
v -0.028734 0.017694 -0.178483
v -0.067499 0.015600 -0.133419
v -0.028978 0.016962 -0.147648
v -0.026212 0.017142 -0.150174
v -0.030085 0.016831 -0.150595
v -0.044149 0.016754 -0.140532
v -0.048745 0.016442 -0.140640
v -0.045920 0.016768 -0.137019
v -0.031672 0.017258 -0.175235
v -0.062716 0.064089 -0.148258
v -0.061907 0.066638 -0.149408
v -0.064786 0.065988 -0.145063
v -0.080252 0.059875 -0.120708
v -0.078047 0.060421 -0.124204
v -0.078962 0.063644 -0.123357
v -0.038654 0.016522 -0.173081
v -0.034375 0.016986 -0.175335
v -0.034966 0.016525 -0.179067
v -0.025639 0.017262 -0.154501
v -0.050536 0.016605 -0.137969
v -0.068266 0.058507 -0.138967
v -0.065735 0.057760 -0.142888
v -0.066416 0.061459 -0.142015
v -0.064282 0.061851 -0.145666
v -0.063187 0.058112 -0.147047
v -0.062240 0.061243 -0.149011
v -0.015751 0.016726 -0.140281
v -0.014703 0.016881 -0.137128
v -0.012120 0.016723 -0.139170
v -0.031974 0.016859 -0.146422
v -0.030565 0.017065 -0.143487
v -0.017354 0.016835 -0.143242
v -0.013229 0.016636 -0.145088
v -0.009736 0.016672 -0.143327
v -0.069158 0.016512 -0.122428
v -0.068118 0.016779 -0.119521
v -0.060312 0.063046 -0.152000
v -0.034876 0.016886 -0.147670
v -0.080016 0.045026 -0.121361
v -0.080550 0.048037 -0.120208
v -0.028630 0.017543 -0.165522
v -0.026759 0.017587 -0.161902
v -0.024890 0.017508 -0.163941
v -0.041183 0.044617 -0.179366
v -0.040370 0.046527 -0.180044
v -0.041694 0.046250 -0.178492
v -0.041057 0.016831 -0.133140
v -0.037934 0.016636 -0.132499
v -0.040842 0.016863 -0.136790
v -0.046777 0.016558 -0.120748
v -0.058525 0.041505 -0.152256
v -0.060167 0.042465 -0.150102
v -0.059923 0.039425 -0.150452
v -0.020718 0.017930 -0.157300
v -0.022240 0.017472 -0.151630
v -0.026972 0.017363 -0.141947
v -0.029763 0.017175 -0.139912
v -0.017323 0.017934 -0.154523
v -0.046058 0.017018 -0.128391
v -0.044512 0.016847 -0.127148
v -0.042332 0.016854 -0.129440
v -0.047627 0.017175 -0.130990
v -0.051570 0.017117 -0.133122
v -0.053137 0.017159 -0.129049
v -0.040169 0.015555 -0.185441
v -0.059174 0.030929 -0.152940
v -0.060586 0.029628 -0.150712
v -0.058918 0.026604 -0.154373
v -0.030413 0.017336 -0.173094
v -0.026949 0.017506 -0.173789
v -0.018753 0.016915 -0.140667
v -0.020886 0.017137 -0.141486
v -0.039179 0.017118 -0.187401
v -0.038532 0.016128 -0.188508
v -0.037531 0.017546 -0.189885
v -0.047836 0.056835 -0.170221
v -0.047850 0.052418 -0.169889
v -0.045519 0.055341 -0.173111
v -0.075720 0.067742 -0.128495
v -0.080435 0.069475 -0.121649
v -0.048955 0.017088 -0.128275
v -0.039356 0.016964 -0.143019
v -0.034463 0.016890 -0.143780
v -0.033564 0.016709 -0.129846
v -0.034664 0.016757 -0.133519
v -0.023829 0.017381 -0.143639
v -0.025614 0.017279 -0.146626
v -0.034710 0.017173 -0.170678
v -0.033424 0.017381 -0.164680
v -0.030613 0.017363 -0.169449
v -0.048383 0.034475 -0.167539
v -0.046302 0.035976 -0.170785
v -0.047939 0.037287 -0.168374
v -0.028282 0.016567 -0.129163
v -0.031227 0.016595 -0.124106
v -0.057883 0.059622 -0.155415
v -0.057596 0.064074 -0.156099
v -0.051925 0.060386 -0.164623
v -0.054664 0.065145 -0.160797
v -0.055076 0.060429 -0.159721
v -0.064317 0.016122 -0.135155
v -0.059450 0.021882 -0.154704
v -0.060969 0.024470 -0.151325
v -0.064238 0.016730 -0.123991
v -0.044000 0.015690 -0.179919
v -0.019145 0.016962 -0.138908
v -0.017673 0.016970 -0.137065
v -0.025555 0.017365 -0.166941
v -0.023075 0.017297 -0.165918
v -0.023374 0.017101 -0.169262
v -0.042671 0.016645 -0.124456
v -0.059667 0.067326 -0.152769
v -0.054132 0.039765 -0.158974
v -0.055045 0.036034 -0.158024
v -0.051289 0.037750 -0.163402
v -0.037747 0.016664 -0.127231
v -0.037315 0.016590 -0.121966
v -0.041747 0.016590 -0.119892
v -0.068764 0.063212 -0.138370
v -0.044424 0.015708 -0.179265
v -0.057660 0.044515 -0.153516
v -0.056837 0.050475 -0.155756
v -0.059644 0.048792 -0.151294
v -0.038544 0.017161 -0.150155
v -0.043165 0.016998 -0.146446
v -0.068604 0.019616 -0.141821
v -0.067115 0.023267 -0.142634
v -0.069170 0.023190 -0.139370
v -0.029063 0.017362 -0.171780
v -0.060458 0.058553 -0.151538
v -0.040400 0.015610 -0.177332
v -0.024056 0.017322 -0.140324
v -0.026487 0.017270 -0.138178
v -0.047144 0.016541 -0.143701
v -0.043474 0.016841 -0.143312
v -0.077408 0.044105 -0.125192
v -0.077706 0.048377 -0.124501
v -0.044477 0.043615 -0.174446
v -0.047316 0.043220 -0.170306
v -0.045771 0.039411 -0.171891
v -0.066664 0.070789 -0.142456
v -0.033465 0.016928 -0.152564
v -0.029556 0.017018 -0.154677
v -0.031887 0.017206 -0.157147
v -0.078874 0.015793 -0.127117
v -0.055913 0.030228 -0.158213
v -0.054308 0.033016 -0.159699
v -0.055848 0.033388 -0.157481
v -0.027066 0.017320 -0.169882
v -0.023957 0.017609 -0.157598
v -0.027488 0.016786 -0.132750
v -0.022079 0.016834 -0.130410
v -0.025604 0.017024 -0.134763
v -0.032591 0.016608 -0.118252
v -0.030498 0.017502 -0.161357
v -0.060485 0.053636 -0.150642
v -0.079839 0.052333 -0.120868
v -0.058077 0.055277 -0.154526
v -0.055259 0.055432 -0.158701
v -0.047105 0.016765 -0.125743
v -0.021469 0.017091 -0.136241
v -0.077286 0.030115 -0.125759
v -0.078629 0.031339 -0.123465
v -0.078624 0.028331 -0.123855
v -0.070446 0.067072 -0.136276
v -0.072172 0.062016 -0.132789
v -0.071583 0.057853 -0.133626
v -0.039150 0.017157 -0.154971
v -0.035816 0.017150 -0.155467
v -0.037052 0.017143 -0.157573
v -0.061219 0.046152 -0.148917
v -0.062269 0.050472 -0.147692
v -0.064923 0.048577 -0.144060
v -0.059247 0.034711 -0.152000
v -0.062397 0.036378 -0.147002
v -0.062522 0.031996 -0.147115
v -0.029912 0.017434 -0.181001
v -0.032199 0.017153 -0.177802
v -0.050332 0.017035 -0.127183
v -0.015852 0.017039 -0.134141
v -0.027108 0.017429 -0.158355
v -0.044151 0.016982 -0.133688
v -0.063685 0.054413 -0.145779
v -0.065180 0.024196 -0.145116
v -0.066208 0.021090 -0.144954
v -0.072421 0.015860 -0.121865
v -0.034501 0.017260 -0.159525
v -0.042958 0.017108 -0.151159
v -0.047659 0.016663 -0.147914
v -0.022959 0.016545 -0.124271
v -0.016590 0.016560 -0.126096
v -0.015932 0.016844 -0.130336
v -0.034417 0.016911 -0.137979
v -0.065679 0.030616 -0.142551
v -0.069793 0.029683 -0.136639
v -0.067296 0.026414 -0.141080
v -0.076109 0.035028 -0.127235
v -0.075741 0.031226 -0.128207
v -0.072807 0.032316 -0.132250
v -0.021132 0.017322 -0.147024
v -0.057037 0.039903 -0.154445
v -0.045863 0.046462 -0.172651
v -0.047237 0.048687 -0.170824
v -0.048014 0.046356 -0.169639
v -0.066679 0.016140 -0.130663
v -0.067000 0.015868 -0.145069
v -0.067996 0.016264 -0.143669
v -0.050079 0.044945 -0.166310
v -0.049048 0.048406 -0.168120
v -0.051079 0.048810 -0.164730
v -0.040536 0.017007 -0.185239
v -0.041931 0.018315 -0.182909
v -0.041805 0.016272 -0.183252
v -0.051606 0.065316 -0.165407
v -0.063708 0.041865 -0.145198
v -0.018802 0.017016 -0.132506
v -0.041190 0.042630 -0.179323
v -0.042391 0.044036 -0.177774
v -0.066602 0.053957 -0.141571
v -0.059090 0.015881 -0.156689
v -0.037102 0.054610 -0.185179
v -0.038219 0.052372 -0.182708
v -0.035975 0.052092 -0.186396
v -0.072483 0.068498 -0.133492
v -0.073162 0.064724 -0.131758
v -0.073075 0.039043 -0.131496
v -0.076661 0.039969 -0.126293
v -0.042630 0.022225 -0.180756
v -0.040736 0.021461 -0.184274
v -0.082279 0.023658 -0.119562
v -0.080504 0.027115 -0.121145
v -0.076698 0.052153 -0.125794
v -0.077356 0.054011 -0.124734
v -0.025369 0.016612 -0.119213
v -0.064240 0.051944 -0.144938
v -0.060479 0.016592 -0.136304
v -0.060518 0.016833 -0.132488
v -0.056150 0.016926 -0.134740
v -0.051062 0.016874 -0.124400
v -0.070097 0.016013 -0.125888
v -0.065101 0.060105 -0.144104
v -0.051942 0.016800 -0.119919
v -0.055249 0.016915 -0.123358
v -0.054023 0.016668 -0.138166
v -0.052785 0.016456 -0.140803
v -0.056526 0.016381 -0.141001
v -0.045298 0.058754 -0.173815
v -0.053140 0.057383 -0.162243
v -0.070327 0.017135 -0.139859
v -0.071088 0.016037 -0.138972
v -0.073822 0.043147 -0.130661
v -0.061789 0.015815 -0.140160
v -0.080617 0.040188 -0.120707
v -0.054973 0.045631 -0.157825
v -0.054648 0.048283 -0.158939
v -0.044084 0.018294 -0.179357
v -0.044796 0.016366 -0.178732
v -0.043793 0.016720 -0.180119
v -0.058947 0.016841 -0.126306
v -0.029584 0.017009 -0.136100
v -0.067338 0.016384 -0.126599
v -0.060532 0.016743 -0.120326
v -0.039882 0.016342 -0.186196
v -0.045266 0.050103 -0.173429
v -0.038661 0.020406 -0.187938
v -0.081890 0.016355 -0.122712
v -0.080489 0.017736 -0.124897
v -0.082076 0.018462 -0.122175
v -0.066040 0.016866 -0.118227
v -0.068641 0.050338 -0.138874
v -0.069927 0.054609 -0.136678
v -0.071340 0.051449 -0.134690
v -0.077209 0.072304 -0.126599
v -0.053514 0.050792 -0.161046
v -0.052387 0.031287 -0.162608
v -0.054239 0.029354 -0.160748
v -0.052996 0.028574 -0.162550
v -0.045228 0.026051 -0.174478
v -0.044542 0.022940 -0.177017
v -0.043308 0.025511 -0.178380
v -0.075684 0.061428 -0.127635
v -0.074339 0.058401 -0.129279
v -0.052892 0.046752 -0.161610
v -0.016575 0.016400 -0.120712
v -0.035992 0.046127 -0.185929
v -0.034231 0.047383 -0.188525
v -0.036524 0.049168 -0.185144
v -0.042747 0.016128 -0.181973
v -0.037362 0.043100 -0.184287
v -0.033522 0.042933 -0.189853
v -0.074209 0.026286 -0.131547
v -0.074155 0.029371 -0.130875
v -0.076360 0.027801 -0.127879
v -0.059473 0.018021 -0.155741
v -0.057509 0.021180 -0.158230
v -0.064946 0.015622 -0.147999
v -0.063762 0.016665 -0.149516
v -0.065734 0.016641 -0.146807
v -0.050361 0.055972 -0.166380
v -0.049713 0.058646 -0.167749
v -0.043466 0.047202 -0.175967
v -0.053454 0.024909 -0.163021
v -0.052348 0.019939 -0.166215
v -0.051610 0.023873 -0.165730
v -0.017234 0.017365 -0.149768
v -0.019578 0.017532 -0.150689
v -0.074912 0.054852 -0.128513
v -0.072309 0.054103 -0.132864
v -0.020956 0.016486 -0.120163
v -0.052572 0.054446 -0.162705
v -0.069756 0.015546 -0.141017
v -0.054964 0.019853 -0.162588
v -0.056351 0.017095 -0.161143
v -0.049259 0.040555 -0.166967
v -0.052531 0.042408 -0.161702
v -0.072772 0.020279 -0.135596
v -0.070730 0.020067 -0.138357
v -0.071447 0.023075 -0.136184
v -0.043184 0.016523 -0.181121
v -0.043626 0.016099 -0.180430
v -0.045497 0.032800 -0.172274
v -0.045998 0.028928 -0.172174
v -0.044649 0.029688 -0.174502
v -0.067562 0.046015 -0.140199
v -0.068602 0.033654 -0.138011
v -0.064718 0.033835 -0.143647
v -0.066040 0.037405 -0.141655
v -0.042426 0.051247 -0.176830
v -0.041616 0.048562 -0.178184
v -0.037049 0.024824 -0.189458
v -0.039469 0.024914 -0.185518
v -0.021892 0.017501 -0.163684
v -0.023593 0.017698 -0.160693
v -0.018811 0.017836 -0.162139
v -0.077651 0.015926 -0.128937
v -0.044201 0.037215 -0.174209
v -0.042056 0.037065 -0.177867
v -0.042839 0.040516 -0.176626
v -0.080205 0.016470 -0.125399
v -0.037381 0.027796 -0.187998
v -0.034613 0.027873 -0.192133
v -0.036087 0.031791 -0.188613
v -0.045697 0.016885 -0.177290
v -0.046289 0.015507 -0.176375
v -0.055685 0.025147 -0.159932
v -0.069118 0.041420 -0.137447
v -0.051001 0.016418 -0.143129
v -0.075619 0.016013 -0.131845
v -0.057542 0.031732 -0.155416
v -0.063392 0.027220 -0.146709
v -0.052157 0.016888 -0.135742
v -0.047143 0.016411 -0.175300
v -0.074198 0.016005 -0.134171
v -0.076800 0.016648 -0.130269
v -0.078244 0.017870 -0.128103
v -0.048560 0.016994 -0.134634
v -0.072736 0.015882 -0.136532
v -0.039130 0.015544 -0.186901
v -0.038658 0.030730 -0.184941
v -0.074867 0.016689 -0.133147
v -0.053492 0.016355 -0.143890
v -0.050882 0.016479 -0.145536
v -0.053977 0.016201 -0.147643
v -0.075832 0.018099 -0.131632
v -0.079862 0.019459 -0.125367
v -0.081448 0.020601 -0.122352
v -0.038356 0.046780 -0.182539
v -0.039782 0.043538 -0.181113
v -0.071871 0.017120 -0.137648
v -0.077567 0.057166 -0.124481
v -0.037303 0.034852 -0.185804
v -0.059653 0.015559 -0.145148
v -0.041512 0.028528 -0.180856
v -0.073852 0.017588 -0.134681
v -0.057876 0.016598 -0.158668
v -0.068852 0.015617 -0.142431
v -0.040508 0.052946 -0.179264
v -0.042679 0.055267 -0.176601
v -0.061263 0.016753 -0.128926
v -0.034588 0.036326 -0.189638
v -0.045754 0.019539 -0.176378
v -0.046374 0.022499 -0.174035
v -0.048355 0.020244 -0.172088
v -0.078346 0.020001 -0.127387
v -0.078812 0.021906 -0.125898
v -0.048520 0.061289 -0.169644
v -0.062326 0.015822 -0.151675
v -0.067015 0.018000 -0.144759
v -0.031617 0.016786 -0.133255
v -0.036863 0.039246 -0.185505
v -0.015551 0.016930 -0.146980
v -0.018711 0.017077 -0.145593
v -0.050830 0.052117 -0.165246
v -0.043473 0.028140 -0.177342
v -0.055163 0.042602 -0.157208
v -0.074782 0.020586 -0.132661
v -0.076997 0.020421 -0.129382
v -0.078684 0.025341 -0.124606
v -0.064825 0.018933 -0.147595
v -0.060087 0.015745 -0.155103
v -0.060973 0.016851 -0.153586
v -0.050368 0.018195 -0.169769
v -0.050186 0.021633 -0.168659
v -0.069307 0.016947 -0.141529
v -0.068496 0.017279 -0.142691
v -0.039816 0.034690 -0.181915
v -0.063265 0.016536 -0.132809
v -0.046703 0.024466 -0.172545
v -0.048090 0.023440 -0.170847
v -0.042777 0.032221 -0.177546
v -0.076187 0.023755 -0.129413
v -0.039716 0.055504 -0.180945
v -0.066321 0.016572 -0.125396
v -0.062996 0.018894 -0.150088
v -0.078520 0.037697 -0.123634
v -0.079835 0.034852 -0.121626
v -0.057986 0.016927 -0.130790
v -0.064188 0.016574 -0.128969
v -0.062123 0.017600 -0.151615
v -0.055666 0.015533 -0.162159
v -0.081533 0.056469 -0.118234
v -0.061172 0.019772 -0.152535
v -0.034294 0.054529 -0.189507
v -0.033373 0.050474 -0.190082
v -0.063279 0.022207 -0.148555
v -0.040929 0.040766 -0.179570
v -0.039406 0.040120 -0.181731
v -0.047316 0.026164 -0.170867
v -0.049461 0.025433 -0.168000
v -0.079896 0.029036 -0.121734
v -0.048136 0.029427 -0.168579
v -0.047787 0.032178 -0.168618
v -0.049918 0.031740 -0.165670
v -0.038523 0.058153 -0.183847
v -0.041611 0.059619 -0.179193
v -0.045158 0.064032 -0.174818
v -0.048428 0.017281 -0.173163
v -0.036554 0.057114 -0.186790
v -0.071532 0.047205 -0.134418
v -0.074297 0.050681 -0.129939
v -0.051767 0.034355 -0.162848
v -0.073524 0.071001 -0.132210
v -0.075037 0.046663 -0.128852
v -0.072442 0.025345 -0.134097
v -0.073634 0.023284 -0.133274
v -0.051046 0.028069 -0.165077
v -0.069545 0.037439 -0.136621
v -0.055766 0.015613 -0.150648
v -0.071918 0.035647 -0.133224
v -0.077024 0.031989 -0.125985
v -0.049522 0.050403 -0.167267
v -0.046881 0.016679 -0.152564
v -0.072367 0.027891 -0.133565
v -0.072378 0.029919 -0.133175
v -0.070279 0.026068 -0.136701
v -0.057258 0.027098 -0.157019
v -0.039679 0.049758 -0.180398
v -0.037221 0.059244 -0.186202
v -0.038805 0.062878 -0.184692
v -0.058171 0.016008 -0.143488
v -0.048836 0.065698 -0.169305
v -0.044856 0.052929 -0.173853
v -0.052720 0.015669 -0.153749
v -0.075033 0.072245 -0.129881
v -0.037225 0.017016 -0.165316
v -0.043209 0.015525 -0.173329
v -0.038580 0.017058 -0.159949
v -0.039566 0.016609 -0.167395
v -0.042196 0.017018 -0.155368
v -0.040834 0.016738 -0.162577
v -0.042787 0.016324 -0.164293
v -0.043393 0.016788 -0.157685
v -0.044813 0.016386 -0.160336
v -0.051936 0.017022 -0.167691
v -0.053406 0.016601 -0.165653
v -0.050381 0.016227 -0.152368
v -0.047928 0.016316 -0.155867
v -0.049050 0.015647 -0.159119
v -0.048180 0.015976 -0.174034
v -0.045886 0.015897 -0.162994
v -0.043847 0.015710 -0.168017
v -0.049834 0.016231 -0.171297
v -0.050896 0.016030 -0.169401
v -0.054792 0.016019 -0.163634
v -0.024644 0.017344 -0.172275
v -0.041980 0.063393 -0.179631
v 0.072891 0.017337 -0.121604
v 0.077315 0.017723 -0.122303
v 0.082212 0.017791 -0.120124
v 0.085913 0.017906 -0.125278
v 0.080307 0.018013 -0.127577
v 0.105136 0.018030 -0.121590
v 0.073692 0.017945 -0.128776
v 0.067767 0.017862 -0.132250
v 0.068352 0.017538 -0.126721
v 0.089721 0.017708 -0.121972
v 0.093962 0.017857 -0.122502
v 0.091117 0.017937 -0.126197
v 0.043805 0.017534 -0.147737
v 0.043375 0.017476 -0.145311
v 0.046492 0.017334 -0.146348
v 0.050493 0.017492 -0.139338
v 0.050042 0.017435 -0.141674
v 0.046346 0.017441 -0.141591
v 0.059852 0.017035 -0.121869
v 0.055394 0.016774 -0.122001
v 0.063583 0.016945 -0.119410
v 0.077297 0.018208 -0.133884
v 0.034364 0.017139 -0.130445
v 0.032115 0.016875 -0.125965
v 0.036444 0.016991 -0.127720
v 0.057522 0.017126 -0.125739
v 0.053561 0.016858 -0.125713
v 0.099472 0.018021 -0.121565
v 0.068549 0.017048 -0.121258
v 0.064305 0.017258 -0.124181
v 0.065907 0.016998 -0.120661
v 0.046334 0.016981 -0.132559
v 0.048774 0.017358 -0.136704
v 0.043064 0.017277 -0.137282
v 0.062536 0.017772 -0.131066
v 0.060804 0.017365 -0.126438
v 0.053732 0.017559 -0.135848
v 0.051072 0.017214 -0.132940
v 0.086681 0.017645 -0.119295
v 0.064010 0.018046 -0.137833
v 0.041482 0.016436 -0.118378
v 0.006607 0.016474 -0.118324
v 0.000490 0.016535 -0.118259
v -0.004142 0.016378 -0.119082
v -0.002202 0.016387 -0.124838
v -0.007250 0.016371 -0.121872
v -0.011663 0.016441 -0.124138
v -0.016575 0.016400 -0.120712
v -0.011755 0.016386 -0.118973
v 0.028237 0.017021 -0.130672
v 0.030722 0.017055 -0.134335
v 0.036361 0.017171 -0.134465
v 0.042554 0.017736 -0.150084
v 0.040821 0.017620 -0.147436
v 0.032716 0.016966 -0.138588
v 0.042666 0.017961 -0.153835
v 0.039814 0.017826 -0.150882
v 0.037470 0.018011 -0.154307
v 0.019093 0.016528 -0.122506
v 0.022927 0.016590 -0.122096
v 0.021871 0.016751 -0.125202
v 0.040361 0.017450 -0.142995
v 0.035817 0.017630 -0.148764
v 0.028438 0.016819 -0.137665
v 0.012544 0.016453 -0.118821
v 0.017766 0.016597 -0.127458
v 0.037913 0.017198 -0.138424
v 0.034911 0.017225 -0.142854
v 0.014813 0.016459 -0.122993
v 0.025531 0.016898 -0.135702
v 0.038412 0.016736 -0.123761
v 0.043025 0.016831 -0.125910
v 0.040439 0.017097 -0.130207
v 0.014349 0.017608 -0.160547
v 0.018496 0.017733 -0.161780
v 0.015745 0.017864 -0.164934
v 0.030331 0.016903 -0.143039
v 0.028341 0.016716 -0.140253
v 0.008606 0.016464 -0.121443
v 0.010084 0.016498 -0.124090
v 0.031646 0.017232 -0.146820
v 0.023142 0.016615 -0.140051
v 0.034060 0.017795 -0.153315
v 0.032542 0.017582 -0.151307
v 0.000120 0.016560 -0.135380
v -0.003473 0.016501 -0.134486
v -0.001893 0.016392 -0.130730
v 0.032515 0.017387 -0.149161
v 0.012448 0.016627 -0.128180
v 0.005966 0.016439 -0.124609
v 0.065481 0.021288 -0.168496
v 0.067054 0.020529 -0.167490
v 0.067624 0.022930 -0.167195
v 0.096658 0.018045 -0.127274
v 0.030673 0.017648 -0.155725
v 0.101494 0.018029 -0.135309
v 0.101574 0.018136 -0.131999
v 0.105336 0.018104 -0.131487
v 0.095575 0.024945 -0.147613
v 0.093711 0.027791 -0.148300
v 0.091631 0.024643 -0.150740
v 0.079128 0.017885 -0.156999
v 0.078126 0.017893 -0.158256
v 0.076439 0.017856 -0.155646
v 0.094606 0.018024 -0.140744
v 0.097263 0.017931 -0.141572
v 0.094569 0.017905 -0.144657
v 0.088587 0.018052 -0.130022
v 0.092388 0.018173 -0.129984
v 0.094140 0.022825 -0.149134
v 0.070069 0.020972 -0.165690
v 0.068329 0.019359 -0.166494
v 0.068601 0.017864 -0.161719
v 0.066739 0.017875 -0.162735
v 0.067317 0.017909 -0.158836
v 0.086259 0.018957 -0.154447
v 0.083902 0.018495 -0.155933
v 0.085311 0.018020 -0.154536
v 0.063987 0.018138 -0.155213
v 0.066889 0.018111 -0.153533
v 0.078832 0.017903 -0.152289
v 0.075936 0.018098 -0.149092
v 0.080393 0.017999 -0.147704
v 0.063497 0.018247 -0.150929
v 0.098605 0.018224 -0.133551
v 0.096074 0.018252 -0.136617
v 0.095233 0.018350 -0.132500
v 0.067274 0.018163 -0.148392
v 0.076653 0.017931 -0.158746
v 0.077541 0.018009 -0.159525
v 0.076424 0.018004 -0.159897
v 0.072464 0.017912 -0.151544
v 0.071786 0.018156 -0.146456
v 0.092201 0.017861 -0.150136
v 0.090602 0.017749 -0.150417
v 0.090945 0.017731 -0.149222
v 0.059524 0.018111 -0.150899
v 0.061806 0.018190 -0.153233
v 0.107424 0.020299 -0.140741
v 0.109138 0.021513 -0.139658
v 0.106262 0.021796 -0.141547
v 0.075033 0.018493 -0.161562
v 0.074373 0.018116 -0.160921
v 0.075008 0.018035 -0.160746
v 0.002472 0.016452 -0.123437
v 0.077951 0.018076 -0.138305
v 0.075412 0.018152 -0.140484
v 0.074944 0.018145 -0.137383
v 0.062657 0.018192 -0.144934
v 0.104745 0.031276 -0.140338
v 0.098979 0.030751 -0.143971
v 0.100887 0.027855 -0.143499
v 0.080985 0.018086 -0.132588
v 0.089042 0.017743 -0.149835
v 0.069267 0.017959 -0.152208
v 0.066054 0.018877 -0.167804
v 0.064746 0.019689 -0.168715
v 0.064647 0.018922 -0.168564
v 0.072114 0.019860 -0.164056
v 0.073447 0.021793 -0.163355
v 0.091191 0.018302 -0.132954
v 0.083765 0.021768 -0.156359
v 0.086095 0.022680 -0.154809
v 0.082991 0.023710 -0.156718
v 0.067390 0.018461 -0.166852
v 0.066467 0.018041 -0.166975
v 0.067340 0.017913 -0.166193
v 0.080557 0.017867 -0.155225
v 0.099427 0.017934 -0.144457
v 0.098245 0.018222 -0.145830
v 0.097136 0.018001 -0.145414
v 0.074197 0.019716 -0.162606
v 0.108915 0.028268 -0.138416
v 0.089951 0.017702 -0.146750
v 0.085471 0.017754 -0.148134
v 0.086100 0.017788 -0.142782
v 0.096771 0.022451 -0.147103
v 0.063254 0.017937 -0.159965
v 0.107040 0.017753 -0.138072
v 0.104692 0.017782 -0.140179
v 0.104237 0.017732 -0.138259
v 0.066882 0.018238 -0.141472
v 0.065782 0.018218 -0.144537
v 0.071085 0.017847 -0.156039
v 0.071110 0.017920 -0.161006
v 0.063976 0.017840 -0.163952
v 0.063584 0.017780 -0.166647
v 0.060667 0.017730 -0.163560
v 0.074594 0.017909 -0.159578
v 0.073270 0.017977 -0.161216
v 0.087592 0.018029 -0.137645
v 0.082258 0.017969 -0.137589
v 0.084861 0.018017 -0.131950
v 0.097066 0.020275 -0.146950
v 0.099553 0.021394 -0.145186
v 0.083026 0.017913 -0.156201
v 0.081963 0.017778 -0.156221
v 0.083141 0.017694 -0.155157
v 0.016664 0.016927 -0.145108
v 0.012009 0.016939 -0.149643
v 0.011182 0.017016 -0.146627
v 0.092827 0.018373 -0.135405
v 0.030003 0.017379 -0.150570
v 0.104474 0.018868 -0.142179
v 0.103314 0.018558 -0.142761
v 0.103518 0.017977 -0.141966
v 0.086946 0.017879 -0.152793
v 0.085435 0.017827 -0.153225
v 0.086660 0.017826 -0.151419
v 0.083191 0.017790 -0.152245
v 0.106250 0.017804 -0.139911
v 0.105399 0.018104 -0.141146
v 0.087411 0.020657 -0.153992
v 0.089956 0.019398 -0.152246
v 0.090947 0.020792 -0.151723
v 0.097871 0.018027 -0.138975
v 0.063938 0.018710 -0.169003
v 0.063034 0.018933 -0.169611
v 0.065835 0.017871 -0.165753
v 0.075951 0.017947 -0.152250
v 0.079847 0.017923 -0.142045
v 0.075962 0.018159 -0.144854
v 0.063119 0.017820 -0.168695
v 0.062032 0.017685 -0.169628
v 0.105551 0.026682 -0.141079
v 0.108759 0.026017 -0.139209
v 0.026953 0.016998 -0.133420
v 0.073841 0.018156 -0.161710
v 0.034337 0.017966 -0.156757
v 0.068270 0.018207 -0.144581
v 0.071571 0.018253 -0.141652
v 0.093880 0.018717 -0.149582
v 0.094050 0.020608 -0.149452
v 0.092039 0.019238 -0.150924
v 0.108162 0.018123 -0.139263
v 0.106954 0.018222 -0.140350
v 0.107229 0.017859 -0.139373
v 0.088271 0.018118 -0.133648
v 0.103276 0.017791 -0.136932
v 0.100614 0.017823 -0.139398
v 0.101195 0.018489 -0.144038
v 0.100877 0.019716 -0.144415
v 0.099776 0.018665 -0.144992
v 0.079808 0.019272 -0.158599
v 0.079646 0.018185 -0.158187
v 0.080909 0.018536 -0.157799
v 0.078313 0.018545 -0.159406
v 0.092081 0.018222 -0.138267
v 0.090247 0.018260 -0.135897
v 0.102540 0.025676 -0.142992
v 0.058849 0.017515 -0.129300
v 0.057968 0.017680 -0.132717
v 0.075927 0.019505 -0.161291
v 0.099146 0.023710 -0.145305
v 0.108184 0.023992 -0.140049
v 0.070209 0.019012 -0.165171
v 0.097476 0.024094 -0.146397
v 0.088380 0.018991 -0.153159
v 0.089451 0.018388 -0.152280
v 0.075721 0.018030 -0.160561
v 0.068692 0.018248 -0.165659
v 0.067563 0.017916 -0.164960
v 0.104457 0.023852 -0.142348
v 0.109405 0.018684 -0.138864
v 0.109087 0.017905 -0.138390
v 0.101513 0.023520 -0.143946
v 0.103177 0.021395 -0.143286
v 0.109734 0.017788 -0.136539
v 0.100448 0.025295 -0.144282
v 0.098472 0.025690 -0.145409
v 0.082243 0.018298 -0.156937
v 0.073170 0.018165 -0.138946
v 0.070779 0.018112 -0.136585
v 0.108053 0.018367 -0.127670
v 0.102554 0.018131 -0.128336
v 0.061159 0.017529 -0.167595
v 0.102157 0.017841 -0.141147
v 0.102186 0.017961 -0.142364
v 0.102954 0.019329 -0.143206
v 0.069218 0.017958 -0.163827
v 0.033367 0.017860 -0.160212
v 0.030312 0.017548 -0.160726
v 0.098554 0.019365 -0.145819
v 0.080872 0.017900 -0.157019
v 0.089843 0.017818 -0.150783
v 0.088928 0.017845 -0.151562
v -0.007304 0.016774 -0.146446
v -0.004247 0.016843 -0.148833
v -0.008694 0.016720 -0.147737
v 0.072567 0.018190 -0.162386
v 0.053180 0.017535 -0.141461
v 0.049711 0.017314 -0.144372
v 0.071611 0.018476 -0.163695
v 0.071542 0.018086 -0.162722
v 0.070447 0.018157 -0.164312
v 0.069726 0.018198 -0.164913
v 0.073715 0.018573 -0.162419
v 0.072871 0.018882 -0.163163
v 0.087770 0.017911 -0.152175
v 0.084330 0.017775 -0.155112
v 0.049530 0.016725 -0.125267
v 0.047403 0.016664 -0.121008
v 0.051891 0.016727 -0.122384
v 0.070802 0.018027 -0.163271
v 0.070916 0.023241 -0.165088
v 0.010285 0.016951 -0.132341
v 0.007582 0.016661 -0.128935
v 0.103340 0.038469 -0.140268
v 0.098170 0.038123 -0.143313
v 0.104666 0.035700 -0.139576
v 0.064412 0.018202 -0.168261
v 0.076736 0.018647 -0.160544
v 0.077830 0.019673 -0.159972
v 0.076193 0.020796 -0.161280
v 0.099121 0.018167 -0.130767
v 0.083127 0.017840 -0.144813
v 0.107215 0.017756 -0.135130
v 0.065291 0.017936 -0.167313
v 0.026443 0.017093 -0.147577
v 0.026326 0.016698 -0.143003
v 0.097092 0.019236 -0.146869
v 0.097040 0.028172 -0.145833
v 0.090786 0.017911 -0.142286
v 0.002676 0.016495 -0.129300
v 0.088457 0.018040 -0.152622
v -0.016590 0.016560 -0.126096
v 0.098835 0.017937 -0.142933
v 0.082784 0.017833 -0.141959
v 0.100462 0.018042 -0.125833
v 0.095655 0.019022 -0.148114
v 0.097087 0.018582 -0.146850
v 0.084013 0.020096 -0.156099
v 0.087486 0.018204 -0.153366
v 0.087674 0.017957 -0.152715
v 0.084330 0.017761 -0.154126
v 0.108915 0.017746 -0.137544
v 0.108621 0.017705 -0.136407
v 0.109331 0.019926 -0.139359
v 0.107925 0.019105 -0.140098
v 0.102634 0.018093 -0.124613
v 0.000605 0.016927 -0.150969
v -0.000380 0.016948 -0.147258
v 0.006055 0.016925 -0.147378
v 0.081868 0.019296 -0.157339
v 0.023427 0.016913 -0.128586
v 0.019336 0.016814 -0.130884
v 0.022711 0.016789 -0.144697
v 0.005234 0.016787 -0.131744
v 0.017926 0.016764 -0.140123
v 0.016467 0.016872 -0.137983
v 0.019144 0.016802 -0.136985
v 0.079911 0.020849 -0.158713
v 0.090669 0.018097 -0.151372
v 0.092881 0.017743 -0.148238
v 0.092092 0.022185 -0.150808
v 0.086402 0.017969 -0.153752
v 0.105068 0.020112 -0.142144
v 0.061005 0.018040 -0.155471
v 0.010126 0.017112 -0.137434
v 0.015755 0.016844 -0.133793
v 0.061141 0.018880 -0.170967
v 0.095033 0.017901 -0.147274
v 0.095963 0.018142 -0.147613
v 0.094706 0.018087 -0.148609
v 0.063353 0.020674 -0.169771
v 0.094021 0.017847 -0.148448
v 0.096723 0.018084 -0.146616
v 0.089241 0.022527 -0.152813
v 0.064649 0.022571 -0.169030
v 0.093438 0.017833 -0.149286
v 0.102406 0.018245 -0.143077
v 0.010997 0.017527 -0.163098
v 0.086592 0.025169 -0.154154
v 0.097728 0.034563 -0.143991
v 0.105935 0.018321 -0.125319
v 0.049124 0.017294 -0.147975
v 0.046225 0.017533 -0.150298
v 0.025795 0.017360 -0.159246
v 0.106208 0.019148 -0.141227
v 0.022447 0.016942 -0.133347
v 0.021209 0.017024 -0.148044
v 0.094723 0.031265 -0.146599
v 0.109678 0.033748 -0.136547
v 0.100974 0.017972 -0.143098
v -0.007023 0.016406 -0.128906
v 0.108239 0.017875 -0.138383
v 0.003954 0.016785 -0.134413
v 0.007228 0.016984 -0.133543
v -0.015932 0.016844 -0.130336
v -0.012218 0.016604 -0.128212
v 0.107690 0.017882 -0.138803
v 0.090471 0.034484 -0.148704
v 0.026392 0.017359 -0.153175
v 0.028601 0.017366 -0.163816
v 0.035834 0.016605 -0.117969
v 0.032911 0.017633 -0.165319
v 0.030966 0.017462 -0.167749
v 0.027532 0.016903 -0.127734
v 0.026151 0.016727 -0.124533
v 0.022103 0.017175 -0.151705
v 0.020334 0.017972 -0.165837
v 0.023717 0.017898 -0.167678
v 0.021415 0.018315 -0.171299
v -0.001383 0.016826 -0.139559
v 0.002903 0.017069 -0.139582
v -0.004814 0.016906 -0.141809
v -0.004623 0.016725 -0.138230
v 0.014318 0.016998 -0.140033
v 0.024681 0.017521 -0.164168
v -0.001929 0.016626 -0.137050
v 0.006164 0.017080 -0.137321
v 0.006460 0.017196 -0.141636
v -0.011278 0.016748 -0.131952
v 0.022065 0.017572 -0.161680
v 0.102266 0.044409 -0.141097
v 0.104545 0.041096 -0.139597
v 0.105437 0.043329 -0.139157
v 0.022516 0.017313 -0.155546
v 0.021277 0.017462 -0.158674
v 0.108567 0.038933 -0.136894
v 0.019374 0.017394 -0.156573
v 0.018958 0.017228 -0.154007
v 0.107007 0.052067 -0.138636
v 0.027541 0.017521 -0.167467
v 0.094212 0.043660 -0.145365
v 0.092477 0.047615 -0.146294
v 0.089530 0.046242 -0.147896
v 0.103592 0.065669 -0.140354
v 0.105422 0.067107 -0.138747
v 0.103251 0.069191 -0.140686
v 0.102244 0.051088 -0.141574
v 0.098648 0.047907 -0.143263
v 0.103805 0.062155 -0.140256
v 0.101872 0.066684 -0.141691
v 0.052645 0.017360 -0.146944
v 0.104996 0.057663 -0.139738
v 0.102058 0.061178 -0.141611
v 0.103270 0.055727 -0.141050
v 0.057308 0.017742 -0.144711
v 0.060288 0.017946 -0.141202
v 0.106967 0.060194 -0.137910
v 0.108692 0.055896 -0.137177
v 0.100046 0.058423 -0.142948
v 0.096325 0.059366 -0.144810
v 0.097839 0.053539 -0.144033
v 0.108461 0.042658 -0.137206
v 0.087178 0.043644 -0.149540
v 0.091770 0.039116 -0.147065
v 0.091175 0.042637 -0.147106
v -0.015852 0.017039 -0.134141
v 0.097841 0.063914 -0.143961
v 0.095354 0.064865 -0.145126
v 0.016493 0.017331 -0.155669
v 0.017441 0.017059 -0.150312
v -0.007462 0.016649 -0.134851
v 0.095761 0.046308 -0.144603
v 0.010900 0.017103 -0.143226
v 0.098115 0.044277 -0.143329
v 0.109861 0.065601 -0.134725
v 0.094865 0.040611 -0.145094
v 0.105135 0.063510 -0.139110
v 0.107519 0.064134 -0.136937
v 0.106307 0.046562 -0.138903
v 0.099844 0.065387 -0.142924
v 0.108244 0.067640 -0.135936
v 0.022470 0.016820 -0.136396
v 0.025357 0.016597 -0.119690
v 0.050542 0.016908 -0.129296
v -0.011653 0.016789 -0.136132
v 0.094438 0.050154 -0.145408
v 0.017163 0.017588 -0.158394
v 0.012304 0.017285 -0.156854
v -0.008261 0.016757 -0.138934
v 0.013761 0.017097 -0.153471
v 0.099282 0.041004 -0.142622
v -0.012120 0.016723 -0.139170
v -0.009736 0.016672 -0.143327
v 0.093152 0.060354 -0.146383
v 0.025759 0.017980 -0.170332
v 0.002313 0.017007 -0.145823
v -0.000374 0.017034 -0.143656
v 0.003407 0.017146 -0.143636
v -0.014703 0.016881 -0.137128
v 0.010471 0.017386 -0.159529
v 0.007246 0.017303 -0.157088
v 0.092595 0.065173 -0.146656
v -0.004701 0.016937 -0.145537
v 0.093593 0.055427 -0.146087
v 0.007399 0.017063 -0.153015
v 0.015972 0.018224 -0.170280
v 0.017006 0.018472 -0.175489
v 0.055101 0.017325 -0.130370
v 0.001950 0.017178 -0.156058
v 0.058464 0.017803 -0.137748
v 0.057620 0.016851 -0.171039
v 0.058125 0.016724 -0.171795
v 0.057346 0.016722 -0.171869
v 0.048116 0.016816 -0.178794
v 0.047614 0.016644 -0.177697
v 0.048762 0.016559 -0.177821
v 0.031068 0.017722 -0.175143
v 0.029375 0.017741 -0.172126
v 0.033204 0.017570 -0.172246
v 0.036943 0.018638 -0.187553
v 0.039281 0.018870 -0.186117
v 0.037042 0.019905 -0.188120
v 0.050415 0.019582 -0.178570
v 0.049323 0.021824 -0.179682
v 0.048291 0.019929 -0.179932
v 0.058978 0.017781 -0.158689
v 0.043074 0.016872 -0.178303
v 0.041883 0.016671 -0.180977
v 0.039662 0.017071 -0.178764
v 0.048141 0.017483 -0.167478
v 0.042279 0.017569 -0.168059
v 0.044911 0.017608 -0.163698
v 0.060935 0.017278 -0.170409
v 0.059572 0.017189 -0.171477
v 0.059807 0.016945 -0.170277
v 0.047320 0.017163 -0.179641
v 0.048075 0.018180 -0.179569
v 0.052708 0.016627 -0.174841
v 0.052603 0.016793 -0.173123
v 0.053774 0.016664 -0.174435
v 0.040821 0.016542 -0.183279
v 0.039156 0.016541 -0.183829
v 0.040757 0.016611 -0.182479
v 0.035860 0.017324 -0.178757
v 0.038372 0.017427 -0.176176
v 0.059226 0.016906 -0.170465
v 0.058698 0.016794 -0.170865
v 0.060928 0.017309 -0.169111
v 0.037620 0.016783 -0.181993
v 0.056941 0.016719 -0.172684
v 0.055743 0.016650 -0.172509
v 0.056752 0.016781 -0.171834
v 0.057473 0.017464 -0.166257
v 0.059528 0.017352 -0.168337
v 0.052798 0.021003 -0.177752
v 0.056639 0.017476 -0.173692
v 0.055813 0.016729 -0.173698
v 0.041826 0.017218 -0.175668
v 0.059692 0.019956 -0.172429
v 0.057704 0.020243 -0.174268
v 0.058414 0.018548 -0.172951
v 0.058243 0.017051 -0.169806
v 0.060049 0.017182 -0.169515
v 0.047134 0.016632 -0.179095
v 0.050493 0.016743 -0.176998
v 0.051705 0.016938 -0.176472
v 0.051777 0.018128 -0.177215
v 0.059631 0.021097 -0.172755
v 0.055750 0.021648 -0.176121
v 0.053110 0.023080 -0.177795
v 0.029694 0.017559 -0.169599
v 0.057488 0.017271 -0.168256
v 0.045261 0.016647 -0.179205
v 0.043837 0.016639 -0.180301
v 0.049707 0.017388 -0.178230
v 0.045970 0.017736 -0.156901
v 0.048752 0.017681 -0.155136
v 0.050398 0.017684 -0.157844
v 0.053857 0.018822 -0.176349
v 0.052734 0.019588 -0.177362
v 0.031640 0.017552 -0.170478
v 0.054281 0.017160 -0.169189
v 0.053018 0.017532 -0.165357
v 0.054228 0.020295 -0.176755
v 0.055889 0.018538 -0.174907
v 0.024882 0.018221 -0.173620
v 0.055243 0.017644 -0.161604
v 0.056092 0.016890 -0.171104
v 0.035939 0.017926 -0.163702
v 0.036654 0.017684 -0.168878
v 0.057997 0.017341 -0.172602
v 0.058509 0.022061 -0.173938
v 0.036884 0.016536 -0.184801
v 0.035596 0.016401 -0.186187
v 0.034250 0.016583 -0.185114
v 0.058383 0.017875 -0.154855
v 0.046763 0.017610 -0.160405
v 0.043210 0.017720 -0.160477
v 0.055086 0.017225 -0.174518
v 0.054659 0.016550 -0.173711
v 0.037777 0.017351 -0.186317
v 0.038911 0.017855 -0.185845
v 0.039693 0.020359 -0.186362
v 0.045404 0.016858 -0.180644
v 0.044756 0.016622 -0.180343
v 0.046238 0.016835 -0.175963
v 0.037097 0.018069 -0.159649
v 0.055611 0.019887 -0.175770
v 0.036726 0.016762 -0.186424
v 0.038097 0.016542 -0.185285
v 0.029376 0.017477 -0.180069
v 0.026174 0.017704 -0.180231
v 0.028536 0.017829 -0.177714
v 0.039262 0.016930 -0.185064
v 0.040620 0.017555 -0.184577
v 0.054501 0.016820 -0.172214
v 0.039648 0.017493 -0.172629
v 0.053828 0.017458 -0.175532
v 0.040407 0.016699 -0.184043
v 0.041394 0.016876 -0.183522
v 0.049529 0.016664 -0.177527
v 0.044488 0.017284 -0.171692
v -0.004680 0.016795 -0.151773
v 0.052797 0.017676 -0.176354
v 0.052405 0.016844 -0.175850
v 0.039869 0.017927 -0.163559
v 0.033464 0.017568 -0.169089
v 0.046445 0.019144 -0.180897
v 0.046876 0.020679 -0.181007
v 0.035415 0.017579 -0.174911
v 0.050660 0.016736 -0.175181
v 0.046939 0.017675 -0.153584
v 0.044461 0.017917 -0.181899
v 0.042024 0.018992 -0.184160
v 0.042394 0.017412 -0.183166
v 0.032082 0.017556 -0.178188
v 0.032657 0.017035 -0.181787
v 0.046368 0.016723 -0.179611
v 0.046663 0.016633 -0.178330
v 0.044524 0.020249 -0.182571
v 0.042085 0.021066 -0.184577
v 0.040217 0.021880 -0.186162
v 0.053867 0.016711 -0.173361
v 0.048882 0.016622 -0.176735
v 0.049821 0.017618 -0.162672
v 0.046360 0.017682 -0.180445
v 0.045280 0.023196 -0.182391
v 0.044409 0.024490 -0.182936
v 0.044013 0.022325 -0.183112
v 0.049358 0.017135 -0.171854
v 0.047318 0.016564 -0.178458
v 0.055198 0.017747 -0.155552
v 0.039733 0.018041 -0.157206
v 0.043216 0.016728 -0.181978
v 0.042123 0.016552 -0.182007
v 0.030684 0.016630 -0.185218
v 0.040273 0.017965 -0.159721
v 0.057029 0.017837 -0.153101
v 0.042172 0.017927 -0.157711
v 0.044386 0.016802 -0.181271
v 0.043442 0.016599 -0.181126
v 0.055410 0.017681 -0.150586
v 0.050788 0.017537 -0.152325
v 0.028064 0.017021 -0.183279
v 0.035560 0.019304 -0.188824
v 0.034127 0.017043 -0.188265
v 0.035387 0.017032 -0.187571
v 0.034651 0.018299 -0.188919
v 0.046253 0.022081 -0.181652
v 0.042573 0.017134 -0.133792
v 0.042013 0.016670 -0.182781
v 0.042009 0.022959 -0.184768
v 0.037134 0.021901 -0.188394
v 0.039792 0.023536 -0.186467
v 0.034503 0.016461 -0.186938
v 0.033602 0.016480 -0.187583
v 0.033653 0.016479 -0.186696
v 0.028102 0.017709 -0.169809
v 0.027463 0.018036 -0.175339
v 0.032238 0.016525 -0.187305
v 0.036344 0.017666 -0.187382
v 0.023844 0.018196 -0.177665
v 0.033904 0.020056 -0.190113
v 0.046254 0.016792 -0.128138
v 0.046016 0.016719 -0.124693
v 0.077047 0.022859 -0.160703
v 0.063554 0.025735 -0.169426
v 0.061777 0.023860 -0.171048
v 0.063593 0.023747 -0.169678
v 0.029930 0.016563 -0.187601
v 0.030329 0.016657 -0.189210
v 0.054577 0.024359 -0.176840
v 0.055580 0.023331 -0.176286
v 0.031931 0.016873 -0.189091
v 0.069733 0.051263 -0.160958
v 0.066400 0.054457 -0.163491
v 0.064746 0.051084 -0.164152
v 0.030989 0.016986 -0.189854
v 0.084654 0.048775 -0.151025
v 0.080404 0.048923 -0.153993
v 0.082074 0.045158 -0.153009
v 0.047900 0.032373 -0.178780
v 0.043580 0.035680 -0.180444
v 0.043195 0.032000 -0.181891
v 0.031547 0.017521 -0.190187
v 0.029950 0.017171 -0.190767
v 0.033051 0.016795 -0.188386
v 0.032993 0.017520 -0.189337
v 0.056142 0.045947 -0.169889
v 0.051501 0.044931 -0.173317
v 0.053866 0.042802 -0.171754
v 0.032489 0.018505 -0.190348
v 0.031112 0.019207 -0.191371
v 0.030920 0.018138 -0.191008
v 0.035051 0.023710 -0.189498
v 0.036032 0.025805 -0.188496
v 0.033250 0.025836 -0.189999
v 0.059152 0.043127 -0.167887
v 0.057036 0.040615 -0.169789
v 0.046265 0.026797 -0.181422
v 0.047477 0.025198 -0.180873
v 0.049546 0.026085 -0.179503
v 0.037891 0.039917 -0.182727
v 0.042583 0.042951 -0.179346
v 0.037537 0.042804 -0.182398
v 0.065538 0.030561 -0.166933
v 0.061169 0.027504 -0.170876
v 0.060630 0.022371 -0.172007
v 0.059695 0.023651 -0.172914
v 0.060974 0.025094 -0.171573
v 0.070340 0.028202 -0.164643
v 0.066907 0.026027 -0.167167
v 0.033288 0.021995 -0.190594
v 0.047074 0.046231 -0.176194
v 0.042527 0.047262 -0.178954
v 0.021185 0.018419 -0.175368
v 0.047134 0.039364 -0.177144
v 0.042291 0.039176 -0.180288
v 0.072484 0.048218 -0.159176
v 0.066480 0.047800 -0.162789
v 0.040329 0.017160 -0.134594
v 0.043399 0.016658 -0.123038
v 0.073561 0.025310 -0.163006
v 0.027862 0.016638 -0.186963
v 0.080633 0.037758 -0.155056
v 0.085211 0.039796 -0.151369
v 0.079262 0.042474 -0.155324
v 0.049050 0.042640 -0.175237
v 0.042901 0.050049 -0.178642
v 0.045077 0.049235 -0.177319
v 0.058023 0.027889 -0.173475
v 0.055718 0.030002 -0.174468
v 0.054636 0.026915 -0.176285
v 0.040194 0.025947 -0.185782
v 0.041701 0.024735 -0.184855
v 0.042988 0.026839 -0.183449
v 0.077298 0.035761 -0.158019
v 0.080805 0.032889 -0.156092
v 0.032387 0.023571 -0.190900
v 0.089623 0.027717 -0.151334
v 0.088062 0.031147 -0.151334
v 0.086276 0.028325 -0.153538
v 0.030971 0.020792 -0.191708
v 0.047099 0.023571 -0.181194
v 0.070847 0.032083 -0.163337
v 0.052506 0.025108 -0.178001
v 0.049890 0.024185 -0.179471
v 0.044373 0.053872 -0.177662
v 0.048039 0.049806 -0.175470
v 0.051447 0.052754 -0.173327
v 0.085202 0.055399 -0.151122
v 0.089033 0.052225 -0.148352
v 0.088195 0.057015 -0.149303
v 0.048761 0.028695 -0.179393
v 0.044784 0.029307 -0.181685
v 0.038643 0.032263 -0.184608
v 0.033910 0.031300 -0.187734
v 0.035433 0.028497 -0.187950
v 0.088927 0.066850 -0.149191
v 0.088361 0.063321 -0.149503
v 0.090377 0.065046 -0.148085
v 0.041110 0.029082 -0.184159
v 0.033106 0.035807 -0.186631
v 0.039228 0.036843 -0.182722
v 0.029645 0.016747 -0.121345
v 0.038240 0.027584 -0.186635
v 0.072018 0.055239 -0.159858
v 0.086629 0.059978 -0.150578
v 0.085364 0.064171 -0.151757
v 0.033424 0.016797 -0.121504
v 0.080383 0.022912 -0.158419
v 0.058287 0.051333 -0.168631
v 0.055636 0.049938 -0.170413
v 0.060411 0.049070 -0.166902
v 0.039157 0.050196 -0.180929
v 0.038667 0.045457 -0.181450
v 0.059125 0.060563 -0.168832
v 0.054048 0.057197 -0.171856
v 0.057057 0.054378 -0.169725
v 0.071858 0.040787 -0.160465
v 0.069681 0.043171 -0.161206
v 0.067340 0.040720 -0.163012
v 0.051660 0.027092 -0.178111
v 0.045452 0.060909 -0.177139
v 0.050066 0.058199 -0.174316
v 0.061225 0.020924 -0.171391
v 0.076939 0.046536 -0.156464
v 0.075902 0.051330 -0.157072
v 0.069487 0.038041 -0.162450
v 0.073079 0.036315 -0.160754
v 0.048750 0.035948 -0.177063
v 0.057542 0.023369 -0.174796
v 0.052138 0.029698 -0.177052
v 0.061724 0.040246 -0.166614
v 0.057783 0.030408 -0.172700
v 0.056574 0.024921 -0.175345
v 0.069837 0.025051 -0.165574
v 0.052857 0.033745 -0.175067
v 0.065212 0.043949 -0.163774
v 0.070246 0.045588 -0.160589
v 0.060109 0.031085 -0.170592
v 0.062287 0.033683 -0.168064
v 0.057951 0.036238 -0.170308
v 0.076208 0.039655 -0.157964
v 0.064960 0.036557 -0.165459
v 0.057113 0.032526 -0.172375
v 0.062601 0.022361 -0.170452
v 0.051584 0.047974 -0.173171
v 0.090011 0.060915 -0.148325
v 0.058982 0.025225 -0.173363
v 0.037888 0.024595 -0.187666
v 0.079099 0.025326 -0.158981
v 0.068108 0.058714 -0.162860
v 0.069502 0.063834 -0.162268
v 0.064624 0.061218 -0.165352
v 0.081414 0.053097 -0.153508
v 0.062326 0.057071 -0.166467
v 0.061312 0.052895 -0.166684
v 0.052467 0.039916 -0.173328
v 0.051827 0.037359 -0.174526
v 0.081860 0.028246 -0.156501
v 0.082531 0.025319 -0.156748
v 0.073559 0.046192 -0.158645
v 0.074202 0.043858 -0.158516
v 0.090666 0.057126 -0.147799
v 0.039883 0.043716 -0.180901
v 0.069099 0.034861 -0.163584
v 0.075807 0.030489 -0.160391
v 0.073839 0.060097 -0.159146
v 0.091563 0.030523 -0.149019
v 0.065184 0.024177 -0.168545
v 0.082827 0.058600 -0.153076
v 0.084343 0.030877 -0.154115
v 0.079794 0.063632 -0.155602
v 0.084752 0.034646 -0.152734
v 0.077629 0.056474 -0.156337
v 0.085027 0.052340 -0.150973
v 0.061367 0.045898 -0.166163
v 0.054039 0.061193 -0.172028
v 0.101665 0.089521 -0.141370
v 0.105564 0.090178 -0.139254
v 0.102308 0.092732 -0.141221
v 0.105713 0.085485 -0.139076
v 0.106972 0.083512 -0.138027
v 0.109358 0.087821 -0.136534
v 0.095555 0.070456 -0.159809
v 0.094234 0.070709 -0.160532
v 0.095379 0.072034 -0.160060
v 0.104657 0.080841 -0.139669
v 0.105183 0.083102 -0.139425
v 0.099876 0.087055 -0.142356
v 0.102781 0.086319 -0.140837
v 0.101343 0.121525 -0.142762
v 0.097644 0.121528 -0.145390
v 0.098683 0.120002 -0.144399
v 0.083685 0.124414 -0.155667
v 0.082747 0.123568 -0.156099
v 0.085148 0.123750 -0.154222
v 0.106685 0.074357 -0.137359
v 0.105768 0.078229 -0.138496
v 0.104593 0.072909 -0.139531
v 0.104865 0.085984 -0.154092
v 0.101985 0.086207 -0.156127
v 0.101397 0.088558 -0.156562
v 0.086107 0.121272 -0.153133
v 0.083630 0.122277 -0.155127
v 0.086558 0.118674 -0.152699
v 0.083507 0.119415 -0.154857
v 0.109043 0.098515 -0.151615
v 0.109144 0.093577 -0.151438
v 0.109811 0.101563 -0.136630
v 0.106728 0.101862 -0.139143
v 0.108527 0.097815 -0.137708
v 0.108050 0.105727 -0.138025
v 0.105399 0.105620 -0.140025
v 0.096362 0.059124 -0.159168
v 0.099055 0.061462 -0.157576
v 0.100361 0.058194 -0.156529
v 0.107576 0.077723 -0.136610
v 0.076858 0.120949 -0.159369
v 0.080841 0.122065 -0.157045
v 0.078308 0.123255 -0.159025
v 0.101460 0.095632 -0.142099
v 0.104984 0.095309 -0.140026
v 0.102363 0.071771 -0.155139
v 0.103048 0.072207 -0.154791
v 0.102676 0.071237 -0.155385
v 0.101395 0.099052 -0.142586
v 0.105267 0.099270 -0.140166
v 0.104459 0.074787 -0.153914
v 0.104115 0.073110 -0.154195
v 0.103281 0.073822 -0.154655
v 0.108354 0.072544 -0.135566
v 0.108785 0.075329 -0.135138
v 0.102834 0.081554 -0.140975
v 0.108130 0.081133 -0.136660
v 0.101639 0.112676 -0.142147
v 0.102462 0.115080 -0.141522
v 0.100699 0.116043 -0.142712
v 0.101040 0.083908 -0.156544
v 0.099752 0.085875 -0.157530
v 0.106973 0.074682 -0.152290
v 0.105232 0.072928 -0.153391
v 0.105589 0.075112 -0.153148
v 0.099103 0.083213 -0.143121
v 0.099176 0.076676 -0.143345
v 0.108605 0.074600 -0.151359
v 0.108262 0.076078 -0.151357
v 0.109234 0.075777 -0.150620
v 0.109082 0.056954 -0.150766
v 0.107057 0.052809 -0.151984
v 0.106159 0.057070 -0.152732
v 0.105113 0.078471 -0.153566
v 0.105089 0.076566 -0.153652
v 0.104178 0.077102 -0.154141
v 0.087335 0.124969 -0.153524
v 0.085967 0.124940 -0.154482
v 0.086816 0.124253 -0.153141
v 0.095508 0.119534 -0.146418
v 0.095232 0.121366 -0.146924
v 0.092426 0.121242 -0.148529
v 0.098517 0.094501 -0.143437
v 0.104211 0.114507 -0.140331
v 0.096008 0.089294 -0.144337
v 0.096130 0.092396 -0.144485
v 0.092603 0.091501 -0.146693
v 0.088526 0.122703 -0.151500
v 0.089267 0.119259 -0.150545
v 0.079834 0.118805 -0.157156
v 0.076912 0.117619 -0.158839
v 0.078987 0.115352 -0.157252
v 0.090686 0.124351 -0.150743
v 0.092052 0.124561 -0.150400
v 0.090758 0.124754 -0.151383
v 0.103507 0.102707 -0.141451
v 0.108493 0.070339 -0.151538
v 0.109198 0.070747 -0.150774
v 0.109479 0.069183 -0.151171
v 0.103407 0.077568 -0.140475
v 0.101880 0.073275 -0.141723
v 0.099919 0.071181 -0.142910
v 0.098949 0.091269 -0.142805
v 0.109257 0.084411 -0.136136
v 0.096973 0.086422 -0.143947
v 0.098974 0.089223 -0.142717
v 0.108907 0.070347 -0.135100
v 0.108244 0.067640 -0.135936
v 0.101860 0.071688 -0.155745
v 0.102527 0.072497 -0.155247
v 0.092270 0.123843 -0.149446
v 0.089984 0.123822 -0.150862
v 0.091540 0.122973 -0.149526
v 0.085240 0.116468 -0.153513
v 0.082278 0.115384 -0.155272
v 0.107123 0.060934 -0.152160
v 0.095727 0.083792 -0.144969
v 0.094839 0.079824 -0.145851
v 0.064213 0.119476 -0.167860
v 0.062177 0.116690 -0.168952
v 0.064863 0.116552 -0.167285
v 0.106883 0.070368 -0.137172
v 0.104841 0.074123 -0.153577
v 0.106956 0.077737 -0.152317
v 0.106329 0.080257 -0.152920
v 0.107755 0.080405 -0.151919
v 0.105862 0.067991 -0.153264
v 0.106128 0.066402 -0.152965
v 0.104686 0.067046 -0.153996
v 0.095167 0.122925 -0.147347
v 0.098096 0.088043 -0.143219
v 0.106505 0.110909 -0.139001
v 0.088258 0.124285 -0.152230
v 0.089541 0.124607 -0.151753
v 0.093456 0.124883 -0.150196
v 0.093892 0.124428 -0.148986
v 0.088485 0.115035 -0.151235
v 0.088711 0.109857 -0.150972
v 0.092117 0.111715 -0.148692
v 0.099680 0.096689 -0.143183
v 0.102011 0.107209 -0.142266
v 0.091250 0.116322 -0.149139
v 0.094588 0.115822 -0.146813
v 0.092506 0.118454 -0.148227
v 0.101700 0.077616 -0.141737
v 0.096493 0.078344 -0.159228
v 0.097601 0.076806 -0.158400
v 0.096170 0.076738 -0.159368
v 0.070636 0.122748 -0.164034
v 0.068115 0.120441 -0.165385
v 0.073066 0.118584 -0.161590
v 0.069241 0.125108 -0.166430
v 0.067485 0.125133 -0.167558
v 0.068273 0.124311 -0.166125
v 0.091519 0.076277 -0.148014
v 0.090629 0.079800 -0.148631
v 0.103251 0.069191 -0.140686
v 0.084555 0.114395 -0.167992
v 0.086188 0.113712 -0.166849
v 0.085077 0.112284 -0.167619
v 0.092426 0.083198 -0.147077
v 0.094060 0.086262 -0.145661
v 0.100494 0.103224 -0.143313
v 0.105422 0.067107 -0.138747
v 0.089682 0.070216 -0.163938
v 0.088161 0.069995 -0.164985
v 0.089026 0.071503 -0.163910
v 0.091257 0.102164 -0.149089
v 0.094248 0.101847 -0.147016
v 0.092223 0.106208 -0.148645
v 0.109120 0.126334 -0.145469
v 0.109635 0.125572 -0.149456
v 0.109180 0.121961 -0.151679
v 0.109858 0.123701 -0.150949
v 0.080716 0.124036 -0.157805
v 0.108555 0.125971 -0.148934
v 0.108181 0.125579 -0.150142
v 0.108539 0.125150 -0.150938
v 0.109163 0.126156 -0.147628
v 0.108436 0.124487 -0.151623
v 0.106065 0.123574 -0.153481
v 0.108119 0.126285 -0.146996
v 0.097973 0.113988 -0.144516
v 0.098278 0.109829 -0.144500
v 0.107265 0.126206 -0.148415
v 0.106967 0.124804 -0.152338
v 0.107605 0.125293 -0.151257
v 0.106915 0.125962 -0.149744
v 0.106659 0.125611 -0.150997
v 0.106458 0.125304 -0.151979
v 0.104824 0.125931 -0.151175
v 0.105327 0.125093 -0.153138
v 0.105063 0.125580 -0.152311
v 0.105683 0.124569 -0.153386
v 0.105717 0.121299 -0.153997
v 0.104664 0.126203 -0.149765
v 0.096817 0.098128 -0.145011
v 0.104329 0.124606 -0.154123
v 0.102569 0.121981 -0.156049
v 0.103123 0.124010 -0.155239
v 0.102888 0.124827 -0.154929
v 0.101513 0.123881 -0.156348
v 0.102116 0.126178 -0.151697
v 0.102060 0.126312 -0.149960
v 0.102759 0.125790 -0.152997
v 0.103348 0.125269 -0.153939
v 0.102290 0.125194 -0.154944
v 0.100669 0.124517 -0.156677
v 0.101694 0.124805 -0.155742
v 0.099730 0.123894 -0.157556
v 0.100117 0.126341 -0.151676
v 0.100377 0.126003 -0.154064
v 0.099088 0.121751 -0.158308
v 0.099317 0.126278 -0.153206
v 0.101392 0.125428 -0.154912
v 0.099792 0.124961 -0.157071
v 0.100485 0.125137 -0.156216
v 0.098576 0.126354 -0.152485
v 0.094463 0.094782 -0.145887
v 0.098941 0.125563 -0.156479
v 0.109585 0.093021 -0.136801
v 0.096757 0.122629 -0.159777
v 0.097948 0.123518 -0.158760
v 0.097222 0.126257 -0.154017
v 0.096736 0.124298 -0.159601
v 0.098142 0.126077 -0.155001
v 0.095603 0.126070 -0.156135
v 0.094977 0.122971 -0.160904
v 0.095447 0.120285 -0.160849
v 0.093860 0.121991 -0.161775
v 0.095632 0.124905 -0.159960
v 0.095552 0.125404 -0.159077
v 0.096544 0.125106 -0.159126
v 0.097048 0.125471 -0.157916
v 0.095585 0.125759 -0.157776
v 0.101872 0.066684 -0.141691
v 0.093619 0.123755 -0.161752
v 0.093812 0.125884 -0.158078
v 0.092460 0.126046 -0.157132
v 0.094725 0.126162 -0.154796
v 0.094148 0.125587 -0.159278
v 0.092428 0.125758 -0.159800
v 0.091691 0.126005 -0.158931
v 0.097843 0.124766 -0.158540
v 0.094132 0.123814 -0.148327
v 0.095428 0.124139 -0.147691
v 0.092854 0.125211 -0.161301
v 0.091071 0.125747 -0.161169
v 0.094630 0.124513 -0.160869
v 0.097917 0.117543 -0.144621
v 0.094916 0.050475 -0.159908
v 0.098034 0.052361 -0.157944
v 0.098420 0.049201 -0.157500
v 0.091087 0.123564 -0.163381
v 0.089620 0.124728 -0.164242
v 0.091366 0.124910 -0.162893
v 0.089983 0.125485 -0.162680
v 0.088868 0.126064 -0.157694
v 0.091921 0.126013 -0.155711
v 0.087492 0.123981 -0.165557
v 0.088669 0.124253 -0.164884
v 0.089298 0.122926 -0.164721
v 0.092785 0.059578 -0.161470
v 0.093774 0.062065 -0.160999
v 0.088590 0.124868 -0.152742
v 0.095725 0.123942 -0.160301
v 0.085421 0.074464 -0.166893
v 0.086142 0.075269 -0.165953
v 0.086190 0.074207 -0.166158
v 0.089454 0.125825 -0.161741
v 0.090541 0.125998 -0.160407
v 0.087062 0.122549 -0.166125
v 0.092448 0.124189 -0.162487
v 0.088641 0.074130 -0.164372
v 0.089806 0.073295 -0.163600
v 0.088824 0.072817 -0.164270
v 0.088387 0.126058 -0.161390
v 0.088013 0.125437 -0.164153
v 0.087872 0.124944 -0.164949
v 0.086966 0.125889 -0.163331
v 0.086466 0.124831 -0.165752
v 0.094545 0.125220 -0.160097
v 0.089165 0.126146 -0.159614
v 0.085486 0.126206 -0.162281
v 0.087503 0.076003 -0.165037
v 0.087240 0.074729 -0.165375
v 0.086899 0.075822 -0.165578
v 0.086892 0.125235 -0.165032
v 0.085908 0.125352 -0.165627
v 0.086002 0.126231 -0.160201
v 0.073829 0.122120 -0.161636
v 0.109772 0.021248 -0.148661
v 0.108625 0.019074 -0.148684
v 0.104494 0.080929 -0.154087
v 0.075811 0.123333 -0.160646
v 0.086294 0.125563 -0.164760
v 0.092482 0.075536 -0.161939
v 0.092369 0.077047 -0.161704
v 0.093817 0.077018 -0.160947
v 0.098019 0.105831 -0.144831
v 0.097591 0.102049 -0.144966
v 0.095204 0.104616 -0.146563
v 0.100741 0.051961 -0.156152
v 0.098952 0.055287 -0.157502
v 0.101168 0.055212 -0.155967
v 0.084811 0.125839 -0.165102
v 0.085769 0.123934 -0.166752
v 0.084831 0.125121 -0.166814
v 0.092568 0.088610 -0.146530
v 0.097398 0.069809 -0.144210
v 0.103576 0.055213 -0.154317
v 0.103409 0.060080 -0.154503
v 0.084127 0.124049 -0.167911
v 0.094907 0.079717 -0.160405
v 0.083226 0.126154 -0.164920
v 0.081998 0.126351 -0.164109
v 0.082725 0.124905 -0.168414
v 0.098529 0.075822 -0.158114
v 0.099611 0.075786 -0.157342
v 0.098847 0.074631 -0.158005
v 0.082647 0.125758 -0.167014
v 0.104858 0.023981 -0.152568
v 0.106089 0.025836 -0.151934
v 0.107536 0.023509 -0.150583
v 0.080616 0.126315 -0.163727
v 0.078703 0.126328 -0.165805
v 0.080742 0.126296 -0.165647
v 0.100997 0.061019 -0.156128
v 0.109469 0.037597 -0.150096
v 0.095113 0.108338 -0.146690
v 0.073229 0.125157 -0.174323
v 0.074017 0.124479 -0.174532
v 0.072839 0.124891 -0.175020
v 0.098127 0.125352 -0.157776
v 0.090232 0.125162 -0.152699
v 0.067514 0.123041 -0.166271
v 0.094589 0.074322 -0.145853
v 0.081399 0.124250 -0.169684
v 0.082861 0.123729 -0.168771
v 0.092507 0.098461 -0.147918
v 0.081418 0.124978 -0.169312
v 0.092483 0.122600 -0.162549
v 0.065942 0.124300 -0.167704
v 0.079951 0.126132 -0.167223
v 0.099677 0.071249 -0.157188
v 0.100853 0.070274 -0.156467
v 0.099613 0.069463 -0.157544
v 0.108357 0.064995 -0.151529
v 0.088834 0.104788 -0.150760
v 0.089580 0.082572 -0.163965
v 0.086125 0.080787 -0.166297
v 0.085367 0.083538 -0.166915
v 0.080397 0.125067 -0.169832
v 0.080953 0.124756 -0.169768
v 0.064672 0.122375 -0.168022
v 0.080212 0.124514 -0.170312
v 0.095097 0.075411 -0.160695
v 0.095527 0.076622 -0.159950
v 0.095662 0.075812 -0.160033
v 0.081198 0.125377 -0.168827
v 0.098899 0.124989 -0.157638
v 0.099844 0.065387 -0.142924
v 0.079816 0.125737 -0.168788
v 0.077917 0.125966 -0.169544
v 0.101839 0.114853 -0.156646
v 0.104468 0.116434 -0.154919
v 0.105155 0.112997 -0.154411
v 0.094422 0.069105 -0.145668
v 0.087528 0.072031 -0.165252
v 0.088294 0.072101 -0.164560
v 0.087957 0.071278 -0.164793
v 0.093670 0.068961 -0.161399
v 0.092686 0.069704 -0.162013
v 0.093453 0.069988 -0.161387
v 0.078948 0.124900 -0.170974
v 0.079642 0.125370 -0.169809
v 0.109850 0.120113 -0.151286
v 0.107773 0.120401 -0.152689
v 0.087665 0.073289 -0.165521
v 0.086501 0.072092 -0.165980
v 0.086654 0.073471 -0.166019
v 0.070105 0.124456 -0.165051
v 0.076006 0.126048 -0.170445
v 0.076999 0.126240 -0.168512
v 0.079339 0.123414 -0.171155
v 0.078636 0.124331 -0.171514
v 0.067065 0.117663 -0.165872
v 0.073476 0.126277 -0.168129
v 0.075303 0.126301 -0.167577
v 0.072563 0.126360 -0.169921
v 0.074645 0.126274 -0.169999
v 0.076869 0.125769 -0.170906
v 0.077649 0.124358 -0.172206
v 0.078365 0.125583 -0.170375
v 0.097841 0.063914 -0.143961
v 0.091628 0.069578 -0.147418
v 0.092230 0.071868 -0.162167
v 0.093177 0.070985 -0.161578
v 0.091923 0.070581 -0.162167
v 0.085542 0.112651 -0.153071
v 0.092595 0.065173 -0.146656
v 0.095354 0.064865 -0.145126
v 0.077216 0.125374 -0.171704
v 0.089181 0.098475 -0.164640
v 0.089488 0.100866 -0.164531
v 0.091160 0.099377 -0.163316
v 0.102782 0.118408 -0.156131
v 0.100641 0.119801 -0.157514
v 0.088460 0.125055 -0.153608
v 0.095493 0.111994 -0.146267
v 0.090827 0.072117 -0.162927
v 0.091330 0.074344 -0.162898
v 0.091911 0.073073 -0.162360
v 0.074316 0.126074 -0.171431
v 0.076050 0.124987 -0.172868
v 0.093076 0.074833 -0.161178
v 0.094847 0.067369 -0.160747
v 0.093673 0.065197 -0.161340
v 0.093053 0.067166 -0.161853
v 0.072837 0.126208 -0.171530
v 0.099238 0.078140 -0.157323
v 0.107306 0.069234 -0.152161
v 0.108313 0.069336 -0.151764
v 0.108421 0.067930 -0.151582
v 0.075485 0.125709 -0.172010
v 0.102225 0.073303 -0.155665
v 0.097350 0.121091 -0.159574
v 0.098148 0.118948 -0.159150
v 0.073234 0.125918 -0.172691
v 0.101884 0.078011 -0.155696
v 0.101881 0.075043 -0.155831
v 0.100481 0.075124 -0.156537
v 0.097073 0.125838 -0.156641
v 0.098908 0.073388 -0.157745
v 0.097968 0.072840 -0.158431
v 0.104142 0.120383 -0.155142
v 0.070347 0.126357 -0.172763
v 0.109677 0.078840 -0.134720
v 0.071817 0.126184 -0.172733
v 0.109470 0.049011 -0.150357
v 0.107633 0.045233 -0.151386
v 0.108660 0.026620 -0.150257
v 0.090768 0.079328 -0.162922
v 0.088488 0.079361 -0.164615
v 0.104840 0.021723 -0.152143
v 0.094727 0.094827 -0.160893
v 0.098284 0.097280 -0.158770
v 0.096529 0.094938 -0.159841
v 0.100866 0.064065 -0.156463
v 0.098986 0.066506 -0.157882
v 0.100678 0.067752 -0.156878
v 0.106554 0.072410 -0.152592
v 0.105649 0.071354 -0.153021
v 0.103619 0.078042 -0.154484
v 0.109856 0.077879 -0.150455
v 0.106355 0.030078 -0.151989
v 0.109729 0.030032 -0.149744
v 0.108091 0.033385 -0.150812
v 0.106682 0.020956 -0.150470
v 0.087930 0.086576 -0.165263
v 0.092592 0.085542 -0.162114
v 0.092409 0.074054 -0.161918
v 0.092569 0.072987 -0.161867
v 0.071407 0.125988 -0.173841
v 0.074319 0.125233 -0.173512
v 0.075259 0.124374 -0.173815
v 0.103845 0.071334 -0.154474
v 0.104792 0.071185 -0.153628
v 0.105611 0.034472 -0.152651
v 0.105981 0.037589 -0.152408
v 0.107262 0.035866 -0.151515
v 0.103407 0.027011 -0.153904
v 0.096870 0.064765 -0.159217
v 0.072852 0.125615 -0.173830
v 0.105230 0.070418 -0.153394
v 0.104645 0.070102 -0.154083
v 0.095944 0.073703 -0.159608
v 0.096205 0.075473 -0.159319
v 0.097187 0.074624 -0.158760
v 0.073080 0.124277 -0.175371
v 0.105610 0.069467 -0.153616
v 0.106382 0.069057 -0.152770
v 0.083113 0.126326 -0.162242
v 0.084866 0.109729 -0.167874
v 0.083205 0.109279 -0.168861
v 0.083987 0.111845 -0.168415
v 0.099136 0.068164 -0.157941
v 0.071887 0.125442 -0.174869
v 0.084873 0.125592 -0.165829
v 0.096407 0.072052 -0.159176
v 0.102617 0.076260 -0.155344
v 0.102774 0.077198 -0.154863
v 0.091415 0.071247 -0.162461
v 0.097152 0.070356 -0.159003
v 0.074700 0.123742 -0.174304
v 0.097739 0.109349 -0.159196
v 0.098377 0.112775 -0.158774
v 0.100102 0.109975 -0.157745
v 0.088446 0.095604 -0.165106
v 0.084939 0.094829 -0.167498
v 0.087229 0.098809 -0.166066
v 0.100256 0.076950 -0.156795
v 0.104732 0.068740 -0.154219
v 0.099959 0.080666 -0.157175
v 0.097254 0.082524 -0.159018
v 0.098158 0.070364 -0.158333
v 0.097922 0.068254 -0.158664
v 0.095067 0.069279 -0.160628
v 0.096304 0.068670 -0.159747
v 0.081947 0.100070 -0.169600
v 0.081287 0.097178 -0.169874
v 0.079775 0.098760 -0.170986
v 0.081201 0.117167 -0.170435
v 0.078989 0.118892 -0.171671
v 0.080960 0.120858 -0.170433
v 0.100934 0.072762 -0.156395
v 0.102344 0.041454 -0.154916
v 0.103605 0.043255 -0.154086
v 0.104424 0.040387 -0.153333
v 0.092749 0.079007 -0.161689
v 0.091610 0.077701 -0.162128
v 0.102989 0.037979 -0.154511
v 0.108591 0.122400 -0.138035
v 0.108100 0.121601 -0.138029
v 0.109775 0.121907 -0.136996
v 0.103996 0.049537 -0.153959
v 0.109712 0.122931 -0.137587
v 0.109312 0.123849 -0.138537
v 0.084451 0.088473 -0.167580
v 0.080530 0.087537 -0.170175
v 0.082358 0.091483 -0.169026
v 0.108711 0.124828 -0.140166
v 0.107754 0.124844 -0.140990
v 0.107903 0.124408 -0.139977
v 0.109264 0.125242 -0.140453
v 0.098707 0.069285 -0.158139
v 0.102013 0.070454 -0.155763
v 0.107581 0.123280 -0.139220
v 0.106918 0.122232 -0.139154
v 0.107209 0.071893 -0.152300
v 0.106763 0.070806 -0.152419
v 0.107727 0.071258 -0.151935
v 0.107914 0.072771 -0.151812
v 0.087494 0.067859 -0.165486
v 0.089128 0.068874 -0.164588
v 0.107769 0.070178 -0.152089
v 0.107400 0.082810 -0.152288
v 0.105943 0.070155 -0.152910
v 0.109091 0.073507 -0.151227
v 0.102944 0.075008 -0.155200
v 0.102331 0.069025 -0.155799
v 0.094696 0.083754 -0.160613
v 0.094159 0.081598 -0.160993
v 0.092587 0.082979 -0.162022
v 0.109203 0.072258 -0.150972
v 0.098860 0.070378 -0.157692
v 0.098820 0.071872 -0.157792
v 0.104803 0.064176 -0.153761
v 0.102888 0.070265 -0.155390
v 0.103657 0.069605 -0.154839
v 0.100404 0.092469 -0.157166
v 0.100373 0.095521 -0.157166
v 0.103371 0.095307 -0.155342
v 0.108210 0.120558 -0.137661
v 0.087004 0.076686 -0.165438
v 0.086250 0.076372 -0.165870
v 0.085784 0.077808 -0.166162
v 0.107575 0.095904 -0.152470
v 0.106179 0.097653 -0.153467
v 0.103638 0.068188 -0.154791
v 0.102597 0.032515 -0.154738
v 0.094611 0.110993 -0.161302
v 0.095554 0.107565 -0.160683
v 0.099621 0.074474 -0.157423
v 0.085259 0.075849 -0.166440
v 0.108659 0.041896 -0.150792
v 0.106705 0.039841 -0.151978
v 0.105900 0.042473 -0.152569
v 0.104099 0.099657 -0.154944
v 0.108855 0.079536 -0.151238
v 0.103882 0.075559 -0.154399
v 0.102572 0.082037 -0.155468
v 0.090145 0.063085 -0.163456
v 0.091196 0.065604 -0.162934
v 0.091944 0.063469 -0.162239
v 0.094127 0.075186 -0.160940
v 0.094943 0.076550 -0.160456
v 0.103395 0.076462 -0.154728
v 0.106650 0.121274 -0.139018
v 0.107021 0.067598 -0.152288
v 0.093240 0.072520 -0.161679
v 0.095314 0.116151 -0.160826
v 0.095038 0.114477 -0.161095
v 0.093712 0.117138 -0.161998
v 0.102752 0.066699 -0.155277
v 0.095247 0.073245 -0.160288
v 0.094522 0.072335 -0.160240
v 0.094544 0.073774 -0.160607
v 0.078060 0.090180 -0.171891
v 0.104561 0.120027 -0.140268
v 0.104694 0.121787 -0.140551
v 0.100626 0.105819 -0.157287
v 0.099810 0.108064 -0.157852
v 0.102175 0.108248 -0.156335
v 0.109518 0.081681 -0.151021
v 0.103646 0.117236 -0.140692
v 0.106747 0.116059 -0.138512
v 0.109755 0.073218 -0.150747
v 0.109789 0.116338 -0.151348
v 0.109234 0.112501 -0.151626
v 0.107123 0.115969 -0.153233
v 0.099763 0.073108 -0.157252
v 0.105777 0.119002 -0.154041
v 0.106533 0.069812 -0.152491
v 0.104731 0.090714 -0.154189
v 0.104267 0.089394 -0.154568
v 0.103356 0.091647 -0.155257
v 0.108527 0.118480 -0.152187
v 0.092941 0.073574 -0.161429
v 0.101082 0.118910 -0.142593
v 0.091704 0.069667 -0.162818
v 0.093569 0.073637 -0.160958
v 0.093963 0.072260 -0.160991
v 0.100203 0.117241 -0.157765
v 0.089194 0.104862 -0.164849
v 0.087688 0.103312 -0.165786
v 0.088704 0.106969 -0.165182
v 0.091167 0.061377 -0.162552
v 0.103017 0.045979 -0.154458
v 0.101168 0.047889 -0.155770
v 0.090840 0.070512 -0.163024
v 0.096360 0.070349 -0.159401
v 0.105320 0.091948 -0.153919
v 0.081557 0.083992 -0.169356
v 0.084558 0.085861 -0.167553
v 0.091652 0.076269 -0.162594
v 0.097495 0.115851 -0.159454
v 0.092989 0.105305 -0.162260
v 0.092154 0.102130 -0.162635
v 0.091045 0.102868 -0.163472
v 0.089889 0.074707 -0.163408
v 0.075413 0.117362 -0.174133
v 0.076676 0.116212 -0.173245
v 0.075439 0.114870 -0.174107
v 0.091824 0.068252 -0.162781
v 0.088223 0.072853 -0.164852
v 0.092672 0.056732 -0.161430
v 0.093440 0.108374 -0.161972
v 0.091317 0.109053 -0.163476
v 0.093577 0.097737 -0.161718
v 0.093506 0.100900 -0.161852
v 0.095446 0.099354 -0.160538
v 0.086041 0.111101 -0.167034
v 0.107474 0.019842 -0.149607
v 0.091444 0.088918 -0.162954
v 0.098138 0.074657 -0.158387
v 0.090560 0.075993 -0.163221
v 0.095546 0.074590 -0.160294
v 0.099106 0.076859 -0.157460
v 0.090058 0.071073 -0.163417
v 0.081427 0.105084 -0.169887
v 0.084986 0.106078 -0.167539
v 0.084665 0.101542 -0.167759
v 0.108686 0.086082 -0.151635
v 0.083815 0.097577 -0.168212
v 0.078539 0.111625 -0.171911
v 0.079925 0.113823 -0.171129
v 0.080852 0.110118 -0.170467
v 0.087037 0.070876 -0.165353
v 0.084235 0.122059 -0.168116
v 0.091154 0.119890 -0.163573
v 0.090016 0.120200 -0.164381
v 0.091090 0.121413 -0.163629
v 0.077611 0.114048 -0.172652
v 0.075437 0.111269 -0.173931
v 0.078702 0.108056 -0.171712
v 0.085141 0.119942 -0.167736
v 0.086745 0.120336 -0.166625
v 0.085987 0.117432 -0.167144
v 0.089145 0.075870 -0.163704
v 0.089742 0.077514 -0.163579
v 0.082031 0.094816 -0.169378
v 0.096330 0.103472 -0.160042
v 0.095921 0.117707 -0.160484
v 0.091172 0.118137 -0.163612
v 0.096508 0.086168 -0.159616
v 0.090554 0.069193 -0.163614
v 0.098945 0.087471 -0.157997
v 0.088101 0.077052 -0.164651
v 0.091812 0.092097 -0.162705
v 0.091450 0.095499 -0.163053
v 0.088111 0.115027 -0.165659
v 0.088126 0.110982 -0.165599
v 0.097654 0.089492 -0.158941
v 0.100413 0.029801 -0.156055
v 0.098142 0.106568 -0.159034
v 0.098972 0.104457 -0.158414
v 0.094392 0.088026 -0.160981
v 0.081693 0.122895 -0.169744
v 0.078264 0.121065 -0.172179
v 0.076514 0.121268 -0.173416
v 0.077261 0.122973 -0.172696
v 0.074541 0.120161 -0.174795
v 0.076987 0.118887 -0.173069
v 0.092090 0.081137 -0.162248
v 0.097086 0.093271 -0.159387
v 0.073851 0.123174 -0.175089
v 0.075484 0.122870 -0.173936
v 0.086251 0.108553 -0.166827
v 0.083417 0.119154 -0.168843
v 0.094484 0.090833 -0.161061
v 0.078520 0.116674 -0.172148
v 0.088802 0.091198 -0.164800
v 0.083492 0.116501 -0.168780
v 0.082456 0.113535 -0.169394
v 0.090843 0.077325 -0.162744
v 0.091205 0.114323 -0.163559
v 0.082661 0.086331 -0.168721
v 0.092403 0.098381 -0.162407
v 0.097165 0.100621 -0.159598
v 0.085798 0.092375 -0.166860
v 0.079687 0.092934 -0.170878
v 0.095543 0.054467 -0.159628
v 0.105063 0.045795 -0.153169
v 0.082870 0.081329 -0.168341
v 0.099465 0.115075 -0.158141
v 0.101653 0.098245 -0.156535
v 0.102681 0.100738 -0.155830
v 0.108659 0.089051 -0.151776
v 0.079172 0.095699 -0.171297
v 0.076368 0.123942 -0.173175
v 0.089720 0.103562 -0.164409
v 0.090482 0.105399 -0.163944
v 0.098968 0.094496 -0.158168
v 0.106256 0.090362 -0.153263
v 0.106510 0.105359 -0.153271
v 0.107044 0.101635 -0.152926
v 0.103467 0.103786 -0.155440
v 0.106700 0.118672 -0.138571
v 0.108378 0.071495 -0.151265
v 0.098696 0.045615 -0.157344
v 0.109413 0.101411 -0.151353
v 0.077846 0.093193 -0.172234
v 0.109626 0.104347 -0.151281
v 0.079695 0.104419 -0.171006
v 0.079452 0.105655 -0.171230
v 0.107272 0.108768 -0.152882
v 0.087328 0.108113 -0.166020
v 0.099941 0.037075 -0.156483
v 0.100979 0.100999 -0.157107
v 0.087027 0.106449 -0.166303
v 0.099418 0.041288 -0.156845
v 0.095403 0.043829 -0.159457
v 0.096035 0.047356 -0.159101
v 0.089649 0.067400 -0.164086
v 0.087387 0.125278 -0.154982
v 0.082671 0.124485 -0.156653
v 0.082333 0.124946 -0.157584
v 0.074722 0.125403 -0.164111
v 0.073551 0.125613 -0.165030
v 0.073502 0.125178 -0.164005
v 0.083835 0.124901 -0.156519
v 0.084153 0.125514 -0.157680
v 0.078688 0.125654 -0.161521
v 0.078072 0.125124 -0.160764
v 0.079681 0.125458 -0.160458
v 0.103189 0.123502 -0.142279
v 0.101827 0.123258 -0.142995
v 0.103340 0.122735 -0.141750
v 0.077642 0.125470 -0.161962
v 0.076599 0.125046 -0.161795
v 0.103201 0.125924 -0.146712
v 0.107201 0.126104 -0.144774
v 0.104245 0.126150 -0.147298
v 0.072753 0.126153 -0.167430
v 0.070509 0.126052 -0.168188
v 0.072098 0.125761 -0.166419
v 0.101320 0.124727 -0.144607
v 0.102117 0.124779 -0.144391
v 0.102037 0.125071 -0.144937
v 0.108944 0.125677 -0.141699
v 0.109451 0.125993 -0.142453
v 0.107387 0.125751 -0.143201
v 0.078072 0.125858 -0.162631
v 0.088903 0.118223 -0.165206
v 0.071625 0.125094 -0.165014
v 0.106769 0.126289 -0.146522
v 0.079858 0.124576 -0.158718
v 0.080858 0.124908 -0.158671
v 0.089916 0.125809 -0.155467
v 0.088140 0.125612 -0.155619
v 0.089082 0.125526 -0.154908
v 0.102931 0.126252 -0.148544
v 0.105308 0.126302 -0.148068
v 0.104408 0.123957 -0.141905
v 0.102529 0.124313 -0.143406
v 0.099880 0.124467 -0.145231
v 0.097715 0.124409 -0.146416
v 0.099262 0.123165 -0.144765
v 0.106044 0.124648 -0.141849
v 0.104149 0.124785 -0.143179
v 0.098570 0.125502 -0.148042
v 0.098203 0.125031 -0.147013
v 0.099271 0.125037 -0.146520
v 0.106147 0.123905 -0.140693
v 0.095440 0.124657 -0.148315
v 0.096492 0.124720 -0.147376
v 0.084640 0.124823 -0.155357
v 0.093895 0.125416 -0.151047
v 0.092205 0.125041 -0.151481
v 0.105860 0.125741 -0.144242
v 0.101019 0.126084 -0.148593
v 0.100876 0.125601 -0.146910
v 0.090507 0.125634 -0.153959
v 0.089059 0.125257 -0.154093
v 0.105241 0.123009 -0.140692
v 0.092552 0.120184 -0.162657
v 0.087064 0.125678 -0.156686
v 0.103971 0.123226 -0.141605
v 0.073403 0.123573 -0.162330
v 0.096679 0.125541 -0.149429
v 0.095808 0.125884 -0.151255
v 0.095072 0.125272 -0.150098
v 0.101010 0.124074 -0.144043
v 0.095931 0.124996 -0.148911
v 0.094649 0.124851 -0.149332
v 0.081037 0.125363 -0.159566
v 0.080268 0.125026 -0.159518
v 0.093236 0.125941 -0.153620
v 0.098096 0.125925 -0.149834
v 0.096409 0.126245 -0.152902
v 0.103418 0.125526 -0.145188
v 0.101056 0.125093 -0.145640
v 0.091911 0.125277 -0.152312
v 0.103013 0.124996 -0.144328
v 0.103974 0.125213 -0.144090
v 0.085430 0.125080 -0.156054
v 0.079327 0.124906 -0.159529
v 0.077069 0.125860 -0.163680
v 0.078757 0.126193 -0.163643
v 0.074201 0.126149 -0.167074
v 0.075871 0.125998 -0.165133
v 0.075897 0.125551 -0.163728
v 0.076719 0.125579 -0.162789
v 0.085465 0.125991 -0.158750
v 0.083334 0.125847 -0.159351
v 0.074060 0.125971 -0.166102
v 0.098869 0.126254 -0.150986
v 0.073064 0.124752 -0.163560
v 0.105454 0.125351 -0.143491
v 0.107467 0.125290 -0.142004
v 0.071919 0.124255 -0.163698
v 0.073886 0.124375 -0.162566
v 0.082354 0.125361 -0.158745
v 0.093116 0.125559 -0.152132
v 0.078867 0.124221 -0.159074
v 0.079532 0.125963 -0.161886
v 0.077938 0.124613 -0.159968
v 0.077416 0.123970 -0.159865
v 0.076508 0.124428 -0.160875
v 0.074926 0.124968 -0.163000
v 0.088484 0.120874 -0.165353
v 0.083520 0.126166 -0.160639
v 0.081953 0.125697 -0.159757
v 0.096501 0.124923 -0.148011
v 0.097006 0.125204 -0.148428
v 0.091949 0.125585 -0.152915
v 0.097422 0.125049 -0.147356
v 0.074981 0.126112 -0.166453
v 0.081203 0.126217 -0.161994
v 0.074910 0.124065 -0.161613
v 0.075363 0.124577 -0.161854
v 0.100621 0.103461 -0.157368
v 0.071946 0.126278 -0.168809
v 0.070366 0.125601 -0.166805
v 0.083827 0.079394 -0.167509
v 0.082224 0.125999 -0.160545
v 0.081008 0.125882 -0.160657
v 0.101351 0.044303 -0.155617
v 0.069834 0.116526 -0.163805
v 0.082903 0.111281 -0.154524
v 0.067299 0.114238 -0.165533
v 0.062460 0.112351 -0.168753
v 0.080013 0.111759 -0.156252
v 0.075876 0.112368 -0.158890
v 0.085171 0.107828 -0.153088
v 0.071492 0.112632 -0.162193
v 0.068972 0.111295 -0.164164
v 0.069702 0.113858 -0.163760
v 0.098701 0.101818 -0.158621
v 0.065723 0.109518 -0.166433
v 0.061083 0.106654 -0.169202
v 0.072722 0.108537 -0.160948
v 0.057639 0.102596 -0.170884
v 0.061394 0.102943 -0.168595
v 0.081986 0.108527 -0.154907
v 0.078782 0.107325 -0.156770
v 0.082426 0.104909 -0.154760
v 0.064517 0.105137 -0.166852
v 0.068606 0.106459 -0.164071
v 0.075321 0.106377 -0.159039
v 0.085831 0.102907 -0.152752
v 0.064481 0.100991 -0.166552
v 0.071571 0.087703 -0.161987
v 0.067215 0.088870 -0.164761
v 0.068149 0.083442 -0.163668
v 0.090510 0.094753 -0.148791
v 0.089078 0.091207 -0.149329
v 0.088997 0.100230 -0.150617
v 0.089969 0.097301 -0.149634
v 0.087765 0.096571 -0.151276
v 0.068130 0.100722 -0.164226
v 0.085250 0.098899 -0.153229
v 0.077051 0.104432 -0.157993
v 0.074991 0.102044 -0.159549
v 0.079274 0.102005 -0.156828
v 0.071721 0.103257 -0.161705
v 0.072458 0.100394 -0.161406
v 0.079990 0.094061 -0.156343
v 0.079241 0.091268 -0.156622
v 0.082111 0.093470 -0.154817
v 0.070276 0.097986 -0.162919
v 0.057756 0.072829 -0.169836
v 0.064428 0.070698 -0.165575
v 0.062635 0.075709 -0.166672
v 0.062258 0.097520 -0.167728
v 0.059442 0.095283 -0.169411
v 0.065087 0.094805 -0.166011
v 0.053643 0.093246 -0.173063
v 0.058384 0.090343 -0.170024
v 0.054279 0.088984 -0.172649
v 0.088067 0.075566 -0.164397
v 0.083959 0.068036 -0.153108
v 0.081283 0.070165 -0.155027
v 0.079794 0.063632 -0.155602
v 0.071808 0.095001 -0.162073
v 0.073276 0.098050 -0.161042
v 0.056911 0.086868 -0.170833
v 0.060552 0.086023 -0.168472
v 0.061547 0.092405 -0.168176
v 0.063092 0.089590 -0.167150
v 0.055786 0.098045 -0.171782
v 0.060127 0.099441 -0.169099
v 0.076654 0.098006 -0.158756
v 0.074396 0.094418 -0.160403
v 0.077724 0.094100 -0.157980
v 0.069834 0.092625 -0.163327
v 0.106690 0.092374 -0.153042
v 0.105996 0.094298 -0.153539
v 0.104467 0.093187 -0.154614
v 0.089720 0.088669 -0.148595
v 0.085899 0.088206 -0.151418
v 0.085975 0.092707 -0.151976
v 0.067769 0.067216 -0.163445
v 0.071846 0.069705 -0.160849
v 0.082966 0.080964 -0.153686
v 0.084666 0.084259 -0.152300
v 0.081469 0.084579 -0.154544
v 0.064496 0.085709 -0.166071
v 0.067973 0.076715 -0.163373
v 0.062897 0.081171 -0.166663
v 0.082338 0.089590 -0.154119
v 0.072676 0.091758 -0.161513
v 0.084634 0.095785 -0.153418
v 0.080948 0.097140 -0.155920
v 0.054213 0.079056 -0.172438
v 0.053739 0.085170 -0.172974
v 0.051211 0.083371 -0.174789
v 0.090979 0.086031 -0.147755
v 0.088839 0.082590 -0.149588
v 0.050985 0.069145 -0.174391
v 0.048999 0.072228 -0.175954
v 0.048118 0.068641 -0.176215
v 0.077792 0.082710 -0.157143
v 0.078756 0.087087 -0.156629
v 0.073655 0.075639 -0.159811
v 0.076908 0.077899 -0.157734
v 0.073269 0.081885 -0.160237
v 0.075578 0.089749 -0.159291
v 0.057870 0.082630 -0.169992
v 0.087475 0.085432 -0.150260
v 0.050097 0.076539 -0.175467
v 0.052734 0.073258 -0.173341
v 0.101933 0.111545 -0.156594
v 0.106727 0.048262 -0.152189
v 0.099524 0.033793 -0.156765
v 0.064045 0.065027 -0.165875
v 0.075861 0.085272 -0.158681
v 0.074235 0.085875 -0.159894
v 0.058914 0.078394 -0.169126
v 0.085364 0.064171 -0.151757
v 0.088040 0.071545 -0.150270
v 0.054129 0.069137 -0.172256
v 0.050783 0.064880 -0.174214
v 0.085946 0.082489 -0.151538
v 0.045437 0.066013 -0.177591
v 0.086048 0.078897 -0.151815
v 0.079126 0.102303 -0.171393
v 0.045452 0.060909 -0.177139
v 0.088290 0.076202 -0.150345
v 0.080046 0.080254 -0.155683
v 0.081433 0.076318 -0.154976
v 0.091637 0.073360 -0.147727
v 0.057755 0.066154 -0.169839
v 0.054039 0.061193 -0.172028
v 0.050066 0.058199 -0.174316
v 0.088927 0.066850 -0.149191
v 0.059125 0.060563 -0.168832
v 0.084927 0.074060 -0.152679
v 0.104329 0.109919 -0.155023
v 0.066240 0.125187 -0.168410
v 0.069619 0.126343 -0.170783
v 0.068751 0.125569 -0.167985
v 0.067766 0.125998 -0.169880
v 0.067196 0.125518 -0.168708
v 0.084634 0.070963 -0.152768
v 0.104882 0.107384 -0.154521
v 0.064624 0.061218 -0.165352
v 0.090377 0.065046 -0.148085
v 0.077120 0.072678 -0.157660
v 0.077272 0.067743 -0.157480
v 0.082975 0.101197 -0.154672
v 0.069502 0.063834 -0.162268
v 0.074624 0.064491 -0.158922
v 0.073839 0.060097 -0.159146
v 0.050234 0.080708 -0.175504
f 1 2 3
f 4 2 5
f 6 7 8
f 9 4 5
f 3 2 10
f 8 5 11
f 12 13 14
f 15 6 16
f 17 18 19
f 20 21 16
f 22 23 24
f 25 1 26
f 9 5 8
f 24 23 27
f 13 28 27
f 29 30 22
f 31 32 7
f 33 6 15
f 34 35 36
f 37 38 39
f 40 38 37
f 25 41 42
f 43 44 45
f 46 19 18
f 47 43 45
f 5 48 11
f 44 49 45
f 21 39 16
f 37 50 40
f 37 21 48
f 38 51 39
f 8 20 6
f 45 49 52
f 45 53 54
f 2 4 10
f 55 56 57
f 52 53 45
f 34 58 59
f 35 60 49
f 37 48 50
f 53 52 61
f 52 60 56
f 31 7 62
f 32 9 8
f 55 38 40
f 55 63 38
f 53 50 25
f 64 60 35
f 44 43 65
f 50 53 40
f 7 32 8
f 53 55 40
f 63 55 57
f 60 66 56
f 56 55 61
f 18 54 42
f 2 48 5
f 55 53 61
f 38 63 51
f 1 25 50
f 21 20 11
f 63 57 67
f 47 45 54
f 53 25 54
f 52 49 60
f 49 44 65
f 54 25 42
f 1 50 2
f 54 18 17
f 64 34 59
f 35 34 64
f 64 66 60
f 21 11 48
f 65 35 49
f 56 61 52
f 50 48 2
f 39 21 37
f 6 33 7
f 11 20 8
f 17 47 54
f 19 47 17
f 68 23 30
f 3 26 1
f 33 69 62
f 25 26 41
f 33 15 69
f 6 20 16
f 22 70 71
f 22 24 70
f 28 13 12
f 72 73 74
f 75 76 77
f 78 79 72
f 30 23 22
f 80 81 82
f 83 72 84
f 85 73 72
f 80 86 87
f 88 78 89
f 90 84 91
f 89 73 87
f 84 79 92
f 81 93 82
f 77 81 75
f 92 79 94
f 95 12 14
f 77 96 81
f 84 92 91
f 97 98 99
f 85 83 100
f 86 101 87
f 94 79 78
f 81 96 93
f 102 103 104
f 105 88 89
f 73 75 87
f 81 80 87
f 76 75 85
f 106 107 108
f 109 107 14
f 68 59 109
f 86 80 82
f 110 101 111
f 91 92 97
f 105 112 98
f 89 101 110
f 89 113 105
f 105 113 112
f 87 75 81
f 114 98 112
f 66 59 115
f 98 114 99
f 85 100 76
f 66 115 56
f 89 87 101
f 105 98 88
f 79 84 72
f 115 116 56
f 116 57 56
f 72 83 85
f 98 94 88
f 116 115 117
f 106 118 107
f 68 30 115
f 113 89 110
f 71 119 120
f 78 88 94
f 95 14 118
f 121 120 119
f 122 123 121
f 124 67 117
f 22 120 29
f 117 125 124
f 108 107 59
f 83 46 100
f 114 126 99
f 74 78 72
f 120 121 127
f 126 128 99
f 14 13 129
f 130 131 124
f 91 99 128
f 128 126 104
f 98 97 92
f 92 94 98
f 120 127 132
f 57 117 67
f 75 73 85
f 125 29 133
f 104 103 128
f 103 91 128
f 130 124 125
f 78 74 89
f 134 132 123
f 135 84 90
f 129 109 14
f 131 130 136
f 137 103 102
f 130 138 136
f 62 7 33
f 139 36 140
f 140 141 139
f 83 19 46
f 83 135 47
f 36 35 65
f 91 141 90
f 142 58 34
f 143 141 91
f 143 91 137
f 43 47 135
f 34 36 142
f 19 83 47
f 133 138 130
f 144 141 140
f 103 137 91
f 65 144 140
f 108 58 145
f 146 139 141
f 123 132 127
f 58 147 145
f 148 142 139
f 135 144 43
f 144 65 43
f 116 117 57
f 36 65 140
f 144 90 141
f 135 90 144
f 138 149 136
f 133 29 120
f 147 58 142
f 36 139 142
f 147 142 148
f 148 141 143
f 150 136 149
f 27 28 24
f 148 139 146
f 146 141 148
f 58 108 59
f 123 122 151
f 133 132 134
f 29 125 117
f 120 132 133
f 122 121 119
f 24 28 70
f 130 125 133
f 150 131 136
f 107 109 59
f 22 71 120
f 59 66 64
f 123 127 121
f 99 91 97
f 27 129 13
f 129 27 23
f 101 86 111
f 73 89 74
f 83 84 135
f 68 115 59
f 14 107 118
f 152 153 154
f 155 156 157
f 150 152 131
f 51 158 159
f 155 15 156
f 160 159 153
f 39 159 16
f 67 131 51
f 154 159 158
f 124 131 67
f 152 154 158
f 16 159 156
f 152 158 131
f 16 156 15
f 159 160 156
f 158 51 131
f 157 156 160
f 51 63 67
f 153 159 154
f 51 159 39
f 30 29 115
f 23 68 129
f 115 29 117
f 68 109 129
f 161 162 163
f 164 165 166
f 167 168 169
f 170 171 172
f 173 174 175
f 175 174 176
f 177 178 179
f 180 181 165
f 182 183 184
f 185 186 187
f 188 189 190
f 176 191 175
f 192 193 194
f 195 196 197
f 191 176 198
f 199 200 201
f 202 203 204
f 176 174 196
f 205 206 207
f 209 197 210
f 196 195 176
f 195 211 198
f 212 183 213
f 210 177 214
f 210 197 215
f 216 178 217
f 178 216 179
f 211 195 209
f 191 198 211
f 173 218 219
f 186 177 187
f 178 177 186
f 177 179 214
f 214 209 210
f 220 221 222
f 223 224 225
f 226 227 189
f 201 230 231
f 232 233 234
f 202 235 180
f 236 237 163
f 238 239 240
f 241 242 243
f 189 244 190
f 245 231 230
f 246 233 232
f 247 248 249
f 250 220 181
f 251 224 223
f 239 241 243
f 243 242 246
f 252 253 254
f 219 174 173
f 255 234 256
f 252 257 258
f 259 260 227
f 261 262 253
f 225 263 223
f 264 265 266
f 267 268 269
f 204 203 270
f 271 272 273
f 274 275 262
f 234 276 232
f 245 223 231
f 194 199 201
f 268 267 181
f 161 278 169
f 167 169 279
f 236 163 201
f 184 172 164
f 222 280 281
f 253 282 261
f 223 283 251
f 272 246 242
f 172 184 284
f 164 277 182
f 200 236 201
f 262 261 274
f 238 251 285
f 286 252 258
f 204 249 248
f 259 226 286
f 161 287 278
f 187 210 215
f 252 188 281
f 288 221 289
f 201 231 194
f 221 235 289
f 188 252 286
f 259 227 226
f 215 290 187
f 291 255 292
f 205 213 293
f 162 168 230
f 183 294 184
f 285 251 167
f 290 228 259
f 238 224 251
f 295 296 268
f 233 246 297
f 233 298 299
f 200 193 300
f 223 245 283
f 278 301 279
f 279 301 302
f 264 303 291
f 183 182 304
f 180 235 250
f 171 165 305
f 229 228 215
f 306 307 212
f 242 241 285
f 241 239 238
f 302 308 167
f 309 306 272
f 275 217 262
f 310 259 286
f 254 186 185
f 311 312 255
f 307 306 308
f 170 313 249
f 188 190 295
f 194 223 263
f 163 230 201
f 314 240 266
f 234 233 256
f 181 220 268
f 278 287 301
f 315 185 290
f 221 288 222
f 239 264 266
f 299 311 256
f 213 183 293
f 280 252 281
f 281 220 222
f 306 309 308
f 289 235 248
f 273 306 316
f 272 306 273
f 294 307 302
f 169 278 279
f 243 232 239
f 212 213 316
f 184 164 182
f 276 234 303
f 303 264 276
f 234 291 303
f 163 237 161
f 194 193 199
f 276 239 232
f 169 162 161
f 237 236 300
f 178 254 217
f 228 290 215
f 205 297 271
f 246 271 297
f 293 304 206
f 240 314 224
f 205 317 213
f 187 290 185
f 168 167 251
f 235 221 250
f 223 194 231
f 208 164 166
f 311 255 256
f 304 277 206
f 247 249 301
f 181 180 250
f 210 187 177
f 265 291 292
f 190 244 296
f 195 198 176
f 226 188 286
f 301 287 247
f 162 169 168
f 246 272 271
f 248 247 318
f 281 295 220
f 319 318 274
f 240 239 266
f 308 309 167
f 237 300 320
f 242 309 272
f 321 320 300
f 168 283 245
f 232 243 246
f 189 188 226
f 300 236 200
f 183 212 294
f 284 313 170
f 317 316 213
f 247 322 318
f 203 165 171
f 308 302 307
f 284 294 302
f 319 289 318
f 207 233 297
f 251 283 168
f 224 238 240
f 296 269 268
f 297 205 207
f 282 288 289
f 282 289 319
f 268 220 295
f 167 309 285
f 317 271 273
f 206 205 293
f 183 304 293
f 252 282 253
f 313 302 301
f 269 166 267
f 172 305 164
f 257 310 258
f 261 282 319
f 171 270 203
f 230 163 162
f 241 238 285
f 197 209 195
f 313 284 302
f 270 171 170
f 305 172 171
f 180 165 203
f 249 270 170
f 287 322 247
f 277 207 206
f 203 202 180
f 254 178 186
f 306 212 316
f 185 315 254
f 310 257 315
f 165 164 305
f 258 310 286
f 316 317 273
f 235 202 248
f 260 259 228
f 161 323 287
f 309 242 285
f 200 199 193
f 322 287 323
f 254 253 262
f 221 220 250
f 256 233 299
f 288 282 280
f 184 294 284
f 277 304 182
f 265 264 291
f 230 168 245
f 215 197 229
f 257 254 315
f 295 281 188
f 259 310 290
f 321 324 320
f 280 222 288
f 312 292 255
f 307 294 212
f 202 204 248
f 315 290 310
f 254 262 217
f 282 252 280
f 264 239 276
f 296 244 269
f 318 289 248
f 313 301 249
f 296 295 190
f 274 261 319
f 270 249 204
f 323 161 237
f 267 165 181
f 284 170 172
f 291 234 255
f 205 271 317
f 165 267 166
f 167 279 302
f 254 257 252
f 325 326 327
f 328 329 330
f 331 332 330
f 333 334 335
f 330 336 328
f 333 326 334
f 332 331 335
f 337 338 339
f 340 341 342
f 336 343 328
f 344 345 346
f 332 347 330
f 348 349 350
f 327 351 325
f 334 345 352
f 334 325 345
f 353 335 352
f 348 354 349
f 347 355 330
f 351 327 356
f 357 358 356
f 359 343 336
f 360 361 339
f 342 362 353
f 352 340 342
f 353 347 332
f 356 358 351
f 354 355 363
f 345 325 351
f 341 364 365
f 366 349 363
f 365 342 341
f 350 367 348
f 368 369 370
f 357 339 361
f 354 371 355
f 340 345 344
f 347 372 355
f 344 346 373
f 360 339 338
f 346 374 373
f 375 376 377
f 354 363 349
f 353 332 335
f 346 345 351
f 378 351 358
f 379 380 381
f 382 368 364
f 380 379 383
f 384 385 386
f 371 354 348
f 387 343 359
f 363 388 389
f 366 380 383
f 371 359 336
f 390 372 347
f 342 353 352
f 353 362 347
f 371 348 367
f 391 392 384
f 359 391 387
f 393 378 361
f 378 374 346
f 385 384 392
f 384 386 391
f 377 379 381
f 394 395 389
f 374 378 393
f 365 362 342
f 390 365 369
f 340 396 341
f 373 396 340
f 326 325 334
f 390 397 372
f 363 380 366
f 397 390 369
f 380 363 389
f 374 393 398
f 365 390 362
f 397 394 389
f 372 397 388
f 389 395 380
f 340 352 345
f 339 399 337
f 364 341 396
f 396 373 382
f 334 352 335
f 400 375 381
f 336 330 355
f 390 347 362
f 370 365 364
f 380 395 381
f 382 364 396
f 386 387 391
f 381 395 400
f 381 375 377
f 375 400 401
f 339 357 402
f 368 370 364
f 372 388 355
f 397 369 394
f 375 401 376
f 330 329 331
f 378 358 357
f 351 378 346
f 397 389 388
f 340 344 373
f 399 403 404
f 355 388 363
f 360 393 361
f 398 373 374
f 355 371 336
f 357 361 378
f 365 370 369
f 401 405 376
f 373 398 382
f 402 406 339
f 403 399 339
f 403 339 406
f 407 408 409
f 410 411 412
f 413 414 415
f 416 417 418
f 419 420 421
f 422 423 424
f 425 426 427
f 428 429 424
f 430 431 432
f 433 434 435
f 436 437 438
f 439 440 441
f 442 443 409
f 444 445 446
f 409 443 447
f 448 449 450
f 451 452 453
f 454 455 456
f 457 432 431
f 458 459 460
f 461 462 463
f 453 417 416
f 424 464 465
f 466 467 468
f 469 470 418
f 408 407 426
f 471 472 473
f 474 475 476
f 477 478 479
f 475 480 476
f 481 482 469
f 483 484 485
f 416 418 486
f 487 488 489
f 490 491 492
f 493 468 467
f 409 494 407
f 461 495 496
f 493 497 498
f 482 470 469
f 483 499 484
f 495 461 463
f 500 444 466
f 429 448 450
f 483 501 502
f 423 503 504
f 505 506 507
f 508 509 510
f 500 466 511
f 482 415 512
f 513 514 515
f 516 517 441
f 518 519 520
f 521 522 523
f 502 524 483
f 525 507 526
f 464 527 465
f 528 529 530
f 531 532 533
f 534 535 536
f 537 538 539
f 486 540 416
f 541 542 543
f 482 481 544
f 412 545 410
f 520 546 518
f 530 479 547
f 548 549 550
f 511 466 529
f 522 551 470
f 552 411 553
f 457 448 498
f 554 555 556
f 557 558 508
f 495 463 559
f 551 521 560
f 561 562 563
f 564 424 423
f 493 498 465
f 565 566 550
f 530 567 477
f 413 415 474
f 541 443 542
f 568 569 570
f 427 426 477
f 521 551 522
f 434 571 572
f 472 471 517
f 571 573 572
f 574 575 576
f 577 578 579
f 580 581 568
f 582 583 536
f 477 567 584
f 502 585 524
f 509 508 586
f 456 587 588
f 424 429 422
f 430 452 451
f 589 590 591
f 486 531 533
f 478 477 438
f 414 413 516
f 455 592 540
f 593 414 590
f 505 562 506
f 594 595 421
f 548 596 597
f 598 599 527
f 494 409 600
f 549 548 597
f 415 482 544
f 445 444 500
f 546 520 432
f 601 450 602
f 426 425 408
f 603 425 427
f 545 604 605
f 461 606 462
f 427 607 603
f 486 418 608
f 609 566 565
f 436 426 407
f 610 434 561
f 492 425 603
f 611 612 509
f 601 569 568
f 454 453 592
f 467 446 497
f 416 592 453
f 459 613 614
f 615 459 614
f 520 579 452
f 616 471 473
f 584 567 529
f 516 441 590
f 414 516 590
f 422 617 618
f 619 417 578
f 620 469 418
f 426 436 477
f 621 622 620
f 417 619 620
f 617 450 581
f 409 447 600
f 585 499 524
f 471 616 624
f 589 566 523
f 625 462 570
f 604 626 451
f 510 612 541
f 526 459 458
f 627 628 629
f 412 499 630
f 458 631 526
f 468 493 554
f 593 523 522
f 624 616 632
f 452 579 453
f 633 536 535
f 472 634 473
f 465 428 424
f 487 635 636
f 637 638 597
f 564 639 424
f 430 432 520
f 617 606 618
f 475 481 622
f 599 598 640
f 464 598 527
f 641 642 643
f 434 433 561
f 548 550 440
f 439 517 644
f 547 479 478
f 486 533 540
f 517 471 624
f 645 642 538
f 569 601 646
f 462 625 463
f 573 619 578
f 508 647 648
f 649 472 517
f 490 599 491
f 535 564 504
f 456 533 650
f 651 639 564
f 483 485 501
f 555 527 599
f 491 443 442
f 652 500 653
f 461 496 489
f 654 550 566
f 601 602 501
f 434 518 613
f 572 519 434
f 417 453 578
f 441 440 591
f 649 517 516
f 464 655 598
f 637 597 596
f 437 436 407
f 610 480 622
f 418 551 608
f 528 547 656
f 499 483 524
f 657 658 547
f 581 580 617
f 655 651 659
f 607 554 603
f 529 466 584
f 518 434 519
f 657 547 478
f 551 418 470
f 529 528 511
f 619 571 660
f 419 476 480
f 497 493 467
f 560 608 551
f 568 581 601
f 661 473 634
f 574 662 663
f 407 494 600
f 412 552 499
f 653 500 511
f 490 492 603
f 554 465 527
f 472 664 634
f 665 626 630
f 414 512 415
f 606 423 618
f 612 611 447
f 525 526 631
f 498 448 428
f 644 517 624
f 459 615 460
f 449 502 602
f 473 661 616
f 564 535 659
f 633 666 536
f 622 480 475
f 492 408 425
f 553 484 552
f 474 544 475
f 621 660 622
f 651 564 659
f 598 659 667
f 578 577 572
f 584 427 477
f 577 579 519
f 543 668 643
f 488 503 489
f 656 652 528
f 439 644 596
f 626 604 545
f 428 465 498
f 566 589 654
f 451 454 604
f 614 500 615
f 670 582 666
f 457 665 449
f 530 529 567
f 496 495 635
f 558 647 508
f 410 605 671
f 489 496 487
f 562 420 563
f 610 419 480
f 511 528 653
f 497 446 432
f 572 573 578
f 507 435 526
f 526 435 459
f 571 619 573
f 408 492 409
f 536 666 582
f 456 455 533
f 548 439 596
f 605 604 588
f 416 540 592
f 432 446 546
f 639 651 655
f 522 470 512
f 492 442 409
f 545 412 626
f 481 620 622
f 599 668 491
f 527 555 554
f 537 539 583
f 592 455 454
f 582 670 672
f 554 493 465
f 644 637 596
f 584 468 427
f 489 503 461
f 614 613 518
f 509 612 510
f 519 572 577
f 643 642 645
f 552 412 411
f 539 642 534
f 499 552 484
f 530 477 479
f 564 423 504
f 580 570 462
f 498 497 432
f 534 536 539
f 586 508 648
f 662 673 669
f 674 675 576
f 542 668 543
f 440 589 591
f 534 641 667
f 676 487 514
f 421 476 419
f 633 535 488
f 538 557 645
f 427 468 607
f 663 662 669
f 670 633 676
f 476 595 474
f 615 500 652
f 632 637 644
f 621 619 660
f 677 635 627
f 674 515 675
f 561 433 435
f 673 678 628
f 536 583 539
f 635 677 636
f 492 491 442
f 460 656 658
f 514 677 515
f 649 516 413
f 659 598 655
f 450 601 581
f 668 599 679
f 654 440 550
f 538 642 539
f 561 563 419
f 504 503 488
f 672 513 674
f 556 490 603
f 679 599 640
f 460 615 652
f 496 635 487
f 621 620 619
f 534 642 641
f 474 680 472
f 626 412 630
f 454 456 588
f 490 555 599
f 680 474 595
f 510 557 508
f 533 455 540
f 602 502 501
f 678 662 675
f 594 421 420
f 629 678 675
f 422 429 450
f 512 593 522
f 515 677 627
f 605 410 545
f 423 606 503
f 630 585 665
f 650 533 532
f 556 603 554
f 667 679 640
f 678 673 662
f 449 448 457
f 628 681 673
f 575 623 672
f 557 510 541
f 643 679 641
f 535 534 667
f 477 436 438
f 627 635 681
f 672 674 576
f 434 610 571
f 488 487 676
f 681 495 682
f 521 523 566
f 468 554 607
f 678 629 628
f 466 444 467
f 541 645 557
f 629 675 515
f 662 574 576
f 532 587 650
f 555 490 556
f 523 590 589
f 435 507 561
f 644 624 632
f 677 514 487
f 445 614 546
f 578 453 579
f 643 668 679
f 654 589 440
f 593 590 523
f 622 660 571
f 598 667 640
f 676 672 670
f 464 424 639
f 422 618 423
f 620 418 417
f 566 609 521
f 662 576 675
f 518 546 614
f 559 463 625
f 544 481 475
f 636 677 487
f 419 610 561
f 629 515 627
f 620 481 469
f 488 535 504
f 652 656 460
f 521 609 560
f 547 658 656
f 649 413 474
f 447 611 600
f 525 505 507
f 639 655 464
f 613 435 434
f 623 582 672
f 443 491 542
f 422 450 617
f 570 580 568
f 501 646 601
f 676 514 672
f 653 528 652
f 641 679 667
f 645 541 543
f 576 575 672
f 606 580 462
f 627 681 628
f 431 665 457
f 503 606 461
f 443 541 612
f 472 649 474
f 429 428 448
f 528 530 547
f 591 590 441
f 419 563 420
f 585 502 665
f 548 440 439
f 668 542 491
f 446 445 546
f 421 595 476
f 502 449 665
f 498 432 457
f 431 626 665
f 444 446 467
f 559 682 495
f 513 672 514
f 659 535 667
f 561 507 506
f 495 681 635
f 513 515 674
f 447 443 612
f 587 456 650
f 605 588 671
f 666 633 670
f 680 664 472
f 562 561 506
f 454 588 604
f 630 499 585
f 558 557 538
f 614 445 500
f 626 430 451
f 519 579 520
f 544 474 415
f 622 571 610
f 449 602 450
f 587 671 588
f 451 453 454
f 435 613 459
f 431 430 626
f 520 452 430
f 439 441 517
f 580 606 617
f 676 633 488
f 512 470 482
f 414 593 512
f 584 466 468
f 645 543 643
f 683 684 685
f 685 686 683
f 687 685 684
f 685 688 686
f 688 685 689
f 685 687 689
f 690 691 692
f 693 694 695
f 696 697 698
f 699 700 701
f 702 703 704
f 705 706 707
f 708 709 710
f 711 700 712
f 713 714 715
f 716 717 718
f 719 702 704
f 720 721 722
f 723 724 698
f 725 726 727
f 728 729 730
f 700 731 712
f 732 733 734
f 735 736 737
f 738 739 699
f 740 741 742
f 743 744 745
f 747 748 720
f 749 750 751
f 752 753 709
f 703 727 704
f 738 754 739
f 755 756 757
f 758 735 759
f 760 761 762
f 763 764 765
f 747 766 767
f 768 769 770
f 771 772 773
f 774 775 776
f 702 777 778
f 779 780 697
f 781 782 783
f 784 785 786
f 787 788 755
f 789 790 791
f 792 793 794
f 795 796 797
f 798 799 800
f 754 761 801
f 802 803 804
f 805 806 749
f 793 792 807
f 808 789 809
f 735 810 773
f 769 811 744
f 812 813 814
f 691 815 816
f 694 817 695
f 748 818 720
f 691 690 815
f 807 819 793
f 820 821 822
f 823 824 825
f 807 792 826
f 827 741 781
f 708 828 799
f 752 799 829
f 830 807 831
f 832 695 833
f 834 835 836
f 837 838 839
f 840 791 841
f 842 843 844
f 750 749 845
f 717 846 718
f 847 848 777
f 849 850 715
f 851 824 814
f 834 776 852
f 716 853 778
f 854 855 856
f 724 857 858
f 859 860 861
f 862 863 749
f 843 864 844
f 865 801 761
f 805 866 867
f 868 758 869
f 784 774 785
f 755 870 787
f 871 795 872
f 782 741 873
f 874 875 876
f 859 720 818
f 877 849 878
f 879 731 699
f 804 692 880
f 881 882 883
f 759 884 885
f 795 871 886
f 887 798 888
f 889 822 890
f 891 719 733
f 892 726 725
f 879 739 801
f 893 762 833
f 894 895 896
f 734 733 719
f 778 897 717
f 812 814 784
f 746 898 899
f 891 900 836
f 809 791 840
f 752 708 799
f 894 901 902
f 903 904 905
f 906 907 902
f 763 788 908
f 746 899 909
f 848 897 778
f 910 863 862
f 733 809 891
f 796 795 886
f 911 912 879
f 726 704 727
f 862 749 751
f 913 895 881
f 737 736 914
f 915 848 847
f 696 779 697
f 916 713 715
f 913 896 895
f 758 759 885
f 707 771 705
f 896 917 894
f 918 819 830
f 821 796 822
f 912 889 852
f 838 917 919
f 736 735 920
f 921 738 922
f 777 719 847
f 923 924 925
f 803 802 926
f 694 927 817
f 692 804 928
f 848 778 777
f 736 722 914
f 917 838 929
f 930 869 885
f 729 931 730
f 826 932 933
f 716 778 717
f 771 743 705
f 710 934 828
f 935 928 877
f 905 813 812
f 902 907 783
f 890 936 937
f 868 735 758
f 884 934 710
f 848 938 897
f 739 879 699
f 939 740 742
f 845 749 806
f 835 858 857
f 905 786 942
f 909 943 919
f 884 930 885
f 944 934 842
f 872 757 945
f 819 946 793
f 947 924 948
f 862 718 846
f 691 880 692
f 949 880 691
f 724 858 950
f 818 951 860
f 698 697 952
f 953 954 955
f 941 940 913
f 928 948 692
f 760 762 956
f 952 846 938
f 700 957 701
f 958 867 866
f 913 883 941
f 883 913 881
f 724 723 857
f 943 899 932
f 805 867 959
f 897 938 717
f 769 744 771
f 861 721 859
f 922 960 921
f 961 962 963
f 713 916 964
f 848 915 698
f 780 965 863
f 876 878 874
f 966 857 915
f 967 811 968
f 742 958 765
f 889 911 822
f 797 969 755
f 694 730 970
f 864 843 759
f 834 836 900
f 971 721 955
f 719 891 836
f 701 922 738
f 955 972 953
f 828 934 944
f 857 723 915
f 825 973 823
f 827 907 906
f 974 963 962
f 819 918 806
f 963 974 869
f 756 755 788
f 938 848 698
f 971 854 856
f 791 786 785
f 872 945 871
f 828 708 710
f 931 729 767
f 714 975 976
f 843 842 934
f 806 918 845
f 799 798 829
f 945 724 936
f 943 839 838
f 813 905 904
f 786 905 812
f 743 947 705
f 973 953 972
f 791 785 841
f 972 977 978
f 798 887 829
f 979 861 951
f 858 835 852
f 980 825 824
f 856 855 721
f 763 981 982
f 813 904 851
f 908 788 764
f 734 719 726
f 786 812 784
f 841 776 834
f 713 736 920
f 937 724 950
f 945 757 696
f 862 846 910
f 858 852 937
f 972 823 973
f 824 823 978
f 763 765 981
f 974 983 869
f 984 760 956
f 860 951 861
f 985 702 853
f 933 986 826
f 924 923 948
f 773 769 771
f 854 987 988
f 711 814 824
f 981 965 989
f 775 774 784
f 990 882 881
f 937 936 724
f 972 978 823
f 978 979 824
f 884 843 934
f 759 735 864
f 912 911 889
f 734 726 892
f 783 907 781
f 844 864 987
f 963 709 961
f 793 946 794
f 991 798 800
f 986 807 826
f 932 792 839
f 765 939 742
f 776 775 852
f 744 743 771
f 709 930 710
f 911 992 822
f 833 921 832
f 794 839 792
f 741 827 742
f 987 864 988
f 779 696 989
f 827 959 742
f 707 875 772
f 878 976 874
f 814 813 851
f 873 993 782
f 912 852 775
f 817 994 695
f 968 811 769
f 885 869 758
f 979 978 977
f 966 915 847
f 722 736 964
f 969 984 995
f 721 977 955
f 854 971 954
f 996 959 827
f 748 728 832
f 852 889 937
f 747 720 964
f 914 864 737
f 831 807 986
f 926 931 767
f 748 729 728
f 766 964 916
f 865 821 801
f 863 866 749
f 866 997 998
f 735 737 864
f 999 1000 990
f 840 900 891
f 895 782 993
f 711 712 784
f 775 784 712
f 945 936 871
f 936 890 871
f 950 858 937
f 822 886 890
f 886 871 890
f 957 711 1001
f 977 861 979
f 722 988 864
f 963 869 930
f 713 964 736
f 971 955 954
f 794 946 837
f 899 898 933
f 965 780 989
f 782 781 741
f 995 984 956
f 731 912 775
f 810 1002 770
f 795 797 755
f 996 806 805
f 722 864 914
f 971 856 721
f 722 855 988
f 902 929 906
f 769 773 770
f 869 983 868
f 799 828 991
f 696 982 989
f 929 902 901
f 855 854 988
f 810 868 1002
f 932 826 792
f 951 957 1001
f 932 899 933
f 975 920 773
f 778 853 702
f 757 982 696
f 783 894 902
f 965 997 866
f 861 977 721
f 781 907 827
f 997 965 981
f 801 821 992
f 822 992 820
f 975 713 920
f 896 913 940
f 731 700 699
f 757 872 795
f 1003 925 924
f 886 822 796
f 1002 868 983
f 957 922 701
f 713 975 714
f 724 945 698
f 982 757 756
f 966 836 835
f 949 931 880
f 731 775 712
f 947 1004 924
f 980 851 904
f 694 970 927
f 931 949 927
f 820 992 821
f 780 779 989
f 768 770 1002
f 855 722 721
f 952 938 698
f 702 719 777
f 917 901 894
f 976 975 874
f 975 875 874
f 772 875 773
f 870 969 1005
f 993 873 999
f 931 926 802
f 929 838 837
f 955 977 972
f 692 948 690
f 824 851 980
f 832 960 748
f 959 996 805
f 859 818 860
f 818 922 951
f 849 714 976
f 780 863 910
f 782 895 783
f 715 714 849
f 771 707 772
f 780 846 952
f 964 766 747
f 693 832 728
f 801 992 879
f 738 699 701
f 769 768 968
f 964 720 722
f 992 911 879
f 715 766 916
f 976 878 849
f 809 733 808
f 791 790 942
f 850 766 715
f 765 764 1006
f 875 707 876
f 695 832 693
f 697 780 952
f 788 763 982
f 834 900 841
f 741 740 873
f 796 821 984
f 958 959 867
f 857 966 835
f 839 794 837
f 929 901 917
f 979 951 1001
f 935 877 878
f 865 984 821
f 805 749 866
f 879 912 731
f 937 889 890
f 755 969 870
f 818 960 922
f 878 876 935
f 803 926 850
f 850 849 877
f 876 707 935
f 745 811 1004
f 993 990 881
f 905 942 903
f 773 810 770
f 767 766 926
f 850 877 803
f 935 707 706
f 908 764 763
f 984 865 760
f 892 732 734
f 997 981 998
f 959 958 742
f 788 982 756
f 928 935 706
f 804 880 802
f 948 923 690
f 966 847 836
f 754 801 739
f 797 984 969
f 698 915 723
f 948 705 947
f 810 735 868
f 776 841 774
f 708 752 709
f 881 895 993
f 957 700 711
f 946 819 806
f 761 760 865
f 765 958 981
f 740 999 873
f 1000 999 740
f 757 795 755
f 927 970 931
f 754 921 761
f 832 921 960
f 807 830 819
f 863 965 866
f 818 748 960
f 927 949 691
f 705 948 706
f 729 747 767
f 947 743 745
f 958 866 998
f 754 738 921
f 838 919 943
f 841 900 840
f 1005 969 995
f 1007 787 870
f 942 786 791
f 922 957 951
f 926 766 850
f 761 921 833
f 764 788 1008
f 852 835 834
f 827 906 946
f 880 931 802
f 764 1008 1006
f 833 762 761
f 730 931 970
f 923 815 690
f 695 994 833
f 930 709 963
f 694 693 730
f 945 696 698
f 774 841 785
f 732 892 1009
f 808 733 732
f 884 710 930
f 728 730 693
f 998 981 958
f 846 717 938
f 892 725 1009
f 702 985 703
f 875 975 773
f 929 946 906
f 996 946 806
f 994 893 833
f 989 982 981
f 898 986 933
f 839 943 932
f 827 946 996
f 859 721 720
f 811 745 744
f 990 993 999
f 719 836 847
f 691 816 927
f 979 711 824
f 711 784 814
f 961 709 753
f 747 729 748
f 1000 882 990
f 894 783 895
f 1001 711 979
f 946 929 837
f 1005 1007 870
f 891 809 840
f 804 877 928
f 773 920 735
f 1004 947 745
f 799 991 800
f 910 846 780
f 943 909 899
f 884 759 843
f 719 704 726
f 791 809 789
f 877 804 803
f 706 948 928
f 797 796 984
f 1010 1011 1012
f 1013 1014 1015
f 1016 1017 1018
f 1019 1020 1021
f 1022 1023 1024
f 1025 1026 1027
f 1027 1014 1025
f 1028 1029 1025
f 1030 1017 1016
f 1031 1027 1026
f 1013 1015 1031
f 1031 1015 1027
f 1015 1014 1027
f 1025 1032 1026
f 1029 1028 1033
f 1034 1018 1035
f 1036 1037 1038
f 1033 1028 1039
f 1028 1040 1039
f 1035 1033 1034
f 1041 1019 1042
f 1043 1039 1040
f 1044 1035 1023
f 1024 1045 1022
f 1043 1034 1039
f 1022 1046 1023
f 1043 1016 1034
f 1044 1023 1046
f 1022 1045 1047
f 1035 1018 1017
f 1016 1018 1034
f 1035 1017 1024
f 1048 1049 1050
f 1011 1051 1052
f 1053 1052 1054
f 1055 1056 1057
f 1050 1058 1056
f 1059 1029 1033
f 1032 1029 1026
f 1060 1061 1051
f 1062 1063 1064
f 1049 1058 1050
f 1065 1066 1067
f 1047 1058 1049
f 1068 1069 1036
f 1035 1044 1059
f 1056 1055 1070
f 1051 1061 1052
f 1071 1072 1073
f 1074 1075 1076
f 1067 1066 1077
f 1060 1049 1078
f 1037 1079 1066
f 1070 1050 1056
f 1063 1080 1081
f 1053 1082 1041
f 1083 1084 1085
f 1035 1059 1033
f 1058 1045 1057
f 1052 1061 1054
f 1024 1057 1045
f 1061 1060 1080
f 1036 1038 1070
f 1060 1078 1080
f 1077 1086 1067
f 1036 1055 1068
f 1024 1023 1035
f 1017 1030 1057
f 1047 1045 1058
f 1032 1025 1029
f 1020 1019 1087
f 1088 1073 1072
f 1089 1021 1090
f 1078 1091 1080
f 1092 1089 1093
f 1094 1095 1096
f 1090 1073 1088
f 1090 1093 1089
f 1070 1038 1097
f 1098 1090 1088
f 1049 1048 1091
f 1088 1099 1098
f 1087 1019 1041
f 1100 1101 1102
f 1103 1099 1102
f 1099 1104 1098
f 1103 1101 1105
f 1052 1053 1106
f 1107 1104 1108
f 1105 1104 1103
f 1104 1105 1109
f 1110 1111 1112
f 1110 1109 1111
f 1011 1010 1113
f 1105 1114 1109
f 1104 1107 1093
f 1021 1073 1090
f 1115 1073 1064
f 1104 1093 1098
f 1116 1019 1089
f 1104 1099 1103
f 1091 1081 1080
f 1072 1117 1088
f 1118 1119 1070
f 1070 1119 1050
f 1048 1050 1119
f 1055 1057 1030
f 1041 1082 1087
f 1119 1075 1074
f 1114 1111 1109
f 1085 1048 1083
f 1073 1115 1071
f 1097 1038 1037
f 1085 1091 1048
f 1080 1087 1054
f 1062 1021 1020
f 1056 1058 1057
f 1068 1055 1120
f 1051 1011 1060
f 1104 1109 1108
f 1090 1098 1093
f 1100 1117 1095
f 1101 1103 1102
f 1095 1094 1100
f 1064 1021 1062
f 1102 1099 1117
f 1099 1088 1117
f 1091 1078 1049
f 1117 1100 1102
f 1117 1072 1095
f 1089 1092 1116
f 1048 1074 1083
f 1082 1054 1087
f 1012 1011 1106
f 1069 1068 1120
f 1047 1049 1060
f 1022 1113 1046
f 1063 1062 1020
f 1024 1017 1057
f 1030 1120 1055
f 1064 1081 1115
f 1054 1061 1080
f 1116 1042 1019
f 1095 1121 1096
f 1084 1071 1115
f 1041 1042 1053
f 1054 1082 1053
f 1055 1036 1070
f 1121 1095 1122
f 1019 1021 1089
f 1066 1079 1077
f 1037 1066 1123
f 1122 1095 1072
f 1097 1118 1070
f 1063 1087 1080
f 1063 1081 1064
f 1064 1073 1021
f 1066 1065 1123
f 1115 1085 1084
f 1121 1122 1076
f 1037 1069 1079
f 1081 1085 1115
f 1047 1011 1113
f 1106 1011 1052
f 1072 1071 1122
f 1037 1036 1069
f 1075 1119 1118
f 1113 1022 1047
f 1084 1074 1076
f 1123 1097 1037
f 1047 1060 1011
f 1083 1074 1084
f 1020 1087 1063
f 1039 1034 1033
f 1120 1124 1069
f 1091 1085 1081
f 1074 1048 1119
f 1076 1122 1084
f 1071 1084 1122
f 1125 1126 1127
f 1126 1125 1128
f 1128 1129 1126
f 1129 1130 1131
f 1126 1132 1127
f 1131 1133 1129
f 1135 1129 1128
f 1127 1134 1125
f 1134 1136 1125
f 1130 1133 1131
f 1130 1129 1135
f 1137 1135 1128
f 1132 1126 1129
f 1129 1133 1132
f 1138 1137 1139
f 1137 1138 1140
f 1135 1137 1141
f 1137 1128 1139
f 1135 1143 1130
f 1142 1130 1143
f 1135 1141 1143
f 1144 1143 1141
f 1145 1146 1147
f 1148 1149 1150
f 1151 1152 1153
f 1154 1155 1156
f 1157 1158 1159
f 1160 1161 1162
f 1153 1163 1164
f 1165 1166 1167
f 1168 1169 1170
f 1171 1172 1147
f 1173 1174 1175
f 1176 1177 1178
f 1179 1180 1181
f 1146 1182 1183
f 1184 1185 1186
f 1187 1188 1189
f 1190 1191 1192
f 1193 1175 1194
f 1195 1196 1197
f 1198 1199 1200
f 1197 1201 1202
f 1203 1204 1205
f 1206 1207 1208
f 1209 1210 1206
f 1147 1197 1171
f 1211 1212 1213
f 1147 1214 1145
f 1215 1159 1216
f 1217 1208 1207
f 1218 1219 1220
f 1221 1152 1151
f 1222 1223 1224
f 1197 1202 1225
f 1226 1192 1162
f 1227 1228 1229
f 1230 1231 1176
f 1232 1233 1234
f 1235 1236 1237
f 1238 1239 1240
f 1241 1242 1182
f 1243 1244 1245
f 1246 1247 1248
f 1249 1178 1250
f 1251 1252 1238
f 1253 1157 1159
f 1228 1208 1229
f 1254 1255 1256
f 1244 1257 1258
f 1259 1150 1260
f 1254 1261 1262
f 1171 1225 1218
f 1263 1264 1265
f 1266 1265 1267
f 1245 1268 1243
f 1210 1209 1243
f 1219 1218 1225
f 1253 1269 1270
f 1194 1241 1146
f 1228 1271 1272
f 1189 1273 1274
f 1172 1171 1275
f 1191 1276 1192
f 1192 1276 1160
f 1277 1146 1183
f 1151 1252 1251
f 1278 1279 1280
f 1271 1228 1227
f 1244 1243 1257
f 1281 1282 1283
f 1271 1243 1272
f 1255 1254 1284
f 1268 1285 1286
f 1287 1202 1201
f 1288 1286 1289
f 1285 1290 1291
f 1292 1293 1294
f 1281 1283 1295
f 1174 1296 1297
f 1158 1216 1159
f 1183 1195 1277
f 1267 1265 1264
f 1298 1299 1300
f 1263 1301 1302
f 1261 1189 1274
f 1224 1303 1203
f 1254 1205 1187
f 1304 1259 1260
f 1305 1153 1152
f 1174 1173 1304
f 1306 1201 1307
f 1192 1160 1162
f 1308 1309 1310
f 1215 1311 1312
f 1290 1245 1258
f 1271 1227 1301
f 1313 1314 1149
f 1201 1197 1307
f 1208 1270 1229
f 1250 1178 1315
f 1231 1155 1176
f 1316 1199 1246
f 1317 1222 1256
f 1270 1269 1229
f 1148 1318 1149
f 1319 1223 1317
f 1303 1224 1283
f 1153 1164 1151
f 1164 1252 1151
f 1295 1320 1281
f 1321 1191 1190
f 1322 1315 1178
f 1176 1323 1177
f 1324 1182 1242
f 1190 1226 1165
f 1153 1325 1163
f 1202 1287 1311
f 1287 1306 1326
f 1221 1251 1240
f 1292 1327 1293
f 1309 1157 1310
f 1328 1274 1273
f 1233 1232 1329
f 1324 1195 1183
f 1175 1193 1173
f 1175 1174 1297
f 1223 1330 1295
f 1331 1317 1255
f 1325 1153 1305
f 1332 1168 1333
f 1227 1302 1301
f 1334 1335 1198
f 1336 1337 1338
f 1263 1302 1264
f 1317 1256 1255
f 1257 1243 1271
f 1184 1333 1168
f 1289 1339 1288
f 1340 1200 1329
f 1278 1341 1246
f 1198 1342 1246
f 1205 1204 1188
f 1286 1291 1289
f 1338 1292 1294
f 1204 1273 1188
f 1193 1343 1173
f 1222 1254 1256
f 1242 1344 1156
f 1277 1197 1147
f 1162 1169 1345
f 1199 1198 1246
f 1319 1212 1211
f 1319 1211 1330
f 1266 1346 1326
f 1347 1320 1330
f 1305 1348 1325
f 1261 1254 1187
f 1322 1179 1181
f 1345 1226 1162
f 1232 1234 1349
f 1350 1347 1351
f 1181 1170 1322
f 1347 1350 1320
f 1352 1353 1354
f 1329 1352 1355
f 1209 1208 1272
f 1345 1332 1166
f 1356 1195 1324
f 1292 1338 1337
f 1278 1235 1341
f 1357 1213 1164
f 1214 1331 1358
f 1357 1163 1211
f 1359 1236 1235
f 1335 1342 1198
f 1360 1351 1211
f 1300 1299 1361
f 1334 1200 1340
f 1362 1324 1242
f 1318 1274 1328
f 1363 1180 1323
f 1351 1347 1211
f 1163 1325 1360
f 1364 1314 1365
f 1318 1328 1366
f 1367 1260 1314
f 1195 1356 1196
f 1368 1233 1369
f 1220 1215 1216
f 1273 1189 1188
f 1370 1313 1371
f 1296 1174 1367
f 1164 1163 1357
f 1223 1295 1224
f 1358 1255 1284
f 1243 1209 1272
f 1372 1278 1280
f 1358 1343 1145
f 1355 1233 1329
f 1169 1168 1345
f 1361 1373 1374
f 1335 1334 1340
f 1314 1364 1367
f 1299 1298 1372
f 1235 1278 1359
f 1372 1297 1296
f 1231 1242 1156
f 1236 1359 1375
f 1336 1338 1376
f 1313 1149 1318
f 1326 1346 1287
f 1219 1225 1377
f 1149 1314 1378
f 1155 1300 1363
f 1344 1298 1154
f 1230 1379 1362
f 1337 1210 1243
f 1374 1380 1361
f 1378 1314 1260
f 1355 1369 1233
f 1247 1381 1248
f 1206 1210 1336
f 1363 1382 1180
f 1383 1185 1180
f 1200 1353 1329
f 1275 1214 1172
f 1170 1315 1322
f 1382 1363 1384
f 1341 1235 1237
f 1376 1338 1294
f 1343 1193 1145
f 1230 1242 1231
f 1368 1385 1383
f 1367 1364 1296
f 1312 1267 1264
f 1161 1160 1386
f 1377 1311 1219
f 1181 1184 1168
f 1169 1387 1170
f 1331 1388 1212
f 1167 1166 1389
f 1282 1303 1283
f 1390 1262 1148
f 1391 1157 1270
f 1171 1197 1225
f 1379 1249 1386
f 1295 1330 1320
f 1212 1252 1213
f 1205 1188 1187
f 1154 1300 1155
f 1179 1177 1323
f 1262 1390 1343
f 1390 1148 1150
f 1382 1392 1383
f 1274 1148 1261
f 1179 1323 1180
f 1218 1240 1239
f 1259 1343 1390
f 1275 1171 1239
f 1346 1267 1311
f 1378 1150 1149
f 1332 1389 1166
f 1393 1394 1385
f 1226 1190 1192
f 1288 1268 1286
f 1148 1262 1261
f 1243 1268 1337
f 1165 1226 1166
f 1246 1279 1278
f 1217 1391 1270
f 1395 1361 1280
f 1300 1154 1298
f 1361 1299 1280
f 1173 1343 1259
f 1384 1349 1234
f 1186 1385 1394
f 1367 1304 1260
f 1387 1250 1170
f 1279 1246 1342
f 1392 1368 1383
f 1366 1370 1371
f 1396 1374 1373
f 1181 1168 1170
f 1208 1209 1206
f 1147 1172 1214
f 1373 1361 1395
f 1185 1383 1186
f 1322 1177 1179
f 1253 1215 1312
f 1319 1330 1223
f 1270 1208 1217
f 1365 1397 1364
f 1186 1383 1385
f 1215 1220 1219
f 1397 1296 1364
f 1292 1337 1327
f 1374 1396 1349
f 1212 1319 1317
f 1365 1359 1397
f 1148 1274 1318
f 1384 1234 1392
f 1313 1318 1371
f 1394 1184 1186
f 1298 1344 1297
f 1323 1155 1363
f 1150 1378 1260
f 1280 1299 1372
f 1252 1164 1213
f 1150 1259 1390
f 1304 1173 1259
f 1340 1232 1335
f 1382 1384 1392
f 1178 1230 1176
f 1380 1363 1300
f 1342 1395 1279
f 1344 1154 1156
f 1362 1242 1230
f 1250 1315 1170
f 1232 1340 1329
f 1189 1261 1187
f 1327 1337 1288
f 1297 1372 1298
f 1238 1252 1388
f 1312 1264 1253
f 1241 1182 1146
f 1349 1384 1374
f 1239 1171 1218
f 1151 1251 1221
f 1254 1262 1284
f 1211 1347 1330
f 1368 1393 1385
f 1174 1304 1367
f 1388 1252 1212
f 1184 1398 1333
f 1146 1277 1147
f 1337 1336 1210
f 1323 1176 1155
f 1237 1247 1341
f 1184 1394 1398
f 1178 1249 1230
f 1229 1264 1302
f 1380 1374 1384
f 1391 1310 1157
f 1214 1275 1388
f 1238 1240 1251
f 1289 1399 1400
f 1311 1267 1312
f 1386 1249 1161
f 1285 1245 1290
f 1180 1185 1181
f 1393 1368 1369
f 1308 1158 1309
f 1159 1215 1253
f 1240 1218 1220
f 1254 1222 1205
f 1285 1268 1245
f 1166 1226 1345
f 1249 1379 1230
f 1161 1250 1387
f 1400 1339 1289
f 1387 1169 1161
f 1368 1234 1233
f 1311 1215 1219
f 1193 1194 1145
f 1384 1363 1380
f 1270 1157 1253
f 1332 1345 1168
f 1300 1361 1380
f 1373 1395 1342
f 1248 1316 1246
f 1145 1214 1358
f 1156 1155 1231
f 1177 1322 1178
f 1161 1249 1250
f 1396 1335 1349
f 1311 1287 1346
f 1396 1373 1335
f 1331 1212 1317
f 1280 1279 1395
f 1278 1372 1397
f 1377 1225 1202
f 1341 1247 1246
f 1241 1194 1175
f 1343 1358 1284
f 1342 1335 1373
f 1291 1286 1285
f 1264 1229 1269
f 1311 1377 1202
f 1229 1302 1227
f 1146 1145 1194
f 1241 1175 1297
f 1213 1357 1211
f 1343 1284 1262
f 1239 1238 1275
f 1366 1371 1318
f 1331 1255 1358
f 1297 1344 1241
f 1264 1269 1253
f 1295 1283 1224
f 1307 1197 1196
f 1258 1245 1244
f 1161 1169 1162
f 1200 1199 1401
f 1234 1368 1392
f 1291 1399 1289
f 1211 1163 1360
f 1344 1242 1241
f 1232 1349 1335
f 1388 1275 1238
f 1222 1317 1223
f 1346 1266 1267
f 1183 1182 1324
f 1197 1277 1195
f 1205 1224 1203
f 1337 1268 1288
f 1375 1359 1365
f 1201 1306 1287
f 1334 1198 1200
f 1276 1386 1160
f 1205 1222 1224
f 1354 1353 1401
f 1158 1157 1309
f 1184 1181 1185
f 1352 1329 1353
f 1200 1401 1353
f 1331 1214 1388
f 1272 1208 1228
f 1397 1359 1278
f 1296 1397 1372
f 1180 1382 1383
f 1402 1403 1404
f 1405 1406 1407
f 1408 1409 1402
f 1410 1411 1412
f 1408 1402 1404
f 1413 1414 1415
f 1416 1417 1418
f 1419 1420 1421
f 1421 1422 1413
f 1423 1418 1424
f 1421 1425 1426
f 1413 1427 1428
f 1417 1424 1418
f 1423 1422 1418
f 1418 1422 1429
f 1420 1422 1421
f 1411 1430 1402
f 1427 1413 1422
f 1415 1414 1431
f 1426 1432 1421
f 1419 1433 1420
f 1411 1431 1414
f 1403 1434 1404
f 1419 1421 1432
f 1420 1435 1429
f 1421 1413 1425
f 1428 1414 1413
f 1411 1410 1431
f 1416 1418 1429
f 1429 1422 1420
f 1436 1427 1423
f 1424 1417 1437
f 1414 1430 1411
f 1415 1425 1413
f 1427 1436 1428
f 1427 1422 1423
f 1438 1439 1440
f 1434 1441 1404
f 1434 1442 1443
f 1444 1439 1438
f 1445 1438 1440
f 1409 1410 1412
f 1439 1446 1440
f 1437 1447 1448
f 1439 1449 1450
f 1434 1443 1445
f 1451 1452 1453
f 1445 1443 1438
f 1454 1447 1437
f 1409 1412 1402
f 1402 1412 1411
f 1441 1434 1452
f 1405 1407 1416
f 1455 1407 1406
f 1456 1409 1408
f 1407 1455 1417
f 1417 1454 1437
f 1452 1451 1441
f 1447 1454 1457
f 1446 1439 1450
f 1438 1443 1444
f 1449 1439 1444
f 1454 1417 1455
f 1441 1408 1404
f 1434 1403 1442
f 1416 1407 1417
f 1458 1459 1460
f 1461 1462 1460
f 1461 1463 1464
f 1459 1463 1461
f 1460 1459 1461
f 1429 1465 1416
f 1435 1466 1429
f 1429 1466 1465
f 1467 1416 1465
f 1435 1420 1433
f 1467 1405 1416
f 1468 1469 1430
f 1470 1471 1472
f 1423 1424 1471
f 1444 1473 1474
f 1442 1403 1430
f 1475 1424 1448
f 1476 1477 1473
f 1473 1477 1474
f 1471 1478 1479
f 1472 1477 1470
f 1472 1471 1480
f 1475 1478 1424
f 1470 1477 1476
f 1443 1469 1473
f 1470 1481 1471
f 1474 1477 1482
f 1478 1471 1424
f 1469 1468 1428
f 1469 1476 1473
f 1448 1424 1437
f 1472 1482 1477
f 1481 1428 1436
f 1436 1471 1481
f 1430 1414 1468
f 1423 1471 1436
f 1470 1476 1481
f 1430 1469 1442
f 1476 1469 1481
f 1473 1444 1443
f 1428 1468 1414
f 1428 1481 1469
f 1443 1442 1469
f 1480 1462 1483
f 1430 1403 1402
f 1484 1485 1486
f 1444 1487 1488
f 1485 1450 1449
f 1482 1483 1489
f 1487 1489 1486
f 1486 1488 1487
f 1486 1489 1462
f 1474 1482 1489
f 1464 1486 1462
f 1485 1488 1486
f 1485 1449 1488
f 1472 1480 1483
f 1461 1464 1462
f 1483 1482 1472
f 1458 1460 1462
f 1488 1449 1444
f 1479 1478 1475
f 1474 1487 1444
f 1489 1487 1474
f 1483 1462 1489
f 1484 1486 1464
f 1448 1479 1475
f 1490 1491 1492
f 1493 1494 1495
f 1496 1497 1498
f 1499 1500 1501
f 1496 1502 1500
f 1503 1504 1505
f 1495 1506 1493
f 1507 1508 1509
f 1510 1511 1512
f 1513 1503 1514
f 1515 1516 1517
f 1518 1514 1519
f 1520 1521 1515
f 1522 1523 1524
f 1525 1526 1527
f 1515 1528 1516
f 1529 1530 1506
f 1531 1493 1506
f 1495 1532 1528
f 1527 1526 1533
f 1503 1505 1534
f 1530 1535 1531
f 1508 1536 1537
f 1507 1538 1539
f 1540 1538 1541
f 1542 1498 1497
f 1543 1511 1510
f 1531 1535 1545
f 1546 1496 1545
f 1547 1516 1532
f 1542 1548 1549
f 1516 1547 1550
f 1533 1551 1543
f 1552 1544 1553
f 1526 1525 1554
f 1535 1530 1555
f 1553 1551 1552
f 1531 1545 1493
f 1556 1557 1558
f 1522 1542 1523
f 1559 1560 1561
f 1562 1563 1564
f 1498 1502 1496
f 1532 1561 1560
f 1541 1509 1535
f 1526 1552 1551
f 1548 1508 1537
f 1555 1540 1541
f 1502 1498 1566
f 1551 1553 1511
f 1523 1542 1549
f 1539 1540 1567
f 1494 1561 1532
f 1532 1495 1494
f 1520 1515 1517
f 1556 1568 1569
f 1492 1518 1490
f 1570 1556 1563
f 1571 1554 1572
f 1551 1511 1543
f 1555 1513 1514
f 1551 1533 1526
f 1515 1521 1504
f 1493 1545 1499
f 1536 1573 1537
f 1544 1512 1553
f 1501 1561 1494
f 1540 1539 1538
f 1524 1542 1522
f 1573 1536 1507
f 1545 1508 1546
f 1532 1560 1547
f 1525 1527 1574
f 1499 1545 1496
f 1508 1507 1536
f 1514 1534 1519
f 1570 1575 1556
f 1518 1570 1490
f 1568 1576 1569
f 1548 1497 1508
f 1577 1578 1558
f 1575 1570 1518
f 1575 1557 1556
f 1561 1501 1559
f 1514 1518 1492
f 1535 1555 1541
f 1554 1571 1526
f 1566 1498 1542
f 1538 1509 1541
f 1558 1568 1556
f 1508 1545 1509
f 1495 1528 1529
f 1501 1494 1499
f 1578 1527 1579
f 1527 1578 1574
f 1495 1529 1506
f 1573 1539 1580
f 1538 1507 1509
f 1514 1492 1555
f 1493 1499 1494
f 1491 1567 1540
f 1505 1504 1521
f 1546 1497 1496
f 1515 1530 1529
f 1565 1552 1571
f 1574 1578 1577
f 1581 1568 1558
f 1582 1563 1583
f 1569 1583 1563
f 1558 1579 1581
f 1531 1506 1530
f 1570 1563 1562
f 1563 1556 1569
f 1552 1565 1544
f 1584 1577 1557
f 1557 1577 1558
f 1543 1579 1533
f 1582 1564 1563
f 1555 1491 1540
f 1499 1496 1500
f 1543 1585 1579
f 1583 1569 1576
f 1579 1527 1533
f 1578 1579 1558
f 1586 1550 1547
f 1505 1521 1520
f 1576 1568 1587
f 1512 1511 1553
f 1542 1497 1548
f 1519 1575 1518
f 1504 1513 1530
f 1530 1515 1504
f 1588 1584 1557
f 1552 1526 1571
f 1530 1513 1555
f 1581 1579 1585
f 1557 1575 1519
f 1519 1534 1588
f 1507 1539 1573
f 1514 1503 1534
f 1548 1537 1549
f 1555 1492 1491
f 1546 1508 1497
f 1587 1581 1585
f 1545 1535 1509
f 1567 1580 1539
f 1513 1504 1503
f 1581 1587 1568
f 1532 1516 1528
f 1528 1515 1529
f 1566 1542 1524
f 1519 1588 1557
f 1589 1590 1591
f 1592 1593 1594
f 1595 1596 1597
f 1598 1599 1600
f 1601 1602 1603
f 1604 1605 1606
f 1607 1608 1609
f 1610 1611 1598
f 1612 1613 1614
f 1615 1616 1617
f 1608 1607 1619
f 1620 1621 1622
f 1625 1626 1614
f 1597 1627 1628
f 1629 1620 1630
f 1631 1632 1633
f 1634 1635 1636
f 1598 1611 1605
f 1626 1595 1637
f 1638 1620 1622
f 1639 1640 1641
f 1611 1641 1605
f 1642 1636 1635
f 1609 1600 1643
f 1644 1645 1646
f 1592 1610 1598
f 1640 1647 1644
f 1592 1600 1609
f 1648 1649 1650
f 1615 1617 1649
f 1651 1652 1653
f 1632 1654 1655
f 1656 1657 1607
f 1658 1659 1616
f 1660 1661 1662
f 1663 1649 1648
f 1664 1665 1616
f 1666 1667 1636
f 1658 1615 1668
f 1634 1636 1660
f 1650 1669 1670
f 1671 1615 1649
f 1668 1653 1672
f 1673 1674 1675
f 1676 1639 1677
f 1600 1592 1598
f 1644 1647 1678
f 1625 1645 1679
f 1593 1592 1609
f 1616 1615 1658
f 1601 1680 1648
f 1602 1681 1603
f 1602 1683 1681
f 1677 1641 1611
f 1614 1672 1612
f 1662 1661 1674
f 1611 1654 1677
f 1599 1604 1613
f 1684 1685 1657
f 1675 1667 1673
f 1677 1639 1641
f 1642 1686 1666
f 1687 1688 1591
f 1659 1637 1595
f 1638 1593 1608
f 1645 1625 1646
f 1689 1651 1671
f 1622 1621 1594
f 1672 1637 1668
f 1618 1627 1690
f 1605 1604 1599
f 1612 1652 1691
f 1692 1693 1685
f 1613 1646 1614
f 1694 1695 1602
f 1611 1610 1696
f 1656 1609 1643
f 1639 1647 1640
f 1594 1593 1638
f 1597 1628 1595
f 1599 1598 1605
f 1686 1651 1689
f 1657 1656 1691
f 1665 1617 1616
f 1646 1604 1606
f 1643 1613 1656
f 1636 1667 1675
f 1697 1688 1693
f 1659 1668 1637
f 1687 1693 1688
f 1698 1681 1699
f 1590 1620 1619
f 1700 1625 1679
f 1674 1661 1675
f 1613 1643 1599
f 1665 1664 1623
f 1655 1633 1632
f 1663 1673 1667
f 1592 1594 1701
f 1595 1626 1596
f 1667 1689 1671
f 1653 1615 1651
f 1638 1608 1619
f 1652 1651 1686
f 1696 1654 1611
f 1649 1663 1671
f 1620 1629 1702
f 1627 1597 1690
f 1601 1648 1650
f 1672 1614 1637
f 1616 1627 1682
f 1698 1603 1681
f 1699 1703 1698
f 1646 1625 1614
f 1682 1664 1616
f 1649 1669 1650
f 1642 1692 1684
f 1627 1618 1682
f 1645 1644 1678
f 1672 1653 1612
f 1628 1627 1616
f 1653 1668 1615
f 1613 1604 1646
f 1628 1616 1659
f 1669 1617 1665
f 1663 1667 1671
f 1619 1687 1591
f 1677 1654 1632
f 1704 1639 1676
f 1641 1644 1606
f 1686 1689 1666
f 1674 1698 1662
f 1691 1652 1686
f 1589 1705 1630
f 1674 1680 1603
f 1642 1666 1636
f 1702 1621 1620
f 1620 1638 1619
f 1632 1631 1704
f 1608 1593 1609
f 1684 1657 1691
f 1671 1651 1615
f 1632 1676 1677
f 1626 1625 1700
f 1620 1590 1630
f 1648 1680 1673
f 1674 1673 1680
f 1686 1642 1684
f 1687 1685 1693
f 1619 1591 1590
f 1602 1706 1683
f 1603 1698 1674
f 1692 1697 1693
f 1667 1666 1689
f 1613 1691 1656
f 1629 1630 1705
f 1686 1684 1691
f 1683 1699 1681
f 1646 1606 1644
f 1606 1605 1641
f 1673 1663 1648
f 1687 1619 1607
f 1617 1669 1649
f 1590 1589 1630
f 1635 1692 1642
f 1610 1592 1701
f 1637 1614 1626
f 1703 1662 1698
f 1633 1707 1631
f 1694 1602 1601
f 1691 1613 1612
f 1661 1660 1636
f 1685 1684 1692
f 1644 1641 1640
f 1622 1594 1638
f 1659 1658 1668
f 1636 1675 1661
f 1669 1665 1670
f 1685 1687 1657
f 1656 1607 1609
f 1623 1670 1665
f 1603 1680 1601
f 1687 1607 1657
f 1632 1704 1676
f 1612 1653 1652
f 1650 1670 1624
f 1655 1654 1696
f 1659 1595 1628
f 1599 1643 1600
f 1708 1709 1710
f 1711 1712 1713
f 1714 1715 1716
f 1717 1718 1719
f 1720 1721 1722
f 1723 1724 1725
f 1710 1726 1727
f 1728 1724 1723
f 1729 1730 1731
f 1732 1733 1734
f 1735 1736 1726
f 1737 1738 1739
f 1740 1741 1742
f 1743 1744 1745
f 1746 1730 1739
f 1719 1747 1723
f 1729 1735 1737
f 1725 1748 1717
f 1749 1750 1751
f 1728 1723 1747
f 1752 1744 1732
f 1717 1753 1754
f 1755 1756 1734
f 1723 1725 1717
f 1757 1758 1759
f 1744 1743 1760
f 1742 1741 1708
f 1711 1725 1724
f 1761 1724 1728
f 1730 1762 1731
f 1763 1729 1731
f 1713 1734 1711
f 1734 1713 1732
f 1764 1750 1749
f 1765 1766 1767
f 1768 1739 1738
f 1769 1770 1743
f 1752 1732 1771
f 1736 1735 1763
f 1772 1743 1738
f 1719 1718 1773
f 1769 1772 1738
f 1738 1737 1769
f 1758 1765 1767
f 1746 1739 1768
f 1774 1764 1749
f 1750 1764 1775
f 1771 1761 1776
f 1748 1725 1756
f 1767 1766 1777
f 1778 1714 1762
f 1763 1714 1716
f 1774 1779 1764
f 1779 1775 1764
f 1730 1729 1737
f 1745 1780 1781
f 1775 1717 1708
f 1759 1777 1782
f 1769 1743 1772
f 1773 1718 1754
f 1713 1771 1732
f 1776 1752 1771
f 1725 1711 1756
f 1744 1752 1784
f 1710 1742 1708
f 1761 1712 1724
f 1781 1738 1745
f 1714 1778 1715
f 1717 1719 1723
f 1785 1781 1786
f 1755 1760 1770
f 1787 1727 1726
f 1760 1755 1733
f 1735 1729 1763
f 1755 1710 1709
f 1746 1768 1759
f 1710 1769 1726
f 1751 1750 1775
f 1726 1736 1787
f 1780 1786 1781
f 1718 1717 1754
f 1749 1720 1722
f 1712 1761 1771
f 1736 1716 1787
f 1771 1713 1712
f 1738 1781 1768
f 1763 1762 1714
f 1788 1727 1787
f 1763 1716 1736
f 1727 1740 1742
f 1780 1745 1744
f 1752 1776 1783
f 1716 1788 1787
f 1783 1784 1752
f 1763 1731 1762
f 1780 1744 1784
f 1733 1755 1734
f 1753 1775 1779
f 1759 1768 1757
f 1760 1733 1732
f 1748 1708 1717
f 1739 1730 1737
f 1762 1730 1789
f 1727 1788 1740
f 1742 1710 1727
f 1775 1741 1751
f 1716 1715 1788
f 1756 1711 1734
f 1737 1735 1769
f 1753 1717 1775
f 1743 1770 1760
f 1769 1735 1726
f 1760 1732 1744
f 1749 1722 1774
f 1769 1710 1770
f 1755 1770 1710
f 1757 1768 1791
f 1768 1781 1791
f 1745 1738 1743
f 1712 1711 1724
f 1748 1756 1709
f 1708 1741 1775
f 1709 1756 1755
f 1792 1778 1762
f 1791 1781 1785
f 1777 1759 1767
f 1767 1759 1758
f 1790 1780 1784
f 1783 1790 1784
f 1708 1748 1709
f 1795 1796 1797
f 1798 1799 1796
f 1800 1801 1802
f 1803 1801 1800
f 1801 1804 1802
f 1793 1795 1804
f 1795 1798 1796
f 1805 1806 1801
f 1797 1796 1807
f 1796 1799 1807
f 1793 1804 1794
f 1804 1795 1797
f 1804 1801 1794
f 1806 1794 1801
f 1799 1798 1808
f 1804 1797 1802
f 1801 1809 1805
f 1803 1809 1801
f 1810 1809 1812
f 1813 1809 1803
f 1814 1809 1813
f 1809 1810 1805
f 1812 1809 1814
f 1811 1812 1814
f 1810 1812 1811
f 1815 1816 1817
f 1818 1819 1820
f 1821 1822 1819
f 1823 1824 1825
f 1826 1827 1828
f 1829 1830 1831
f 1828 1832 1833
f 1834 1835 1836
f 1822 1837 1838
f 1839 1840 1841
f 1842 1843 1844
f 1845 1828 1833
f 1846 1847 1848
f 1849 1850 1851
f 1852 1853 1854
f 1855 1856 1857
f 1858 1859 1839
f 1860 1861 1838
f 1862 1863 1864
f 1865 1866 1867
f 1868 1869 1870
f 1871 1872 1873
f 1874 1875 1876
f 1877 1878 1879
f 1880 1881 1874
f 1882 1883 1884
f 1848 1885 1886
f 1887 1888 1889
f 1830 1890 1891
f 1892 1893 1894
f 1895 1896 1897
f 1898 1899 1900
f 1891 1901 1902
f 1903 1904 1905
f 1906 1907 1908
f 1909 1903 1910
f 1827 1826 1911
f 1912 1913 1887
f 1914 1915 1916
f 1909 1910 1917
f 1834 1902 1835
f 1918 1919 1920
f 1838 1861 1822
f 1841 1858 1839
f 1921 1922 1884
f 1923 1924 1925
f 1926 1927 1928
f 1863 1862 1912
f 1929 1930 1931
f 1932 1933 1857
f 1934 1935 1936
f 1911 1826 1937
f 1938 1939 1940
f 1941 1829 1942
f 1833 1943 1845
f 1944 1875 1881
f 1940 1907 1943
f 1945 1860 1946
f 1930 1947 1948
f 1949 1950 1951
f 1928 1952 1916
f 1844 1953 1954
f 1955 1855 1956
f 1957 1958 1959
f 1960 1961 1962
f 1918 1963 1951
f 1958 1955 1959
f 1831 1964 1829
f 1905 1845 1943
f 1965 1824 1962
f 1966 1911 1967
f 1968 1969 1970
f 1971 1917 1972
f 1895 1897 1973
f 1974 1824 1823
f 1975 1976 1977
f 1851 1978 1979
f 1980 1981 1848
f 1982 1964 1831
f 1983 1984 1985
f 1986 1961 1960
f 1821 1987 1988
f 1989 1987 1821
f 1897 1892 1973
f 1990 1950 1991
f 1992 1897 1825
f 1963 1918 1883
f 1837 1961 1838
f 1863 1912 1887
f 1993 1979 1925
f 1987 1989 1994
f 1995 1901 1996
f 1850 1865 1851
f 1997 1855 1857
f 1965 1962 1998
f 1981 1980 1836
f 1915 1914 1870
f 1992 1965 1999
f 1997 1948 1956
f 1935 2000 2001
f 1903 1905 2002
f 1871 1873 1854
f 1977 2003 2004
f 2005 2006 2007
f 1911 1937 1967
f 1919 2008 2009
f 2010 2011 2012
f 1958 2013 2014
f 1832 1827 2015
f 2016 2017 2018
f 1829 1941 1830
f 1871 1926 1872
f 1861 1924 1923
f 1929 2019 1843
f 2020 1835 1902
f 1837 1998 1962
f 1982 1916 1964
f 2021 2010 2022
f 1976 1975 1950
f 1873 2023 1854
f 2024 1856 1855
f 2025 1968 1939
f 2020 2026 1981
f 2027 2028 2029
f 2030 2031 1974
f 2032 1882 1884
f 1830 1891 1834
f 1844 1954 2033
f 1919 1859 2034
f 2035 1921 1884
f 2028 2036 2037
f 2038 1898 1900
f 1972 1917 1910
f 1924 2029 1925
f 1907 1940 1939
f 2039 1862 2004
f 2040 2035 2034
f 1825 1897 1823
f 2027 1827 2036
f 1946 1906 1908
f 1817 1830 1815
f 1857 1931 1997
f 1961 1986 1838
f 1879 1919 2041
f 2041 2021 1879
f 1964 1916 1952
f 2042 1965 1998
f 2043 1857 1933
f 2044 2045 2046
f 1878 2047 1865
f 1908 1968 1945
f 2005 2048 2006
f 1859 1919 2009
f 2049 2050 2016
f 1925 1978 1819
f 1843 1842 2018
f 1821 1818 2051
f 2052 1934 2053
f 2034 1920 1919
f 2050 2054 1947
f 2018 1842 2055
f 2020 2056 2057
f 2026 2058 1981
f 1999 1899 1898
f 2059 2048 2005
f 2023 1870 1886
f 1937 1826 1828
f 2060 2061 1853
f 1851 1865 1867
f 1949 1963 1883
f 2021 2062 2010
f 2063 1972 1910
f 1975 1991 1950
f 2037 2064 2065
f 2066 2067 2046
f 2068 1958 2069
f 1885 1847 2070
f 1832 1938 1833
f 2062 1990 2071
f 1836 1835 2020
f 2072 1850 1849
f 2073 1857 2043
f 2021 2041 2062
f 1836 2020 1981
f 1980 1869 2074
f 2075 2076 2077
f 2004 1862 1977
f 2054 1865 2047
f 1867 2078 1851
f 1908 1945 1946
f 2020 1902 2056
f 1939 1938 2025
f 1875 1874 1881
f 1893 2038 2079
f 1864 2080 1862
f 2081 1996 1890
f 2039 1912 1862
f 1913 1912 2039
f 1820 1978 2078
f 2081 1913 2082
f 1983 1985 2083
f 1992 1898 1892
f 2084 1971 2085
f 1965 2042 1999
f 2086 2058 1846
f 1830 1834 1815
f 1938 1940 1833
f 1827 2027 2015
f 1841 1840 1934
f 1972 2063 2085
f 1998 1837 1988
f 2027 1969 2015
f 1970 1969 1924
f 1920 2034 2035
f 1924 1861 1970
f 2062 1951 1990
f 1901 1890 1996
f 2087 2013 1942
f 1988 2042 1998
f 1999 2042 2088
f 1885 2070 1854
f 2046 2067 2053
f 2002 1943 1906
f 1968 1907 1939
f 1836 1980 2074
f 1837 1822 1988
f 2036 2028 2027
f 1930 1929 1843
f 1882 2032 2089
f 2045 2044 2090
f 2091 2092 2056
f 1918 1951 2041
f 1907 1968 1908
f 1862 2080 1977
f 2093 1888 1941
f 2078 1978 1851
f 1876 1875 2094
f 2095 1882 2096
f 1849 2009 2072
f 1870 2023 1915
f 1985 1913 2039
f 2082 1913 1985
f 1943 1907 1906
f 2049 1866 2054
f 1936 2097 2053
f 2080 1991 1977
f 2098 2099 2066
f 1898 2038 1893
f 1969 2025 2015
f 2088 1899 1999
f 2074 1834 1836
f 2069 1958 1957
f 1869 1868 2074
f 1842 1844 2033
f 1987 1994 1988
f 1902 1834 1891
f 2044 2046 2053
f 1994 2088 2042
f 1923 1925 1819
f 1926 2024 2100
f 2040 1922 1921
f 2101 2102 2098
f 1941 1942 2103
f 2077 2104 2105
f 1993 2029 2028
f 1858 2034 1859
f 2065 1993 2028
f 1936 2053 1934
f 2082 1985 1984
f 2002 1906 2063
f 1970 1861 1860
f 2106 2003 1976
f 2083 2003 2098
f 1983 2102 1984
f 1979 1978 1925
f 1976 2003 1977
f 2107 1936 2108
f 1934 1840 1935
f 2109 2106 1976
f 1845 2044 2097
f 2102 1983 2098
f 2006 2088 1994
f 1952 2013 2087
f 2089 2099 2096
f 1877 2047 1878
f 1947 2054 2047
f 2015 2025 1832
f 1874 2079 2038
f 1927 1952 1928
f 1900 1899 1874
f 2103 2068 2110
f 1967 1937 2097
f 2066 2101 2098
f 2110 2093 2103
f 1958 2068 2013
f 2032 1922 2052
f 2040 1858 1922
f 2011 1957 2012
f 2030 2084 2085
f 2067 2089 2032
f 2066 2046 2101
f 2066 2089 2067
f 1857 2073 1931
f 1947 2017 2050
f 2068 2069 2110
f 2106 2095 2096
f 1997 1956 1855
f 2063 2031 2085
f 1831 1830 1817
f 2106 2109 2095
f 2077 2105 2102
f 1997 1931 1948
f 1936 1935 2108
f 1878 2008 1879
f 1819 1818 1821
f 2111 2110 2069
f 1889 2112 2111
f 2113 1957 2011
f 2114 2080 2115
f 2111 2113 2116
f 2093 2110 2112
f 2116 2117 2111
f 1991 2114 2071
f 1846 1848 2086
f 1889 2093 2112
f 1879 2021 1877
f 2073 1929 1931
f 2017 1843 2018
f 2118 2091 2119
f 2032 2052 2067
f 2001 2000 2064
f 2102 2101 2077
f 1885 2023 1886
f 2071 2114 2011
f 1982 1831 1817
f 2101 2120 2077
f 1827 1911 2036
f 1856 2024 1926
f 2093 1941 2103
f 1964 2087 1942
f 2001 1966 2108
f 1830 1941 1890
f 1948 1931 1930
f 2009 2000 1859
f 2062 2071 2010
f 2046 2045 2120
f 2087 1964 1952
f 2096 2099 2106
f 2044 2053 2097
f 1990 1991 2071
f 1884 1922 2032
f 2059 1881 1880
f 1859 2000 1839
f 1959 1955 2121
f 1848 1847 1885
f 1972 2085 1971
f 1844 2043 1933
f 2113 2011 2122
f 1840 1839 2000
f 2123 2052 1922
f 2110 2111 2112
f 2116 2124 2117
f 1849 2065 2009
f 1949 1882 2095
f 2011 2114 2115
f 1969 1968 2025
f 1874 2038 1900
f 1970 1945 1968
f 1957 2113 2069
f 2122 2011 2115
f 1951 1963 1949
f 2124 2113 2122
f 1842 2125 2055
f 1979 1849 1851
f 1889 2111 2117
f 2010 2071 2011
f 2048 1880 1899
f 2072 2009 2008
f 2113 2124 2116
f 2123 1841 2052
f 2073 2043 2019
f 1919 1918 2041
f 1935 2001 2108
f 1819 1978 1820
f 2084 2030 2126
f 2056 2119 2091
f 2002 2063 1910
f 1822 1861 1819
f 1853 1871 1854
f 2083 1985 2039
f 2108 1966 2107
f 1953 1844 1933
f 1864 1863 2117
f 2083 2039 2004
f 1845 2097 1937
f 2127 2045 1904
f 1861 1923 1819
f 2063 1906 2031
f 1952 1927 2013
f 2115 2124 2122
f 2121 2022 2012
f 1853 1852 2060
f 1928 1915 1872
f 1922 1858 2123
f 1941 1888 1890
f 1976 1950 2109
f 2029 1993 1925
f 2031 2030 2085
f 2124 1864 2117
f 1858 2040 2034
f 2121 1955 1956
f 2074 1815 1834
f 2128 1906 1946
f 2080 2114 1991
f 1947 2047 1948
f 2058 2086 1981
f 1947 1930 2017
f 2111 2069 2113
f 2000 2009 2064
f 1845 1905 2090
f 1950 1990 1951
f 1920 2035 1883
f 2022 1956 1948
f 2065 1849 1993
f 1856 2061 2129
f 1950 1949 2109
f 2022 2121 1956
f 1966 2037 2036
f 1904 2090 1905
f 2037 2001 2064
f 1928 1916 1915
f 2065 2064 2009
f 2035 2040 1921
f 1983 2083 2098
f 2080 2124 2115
f 1928 1872 1926
f 1893 1892 1898
f 2124 2080 1864
f 2072 2008 1878
f 1942 2013 2068
f 2059 1880 2048
f 2075 2045 2127
f 1906 2128 2031
f 1914 1982 1816
f 1871 2061 1856
f 1890 1887 1913
f 1832 2025 1938
f 2056 2130 2119
f 1993 1849 1979
f 2014 1927 1926
f 2012 1959 2121
f 2107 1966 1967
f 2126 2030 2131
f 1981 2086 1848
f 1816 1982 1817
f 1913 2081 1890
f 1880 1874 1899
f 2076 2104 2077
f 2132 2104 2076
f 2023 1885 1854
f 1888 2093 1889
f 1865 2054 1866
f 1855 1955 2024
f 1969 2027 2029
f 2103 1942 2068
f 1988 1994 2042
f 1897 1992 1892
f 2083 2004 2003
f 1982 1914 1916
f 1882 2089 2096
f 2030 1823 2131
f 1946 2133 2128
f 1904 2045 2090
f 1816 1868 1914
f 1887 1890 1888
f 1850 2072 1878
f 1980 1848 1869
f 1840 2000 1935
f 2134 2031 2128
f 1899 2088 2006
f 2134 1974 2031
f 2099 2003 2106
f 1977 1991 1975
f 1945 1970 1860
f 1936 2107 2097
f 2043 1844 2019
f 2076 2127 1904
f 1955 2014 2100
f 2002 1910 1903
f 1965 1992 1825
f 1915 1873 1872
f 1845 2090 2044
f 2002 1905 1943
f 1823 2030 1974
f 1992 1999 1898
f 2001 2037 1966
f 2036 1911 1966
f 1899 2006 2048
f 2075 2127 2076
f 2076 1909 2132
f 1949 1883 1882
f 2120 2075 2077
f 2024 1955 2100
f 1822 1821 1988
f 1815 1868 1816
f 1959 2012 1957
f 1932 1857 1856
f 2045 2075 2120
f 1962 1824 1960
f 1877 1948 2047
f 2130 2056 1901
f 1871 1853 2061
f 1949 2095 2109
f 1909 2076 1904
f 1914 1868 1870
f 2074 1868 1815
f 2079 1874 1876
f 2120 2101 2046
f 2130 1901 1995
f 1932 1856 2129
f 1894 1973 1892
f 2056 2092 2057
f 2053 2067 2052
f 1889 1863 1887
f 1926 2100 2014
f 2003 2099 2098
f 1951 2062 2041
f 1860 2133 1946
f 2128 2133 1986
f 1886 1870 1869
f 1877 2021 2022
f 1937 1828 1845
f 2019 1929 2073
f 2125 1842 2033
f 1854 2070 1852
f 1909 1904 1903
f 1883 1918 1920
f 2051 1989 1821
f 2128 1986 2134
f 2097 2107 1967
f 1960 1974 2134
f 2013 1927 2014
f 1823 1897 2131
f 1832 1828 1827
f 1890 1901 1891
f 1896 2126 2131
f 1943 1833 1940
f 1860 1838 2133
f 1878 1865 1850
f 1838 1986 2133
f 1901 2056 1902
f 1858 1841 2123
f 2066 2099 2089
f 2017 2016 2050
f 1825 1824 1965
f 1986 1960 2134
f 1863 1889 2117
f 1969 2029 1924
f 2037 2065 2028
f 2010 2012 2022
f 1824 1974 1960
f 1994 2007 2006
f 1884 1883 2035
f 1934 2052 1841
f 2131 1897 1896
f 1962 1961 1837
f 2057 2026 2020
f 2023 1873 1915
f 1955 1958 2014
f 2017 1930 1843
f 1879 2008 1919
f 1869 1848 1886
f 2050 2049 2054
f 2019 1844 1843
f 1926 1871 1856
f 1829 1964 1942
f 2022 1948 1877
f 2135 2136 2137
f 2138 2139 2140
f 2141 2142 2143
f 2144 2145 2146
f 2147 2148 2149
f 2150 2151 2152
f 2153 2154 2155
f 2156 2157 2158
f 2159 2160 2161
f 2162 2163 2164
f 2165 2166 2167
f 2168 2169 2170
f 2171 2167 2166
f 2161 2158 2159
f 2172 2173 2174
f 2175 2176 2169
f 2177 2178 2179
f 2180 2181 2182
f 2183 2184 2185
f 2186 2187 2178
f 2147 2151 2150
f 2188 2189 2190
f 2160 2191 2161
f 2192 2193 2194
f 2195 2196 2197
f 2198 2199 2200
f 2201 2202 2203
f 2170 2204 2205
f 2204 2206 2207
f 2149 2208 2147
f 2198 2209 2210
f 2211 2212 2183
f 2213 2214 2167
f 2215 2216 2217
f 2218 2209 2219
f 2220 2221 2222
f 2223 2224 2225
f 2226 2227 2228
f 2229 2230 2158
f 2200 2231 2232
f 2206 2233 2207
f 2222 2221 2234
f 2208 2151 2147
f 2235 2236 2237
f 2238 2239 2240
f 2156 2241 2157
f 2242 2243 2244
f 2245 2246 2247
f 2248 2208 2149
f 2160 2193 2191
f 2249 2250 2233
f 2251 2252 2253
f 2154 2254 2211
f 2255 2227 2256
f 2151 2208 2257
f 2194 2258 2259
f 2234 2192 2222
f 2148 2260 2149
f 2241 2221 2261
f 2262 2263 2259
f 2264 2265 2257
f 2266 2192 2259
f 2186 2263 2187
f 2203 2206 2204
f 2192 2234 2191
f 2159 2158 2267
f 2159 2265 2160
f 2208 2268 2257
f 2158 2269 2267
f 2270 2271 2272
f 2226 2256 2227
f 2142 2141 2273
f 2152 2274 2150
f 2193 2264 2275
f 2276 2187 2263
f 2144 2146 2277
f 2179 2278 2177
f 2192 2266 2222
f 2225 2279 2280
f 2260 2248 2149
f 2210 2281 2198
f 2211 2242 2155
f 2282 2283 2284
f 2285 2264 2193
f 2286 2287 2135
f 2241 2156 2234
f 2288 2289 2290
f 2185 2291 2251
f 2209 2198 2219
f 2292 2229 2272
f 2293 2294 2295
f 2139 2296 2297
f 2228 2139 2138
f 2298 2273 2299
f 2300 2247 2301
f 2299 2273 2141
f 2302 2238 2240
f 2303 2179 2304
f 2289 2305 2290
f 2306 2307 2308
f 2283 2309 2248
f 2142 2283 2143
f 2193 2192 2191
f 2310 2311 2301
f 2312 2249 2313
f 2138 2314 2260
f 2315 2169 2176
f 2316 2255 2317
f 2227 2318 2228
f 2204 2319 2203
f 2274 2152 2320
f 2321 2322 2323
f 2324 2190 2325
f 2260 2218 2138
f 2326 2327 2328
f 2136 2329 2330
f 2239 2331 2328
f 2158 2161 2156
f 2275 2264 2332
f 2136 2330 2137
f 2277 2333 2144
f 2263 2266 2259
f 2207 2205 2204
f 2299 2314 2334
f 2142 2273 2335
f 2303 2271 2261
f 2283 2305 2309
f 2228 2218 2226
f 2336 2337 2338
f 2305 2268 2309
f 2243 2183 2244
f 2320 2210 2274
f 2268 2305 2337
f 2253 2293 2339
f 2309 2208 2248
f 2340 2341 2342
f 2249 2343 2163
f 2344 2345 2346
f 2145 2347 2348
f 2195 2349 2350
f 2140 2334 2314
f 2155 2343 2153
f 2167 2171 2213
f 2351 2231 2286
f 2143 2260 2141
f 2314 2299 2141
f 2290 2282 2288
f 2334 2298 2299
f 2227 2255 2318
f 2177 2220 2186
f 2209 2274 2210
f 2352 2323 2353
f 2354 2319 2355
f 2273 2298 2335
f 2356 2157 2270
f 2332 2337 2357
f 2295 2294 2358
f 2359 2329 2360
f 2361 2228 2318
f 2282 2290 2283
f 2327 2239 2328
f 2284 2362 2282
f 2238 2302 2363
f 2264 2268 2337
f 2364 2194 2357
f 2172 2174 2250
f 2338 2305 2365
f 2336 2357 2337
f 2366 2223 2225
f 2265 2151 2257
f 2342 2341 2367
f 2368 2166 2369
f 2369 2279 2245
f 2305 2289 2365
f 2262 2259 2370
f 2371 2159 2267
f 2219 2226 2218
f 2372 2342 2367
f 2373 2181 2374
f 2271 2292 2272
f 2365 2289 2375
f 2303 2376 2271
f 2183 2185 2244
f 2277 2376 2352
f 2377 2363 2378
f 2156 2191 2234
f 2282 2379 2288
f 2357 2338 2364
f 2380 2195 2135
f 2364 2365 2375
f 2331 2377 2381
f 2375 2382 2383
f 2384 2202 2201
f 2172 2250 2385
f 2258 2370 2259
f 2158 2230 2386
f 2161 2191 2156
f 2136 2387 2360
f 2170 2315 2204
f 2321 2328 2331
f 2352 2353 2333
f 2368 2388 2171
f 2389 2258 2383
f 2355 2361 2318
f 2372 2367 2390
f 2324 2171 2390
f 2324 2390 2341
f 2151 2265 2152
f 2158 2157 2356
f 2369 2391 2392
f 2393 2355 2394
f 2212 2395 2396
f 2271 2376 2292
f 2146 2376 2277
f 2359 2229 2292
f 2362 2284 2397
f 2205 2168 2170
f 2386 2229 2398
f 2261 2270 2241
f 2338 2357 2336
f 2329 2359 2292
f 2398 2229 2359
f 2372 2390 2388
f 2206 2203 2202
f 2200 2219 2198
f 2219 2256 2226
f 2347 2353 2378
f 2283 2248 2143
f 2395 2215 2217
f 2399 2383 2382
f 2378 2381 2377
f 2270 2157 2241
f 2325 2171 2324
f 2232 2255 2256
f 2248 2260 2143
f 2390 2367 2341
f 2390 2171 2388
f 2357 2275 2332
f 2183 2243 2211
f 2368 2369 2392
f 2247 2391 2369
f 2247 2400 2391
f 2401 2325 2190
f 2174 2207 2233
f 2303 2221 2278
f 2380 2349 2195
f 2190 2324 2341
f 2400 2247 2300
f 2189 2401 2190
f 2255 2201 2318
f 2319 2204 2315
f 2218 2228 2138
f 2262 2370 2341
f 2305 2283 2290
f 2402 2213 2325
f 2387 2403 2199
f 2359 2360 2398
f 2369 2245 2247
f 2361 2355 2393
f 2145 2330 2146
f 2205 2207 2174
f 2387 2199 2269
f 2135 2287 2136
f 2278 2221 2220
f 2404 2405 2344
f 2351 2286 2406
f 2193 2275 2194
f 2268 2208 2309
f 2407 2245 2279
f 2211 2215 2212
f 2341 2263 2262
f 2292 2376 2146
f 2214 2408 2167
f 2146 2329 2292
f 2355 2319 2315
f 2165 2280 2279
f 2167 2408 2165
f 2301 2236 2300
f 2235 2237 2409
f 2347 2144 2333
f 2253 2252 2410
f 2370 2389 2190
f 2234 2221 2241
f 2411 2188 2389
f 2412 2310 2246
f 2311 2310 2412
f 2311 2237 2301
f 2166 2165 2279
f 2168 2413 2169
f 2178 2187 2328
f 2330 2329 2146
f 2348 2347 2306
f 2247 2246 2301
f 2281 2320 2371
f 2354 2203 2319
f 2265 2320 2152
f 2183 2212 2396
f 2361 2393 2414
f 2242 2162 2155
f 2350 2306 2308
f 2316 2415 2384
f 2403 2387 2136
f 2232 2256 2200
f 2416 2363 2417
f 2196 2195 2350
f 2258 2389 2370
f 2244 2339 2242
f 2314 2138 2140
f 2335 2284 2142
f 2236 2418 2419
f 2148 2420 2218
f 2321 2179 2178
f 2386 2230 2229
f 2308 2416 2421
f 2382 2375 2288
f 2422 2421 2423
f 2424 2425 2410
f 2169 2413 2175
f 2387 2398 2360
f 2141 2260 2314
f 2232 2231 2351
f 2269 2386 2398
f 2344 2346 2163
f 2144 2347 2145
f 2205 2174 2173
f 2378 2307 2347
f 2426 2254 2351
f 2215 2426 2427
f 2357 2194 2275
f 2313 2249 2206
f 2420 2147 2150
f 2425 2253 2410
f 2375 2289 2288
f 2375 2383 2364
f 2281 2199 2198
f 2279 2369 2166
f 2406 2135 2197
f 2286 2135 2406
f 2197 2196 2422
f 2428 2417 2302
f 2415 2317 2254
f 2403 2231 2200
f 2403 2136 2287
f 2377 2331 2429
f 2218 2260 2148
f 2426 2215 2211
f 2244 2251 2339
f 2189 2188 2411
f 2284 2283 2142
f 2206 2249 2233
f 2430 2413 2168
f 2265 2264 2285
f 2422 2423 2181
f 2251 2291 2252
f 2170 2169 2315
f 2153 2312 2415
f 2343 2312 2153
f 2163 2346 2249
f 2181 2373 2422
f 2415 2254 2154
f 2429 2239 2238
f 2431 2237 2311
f 2407 2224 2246
f 2236 2301 2237
f 2220 2177 2278
f 2139 2228 2296
f 2350 2349 2348
f 2417 2428 2432
f 2307 2363 2308
f 2181 2423 2182
f 2365 2364 2338
f 2249 2345 2250
f 2350 2308 2196
f 2269 2398 2387
f 2296 2228 2414
f 2154 2153 2415
f 2356 2272 2229
f 2179 2303 2278
f 2178 2177 2186
f 2263 2341 2340
f 2323 2352 2304
f 2300 2236 2419
f 2408 2366 2280
f 2373 2216 2215
f 2331 2381 2322
f 2274 2420 2150
f 2232 2351 2255
f 2233 2250 2174
f 2163 2343 2164
f 2254 2426 2211
f 2211 2155 2154
f 2363 2416 2308
f 2182 2433 2180
f 2415 2316 2317
f 2162 2164 2155
f 2434 2405 2385
f 2344 2434 2345
f 2304 2179 2323
f 2222 2263 2186
f 2322 2321 2331
f 2328 2321 2178
f 2323 2179 2321
f 2384 2313 2202
f 2163 2162 2295
f 2434 2344 2405
f 2331 2239 2429
f 2337 2332 2264
f 2240 2239 2327
f 2345 2434 2250
f 2418 2236 2235
f 2237 2431 2409
f 2381 2378 2353
f 2257 2268 2264
f 2360 2329 2136
f 2373 2427 2422
f 2222 2266 2263
f 2330 2145 2349
f 2242 2339 2293
f 2344 2163 2404
f 2305 2338 2337
f 2220 2222 2186
f 2181 2180 2374
f 2249 2312 2343
f 2269 2199 2281
f 2401 2402 2325
f 2316 2384 2201
f 2395 2212 2215
f 2209 2218 2420
f 2224 2407 2225
f 2433 2416 2417
f 2270 2261 2271
f 2349 2145 2348
f 2281 2210 2320
f 2263 2340 2276
f 2211 2243 2242
f 2253 2294 2293
f 2320 2265 2159
f 2417 2363 2302
f 2427 2406 2197
f 2196 2308 2421
f 2406 2426 2351
f 2229 2158 2356
f 2411 2389 2383
f 2171 2166 2368
f 2185 2251 2244
f 2293 2295 2162
f 2307 2306 2347
f 2238 2363 2377
f 2394 2355 2315
f 2195 2197 2135
f 2306 2350 2348
f 2433 2417 2432
f 2295 2358 2404
f 2301 2246 2310
f 2352 2376 2304
f 2353 2347 2333
f 2333 2277 2352
f 2377 2429 2238
f 2412 2246 2224
f 2137 2349 2380
f 2155 2164 2343
f 2272 2356 2270
f 2416 2433 2182
f 2411 2383 2399
f 2317 2255 2351
f 2159 2371 2320
f 2318 2354 2355
f 2255 2316 2201
f 2280 2366 2225
f 2364 2258 2194
f 2351 2254 2317
f 2373 2215 2427
f 2246 2245 2407
f 2258 2364 2383
f 2379 2282 2362
f 2295 2404 2163
f 2358 2294 2424
f 2307 2378 2363
f 2423 2416 2182
f 2313 2384 2415
f 2148 2147 2420
f 2416 2423 2421
f 2219 2200 2256
f 2280 2165 2408
f 2160 2265 2285
f 2354 2318 2201
f 2385 2250 2434
f 2287 2286 2231
f 2205 2430 2168
f 2231 2403 2287
f 2372 2388 2368
f 2403 2200 2199
f 2406 2427 2426
f 2325 2213 2171
f 2294 2253 2425
f 2183 2396 2184
f 2339 2251 2253
f 2341 2370 2190
f 2206 2202 2313
f 2421 2422 2196
f 2279 2225 2407
f 2274 2209 2420
f 2193 2160 2285
f 2192 2194 2259
f 2242 2293 2162
f 2201 2203 2354
f 2376 2303 2304
f 2221 2303 2261
f 2372 2368 2392
f 2381 2353 2322
f 2427 2197 2422
f 2267 2269 2371
f 2380 2135 2137
f 2228 2361 2414
f 2425 2424 2294
f 2190 2389 2188
f 2330 2349 2137
f 2322 2353 2323
f 2386 2269 2158
f 2269 2281 2371
f 2328 2187 2326
f 2214 2213 2402
f 2312 2313 2415
f 2276 2326 2187
f 2249 2346 2345
f 2436 2437 2438
f 2437 2439 2438
f 2439 2440 2435
f 2441 2439 2437
f 2441 2440 2439
f 2442 2443 2444
f 2445 2446 2447
f 2448 2449 2450
f 2451 2452 2453
f 2454 2455 2456
f 2457 2442 2444
f 2459 2460 2461
f 2462 2463 2464
f 2463 2465 2466
f 2467 2468 2469
f 2470 2471 2454
f 2470 2454 2472
f 2473 2474 2475
f 2476 2474 2477
f 2453 2452 2478
f 2479 2473 2476
f 2475 2476 2473
f 2446 2445 2474
f 2480 2481 2447
f 2482 2483 2484
f 2485 2486 2487
f 2455 2454 2488
f 2467 2489 2490
f 2468 2490 2449
f 2491 2456 2455
f 2492 2487 2486
f 2493 2494 2495
f 2496 2480 2491
f 2497 2498 2499
f 2500 2450 2449
f 2454 2456 2472
f 2466 2465 2470
f 2464 2463 2491
f 2445 2477 2474
f 2452 2502 2497
f 2481 2480 2496
f 2503 2483 2504
f 2460 2459 2505
f 2488 2506 2455
f 2467 2490 2468
f 2472 2466 2470
f 2471 2507 2454
f 2488 2507 2508
f 2463 2462 2465
f 2509 2448 2505
f 2455 2506 2491
f 2486 2485 2510
f 2444 2453 2457
f 2511 2451 2512
f 2491 2463 2456
f 2487 2492 2498
f 2474 2476 2475
f 2469 2513 2467
f 2469 2468 2448
f 2489 2467 2514
f 2489 2443 2490
f 2494 2493 2504
f 2512 2484 2483
f 2464 2491 2480
f 2508 2507 2510
f 2491 2506 2496
f 2495 2482 2514
f 2501 2458 2493
f 2487 2497 2485
f 2456 2463 2472
f 2442 2515 2490
f 2471 2486 2507
f 2488 2454 2507
f 2451 2484 2512
f 2514 2482 2489
f 2478 2499 2498
f 2501 2493 2513
f 2449 2515 2500
f 2484 2444 2482
f 2502 2508 2510
f 2502 2485 2497
f 2511 2512 2503
f 2452 2451 2511
f 2509 2513 2469
f 2498 2497 2487
f 2464 2480 2446
f 2506 2488 2508
f 2482 2444 2489
f 2516 2509 2505
f 2510 2507 2486
f 2517 2461 2518
f 2499 2452 2497
f 2442 2490 2443
f 2516 2513 2509
f 2515 2449 2490
f 2449 2448 2468
f 2467 2495 2514
f 2452 2499 2478
f 2446 2474 2473
f 2484 2453 2444
f 2483 2494 2504
f 2501 2513 2516
f 2452 2511 2502
f 2502 2511 2508
f 2483 2482 2494
f 2443 2489 2444
f 2450 2460 2448
f 2482 2495 2494
f 2467 2513 2495
f 2502 2510 2485
f 2512 2483 2503
f 2447 2446 2480
f 2448 2460 2505
f 2495 2513 2493
f 2451 2453 2484
f 2461 2460 2518
f 2466 2472 2463
f 2493 2458 2504
f 2448 2509 2469
f 2519 2520 2521
f 2522 2523 2524
f 2520 2519 2525
f 2526 2527 2528
f 2529 2530 2531
f 2532 2533 2534
f 2535 2536 2537
f 2538 2523 2539
f 2540 2520 2525
f 2541 2542 2543
f 2544 2545 2546
f 2547 2548 2549
f 2522 2550 2551
f 2552 2553 2554
f 2555 2556 2557
f 2549 2558 2559
f 2526 2528 2560
f 2550 2561 2551
f 2562 2563 2564
f 2546 2565 2544
f 2519 2566 2525
f 2567 2568 2569
f 2570 2571 2572
f 2573 2574 2575
f 2576 2556 2577
f 2578 2579 2573
f 2539 2552 2542
f 2580 2581 2582
f 2583 2578 2573
f 2584 2585 2586
f 2582 2565 2587
f 2573 2579 2588
f 2589 2590 2591
f 2585 2584 2592
f 2560 2588 2526
f 2542 2541 2593
f 2536 2594 2537
f 2548 2547 2557
f 2595 2596 2597
f 2598 2599 2600
f 2601 2602 2536
f 2603 2595 2597
f 2552 2523 2522
f 2535 2548 2557
f 2592 2598 2563
f 2578 2583 2547
f 2587 2604 2582
f 2605 2601 2606
f 2550 2524 2607
f 2561 2608 2551
f 2593 2566 2538
f 2609 2556 2576
f 2588 2610 2574
f 2533 2611 2612
f 2594 2569 2613
f 2614 2586 2560
f 2526 2545 2527
f 2556 2609 2535
f 2550 2522 2524
f 2574 2573 2588
f 2609 2606 2535
f 2572 2553 2570
f 2615 2616 2617
f 2614 2528 2527
f 2562 2618 2619
f 2594 2590 2620
f 2621 2524 2521
f 2521 2520 2621
f 2554 2553 2572
f 2547 2583 2557
f 2548 2537 2558
f 2536 2535 2601
f 2622 2520 2540
f 2553 2552 2551
f 2533 2559 2623
f 2576 2617 2609
f 2624 2625 2626
f 2627 2594 2536
f 2579 2526 2588
f 2556 2535 2557
f 2522 2551 2552
f 2539 2593 2538
f 2591 2613 2568
f 2606 2609 2617
f 2628 2629 2630
f 2598 2631 2599
f 2573 2557 2583
f 2608 2553 2551
f 2632 2633 2625
f 2611 2533 2571
f 2605 2602 2601
f 2577 2556 2575
f 2634 2543 2635
f 2636 2543 2542
f 2613 2590 2594
f 2637 2595 2600
f 2592 2584 2598
f 2559 2558 2623
f 2627 2536 2602
f 2521 2538 2519
f 2631 2638 2599
f 2568 2613 2569
f 2542 2552 2554
f 2639 2559 2612
f 2599 2637 2600
f 2633 2626 2625
f 2570 2580 2604
f 2622 2640 2641
f 2546 2545 2526
f 2565 2546 2642
f 2642 2604 2587
f 2586 2631 2584
f 2643 2630 2629
f 2622 2644 2529
f 2559 2639 2547
f 2645 2527 2544
f 2646 2647 2643
f 2648 2529 2531
f 2625 2649 2632
f 2542 2554 2636
f 2610 2585 2563
f 2650 2534 2651
f 2622 2540 2640
f 2559 2547 2549
f 2604 2642 2611
f 2652 2641 2640
f 2566 2519 2538
f 2618 2562 2564
f 2622 2641 2632
f 2630 2653 2654
f 2630 2647 2653
f 2606 2617 2616
f 2648 2531 2621
f 2555 2557 2575
f 2527 2545 2544
f 2556 2555 2575
f 2532 2571 2533
f 2604 2571 2570
f 2649 2530 2644
f 2532 2534 2636
f 2563 2585 2592
f 2526 2642 2546
f 2596 2595 2637
f 2655 2638 2631
f 2618 2656 2619
f 2600 2595 2603
f 2621 2531 2657
f 2523 2552 2539
f 2637 2599 2638
f 2658 2631 2586
f 2537 2594 2620
f 2569 2594 2627
f 2532 2572 2571
f 2586 2614 2527
f 2659 2541 2660
f 2639 2579 2578
f 2650 2646 2534
f 2581 2608 2661
f 2619 2574 2610
f 2520 2622 2621
f 2604 2611 2571
f 2541 2659 2662
f 2532 2636 2554
f 2615 2617 2618
f 2663 2618 2564
f 2558 2549 2548
f 2664 2525 2566
f 2567 2665 2666
f 2612 2559 2533
f 2596 2637 2667
f 2642 2526 2579
f 2622 2632 2644
f 2588 2585 2610
f 2538 2521 2523
f 2611 2642 2639
f 2563 2619 2610
f 2639 2578 2547
f 2632 2649 2644
f 2573 2575 2557
f 2665 2567 2668
f 2603 2564 2563
f 2653 2647 2623
f 2646 2650 2647
f 2655 2631 2658
f 2543 2636 2646
f 2608 2580 2570
f 2643 2634 2635
f 2662 2664 2593
f 2651 2623 2647
f 2666 2669 2568
f 2627 2602 2569
f 2621 2607 2524
f 2603 2563 2600
f 2576 2577 2617
f 2623 2651 2533
f 2528 2614 2560
f 2654 2628 2630
f 2532 2554 2572
f 2662 2593 2541
f 2553 2608 2570
f 2658 2586 2527
f 2648 2621 2622
f 2618 2617 2577
f 2589 2591 2669
f 2569 2602 2668
f 2582 2604 2580
f 2585 2588 2560
f 2656 2577 2574
f 2632 2652 2633
f 2561 2661 2608
f 2601 2535 2606
f 2613 2591 2590
f 2568 2669 2591
f 2563 2598 2600
f 2567 2666 2568
f 2668 2567 2569
f 2529 2648 2622
f 2634 2541 2543
f 2652 2632 2641
f 2575 2574 2577
f 2527 2645 2658
f 2574 2619 2656
f 2646 2643 2635
f 2656 2618 2577
f 2657 2607 2621
f 2651 2534 2533
f 2631 2598 2584
f 2663 2615 2618
f 2529 2644 2530
f 2566 2593 2664
f 2539 2542 2593
f 2636 2534 2646
f 2586 2585 2560
f 2619 2563 2562
f 2521 2524 2523
f 2642 2579 2639
f 2642 2587 2565
f 2630 2643 2647
f 2635 2543 2646
f 2647 2650 2651
f 2537 2548 2535
f 2611 2639 2612
f 2634 2660 2541
f 2581 2580 2608
f 2670 2671 2672
f 2673 2674 2675
f 2676 2677 2678
f 2679 2680 2681
f 2682 2683 2675
f 2684 2685 2686
f 2687 2686 2688
f 2689 2690 2691
f 2692 2693 2694
f 2695 2696 2697
f 2698 2699 2700
f 2681 2671 2670
f 2686 2701 2702
f 2703 2704 2705
f 2677 2676 2682
f 2673 2706 2707
f 2708 2705 2709
f 2710 2711 2712
f 2704 2713 2714
f 2715 2716 2717
f 2702 2718 2719
f 2720 2698 2700
f 2709 2704 2721
f 2710 2722 2723
f 2724 2721 2725
f 2726 2727 2722
f 2728 2701 2685
f 2694 2729 2730
f 2731 2732 2733
f 2734 2730 2735
f 2734 2727 2736
f 2683 2682 2737
f 2738 2739 2695
f 2685 2684 2728
f 2674 2700 2699
f 2740 2708 2741
f 2679 2670 2742
f 2678 2742 2696
f 2720 2691 2698
f 2743 2723 2722
f 2707 2700 2673
f 2744 2691 2720
f 2745 2676 2678
f 2746 2723 2743
f 2747 2748 2717
f 2749 2750 2751
f 2752 2753 2754
f 2755 2756 2757
f 2758 2759 2760
f 2706 2673 2675
f 2734 2735 2761
f 2674 2699 2762
f 2697 2672 2738
f 2702 2701 2763
f 2764 2765 2766
f 2767 2768 2769
f 2690 2689 2770
f 2765 2771 2766
f 2772 2773 2774
f 2775 2766 2776
f 2777 2752 2754
f 2687 2690 2770
f 2686 2685 2701
f 2743 2778 2746
f 2718 2702 2763
f 2684 2779 2728
f 2750 2749 2780
f 2781 2782 2783
f 2763 2701 2784
f 2757 2701 2785
f 2690 2687 2786
f 2787 2785 2728
f 2709 2741 2708
f 2787 2728 2779
f 2744 2689 2691
f 2788 2691 2690
f 2785 2787 2789
f 2779 2790 2791
f 2792 2793 2794
f 2732 2789 2787
f 2733 2779 2795
f 2697 2742 2670
f 2676 2737 2682
f 2787 2779 2733
f 2783 2796 2797
f 2704 2798 2721
f 2742 2762 2679
f 2766 2771 2776
f 2799 2800 2801
f 2755 2785 2789
f 2761 2800 2778
f 2702 2802 2803
f 2772 2771 2765
f 2795 2731 2733
f 2804 2713 2704
f 2751 2718 2749
f 2696 2745 2678
f 2722 2710 2726
f 2742 2697 2696
f 2805 2760 2759
f 2730 2734 2736
f 2720 2806 2744
f 2807 2794 2808
f 2799 2801 2809
f 2780 2774 2773
f 2737 2676 2810
f 2734 2743 2727
f 2795 2779 2791
f 2811 2746 2812
f 2687 2688 2786
f 2800 2761 2808
f 2760 2813 2758
f 2764 2726 2710
f 2814 2815 2816
f 2732 2787 2733
f 2807 2729 2817
f 2756 2755 2818
f 2729 2807 2730
f 2802 2819 2820
f 2677 2742 2678
f 2731 2795 2821
f 2670 2679 2681
f 2697 2738 2695
f 2819 2711 2710
f 2802 2702 2719
f 2789 2732 2755
f 2766 2775 2692
f 2786 2688 2803
f 2822 2823 2824
f 2696 2695 2739
f 2825 2826 2824
f 2823 2748 2824
f 2827 2823 2828
f 2824 2748 2825
f 2826 2825 2829
f 2765 2764 2772
f 2717 2827 2715
f 2748 2823 2827
f 2748 2747 2825
f 2830 2763 2784
f 2778 2800 2760
f 2825 2747 2829
f 2785 2755 2757
f 2831 2671 2813
f 2816 2829 2747
f 2803 2832 2786
f 2833 2759 2681
f 2767 2834 2835
f 2821 2836 2731
f 2672 2671 2837
f 2699 2698 2833
f 2831 2813 2799
f 2837 2671 2831
f 2738 2804 2838
f 2688 2702 2803
f 2839 2814 2840
f 2747 2814 2816
f 2816 2841 2829
f 2842 2843 2844
f 2714 2837 2831
f 2677 2674 2762
f 2686 2687 2684
f 2740 2815 2839
f 2672 2697 2670
f 2804 2738 2845
f 2736 2726 2846
f 2800 2813 2760
f 2842 2844 2847
f 2809 2848 2799
f 2831 2799 2849
f 2716 2850 2717
f 2832 2803 2802
f 2778 2805 2746
f 2773 2772 2712
f 2757 2784 2701
f 2759 2758 2671
f 2714 2845 2837
f 2831 2849 2714
f 2716 2705 2850
f 2839 2708 2740
f 2715 2827 2828
f 2745 2696 2739
f 2815 2841 2816
f 2838 2704 2703
f 2701 2728 2785
f 2760 2805 2778
f 2845 2738 2672
f 2705 2708 2850
f 2683 2851 2852
f 2804 2845 2713
f 2853 2854 2855
f 2849 2848 2782
f 2856 2768 2835
f 2704 2709 2705
f 2857 2853 2858
f 2810 2676 2745
f 2859 2858 2860
f 2861 2823 2859
f 2719 2718 2751
f 2717 2748 2827
f 2862 2707 2863
f 2864 2779 2684
f 2845 2714 2713
f 2858 2859 2857
f 2851 2865 2866
f 2839 2815 2814
f 2867 2857 2868
f 2740 2869 2834
f 2782 2798 2714
f 2709 2724 2741
f 2870 2866 2871
f 2835 2741 2724
f 2872 2862 2873
f 2867 2868 2822
f 2860 2737 2874
f 2729 2694 2693
f 2875 2865 2876
f 2798 2704 2714
f 2856 2724 2725
f 2877 2878 2879
f 2846 2730 2736
f 2856 2835 2724
f 2880 2737 2810
f 2755 2732 2818
f 2721 2798 2881
f 2882 2823 2861
f 2836 2732 2731
f 2777 2883 2884
f 2828 2882 2880
f 2884 2798 2782
f 2884 2881 2798
f 2872 2885 2864
f 2886 2769 2768
f 2768 2887 2886
f 2675 2683 2706
f 2861 2860 2874
f 2862 2863 2873
f 2888 2810 2745
f 2834 2841 2815
f 2840 2850 2708
f 2768 2889 2890
f 2717 2850 2840
f 2887 2768 2890
f 2786 2788 2690
f 2882 2828 2823
f 2811 2820 2723
f 2887 2890 2891
f 2704 2838 2804
f 2768 2767 2835
f 2814 2747 2840
f 2739 2703 2716
f 2712 2711 2773
f 2706 2892 2707
f 2779 2864 2885
f 2881 2883 2893
f 2835 2834 2869
f 2889 2881 2894
f 2837 2845 2672
f 2859 2823 2822
f 2853 2857 2867
f 2865 2871 2866
f 2895 2707 2892
f 2894 2896 2889
f 2725 2889 2856
f 2740 2834 2815
f 2691 2788 2812
f 2863 2877 2873
f 2859 2822 2868
f 2853 2897 2854
f 2896 2891 2890
f 2881 2893 2894
f 2708 2839 2840
f 2820 2811 2832
f 2744 2770 2689
f 2674 2677 2682
f 2683 2865 2851
f 2891 2896 2847
f 2855 2870 2871
f 2746 2811 2723
f 2875 2860 2858
f 2684 2770 2744
f 2894 2847 2896
f 2743 2734 2761
f 2898 2877 2863
f 2772 2764 2712
f 2894 2893 2842
f 2847 2894 2842
f 2811 2788 2832
f 2881 2889 2725
f 2775 2899 2692
f 2705 2716 2703
f 2871 2865 2875
f 2893 2900 2842
f 2743 2761 2778
f 2861 2859 2860
f 2726 2764 2846
f 2846 2694 2730
f 2794 2809 2801
f 2808 2801 2800
f 2809 2794 2901
f 2901 2783 2809
f 2783 2848 2809
f 2758 2813 2671
f 2794 2902 2901
f 2885 2879 2790
f 2885 2872 2873
f 2781 2783 2797
f 2794 2793 2902
f 2752 2884 2782
f 2782 2781 2797
f 2764 2692 2694
f 2699 2680 2762
f 2771 2772 2774
f 2761 2807 2808
f 2901 2793 2796
f 2777 2884 2752
f 2870 2855 2854
f 2882 2874 2880
f 2903 2843 2900
f 2706 2683 2852
f 2868 2857 2859
f 2742 2677 2762
f 2721 2881 2725
f 2855 2871 2875
f 2873 2877 2885
f 2855 2858 2853
f 2875 2876 2860
f 2848 2783 2782
f 2806 2720 2700
f 2794 2807 2792
f 2681 2680 2833
f 2683 2860 2876
f 2698 2691 2812
f 2793 2901 2902
f 2904 2883 2777
f 2820 2710 2723
f 2759 2671 2681
f 2843 2842 2900
f 2883 2904 2893
f 2753 2752 2782
f 2863 2895 2898
f 2897 2853 2867
f 2885 2877 2879
f 2864 2684 2744
f 2858 2855 2875
f 2773 2711 2750
f 2800 2799 2813
f 2819 2802 2719
f 2883 2881 2884
f 2901 2796 2783
f 2674 2682 2675
f 2700 2674 2673
f 2712 2764 2710
f 2840 2747 2717
f 2889 2768 2856
f 2819 2751 2711
f 2790 2779 2885
f 2872 2744 2862
f 2865 2683 2876
f 2860 2683 2737
f 2898 2905 2877
f 2864 2744 2872
f 2807 2761 2735
f 2740 2741 2869
f 2877 2905 2878
f 2870 2854 2906
f 2828 2888 2715
f 2807 2907 2792
f 2863 2707 2895
f 2698 2805 2833
f 2878 2790 2879
f 2874 2882 2861
f 2737 2880 2874
f 2707 2862 2806
f 2808 2794 2801
f 2766 2692 2764
f 2679 2762 2680
f 2745 2739 2888
f 2714 2849 2782
f 2702 2688 2686
f 2810 2888 2880
f 2703 2739 2838
f 2770 2684 2687
f 2750 2780 2773
f 2849 2799 2848
f 2726 2736 2727
f 2806 2862 2744
f 2700 2707 2806
f 2830 2749 2718
f 2888 2739 2715
f 2721 2724 2709
f 2711 2751 2750
f 2788 2786 2832
f 2722 2727 2743
f 2833 2680 2699
f 2763 2830 2718
f 2908 2818 2732
f 2835 2869 2741
f 2759 2833 2805
f 2832 2802 2820
f 2754 2904 2777
f 2812 2805 2698
f 2710 2820 2819
f 2730 2807 2735
f 2817 2907 2807
f 2732 2836 2908
f 2751 2819 2719
f 2753 2782 2797
f 2812 2788 2811
f 2888 2828 2880
f 2889 2896 2890
f 2716 2715 2739
f 2739 2738 2838
f 2805 2812 2746
f 2694 2846 2764
f 2909 2910 2911
f 2912 2913 2914
f 2915 2916 2917
f 2918 2919 2920
f 2911 2921 2909
f 2922 2923 2924
f 2925 2926 2927
f 2920 2919 2928
f 2929 2930 2931
f 2932 2933 2934
f 2935 2936 2937
f 2938 2939 2940
f 2941 2930 2942
f 2943 2935 2944
f 2944 2945 2946
f 2917 2937 2947
f 2947 2948 2917
f 2918 2949 2919
f 2950 2951 2952
f 2928 2919 2953
f 2954 2955 2956
f 2957 2930 2929
f 2958 2921 2911
f 2959 2942 2957
f 2943 2944 2927
f 2949 2954 2919
f 2960 2961 2962
f 2938 2963 2928
f 2929 2931 2960
f 2949 2955 2954
f 2938 2960 2931
f 2953 2919 2954
f 2964 2965 2911
f 2938 2928 2966
f 2967 2947 2936
f 2960 2962 2929
f 2938 2912 2960
f 2929 2962 2968
f 2959 2957 2968
f 2954 2956 2953
f 2934 2910 2969
f 2970 2952 2971
f 2923 2972 2924
f 2973 2922 2924
f 2974 2923 2933
f 2966 2964 2912
f 2960 2912 2961
f 2912 2938 2966
f 2963 2938 2940
f 2953 2956 2911
f 2964 2911 2910
f 2911 2965 2953
f 2962 2961 2950
f 2910 2975 2964
f 2944 2935 2945
f 2962 2976 2968
f 2937 2936 2947
f 2923 2922 2933
f 2956 2955 2977
f 2945 2978 2946
f 2943 2926 2936
f 2979 2917 2948
f 2927 2946 2925
f 2925 2920 2980
f 2948 2947 2941
f 2981 2926 2940
f 2978 2925 2946
f 2936 2926 2981
f 2976 2970 2968
f 2970 2959 2968
f 2925 2980 2926
f 2963 2982 2920
f 2965 2966 2928
f 2980 2982 2926
f 2941 2983 2930
f 2920 2984 2918
f 2922 2913 2933
f 2941 2979 2948
f 2985 2958 2977
f 2986 2972 2974
f 2965 2964 2966
f 2951 2971 2952
f 2913 2934 2933
f 2920 2982 2980
f 2973 2987 2971
f 2985 2921 2958
f 2988 2978 2945
f 2940 2926 2982
f 2910 2909 2969
f 2943 2936 2935
f 2982 2963 2940
f 2925 2984 2920
f 2928 2953 2965
f 2912 2964 2913
f 2981 2983 2967
f 2983 2931 2930
f 2973 2971 2922
f 2922 2951 2914
f 2981 2967 2936
f 2971 2987 2970
f 2989 2974 2933
f 2922 2971 2951
f 2947 2967 2983
f 2950 2961 2951
f 2914 2961 2912
f 2947 2983 2941
f 2976 2962 2950
f 2945 2935 2988
f 2976 2952 2970
f 2923 2974 2972
f 2917 2916 2937
f 2934 2913 2975
f 2939 2983 2981
f 2981 2940 2939
f 2946 2927 2944
f 2914 2913 2922
f 2930 2957 2942
f 2942 2979 2941
f 2927 2926 2943
f 2929 2968 2957
f 2910 2934 2975
f 2963 2920 2928
f 2938 2931 2939
f 2977 2958 2956
f 2932 2989 2933
f 2931 2983 2939
f 2975 2913 2964
f 2950 2952 2976
f 2914 2951 2961
f 2911 2956 2958
f 2990 2991 2992
f 2993 2994 2992
f 2995 2996 2997
f 2998 2999 3000
f 3001 3002 2993
f 2992 3003 2990
f 3004 3005 3006
f 3007 3008 3009
f 3012 2999 2997
f 3013 3014 3015
f 2992 2994 3003
f 3012 3016 3017
f 3001 2991 3018
f 3012 3019 3016
f 3020 3021 3022
f 2993 2992 3001
f 3023 3024 2996
f 3017 3016 3025
f 3026 3005 3027
f 3028 3029 3021
f 3030 3011 2994
f 3003 3010 2990
f 3031 3004 3032
f 3033 3034 3035
f 3033 3035 3036
f 3037 3038 3039
f 3037 3040 3038
f 3041 3031 3039
f 3042 3038 3040
f 3043 3040 3032
f 3032 3040 3037
f 3038 3042 3039
f 3043 3044 3045
f 3014 3046 3015
f 3040 3047 3042
f 3022 3021 3048
f 3020 3022 3049
f 3004 3031 3048
f 3013 3049 3050
f 3050 3051 3052
f 3053 3009 3054
f 3055 3056 3017
f 3057 3008 3019
f 3044 3043 2990
f 3058 3059 3018
f 3043 3045 3040
f 3020 3035 3034
f 3049 3060 3020
f 3045 3047 3040
f 3026 3000 3006
f 3006 3061 3004
f 3055 3062 3063
f 3064 3065 3054
f 3007 3009 3053
f 3008 3057 3066
f 3066 3067 3009
f 3066 3068 3067
f 3000 3026 2998
f 3064 3054 3067
f 3069 3006 3058
f 3070 3036 3060
f 3024 3071 3068
f 3023 2998 3026
f 3072 3034 3033
f 3006 3069 3061
f 3027 3005 3029
f 3058 3000 3059
f 3056 3001 3018
f 3013 3015 3073
f 3074 3027 3075
f 3076 3071 3023
f 3050 3052 3013
f 3051 3041 3039
f 3072 3077 3078
f 3027 3079 3075
f 3018 3059 3056
f 3071 3080 3068
f 3076 3080 3071
f 3067 3080 3064
f 3071 3024 3023
f 3066 3009 3008
f 3010 3044 2990
f 3005 3021 3029
f 2998 3023 2995
f 3061 3069 3043
f 3074 3076 3023
f 3074 3023 3027
f 3023 3026 3027
f 3081 3016 3019
f 3023 2996 2995
f 3035 3020 3036
f 3029 3079 3027
f 3043 2991 2990
f 3033 3077 3072
f 2993 3002 3082
f 3059 2999 3017
f 3005 3026 3006
f 3037 3031 3032
f 3039 3083 3051
f 3084 2993 3082
f 2994 2993 3085
f 3060 3036 3020
f 3031 3037 3039
f 3086 3046 3014
f 3013 3052 3014
f 3022 3048 3041
f 3080 3067 3068
f 3077 3033 3036
f 3041 3050 3049
f 2998 2995 2999
f 3048 3031 3041
f 3063 3001 3056
f 3025 3055 3017
f 3021 3034 3028
f 2996 3024 3068
f 3083 3039 3042
f 3013 3073 3049
f 3070 3073 3015
f 3057 2997 3066
f 3056 3059 3017
f 3073 3070 3060
f 3066 2997 3068
f 2991 3001 2992
f 3083 3052 3051
f 3025 3062 3055
f 2995 2997 2999
f 3019 3012 3057
f 3017 2999 3012
f 3061 3032 3004
f 2996 3068 2997
f 3041 3049 3022
f 3058 3018 3069
f 3029 3028 3079
f 3063 3056 3055
f 3059 3000 2999
f 2991 3043 3069
f 3060 3049 3073
f 3004 3021 3005
f 3043 3032 3061
f 3058 3006 3000
f 3020 3034 3021
f 3067 3054 3009
f 3034 3072 3028
f 3011 3003 2994
f 2991 3069 3018
f 3085 2993 3084
f 3002 3001 3063
f 3004 3048 3021
f 3012 2997 3057
f 3041 3051 3050
f 3087 3088 3089
f 3090 3091 3092
f 3087 3093 3094
f 3095 3096 3097
f 3101 3093 3089
f 3093 3102 3094
f 3104 3096 3098
f 3091 3090 3100
f 3099 3098 3096
f 3103 3105 3093
f 3088 3087 3104
f 3099 3091 3100
f 3105 3103 3106
f 3095 3092 3096
f 3092 3095 3107
f 3089 3093 3087
f 3093 3105 3102
f 3108 3096 3104
f 3104 3109 3108
f 3099 3092 3091
f 3099 3096 3092
f 3092 3107 3090
f 3104 3087 3094
f 3093 3101 3103
f 3098 3088 3104
f 3109 3104 3094
f 3096 3108 3097
f 3110 3111 3112
f 3113 3114 3115
f 3116 3117 3118
f 3119 3120 3121
f 3122 3113 3115
f 3123 3124 3125
f 3111 3126 3127
f 3118 3128 3116
f 3129 3130 3131
f 3132 3133 3134
f 3135 3116 3136
f 3137 3138 3139
f 3140 3127 3126
f 3121 3126 3141
f 3142 3143 3144
f 3145 3146 3119
f 3110 3147 3141
f 3147 3110 3112
f 3148 3149 3150
f 3132 3137 3139
f 3151 3142 3144
f 3152 3153 3151
f 3154 3151 3153
f 3155 3156 3157
f 3151 3158 3159
f 3160 3161 3162
f 3151 3159 3152
f 3142 3154 3163
f 3149 3129 3150
f 3132 3164 3133
f 3165 3166 3167
f 3150 3168 3169
f 3131 3130 3170
f 3171 3172 3123
f 3122 3173 3174
f 3175 3176 3177
f 3162 3118 3117
f 3178 3137 3132
f 3179 3133 3180
f 3147 3112 3131
f 3158 3181 3159
f 3173 3182 3174
f 3181 3140 3121
f 3155 3161 3160
f 3126 3111 3110
f 3183 3137 3178
f 3166 3165 3136
f 3184 3168 3129
f 3145 3141 3147
f 3185 3127 3186
f 3145 3147 3170
f 3127 3180 3186
f 3170 3187 3145
f 3139 3188 3164
f 3189 3190 3191
f 3144 3179 3192
f 3132 3134 3178
f 3193 3130 3177
f 3194 3195 3161
f 3182 3196 3174
f 3164 3197 3133
f 3130 3129 3149
f 3198 3144 3143
f 3142 3163 3199
f 3176 3193 3177
f 3129 3168 3150
f 3184 3131 3112
f 3200 3167 3198
f 3149 3148 3177
f 3126 3121 3140
f 3169 3201 3150
f 3128 3183 3136
f 3197 3180 3133
f 3201 3190 3148
f 3183 3202 3137
f 3203 3191 3190
f 3204 3205 3203
f 3206 3207 3199
f 3165 3135 3136
f 3208 3111 3185
f 3193 3209 3130
f 3115 3203 3122
f 3144 3198 3179
f 3143 3199 3200
f 3133 3167 3134
f 3116 3128 3136
f 3166 3134 3167
f 3143 3200 3198
f 3144 3192 3140
f 3161 3195 3162
f 3165 3200 3199
f 3190 3189 3175
f 3141 3145 3119
f 3199 3143 3142
f 3136 3183 3166
f 3202 3195 3194
f 3179 3180 3192
f 3189 3191 3114
f 3164 3132 3139
f 3171 3123 3125
f 3210 3135 3165
f 3197 3164 3188
f 3124 3196 3182
f 3130 3209 3187
f 3211 3174 3196
f 3177 3130 3149
f 3192 3180 3127
f 3165 3167 3200
f 3204 3203 3212
f 3127 3140 3192
f 3134 3166 3178
f 3202 3213 3138
f 3199 3207 3165
f 3140 3181 3158
f 3183 3178 3166
f 3158 3151 3140
f 3118 3195 3128
f 3201 3169 3212
f 3177 3148 3175
f 3137 3202 3138
f 3207 3210 3165
f 3201 3212 3190
f 3120 3159 3181
f 3131 3170 3147
f 3123 3211 3196
f 3214 3194 3161
f 3140 3151 3144
f 3154 3142 3151
f 3184 3129 3131
f 3126 3110 3141
f 3198 3167 3179
f 3199 3163 3206
f 3214 3155 3157
f 3191 3115 3114
f 3203 3115 3191
f 3183 3195 3202
f 3211 3113 3174
f 3119 3146 3120
f 3205 3173 3122
f 3179 3167 3133
f 3213 3202 3194
f 3203 3205 3122
f 3111 3208 3112
f 3195 3183 3128
f 3141 3119 3121
f 3123 3196 3124
f 3175 3148 3190
f 3208 3184 3112
f 3212 3203 3190
f 3111 3127 3185
f 3118 3162 3195
f 3145 3187 3146
f 3181 3121 3120
f 3122 3174 3113
f 3161 3155 3214
f 3187 3170 3130
f 3148 3150 3201
f 3215 3216 3217
f 3218 3219 3220
f 3216 3221 3222
f 3223 3224 3225
f 3226 3227 3228
f 3229 3230 3231
f 3232 3233 3234
f 3232 3235 3236
f 3237 3238 3239
f 3240 3230 3241
f 3242 3243 3228
f 3244 3224 3245
f 3246 3232 3247
f 3248 3249 3246
f 3250 3251 3252
f 3232 3253 3247
f 3244 3245 3254
f 3255 3256 3220
f 3257 3258 3259
f 3257 3256 3260
f 3242 3228 3227
f 3261 3262 3263
f 3222 3221 3264
f 3230 3232 3236
f 3250 3237 3251
f 3253 3232 3234
f 3255 3265 3266
f 3267 3241 3268
f 3249 3248 3252
f 3232 3246 3249
f 3251 3232 3249
f 3241 3267 3240
f 3267 3233 3240
f 3252 3251 3249
f 3251 3237 3239
f 3267 3268 3269
f 3270 3271 3222
f 3264 3270 3222
f 3266 3265 3223
f 3229 3272 3268
f 3273 3252 3274
f 3265 3224 3223
f 3272 3229 3271
f 3272 3269 3268
f 3225 3226 3228
f 3254 3255 3219
f 3275 3255 3266
f 3266 3276 3275
f 3256 3257 3220
f 3271 3229 3231
f 3217 3271 3231
f 3255 3275 3256
f 3222 3271 3217
f 3257 3277 3218
f 3224 3244 3226
f 3239 3232 3251
f 3259 3277 3257
f 3224 3226 3225
f 3250 3252 3259
f 3262 3261 3242
f 3259 3252 3273
f 3245 3224 3265
f 3277 3259 3273
f 3219 3255 3220
f 3265 3255 3245
f 3259 3258 3250
f 3230 3268 3241
f 3232 3240 3233
f 3227 3262 3242
f 3243 3225 3228
f 3235 3232 3238
f 3232 3230 3240
f 3268 3230 3229
f 3235 3238 3279
f 3279 3278 3235
f 3232 3239 3238
f 3255 3254 3245
f 3218 3220 3257
f 3280 3223 3225
f 3225 3243 3280
f 3257 3260 3258
f 3281 3278 3282
f 3284 3285 3286
f 3287 3288 3289
f 3287 3290 3288
f 3291 3292 3293
f 3292 3291 3294
f 3276 3294 3285
f 3295 3296 3297
f 3298 3278 3279
f 3286 3285 3294
f 3293 3297 3291
f 3215 3231 3230
f 3292 3299 3293
f 3294 3300 3292
f 3230 3236 3235
f 3293 3299 3301
f 3293 3302 3297
f 3300 3299 3292
f 3276 3266 3303
f 3301 3299 3304
f 3297 3302 3305
f 3304 3299 3300
f 3279 3238 3237
f 3304 3300 3303
f 3304 3303 3306
f 3307 3303 3223
f 3223 3280 3307
f 3276 3285 3260
f 3216 3222 3217
f 3231 3215 3217
f 3278 3298 3308
f 3289 3288 3282
f 3284 3287 3289
f 3281 3288 3283
f 3288 3281 3282
f 3285 3284 3260
f 3258 3260 3298
f 3282 3308 3289
f 3266 3223 3303
f 3284 3295 3287
f 3308 3282 3278
f 3294 3276 3303
f 3286 3294 3296
f 3295 3297 3290
f 3275 3276 3260
f 3298 3309 3308
f 3309 3298 3260
f 3298 3237 3250
f 3296 3291 3297
f 3289 3309 3284
f 3284 3309 3260
f 3303 3300 3294
f 3306 3303 3307
f 3290 3287 3295
f 3308 3309 3289
f 3279 3237 3298
f 3296 3295 3286
f 3291 3296 3294
f 3256 3275 3260
f 3295 3284 3286
f 3302 3293 3301
f 3298 3250 3258
f 3277 3273 3274
f 3274 3252 3248
f 3310 3311 3312
f 3313 3314 3315
f 3316 3317 3318
f 3319 3320 3321
f 3314 3322 3315
f 3323 3324 3325
f 3326 3327 3328
f 3329 3330 3331
f 3332 3333 3328
f 3334 3326 3335
f 3336 3337 3338
f 3319 3339 3340
f 3341 3311 3310
f 3342 3343 3344
f 3345 3346 3347
f 3348 3349 3350
f 3329 3331 3339
f 3319 3340 3351
f 3352 3353 3354
f 3342 3355 3343
f 3342 3356 3355
f 3321 3357 3339
f 3346 3313 3337
f 3358 3359 3360
f 3361 3362 3363
f 3327 3324 3323
f 3341 3364 3311
f 3364 3365 3311
f 3360 3366 3347
f 3367 3368 3314
f 3341 3369 3364
f 3338 3313 3315
f 3370 3369 3344
f 3337 3347 3346
f 3367 3371 3320
f 3347 3337 3336
f 3372 3343 3355
f 3359 3366 3360
f 3373 3374 3331
f 3338 3337 3313
f 3375 3376 3377
f 3351 3348 3350
f 3360 3347 3336
f 3344 3341 3310
f 3378 3379 3380
f 3381 3380 3382
f 3383 3364 3369
f 3384 3334 3335
f 3371 3313 3346
f 3355 3385 3372
f 3386 3356 3325
f 3386 3387 3359
f 3388 3330 3389
f 3356 3386 3385
f 3390 3391 3392
f 3393 3365 3381
f 3353 3352 3393
f 3392 3394 3395
f 3385 3355 3356
f 3378 3380 3381
f 3312 3396 3310
f 3338 3315 3397
f 3326 3328 3335
f 3398 3350 3368
f 3317 3399 3375
f 3366 3325 3347
f 3317 3333 3332
f 3390 3392 3400
f 3345 3324 3326
f 3318 3317 3332
f 3325 3324 3345
f 3354 3390 3400
f 3373 3330 3388
f 3312 3395 3401
f 3328 3327 3332
f 3358 3402 3359
f 3343 3370 3344
f 3389 3330 3403
f 3313 3371 3314
f 3339 3319 3321
f 3403 3357 3404
f 3404 3405 3403
f 3394 3401 3395
f 3406 3382 3407
f 3408 3318 3396
f 3382 3393 3381
f 3336 3338 3397
f 3372 3370 3343
f 3396 3401 3408
f 3378 3365 3364
f 3329 3357 3330
f 3404 3377 3409
f 3400 3392 3395
f 3327 3323 3410
f 3411 3331 3374
f 3409 3377 3376
f 3345 3334 3346
f 3321 3320 3334
f 3384 3335 3333
f 3368 3322 3314
f 3378 3381 3365
f 3319 3351 3350
f 3404 3357 3321
f 3352 3395 3312
f 3352 3354 3400
f 3319 3350 3320
f 3320 3398 3367
f 3400 3395 3352
f 3391 3394 3392
f 3412 3396 3410
f 3384 3413 3334
f 3314 3371 3367
f 3352 3312 3365
f 3412 3342 3396
f 3414 3378 3364
f 3415 3393 3382
f 3408 3316 3318
f 3310 3342 3344
f 3333 3377 3384
f 3410 3323 3412
f 3316 3408 3394
f 3341 3344 3369
f 3323 3356 3412
f 3317 3416 3399
f 3402 3385 3386
f 3408 3401 3394
f 3316 3394 3391
f 3413 3404 3321
f 3331 3340 3339
f 3325 3366 3387
f 3327 3318 3332
f 3375 3377 3317
f 3312 3401 3396
f 3352 3365 3393
f 3415 3382 3406
f 3322 3368 3361
f 3326 3334 3345
f 3405 3404 3409
f 3373 3331 3330
f 3402 3386 3359
f 3350 3349 3368
f 3413 3384 3404
f 3387 3386 3325
f 3333 3317 3377
f 3403 3330 3357
f 3333 3335 3328
f 3366 3359 3387
f 3317 3316 3416
f 3326 3324 3327
f 3356 3323 3325
f 3412 3356 3342
f 3379 3378 3414
f 3364 3383 3414
f 3329 3339 3357
f 3407 3382 3380
f 3353 3393 3415
f 3320 3371 3346
f 3334 3413 3321
f 3396 3318 3410
f 3331 3411 3351
f 3350 3398 3320
f 3377 3404 3384
f 3345 3347 3325
f 3361 3363 3322
f 3334 3320 3346
f 3318 3327 3410
f 3310 3396 3342
f 3362 3322 3363
f 3351 3340 3331
f 3367 3398 3368
f 3403 3405 3389
f 3312 3311 3365
f 3417 3418 3419
f 3422 3423 3424
f 3425 3419 3426
f 3422 3427 3421
f 3424 3423 3425
f 3424 3425 3426
f 3420 3423 3422
f 3421 3420 3422
f 3418 3426 3419
f 3428 3429 3430
f 3431 3432 3433
f 3434 3435 3436
f 3437 3438 3439
f 3440 3441 3442
f 3443 3444 3445
f 3446 3447 3448
f 3433 3449 3450
f 3451 3452 3453
f 3454 3455 3456
f 3457 3458 3459
f 3452 3451 3454
f 3435 3460 3453
f 3461 3462 3463
f 3464 3465 3466
f 3467 3468 3469
f 3470 3445 3471
f 3472 3473 3474
f 3475 3476 3477
f 3478 3429 3449
f 3479 3480 3443
f 3481 3482 3483
f 3484 3449 3433
f 3485 3483 3486
f 3463 3487 3461
f 3468 3488 3469
f 3489 3490 3491
f 3484 3432 3441
f 3461 3487 3492
f 3493 3459 3458
f 3441 3494 3484
f 3495 3496 3497
f 3462 3461 3498
f 3499 3476 3475
f 3476 3499 3500
f 3501 3502 3503
f 3504 3505 3506
f 3507 3430 3429
f 3462 3508 3463
f 3509 3510 3511
f 3512 3470 3513
f 3480 3444 3443
f 3494 3478 3449
f 3442 3441 3432
f 3514 3515 3516
f 3480 3479 3517
f 3518 3510 3509
f 3470 3512 3445
f 3519 3437 3520
f 3443 3445 3521
f 3443 3511 3479
f 3450 3449 3522
f 3488 3430 3523
f 3524 3525 3494
f 3526 3468 3467
f 3482 3448 3486
f 3527 3528 3464
f 3476 3529 3523
f 3432 3484 3433
f 3472 3530 3473
f 3531 3512 3513
f 3446 3516 3447
f 3457 3521 3445
f 3464 3458 3532
f 3533 3531 3534
f 3534 3531 3535
f 3474 3483 3472
f 3481 3483 3474
f 3531 3533 3512
f 3491 3490 3508
f 3522 3536 3537
f 3507 3429 3538
f 3479 3511 3539
f 3437 3519 3506
f 3533 3534 3532
f 3540 3541 3537
f 3451 3460 3455
f 3519 3520 3477
f 3539 3511 3510
f 3488 3523 3446
f 3518 3509 3542
f 3507 3506 3477
f 3527 3534 3535
f 3485 3472 3483
f 3515 3543 3544
f 3460 3435 3434
f 3435 3453 3499
f 3457 3445 3512
f 3429 3536 3449
f 3514 3497 3515
f 3487 3490 3530
f 3464 3532 3527
f 3510 3473 3539
f 3539 3517 3479
f 3490 3539 3530
f 3500 3516 3529
f 3503 3545 3500
f 3429 3525 3538
f 3494 3525 3478
f 3538 3506 3507
f 3544 3543 3496
f 3469 3446 3467
f 3446 3469 3488
f 3437 3506 3505
f 3461 3492 3498
f 3545 3514 3500
f 3462 3546 3508
f 3485 3492 3530
f 3547 3548 3516
f 3465 3528 3431
f 3532 3458 3457
f 3517 3490 3489
f 3545 3503 3495
f 3444 3480 3549
f 3550 3542 3493
f 3542 3550 3541
f 3478 3525 3429
f 3536 3428 3537
f 3551 3515 3544
f 3459 3521 3457
f 3548 3486 3516
f 3464 3528 3465
f 3466 3465 3450
f 3552 3491 3508
f 3538 3525 3504
f 3550 3450 3522
f 3476 3500 3529
f 3428 3536 3429
f 3530 3539 3473
f 3547 3551 3498
f 3488 3537 3428
f 3475 3520 3435
f 3439 3436 3520
f 3540 3518 3541
f 3504 3506 3538
f 3449 3484 3494
f 3527 3532 3534
f 3486 3448 3516
f 3435 3520 3436
f 3541 3550 3537
f 3526 3467 3482
f 3517 3539 3490
f 3485 3530 3472
f 3430 3488 3428
f 3499 3475 3435
f 3503 3499 3501
f 3508 3546 3552
f 3481 3526 3482
f 3547 3498 3492
f 3506 3519 3477
f 3477 3430 3507
f 3477 3520 3475
f 3457 3512 3533
f 3451 3453 3460
f 3495 3497 3545
f 3543 3515 3497
f 3547 3515 3551
f 3485 3486 3548
f 3547 3492 3548
f 3523 3477 3476
f 3482 3467 3448
f 3477 3523 3430
f 3500 3514 3516
f 3467 3446 3448
f 3466 3550 3493
f 3437 3439 3520
f 3550 3466 3450
f 3542 3509 3521
f 3495 3503 3502
f 3515 3547 3516
f 3518 3540 3526
f 3540 3468 3526
f 3480 3517 3489
f 3466 3458 3464
f 3497 3514 3545
f 3501 3453 3452
f 3543 3497 3496
f 3474 3510 3481
f 3454 3451 3455
f 3542 3541 3518
f 3485 3548 3492
f 3492 3487 3530
f 3542 3459 3493
f 3522 3537 3550
f 3510 3474 3473
f 3521 3459 3542
f 3499 3503 3500
f 3466 3493 3458
f 3540 3537 3488
f 3445 3444 3471
f 3453 3501 3499
f 3540 3488 3468
f 3509 3511 3521
f 3518 3481 3510
f 3440 3524 3494
f 3452 3502 3501
f 3532 3457 3533
f 3480 3489 3549
f 3483 3482 3486
f 3521 3511 3443
f 3465 3431 3433
f 3447 3516 3448
f 3508 3487 3463
f 3449 3536 3522
f 3518 3526 3481
f 3441 3440 3494
f 3529 3446 3523
f 3487 3508 3490
f 3465 3433 3450
f 3446 3529 3516
f 3553 3554 3555
f 3556 3557 3558
f 3559 3560 3561
f 3562 3563 3564
f 3565 3566 3567
f 3568 3569 3570
f 3571 3572 3573
f 3574 3575 3576
f 3577 3578 3579
f 3575 3580 3562
f 3581 3582 3569
f 3583 3584 3585
f 3573 3586 3587
f 3588 3557 3589
f 3590 3591 3592
f 3593 3594 3595
f 3596 3597 3598
f 3571 3599 3600
f 3579 3569 3568
f 3601 3602 3603
f 3604 3593 3605
f 3606 3607 3608
f 3559 3561 3609
f 3580 3610 3563
f 3606 3611 3585
f 3612 3613 3614
f 3615 3594 3568
f 3564 3576 3562
f 3616 3617 3618
f 3619 3620 3621
f 3622 3584 3623
f 3607 3606 3616
f 3595 3615 3624
f 3559 3609 3625
f 3558 3553 3555
f 3553 3557 3588
f 3626 3627 3628
f 3629 3630 3631
f 3632 3620 3633
f 3634 3635 3636
f 3588 3589 3634
f 3560 3637 3577
f 3616 3585 3584
f 3638 3631 3581
f 3639 3603 3640
f 3641 3642 3643
f 3560 3577 3644
f 3581 3569 3638
f 3645 3636 3646
f 3619 3636 3635
f 3647 3593 3604
f 3603 3648 3649
f 3572 3650 3573
f 3637 3651 3652
f 3583 3585 3601
f 3637 3652 3578
f 3645 3653 3634
f 3610 3654 3655
f 3611 3656 3657
f 3651 3559 3658
f 3644 3613 3560
f 3643 3659 3660
f 3560 3613 3561
f 3661 3607 3638
f 3620 3662 3604
f 3627 3640 3649
f 3603 3639 3583
f 3663 3664 3665
f 3666 3601 3667
f 3664 3663 3602
f 3587 3668 3573
f 3597 3612 3598
f 3595 3669 3593
f 3562 3576 3575
f 3652 3606 3608
f 3670 3671 3561
f 3672 3631 3607
f 3673 3639 3640
f 3674 3591 3675
f 3570 3624 3615
f 3573 3650 3676
f 3657 3585 3611
f 3599 3668 3677
f 3664 3641 3660
f 3591 3674 3592
f 3637 3578 3577
f 3613 3612 3597
f 3644 3568 3614
f 3658 3625 3643
f 3655 3654 3600
f 3619 3621 3636
f 3563 3610 3678
f 3679 3680 3681
f 3680 3674 3675
f 3591 3590 3675
f 3655 3678 3610
f 3651 3611 3652
f 3679 3674 3680
f 3682 3655 3599
f 3683 3617 3622
f 3668 3599 3571
f 3618 3629 3672
f 3656 3667 3657
f 3629 3618 3683
f 3661 3569 3579
f 3608 3661 3578
f 3605 3633 3604
f 3609 3561 3684
f 3589 3598 3612
f 3574 3675 3590
f 3590 3685 3575
f 3578 3652 3608
f 3673 3677 3668
f 3567 3563 3678
f 3682 3677 3565
f 3556 3670 3686
f 3613 3644 3614
f 3656 3642 3667
f 3559 3651 3637
f 3678 3655 3682
f 3625 3658 3559
f 3589 3635 3634
f 3641 3667 3642
f 3642 3651 3658
f 3676 3586 3573
f 3667 3641 3664
f 3594 3615 3595
f 3577 3579 3568
f 3671 3687 3561
f 3641 3643 3660
f 3611 3642 3656
f 3612 3647 3589
f 3674 3679 3688
f 3682 3565 3567
f 3585 3616 3606
f 3657 3667 3601
f 3594 3614 3568
f 3689 3555 3554
f 3632 3621 3620
f 3633 3620 3604
f 3601 3666 3602
f 3557 3556 3686
f 3620 3619 3662
f 3618 3672 3607
f 3560 3559 3637
f 3569 3661 3638
f 3570 3569 3690
f 3570 3615 3568
f 3586 3583 3639
f 3596 3670 3561
f 3596 3613 3597
f 3607 3631 3638
f 3586 3676 3583
f 3664 3660 3665
f 3626 3677 3627
f 3584 3622 3617
f 3691 3649 3648
f 3670 3556 3671
f 3563 3567 3692
f 3646 3636 3621
f 3634 3636 3645
f 3601 3585 3657
f 3588 3634 3653
f 3592 3685 3590
f 3557 3686 3589
f 3668 3639 3673
f 3666 3664 3602
f 3575 3574 3590
f 3594 3593 3614
f 3633 3605 3669
f 3677 3682 3599
f 3664 3666 3667
f 3566 3626 3628
f 3677 3673 3627
f 3655 3600 3599
f 3584 3583 3676
f 3579 3578 3661
f 3631 3672 3629
f 3610 3580 3654
f 3563 3692 3564
f 3673 3640 3627
f 3593 3669 3605
f 3635 3647 3619
f 3642 3611 3651
f 3602 3648 3603
f 3557 3553 3558
f 3663 3691 3648
f 3575 3685 3580
f 3649 3640 3603
f 3616 3618 3607
f 3643 3642 3658
f 3649 3628 3627
f 3639 3668 3587
f 3567 3678 3682
f 3607 3661 3608
f 3563 3562 3580
f 3617 3616 3584
f 3659 3643 3625
f 3573 3668 3571
f 3581 3631 3630
f 3582 3581 3630
f 3639 3587 3586
f 3649 3691 3628
f 3614 3647 3612
f 3565 3677 3626
f 3603 3583 3601
f 3676 3623 3584
f 3647 3614 3593
f 3606 3652 3611
f 3570 3690 3624
f 3568 3644 3577
f 3565 3626 3566
f 3686 3670 3598
f 3613 3596 3561
f 3654 3580 3685
f 3684 3561 3687
f 3647 3604 3662
f 3662 3619 3647
f 3602 3663 3648
f 3618 3617 3683
f 3598 3589 3686
f 3635 3589 3647
f 3554 3553 3588
f 3670 3596 3598
f 3693 3694 3695
f 3696 3697 3698
f 3699 3698 3700
f 3699 3701 3698
f 3702 3703 3704
f 3698 3697 3700
f 3705 3706 3707
f 3696 3708 3697
f 3696 3698 3709
f 3710 3711 3712
f 3713 3714 3710
f 3715 3716 3717
f 3718 3719 3696
f 3719 3720 3721
f 3709 3718 3696
f 3722 3723 3719
f 3724 3725 3726
f 3727 3728 3729
f 3711 3710 3730
f 3731 3732 3708
f 3733 3734 3705
f 3735 3716 3727
f 3736 3737 3738
f 3739 3708 3732
f 3740 3741 3742
f 3717 3698 3715
f 3743 3744 3722
f 3738 3745 3736
f 3719 3723 3696
f 3693 3746 3694
f 3747 3748 3749
f 3750 3748 3751
f 3752 3737 3753
f 3754 3705 3707
f 3755 3756 3752
f 3716 3757 3727
f 3717 3716 3735
f 3758 3718 3717
f 3759 3760 3761
f 3726 3762 3724
f 3709 3717 3718
f 3724 3697 3725
f 3763 3764 3695
f 3697 3708 3725
f 3726 3761 3760
f 3765 3749 3750
f 3766 3767 3768
f 3769 3741 3770
f 3770 3755 3753
f 3761 3725 3708
f 3725 3761 3726
f 3771 3772 3773
f 3719 3718 3720
f 3774 3721 3720
f 3762 3700 3724
f 3775 3741 3740
f 3734 3776 3777
f 3723 3731 3708
f 3705 3777 3775
f 3778 3779 3780
f 3694 3746 3781
f 3782 3783 3784
f 3741 3775 3785
f 3750 3786 3787
f 3770 3785 3755
f 3748 3747 3788
f 3789 3759 3761
f 3761 3708 3790
f 3742 3741 3791
f 3781 3769 3792
f 3793 3771 3773
f 3791 3779 3742
f 3752 3753 3755
f 3722 3719 3721
f 3780 3779 3794
f 3751 3695 3694
f 3749 3765 3747
f 3777 3785 3775
f 3795 3796 3797
f 3745 3798 3736
f 3701 3799 3757
f 3708 3739 3790
f 3761 3790 3789
f 3791 3741 3781
f 3724 3700 3697
f 3778 3800 3779
f 3788 3722 3721
f 3694 3750 3751
f 3721 3774 3801
f 3730 3710 3714
f 3788 3702 3704
f 3744 3802 3722
f 3803 3743 3722
f 3802 3732 3731
f 3804 3805 3806
f 3798 3807 3736
f 3808 3789 3790
f 3737 3770 3753
f 3808 3790 3739
f 3786 3792 3787
f 3712 3766 3768
f 3710 3712 3768
f 3752 3756 3809
f 3722 3788 3803
f 3740 3742 3779
f 3785 3770 3741
f 3796 3782 3797
f 3810 3754 3811
f 3802 3744 3732
f 3737 3736 3769
f 3805 3812 3807
f 3769 3781 3741
f 3705 3754 3733
f 3813 3767 3789
f 3731 3723 3802
f 3758 3729 3728
f 3710 3768 3713
f 3814 3752 3815
f 3765 3812 3816
f 3774 3718 3758
f 3740 3706 3775
f 3704 3803 3788
f 3739 3732 3744
f 3817 3806 3818
f 3775 3706 3705
f 3812 3765 3807
f 3806 3817 3804
f 3819 3820 3706
f 3789 3808 3813
f 3800 3778 3706
f 3813 3821 3767
f 3788 3747 3702
f 3744 3743 3739
f 3808 3772 3813
f 3754 3822 3733
f 3737 3752 3814
f 3798 3805 3807
f 3781 3786 3750
f 3821 3813 3823
f 3801 3784 3824
f 3821 3714 3825
f 3788 3824 3748
f 3713 3825 3714
f 3824 3788 3801
f 3756 3826 3809
f 3824 3751 3748
f 3810 3822 3754
f 3827 3704 3703
f 3788 3721 3801
f 3735 3729 3717
f 3728 3797 3758
f 3748 3750 3749
f 3729 3758 3717
f 3694 3781 3750
f 3787 3765 3750
f 3785 3777 3755
f 3783 3782 3796
f 3756 3776 3734
f 3740 3800 3706
f 3812 3703 3816
f 3784 3695 3751
f 3707 3706 3820
f 3729 3735 3727
f 3792 3807 3765
f 3828 3811 3754
f 3782 3784 3801
f 3740 3779 3800
f 3827 3829 3803
f 3777 3776 3755
f 3758 3797 3774
f 3751 3824 3784
f 3764 3830 3695
f 3743 3803 3829
f 3823 3813 3772
f 3795 3797 3728
f 3718 3774 3720
f 3805 3804 3812
f 3703 3702 3747
f 3768 3767 3825
f 3807 3792 3736
f 3738 3737 3814
f 3828 3707 3820
f 3831 3827 3703
f 3829 3827 3831
f 3828 3754 3707
f 3784 3763 3695
f 3776 3756 3755
f 3760 3759 3832
f 3703 3817 3831
f 3792 3786 3781
f 3779 3833 3794
f 3783 3834 3763
f 3757 3715 3701
f 3804 3817 3703
f 3793 3831 3771
f 3695 3830 3693
f 3703 3812 3804
f 3831 3835 3771
f 3793 3773 3808
f 3782 3801 3774
f 3821 3825 3767
f 3787 3792 3765
f 3763 3784 3783
f 3817 3818 3831
f 3767 3759 3789
f 3778 3819 3706
f 3808 3773 3772
f 3759 3767 3766
f 3803 3704 3827
f 3809 3815 3752
f 3698 3717 3709
f 3777 3705 3734
f 3833 3791 3746
f 3831 3818 3835
f 3825 3713 3768
f 3796 3834 3783
f 3829 3739 3743
f 3793 3739 3829
f 3802 3723 3722
f 3769 3770 3737
f 3766 3832 3759
f 3716 3715 3757
f 3831 3793 3829
f 3698 3701 3715
f 3833 3746 3693
f 3764 3763 3834
f 3765 3816 3747
f 3747 3816 3703
f 3791 3833 3779
f 3782 3774 3797
f 3696 3723 3708
f 3739 3793 3808
f 3792 3769 3736
f 3746 3791 3781
f 3826 3815 3809
f 3796 3795 3834
f 3836 3837 3838
f 3839 3840 3841
f 3842 3843 3844
f 3845 3843 3846
f 3847 3848 3849
f 3850 3851 3852
f 3853 3854 3855
f 3856 3857 3858
f 3859 3860 3857
f 3860 3845 3861
f 3862 3863 3864
f 3865 3852 3866
f 3846 3867 3845
f 3837 3868 3869
f 3848 3870 3849
f 3871 3872 3873
f 3874 3875 3876
f 3877 3878 3879
f 3880 3863 3881
f 3882 3883 3884
f 3877 3879 3841
f 3885 3886 3887
f 3844 3888 3889
f 3890 3891 3892
f 3893 3872 3871
f 3894 3895 3896
f 3897 3898 3899
f 3846 3858 3857
f 3850 3848 3851
f 3886 3900 3901
f 3902 3903 3904
f 3849 3870 3905
f 3906 3843 3842
f 3907 3908 3899
f 3877 3909 3910
f 3911 3848 3847
f 3908 3912 3913
f 3841 3840 3914
f 3839 3915 3884
f 3858 3916 3856
f 3839 3917 3840
f 3897 3894 3918
f 3841 3900 3839
f 3919 3844 3920
f 3896 3895 3916
f 3921 3894 3896
f 3895 3913 3922
f 3923 3877 3910
f 3873 3924 3904
f 3925 3880 3881
f 3870 3848 3850
f 3865 3919 3926
f 3927 3928 3929
f 3930 3859 3856
f 3931 3917 3883
f 3861 3845 3867
f 3932 3918 3921
f 3907 3933 3908
f 3934 3882 3884
f 3873 3911 3871
f 3890 3935 3891
f 3936 3937 3933
f 3914 3840 3931
f 3877 3923 3878
f 3848 3911 3938
f 3858 3939 3914
f 3919 3865 3866
f 3855 3854 3874
f 3940 3927 3941
f 3891 3842 3892
f 3837 3869 3838
f 3932 3942 3943
f 3941 3927 3929
f 3944 3945 3860
f 3946 3947 3948
f 3949 3843 3845
f 3901 3900 3841
f 3899 3950 3894
f 3885 3900 3886
f 3947 3946 3951
f 3930 3895 3952
f 3953 3946 3954
f 3916 3930 3856
f 3948 3955 3954
f 3873 3903 3911
f 3853 3864 3837
f 3951 3946 3929
f 3949 3845 3888
f 3920 3889 3928
f 3956 3957 3958
f 3905 3940 3941
f 3861 3867 3857
f 3954 3946 3948
f 3959 3951 3928
f 3937 3960 3961
f 3962 3963 3964
f 3964 3965 3962
f 3966 3888 3845
f 3929 3953 3941
f 3967 3882 3934
f 3902 3904 3924
f 3965 3955 3948
f 3957 3956 3937
f 3962 3947 3963
f 3944 3956 3968
f 3969 3958 3957
f 3970 3971 3910
f 3972 3887 3875
f 3963 3973 3974
f 3843 3909 3846
f 3875 3853 3975
f 3912 3956 3922
f 3966 3976 3959
f 3912 3908 3933
f 3844 3889 3920
f 3977 3978 3947
f 3836 3967 3934
f 3947 3962 3948
f 3976 3977 3959
f 3916 3858 3914
f 3836 3975 3853
f 3973 3978 3969
f 3856 3859 3857
f 3921 3883 3979
f 3956 3944 3922
f 3948 3962 3965
f 3864 3853 3862
f 3918 3932 3897
f 3980 3981 3982
f 3888 3966 3959
f 3907 3936 3933
f 3842 3891 3906
f 3913 3950 3908
f 3853 3875 3854
f 3977 3976 3982
f 3968 3958 3969
f 3973 3963 3978
f 3922 3944 3952
f 3982 3945 3968
f 3927 3920 3928
f 3945 3944 3968
f 3841 3879 3901
f 3972 3975 3934
f 3870 3850 3852
f 3944 3859 3930
f 3963 3947 3978
f 3951 3929 3928
f 3930 3952 3944
f 3969 3982 3968
f 3982 3976 3980
f 3961 3957 3937
f 3893 3871 3847
f 3929 3946 3953
f 3930 3916 3895
f 3983 3954 3984
f 3985 3941 3953
f 3951 3959 3977
f 3954 3955 3984
f 3953 3983 3985
f 3986 3893 3847
f 3977 3947 3951
f 3969 3974 3973
f 3872 3893 3983
f 3983 3984 3987
f 3986 3985 3983
f 3916 3931 3896
f 3872 3983 3987
f 3983 3953 3954
f 3983 3893 3986
f 3860 3859 3944
f 3985 3905 3941
f 3900 3885 3839
f 3980 3845 3860
f 3979 3883 3988
f 3982 3969 3978
f 3837 3836 3853
f 3945 3982 3981
f 3863 3880 3868
f 3892 3919 3989
f 3845 3980 3966
f 3919 3920 3926
f 3922 3913 3912
f 3853 3855 3862
f 3836 3934 3975
f 3884 3915 3972
f 3875 3874 3854
f 3906 3910 3909
f 3906 3909 3843
f 3928 3889 3959
f 3873 3904 3903
f 3860 3945 3980
f 3976 3966 3980
f 3895 3922 3952
f 3884 3972 3934
f 3864 3863 3868
f 3865 3940 3852
f 3896 3931 3921
f 3937 3956 3912
f 3936 3960 3937
f 3883 3839 3884
f 3950 3895 3894
f 3889 3888 3959
f 3940 3870 3852
f 3949 3844 3843
f 3970 3910 3906
f 3985 3986 3849
f 3849 3905 3985
f 3915 3839 3885
f 3977 3982 3978
f 3894 3897 3899
f 3937 3912 3933
f 3981 3980 3945
f 3860 3861 3857
f 3943 3897 3932
f 3968 3956 3958
f 3844 3919 3892
f 3868 3837 3864
f 3891 3970 3906
f 3847 3871 3911
f 3939 3909 3877
f 3876 3875 3887
f 3840 3917 3931
f 3926 3927 3940
f 3909 3939 3846
f 3842 3844 3892
f 3935 3970 3891
f 3971 3923 3910
f 3913 3895 3950
f 3950 3899 3908
f 3897 3990 3898
f 3914 3939 3841
f 3988 3883 3882
f 3932 3988 3942
f 3847 3849 3986
f 3990 3897 3943
f 3939 3877 3841
f 3911 3903 3938
f 3927 3926 3920
f 3892 3989 3890
f 3915 3885 3887
f 3857 3867 3846
f 3858 3846 3939
f 3865 3926 3940
f 3970 3935 3971
f 3839 3883 3917
f 3914 3931 3916
f 3887 3972 3915
f 3972 3875 3975
f 3844 3949 3888
f 3921 3918 3894
f 3921 3931 3883
f 3868 3880 3869
f 3866 3989 3919
f 3988 3882 3942
f 3940 3905 3870
f 3921 3979 3932
f 3988 3932 3979
f 3991 3992 3993
f 3994 3995 3996
f 3997 3998 3999
f 4000 4001 4002
f 4003 4004 4005
f 4006 4007 4008
f 3999 3994 3996
f 4009 4010 4011
f 3992 4012 4013
f 4014 4015 4016
f 4017 4018 4019
f 3995 3994 4020
f 4021 3992 4013
f 4020 4013 4012
f 4022 3991 3993
f 4020 3994 4023
f 4024 4025 4026
f 4027 4017 4019
f 4011 4028 4007
f 4029 4030 4028
f 4031 4013 4020
f 4032 4005 4033
f 3993 4021 4022
f 4003 4009 4011
f 4034 4033 4035
f 4005 4009 4003
f 4036 4037 4038
f 4039 4040 4041
f 4042 4043 4044
f 4045 4011 4010
f 4046 4047 4048
f 4049 4032 4034
f 3995 4050 3996
f 4051 4052 4053
f 4054 4055 4041
f 4056 4031 4057
f 4058 4059 4060
f 4061 4037 4036
f 4062 4018 3997
f 4018 4063 4064
f 4047 4046 4065
f 4060 4066 4067
f 4068 4069 4070
f 4071 4042 4072
f 4073 4074 3996
f 4024 4026 4075
f 4029 4028 4045
f 4076 4029 4045
f 4077 4078 4079
f 4080 4081 4082
f 4083 4084 4085
f 4052 4077 4086
f 4082 4087 4088
f 4029 4089 4075
f 4059 4055 4054
f 4014 4090 4091
f 4044 4086 4042
f 4080 4092 4048
f 4077 4052 4093
f 4017 4060 4063
f 4009 4032 4094
f 4095 4046 4078
f 4096 4008 4030
f 4045 4097 4076
f 4092 4072 4077
f 4007 4030 4008
f 4004 4098 4005
f 4075 4089 4024
f 4099 4100 4070
f 4070 4100 4068
f 3995 4101 4050
f 4102 4085 4103
f 4101 4073 4050
f 4104 4105 4043
f 4089 4029 4076
f 4053 4052 4086
f 4042 4077 4072
f 4015 4014 4106
f 4086 4044 4107
f 4060 4017 4027
f 4017 4063 4018
f 4095 4083 4108
f 4109 4000 4110
f 4005 4032 4009
f 4032 4049 4111
f 4071 4112 4043
f 4102 4016 4083
f 4002 4113 4000
f 4065 4054 4047
f 4043 4114 4115
f 4044 4116 4107
f 4032 4111 4094
f 4106 4117 4015
f 4069 4025 4070
f 4081 4080 4040
f 4073 4101 4118
f 4064 3998 4018
f 4022 4021 4111
f 4090 4014 4023
f 4101 3995 4012
f 4025 4069 4119
f 4091 4067 4106
f 4104 4043 4112
f 4065 4117 4067
f 4059 4058 4055
f 4048 4047 4080
f 4085 4102 4083
f 4095 4093 4084
f 4120 4002 4001
f 4121 4122 4123
f 4094 4111 4121
f 4052 4084 4093
f 4124 4125 4126
f 4018 4062 4127
f 4111 4049 4022
f 4048 4092 4128
f 4084 4051 4085
f 4016 4102 4123
f 4094 4010 4009
f 4083 4095 4084
f 4062 4129 4127
f 4047 4041 4080
f 4037 4130 4112
f 4095 4078 4093
f 4019 4124 4027
f 4131 4132 4049
f 4031 4023 4014
f 4012 3992 4133
f 4012 3995 4020
f 4055 4058 4134
f 3992 4135 4133
f 4097 4045 4010
f 4097 4103 4076
f 4053 4116 4136
f 4071 4038 4112
f 4136 4024 4053
f 4041 4040 4080
f 3991 4022 4132
f 4089 4076 4103
f 4089 4051 4053
f 3998 3994 3999
f 4011 4007 4006
f 4118 4101 4135
f 4124 4134 4058
f 4134 4124 4126
f 4108 4083 4015
f 4110 4000 4113
f 4051 4084 4052
f 4116 4044 4043
f 4067 4063 4060
f 4114 4043 4105
f 4063 4067 4091
f 4041 4055 4039
f 4053 4024 4089
f 4037 4112 4038
f 4066 4065 4067
f 4090 4023 4063
f 4080 4088 4092
f 4034 4131 4049
f 3994 4064 4023
f 4008 4137 4006
f 4028 4011 4045
f 4042 4071 4043
f 4031 4014 4057
f 4125 4127 4129
f 4138 4139 4001
f 4140 4110 4113
f 4038 4141 4036
f 4046 4095 4108
f 4064 3994 3998
f 4106 4067 4117
f 4060 4124 4058
f 4048 4128 4046
f 4003 4006 4138
f 4018 3998 3997
f 4054 4065 4066
f 4031 4056 4021
f 4066 4059 4054
f 4130 4105 4104
f 4125 4124 4019
f 4033 4005 4098
f 4041 4047 4054
f 4016 4015 4083
f 4142 4030 4029
f 4089 4085 4051
f 4094 4097 4010
f 4138 4006 4137
f 4138 4001 4109
f 4143 4144 4140
f 4136 4116 4100
f 4110 4140 4144
f 4006 4003 4011
f 4061 4130 4037
f 4046 4108 4117
f 4137 4139 4138
f 4016 4122 4057
f 4099 4136 4100
f 4049 4132 4022
f 4143 4035 4098
f 4043 4115 4116
f 4125 4019 4127
f 4021 4013 4031
f 4091 4090 4063
f 4046 4117 4065
f 4108 4015 4117
f 4144 4143 4145
f 4086 4077 4042
f 4144 4004 4110
f 4138 4109 4146
f 4133 4135 4101
f 4088 4071 4092
f 4097 4094 4123
f 4030 4142 4096
f 4073 3996 4050
f 4024 4099 4025
f 4103 4085 4089
f 4111 4021 4056
f 4128 4079 4078
f 4109 4001 4000
f 4107 4053 4086
f 4096 4142 4119
f 4110 4004 4109
f 4016 4057 4014
f 4060 4027 4124
f 4102 4103 4097
f 4020 4023 4031
f 4039 4081 4040
f 4145 4098 4144
f 4021 3993 3992
f 4078 4077 4093
f 4003 4138 4146
f 4007 4028 4030
f 4116 4053 4107
f 4146 4109 4004
f 4072 4092 4071
f 4038 4071 4088
f 4142 4029 4075
f 4094 4121 4123
f 4088 4080 4082
f 4119 4142 4026
f 4119 4026 4025
f 4004 4144 4098
f 4004 4003 4146
f 4014 4091 4106
f 4092 4079 4128
f 4123 4102 4097
f 4128 4078 4046
f 3999 3996 4074
f 4056 4121 4111
f 4098 4145 4143
f 4130 4104 4112
f 4059 4066 4060
f 4099 4070 4025
f 4012 4133 4101
f 4122 4016 4123
f 4127 4019 4018
f 4088 4087 4038
f 4024 4136 4099
f 4064 4063 4023
f 4075 4026 4142
f 4038 4087 4141
f 4077 4079 4092
f 4087 4082 4141
f 4057 4122 4056
f 4098 4035 4033
f 4034 4032 4033
f 4121 4056 4122
f 4147 4148 4149
f 4150 4151 4152
f 4148 4153 4154
f 4155 4156 4157
f 4158 4159 4160
f 4161 4162 4163
f 4149 4164 4165
f 4166 4167 4168
f 4167 4169 4170
f 4171 4163 4162
f 4172 4173 4174
f 4175 4176 4177
f 4178 4179 4180
f 4149 4148 4154
f 4181 4182 4183
f 4184 4185 4186
f 4170 4169 4187
f 4170 4188 4167
f 4147 4149 4165
f 4180 4176 4178
f 4189 4178 4176
f 4190 4191 4192
f 4193 4155 4178
f 4194 4162 4161
f 4195 4196 4197
f 4198 4199 4200
f 4201 4162 4194
f 4185 4198 4186
f 4200 4202 4198
f 4203 4204 4148
f 4205 4206 4207
f 4208 4209 4210
f 4202 4211 4186
f 4212 4186 4211
f 4166 4213 4169
f 4158 4214 4215
f 4216 4217 4218
f 4219 4174 4173
f 4168 4167 4195
f 4186 4212 4184
f 4220 4199 4221
f 4185 4184 4208
f 4222 4223 4218
f 4224 4225 4226
f 4227 4203 4193
f 4175 4189 4176
f 4228 4229 4194
f 4182 4222 4183
f 4230 4229 4231
f 4232 4233 4212
f 4150 4152 4234
f 4235 4192 4236
f 4150 4234 4157
f 4216 4168 4211
f 4237 4174 4225
f 4197 4168 4195
f 4238 4226 4221
f 4153 4148 4204
f 4239 4233 4240
f 4213 4166 4241
f 4242 4243 4244
f 4245 4182 4181
f 4196 4233 4232
f 4225 4220 4226
f 4246 4247 4248
f 4249 4248 4236
f 4250 4251 4252
f 4224 4237 4225
f 4253 4254 4255
f 4256 4257 4258
f 4259 4260 4261
f 4188 4257 4195
f 4155 4234 4179
f 4262 4247 4159
f 4263 4240 4258
f 4264 4147 4265
f 4266 4267 4254
f 4169 4244 4243
f 4215 4214 4223
f 4263 4268 4269
f 4203 4147 4264
f 4270 4271 4272
f 4273 4257 4170
f 4197 4232 4211
f 4261 4260 4157
f 4157 4260 4150
f 4274 4250 4268
f 4226 4238 4224
f 4256 4240 4233
f 4222 4182 4215
f 4273 4251 4250
f 4160 4214 4158
f 4259 4268 4266
f 4275 4235 4229
f 4201 4276 4162
f 4151 4254 4253
f 4258 4240 4256
f 4224 4238 4277
f 4205 4207 4173
f 4165 4265 4147
f 4278 4272 4240
f 4279 4250 4274
f 4277 4280 4281
f 4203 4148 4147
f 4258 4257 4273
f 4236 4191 4249
f 4255 4252 4282
f 4196 4256 4233
f 4265 4283 4272
f 4259 4269 4268
f 4238 4221 4185
f 4239 4284 4212
f 4273 4279 4258
f 4245 4201 4230
f 4267 4252 4255
f 4252 4251 4282
f 4239 4272 4271
f 4272 4269 4265
f 4265 4165 4283
f 4280 4277 4238
f 4240 4272 4239
f 4283 4165 4270
f 4262 4285 4248
f 4247 4262 4248
f 4246 4286 4247
f 4277 4287 4224
f 4205 4173 4172
f 4204 4203 4227
f 4256 4196 4195
f 4211 4202 4217
f 4234 4155 4157
f 4223 4222 4215
f 4268 4250 4252
f 4288 4206 4289
f 4239 4271 4284
f 4183 4200 4199
f 4241 4223 4214
f 4157 4156 4203
f 4273 4250 4279
f 4290 4245 4181
f 4271 4291 4209
f 4254 4151 4150
f 4178 4189 4193
f 4279 4263 4258
f 4232 4197 4196
f 4173 4181 4219
f 4261 4264 4265
f 4161 4292 4293
f 4278 4269 4272
f 4259 4261 4265
f 4266 4260 4259
f 4272 4283 4270
f 4218 4183 4222
f 4276 4201 4245
f 4181 4173 4290
f 4260 4266 4254
f 4292 4161 4163
f 4210 4280 4238
f 4263 4274 4268
f 4266 4268 4267
f 4213 4242 4169
f 4261 4157 4264
f 4238 4185 4210
f 4160 4241 4214
f 4246 4248 4249
f 4218 4200 4183
f 4209 4284 4271
f 4161 4293 4294
f 4187 4273 4170
f 4216 4211 4217
f 4159 4285 4262
f 4273 4187 4251
f 4224 4295 4237
f 4231 4235 4285
f 4276 4207 4171
f 4243 4251 4187
f 4282 4253 4255
f 4198 4185 4221
f 4296 4297 4298
f 4198 4221 4199
f 4203 4264 4157
f 4155 4179 4178
f 4236 4248 4285
f 4257 4188 4170
f 4172 4174 4237
f 4285 4235 4236
f 4295 4224 4287
f 4240 4263 4278
f 4228 4275 4229
f 4202 4200 4217
f 4287 4277 4299
f 4218 4223 4216
f 4159 4158 4285
f 4268 4252 4267
f 4281 4299 4277
f 4288 4171 4207
f 4159 4247 4160
f 4219 4199 4220
f 4246 4297 4300
f 4291 4281 4209
f 4270 4291 4271
f 4300 4241 4286
f 4231 4285 4158
f 4194 4230 4201
f 4301 4299 4281
f 4291 4301 4281
f 4193 4203 4156
f 4280 4210 4281
f 4232 4212 4211
f 4231 4229 4235
f 4212 4284 4184
f 4260 4254 4150
f 4302 4299 4301
f 4279 4274 4263
f 4276 4245 4290
f 4269 4259 4265
f 4198 4202 4186
f 4301 4291 4165
f 4216 4241 4166
f 4158 4215 4182
f 4223 4241 4216
f 4220 4221 4226
f 4302 4301 4164
f 4233 4239 4212
f 4254 4267 4255
f 4263 4269 4278
f 4303 4297 4296
f 4247 4286 4160
f 4304 4298 4249
f 4165 4164 4301
f 4166 4169 4167
f 4155 4193 4156
f 4228 4194 4161
f 4294 4228 4161
f 4230 4194 4229
f 4162 4276 4171
f 4166 4168 4216
f 4242 4244 4169
f 4217 4200 4218
f 4219 4181 4199
f 4199 4181 4183
f 4163 4288 4289
f 4276 4290 4207
f 4288 4207 4206
f 4304 4249 4191
f 4297 4249 4298
f 4197 4211 4168
f 4173 4207 4290
f 4171 4288 4163
f 4243 4187 4169
f 4303 4305 4213
f 4286 4241 4160
f 4291 4270 4165
f 4300 4297 4303
f 4303 4241 4300
f 4286 4246 4300
f 4158 4182 4231
f 4297 4246 4249
f 4192 4191 4236
f 4257 4256 4195
f 4220 4174 4219
f 4296 4305 4303
f 4209 4281 4210
f 4184 4284 4208
f 4167 4188 4195
f 4231 4182 4230
f 4213 4241 4303
f 4192 4235 4275
f 4182 4245 4230
f 4185 4208 4210
f 4284 4209 4208
f 4174 4220 4225
f 4306 4307 4308
f 4309 4310 4311
f 4312 4313 4314
f 4315 4316 4317
f 4318 4319 4320
f 4321 4322 4323
f 4326 4327 4328
f 4329 4330 4331
f 4332 4333 4334
f 4338 4334 4339
f 4340 4341 4342
f 4343 4344 4345
f 4346 4347 4325
f 4310 4348 4311
f 4349 4310 4350
f 4351 4352 4353
f 4325 4324 4346
f 4349 4354 4355
f 4356 4357 4348
f 4328 4358 4359
f 4360 4361 4312
f 4362 4346 4324
f 4347 4349 4350
f 4363 4308 4364
f 4365 4366 4367
f 4341 4340 4368
f 4347 4346 4349
f 4367 4369 4370
f 4314 4313 4365
f 4371 4319 4372
f 4373 4374 4338
f 4366 4332 4367
f 4349 4346 4375
f 4346 4362 4376
f 4312 4377 4378
f 4308 4379 4364
f 4308 4380 4379
f 4334 4306 4339
f 4381 4339 4382
f 4311 4383 4309
f 4350 4310 4384
f 4347 4350 4385
f 4348 4373 4311
f 4386 4383 4381
f 4318 4349 4375
f 4372 4318 4375
f 4313 4366 4365
f 4362 4324 4387
f 4332 4366 4333
f 4388 4389 4390
f 4376 4371 4372
f 4392 4333 4393
f 4378 4326 4312
f 4394 4314 4365
f 4317 4395 4396
f 4312 4361 4313
f 4397 4367 4332
f 4398 4320 4399
f 4384 4400 4385
f 4399 4401 4398
f 4358 4328 4402
f 4403 4404 4380
f 4348 4405 4356
f 4365 4367 4394
f 4383 4386 4406
f 4341 4407 4342
f 4384 4385 4350
f 4373 4381 4383
f 4310 4309 4384
f 4322 4321 4395
f 4329 4321 4408
f 4321 4329 4345
f 4329 4410 4345
f 4345 4395 4321
f 4392 4307 4306
f 4307 4403 4380
f 4393 4411 4403
f 4343 4412 4344
f 4385 4325 4347
f 4333 4411 4393
f 4323 4368 4408
f 4405 4348 4310
f 4382 4306 4308
f 4413 4414 4407
f 4335 4385 4336
f 4378 4415 4412
f 4359 4416 4360
f 4315 4407 4316
f 4307 4392 4393
f 4369 4397 4401
f 4352 4413 4353
f 4320 4319 4399
f 4404 4411 4417
f 4380 4404 4418
f 4374 4373 4348
f 4362 4371 4376
f 4325 4385 4335
f 4379 4380 4418
f 4419 4369 4420
f 4421 4333 4422
f 4402 4329 4423
f 4424 4415 4425
f 4340 4342 4426
f 4357 4334 4374
f 4403 4411 4404
f 4420 4369 4427
f 4334 4392 4306
f 4411 4421 4417
f 4357 4332 4334
f 4337 4386 4428
f 4332 4357 4356
f 4391 4363 4390
f 4383 4406 4309
f 4410 4329 4328
f 4337 4400 4406
f 4397 4332 4356
f 4318 4372 4319
f 4328 4329 4402
f 4409 4391 4390
f 4429 4401 4405
f 4411 4333 4421
f 4368 4323 4341
f 4400 4337 4336
f 4320 4354 4318
f 4427 4430 4431
f 4432 4379 4418
f 4336 4385 4400
f 4313 4361 4422
f 4370 4369 4419
f 4367 4433 4394
f 4345 4344 4434
f 4428 4363 4337
f 4327 4326 4378
f 4381 4382 4386
f 4416 4422 4360
f 4352 4414 4413
f 4402 4423 4358
f 4333 4366 4313
f 4348 4357 4374
f 4349 4318 4354
f 4316 4407 4341
f 4425 4415 4378
f 4427 4369 4430
f 4344 4435 4434
f 4309 4406 4400
f 4413 4407 4353
f 4343 4345 4410
f 4371 4362 4387
f 4313 4422 4333
f 4316 4322 4317
f 4382 4308 4428
f 4379 4388 4364
f 4327 4378 4343
f 4322 4316 4341
f 4386 4382 4428
f 4405 4310 4355
f 4314 4424 4425
f 4363 4391 4337
f 4306 4382 4339
f 4412 4435 4344
f 4390 4363 4364
f 4395 4434 4396
f 4375 4376 4372
f 4343 4378 4412
f 4431 4420 4427
f 4374 4334 4338
f 4320 4398 4429
f 4429 4405 4355
f 4425 4378 4377
f 4377 4314 4425
f 4331 4423 4329
f 4421 4422 4416
f 4321 4323 4408
f 4408 4330 4329
f 4390 4364 4388
f 4410 4327 4343
f 4418 4404 4432
f 4353 4407 4315
f 4346 4376 4375
f 4433 4367 4370
f 4381 4373 4338
f 4397 4369 4367
f 4341 4323 4322
f 4430 4371 4431
f 4354 4429 4355
f 4328 4359 4360
f 4312 4326 4360
f 4308 4363 4428
f 4387 4431 4371
f 4392 4334 4333
f 4342 4407 4426
f 4355 4310 4349
f 4328 4327 4410
f 4383 4311 4373
f 4403 4307 4393
f 4401 4397 4405
f 4328 4360 4326
f 4331 4358 4423
f 4314 4377 4312
f 4354 4320 4429
f 4319 4430 4399
f 4386 4337 4406
f 4405 4397 4356
f 4371 4430 4319
f 4339 4381 4338
f 4369 4399 4430
f 4399 4369 4401
f 4407 4414 4426
f 4380 4308 4307
f 4401 4429 4398
f 4434 4395 4345
f 4400 4384 4309
f 4361 4360 4422
f 4409 4390 4389
f 4322 4395 4317
f 4436 4437 4438
f 4439 4440 4441
f 4442 4443 4444
f 4445 4446 4447
f 4448 4449 4450
f 4451 4452 4453
f 4438 4454 4455
f 4456 4457 4458
f 4459 4452 4460
f 4458 4461 4456
f 4462 4463 4464
f 4454 4438 4465
f 4466 4467 4468
f 4469 4470 4471
f 4472 4446 4473
f 4474 4475 4476
f 4477 4478 4479
f 4455 4436 4438
f 4442 4480 4443
f 4481 4482 4475
f 4443 4455 4454
f 4482 4481 4483
f 4466 4468 4484
f 4485 4476 4475
f 4485 4486 4476
f 4442 4487 4488
f 4489 4490 4491
f 4492 4493 4494
f 4495 4496 4480
f 4497 4498 4499
f 4449 4448 4475
f 4436 4455 4481
f 4485 4475 4482
f 4500 4501 4502
f 4503 4504 4505
f 4469 4506 4470
f 4496 4455 4443
f 4443 4480 4496
f 4484 4487 4507
f 4508 4507 4442
f 4509 4510 4439
f 4465 4453 4444
f 4474 4449 4475
f 4511 4512 4455
f 4512 4481 4455
f 4482 4483 4513
f 4507 4514 4484
f 4515 4473 4478
f 4516 4439 4517
f 4518 4519 4520
f 4486 4485 4513
f 4483 4512 4521
f 4505 4522 4503
f 4483 4521 4513
f 4523 4472 4515
f 4524 4525 4526
f 4485 4482 4513
f 4496 4527 4528
f 4495 4480 4529
f 4496 4495 4530
f 4531 4532 4533
f 4514 4466 4484
f 4534 4493 4535
f 4536 4537 4488
f 4506 4469 4504
f 4446 4445 4473
f 4538 4539 4523
f 4527 4496 4530
f 4508 4540 4514
f 4541 4542 4543
f 4479 4445 4447
f 4518 4501 4544
f 4544 4545 4546
f 4547 4498 4548
f 4495 4529 4549
f 4550 4460 4551
f 4552 4456 4553
f 4529 4488 4537
f 4536 4487 4484
f 4537 4549 4529
f 4537 4536 4468
f 4554 4490 4489
f 4555 4556 4557
f 4558 4559 4453
f 4467 4537 4468
f 4502 4524 4500
f 4503 4506 4504
f 4450 4503 4448
f 4531 4560 4561
f 4470 4506 4450
f 4550 4551 4562
f 4453 4452 4444
f 4563 4564 4565
f 4484 4468 4536
f 4548 4566 4567
f 4567 4568 4548
f 4569 4560 4554
f 4493 4492 4535
f 4560 4531 4446
f 4570 4571 4572
f 4492 4494 4573
f 4488 4529 4480
f 4543 4532 4561
f 4574 4575 4576
f 4442 4452 4459
f 4577 4439 4516
f 4466 4514 4464
f 4462 4578 4463
f 4579 4580 4581
f 4559 4558 4471
f 4582 4532 4543
f 4489 4583 4554
f 4561 4532 4531
f 4584 4541 4585
f 4455 4496 4528
f 4586 4542 4584
f 4506 4503 4450
f 4528 4527 4511
f 4493 4534 4571
f 4441 4587 4471
f 4514 4507 4508
f 4588 4493 4570
f 4589 4590 4587
f 4561 4585 4541
f 4591 4580 4592
f 4477 4545 4544
f 4573 4555 4492
f 4554 4560 4593
f 4487 4442 4507
f 4594 4595 4596
f 4500 4524 4538
f 4597 4499 4598
f 4522 4505 4599
f 4470 4600 4471
f 4588 4494 4493
f 4571 4601 4572
f 4561 4560 4569
f 4555 4574 4602
f 4594 4596 4547
f 4579 4603 4553
f 4604 4575 4562
f 4584 4542 4541
f 4560 4472 4593
f 4594 4547 4568
f 4561 4541 4543
f 4587 4441 4440
f 4558 4505 4504
f 4574 4605 4602
f 4559 4587 4590
f 4606 4500 4607
f 4505 4558 4453
f 4580 4591 4581
f 4597 4461 4608
f 4477 4601 4571
f 4542 4582 4543
f 4466 4463 4609
f 4533 4532 4582
f 4505 4453 4599
f 4439 4441 4509
f 4539 4538 4526
f 4479 4601 4477
f 4448 4503 4522
f 4599 4453 4465
f 4592 4610 4591
f 4609 4467 4466
f 4579 4581 4603
f 4473 4445 4478
f 4545 4477 4534
f 4573 4556 4555
f 4498 4547 4611
f 4577 4516 4566
f 4608 4612 4613
f 4488 4487 4536
f 4598 4456 4597
f 4545 4534 4546
f 4478 4607 4515
f 4614 4502 4615
f 4445 4479 4478
f 4616 4598 4611
f 4557 4575 4574
f 4617 4615 4618
f 4577 4619 4439
f 4617 4620 4565
f 4616 4553 4456
f 4587 4440 4589
f 4621 4562 4575
f 4465 4443 4454
f 4504 4469 4471
f 4598 4616 4456
f 4577 4566 4497
f 4598 4499 4498
f 4501 4618 4502
f 4563 4565 4620
f 4571 4570 4493
f 4546 4605 4622
f 4611 4598 4498
f 4439 4619 4440
f 4538 4607 4500
f 4441 4471 4600
f 4463 4578 4609
f 4440 4576 4604
f 4563 4497 4564
f 4590 4453 4559
f 4623 4526 4525
f 4477 4606 4478
f 4574 4555 4557
f 4456 4552 4457
f 4611 4547 4596
f 4497 4499 4564
f 4595 4580 4579
f 4437 4448 4522
f 4574 4576 4520
f 4624 4573 4625
f 4597 4613 4499
f 4569 4554 4583
f 4533 4447 4531
f 4564 4613 4565
f 4562 4451 4604
f 4504 4471 4558
f 4565 4613 4617
f 4520 4620 4518
f 4574 4519 4605
f 4626 4539 4623
f 4465 4522 4599
f 4566 4516 4567
f 4627 4612 4608
f 4595 4579 4596
f 4455 4528 4511
f 4591 4603 4581
f 4452 4442 4444
f 4518 4620 4617
f 4617 4618 4501
f 4620 4520 4576
f 4619 4563 4620
f 4613 4612 4615
f 4512 4483 4481
f 4617 4613 4615
f 4622 4519 4518
f 4628 4568 4567
f 4604 4576 4575
f 4447 4446 4531
f 4442 4459 4508
f 4480 4442 4488
f 4502 4618 4615
f 4589 4440 4604
f 4602 4535 4555
f 4593 4490 4554
f 4534 4477 4571
f 4548 4568 4547
f 4561 4569 4585
f 4518 4617 4501
f 4606 4544 4500
f 4629 4563 4619
f 4510 4517 4439
f 4597 4456 4461
f 4574 4520 4519
f 4577 4629 4619
f 4597 4608 4613
f 4589 4604 4590
f 4499 4613 4564
f 4615 4627 4614
f 4440 4620 4576
f 4621 4575 4557
f 4620 4440 4619
f 4546 4534 4535
f 4630 4502 4614
f 4441 4600 4509
f 4460 4550 4459
f 4522 4438 4437
f 4590 4604 4451
f 4492 4555 4535
f 4567 4516 4628
f 4622 4518 4546
f 4519 4622 4605
f 4607 4478 4606
f 4562 4621 4550
f 4623 4525 4626
f 4630 4525 4524
f 4490 4626 4491
f 4621 4459 4550
f 4472 4523 4593
f 4490 4539 4626
f 4587 4559 4471
f 4606 4477 4544
f 4451 4453 4590
f 4523 4490 4593
f 4451 4562 4551
f 4448 4481 4475
f 4438 4522 4465
f 4629 4497 4563
f 4523 4515 4607
f 4629 4577 4497
f 4603 4552 4553
f 4451 4551 4460
f 4535 4605 4546
f 4524 4502 4630
f 4627 4615 4612
f 4579 4611 4596
f 4560 4446 4472
f 4443 4465 4444
f 4583 4585 4569
f 4578 4467 4609
f 4437 4436 4481
f 4464 4463 4466
f 4497 4566 4498
f 4518 4544 4546
f 4553 4611 4579
f 4539 4490 4523
f 4556 4573 4624
f 4500 4544 4501
f 4616 4611 4553
f 4524 4526 4538
f 4473 4515 4472
f 4481 4448 4437
f 4607 4538 4523
f 4460 4452 4451
f 4566 4548 4498
f 4526 4623 4539
f 4535 4602 4605
f 4631 4632 4633
f 4634 4635 4636
f 4637 4638 4639
f 4640 4641 4642
f 4643 4644 4645
f 4646 4647 4644
f 4648 4649 4650
f 4651 4652 4653
f 4640 4654 4641
f 4655 4656 4647
f 4654 4640 4657
f 4658 4640 4642
f 4656 4655 4654
f 4644 4643 4646
f 4659 4660 4645
f 4661 4636 4662
f 4663 4635 4664
f 4665 4666 4667
f 4668 4660 4669
f 4670 4659 4671
f 4672 4673 4674
f 4654 4675 4641
f 4676 4677 4678
f 4677 4676 4679
f 4680 4681 4679
f 4652 4682 4683
f 4655 4675 4654
f 4646 4684 4655
f 4685 4645 4644
f 4686 4643 4645
f 4660 4686 4645
f 4687 4660 4668
f 4688 4689 4690
f 4688 4664 4634
f 4655 4647 4646
f 4636 4661 4634
f 4650 4649 4652
f 4684 4675 4655
f 4691 4692 4665
f 4684 4646 4643
f 4687 4633 4660
f 4693 4694 4695
f 4696 4697 4698
f 4678 4666 4699
f 4700 4701 4697
f 4693 4695 4648
f 4693 4696 4698
f 4662 4702 4703
f 4704 4649 4648
f 4703 4705 4662
f 4689 4688 4637
f 4706 4707 4648
f 4694 4704 4695
f 4705 4657 4708
f 4679 4709 4710
f 4711 4649 4704
f 4712 4713 4701
f 4698 4714 4715
f 4651 4685 4716
f 4693 4715 4694
f 4648 4695 4704
f 4705 4717 4654
f 4648 4707 4696
f 4632 4660 4633
f 4718 4703 4700
f 4704 4694 4711
f 4696 4693 4648
f 4711 4682 4649
f 4705 4719 4720
f 4715 4693 4698
f 4654 4717 4656
f 4707 4706 4720
f 4696 4707 4718
f 4715 4714 4721
f 4697 4713 4698
f 4722 4723 4724
f 4725 4644 4647
f 4726 4714 4713
f 4727 4694 4715
f 4728 4714 4726
f 4635 4634 4664
f 4718 4697 4696
f 4719 4705 4703
f 4645 4729 4659
f 4638 4709 4681
f 4725 4647 4656
f 4718 4707 4719
f 4730 4731 4732
f 4720 4719 4707
f 4728 4726 4733
f 4720 4706 4717
f 4714 4698 4713
f 4703 4718 4719
f 4697 4718 4700
f 4708 4662 4705
f 4713 4697 4701
f 4717 4706 4734
f 4734 4656 4717
f 4717 4705 4720
f 4712 4726 4713
f 4703 4702 4700
f 4705 4654 4657
f 4726 4712 4733
f 4735 4733 4712
f 4640 4708 4657
f 4736 4673 4672
f 4666 4692 4737
f 4738 4733 4735
f 4739 4733 4740
f 4741 4742 4659
f 4743 4744 4745
f 4740 4746 4739
f 4659 4742 4671
f 4729 4645 4685
f 4729 4741 4659
f 4663 4700 4702
f 4747 4721 4748
f 4675 4749 4641
f 4656 4734 4725
f 4727 4715 4721
f 4701 4700 4663
f 4747 4748 4750
f 4751 4739 4746
f 4733 4738 4740
f 4711 4694 4752
f 4728 4733 4739
f 4727 4752 4694
f 4748 4751 4753
f 4754 4750 4753
f 4747 4750 4727
f 4691 4665 4724
f 4755 4750 4754
f 4748 4728 4739
f 4714 4728 4721
f 4753 4750 4748
f 4727 4750 4752
f 4727 4721 4747
f 4663 4702 4636
f 4711 4752 4756
f 4721 4728 4748
f 4739 4751 4748
f 4757 4758 4759
f 4760 4761 4762
f 4763 4764 4765
f 4765 4759 4758
f 4665 4692 4666
f 4685 4651 4729
f 4667 4766 4767
f 4729 4651 4741
f 4716 4725 4734
f 4762 4761 4768
f 4690 4673 4664
f 4741 4651 4653
f 4769 4742 4744
f 4770 4771 4772
f 4725 4716 4685
f 4730 4661 4658
f 4716 4734 4651
f 4743 4682 4773
f 4730 4642 4774
f 4775 4744 4742
f 4776 4642 4641
f 4777 4778 4779
f 4760 4764 4780
f 4769 4744 4781
f 4764 4763 4780
f 4651 4650 4652
f 4706 4650 4734
f 4763 4765 4758
f 4775 4683 4745
f 4782 4783 4784
f 4785 4758 4757
f 4683 4775 4652
f 4675 4783 4749
f 4786 4785 4757
f 4787 4744 4779
f 4787 4778 4781
f 4788 4677 4679
f 4737 4699 4666
f 4659 4670 4660
f 4684 4643 4784
f 4771 4789 4772
f 4744 4743 4779
f 4683 4743 4745
f 4779 4778 4787
f 4677 4666 4678
f 4648 4650 4706
f 4779 4743 4777
f 4743 4683 4682
f 4652 4649 4682
f 4743 4790 4777
f 4724 4770 4722
f 4686 4791 4643
f 4777 4792 4778
f 4666 4677 4766
f 4667 4789 4665
f 4642 4776 4774
f 4756 4793 4794
f 4681 4639 4638
f 4793 4756 4752
f 4790 4743 4773
f 4790 4756 4777
f 4711 4773 4682
f 4711 4790 4773
f 4795 4670 4671
f 4711 4756 4790
f 4774 4731 4730
f 4794 4796 4756
f 4670 4795 4669
f 4724 4665 4771
f 4767 4766 4788
f 4784 4772 4782
f 4637 4688 4731
f 4679 4681 4709
f 4641 4749 4776
f 4794 4793 4755
f 4643 4791 4784
f 4792 4777 4756
f 4797 4767 4798
f 4708 4640 4658
f 4784 4799 4684
f 4631 4633 4800
f 4750 4755 4793
f 4644 4725 4685
f 4642 4730 4658
f 4799 4675 4684
f 4634 4661 4732
f 4769 4671 4742
f 4724 4771 4770
f 4679 4710 4788
f 4634 4732 4731
f 4800 4801 4631
f 4783 4675 4799
f 4664 4736 4663
f 4667 4767 4789
f 4798 4767 4788
f 4782 4789 4797
f 4722 4802 4803
f 4798 4788 4710
f 4690 4664 4688
f 4793 4752 4750
f 4804 4768 4805
f 4710 4709 4774
f 4806 4807 4808
f 4804 4672 4674
f 4809 4810 4780
f 4738 4758 4811
f 4804 4805 4812
f 4760 4780 4810
f 4807 4806 4813
f 4742 4741 4775
f 4802 4632 4801
f 4802 4722 4791
f 4761 4809 4805
f 4772 4784 4770
f 4783 4782 4797
f 4636 4635 4663
f 4738 4811 4740
f 4712 4812 4735
f 4701 4663 4814
f 4797 4798 4783
f 4804 4812 4814
f 4807 4674 4808
f 4813 4806 4815
f 4738 4809 4763
f 4814 4663 4736
f 4670 4669 4660
f 4782 4772 4789
f 4686 4660 4632
f 4741 4653 4652
f 4744 4787 4781
f 4789 4767 4797
f 4803 4723 4722
f 4807 4804 4674
f 4761 4805 4768
f 4814 4672 4804
f 4809 4735 4812
f 4701 4814 4712
f 4736 4672 4814
f 4709 4638 4731
f 4807 4768 4804
f 4810 4761 4760
f 4814 4812 4712
f 4758 4738 4763
f 4810 4809 4761
f 4816 4710 4774
f 4768 4813 4762
f 4709 4731 4774
f 4784 4791 4770
f 4680 4679 4676
f 4738 4735 4809
f 4805 4809 4812
f 4780 4763 4809
f 4632 4631 4801
f 4802 4791 4632
f 4791 4722 4770
f 4783 4798 4749
f 4749 4798 4816
f 4807 4813 4768
f 4636 4702 4662
f 4662 4708 4658
f 4817 4690 4689
f 4688 4634 4731
f 4792 4756 4796
f 4741 4652 4775
f 4732 4661 4730
f 4791 4686 4632
f 4799 4784 4783
f 4816 4776 4749
f 4798 4710 4816
f 4731 4638 4637
f 4673 4690 4817
f 4736 4664 4673
f 4650 4651 4734
f 4775 4745 4744
f 4677 4788 4766
f 4661 4662 4658
f 4816 4774 4776
f 4789 4771 4665
f 4666 4766 4667
f 4818 4819 4820
f 4821 4822 4823
f 4824 4825 4826
f 4827 4828 4829
f 4830 4831 4832
f 4833 4834 4835
f 4836 4837 4838
f 4839 4840 4841
f 4842 4843 4827
f 4844 4845 4846
f 4825 4824 4847
f 4818 4820 4824
f 4848 4849 4850
f 4851 4852 4853
f 4854 4826 4855
f 4856 4857 4858
f 4859 4826 4860
f 4861 4826 4859
f 4823 4862 4863
f 4864 4865 4866
f 4845 4867 4831
f 4867 4845 4834
f 4868 4826 4861
f 4869 4870 4871
f 4872 4873 4874
f 4849 4875 4850
f 4820 4847 4824
f 4870 4876 4877
f 4834 4833 4878
f 4873 4831 4830
f 4879 4880 4857
f 4820 4819 4876
f 4860 4825 4881
f 4878 4867 4834
f 4822 4862 4823
f 4868 4867 4878
f 4860 4826 4825
f 4826 4868 4882
f 4832 4849 4865
f 4875 4849 4861
f 4831 4868 4832
f 4883 4879 4884
f 4885 4886 4887
f 4845 4835 4834
f 4847 4869 4888
f 4865 4848 4889
f 4888 4881 4825
f 4852 4860 4853
f 4860 4852 4875
f 4861 4832 4868
f 4849 4848 4865
f 4876 4869 4820
f 4844 4835 4845
f 4831 4846 4845
f 4852 4850 4875
f 4887 4890 4891
f 4831 4867 4868
f 4868 4878 4882
f 4869 4847 4820
f 4853 4881 4828
f 4851 4892 4837
f 4849 4832 4861
f 4848 4893 4889
f 4887 4886 4890
f 4858 4857 4894
f 4876 4819 4877
f 4895 4862 4822
f 4839 4848 4850
f 4882 4855 4826
f 4831 4873 4846
f 4873 4830 4874
f 4835 4896 4897
f 4898 4852 4851
f 4864 4832 4865
f 4888 4825 4847
f 4883 4874 4879
f 4821 4830 4866
f 4869 4881 4888
f 4889 4866 4865
f 4876 4870 4869
f 4832 4864 4830
f 4854 4818 4824
f 4899 4850 4852
f 4889 4893 4900
f 4824 4826 4854
f 4851 4853 4843
f 4850 4899 4839
f 4872 4846 4873
f 4830 4864 4866
f 4896 4835 4844
f 4881 4869 4901
f 4901 4869 4871
f 4835 4897 4833
f 4836 4851 4837
f 4846 4902 4844
f 4828 4827 4843
f 4897 4896 4903
f 4900 4904 4905
f 4899 4852 4898
f 4874 4906 4880
f 4907 4883 4884
f 4891 4885 4887
f 4848 4839 4841
f 4841 4893 4848
f 4872 4902 4846
f 4872 4874 4883
f 4901 4829 4828
f 4875 4859 4860
f 4866 4822 4821
f 4871 4908 4901
f 4901 4908 4829
f 4909 4837 4892
f 4843 4892 4851
f 4896 4844 4891
f 4900 4822 4889
f 4904 4893 4841
f 4872 4885 4902
f 4910 4911 4912
f 4872 4883 4885
f 4913 4914 4903
f 4915 4916 4917
f 4840 4839 4899
f 4898 4840 4899
f 4844 4902 4885
f 4918 4919 4920
f 4842 4827 4921
f 4922 4863 4923
f 4892 4843 4842
f 4900 4895 4822
f 4893 4904 4900
f 4912 4924 4910
f 4885 4883 4886
f 4836 4898 4851
f 4925 4926 4927
f 4928 4911 4929
f 4930 4931 4932
f 4933 4934 4935
f 4936 4937 4938
f 4939 4918 4920
f 4940 4941 4935
f 4942 4943 4944
f 4937 4945 4946
f 4936 4927 4926
f 4945 4947 4946
f 4943 4948 4922
f 4948 4943 4942
f 4949 4950 4922
f 4859 4875 4861
f 4874 4880 4879
f 4942 4951 4948
f 4952 4953 4934
f 4949 4954 4950
f 4939 4931 4930
f 4942 4955 4956
f 4843 4853 4828
f 4957 4858 4950
f 4950 4954 4957
f 4927 4932 4925
f 4958 4890 4959
f 4949 4951 4953
f 4934 4933 4952
f 4956 4951 4942
f 4954 4949 4953
f 4958 4959 4928
f 4894 4863 4922
f 4960 4961 4962
f 4963 4895 4905
f 4951 4949 4948
f 4879 4856 4936
f 4890 4958 4964
f 4914 4890 4965
f 4951 4934 4953
f 4956 4935 4951
f 4966 4940 4956
f 4916 4915 4907
f 4828 4881 4901
f 4908 4827 4829
f 4853 4860 4881
f 4928 4967 4958
f 4968 4925 4932
f 4821 4874 4830
f 4908 4969 4827
f 4970 4924 4912
f 4840 4898 4836
f 4969 4921 4827
f 4939 4952 4933
f 4906 4874 4821
f 4971 4841 4840
f 4884 4879 4938
f 4958 4967 4964
f 4964 4965 4890
f 4844 4885 4891
f 4921 4909 4842
f 4934 4951 4935
f 4935 4956 4940
f 4866 4889 4822
f 4905 4895 4900
f 4883 4907 4886
f 4821 4823 4906
f 4891 4890 4896
f 4955 4966 4956
f 4911 4928 4959
f 4913 4903 4896
f 4909 4892 4842
f 4972 4932 4973
f 4836 4838 4840
f 4907 4959 4886
f 4894 4880 4906
f 4974 4975 4973
f 4880 4894 4857
f 4823 4863 4906
f 4896 4890 4913
f 4976 4838 4837
f 4837 4909 4976
f 4838 4971 4840
f 4886 4959 4890
f 4879 4857 4856
f 4906 4863 4894
f 4895 4963 4862
f 4915 4912 4911
f 4890 4914 4913
f 4977 4978 4979
f 4894 4922 4950
f 4921 4980 4909
f 4977 4981 4870
f 4870 4877 4977
f 4982 4983 4984
f 4908 4871 4870
f 4967 4985 4964
f 4983 4986 4979
f 4983 4979 4984
f 4915 4959 4907
f 4979 4987 4984
f 4987 4979 4978
f 4979 4986 4977
f 4940 4988 4941
f 4932 4931 4968
f 4877 4987 4978
f 4924 4989 4910
f 4981 4990 4870
f 4973 4927 4974
f 4991 4967 4992
f 4991 4985 4967
f 4985 4993 4965
f 4978 4977 4877
f 4870 4990 4908
f 4994 4972 4975
f 4952 4939 4930
f 4995 4941 4988
f 4972 4930 4932
f 4927 4936 4974
f 4996 4997 4998
f 4962 4998 4960
f 4927 4973 4932
f 4838 4976 4999
f 4980 4921 4969
f 4953 4952 4994
f 4989 4929 4910
f 4992 4962 4991
f 4962 4992 4998
f 4856 4975 4974
f 4998 4929 4996
f 4926 4937 4936
f 4997 5000 5001
f 4916 4938 4937
f 4985 4991 5002
f 5002 4993 4985
f 4953 4994 4954
f 4995 4919 4941
f 4912 4917 4970
f 4962 4961 4991
f 4989 5000 4996
f 4929 4992 4928
f 4991 4961 5002
f 4920 4931 4939
f 4926 4945 4937
f 5000 4989 5003
f 4998 4997 4960
f 5004 5005 4961
f 4884 4938 4916
f 4925 4968 5006
f 4922 4948 4949
f 4946 4924 4970
f 5006 4945 4925
f 4924 4947 5003
f 4924 5003 4989
f 5003 5001 5000
f 4975 4957 4954
f 4929 4998 4992
f 4957 4975 4858
f 4947 5007 5003
f 5008 4997 5001
f 4970 4937 4946
f 5001 5003 5007
f 5005 5009 4961
f 4930 4972 4994
f 4937 4970 4916
f 4974 4936 4856
f 4935 4941 4933
f 4930 4994 4952
f 4911 4910 4929
f 4917 4916 4970
f 4940 4966 4988
f 4943 4922 5010
f 4959 4915 4911
f 4992 4967 4928
f 4973 4975 4972
f 4955 4942 4944
f 4960 4997 5008
f 4933 4941 4918
f 4954 4994 4975
f 4917 4912 4915
f 4996 4929 4989
f 4965 4964 4985
f 4926 4925 4945
f 4884 4916 4907
f 4858 4975 4856
f 4941 4919 4918
f 4918 4939 4933
f 5001 5007 5008
f 4947 4924 4946
f 4936 4938 4879
f 4950 4858 4894
f 5004 4960 5008
f 4960 5004 4961
f 5010 4922 4923
f 5000 4997 4996
f 5002 4961 5009
f 5011 5012 5013
f 5014 5015 5016
f 5017 5018 5019
f 5020 5021 5012
f 5022 5023 5024
f 5025 5026 5027
f 5028 5016 5015
f 5029 5030 5031
f 5032 5033 5034
f 5035 5036 5037
f 5038 5039 5040
f 5024 5023 5041
f 5042 5043 5044
f 5045 5046 5047
f 5048 5049 5050
f 5043 5051 5052
f 5053 5054 5055
f 5056 5057 5058
f 5059 5060 5061
f 5062 5063 5064
f 5065 5066 5044
f 5067 5068 5039
f 5069 5070 5071
f 5054 5072 5045
f 5029 5056 5030
f 5035 5073 5041
f 5016 5074 5046
f 5075 5034 5033
f 5025 5076 5077
f 5074 5037 5046
f 5078 5079 5053
f 5080 5081 5074
f 5032 5082 5083
f 5019 5084 5017
f 5056 5044 5057
f 5085 5035 5037
f 5086 5087 5088
f 5089 5090 5070
f 5091 5049 5048
f 5014 5016 5072
f 5092 5079 5078
f 5036 5093 5047
f 5076 5025 5094
f 5095 5096 5097
f 5037 5074 5081
f 5092 5078 5098
f 5074 5038 5099
f 5100 5021 5101
f 5068 5067 5058
f 5014 5054 5053
f 5019 5104 5105
f 5098 5091 5092
f 5039 5084 5067
f 5101 5090 5100
f 5106 5099 5107
f 5104 5079 5092
f 5069 5089 5070
f 5046 5037 5036
f 5108 5027 5026
f 5091 5048 5092
f 5022 5024 5109
f 5053 5079 5014
f 5110 5111 5112
f 5100 5110 5113
f 5048 5050 5114
f 5056 5058 5067
f 5107 5115 5106
f 5090 5101 5116
f 5117 5064 5118
f 5072 5046 5045
f 5077 5076 5114
f 5099 5106 5080
f 5084 5039 5017
f 5099 5080 5074
f 5119 5049 5091
f 5114 5064 5077
f 5061 5060 5025
f 5120 5121 5122
f 5012 5021 5013
f 5123 5059 5104
f 5069 5083 5082
f 5063 5124 5026
f 5033 5125 5075
f 5023 5126 5041
f 5026 5064 5063
f 5065 5127 5122
f 5084 5019 5128
f 5124 5033 5129
f 5072 5054 5014
f 5090 5116 5070
f 5094 5123 5048
f 5055 5130 5095
f 5131 5031 5132
f 5086 5088 5062
f 5027 5108 5129
f 5023 5022 5134
f 5047 5135 5045
f 5134 5138 5023
f 5131 5132 5139
f 5138 5134 5137
f 5140 5075 5125
f 5033 5032 5129
f 5043 5068 5057
f 5134 5136 5137
f 5143 5144 5138
f 5065 5145 5066
f 5093 5023 5144
f 5146 5031 5131
f 5144 5047 5093
f 5147 5148 5149
f 5150 5120 5031
f 5138 5151 5143
f 5152 5153 5119
f 5154 5155 5156
f 5107 5051 5115
f 5035 5126 5036
f 5157 5030 5011
f 5083 5129 5032
f 5013 5158 5157
f 5155 5154 5022
f 5108 5026 5124
f 5136 5134 5154
f 5130 5045 5135
f 5137 5151 5138
f 5069 5071 5083
f 5013 5021 5158
f 5159 5160 5152
f 5112 5161 5110
f 5142 5096 5135
f 5121 5147 5149
f 5163 5164 5086
f 5087 5086 5165
f 5135 5095 5130
f 5023 5138 5144
f 5044 5043 5057
f 5128 5012 5084
f 5031 5157 5132
f 5127 5065 5044
f 5046 5072 5016
f 5122 5121 5166
f 5156 5102 5154
f 5141 5167 5159
f 5165 5086 5164
f 5092 5123 5104
f 5025 5077 5026
f 5160 5159 5167
f 5168 5156 5155
f 5097 5096 5119
f 5144 5143 5135
f 5117 5062 5064
f 5098 5097 5091
f 5135 5096 5095
f 5119 5159 5152
f 5162 5143 5151
f 5141 5159 5096
f 5103 5102 5156
f 5025 5060 5094
f 5162 5142 5135
f 5156 5168 5103
f 5143 5162 5135
f 5047 5144 5135
f 5117 5160 5163
f 5163 5160 5133
f 5118 5160 5117
f 5127 5120 5122
f 5170 5071 5070
f 5155 5022 5109
f 5159 5119 5096
f 5153 5160 5118
f 5123 5094 5060
f 5022 5154 5134
f 5158 5113 5157
f 5029 5120 5127
f 5086 5117 5163
f 5021 5100 5158
f 5160 5153 5152
f 5012 5128 5020
f 5096 5142 5141
f 5038 5015 5018
f 5020 5128 5105
f 5073 5035 5085
f 5088 5075 5140
f 5059 5123 5060
f 5154 5102 5136
f 5093 5126 5023
f 5047 5046 5036
f 5171 5021 5061
f 5124 5125 5033
f 5172 5166 5121
f 5011 5067 5012
f 5105 5104 5059
f 5107 5052 5051
f 5099 5040 5107
f 5128 5019 5105
f 5027 5170 5061
f 5112 5139 5161
f 5170 5171 5061
f 5079 5104 5019
f 5035 5041 5126
f 5100 5113 5158
f 5113 5132 5157
f 5126 5093 5036
f 5105 5059 5020
f 5067 5011 5030
f 5039 5038 5017
f 5028 5074 5016
f 5094 5048 5076
f 5048 5123 5092
f 5147 5120 5150
f 5140 5125 5062
f 5161 5139 5132
f 5061 5020 5059
f 5120 5147 5121
f 5048 5114 5076
f 5091 5097 5119
f 5120 5029 5031
f 5122 5166 5145
f 5125 5063 5062
f 5055 5173 5053
f 5049 5119 5153
f 5020 5061 5021
f 5129 5083 5071
f 5130 5055 5054
f 5168 5169 5103
f 5170 5116 5101
f 5118 5050 5153
f 5045 5130 5054
f 5099 5038 5040
f 5015 5079 5019
f 5100 5090 5110
f 5101 5171 5170
f 5132 5113 5161
f 5024 5041 5073
f 5070 5116 5170
f 5052 5068 5043
f 5127 5044 5029
f 5108 5124 5129
f 5037 5081 5085
f 5019 5018 5015
f 5015 5038 5028
f 5058 5057 5068
f 5021 5171 5101
f 5173 5097 5098
f 5027 5071 5170
f 5031 5146 5150
f 5172 5145 5166
f 5078 5053 5173
f 5173 5098 5078
f 5149 5172 5121
f 5038 5074 5028
f 5118 5064 5114
f 5049 5153 5050
f 5077 5064 5026
f 5145 5065 5122
f 5084 5012 5067
f 5050 5118 5114
f 5157 5011 5013
f 5044 5066 5042
f 5107 5040 5039
f 5140 5062 5088
f 5111 5110 5090
f 5117 5086 5062
f 5029 5044 5056
f 5095 5097 5055
f 5124 5063 5125
f 5129 5071 5027
f 5017 5038 5018
f 5056 5067 5030
f 5161 5113 5110
f 5068 5052 5039
f 5157 5031 5030
f 5015 5014 5079
f 5025 5027 5061
f 5173 5055 5097
f 5111 5090 5089
f 5052 5107 5039
f 5174 5175 5176
f 5177 5178 5179
f 5180 5181 5182
f 5183 5184 5185
f 5186 5187 5188
f 5189 5190 5191
f 5192 5188 5193
f 5194 5195 5181
f 5196 5197 5198
f 5199 5182 5200
f 5201 5199 5202
f 5179 5198 5203
f 5198 5178 5196
f 5180 5184 5194
f 5191 5196 5189
f 5193 5204 5192
f 5182 5205 5206
f 5207 5208 5177
f 5209 5207 5177
f 5174 5210 5211
f 5212 5199 5200
f 5209 5179 5213
f 5214 5215 5216
f 5191 5217 5215
f 5188 5187 5218
f 5219 5196 5191
f 5220 5178 5192
f 5190 5217 5191
f 5221 5206 5205
f 5222 5183 5223
f 5203 5198 5197
f 5197 5175 5203
f 5218 5193 5188
f 5178 5177 5192
f 5216 5215 5217
f 5204 5193 5224
f 5214 5219 5215
f 5182 5225 5200
f 5177 5208 5192
f 5226 5227 5228
f 5224 5193 5229
f 5230 5226 5231
f 5232 5189 5204
f 5200 5186 5233
f 5231 5234 5187
f 5189 5232 5190
f 5191 5215 5219
f 5204 5224 5232
f 5235 5197 5214
f 5236 5229 5193
f 5196 5178 5220
f 5212 5233 5208
f 5203 5237 5213
f 5214 5197 5219
f 5218 5187 5234
f 5176 5197 5238
f 5183 5185 5223
f 5189 5196 5220
f 5226 5234 5231
f 5231 5187 5230
f 5196 5219 5197
f 5188 5208 5233
f 5201 5185 5239
f 5235 5238 5197
f 5192 5204 5189
f 5189 5220 5192
f 5188 5192 5208
f 5193 5218 5236
f 5237 5202 5213
f 5240 5226 5228
f 5224 5229 5241
f 5218 5234 5242
f 5176 5175 5197
f 5177 5179 5209
f 5243 5237 5244
f 5198 5179 5178
f 5176 5238 5210
f 5186 5188 5233
f 5240 5242 5234
f 5210 5174 5176
f 5175 5244 5237
f 5208 5207 5212
f 5187 5186 5230
f 5234 5226 5240
f 5179 5203 5213
f 5225 5230 5186
f 5210 5245 5211
f 5233 5212 5200
f 5212 5207 5202
f 5200 5225 5186
f 5207 5209 5202
f 5213 5202 5209
f 5211 5244 5174
f 5244 5175 5174
f 5203 5175 5237
f 5202 5199 5212
f 5225 5226 5230
f 5246 5244 5211
f 5225 5227 5226
f 5244 5246 5247
f 5206 5225 5182
f 5227 5225 5206
f 5248 5202 5237
f 5247 5249 5244
f 5244 5249 5243
f 5239 5182 5199
f 5248 5201 5202
f 5201 5239 5199
f 5237 5243 5223
f 5206 5221 5227
f 5223 5248 5237
f 5180 5182 5239
f 5182 5181 5205
f 5223 5201 5248
f 5185 5184 5239
f 5239 5184 5180
f 5201 5223 5185
f 5205 5181 5250
f 5181 5180 5194
f 5195 5250 5181
f 5251 5184 5183
f 5251 5183 5222
f 5252 5253 5254
f 5255 5256 5257
f 5258 5259 5260
f 5257 5261 5262
f 5263 5264 5265
f 5266 5267 5268
f 5269 5262 5261
f 5252 5270 5271
f 5272 5273 5271
f 5262 5255 5257
f 5274 5275 5276
f 5256 5277 5268
f 5278 5279 5280
f 5268 5265 5256
f 5281 5282 5283
f 5268 5263 5265
f 5284 5283 5285
f 5286 5287 5288
f 5261 5289 5269
f 5253 5290 5254
f 5291 5292 5293
f 5267 5263 5268
f 5276 5294 5274
f 5295 5260 5259
f 5296 5297 5298
f 5269 5299 5300
f 5273 5260 5301
f 5241 5302 5303
f 5274 5264 5304
f 5267 5305 5281
f 5306 5307 5308
f 5283 5309 5310
f 5311 5285 5312
f 5313 5298 5297
f 5287 5286 5267
f 5294 5314 5297
f 5314 5294 5276
f 5315 5316 5317
f 5308 5281 5305
f 5318 5300 5296
f 5306 5305 5267
f 5241 5290 5319
f 5268 5277 5266
f 5289 5261 5257
f 5314 5311 5297
f 5305 5306 5308
f 5290 5236 5315
f 5294 5296 5289
f 5320 5321 5227
f 5307 5306 5302
f 5322 5311 5314
f 5312 5323 5311
f 5295 5308 5301
f 5299 5296 5300
f 5317 5270 5252
f 5307 5302 5319
f 5319 5302 5241
f 5298 5318 5296
f 5308 5307 5301
f 5257 5294 5289
f 5309 5283 5282
f 5289 5299 5269
f 5324 5266 5277
f 5259 5309 5282
f 5304 5281 5284
f 5292 5285 5310
f 5255 5262 5325
f 5306 5286 5302
f 5255 5326 5256
f 5290 5241 5229
f 5236 5218 5327
f 5328 5293 5259
f 5258 5328 5259
f 5322 5284 5285
f 5290 5229 5236
f 5282 5295 5259
f 5317 5252 5254
f 5258 5273 5272
f 5259 5293 5310
f 5290 5317 5254
f 5253 5252 5301
f 5274 5257 5264
f 5284 5281 5283
f 5294 5257 5274
f 5308 5282 5281
f 5292 5291 5312
f 5296 5294 5297
f 5316 5315 5329
f 5276 5275 5314
f 5323 5330 5311
f 5275 5322 5314
f 5331 5324 5277
f 5236 5327 5315
f 5256 5326 5331
f 5319 5290 5253
f 5322 5275 5284
f 5267 5281 5263
f 5332 5333 5334
f 5335 5336 5337
f 5338 5339 5340
f 5340 5341 5342
f 5338 5342 5343
f 5249 5344 5345
f 5336 5335 5346
f 5334 5333 5347
f 5347 5333 5348
f 5349 5350 5351
f 5352 5353 5343
f 5348 5247 5347
f 5354 5337 5355
f 5194 5184 5353
f 5351 5350 5354
f 5337 5333 5332
f 5333 5337 5336
f 5333 5336 5348
f 5338 5354 5339
f 5247 5348 5356
f 5353 5184 5251
f 5338 5335 5354
f 5357 5353 5251
f 5344 5222 5345
f 5354 5350 5339
f 5222 5344 5251
f 5195 5194 5353
f 5223 5345 5222
f 5335 5343 5346
f 5356 5249 5247
f 5328 5258 5358
f 5351 5355 5349
f 5346 5343 5357
f 5343 5342 5352
f 5341 5340 5359
f 5344 5357 5251
f 5344 5249 5356
f 5335 5337 5354
f 5340 5342 5338
f 5246 5360 5347
f 5246 5211 5360
f 5354 5355 5351
f 5348 5336 5346
f 5317 5290 5315
f 5195 5352 5342
f 5356 5348 5344
f 5338 5343 5335
f 5245 5360 5211
f 5345 5223 5243
f 5249 5345 5243
f 5346 5357 5344
f 5348 5346 5344
f 5355 5337 5332
f 5353 5352 5195
f 5347 5247 5246
f 5353 5357 5343
f 5258 5272 5358
f 5280 5317 5316
f 5319 5253 5307
f 5257 5265 5264
f 5317 5280 5270
f 5271 5361 5272
f 5327 5218 5242
f 5315 5327 5329
f 5263 5281 5304
f 5280 5279 5270
f 5270 5279 5271
f 5329 5327 5362
f 5329 5278 5316
f 5277 5256 5331
f 5286 5306 5267
f 5267 5266 5287
f 5310 5285 5283
f 5273 5258 5260
f 5311 5330 5297
f 5285 5311 5322
f 5273 5252 5271
f 5295 5282 5308
f 5279 5361 5271
f 5327 5242 5362
f 5255 5325 5326
f 5263 5304 5264
f 5275 5274 5304
f 5259 5310 5309
f 5253 5301 5307
f 5310 5293 5292
f 5298 5313 5318
f 5275 5304 5284
f 5265 5257 5256
f 5228 5363 5364
f 5242 5364 5362
f 5321 5365 5363
f 5363 5228 5321
f 5366 5367 5320
f 5365 5364 5363
f 5367 5321 5320
f 5365 5362 5364
f 5228 5364 5240
f 5321 5228 5227
f 5329 5362 5365
f 5242 5240 5364
f 5205 5250 5368
f 5320 5221 5366
f 5320 5227 5221
f 5369 5366 5221
f 5370 5369 5221
f 5250 5195 5371
f 5371 5372 5368
f 5195 5342 5371
f 5372 5371 5341
f 5371 5342 5341
f 5371 5368 5250
f 5341 5359 5372
f 5299 5289 5296
f 5297 5330 5313
f 5221 5205 5370
f 5287 5373 5288
f 5368 5370 5205
f 5303 5302 5286
f 5374 5370 5368
f 5252 5273 5301
f 5312 5285 5292
f 5301 5260 5295
f 5278 5280 5316
f 5372 5374 5368
f 5359 5374 5372
f 5375 5376 5377
f 5378 5379 5380
f 5381 5382 5383
f 5384 5385 5386
f 5389 5390 5391
f 5392 5375 5377
f 5393 5394 5395
f 5396 5397 5398
f 5399 5375 5400
f 5401 5402 5395
f 5403 5404 5405
f 5406 5398 5384
f 5407 5397 5408
f 5409 5399 5400
f 5410 5411 5412
f 5398 5406 5409
f 5387 5377 5376
f 5413 5407 5414
f 5415 5416 5403
f 5406 5417 5409
f 5418 5419 5420
f 5421 5422 5423
f 5386 5426 5427
f 5428 5420 5419
f 5429 5430 5431
f 5432 5433 5434
f 5376 5420 5388
f 5435 5436 5417
f 5404 5424 5405
f 5411 5386 5427
f 5386 5406 5384
f 5417 5406 5435
f 5412 5411 5427
f 5398 5385 5384
f 5438 5439 5440
f 5436 5435 5415
f 5410 5441 5416
f 5436 5403 5428
f 5442 5426 5385
f 5397 5407 5443
f 5399 5409 5417
f 5444 5445 5389
f 5435 5411 5415
f 5446 5444 5431
f 5426 5386 5385
f 5447 5430 5448
f 5437 5403 5405
f 5415 5403 5436
f 5386 5411 5406
f 5449 5450 5451
f 5416 5429 5404
f 5406 5411 5435
f 5448 5410 5412
f 5376 5375 5418
f 5452 5434 5433
f 5453 5454 5455
f 5419 5399 5436
f 5412 5456 5448
f 5404 5403 5416
f 5430 5441 5448
f 5377 5395 5402
f 5376 5388 5387
f 5448 5456 5447
f 5375 5399 5418
f 5444 5446 5445
f 5445 5446 5457
f 5440 5433 5458
f 5420 5376 5418
f 5430 5429 5441
f 5456 5459 5447
f 5430 5447 5460
f 5431 5461 5429
f 5462 5451 5463
f 5416 5415 5410
f 5429 5461 5404
f 5428 5403 5437
f 5444 5461 5431
f 5464 5465 5466
f 5467 5468 5469
f 5470 5471 5445
f 5402 5400 5392
f 5414 5379 5378
f 5473 5457 5446
f 5445 5457 5470
f 5474 5449 5455
f 5411 5410 5415
f 5447 5473 5460
f 5457 5473 5438
f 5470 5458 5433
f 5434 5475 5432
f 5473 5447 5459
f 5460 5431 5430
f 5399 5419 5418
f 5440 5457 5438
f 5424 5404 5425
f 5432 5471 5470
f 5433 5432 5470
f 5457 5458 5470
f 5419 5436 5428
f 5396 5398 5400
f 5437 5388 5420
f 5410 5448 5441
f 5429 5416 5441
f 5433 5440 5452
f 5431 5460 5446
f 5400 5398 5409
f 5457 5440 5458
f 5400 5375 5392
f 5476 5477 5478
f 5385 5398 5397
f 5479 5480 5481
f 5446 5460 5473
f 5482 5383 5382
f 5402 5396 5400
f 5402 5392 5377
f 5385 5443 5477
f 5396 5402 5401
f 5465 5483 5484
f 5385 5477 5442
f 5377 5387 5393
f 5443 5385 5397
f 5394 5472 5381
f 5485 5486 5484
f 5408 5396 5401
f 5420 5428 5437
f 5408 5397 5396
f 5466 5465 5482
f 5395 5377 5393
f 5461 5425 5404
f 5477 5443 5478
f 5417 5436 5399
f 5408 5401 5487
f 5395 5487 5401
f 5449 5488 5450
f 5489 5462 5490
f 5443 5407 5478
f 5487 5381 5491
f 5491 5408 5487
f 5487 5395 5394
f 5407 5408 5485
f 5450 5492 5451
f 5482 5493 5466
f 5492 5494 5495
f 5490 5496 5481
f 5472 5394 5393
f 5407 5413 5478
f 5497 5498 5499
f 5498 5500 5499
f 5480 5501 5502
f 5496 5490 5495
f 5486 5408 5491
f 5381 5487 5394
f 5503 5489 5504
f 5505 5506 5426
f 5421 5469 5422
f 5426 5442 5507
f 5507 5442 5508
f 5486 5485 5408
f 5480 5490 5481
f 5407 5485 5379
f 5413 5423 5422
f 5423 5413 5510
f 5511 5512 5506
f 5383 5486 5491
f 5390 5389 5471
f 5476 5413 5422
f 5513 5514 5515
f 5516 5477 5476
f 5476 5422 5469
f 5456 5497 5459
f 5517 5467 5421
f 5479 5501 5480
f 5501 5518 5519
f 5389 5461 5444
f 5508 5516 5501
f 5516 5469 5502
f 5440 5439 5452
f 5467 5517 5468
f 5390 5509 5391
f 5462 5489 5503
f 5519 5507 5508
f 5514 5511 5520
f 5469 5516 5476
f 5500 5498 5513
f 5502 5501 5516
f 5511 5519 5520
f 5505 5426 5507
f 5439 5521 5452
f 5488 5449 5474
f 5506 5522 5427
f 5459 5438 5473
f 5523 5524 5525
f 5471 5389 5445
f 5481 5496 5479
f 5496 5523 5526
f 5468 5504 5502
f 5480 5504 5489
f 5425 5461 5391
f 5511 5498 5512
f 5421 5467 5469
f 5463 5451 5492
f 5523 5496 5495
f 5516 5508 5442
f 5497 5438 5459
f 5526 5520 5518
f 5495 5494 5524
f 5453 5455 5449
f 5495 5463 5492
f 5427 5522 5412
f 5506 5512 5522
f 5497 5512 5498
f 5497 5499 5438
f 5456 5412 5522
f 5499 5500 5527
f 5497 5456 5522
f 5390 5471 5475
f 5426 5506 5427
f 5468 5502 5469
f 5498 5511 5514
f 5477 5516 5442
f 5524 5523 5495
f 5526 5518 5496
f 5525 5515 5514
f 5504 5468 5517
f 5480 5502 5504
f 5479 5518 5501
f 5480 5489 5490
f 5451 5453 5449
f 5518 5479 5496
f 5507 5519 5505
f 5520 5519 5518
f 5519 5511 5505
f 5520 5526 5523
f 5439 5438 5528
f 5511 5506 5505
f 5513 5498 5514
f 5463 5490 5462
f 5478 5413 5476
f 5528 5438 5499
f 5508 5501 5519
f 5527 5528 5499
f 5432 5475 5471
f 5492 5450 5494
f 5525 5520 5523
f 5512 5497 5522
f 5461 5389 5391
f 5439 5528 5521
f 5521 5434 5452
f 5514 5520 5525
f 5455 5454 5474
f 5463 5495 5490
f 5483 5464 5529
f 5529 5378 5483
f 5493 5482 5382
f 5464 5483 5465
f 5378 5380 5483
f 5529 5414 5378
f 5483 5380 5484
f 5482 5465 5486
f 5486 5465 5484
f 5484 5380 5485
f 5383 5482 5486
f 5380 5379 5485
f 5413 5414 5510
f 5414 5407 5379
f 5382 5381 5472
f 5381 5383 5491
f 5530 5531 5532
f 5533 5534 5535
f 5536 5537 5538
f 5539 5540 5541
f 5542 5543 5544
f 5545 5546 5547
f 5548 5549 5550
f 5551 5552 5553
f 5554 5555 5556
f 5557 5558 5559
f 5560 5536 5561
f 5562 5542 5544
f 5563 5564 5565
f 5542 5566 5567
f 5551 5568 5552
f 5569 5570 5533
f 5571 5572 5567
f 5570 5573 5574
f 5534 5533 5572
f 5575 5576 5577
f 5578 5579 5580
f 5581 5582 5583
f 5573 5584 5585
f 5586 5587 5588
f 5589 5590 5535
f 5591 5592 5593
f 5539 5576 5540
f 5583 5582 5594
f 5591 5595 5596
f 5552 5595 5593
f 5536 5560 5597
f 5598 5558 5557
f 5599 5600 5601
f 5602 5603 5604
f 5541 5605 5539
f 5570 5606 5607
f 5608 5588 5609
f 5555 5554 5604
f 5535 5590 5610
f 5611 5612 5562
f 5613 5554 5614
f 5535 5594 5589
f 5572 5607 5567
f 5615 5616 5602
f 5617 5618 5563
f 5619 5620 5621
f 5622 5623 5624
f 5625 5626 5627
f 5592 5553 5593
f 5627 5622 5625
f 5581 5628 5582
f 5607 5606 5629
f 5626 5628 5627
f 5611 5630 5612
f 5628 5581 5548
f 5628 5548 5627
f 5622 5627 5623
f 5631 5627 5548
f 5631 5548 5550
f 5626 5632 5633
f 5627 5631 5634
f 5589 5633 5635
f 5636 5637 5638
f 5635 5633 5632
f 5639 5584 5640
f 5531 5617 5563
f 5635 5632 5641
f 5642 5552 5643
f 5567 5566 5571
f 5644 5590 5635
f 5556 5620 5614
f 5636 5638 5645
f 5608 5646 5588
f 5611 5544 5647
f 5550 5549 5612
f 5572 5571 5534
f 5648 5612 5630
f 5574 5591 5606
f 5610 5590 5649
f 5650 5537 5536
f 5544 5611 5562
f 5651 5586 5646
f 5652 5531 5563
f 5653 5654 5620
f 5645 5655 5641
f 5547 5546 5656
f 5605 5541 5568
f 5544 5657 5647
f 5644 5635 5655
f 5563 5658 5652
f 5659 5543 5660
f 5661 5662 5654
f 5535 5534 5583
f 5649 5644 5663
f 5604 5554 5602
f 5664 5655 5645
f 5665 5666 5545
f 5667 5668 5669
f 5663 5670 5649
f 5618 5671 5563
f 5575 5588 5587
f 5579 5672 5673
f 5543 5542 5674
f 5531 5530 5675
f 5583 5612 5549
f 5532 5658 5676
f 5541 5677 5568
f 5548 5581 5549
f 5583 5534 5612
f 5678 5679 5680
f 5681 5655 5664
f 5682 5683 5638
f 5655 5681 5663
f 5684 5685 5686
f 5677 5559 5558
f 5645 5683 5664
f 5599 5586 5687
f 5688 5689 5690
f 5691 5650 5536
f 5692 5683 5693
f 5577 5576 5539
f 5694 5650 5691
f 5566 5562 5571
f 5678 5691 5536
f 5692 5681 5664
f 5663 5681 5670
f 5692 5693 5695
f 5652 5658 5532
f 5696 5539 5605
f 5658 5563 5565
f 5671 5564 5563
f 5697 5682 5698
f 5551 5605 5568
f 5699 5700 5693
f 5701 5702 5703
f 5564 5665 5547
f 5704 5613 5614
f 5638 5637 5704
f 5539 5705 5577
f 5621 5698 5619
f 5706 5600 5707
f 5698 5708 5697
f 5658 5565 5564
f 5696 5705 5539
f 5551 5696 5605
f 5639 5709 5710
f 5677 5711 5568
f 5712 5708 5713
f 5554 5613 5615
f 5694 5671 5650
f 5714 5710 5681
f 5566 5542 5562
f 5645 5641 5636
f 5654 5621 5620
f 5715 5688 5687
f 5705 5609 5577
f 5588 5575 5577
f 5652 5532 5531
f 5632 5626 5716
f 5700 5712 5695
f 5714 5695 5712
f 5655 5663 5644
f 5615 5613 5637
f 5710 5709 5670
f 5545 5547 5665
f 5713 5708 5698
f 5687 5651 5715
f 5712 5685 5714
f 5641 5655 5635
f 5707 5600 5599
f 5688 5717 5689
f 5670 5681 5710
f 5621 5713 5698
f 5718 5719 5580
f 5641 5632 5636
f 5656 5703 5547
f 5671 5680 5564
f 5686 5720 5684
f 5697 5708 5700
f 5696 5609 5705
f 5571 5612 5534
f 5553 5696 5551
f 5679 5665 5680
f 5656 5603 5703
f 5683 5682 5699
f 5684 5720 5639
f 5653 5661 5654
f 5704 5619 5682
f 5568 5711 5643
f 5570 5569 5573
f 5680 5665 5564
f 5651 5720 5715
f 5701 5603 5602
f 5644 5649 5590
f 5658 5547 5703
f 5555 5653 5556
f 5688 5721 5706
f 5554 5556 5614
f 5686 5712 5689
f 5704 5620 5619
f 5577 5609 5588
f 5601 5587 5586
f 5660 5674 5718
f 5717 5720 5686
f 5720 5651 5639
f 5543 5659 5657
f 5710 5684 5639
f 5693 5700 5695
f 5715 5720 5717
f 5689 5717 5686
f 5649 5670 5610
f 5552 5568 5643
f 5713 5689 5712
f 5687 5707 5599
f 5586 5599 5601
f 5651 5687 5586
f 5567 5674 5542
f 5696 5608 5609
f 5722 5679 5597
f 5553 5723 5696
f 5564 5547 5658
f 5679 5666 5665
f 5608 5696 5723
f 5708 5712 5700
f 5658 5703 5676
f 5721 5688 5690
f 5667 5724 5713
f 5724 5667 5669
f 5633 5589 5626
f 5713 5621 5667
f 5625 5716 5626
f 5689 5713 5724
f 5723 5553 5592
f 5680 5694 5691
f 5717 5688 5715
f 5693 5683 5699
f 5714 5681 5695
f 5699 5682 5697
f 5677 5541 5559
f 5725 5723 5592
f 5685 5710 5714
f 5544 5543 5657
f 5703 5603 5701
f 5704 5637 5613
f 5615 5602 5554
f 5683 5692 5664
f 5591 5593 5595
f 5688 5707 5687
f 5690 5689 5724
f 5616 5701 5602
f 5700 5699 5697
f 5726 5604 5603
f 5642 5673 5552
f 5668 5667 5662
f 5727 5650 5671
f 5681 5692 5695
f 5682 5619 5698
f 5533 5610 5728
f 5591 5725 5592
f 5668 5706 5721
f 5679 5722 5666
f 5723 5725 5608
f 5684 5710 5685
f 5654 5662 5667
f 5669 5690 5724
f 5685 5712 5686
f 5673 5595 5552
f 5707 5688 5706
f 5558 5598 5729
f 5639 5640 5709
f 5635 5590 5589
f 5690 5669 5721
f 5608 5573 5646
f 5683 5645 5638
f 5651 5584 5639
f 5704 5682 5638
f 5560 5722 5597
f 5668 5721 5669
f 5646 5585 5651
f 5561 5722 5560
f 5538 5730 5536
f 5536 5730 5561
f 5646 5573 5585
f 5725 5591 5574
f 5725 5573 5608
f 5727 5537 5650
f 5593 5553 5552
f 5596 5606 5591
f 5674 5567 5718
f 5673 5672 5595
f 5583 5549 5581
f 5678 5680 5691
f 5672 5579 5578
f 5670 5709 5640
f 5671 5694 5680
f 5584 5651 5585
f 5672 5578 5596
f 5704 5614 5620
f 5603 5546 5726
f 5727 5671 5618
f 5728 5584 5569
f 5679 5678 5597
f 5574 5573 5725
f 5603 5656 5546
f 5640 5728 5670
f 5612 5648 5550
f 5629 5606 5596
f 5660 5543 5674
f 5595 5672 5596
f 5596 5578 5629
f 5536 5597 5678
f 5574 5606 5570
f 5616 5702 5701
f 5719 5578 5580
f 5569 5584 5573
f 5728 5569 5533
f 5629 5578 5719
f 5653 5620 5556
f 5567 5719 5718
f 5572 5533 5570
f 5719 5607 5629
f 5628 5589 5582
f 5610 5533 5535
f 5731 5732 5733
f 5734 5735 5624
f 5634 5623 5627
f 5594 5535 5583
f 5580 5660 5718
f 5589 5628 5626
f 5736 5616 5615
f 5570 5607 5572
f 5736 5702 5616
f 5737 5736 5738
f 5702 5736 5737
f 5625 5622 5624
f 5530 5532 5676
f 5739 5636 5632
f 5740 5624 5735
f 5739 5632 5716
f 5735 5739 5716
f 5739 5731 5737
f 5734 5624 5623
f 5624 5740 5625
f 5733 5737 5731
f 5607 5719 5567
f 5582 5589 5594
f 5676 5703 5702
f 5667 5621 5654
f 5636 5738 5637
f 5586 5588 5646
f 5735 5716 5740
f 5735 5731 5739
f 5676 5702 5737
f 5540 5559 5541
f 5615 5637 5736
f 5733 5675 5530
f 5736 5637 5738
f 5737 5738 5739
f 5735 5734 5741
f 5741 5731 5735
f 5738 5636 5739
f 5716 5625 5740
f 5733 5530 5737
f 5732 5731 5741
f 5562 5612 5571
f 5728 5640 5584
f 5670 5728 5610
f 5676 5737 5530
f 5742 5743 5744
f 5745 5746 5747
f 5748 5749 5750
f 5751 5752 5753
f 5754 5755 5756
f 5754 5757 5755
f 5744 5758 5759
f 5760 5761 5762
f 5763 5764 5765
f 5766 5767 5768
f 5769 5770 5771
f 5772 5759 5773
f 5774 5775 5776
f 5777 5778 5779
f 5751 5777 5752
f 5746 5780 5781
f 5760 5762 5782
f 5777 5783 5752
f 5771 5784 5769
f 5785 5786 5787
f 5788 5789 5790
f 5791 5792 5768
f 5767 5793 5794
f 5794 5793 5795
f 5796 5797 5798
f 5782 5799 5760
f 5792 5787 5800
f 5801 5802 5803
f 5804 5805 5806
f 5807 5808 5749
f 5809 5808 5791
f 5810 5811 5812
f 5759 5772 5744
f 5762 5761 5753
f 5786 5785 5813
f 5814 5806 5815
f 5816 5817 5818
f 5819 5820 5821
f 5813 5822 5786
f 5821 5823 5824
f 5825 5812 5826
f 5827 5816 5818
f 5828 5829 5830
f 5831 5832 5833
f 5834 5835 5836
f 5828 5830 5837
f 5821 5838 5839
f 5840 5841 5842
f 5843 5832 5831
f 5844 5845 5846
f 5830 5847 5837
f 5848 5849 5850
f 5848 5840 5845
f 5851 5852 5787
f 5835 5853 5836
f 5854 5840 5842
f 5855 5856 5857
f 5858 5859 5860
f 5861 5862 5863
f 5864 5810 5865
f 5851 5787 5792
f 5866 5867 5868
f 5783 5777 5779
f 5841 5863 5869
f 5818 5870 5827
f 5865 5871 5864
f 5835 5834 5872
f 5838 5873 5839
f 5874 5875 5876
f 5852 5857 5854
f 5877 5878 5847
f 5873 5838 5879
f 5767 5794 5791
f 5832 5843 5834
f 5826 5864 5875
f 5880 5807 5857
f 5852 5881 5785
f 5865 5810 5882
f 5883 5875 5864
f 5826 5875 5874
f 5863 5848 5850
f 5883 5847 5878
f 5883 5864 5871
f 5750 5749 5884
f 5762 5885 5782
f 5792 5791 5808
f 5747 5886 5776
f 5887 5750 5888
f 5889 5782 5812
f 5881 5813 5785
f 5890 5891 5889
f 5892 5893 5836
f 5785 5787 5852
f 5805 5798 5772
f 5848 5841 5840
f 5783 5758 5894
f 5749 5808 5809
f 5895 5896 5897
f 5826 5811 5864
f 5898 5844 5831
f 5802 5745 5899
f 5853 5892 5836
f 5844 5843 5831
f 5775 5747 5776
f 5837 5871 5850
f 5797 5784 5742
f 5900 5901 5849
f 5889 5799 5782
f 5775 5745 5747
f 5902 5755 5757
f 5903 5904 5905
f 5906 5796 5798
f 5828 5901 5900
f 5800 5787 5786
f 5745 5802 5801
f 5832 5836 5893
f 5829 5877 5830
f 5826 5874 5825
f 5907 5899 5908
f 5909 5839 5910
f 5856 5855 5846
f 5893 5818 5832
f 5882 5861 5865
f 5842 5852 5854
f 5838 5896 5911
f 5900 5844 5898
f 5863 5850 5861
f 5755 5907 5756
f 5912 5913 5905
f 5892 5853 5764
f 5804 5914 5906
f 5908 5915 5916
f 5883 5871 5847
f 5876 5825 5874
f 5862 5861 5882
f 5914 5786 5822
f 5830 5877 5847
f 5917 5889 5891
f 5871 5837 5847
f 5753 5894 5762
f 5810 5864 5811
f 5913 5898 5831
f 5890 5889 5825
f 5918 5858 5860
f 5837 5901 5828
f 5908 5775 5915
f 5828 5912 5829
f 5850 5871 5865
f 5919 5912 5828
f 5861 5850 5865
f 5920 5789 5788
f 5901 5837 5850
f 5912 5919 5913
f 5789 5819 5921
f 5888 5922 5923
f 5758 5779 5759
f 5859 5858 5748
f 5781 5780 5753
f 5806 5814 5924
f 5913 5903 5905
f 5850 5849 5901
f 5917 5891 5925
f 5898 5913 5919
f 5857 5852 5851
f 5800 5786 5914
f 5913 5831 5903
f 5903 5817 5904
f 5900 5919 5828
f 5791 5794 5809
f 5919 5900 5898
f 5869 5863 5862
f 5778 5926 5803
f 5833 5903 5831
f 5903 5833 5817
f 5848 5863 5841
f 5817 5833 5832
f 5849 5844 5900
f 5832 5818 5817
f 5845 5844 5849
f 5849 5848 5845
f 5927 5884 5749
f 5758 5885 5894
f 5885 5758 5743
f 5854 5857 5856
f 5791 5768 5767
f 5818 5893 5870
f 5855 5843 5844
f 5836 5832 5834
f 5869 5881 5841
f 5846 5855 5844
f 5855 5928 5843
f 5834 5843 5872
f 5845 5854 5856
f 5854 5845 5840
f 5899 5745 5775
f 5841 5881 5842
f 5805 5804 5906
f 5769 5796 5770
f 5768 5924 5867
f 5839 5819 5821
f 5856 5846 5845
f 5928 5855 5918
f 5843 5928 5872
f 5766 5768 5867
f 5852 5842 5881
f 5777 5751 5926
f 5925 5929 5917
f 5926 5780 5801
f 5929 5774 5776
f 5866 5788 5790
f 5835 5872 5930
f 5853 5835 5930
f 5812 5931 5810
f 5918 5872 5928
f 5930 5872 5932
f 5930 5932 5853
f 5763 5933 5764
f 5927 5934 5935
f 5932 5764 5853
f 5936 5855 5857
f 5748 5750 5887
f 5803 5802 5937
f 5888 5750 5884
f 5858 5918 5936
f 5899 5902 5802
f 5872 5918 5860
f 5857 5851 5880
f 5938 5867 5790
f 5920 5819 5789
f 5939 5938 5790
f 5940 5763 5941
f 5886 5747 5781
f 5922 5884 5927
f 5775 5942 5915
f 5872 5860 5932
f 5909 5921 5819
f 5894 5753 5752
f 5792 5880 5851
f 5807 5880 5808
f 5751 5780 5926
f 5943 5938 5939
f 5796 5906 5813
f 5911 5879 5838
f 5936 5857 5807
f 5859 5748 5944
f 5790 5921 5939
f 5891 5929 5925
f 5943 5766 5938
f 5807 5858 5936
f 5934 5795 5793
f 5880 5792 5808
f 5886 5917 5776
f 5858 5807 5748
f 5922 5927 5935
f 5795 5809 5794
f 5921 5910 5939
f 5896 5824 5897
f 5892 5933 5893
f 5921 5909 5910
f 5764 5933 5892
f 5921 5790 5789
f 5945 5946 5947
f 5819 5839 5909
f 5743 5758 5744
f 5800 5914 5768
f 5795 5948 5809
f 5943 5935 5793
f 5873 5949 5923
f 5939 5910 5943
f 5749 5948 5927
f 5793 5935 5934
f 5781 5753 5761
f 5751 5753 5780
f 5743 5931 5885
f 5838 5821 5896
f 5946 5944 5748
f 5896 5821 5824
f 5749 5809 5948
f 5922 5888 5884
f 5795 5934 5948
f 5767 5766 5943
f 5742 5950 5931
f 5839 5873 5910
f 5867 5938 5766
f 5934 5927 5948
f 5951 5952 5953
f 5896 5954 5955
f 5793 5767 5943
f 5812 5825 5889
f 5935 5923 5922
f 5814 5868 5924
f 5765 5932 5952
f 5798 5805 5906
f 5956 5957 5958
f 5820 5819 5920
f 5951 5941 5765
f 5910 5935 5943
f 5923 5949 5888
f 5959 5960 5954
f 5744 5797 5742
f 5959 5961 5962
f 5960 5959 5963
f 5886 5781 5761
f 5797 5744 5798
f 5811 5826 5812
f 5959 5964 5963
f 5941 5763 5765
f 5770 5862 5771
f 5926 5778 5777
f 5965 5966 5967
f 5765 5952 5951
f 5953 5952 5860
f 5782 5885 5812
f 5953 5945 5951
f 5968 5859 5944
f 5931 5743 5742
f 5755 5902 5899
f 5862 5770 5869
f 5882 5950 5771
f 5748 5807 5749
f 5764 5932 5765
f 5959 5962 5969
f 5893 5933 5870
f 5964 5959 5969
f 5955 5970 5971
f 5972 5954 5960
f 5924 5768 5914
f 5855 5936 5918
f 5959 5954 5961
f 5961 5954 5973
f 5882 5931 5950
f 5744 5772 5798
f 5869 5770 5796
f 5974 5949 5958
f 5813 5906 5822
f 5823 5897 5824
f 5746 5745 5801
f 5888 5975 5887
f 5799 5917 5886
f 5792 5800 5768
f 5896 5895 5973
f 5954 5896 5973
f 5779 5758 5783
f 5969 5976 5964
f 5911 5971 5879
f 5799 5889 5917
f 5760 5886 5761
f 5790 5867 5866
f 5894 5752 5783
f 5976 5977 5964
f 5970 5955 5972
f 5952 5932 5860
f 5978 5941 5951
f 5945 5978 5951
f 5859 5953 5860
f 5966 5940 5978
f 5945 5953 5968
f 5958 5949 5879
f 5772 5773 5805
f 5953 5859 5968
f 5977 5963 5964
f 5945 5966 5978
f 5942 5775 5774
f 5965 5940 5966
f 5775 5908 5899
f 5885 5762 5894
f 5886 5760 5799
f 5822 5906 5914
f 5946 5945 5968
f 5967 5966 5947
f 5813 5881 5869
f 5879 5949 5873
f 5979 5965 5967
f 5980 5960 5963
f 5981 5972 5980
f 5914 5806 5924
f 5820 5982 5821
f 5916 5756 5907
f 5983 5984 5957
f 5947 5984 5967
f 5867 5924 5868
f 5806 5914 5804
f 5974 5957 5984
f 5946 5984 5947
f 5981 5980 5963
f 5823 5821 5982
f 5815 5806 5773
f 5984 5979 5967
f 5944 5946 5968
f 5776 5917 5929
f 5754 5756 5985
f 5954 5972 5955
f 5960 5980 5972
f 5873 5935 5910
f 5784 5797 5769
f 5784 5771 5950
f 5971 5911 5955
f 5981 5970 5972
f 5958 5879 5986
f 5931 5882 5810
f 5986 5879 5971
f 5803 5937 5778
f 5920 5982 5820
f 5784 5950 5742
f 5748 5887 5946
f 5801 5803 5926
f 5975 5984 5946
f 5984 5983 5979
f 5956 5958 5987
f 5987 5958 5986
f 5949 5974 5975
f 5797 5796 5769
f 5957 5974 5958
f 5974 5984 5975
f 5975 5888 5949
f 5907 5755 5899
f 5941 5978 5940
f 5781 5747 5746
f 5931 5812 5885
f 5873 5923 5935
f 5908 5916 5907
f 5746 5801 5780
f 5805 5773 5806
f 5955 5911 5896
f 5947 5966 5945
f 5887 5975 5946
f 5771 5862 5882
f 5796 5813 5869
f 5988 5989 5990
f 5991 5992 5993
f 5994 5995 5996
f 5997 5998 5999
f 6000 6001 6002
f 6003 6000 6002
f 6004 6005 6006
f 6007 6008 6009
f 6010 6011 6012
f 6013 6014 6015
f 6016 6003 6002
f 6017 6018 6019
f 6020 6021 6022
f 6023 6024 6004
f 6025 6026 6027
f 6028 6029 6030
f 6031 6032 6033
f 6034 6035 6036
f 6037 5988 5990
f 6026 5989 5988
f 6038 6039 6040
f 6025 6006 6035
f 6020 5996 5995
f 6041 6015 6009
f 5995 6042 6020
f 6025 6009 6043
f 6044 6045 6046
f 6003 5994 6047
f 6048 6049 6050
f 6051 6052 6053
f 6011 6015 6041
f 6054 6055 6056
f 6057 6058 6059
f 6056 6055 6060
f 6061 6062 6063
f 6027 6011 6041
f 6034 5989 6026
f 6064 6063 6062
f 6065 6061 6066
f 6006 6043 6008
f 6067 6068 6069
f 6001 6054 5990
f 6036 6035 6070
f 6001 6000 6071
f 5990 6054 6056
f 6005 6072 6073
f 6071 6054 6001
f 6050 6074 6048
f 6045 6044 5991
f 6051 6000 6057
f 6075 6048 6053
f 6065 6029 6061
f 6064 6062 6076
f 6051 6055 6071
f 6051 6053 6055
f 6057 6052 6051
f 6012 6077 6078
f 6079 6047 6080
f 6081 6067 6082
f 6029 6065 6083
f 6076 6062 6028
f 6042 6084 6085
f 6071 6055 6054
f 6042 6085 6020
f 6075 6053 6052
f 6047 6079 6000
f 6000 6079 6057
f 6074 6053 6048
f 6086 6087 6073
f 6088 5997 6089
f 6057 6059 6052
f 6090 6079 6080
f 6051 6071 6000
f 6049 6091 6092
f 6032 6031 6070
f 6018 6093 6094
f 6009 6015 6007
f 6016 6095 6096
f 6020 6085 6084
f 6058 6079 6090
f 6091 6049 6075
f 6078 6097 6098
f 6032 6089 5999
f 5999 6033 6032
f 6099 6100 6101
f 6060 6055 6074
f 6035 6089 6070
f 6102 6073 6072
f 6000 6003 6047
f 6020 6084 6103
f 6079 6058 6057
f 6104 6021 6020
f 6105 6106 6107
f 6072 6004 6024
f 6088 6089 6005
f 6108 6109 6110
f 5995 5994 6096
f 6110 6109 6093
f 6108 6110 6111
f 6112 6106 6105
f 6048 6075 6049
f 6098 6097 6056
f 6053 6074 6055
f 6013 6010 6012
f 6027 6026 6113
f 6113 6037 6077
f 5997 6112 6114
f 6089 6006 6005
f 5998 5997 6114
f 6115 6099 6038
f 6046 6103 6033
f 6077 6012 6011
f 5998 6046 6033
f 6097 6077 6037
f 6045 6103 6046
f 6116 6019 6117
f 6068 6067 6081
f 6118 6104 6117
f 6008 6100 6023
f 5989 6016 6002
f 6023 6004 6006
f 6119 6029 6083
f 6120 6121 6122
f 6117 6123 6118
f 6084 6033 6103
f 6116 6117 6104
f 6009 6025 6041
f 5989 6034 6016
f 6038 6024 6115
f 6073 6040 6086
f 6124 6125 6126
f 6127 6046 5998
f 6077 6011 6113
f 6100 6008 6007
f 6095 6016 6034
f 6042 6031 6084
f 6056 6037 5990
f 6038 6099 6039
f 6128 6083 6068
f 6081 6128 6068
f 5997 5999 6089
f 6024 6100 6115
f 6015 6010 6013
f 6056 6097 6037
f 6129 6106 6112
f 6130 6129 6087
f 6083 6128 6119
f 6039 6099 6131
f 6132 6133 6134
f 5991 6017 6116
f 6062 6029 6028
f 6135 6136 6137
f 6138 6139 6140
f 6140 6141 6142
f 6143 6144 6145
f 6117 6019 6146
f 6147 6123 6148
f 6082 6149 6081
f 6150 6151 6152
f 6127 6112 6153
f 6154 6155 6156
f 6157 6158 6159
f 6160 6161 6162
f 6163 6164 6165
f 6166 6167 6080
f 6138 6143 6139
f 6168 6148 6117
f 6169 6137 6170
f 6145 6135 6143
f 6120 6171 6154
f 6172 6173 6150
f 6174 6172 6175
f 6176 6177 6178
f 6169 6179 6180
f 6128 6181 6119
f 6143 6135 6180
f 6146 6168 6117
f 6087 6129 6088
f 6039 6086 6040
f 6138 6144 6143
f 6131 6182 6039
f 6183 6171 6063
f 6184 6181 6149
f 6182 6086 6039
f 6185 6186 6187
f 5994 6003 6096
f 6169 6170 6188
f 6108 6111 6164
f 6185 6189 6177
f 6165 6158 6157
f 6180 6135 6137
f 6139 6143 6190
f 6011 6027 6113
f 6191 6192 6193
f 6140 6194 6141
f 6195 6144 6196
f 6195 6136 6135
f 6156 6124 6154
f 6155 6194 6156
f 6116 6017 6019
f 6197 6137 6136
f 6197 6198 6188
f 6005 6073 6088
f 6182 6131 6199
f 6164 6163 6108
f 6200 6201 6202
f 6164 6203 6159
f 6191 6176 6178
f 6159 6151 6157
f 6138 6142 6196
f 6189 6076 6030
f 6150 6142 6141
f 6137 6197 6170
f 6173 6157 6150
f 6147 6204 6201
f 6197 6159 6203
f 6156 6140 6139
f 6190 6156 6139
f 6141 6172 6150
f 5992 6044 6153
f 6153 6112 6205
f 6118 6123 6200
f 6073 6087 6088
f 6044 6046 6153
f 6161 6155 6162
f 6111 6203 6164
f 6161 6160 6206
f 6149 6082 6184
f 6134 6086 6182
f 6022 6207 5996
f 6170 6197 6188
f 6189 6187 6076
f 6208 6209 6047
f 6159 6158 6164
f 6196 6152 6151
f 6210 6186 6206
f 6152 6196 6142
f 6138 6140 6142
f 6149 6128 6081
f 5988 6113 6026
f 6205 5992 6153
f 6185 6211 6186
f 6155 6161 6175
f 6156 6194 6140
f 6186 6212 6187
f 6179 6143 6180
f 5997 6088 6129
f 6208 6207 6209
f 6152 6142 6150
f 6201 6213 6202
f 6105 6205 6112
f 6089 6032 6070
f 6165 6164 6158
f 6194 6172 6141
f 6214 6181 6215
f 6133 6087 6134
f 6175 6194 6155
f 6216 6213 6217
f 6199 6134 6182
f 6196 6144 6138
f 6218 6061 6063
f 6034 6036 6095
f 6219 6132 6134
f 6173 6220 6157
f 6024 6038 6102
f 6103 6104 6020
f 6031 6033 6084
f 6153 6046 6127
f 6181 6128 6149
f 6146 6019 6018
f 6070 6031 6095
f 6106 6221 6107
f 6206 6222 6161
f 6165 6157 6223
f 6174 6173 6172
f 6219 6134 6199
f 6132 6219 6224
f 6204 6178 6215
f 6165 6191 6193
f 6007 6015 6014
f 6194 6175 6172
f 6181 6225 6215
f 6162 6155 6154
f 6018 6017 6226
f 6124 6126 6154
f 6185 6176 6211
f 6173 6174 6220
f 6159 6136 6195
f 6006 6089 6035
f 6094 6227 6146
f 6166 6228 6167
f 6176 6191 6223
f 6223 6220 6176
f 6223 6191 6165
f 6217 6229 6230
f 6222 6231 6174
f 6165 6193 6163
f 5996 6207 6208
f 6174 6231 6220
f 6161 6222 6175
f 6195 6145 6144
f 6175 6222 6174
f 6154 6126 6120
f 6095 6042 6096
f 6119 6181 6214
f 6163 6109 6108
f 6197 6136 6159
f 6159 6195 6151
f 6193 6227 6163
f 6231 6176 6220
f 6065 6066 6232
f 6045 6104 6103
f 6022 5996 6020
f 5992 5991 6044
f 6207 6166 6209
f 6171 6162 6154
f 6202 6207 6200
f 6163 6227 6109
f 6177 6189 6214
f 6176 6231 6211
f 6145 6195 6135
f 6229 6225 6181
f 6186 6211 6222
f 6157 6220 6223
f 6171 6206 6160
f 6217 6204 6215
f 6193 6147 6168
f 6160 6162 6171
f 6137 6169 6180
f 6204 6213 6201
f 6193 6168 6227
f 6176 6185 6177
f 6203 6198 6197
f 6210 6206 6183
f 6228 6233 6234
f 6186 6210 6212
f 5991 6116 6045
f 6183 6206 6171
f 6094 6109 6227
f 6151 6150 6157
f 6146 6227 6168
f 6192 6191 6178
f 6193 6192 6147
f 6063 6171 6120
f 6093 6018 6226
f 6109 6094 6093
f 6235 5993 6205
f 6017 5991 5993
f 6210 6183 6064
f 6187 6212 6210
f 6100 6024 6023
f 6206 6186 6222
f 6040 6073 6102
f 6006 6025 6043
f 6086 6134 6087
f 6202 6233 6228
f 6063 6064 6183
f 6151 6195 6196
f 6177 6214 6215
f 6121 6126 6125
f 6187 6189 6185
f 6215 6178 6177
f 6192 6178 6204
f 6076 6210 6064
f 5990 5989 6001
f 6018 6094 6146
f 6076 6187 6210
f 6192 6204 6147
f 6065 6068 6083
f 6148 6168 6147
f 6214 6189 6030
f 6230 6229 6184
f 5998 6033 5999
f 6126 6121 6120
f 6148 6123 6117
f 6214 6030 6119
f 6066 6061 6218
f 6215 6225 6217
f 6217 6225 6229
f 6201 6200 6147
f 6181 6184 6229
f 6042 6095 6031
f 6204 6217 6213
f 6147 6200 6123
f 6116 6104 6045
f 6021 6104 6118
f 6167 6228 6236
f 6217 6230 6216
f 6205 6105 6235
f 6072 6024 6102
f 6015 6011 6010
f 5992 6205 5993
f 6231 6222 6211
f 6112 6127 6114
f 6021 6118 6200
f 6129 6130 6106
f 6202 6213 6233
f 6029 6062 6061
f 6021 6200 6207
f 6213 6216 6233
f 6202 6166 6207
f 6228 6166 6202
f 6233 6216 6234
f 6096 6003 6016
f 5995 6096 6042
f 6008 6023 6006
f 6034 6025 6035
f 6021 6207 6022
f 6102 6038 6040
f 6120 6218 6063
f 6025 6027 6041
f 6228 6234 6236
f 6080 6209 6166
f 6129 6112 5997
f 6068 6065 6069
f 6208 5994 5996
f 6080 6047 6209
f 6080 6167 6090
f 6069 6065 6232
f 6237 6121 6125
f 6100 6099 6115
f 6078 6077 6097
f 6095 6036 6070
f 6004 6072 6005
f 6133 6130 6087
f 5988 6037 6113
f 6221 6106 6130
f 6218 6120 6122
f 6122 6121 6238
f 5994 6208 6047
f 6008 6043 6009
f 6030 6029 6119
f 6127 5998 6114
f 6028 6030 6076
f 6237 6239 6238
f 6026 6025 6034
f 6002 6001 5989
f 6101 6100 6007
f 6067 6069 6232
f 6121 6237 6238
f 6240 6241 6242
f 6243 6240 6244
f 6245 6243 6244
f 6246 6247 6248
f 6241 6249 6250
f 6245 6251 6252
f 6249 6243 6252
f 6248 6253 6254
f 6249 6255 6256
f 6257 6252 6251
f 6249 6256 6258
f 6255 6249 6252
f 6259 6260 6261
f 6257 6262 6263
f 6264 6246 6248
f 6265 6266 6267
f 6261 6256 6268
f 6261 6260 6258
f 6269 6252 6257
f 6270 6271 6259
f 6272 6255 6273
f 6261 6270 6259
f 6269 6274 6273
f 6275 6247 6246
f 6276 6277 6278
f 6279 6280 6281
f 6268 6255 6272
f 6265 6242 6241
f 6252 6243 6245
f 6282 6283 6284
f 6285 6286 6287
f 6259 6271 6288
f 6289 6290 6291
f 6292 6293 6294
f 6295 6296 6297
f 6298 6299 6300
f 6301 6302 6303
f 6304 6305 6257
f 6306 6307 6308
f 6273 6270 6272
f 6261 6268 6272
f 6309 6310 6311
f 6260 6259 6312
f 6278 6313 6314
f 6315 6316 6317
f 6305 6318 6295
f 6319 6320 6321
f 6271 6322 6295
f 6270 6273 6271
f 6272 6270 6261
f 6304 6318 6305
f 6323 6324 6325
f 6326 6327 6328
f 6268 6256 6255
f 6250 6258 6329
f 6330 6331 6332
f 6319 6315 6333
f 6279 6292 6334
f 6319 6326 6316
f 6335 6336 6265
f 6276 6301 6337
f 6318 6328 6296
f 6338 6339 6340
f 6341 6342 6343
f 6322 6269 6305
f 6333 6344 6320
f 6345 6297 6254
f 6318 6316 6328
f 6323 6297 6345
f 6346 6333 6317
f 6327 6347 6246
f 6327 6264 6296
f 6279 6334 6348
f 6246 6347 6275
f 6331 6330 6241
f 6349 6350 6335
f 6295 6297 6325
f 6241 6243 6249
f 6316 6304 6317
f 6338 6351 6339
f 6352 6263 6353
f 6346 6317 6353
f 6354 6355 6356
f 6297 6264 6254
f 6352 6317 6304
f 6297 6296 6264
f 6327 6246 6264
f 6336 6240 6242
f 6295 6322 6305
f 6357 6326 6319
f 6319 6316 6315
f 6358 6240 6336
f 6273 6359 6269
f 6257 6352 6304
f 6360 6343 6342
f 6325 6297 6323
f 6312 6259 6288
f 6269 6359 6252
f 6359 6255 6252
f 6361 6362 6363
f 6364 6365 6350
f 6366 6367 6368
f 6369 6370 6371
f 6372 6373 6374
f 6357 6375 6327
f 6376 6377 6378
f 6379 6370 6380
f 6381 6370 6369
f 6286 6376 6382
f 6383 6290 6384
f 6385 6307 6306
f 6386 6342 6387
f 6266 6330 6332
f 6388 6389 6291
f 6390 6391 6392
f 6299 6393 6394
f 6395 6396 6364
f 6387 6397 6398
f 6327 6375 6347
f 6361 6363 6399
f 6361 6400 6401
f 6363 6402 6399
f 6400 6403 6401
f 6404 6283 6282
f 6405 6406 6402
f 6407 6408 6298
f 6409 6366 6410
f 6411 6412 6413
f 6414 6415 6416
f 6417 6418 6348
f 6419 6420 6421
f 6422 6394 6393
f 6349 6395 6350
f 6361 6399 6423
f 6406 6423 6399
f 6399 6402 6406
f 6424 6402 6363
f 6367 6321 6320
f 6303 6298 6300
f 6425 6426 6372
f 6427 6428 6281
f 6303 6429 6430
f 6431 6432 6308
f 6361 6423 6400
f 6433 6403 6400
f 6416 6376 6378
f 6434 6401 6435
f 6401 6403 6435
f 6395 6436 6396
f 6266 6437 6438
f 6439 6275 6440
f 6276 6429 6302
f 6395 6438 6436
f 6441 6247 6275
f 6362 6361 6401
f 6442 6443 6379
f 6279 6281 6292
f 6444 6278 6314
f 6286 6285 6377
f 6419 6380 6445
f 6292 6446 6293
f 6369 6366 6368
f 6423 6406 6447
f 6448 6301 6300
f 6275 6347 6440
f 6375 6443 6440
f 6421 6439 6442
f 6387 6419 6445
f 6286 6294 6287
f 6443 6410 6371
f 6449 6419 6421
f 6450 6446 6292
f 6391 6294 6382
f 6434 6435 6451
f 6448 6452 6372
f 6415 6411 6453
f 6449 6421 6442
f 6454 6455 6456
f 6457 6308 6432
f 6409 6321 6366
f 6445 6386 6387
f 6370 6379 6371
f 6419 6387 6398
f 6458 6313 6455
f 6421 6420 6459
f 6360 6386 6291
f 6460 6430 6429
f 6392 6311 6390
f 6303 6407 6298
f 6461 6381 6369
f 6369 6371 6366
f 6380 6370 6388
f 6427 6281 6280
f 6372 6374 6425
f 6428 6462 6344
f 6301 6276 6302
f 6417 6289 6418
f 6280 6463 6461
f 6464 6343 6360
f 6465 6433 6447
f 6344 6367 6320
f 6466 6447 6406
f 6386 6360 6342
f 6427 6280 6461
f 6283 6467 6466
f 6381 6461 6418
f 6276 6337 6277
f 6416 6453 6309
f 6414 6416 6378
f 6347 6375 6440
f 6449 6379 6380
f 6458 6454 6468
f 6401 6434 6362
f 6290 6383 6291
f 6291 6383 6360
f 6290 6289 6469
f 6385 6337 6301
f 6280 6279 6463
f 6267 6266 6349
f 6470 6430 6460
f 6419 6449 6380
f 6376 6311 6392
f 6391 6385 6306
f 6384 6354 6356
f 6463 6279 6348
f 6453 6454 6456
f 6448 6372 6426
f 6438 6395 6349
f 6286 6382 6294
f 6303 6302 6429
f 6440 6443 6442
f 6426 6301 6448
f 6289 6389 6418
f 6299 6448 6300
f 6455 6313 6277
f 6376 6286 6377
f 6462 6461 6368
f 6428 6344 6471
f 6367 6462 6368
f 6418 6463 6348
f 6309 6311 6376
f 6452 6448 6299
f 6388 6445 6380
f 6308 6307 6425
f 6432 6417 6348
f 6310 6309 6455
f 6410 6375 6409
f 6408 6393 6298
f 6432 6431 6472
f 6417 6432 6469
f 6313 6458 6473
f 6277 6337 6390
f 6457 6334 6294
f 6382 6376 6392
f 6334 6457 6348
f 6311 6277 6390
f 6278 6444 6276
f 6408 6407 6470
f 6474 6467 6465
f 6308 6457 6306
f 6469 6432 6472
f 6452 6373 6372
f 6430 6407 6303
f 6391 6382 6392
f 6266 6332 6437
f 6356 6355 6383
f 6475 6466 6405
f 6289 6417 6469
f 6294 6334 6292
f 6357 6319 6321
f 6416 6309 6376
f 6472 6290 6469
f 6443 6375 6410
f 6276 6444 6429
f 6308 6425 6431
f 6351 6364 6396
f 6458 6455 6454
f 6366 6321 6367
f 6447 6474 6465
f 6432 6348 6457
f 6385 6425 6307
f 6379 6443 6371
f 6476 6433 6465
f 6454 6411 6413
f 6393 6408 6422
f 6391 6390 6385
f 6472 6384 6290
f 6360 6383 6464
f 6418 6461 6463
f 6466 6474 6447
f 6413 6468 6454
f 6426 6425 6385
f 6366 6371 6410
f 6387 6342 6341
f 6385 6301 6426
f 6313 6278 6277
f 6472 6431 6374
f 6416 6415 6453
f 6431 6425 6374
f 6310 6277 6311
f 6390 6337 6385
f 6389 6388 6370
f 6329 6331 6250
f 6428 6450 6281
f 6409 6357 6321
f 6389 6289 6291
f 6341 6397 6387
f 6287 6294 6293
f 6369 6368 6461
f 6395 6364 6350
f 6438 6349 6266
f 6384 6374 6373
f 6333 6320 6319
f 6333 6346 6344
f 6346 6477 6344
f 6309 6453 6456
f 6374 6384 6472
f 6381 6389 6370
f 6327 6296 6328
f 6269 6257 6305
f 6258 6250 6249
f 6438 6437 6436
f 6386 6388 6291
f 6354 6384 6373
f 6478 6336 6335
f 6421 6441 6439
f 6356 6383 6384
f 6466 6475 6283
f 6466 6467 6474
f 6256 6261 6258
f 6447 6400 6423
f 6398 6420 6419
f 6464 6383 6355
f 6449 6442 6379
f 6324 6295 6325
f 6281 6450 6292
f 6309 6456 6455
f 6271 6295 6324
f 6400 6447 6433
f 6467 6476 6465
f 6316 6318 6304
f 6257 6251 6262
f 6271 6274 6322
f 6265 6336 6242
f 6455 6277 6310
f 6255 6359 6273
f 6344 6462 6367
f 6306 6457 6391
f 6394 6479 6299
f 6459 6441 6421
f 6248 6254 6264
f 6477 6471 6344
f 6453 6411 6454
f 6406 6405 6466
f 6283 6404 6467
f 6381 6418 6389
f 6275 6439 6441
f 6253 6345 6254
f 6250 6331 6241
f 6352 6257 6263
f 6243 6241 6240
f 6274 6271 6273
f 6265 6267 6335
f 6479 6452 6299
f 6335 6350 6478
f 6338 6364 6351
f 6294 6391 6457
f 6253 6248 6247
f 6386 6445 6388
f 6351 6396 6339
f 6439 6440 6442
f 6375 6357 6409
f 6429 6480 6460
f 6364 6338 6365
f 6274 6269 6322
f 6481 6482 6483
f 6484 6485 6486
f 6487 6468 6488
f 6288 6271 6324
f 6489 6490 6491
f 6492 6493 6494
f 6430 6470 6407
f 6493 6495 6494
f 6496 6497 6498
f 6333 6315 6317
f 6499 6500 6482
f 6491 6492 6486
f 6501 6470 6502
f 6486 6485 6503
f 6316 6326 6328
f 6492 6491 6490
f 6486 6494 6484
f 6478 6358 6336
f 6408 6504 6422
f 6318 6296 6295
f 6494 6495 6484
f 6505 6501 6502
f 6483 6362 6434
f 6493 6499 6506
f 6458 6507 6487
f 6428 6427 6462
f 6485 6484 6314
f 6482 6506 6499
f 6506 6508 6493
f 6480 6495 6508
f 6484 6495 6509
f 6323 6288 6324
f 6461 6462 6427
f 6301 6303 6300
f 6357 6327 6326
f 6241 6330 6265
f 6496 6499 6490
f 6506 6505 6508
f 6244 6240 6358
f 6444 6495 6480
f 6492 6490 6499
f 6508 6502 6480
f 6484 6509 6314
f 6314 6313 6473
f 6490 6489 6496
f 6460 6480 6502
f 6363 6497 6424
f 6507 6458 6468
f 6444 6509 6495
f 6503 6485 6488
f 6314 6509 6444
f 6481 6510 6506
f 6481 6506 6482
f 6506 6510 6505
f 6483 6482 6500
f 6496 6500 6499
f 6492 6494 6486
f 6489 6497 6496
f 6508 6505 6502
f 6265 6330 6266
f 6495 6493 6508
f 6501 6408 6470
f 6473 6487 6485
f 6485 6487 6488
f 6485 6314 6473
f 6470 6460 6502
f 6362 6500 6498
f 6501 6505 6511
f 6492 6499 6493
f 6458 6487 6473
f 6429 6444 6480
f 6512 6503 6488
f 6267 6349 6335
f 6504 6501 6511
f 6434 6451 6481
f 6500 6496 6498
f 6512 6488 6468
f 6487 6507 6468
f 6512 6513 6503
f 6434 6481 6483
f 6483 6500 6362
f 6497 6363 6498
f 6468 6413 6512
f 6512 6412 6513
f 6363 6362 6498
f 6408 6501 6504
f 6413 6412 6512
f 6298 6393 6299
f 6353 6317 6352
f 6514 6515 6516
f 6517 6514 6518
f 6519 6520 6516
f 6521 6514 6522
f 6523 6524 6522
f 6524 6525 6522
f 6514 6526 6522
f 6522 6525 6527
f 6516 6518 6514
f 6523 6522 6526
f 6520 6519 6528
f 6514 6517 6526
f 6524 6523 6529
f 6530 6531 6532
f 6531 6533 6532
f 6532 6534 6530
f 6535 6536 6537
f 6538 6531 6539
f 6539 6540 6538
f 6528 6536 6535
f 6539 6531 6530
f 6540 6539 6530
f 6541 6540 6530
f 6530 6534 6541
f 6540 6541 6537
f 6534 6535 6541
f 6535 6537 6541
f 6542 6543 6544
f 6545 6546 6547
f 6548 6549 6550
f 6549 6551 6550
f 6552 6553 6548
f 6554 6551 6549
f 6549 6555 6554
f 6553 6556 6548
f 6557 6558 6559
f 6550 6551 6560
f 6561 6562 6563
f 6550 6552 6548
f 6543 6564 6565
f 6566 6554 6555
f 6562 6547 6546
f 6550 6567 6552
f 6568 6569 6570
f 6569 6568 6560
f 6550 6571 6567
f 6571 6550 6568
f 6558 6560 6563
f 6544 6572 6573
f 6547 6562 6561
f 6560 6558 6569
f 6560 6568 6550
f 6561 6566 6547
f 6574 6557 6559
f 6563 6551 6561
f 6544 6543 6572
f 6551 6563 6560
f 6575 6565 6564
f 6551 6554 6561
f 6565 6572 6543
f 6561 6554 6566
f 6564 6562 6546
f 6558 6557 6569
f 6563 6542 6558
f 6542 6562 6564
f 6569 6557 6570
f 6544 6558 6542
f 6563 6562 6542
f 6544 6559 6558
f 6546 6575 6564
f 6542 6564 6543
f 6559 6544 6573
f 6576 6577 6578
f 6579 6580 6581
f 6582 6578 6583
f 6577 6576 6584
f 6585 6577 6586
f 6587 6578 6582
f 6588 6589 6590
f 6589 6591 6592
f 6584 6593 6577
f 6583 6578 6594
f 6595 6596 6597
f 6580 6598 6595
f 6599 6586 6577
f 6600 6601 6602
f 6583 6603 6582
f 6604 6605 6529
f 6529 6606 6524
f 6525 6524 6607
f 6608 6537 6536
f 6609 6610 6611
f 6612 6605 6604
f 6613 6614 6615
f 6524 6606 6607
f 6616 6617 6618
f 6614 6613 6525
f 6536 6619 6608
f 6620 6608 6621
f 6612 6622 6605
f 6611 6610 6621
f 6615 6614 6623
f 6624 6607 6606
f 6525 6625 6614
f 6626 6627 6604
f 6628 6629 6630
f 6611 6619 6631
f 6632 6633 6634
f 6635 6618 6636
f 6609 6637 6610
f 6634 6638 6632
f 6639 6640 6641
f 6630 6610 6642
f 6623 6643 6615
f 6625 6644 6623
f 6645 6612 6627
f 6610 6646 6647
f 6627 6626 6648
f 6649 6616 6650
f 6642 6651 6628
f 6615 6652 6650
f 6625 6653 6644
f 6633 6632 6654
f 6655 6645 6627
f 6636 6618 6631
f 6649 6639 6638
f 6646 6637 6656
f 6628 6630 6642
f 6650 6652 6657
f 6610 6630 6621
f 6650 6618 6658
f 6654 6656 6633
f 6659 6647 6646
f 6638 6634 6617
f 6611 6621 6619
f 6625 6624 6653
f 6629 6660 6621
f 6536 6631 6619
f 6624 6645 6661
f 6641 6638 6639
f 6633 6609 6634
f 6648 6655 6627
f 6661 6645 6655
f 6650 6658 6662
f 6659 6646 6663
f 6647 6659 6664
f 6515 6514 6521
f 6648 6665 6655
f 6646 6666 6663
f 6650 6657 6649
f 6663 6667 6659
f 6664 6668 6651
f 6669 6670 6662
f 6657 6671 6672
f 6640 6657 6672
f 6643 6673 6671
f 6673 6643 6674
f 6674 6653 6675
f 6527 6613 6676
f 6654 6646 6656
f 6565 6655 6665
f 6575 6655 6565
f 6667 6664 6677
f 6669 6658 6635
f 6661 6675 6624
f 6638 6641 6632
f 6678 6640 6679
f 6670 6613 6615
f 6676 6670 6669
f 6680 6640 6672
f 6536 6636 6631
f 6610 6637 6646
f 6673 6672 6671
f 6659 6667 6677
f 6613 6670 6676
f 6661 6681 6675
f 6515 6635 6519
f 6674 6681 6682
f 6681 6674 6675
f 6661 6683 6681
f 6637 6633 6656
f 6668 6667 6684
f 6515 6519 6516
f 6685 6686 6687
f 6671 6657 6652
f 6615 6662 6670
f 6619 6621 6608
f 6688 6668 6684
f 6521 6522 6527
f 6613 6527 6525
f 6639 6649 6657
f 6664 6659 6677
f 6666 6632 6641
f 6575 6546 6683
f 6635 6636 6528
f 6689 6690 6691
f 6669 6515 6676
f 6638 6617 6649
f 6669 6635 6515
f 6521 6527 6676
f 6616 6618 6650
f 6642 6610 6647
f 6640 6639 6657
f 6654 6666 6646
f 6684 6667 6685
f 6658 6618 6635
f 6609 6617 6634
f 6572 6565 6692
f 6637 6609 6633
f 6666 6654 6632
f 6655 6575 6661
f 6528 6636 6536
f 6664 6642 6647
f 6617 6611 6618
f 6588 6687 6686
f 6693 6694 6566
f 6635 6528 6519
f 6618 6611 6631
f 6630 6629 6621
f 6660 6620 6621
f 6695 6696 6697
f 6697 6545 6694
f 6676 6515 6521
f 6620 6698 6608
f 6650 6662 6615
f 6662 6658 6669
f 6617 6616 6649
f 6664 6667 6668
f 6699 6700 6701
f 6651 6642 6664
f 6577 6702 6703
f 6609 6611 6617
f 6704 6705 6706
f 6686 6685 6700
f 6707 6708 6709
f 6585 6702 6577
f 6710 6711 6699
f 6580 6712 6598
f 6699 6713 6714
f 6715 6585 6716
f 6717 6718 6700
f 6719 6720 6721
f 6713 6699 6722
f 6573 6723 6559
f 6549 6724 6555
f 6549 6548 6724
f 6721 6694 6725
f 6725 6719 6721
f 6717 6713 6726
f 6722 6727 6713
f 6574 6559 6723
f 6680 6679 6640
f 6724 6693 6555
f 6556 6724 6548
f 6711 6719 6727
f 6591 6726 6728
f 6684 6687 6688
f 6693 6729 6725
f 6727 6730 6726
f 6727 6719 6729
f 6731 6537 6608
f 6732 6553 6733
f 6730 6728 6726
f 6734 6735 6736
f 6693 6737 6729
f 6730 6727 6729
f 6738 6739 6678
f 6740 6741 6742
f 6687 6684 6685
f 6743 6744 6567
f 6570 6741 6743
f 6745 6739 6738
f 6746 6747 6740
f 6732 6748 6556
f 6749 6730 6737
f 6749 6737 6750
f 6744 6743 6741
f 6552 6567 6751
f 6538 6540 6731
f 6698 6731 6608
f 6752 6733 6552
f 6540 6537 6731
f 6733 6752 6753
f 6754 6755 6756
f 6747 6757 6741
f 6758 6552 6751
f 6751 6759 6758
f 6721 6710 6695
f 6556 6748 6693
f 6750 6760 6761
f 6553 6552 6733
f 6750 6761 6749
f 6762 6763 6764
f 6694 6721 6695
f 6600 6765 6766
f 6744 6741 6757
f 6767 6757 6746
f 6752 6552 6758
f 6759 6768 6758
f 6761 6769 6749
f 6770 6769 6771
f 6726 6591 6718
f 6600 6766 6601
f 6772 6773 6601
f 6590 6687 6588
f 6601 6773 6602
f 6772 6596 6773
f 6736 6602 6773
f 6774 6775 6764
f 6574 6776 6740
f 6712 6775 6734
f 6665 6692 6565
f 6777 6778 6779
f 6780 6781 6782
f 6773 6596 6736
f 6783 6784 6785
f 6595 6736 6596
f 6598 6734 6736
f 6736 6595 6598
f 6688 6687 6590
f 6597 6580 6595
f 6580 6597 6581
f 6786 6787 6788
f 6785 6591 6789
f 6612 6604 6627
f 6790 6716 6791
f 6727 6722 6711
f 6759 6792 6768
f 6683 6661 6575
f 6793 6794 6795
f 6796 6781 6778
f 6793 6761 6760
f 6797 6716 6790
f 6798 6799 6796
f 6693 6748 6750
f 6744 6800 6801
f 6802 6803 6696
f 6752 6758 6804
f 6805 6768 6792
f 6753 6804 6794
f 6717 6700 6714
f 6800 6792 6801
f 6545 6547 6694
f 6722 6699 6711
f 6758 6806 6804
f 6805 6806 6768
f 6726 6713 6727
f 6807 6808 6793
f 6809 6810 6811
f 6746 6740 6776
f 6805 6792 6812
f 6813 6814 6812
f 6579 6815 6816
f 6812 6792 6800
f 6767 6800 6757
f 6579 6816 6817
f 6580 6579 6817
f 6800 6813 6812
f 6740 6747 6741
f 6804 6806 6818
f 6770 6790 6769
f 6756 6808 6807
f 6797 6819 6715
f 6750 6737 6693
f 6695 6802 6696
f 6701 6685 6667
f 6814 6820 6812
f 6556 6553 6732
f 6818 6807 6795
f 6682 6821 6673
f 6771 6755 6819
f 6702 6585 6819
f 6812 6820 6822
f 6753 6794 6732
f 6823 6805 6824
f 6825 6826 6827
f 6818 6806 6828
f 6829 6828 6806
f 6830 6778 6781
f 6824 6829 6823
f 6831 6832 6833
f 6594 6577 6834
f 6807 6835 6756
f 6836 6837 6824
f 6818 6835 6807
f 6816 6815 6838
f 6808 6756 6755
f 6829 6824 6837
f 6545 6697 6681
f 6839 6811 6810
f 6546 6545 6683
f 6751 6567 6744
f 6836 6812 6822
f 6824 6805 6836
f 6700 6685 6701
f 6816 6838 6817
f 6789 6783 6785
f 6582 6817 6838
f 6835 6818 6828
f 6803 6802 6738
f 6594 6834 6583
f 6756 6835 6840
f 6841 6835 6828
f 6702 6755 6754
f 6571 6743 6567
f 6842 6836 6822
f 6697 6696 6821
f 6843 6842 6822
f 6844 6829 6837
f 6566 6555 6693
f 6834 6845 6583
f 6846 6847 6834
f 6835 6841 6840
f 6819 6585 6715
f 6771 6769 6761
f 6754 6756 6840
f 6754 6848 6702
f 6570 6743 6568
f 6723 6776 6574
f 6849 6842 6843
f 6850 6826 6798
f 6694 6695 6697
f 6556 6693 6724
f 6834 6847 6845
f 6603 6817 6582
f 6847 6846 6851
f 6852 6853 6791
f 6840 6841 6854
f 6704 6855 6856
f 6848 6754 6840
f 6857 6842 6849
f 6775 6858 6734
f 6837 6842 6859
f 6845 6847 6860
f 6583 6845 6860
f 6848 6840 6851
f 6861 6862 6854
f 6859 6842 6863
f 6706 6705 6864
f 6861 6837 6859
f 6801 6792 6759
f 6865 6860 6847
f 6823 6806 6805
f 6790 6770 6797
f 6580 6817 6866
f 6607 6624 6625
f 6744 6801 6759
f 6840 6832 6851
f 6842 6837 6836
f 6680 6821 6696
f 6582 6838 6587
f 6865 6603 6860
f 6817 6603 6866
f 6866 6712 6580
f 6622 6612 6645
f 6720 6719 6711
f 6729 6737 6730
f 6718 6717 6726
f 6679 6803 6678
f 6862 6861 6839
f 6813 6767 6814
f 6588 6718 6591
f 6867 6764 6865
f 6578 6587 6576
f 6866 6603 6865
f 6832 6840 6854
f 6832 6868 6833
f 6771 6808 6755
f 6868 6862 6869
f 6709 6863 6707
f 6705 6856 6870
f 6861 6863 6839
f 6871 6872 6796
f 6873 6874 6872
f 6686 6718 6588
f 6839 6869 6862
f 6699 6802 6710
f 6768 6806 6758
f 6778 6871 6796
f 6730 6769 6728
f 6865 6875 6866
f 6712 6866 6875
f 6603 6583 6860
f 6867 6762 6764
f 6762 6867 6831
f 6869 6833 6868
f 6547 6566 6694
f 6863 6709 6811
f 6744 6757 6800
f 6678 6803 6738
f 6712 6734 6598
f 6864 6691 6690
f 6876 6691 6877
f 6764 6875 6865
f 6775 6774 6858
f 6775 6712 6875
f 6709 6708 6809
f 6809 6811 6709
f 6839 6810 6878
f 6879 6690 6689
f 6641 6640 6678
f 6880 6689 6881
f 6765 6600 6882
f 6883 6602 6736
f 6831 6884 6763
f 6885 6833 6869
f 6869 6839 6878
f 6804 6753 6752
f 6600 6883 6882
f 6763 6886 6764
f 6730 6749 6769
f 6873 6833 6885
f 6810 6809 6887
f 6858 6786 6788
f 6878 6874 6885
f 6666 6739 6663
f 6577 6594 6578
f 6593 6599 6577
f 6671 6652 6643
f 6767 6813 6800
f 6625 6525 6607
f 6886 6872 6871
f 6870 6765 6705
f 6886 6763 6884
f 6873 6884 6833
f 6874 6873 6885
f 6690 6888 6889
f 6890 6887 6809
f 6821 6682 6697
f 6734 6858 6891
f 6874 6810 6887
f 6643 6623 6644
f 6811 6839 6863
f 6884 6873 6886
f 6592 6591 6785
f 6591 6728 6789
f 6606 6605 6622
f 6847 6851 6867
f 6883 6877 6882
f 6869 6878 6885
f 6877 6883 6876
f 6872 6886 6873
f 6874 6798 6872
f 6850 6887 6890
f 6643 6644 6653
f 6663 6701 6667
f 6887 6798 6874
f 6702 6819 6755
f 6788 6892 6858
f 6678 6739 6666
f 6774 6893 6894
f 6694 6693 6725
f 6592 6895 6589
f 6728 6783 6789
f 6777 6893 6886
f 6796 6872 6798
f 6680 6672 6821
f 6725 6729 6719
f 6797 6715 6716
f 6700 6699 6714
f 6850 6896 6897
f 6586 6599 6898
f 6876 6892 6689
f 6746 6757 6747
f 6786 6894 6899
f 6763 6762 6831
f 6895 6592 6785
f 6691 6864 6877
f 6750 6748 6760
f 6777 6894 6893
f 6624 6622 6645
f 6834 6848 6846
f 6850 6897 6827
f 6718 6686 6700
f 6856 6705 6704
f 6855 6704 6900
f 6622 6624 6606
f 6892 6891 6858
f 6673 6821 6672
f 6728 6791 6853
f 6683 6545 6681
f 6680 6696 6679
f 6855 6900 6901
f 6787 6786 6899
f 6886 6871 6777
f 6889 6864 6690
f 6894 6777 6779
f 6852 6586 6898
f 6826 6799 6798
f 6797 6770 6771
f 6806 6823 6829
f 6591 6589 6588
f 6787 6881 6788
f 6805 6812 6836
f 6889 6888 6706
f 6842 6857 6863
f 6886 6774 6764
f 6899 6779 6902
f 6585 6586 6716
f 6903 6586 6852
f 6781 6799 6826
f 6841 6844 6861
f 6852 6791 6903
f 6830 6902 6778
f 6600 6602 6883
f 6899 6881 6787
f 6779 6778 6902
f 6710 6802 6695
f 6720 6710 6721
f 6904 6899 6902
f 6788 6881 6689
f 6808 6771 6793
f 6795 6807 6793
f 6854 6841 6861
f 6833 6884 6831
f 6881 6899 6904
f 6782 6826 6825
f 6826 6782 6781
f 6714 6713 6717
f 6674 6682 6673
f 6769 6790 6791
f 6735 6883 6736
f 6711 6710 6720
f 6905 6892 6876
f 6895 6785 6784
f 6874 6878 6810
f 6663 6739 6745
f 6699 6738 6802
f 6905 6883 6735
f 6902 6830 6904
f 6881 6904 6880
f 6742 6557 6574
f 6716 6586 6903
f 6903 6791 6716
f 6896 6850 6890
f 6643 6652 6615
f 6778 6777 6871
f 6741 6570 6742
f 6892 6788 6689
f 6894 6786 6858
f 6864 6889 6706
f 6894 6858 6774
f 6804 6818 6795
f 6834 6577 6703
f 6798 6887 6850
f 6696 6803 6679
f 6734 6905 6735
f 6861 6844 6837
f 6886 6893 6774
f 6848 6851 6846
f 6831 6851 6832
f 6848 6834 6703
f 6574 6740 6742
f 6653 6624 6675
f 6704 6706 6888
f 6682 6681 6697
f 6728 6853 6783
f 6779 6899 6894
f 6863 6861 6859
f 6784 6783 6853
f 6879 6689 6880
f 6745 6701 6663
f 6892 6905 6891
f 6905 6734 6891
f 6557 6742 6570
f 6826 6850 6827
f 6743 6571 6568
f 6732 6794 6748
f 6781 6796 6799
f 6703 6702 6848
f 6865 6847 6867
f 6732 6733 6753
f 6623 6614 6625
f 6765 6882 6705
f 6764 6775 6875
f 6841 6829 6844
f 6882 6864 6705
f 6877 6864 6882
f 6794 6760 6748
f 6699 6701 6745
f 6738 6699 6745
f 6868 6832 6854
f 6605 6606 6529
f 6744 6759 6751
f 6830 6781 6780
f 6883 6905 6876
f 6641 6678 6666
f 6795 6794 6804
f 6791 6728 6769
f 6841 6828 6829
f 6707 6863 6857
f 6854 6862 6868
f 6851 6831 6867
f 6819 6797 6771
f 6674 6643 6653
f 6691 6876 6689
f 6793 6760 6794
f 6761 6793 6771
f 6906 6907 6908
f 6909 6910 6911
f 6912 6913 6914
f 6915 6916 6917
f 6917 6908 6915
f 6918 6919 6920
f 6906 6921 6922
f 6923 6921 6920
f 6924 6925 6926
f 6927 6928 6929
f 6930 6931 6932
f 6933 6934 6935
f 6936 6937 6938
f 6939 6940 6941
f 6942 6943 6944
f 6945 6943 6946
f 6947 6948 6949
f 6947 6950 6948
f 6951 6952 6953
f 6954 6950 6955
f 6956 6954 6945
f 6950 6958 6959
f 6958 6954 6956
f 6960 6952 6961
f 6948 6950 6959
f 6954 6958 6950
f 6942 6946 6943
f 6945 6946 6956
f 6962 6963 6964
f 6965 6955 6950
f 6966 6933 6935
f 6969 6970 6971
f 6972 6973 6974
f 6975 6976 6977
f 6978 6938 6937
f 6979 6980 6981
f 6982 6938 6978
f 6916 6915 6983
f 6984 6985 6986
f 6987 6988 6989
f 6986 6990 6991
f 6992 6993 6975
f 6994 6995 6996
f 6997 6913 6912
f 6998 6999 6907
f 7000 7001 6929
f 7002 7003 7004
f 6988 7005 6989
f 6951 7006 6934
f 6923 6922 6921
f 7007 6979 6981
f 7008 7009 7010
f 6948 6988 6949
f 7011 7012 7013
f 7008 6963 7014
f 7015 6957 6968
f 6908 6907 6983
f 6992 6975 6977
f 6915 6908 6983
f 6927 7016 6939
f 6916 7006 6911
f 6906 6922 6907
f 7017 7018 7019
f 6914 6913 7020
f 6962 7021 6970
f 7022 6931 6930
f 7023 7024 7025
f 6936 6982 6992
f 7026 7010 7027
f 6967 6936 7028
f 7029 7030 7024
f 7031 7032 7033
f 6974 7034 6972
f 6928 7035 7000
f 6930 7036 7022
f 7037 7038 7039
f 6913 6918 7040
f 7041 7042 7043
f 7044 7045 6914
f 7046 7047 7048
f 6995 7001 6996
f 7049 7050 7031
f 6929 7001 7051
f 6917 6916 6910
f 7052 6927 7051
f 6978 7049 6986
f 7053 7054 7055
f 7025 7056 7023
f 6918 6913 6997
f 7020 7044 6914
f 6994 6996 7043
f 7057 6910 6981
f 7058 7035 6941
f 7048 7059 7002
f 7060 7061 6908
f 6952 6960 7062
f 7063 6917 6910
f 7057 7064 7063
f 7065 7062 6960
f 7066 7044 7020
f 7067 7068 7069
f 6910 7057 7063
f 7061 7060 7054
f 7070 6917 7063
f 7057 7071 7064
f 7071 7072 7073
f 7074 7075 7072
f 6912 6914 7045
f 7076 7077 7078
f 7079 7067 6965
f 7080 7081 7020
f 7082 7083 7080
f 7044 7066 6924
f 7084 6925 6924
f 6973 6972 7085
f 7086 6925 7084
f 7063 7087 7070
f 7072 7088 7073
f 7075 7088 7072
f 7071 7057 6981
f 7081 7066 7020
f 7089 6924 7066
f 7001 6995 7090
f 6924 7089 7084
f 7086 7091 7092
f 7054 7053 7093
f 7017 7019 7094
f 7031 7033 7041
f 7055 7054 7070
f 7041 6984 7049
f 7095 7064 7071
f 7050 7049 6978
f 7084 7089 7096
f 7067 7079 7068
f 6986 7049 6984
f 7096 7097 7084
f 7086 7097 7091
f 7093 7053 7098
f 6949 7079 6947
f 7087 7064 7076
f 7070 7087 7055
f 7071 7073 7095
f 6962 7099 7014
f 7088 7100 7101
f 7011 7102 7103
f 7083 7104 7105
f 7076 7064 7095
f 7076 7055 7087
f 6963 6962 7014
f 7106 7107 7108
f 7109 7110 6994
f 7073 7111 7095
f 7112 7050 6978
f 7101 7111 7073
f 7042 7033 6973
f 7101 7100 7113
f 6923 7114 6922
f 6991 6982 6978
f 7115 7016 6932
f 7116 7105 7104
f 7096 7116 7117
f 7107 7091 7118
f 7033 7042 7041
f 7058 6984 7041
f 7091 7096 7119
f 7108 7107 7118
f 7086 7084 7097
f 7076 7095 7111
f 7120 7101 7113
f 7031 7050 7032
f 7120 7113 7121
f 7122 7123 7124
f 7125 7126 7127
f 7119 7096 7117
f 7091 7119 7118
f 7053 7128 7098
f 7111 7077 7076
f 7077 7111 7129
f 6984 6940 6985
f 7130 7131 7132
f 7133 7134 6970
f 6953 6952 7062
f 7101 7073 7088
f 7116 7135 7117
f 7130 7136 7137
f 7125 7127 7138
f 7139 6922 7114
f 7043 7140 6994
f 7141 7142 7143
f 6935 6934 6983
f 7124 7123 7144
f 7146 6974 7147
f 7128 7148 7098
f 7149 7150 7068
f 6974 6973 7147
f 6978 6937 7112
f 7151 7106 7152
f 7106 7108 7153
f 7058 6940 6984
f 7035 7058 7041
f 6991 6978 6986
f 7154 7051 7155
f 7041 7043 7035
f 7156 7151 7152
f 7129 7157 7077
f 6990 6986 6985
f 7120 7131 7129
f 6969 7134 7003
f 6985 6940 7158
f 7121 7159 7160
f 7120 7121 7160
f 7059 7048 7047
f 6973 7043 7042
f 6974 7146 7034
f 6933 6951 6934
f 7035 7043 6996
f 7036 7161 7022
f 6928 6941 7035
f 7158 6990 6985
f 7055 7076 7078
f 7098 7162 7135
f 7052 7016 6927
f 7111 7101 7129
f 7078 7163 7128
f 7126 7125 7108
f 6993 6982 6991
f 6994 7140 7109
f 6990 6993 6991
f 7141 7069 7142
f 7043 6973 7085
f 6996 7000 7035
f 7159 7164 7160
f 7062 7006 6953
f 6939 6941 6927
f 6940 6939 7016
f 6928 6927 6941
f 6990 7158 6993
f 6936 6938 6982
f 6932 7158 7115
f 7115 6940 7016
f 6937 6936 6967
f 6932 6931 7002
f 7166 7140 7167
f 7168 7022 7161
f 7001 7000 6996
f 7000 6929 6928
f 7158 6932 6993
f 7085 7140 7043
f 6932 7016 6930
f 7001 7090 7155
f 7140 7085 7169
f 6995 6994 7170
f 6927 6929 7051
f 7016 7052 6930
f 7052 7171 6930
f 7051 7001 7155
f 7154 7052 7051
f 7109 7140 7166
f 7145 7050 7112
f 7171 7052 7154
f 6932 7002 7004
f 7167 7172 7166
f 7154 7155 7173
f 7166 7110 7109
f 7171 7036 6930
f 7154 7029 7171
f 7037 7167 7174
f 7048 6931 7168
f 7173 7030 7154
f 7029 7036 7171
f 7029 7154 7030
f 7175 7167 7037
f 7038 7037 7174
f 7115 7158 6940
f 7058 6941 6940
f 7036 7029 7024
f 7167 7140 7169
f 7119 7176 7126
f 7163 7177 7148
f 7153 7178 7152
f 7125 7179 7153
f 7046 7069 7026
f 7048 7002 6931
f 6931 7022 7168
f 6947 6965 6950
f 6906 7082 6921
f 7033 7147 6973
f 7067 7141 7180
f 7059 7047 7009
f 7181 7182 6998
f 7024 7183 7025
f 7048 7168 7142
f 7047 7027 7009
f 7184 7024 7030
f 7027 7047 7046
f 7048 7142 7046
f 7142 7168 7185
f 7046 7026 7027
f 7186 7131 7160
f 7023 7056 7187
f 7141 7143 7180
f 7174 7167 7169
f 7031 7041 7049
f 7069 7046 7142
f 7142 7185 7143
f 7069 7141 7067
f 7068 7026 7069
f 7188 6951 6933
f 7150 7010 7026
f 7150 7026 7068
f 7189 6909 7065
f 7183 7024 7184
f 7079 7149 7068
f 7190 6965 7180
f 7067 7180 6965
f 6949 7149 7079
f 7079 6965 6947
f 7039 7038 7191
f 6948 7005 6988
f 7012 7192 7017
f 7103 7012 7011
f 7193 7194 7195
f 6977 6968 7028
f 6909 7189 7007
f 7123 7196 7197
f 6998 6922 7139
f 7198 6963 7008
f 7065 6909 6911
f 7122 7199 7200
f 7162 7148 7177
f 6968 6967 7028
f 7004 6975 6932
f 7176 7119 7201
f 7202 7015 7203
f 6976 6968 6977
f 7003 7134 7004
f 7125 7138 7179
f 7203 6976 6975
f 6976 7015 6968
f 7204 7205 7206
f 6999 6998 7182
f 6971 7134 6969
f 7203 6975 7134
f 7160 7164 7186
f 7207 7208 7209
f 7117 7162 7201
f 7162 7177 7210
f 6993 6932 6975
f 7211 7127 7176
f 7212 7138 7127
f 7102 7178 7179
f 7213 7156 7178
f 7132 7131 7186
f 6980 7071 6981
f 7164 7214 7186
f 6922 6998 6907
f 6934 7006 6916
f 7102 7179 7138
f 7210 7201 7162
f 7128 7055 7078
f 7211 7212 7127
f 7211 7201 7215
f 6934 6916 6983
f 7216 7213 7217
f 7010 7218 7008
f 7156 7213 7216
f 7217 7213 7013
f 7219 7156 7216
f 7220 7221 7222
f 7216 7223 7219
f 7224 7156 7219
f 7225 7220 7222
f 7226 7039 7227
f 7094 7228 7017
f 7223 7217 7229
f 7165 6957 7015
f 7175 7037 7039
f 7217 7013 7229
f 7230 7226 7221
f 7231 7222 7227
f 7015 6976 7203
f 7229 7013 7232
f 7056 7233 7234
f 7175 7226 7230
f 7028 6936 6977
f 7110 7170 6994
f 7230 7234 7235
f 7236 7223 7229
f 7227 7222 7226
f 7236 7229 7237
f 7232 7017 7228
f 7203 7134 7202
f 7202 7134 7133
f 7013 7012 7232
f 7184 7110 7238
f 7183 7184 7238
f 7226 7175 7039
f 7221 7226 7222
f 7231 7227 7039
f 7235 7172 7230
f 7229 7232 7237
f 7237 7232 7239
f 6977 6936 6992
f 7039 7191 7231
f 7090 7173 7155
f 6970 7134 6971
f 7183 7056 7025
f 7240 7221 7187
f 7170 7030 7173
f 7059 7003 7002
f 6982 6993 6992
f 7230 7221 7240
f 7216 7217 7223
f 7017 7232 7012
f 7232 7228 7239
f 7175 7172 7167
f 7236 7237 6945
f 7230 7240 7234
f 7172 7235 7166
f 6969 7099 6962
f 7030 7170 7110
f 7191 7241 7231
f 7127 7126 7176
f 7239 7242 7237
f 7014 7009 7008
f 6999 6935 6983
f 6969 6962 6970
f 7243 7215 7244
f 7098 7104 7093
f 7120 7129 7101
f 7135 7116 7104
f 7245 7018 7246
f 7122 7200 7123
f 7247 7248 7245
f 7249 7018 7245
f 7099 7059 7009
f 7080 6918 6921
f 7061 7054 7093
f 7162 7117 7135
f 7009 7014 7099
f 7201 7211 7176
f 7242 6945 7237
f 7242 7239 7228
f 6945 6954 7236
f 7144 7123 7197
f 6987 7199 7122
f 6987 7122 7124
f 7242 7228 7094
f 6945 7242 6943
f 7250 7225 7222
f 6964 7197 7196
f 7251 7252 7244
f 6935 6999 6966
f 7072 6979 7074
f 6987 7124 6988
f 7003 7059 6969
f 6944 7242 7094
f 7060 6917 7070
f 7175 7230 7172
f 7240 7056 7234
f 7099 6969 7059
f 7234 7233 7235
f 7252 7192 7103
f 7197 7198 7144
f 7131 7120 7160
f 7233 7166 7235
f 6952 6951 7188
f 7083 7093 7104
f 7197 6964 6963
f 7124 7144 7193
f 6988 7124 7253
f 6963 7198 7197
f 7196 7254 7021
f 7243 7252 7212
f 6964 7196 7021
f 7253 7124 7193
f 6964 7021 6962
f 7254 6970 7021
f 7220 7255 7221
f 7256 7225 7257
f 6966 7258 6933
f 7144 7198 7193
f 7129 7131 7157
f 7259 7260 7261
f 7233 7056 7183
f 7262 7263 7264
f 7107 7092 7091
f 7194 7193 7198
f 6952 7188 6961
f 7245 7265 7266
f 7222 7231 7250
f 6988 7253 6949
f 7188 6933 7267
f 6997 7268 7269
f 7270 7271 7272
f 7273 7274 6926
f 7077 7157 7275
f 7195 7253 7193
f 6923 7276 7277
f 7278 7279 7169
f 6933 7258 7280
f 7045 7044 6926
f 7281 7266 7265
f 7282 7258 7283
f 7233 7238 7166
f 7082 7061 7083
f 7215 7201 7210
f 7266 7247 7245
f 7128 7053 7055
f 7284 7285 7286
f 7107 7287 7092
f 7258 6966 7283
f 7177 7204 7210
f 7087 7063 7064
f 7040 6918 7080
f 7282 7288 7289
f 7036 7290 7291
f 7258 7289 7280
f 7274 7292 7293
f 7131 7137 7157
f 7030 7110 7184
f 7238 7233 7183
f 7056 7240 7187
f 7238 7110 7166
f 7294 7295 7296
f 7260 7297 7298
f 6911 6910 6916
f 7299 7300 7301
f 7302 7290 7255
f 7114 7303 7139
f 7288 7304 7305
f 6921 7082 7080
f 7306 7307 7308
f 7139 7181 6998
f 7295 7309 7296
f 7161 7291 7310
f 7080 7083 7081
f 7092 7263 7086
f 7248 7019 7249
f 7267 6933 7280
f 7311 7312 7313
f 7267 7289 7305
f 7289 7288 7305
f 7314 7251 7244
f 7169 7085 7278
f 6920 6921 6918
f 6995 7170 7090
f 7303 7261 7315
f 7316 7315 7261
f 7303 7315 7181
f 7181 7139 7303
f 7270 7292 7274
f 7114 7277 7303
f 7278 7297 7279
f 7219 7317 7224
f 7132 7207 7130
f 7020 7040 7080
f 7241 7250 7231
f 7261 7298 7316
f 7243 7212 7211
f 7275 7318 7205
f 7118 7126 7108
f 7010 7009 7027
f 7319 7312 7320
f 7255 7187 7221
f 7061 7093 7083
f 7321 6997 7269
f 7260 7322 7279
f 7173 7090 7170
f 7323 7299 7301
f 7085 6972 7278
f 6944 7094 7324
f 7261 7303 7259
f 7315 7316 7282
f 7273 6926 7325
f 7241 7309 7250
f 6980 6979 7072
f 7326 7177 7163
f 6997 6919 6918
f 7118 7119 7126
f 7078 7326 7163
f 7019 7324 7094
f 7327 7285 7284
f 7181 7283 7182
f 7198 7218 7194
f 7218 7198 7008
f 7303 7277 7259
f 6923 7277 7114
f 7328 7329 7263
f 7281 7265 7206
f 7224 7151 7156
f 7293 7045 7274
f 7253 7195 6949
f 7330 7281 7206
f 7289 7258 7282
f 7019 7018 7249
f 6944 6943 7242
f 7331 7256 7284
f 7322 7260 7259
f 7332 7188 7267
f 7276 7259 7277
f 7287 7106 7151
f 7290 7036 7024
f 7259 7321 7322
f 7271 7333 7294
f 7153 7108 7125
f 7314 7245 7251
f 7329 7086 7263
f 7334 7318 7136
f 7188 7332 6961
f 7269 7335 7322
f 7131 7130 7137
f 6908 6917 7060
f 7082 6906 7061
f 7066 7081 7105
f 6919 7321 7276
f 7148 7128 7163
f 7275 7157 7137
f 7098 7135 7104
f 7018 7192 7246
f 7204 7206 7336
f 7072 7071 6980
f 7283 7181 7315
f 7335 7269 7337
f 7251 7245 7246
f 7205 7318 7334
f 7286 7311 7284
f 7060 7070 7054
f 7338 7159 7121
f 7298 7299 7323
f 7105 7116 7066
f 7279 7322 7335
f 7321 7269 7322
f 7332 7267 7305
f 7279 7335 7339
f 6997 7321 6919
f 7301 7300 7304
f 7338 7121 7113
f 7150 7149 7194
f 7265 7245 7314
f 7150 7218 7010
f 7311 7331 7284
f 7339 7038 7279
f 7275 7326 7078
f 7269 7268 7337
f 7204 7177 7326
f 7279 7174 7169
f 7337 7340 7339
f 7341 7333 7271
f 7206 7205 7334
f 7149 6949 7195
f 7223 7342 7219
f 7038 7174 7279
f 6912 7268 6997
f 7343 7340 7337
f 7106 7287 7107
f 7020 6913 7040
f 7134 6975 7004
f 7344 7330 7334
f 7343 7337 7345
f 7314 7244 7336
f 7334 7209 7344
f 6919 7276 6920
f 7319 7320 7264
f 7345 7337 7268
f 7340 7241 7339
f 7343 7241 7340
f 7339 7191 7038
f 7103 7138 7212
f 7103 7102 7138
f 7321 7259 7276
f 7268 7293 7345
f 7270 7341 7271
f 7288 7282 7316
f 7098 7148 7162
f 7275 7078 7077
f 7213 7102 7011
f 7293 7268 6912
f 7336 7206 7265
f 7088 7075 7100
f 7191 7339 7241
f 7306 7346 7299
f 7301 7304 7288
f 7250 7295 7257
f 6907 6999 6983
f 7309 7241 7343
f 7325 6926 6925
f 7283 6966 7182
f 7345 7347 7343
f 7325 6925 7329
f 7218 7150 7194
f 7345 7293 7292
f 7348 7342 7223
f 7195 7194 7149
f 7293 6912 7045
f 7323 7301 7288
f 6981 6910 6909
f 7309 7343 7296
f 7292 7347 7345
f 7296 7347 7294
f 7256 7331 7302
f 7297 7260 7279
f 7272 7347 7292
f 6911 7006 7062
f 7298 7306 7299
f 7034 7146 7349
f 7274 7045 6926
f 7295 7250 7309
f 7347 7271 7294
f 7256 7327 7284
f 7272 7271 7347
f 7136 7209 7334
f 7207 7209 7130
f 7251 7246 7252
f 7223 7236 7348
f 7300 7299 7346
f 7252 7246 7192
f 7178 7153 7179
f 7272 7292 7270
f 7336 7265 7314
f 7273 7270 7274
f 7295 7294 7327
f 7102 7213 7178
f 6920 7276 6923
f 7326 7275 7205
f 7270 7273 7341
f 7256 7295 7327
f 6926 7044 6924
f 7327 7294 7333
f 7346 7306 7308
f 7315 7282 7283
f 7295 7256 7257
f 7343 7347 7296
f 7137 7318 7275
f 7132 7186 7207
f 7346 7308 7349
f 7225 7250 7257
f 7297 7306 7298
f 7341 7328 7333
f 7328 7341 7273
f 7349 7308 7034
f 7344 7209 7208
f 7307 7306 7297
f 6972 7034 7308
f 7297 7278 7307
f 7308 7307 6972
f 7096 7089 7116
f 7151 7317 7319
f 7273 7325 7328
f 7289 7267 7280
f 7350 7351 7352
f 6972 7307 7278
f 7333 7285 7327
f 7103 7192 7012
f 7316 7323 7288
f 7323 7316 7298
f 7325 7329 7328
f 7328 7285 7333
f 7244 7215 7336
f 7096 7091 7097
f 7350 7352 7312
f 7225 7256 7255
f 7329 6925 7086
f 7352 7310 7312
f 7006 6951 6953
f 7285 7328 7263
f 7298 7261 7260
f 7062 7065 6911
f 7256 7302 7255
f 7255 7220 7225
f 6906 6908 7061
f 7311 7313 7331
f 6965 7190 6955
f 7245 7248 7249
f 7262 7285 7263
f 7335 7337 7339
f 7331 7313 7302
f 6954 6955 7348
f 7285 7262 7286
f 7209 7136 7130
f 7348 6955 7190
f 7113 7100 7338
f 7264 7263 7092
f 7353 7214 7164
f 7351 7168 7161
f 7119 7117 7201
f 7264 7286 7262
f 7286 7320 7311
f 7302 7313 7310
f 7106 7153 7152
f 7180 7143 7190
f 7092 7287 7264
f 7205 7204 7326
f 7244 7252 7243
f 7336 7215 7204
f 7081 7083 7105
f 7334 7330 7206
f 7161 7310 7351
f 7264 7320 7286
f 7302 7310 7291
f 7255 7290 7187
f 7290 7302 7291
f 7182 6966 6999
f 7019 7248 7324
f 7287 7319 7264
f 7319 7287 7151
f 7320 7312 7311
f 7236 6954 7348
f 7066 7116 7089
f 7310 7313 7312
f 7161 7036 7291
f 7136 7318 7137
f 7187 7290 7023
f 7319 7317 7312
f 7013 7213 7011
f 7024 7023 7290
f 7224 7317 7151
f 7310 7352 7351
f 7317 7350 7312
f 7348 7190 7143
f 7168 7351 7185
f 7103 7212 7252
f 7215 7243 7211
f 7342 7350 7317
f 7192 7018 7017
f 7215 7210 7204
f 7317 7219 7342
f 7350 7143 7351
f 6981 6909 7007
f 7350 7342 7348
f 7178 7156 7152
f 7185 7351 7143
f 7348 7143 7350
f 7354 7355 7356
f 7357 7358 7359
f 7360 7361 7362
f 7363 7364 7365
f 7366 7358 7367
f 7368 7369 7370
f 7371 7372 7373
f 7374 7360 7375
f 7376 7361 7377
f 7357 7374 7378
f 7376 7377 7379
f 7380 7354 7381
f 7366 7359 7358
f 7382 7383 7384
f 7385 7386 7387
f 7388 7389 7390
f 7391 7392 7383
f 7393 7394 7395
f 7396 7397 7398
f 7399 7400 7401
f 7402 7403 7404
f 7405 7390 7389
f 7385 7371 7373
f 7406 7354 7397
f 7364 7399 7369
f 7407 7408 7409
f 7410 7411 7398
f 7372 7412 7373
f 7411 7413 7396
f 7408 7407 7414
f 7415 7416 7417
f 7418 7419 7420
f 7390 7405 7421
f 7422 7423 7424
f 7363 7425 7426
f 7427 7428 7429
f 7430 7387 7386
f 7431 7432 7415
f 7416 7433 7418
f 7434 7435 7436
f 7437 7438 7439
f 7440 7441 7442
f 7443 7444 7428
f 7433 7424 7423
f 7445 7446 7430
f 7422 7363 7365
f 7387 7438 7437
f 7447 7448 7417
f 7424 7433 7432
f 7449 7450 7451
f 7452 7453 7454
f 7438 7446 7455
f 7452 7441 7440
f 7422 7365 7423
f 7456 7437 7439
f 7455 7446 7420
f 7438 7455 7423
f 7423 7365 7438
f 7414 7413 7457
f 7425 7458 7426
f 7453 7459 7427
f 7433 7423 7455
f 7424 7460 7434
f 7422 7425 7363
f 7422 7424 7425
f 7461 7431 7415
f 7387 7430 7446
f 7418 7433 7455
f 7387 7437 7385
f 7424 7432 7431
f 7462 7458 7425
f 7429 7453 7427
f 7424 7434 7425
f 7419 7418 7455
f 7446 7445 7420
f 7438 7365 7439
f 7412 7430 7386
f 7416 7432 7433
f 7425 7434 7436
f 7440 7453 7452
f 7415 7432 7416
f 7436 7429 7428
f 7431 7460 7424
f 7456 7439 7365
f 7365 7364 7456
f 7463 7464 7382
f 7417 7448 7415
f 7441 7452 7448
f 7428 7427 7443
f 7431 7461 7460
f 7460 7454 7435
f 7449 7465 7395
f 7448 7452 7461
f 7454 7453 7429
f 7441 7448 7466
f 7429 7435 7454
f 7427 7459 7467
f 7453 7440 7459
f 7452 7460 7461
f 7441 7468 7442
f 7420 7419 7455
f 7451 7469 7449
f 7461 7415 7448
f 7454 7460 7452
f 7429 7436 7435
f 7438 7387 7446
f 7434 7460 7435
f 7355 7354 7380
f 7414 7393 7408
f 7397 7470 7407
f 7411 7471 7413
f 7393 7457 7472
f 7364 7363 7399
f 7364 7368 7473
f 7400 7399 7474
f 7421 7469 7451
f 7475 7372 7384
f 7405 7476 7469
f 7477 7450 7404
f 7450 7449 7394
f 7478 7479 7473
f 7397 7396 7470
f 7354 7406 7381
f 7476 7449 7469
f 7450 7402 7404
f 7395 7408 7393
f 7385 7437 7478
f 7480 7476 7389
f 7404 7383 7477
f 7394 7402 7450
f 7371 7463 7382
f 7474 7363 7481
f 7407 7470 7414
f 7396 7398 7411
f 7457 7413 7482
f 7394 7449 7395
f 7388 7465 7389
f 7397 7407 7406
f 7463 7371 7385
f 7382 7391 7383
f 7397 7354 7398
f 7409 7483 7407
f 7390 7401 7388
f 7403 7402 7472
f 7406 7483 7381
f 7413 7471 7484
f 7426 7485 7481
f 7473 7385 7478
f 7369 7368 7364
f 7477 7392 7451
f 7465 7388 7483
f 7372 7371 7384
f 7386 7373 7412
f 7421 7451 7391
f 7449 7480 7465
f 7451 7392 7391
f 7469 7421 7405
f 7464 7463 7473
f 7483 7406 7407
f 7368 7464 7473
f 7486 7487 7356
f 7356 7355 7488
f 7484 7489 7490
f 7491 7492 7489
f 7486 7356 7488
f 7493 7494 7495
f 7487 7410 7356
f 7496 7497 7488
f 7491 7488 7498
f 7497 7498 7488
f 7499 7498 7500
f 7499 7501 7498
f 7502 7496 7488
f 7499 7503 7501
f 7492 7501 7504
f 7492 7490 7489
f 7505 7499 7493
f 7486 7488 7491
f 7495 7505 7493
f 7506 7507 7508
f 7488 7355 7502
f 7509 7510 7506
f 7506 7508 7509
f 7503 7505 7511
f 7492 7504 7512
f 7509 7508 7513
f 7510 7507 7506
f 7490 7492 7512
f 7380 7514 7502
f 7510 7494 7493
f 7509 7513 7515
f 7501 7503 7516
f 7499 7500 7493
f 7411 7410 7487
f 7483 7409 7465
f 7471 7486 7489
f 7509 7515 7517
f 7507 7510 7493
f 7496 7502 7514
f 7437 7479 7478
f 7487 7471 7411
f 7505 7495 7518
f 7518 7511 7505
f 7487 7486 7471
f 7380 7502 7355
f 7505 7503 7499
f 7400 7474 7481
f 7496 7519 7500
f 7498 7497 7500
f 7500 7497 7496
f 7489 7486 7491
f 7519 7496 7520
f 7391 7390 7421
f 7491 7498 7492
f 7511 7516 7503
f 7489 7484 7471
f 7501 7492 7498
f 7450 7477 7451
f 7482 7413 7484
f 7391 7464 7370
f 7410 7398 7354
f 7465 7409 7408
f 7384 7371 7382
f 7402 7394 7472
f 7385 7373 7386
f 7390 7391 7369
f 7464 7368 7370
f 7370 7369 7391
f 7473 7463 7385
f 7384 7383 7404
f 7403 7472 7521
f 7401 7381 7388
f 7393 7472 7394
f 7408 7395 7465
f 7437 7456 7479
f 7480 7389 7465
f 7381 7483 7388
f 7401 7390 7399
f 7464 7391 7382
f 7473 7479 7364
f 7457 7393 7414
f 7369 7399 7390
f 7521 7472 7457
f 7410 7354 7356
f 7399 7363 7474
f 7521 7457 7482
f 7426 7458 7485
f 7413 7470 7396
f 7480 7449 7476
f 7404 7403 7384
f 7477 7383 7392
f 7405 7389 7476
f 7479 7456 7364
f 7363 7426 7481
f 7470 7413 7414
f 7522 7523 7524
f 7525 7524 7526
f 7522 7524 7525
f 7524 7527 7526
f 7528 7527 7529
f 7530 7522 7531
f 7532 7530 7531
f 7533 7534 7530
f 7535 7525 7536
f 7525 7526 7537
f 7531 7522 7535
f 7535 7536 7531
f 7522 7530 7538
f 7526 7528 7537
f 7530 7534 7538
f 7536 7532 7531
f 7539 7530 7532
f 7540 7536 7541
f 7542 7543 7539
f 7539 7540 7544
f 7528 7526 7527
f 7539 7543 7530
f 7543 7533 7530
f 7545 7544 7540
f 7546 7533 7543
f 7540 7539 7532
f 7539 7544 7542
f 7535 7522 7525
f 7536 7540 7532
f 7547 7548 7549
f 7550 7551 7552
f 7553 7554 7555
f 7556 7445 7557
f 7558 7559 7560
f 7561 7562 7563
f 7564 7565 7566
f 7567 7568 7417
f 7372 7475 7557
f 7445 7556 7420
f 7569 7570 7571
f 7571 7570 7553
f 7572 7554 7556
f 7572 7556 7557
f 7416 7573 7567
f 7534 7522 7538
f 7574 7575 7562
f 7430 7557 7445
f 7567 7573 7554
f 7576 7577 7578
f 7579 7551 7580
f 7569 7448 7447
f 7567 7417 7416
f 7581 7582 7583
f 7584 7585 7581
f 7586 7441 7466
f 7552 7579 7587
f 7569 7571 7466
f 7588 7589 7590
f 7466 7448 7569
f 7430 7412 7557
f 7591 7592 7593
f 7575 7553 7555
f 7567 7553 7568
f 7575 7555 7562
f 7570 7568 7553
f 7420 7556 7418
f 7447 7568 7570
f 7568 7447 7417
f 7594 7595 7596
f 7441 7586 7468
f 7597 7598 7599
f 7571 7586 7466
f 7553 7575 7571
f 7570 7569 7447
f 7553 7567 7554
f 7554 7563 7555
f 7418 7556 7573
f 7554 7573 7556
f 7586 7571 7575
f 7557 7600 7572
f 7573 7416 7418
f 7562 7555 7563
f 7574 7586 7575
f 7372 7557 7412
f 7600 7557 7475
f 7586 7574 7468
f 7554 7572 7563
f 7549 7548 7601
f 7602 7603 7604
f 7602 7604 7362
f 7604 7605 7606
f 7604 7375 7360
f 7607 7608 7609
f 7515 7610 7517
f 7374 7375 7378
f 7606 7611 7612
f 7379 7603 7376
f 7604 7360 7362
f 7379 7610 7603
f 7613 7614 7615
f 7361 7376 7602
f 7361 7602 7362
f 7616 7617 7618
f 7619 7607 7609
f 7619 7367 7358
f 7607 7378 7608
f 7375 7608 7378
f 7357 7607 7358
f 7620 7613 7615
f 7621 7609 7606
f 7606 7605 7611
f 7606 7375 7604
f 7606 7609 7608
f 7607 7357 7378
f 7619 7609 7622
f 7623 7613 7620
f 7621 7624 7609
f 7603 7602 7376
f 7613 7623 7625
f 7609 7624 7622
f 7606 7612 7621
f 7614 7624 7615
f 7604 7603 7605
f 7619 7358 7607
f 7608 7375 7606
f 7615 7624 7621
f 7624 7614 7622
f 7576 7578 7626
f 7627 7628 7629
f 7630 7631 7627
f 7559 7558 7632
f 7581 7583 7584
f 7558 7616 7633
f 7632 7558 7633
f 7634 7635 7636
f 7637 7638 7639
f 7529 7618 7617
f 7640 7641 7642
f 7643 7644 7645
f 7646 7527 7647
f 7549 7542 7648
f 7542 7649 7648
f 7650 7622 7651
f 7593 7652 7653
f 7654 7655 7656
f 7657 7643 7638
f 7658 7625 7659
f 7660 7661 7662
f 7637 7663 7631
f 7664 7558 7560
f 7665 7666 7667
f 7662 7661 7668
f 7669 7670 7671
f 7672 7632 7633
f 7673 7629 7674
f 7675 7640 7642
f 7676 7677 7671
f 7678 7679 7566
f 7664 7656 7680
f 7681 7656 7682
f 7564 7683 7684
f 7577 7685 7652
f 7617 7558 7680
f 7686 7669 7687
f 7656 7664 7688
f 7689 7690 7670
f 7577 7652 7593
f 7654 7656 7688
f 7610 7515 7691
f 7515 7692 7691
f 7603 7610 7691
f 7692 7693 7691
f 7692 7515 7513
f 7603 7691 7694
f 7695 7696 7693
f 7694 7691 7696
f 7513 7508 7692
f 7695 7697 7698
f 7695 7699 7696
f 7699 7694 7696
f 7693 7697 7695
f 7693 7692 7697
f 7697 7700 7698
f 7700 7701 7698
f 7702 7699 7695
f 7697 7692 7508
f 7703 7701 7700
f 7701 7702 7695
f 7704 7697 7508
f 7700 7705 7706
f 7707 7701 7703
f 7701 7708 7702
f 7705 7697 7704
f 7706 7705 7709
f 7700 7706 7703
f 7708 7701 7707
f 7611 7708 7710
f 7704 7709 7705
f 7711 7703 7706
f 7703 7712 7707
f 7708 7707 7710
f 7612 7611 7710
f 7508 7713 7704
f 7713 7508 7714
f 7507 7493 7714
f 7711 7712 7703
f 7704 7713 7709
f 7706 7715 7711
f 7706 7709 7715
f 7716 7707 7712
f 7519 7713 7714
f 7493 7500 7714
f 7716 7712 7711
f 7709 7717 7715
f 7707 7718 7719
f 7615 7621 7720
f 7715 7721 7722
f 7717 7723 7715
f 7718 7716 7724
f 7725 7726 7727
f 7400 7728 7401
f 7717 7713 7519
f 7717 7729 7723
f 7612 7720 7621
f 7715 7730 7721
f 7715 7723 7730
f 7731 7732 7733
f 7734 7735 7736
f 7519 7729 7717
f 7724 7716 7722
f 7737 7721 7730
f 7738 7730 7723
f 7739 7732 7740
f 7741 7718 7724
f 7711 7715 7722
f 7605 7694 7699
f 7742 7743 7744
f 7745 7746 7747
f 7723 7748 7738
f 7749 7724 7750
f 7746 7751 7744
f 7718 7620 7615
f 7620 7718 7741
f 7737 7752 7753
f 7754 7755 7756
f 7520 7729 7519
f 7748 7725 7738
f 7752 7737 7730
f 7724 7749 7741
f 7541 7536 7757
f 7758 7759 7760
f 7725 7727 7738
f 7688 7628 7631
f 7727 7752 7730
f 7753 7752 7761
f 7762 7590 7589
f 7734 7763 7764
f 7725 7748 7726
f 7765 7520 7766
f 7549 7534 7767
f 7768 7769 7760
f 7766 7520 7496
f 7770 7771 7772
f 7707 7716 7718
f 7719 7710 7707
f 7773 7727 7726
f 7774 7726 7748
f 7727 7773 7752
f 7751 7775 7742
f 7776 7529 7754
f 7777 7765 7766
f 7548 7547 7778
f 7774 7748 7765
f 7779 7780 7781
f 7747 7746 7744
f 7782 7766 7514
f 7514 7766 7496
f 7783 7784 7785
f 7620 7786 7623
f 7713 7717 7709
f 7699 7708 7605
f 7728 7380 7381
f 7687 7669 7671
f 7772 7787 7675
f 7788 7773 7774
f 7789 7790 7791
f 7623 7786 7792
f 7752 7793 7761
f 7780 7794 7541
f 7380 7782 7514
f 7773 7788 7795
f 7752 7795 7793
f 7793 7792 7761
f 7765 7796 7774
f 7714 7508 7507
f 7797 7798 7799
f 7760 7800 7768
f 7748 7723 7729
f 7795 7788 7801
f 7795 7801 7793
f 7800 7796 7777
f 7698 7701 7695
f 7784 7802 7803
f 7700 7697 7705
f 7792 7804 7623
f 7805 7806 7733
f 7801 7807 7793
f 7380 7728 7782
f 7735 7808 7782
f 7796 7809 7801
f 7733 7806 7810
f 7777 7808 7768
f 7800 7777 7768
f 7620 7741 7786
f 7783 7811 7812
f 7809 7796 7800
f 7759 7809 7760
f 7804 7813 7681
f 7814 7793 7807
f 7815 7793 7816
f 7735 7764 7808
f 7817 7818 7819
f 7782 7728 7735
f 7808 7820 7768
f 7821 7790 7822
f 7823 7821 7824
f 7764 7820 7808
f 7816 7793 7814
f 7786 7761 7792
f 7788 7774 7796
f 7520 7748 7729
f 7750 7753 7749
f 7818 7817 7825
f 7809 7800 7760
f 7804 7815 7756
f 7824 7814 7807
f 7826 7827 7779
f 7728 7381 7401
f 7828 7779 7789
f 7764 7769 7820
f 7524 7523 7527
f 7756 7815 7829
f 7830 7776 7829
f 7525 7757 7536
f 7831 7444 7443
f 7735 7734 7764
f 7769 7768 7820
f 7815 7792 7793
f 7758 7760 7769
f 7832 7833 7834
f 7829 7816 7835
f 7835 7816 7822
f 7813 7756 7755
f 7836 7837 7838
f 7735 7400 7736
f 7763 7769 7764
f 7611 7605 7708
f 7400 7735 7728
f 7823 7824 7759
f 7829 7754 7756
f 7821 7822 7814
f 7798 7797 7839
f 7840 7841 7564
f 7824 7821 7814
f 7842 7805 7739
f 7625 7804 7681
f 7734 7736 7843
f 7808 7777 7782
f 7759 7758 7823
f 7758 7769 7844
f 7799 7837 7836
f 7754 7617 7755
f 7816 7814 7822
f 7845 7846 7847
f 7614 7658 7651
f 7848 7837 7849
f 7796 7765 7777
f 7833 7850 7851
f 7811 7851 7812
f 7844 7763 7825
f 7852 7853 7854
f 7855 7856 7857
f 7858 7859 7832
f 7799 7849 7837
f 7850 7833 7832
f 7860 7861 7819
f 7797 7836 7862
f 7676 7690 7863
f 7776 7754 7829
f 7857 7839 7862
f 7864 7843 7810
f 7865 7462 7425
f 7817 7844 7825
f 7625 7623 7804
f 7866 7803 7802
f 7864 7810 7806
f 7790 7776 7822
f 7855 7857 7862
f 7817 7819 7861
f 7806 7818 7864
f 7790 7853 7776
f 7867 7675 7787
f 7529 7617 7754
f 7868 7831 7857
f 7825 7843 7864
f 7869 7400 7481
f 7860 7791 7823
f 7736 7400 7869
f 7856 7870 7871
f 7868 7872 7859
f 7776 7853 7528
f 7773 7726 7774
f 7836 7855 7862
f 7837 7873 7874
f 7838 7837 7874
f 7443 7467 7839
f 7856 7855 7838
f 7875 7876 7544
f 7485 7877 7869
f 7710 7719 7612
f 7481 7485 7869
f 7789 7791 7860
f 7759 7824 7809
f 7869 7843 7736
f 7773 7795 7752
f 7878 7784 7812
f 7859 7444 7868
f 7444 7859 7858
f 7822 7830 7835
f 7739 7805 7733
f 7747 7879 7745
f 7842 7819 7818
f 7708 7699 7702
f 7781 7852 7854
f 7856 7871 7868
f 7856 7838 7870
f 7828 7789 7860
f 7741 7761 7786
f 7880 7785 7881
f 7733 7810 7879
f 7784 7783 7812
f 7874 7870 7838
f 7823 7844 7861
f 7782 7777 7766
f 7882 7883 7591
f 7884 7885 7886
f 7871 7872 7868
f 7879 7810 7877
f 7821 7791 7790
f 7731 7733 7879
f 7779 7827 7780
f 7794 7802 7541
f 7828 7842 7739
f 7887 7873 7875
f 7872 7871 7870
f 7462 7746 7458
f 7881 7775 7846
f 7758 7844 7823
f 7802 7784 7541
f 7847 7846 7746
f 7836 7838 7855
f 7888 7833 7811
f 7519 7714 7500
f 7819 7828 7860
f 7783 7888 7811
f 7888 7834 7833
f 7889 7545 7878
f 7485 7745 7877
f 7436 7865 7425
f 7817 7861 7844
f 7545 7889 7875
f 7890 7891 7731
f 7732 7739 7733
f 7850 7887 7889
f 7731 7740 7732
f 7741 7749 7761
f 7858 7428 7444
f 7721 7737 7750
f 7839 7857 7831
f 7858 7834 7428
f 7875 7544 7545
f 7428 7834 7892
f 7881 7846 7880
f 7743 7794 7827
f 7545 7540 7878
f 7888 7783 7880
f 7850 7872 7870
f 7877 7843 7869
f 7816 7829 7815
f 7843 7877 7810
f 7789 7779 7854
f 7830 7822 7776
f 7605 7603 7694
f 7854 7790 7789
f 7824 7801 7809
f 7864 7818 7825
f 7874 7873 7887
f 7779 7781 7854
f 7892 7865 7436
f 7750 7737 7753
f 7826 7828 7739
f 7769 7763 7844
f 7879 7890 7731
f 7784 7878 7541
f 7881 7803 7866
f 7893 7892 7834
f 7467 7443 7427
f 7872 7850 7832
f 7832 7834 7858
f 7851 7850 7889
f 7785 7880 7783
f 7826 7740 7827
f 7887 7850 7870
f 7749 7753 7761
f 7744 7890 7747
f 7801 7788 7796
f 7891 7740 7731
f 7520 7765 7748
f 7890 7744 7891
f 7485 7458 7745
f 7785 7803 7881
f 7537 7757 7525
f 7865 7892 7845
f 7720 7612 7719
f 7462 7865 7845
f 7888 7893 7834
f 7892 7893 7845
f 7853 7790 7854
f 7757 7781 7780
f 7870 7874 7887
f 7744 7743 7891
f 7784 7803 7785
f 7839 7831 7443
f 7691 7693 7696
f 7743 7775 7866
f 7852 7757 7537
f 7847 7462 7845
f 7813 7804 7756
f 7781 7757 7852
f 7743 7827 7891
f 7823 7791 7821
f 7893 7846 7845
f 7833 7851 7811
f 7746 7745 7458
f 7751 7742 7744
f 7798 7839 7467
f 7815 7804 7792
f 7746 7462 7847
f 7891 7827 7740
f 7719 7718 7720
f 7894 7895 7762
f 7843 7825 7734
f 7546 7767 7534
f 7819 7842 7828
f 7859 7872 7832
f 7829 7835 7830
f 7851 7878 7812
f 7890 7879 7747
f 7775 7751 7746
f 7801 7824 7807
f 7799 7836 7797
f 7775 7743 7742
f 7721 7750 7722
f 7541 7757 7780
f 7529 7776 7528
f 7722 7750 7724
f 7794 7866 7802
f 7615 7720 7718
f 7827 7794 7780
f 7888 7880 7846
f 7740 7826 7739
f 7875 7889 7887
f 7857 7856 7868
f 7828 7826 7779
f 7806 7842 7818
f 7878 7851 7889
f 7831 7868 7444
f 7805 7842 7806
f 7825 7763 7734
f 7743 7866 7794
f 7892 7436 7428
f 7893 7888 7846
f 7528 7852 7537
f 7716 7711 7722
f 7879 7877 7745
f 7839 7797 7862
f 7541 7878 7540
f 7823 7861 7860
f 7727 7730 7738
f 7866 7775 7881
f 7853 7852 7528
f 7746 7846 7775
f 7896 7897 7898
f 7656 7681 7813
f 7899 7900 7901
f 7901 7559 7902
f 7597 7599 7903
f 7670 7669 7787
f 7633 7904 7672
f 7589 7894 7762
f 7592 7883 7626
f 7640 7867 7594
f 7905 7649 7579
f 7906 7907 7649
f 7767 7543 7542
f 7594 7651 7640
f 7549 7908 7547
f 7771 7639 7909
f 7549 7581 7910
f 7547 7908 7911
f 7641 7651 7658
f 7594 7867 7595
f 7638 7637 7912
f 7913 7914 7682
f 7647 7523 7915
f 7680 7656 7755
f 7650 7596 7916
f 7762 7895 7917
f 7771 7770 7663
f 7546 7543 7767
f 7901 7900 7559
f 7918 7919 7848
f 7658 7613 7625
f 7618 7529 7527
f 7771 7909 7863
f 7906 7649 7544
f 7666 7898 7920
f 7921 7645 7922
f 7639 7771 7637
f 7867 7686 7595
f 7560 7559 7900
f 7923 7924 7895
f 7649 7587 7579
f 7675 7642 7925
f 7926 7666 7927
f 7896 7928 7639
f 7929 7666 7920
f 7925 7772 7675
f 7673 7661 7629
f 7533 7546 7534
f 7903 7684 7597
f 7876 7930 7907
f 7884 7587 7907
f 7907 7930 7884
f 7643 7898 7897
f 7918 7931 7919
f 7689 7863 7690
f 7905 7648 7649
f 7564 7584 7565
f 7907 7906 7876
f 7925 7642 7913
f 7770 7655 7654
f 7907 7587 7649
f 7932 7652 7685
f 7584 7841 7933
f 7876 7931 7934
f 7653 7652 7932
f 7650 7594 7596
f 7671 7935 7687
f 7663 7637 7771
f 7633 7646 7904
f 7677 7928 7936
f 7657 7626 7883
f 7661 7660 7629
f 7928 7896 7926
f 7657 7644 7643
f 7909 7639 7928
f 7918 7885 7931
f 7928 7676 7909
f 7595 7686 7937
f 7632 7672 7904
f 7544 7876 7906
f 7929 7920 7898
f 7669 7686 7867
f 7631 7654 7688
f 7617 7680 7938
f 7552 7551 7579
f 7651 7622 7614
f 7905 7911 7908
f 7884 7886 7939
f 7659 7641 7658
f 7587 7550 7552
f 7771 7863 7772
f 7848 7919 7837
f 7939 7551 7550
f 7522 7585 7523
f 7770 7925 7655
f 7926 7896 7898
f 7682 7914 7681
f 7682 7656 7655
f 7915 7646 7647
f 7659 7914 7913
f 7925 7770 7772
f 7931 7885 7934
f 7651 7641 7640
f 7650 7916 7619
f 7928 7677 7676
f 7582 7548 7634
f 7659 7642 7641
f 7651 7594 7650
f 7914 7659 7625
f 7640 7675 7867
f 7689 7670 7787
f 7937 7596 7595
f 7787 7669 7867
f 7690 7671 7670
f 7772 7863 7787
f 7633 7616 7646
f 7902 7559 7632
f 7367 7916 7596
f 7905 7908 7648
f 7904 7646 7915
f 7666 7665 7927
f 7940 7577 7599
f 7934 7930 7876
f 7915 7632 7904
f 7646 7618 7527
f 7940 7685 7577
f 7884 7934 7885
f 7599 7899 7901
f 7589 7653 7932
f 7902 7933 7840
f 7682 7655 7913
f 7542 7544 7649
f 7588 7653 7589
f 7628 7560 7674
f 7579 7580 7905
f 7925 7913 7655
f 7550 7884 7939
f 7884 7550 7587
f 7599 7598 7940
f 7599 7577 7941
f 7679 7598 7597
f 7653 7588 7591
f 7591 7593 7653
f 7941 7577 7576
f 7593 7578 7577
f 7590 7882 7588
f 7549 7648 7908
f 7635 7678 7636
f 7668 7941 7576
f 7578 7593 7626
f 7588 7882 7591
f 7590 7762 7882
f 7924 7942 7943
f 7917 7895 7924
f 7582 7634 7583
f 7650 7619 7622
f 7679 7597 7683
f 7548 7778 7634
f 7930 7934 7884
f 7636 7678 7566
f 7899 7599 7941
f 7626 7593 7592
f 7597 7684 7683
f 7566 7679 7683
f 7591 7883 7592
f 7922 7882 7762
f 7943 7944 7924
f 7944 7922 7917
f 7542 7549 7767
f 7599 7901 7903
f 7565 7636 7566
f 7601 7582 7581
f 7581 7549 7601
f 7636 7565 7583
f 7882 7922 7645
f 7668 7626 7662
f 7585 7584 7915
f 7668 7661 7673
f 7684 7840 7564
f 7902 7903 7901
f 7654 7631 7663
f 7657 7662 7626
f 7667 7944 7943
f 7922 7944 7921
f 7840 7903 7902
f 7644 7883 7882
f 7944 7667 7921
f 7634 7636 7583
f 7942 7924 7923
f 7841 7584 7564
f 7565 7584 7583
f 7638 7662 7657
f 7899 7673 7900
f 7645 7644 7882
f 7883 7644 7657
f 7613 7658 7614
f 7581 7585 7910
f 7917 7922 7762
f 7840 7933 7841
f 7921 7667 7929
f 7629 7628 7674
f 7534 7910 7585
f 7617 7938 7755
f 7919 7873 7837
f 7662 7912 7660
f 7638 7912 7662
f 7900 7674 7560
f 7632 7915 7933
f 7921 7929 7645
f 7929 7667 7666
f 7917 7924 7944
f 7668 7576 7626
f 7585 7522 7534
f 7933 7915 7584
f 7627 7629 7660
f 7897 7639 7638
f 7938 7680 7755
f 7873 7919 7931
f 7903 7840 7684
f 7683 7564 7566
f 7523 7585 7915
f 7639 7897 7896
f 7873 7931 7875
f 7643 7645 7898
f 7534 7549 7910
f 7911 7905 7580
f 7630 7660 7912
f 7668 7899 7941
f 7628 7664 7560
f 7929 7898 7645
f 7643 7897 7638
f 7690 7676 7671
f 7912 7637 7630
f 7656 7813 7755
f 7680 7558 7664
f 7632 7933 7902
f 7673 7674 7900
f 7637 7631 7630
f 7631 7628 7627
f 7616 7558 7617
f 7646 7616 7618
f 7898 7666 7926
f 7523 7647 7527
f 7664 7628 7688
f 7927 7945 7926
f 7899 7668 7673
f 7601 7548 7582
f 7935 7671 7677
f 7936 7926 7945
f 7926 7936 7928
f 7787 7863 7689
f 7663 7770 7654
f 7676 7863 7909
f 7931 7876 7875
f 7916 7367 7619
f 7630 7627 7660
f 7914 7625 7681
f 7659 7913 7642
f 7946 7947 7948
f 7949 7950 7951
f 7952 7953 7954
f 7955 7956 7957
f 7956 7958 7959
f 7960 7961 7962
f 7963 7964 7965
f 7966 7967 7968
f 7969 7970 7971
f 7972 7973 7974
f 7975 7976 7977
f 7978 7979 7980
f 7981 7982 7983
f 7984 7985 7986
f 7987 7988 7989
f 7990 7991 7992
f 7953 7952 7993
f 7994 7995 7996
f 7997 7998 7999
f 8000 8001 8002
f 7998 8003 7999
f 8004 8005 8003
f 7996 8006 8007
f 7946 8008 8009
f 8010 8011 8012
f 8013 8014 8015
f 8010 8012 8016
f 8017 8018 8019
f 8020 8021 8022
f 8023 8024 8025
f 8026 8027 8028
f 8029 8030 8031
f 7979 8032 8033
f 8034 8035 8036
f 8037 8038 8039
f 8040 8041 8042
f 8043 8044 8040
f 8045 8046 8047
f 8048 8007 8049
f 7996 7987 7994
f 8050 8051 8052
f 8053 7954 8014
f 8054 8055 8022
f 7995 7994 8056
f 8057 8058 8044
f 8015 8059 8013
f 8060 8024 8061
f 8062 8063 8064
f 8015 7953 7993
f 7983 8065 7981
f 8066 8067 8068
f 7974 8069 8070
f 8058 8057 8071
f 8072 8073 8074
f 8000 8075 8076
f 8077 8027 8020
f 8078 8079 8080
f 8081 8082 8083
f 8084 7959 8085
f 8086 8087 8088
f 8089 8090 8091
f 7951 7950 8055
f 8092 8093 8094
f 8095 7978 8096
f 8012 8097 8098
f 8099 8100 8101
f 7964 8102 8035
f 8103 7980 8104
f 8105 8106 8107
f 8108 8109 8110
f 8034 7969 7971
f 7970 8111 8112
f 8113 8108 8114
f 8027 8077 8092
f 8061 8038 8037
f 8115 8116 8078
f 8117 8058 8118
f 8065 8119 8120
f 8056 8121 7981
f 8122 8123 8043
f 8124 8074 8039
f 8125 8126 8082
f 8127 8128 8129
f 7967 8130 8131
f 8132 8027 8092
f 8133 8134 8135
f 8134 8136 8135
f 8137 8138 7998
f 8047 8139 8140
f 8141 8142 8143
f 8144 8145 8146
f 8147 8148 8149
f 8065 8120 7981
f 8073 8113 8114
f 8150 7956 7955
f 8151 8018 7955
f 8132 8092 8094
f 8094 8152 8132
f 8055 8153 8020
f 8154 8060 8037
f 8064 8152 8094
f 8152 8027 8132
f 8106 8105 8155
f 8156 8038 8061
f 8157 8158 8159
f 8160 8161 8162
f 8062 8094 8093
f 8055 8020 8022
f 8017 8163 7955
f 8072 8164 8165
f 8027 8152 8028
f 8121 8166 8167
f 8106 8136 8134
f 8168 8169 8019
f 8170 8030 8029
f 8094 8062 8064
f 8003 7998 8171
f 8004 8172 8173
f 8149 8174 8011
f 8125 8175 8126
f 8176 8177 8178
f 8179 8180 8030
f 8021 8027 8026
f 8181 8182 8183
f 8184 8185 8186
f 8187 8104 8188
f 8189 8190 8133
f 8074 8124 8072
f 7980 8191 8192
f 8193 8194 8195
f 8196 8197 8178
f 8074 8073 8189
f 8198 8199 8173
f 8028 8023 8025
f 8044 8041 8040
f 8018 8168 8019
f 8200 8201 8149
f 8202 8120 8119
f 8120 8202 7981
f 8203 8204 8182
f 8168 8205 8206
f 8207 8208 8209
f 8024 8154 8025
f 8189 8210 8190
f 8071 8211 8058
f 8152 8023 8028
f 8212 8213 8214
f 8061 8063 8156
f 8207 8209 8215
f 8216 8217 8218
f 8077 8153 8092
f 8110 8219 8210
f 8098 8097 8220
f 8221 8135 8222
f 8039 8074 8189
f 8168 8090 8223
f 8224 8149 8011
f 8225 8168 8018
f 8226 8038 8156
f 8037 8221 8154
f 8179 8022 8021
f 8038 8226 8124
f 8101 8195 8194
f 8136 8227 8135
f 8228 8229 8201
f 7967 8230 8130
f 7964 8231 8232
f 8233 8149 8201
f 8234 8235 8236
f 7976 8208 8207
f 8039 8221 8037
f 8237 8083 7989
f 8238 8089 8229
f 8106 8134 8190
f 8239 8240 8241
f 8242 8231 7963
f 8203 8182 8242
f 8149 8148 8200
f 8133 8135 8221
f 8236 8243 8234
f 8171 8172 8004
f 8234 8244 8235
f 8159 8245 8246
f 8200 8247 8128
f 8155 8136 8106
f 8248 8249 8250
f 8164 8251 8048
f 8024 8023 8064
f 8048 8165 8164
f 8110 8119 8219
f 8153 8077 8020
f 7984 7986 8252
f 8165 8073 8072
f 8222 8025 8154
f 8210 8219 8190
f 8253 8254 8255
f 8073 8165 8113
f 8185 8256 8257
f 8106 8190 8219
f 8244 8234 8258
f 8259 8260 8261
f 8185 8262 8263
f 8106 8219 8107
f 8165 8048 8049
f 7950 8092 8153
f 8210 8108 8110
f 8264 8265 8174
f 8266 8089 8238
f 8267 8029 8031
f 8268 8260 8264
f 8072 8124 8226
f 8221 8222 8154
f 8269 8268 8270
f 8199 8198 8271
f 8266 8205 8223
f 8272 8185 8257
f 8273 8112 8274
f 8133 8039 8189
f 8061 8064 8063
f 8275 8276 8277
f 8277 7962 8275
f 8092 7950 7949
f 8278 7968 7967
f 8187 8188 8279
f 8256 8280 8281
f 8064 8023 8152
f 8180 7976 8031
f 8204 8228 8200
f 8282 8146 8283
f 8214 8284 8285
f 8173 8172 8198
f 8286 8287 8148
f 8288 8289 8021
f 8290 8291 7991
f 8119 8110 8202
f 8134 8133 8190
f 8292 8176 8197
f 8219 8119 8107
f 8153 8055 7950
f 8225 8018 8151
f 8024 8064 8061
f 8109 8108 8113
f 7979 8293 8032
f 8169 8279 8188
f 8149 8224 8294
f 8073 8114 8189
f 8179 8170 8022
f 8061 8037 8060
f 8295 8066 8296
f 8114 8210 8189
f 8039 8038 8124
f 8024 8060 8154
f 8022 8170 8054
f 8201 8229 8233
f 8071 8184 8199
f 8297 8043 8298
f 8299 8010 8016
f 8123 8256 8043
f 7966 7968 8293
f 8160 8162 8300
f 8118 8058 8211
f 8019 8163 8017
f 8210 8114 8108
f 8301 8302 8303
f 8304 8305 8306
f 8307 8303 8308
f 8306 8309 8099
f 8310 8257 8311
f 8303 8302 8308
f 8308 8099 8307
f 8218 7960 8280
f 8301 8312 8302
f 8076 8075 8313
f 8314 8303 8307
f 8306 8099 8308
f 8315 8306 8308
f 8316 8317 8318
f 8309 8306 8305
f 8307 8099 8101
f 8319 8316 8320
f 8315 8304 8306
f 8321 8076 8313
f 8315 8322 8323
f 8320 8324 8319
f 8325 8326 8327
f 8324 8323 8322
f 8328 8329 8330
f 8315 8308 8324
f 8323 8324 8331
f 8318 8331 8320
f 8324 8322 8315
f 8332 8331 8333
f 8304 8334 8305
f 8335 8321 8250
f 8143 8142 8274
f 8041 8044 8058
f 8336 8337 8338
f 8268 8269 8339
f 8340 8341 8342
f 8337 8343 8338
f 8344 8345 8332
f 8270 8346 8347
f 8348 8349 8305
f 8331 8332 8345
f 8188 8350 8019
f 8281 7960 7962
f 8351 8352 8353
f 8238 8228 8203
f 8008 8354 8009
f 7955 8018 8017
f 8333 8317 8344
f 8042 8041 8355
f 8065 8356 8357
f 8345 8323 8331
f 8334 8348 8305
f 8358 8359 8360
f 8222 8361 8025
f 8146 8362 8363
f 8331 8318 8333
f 8348 8364 8349
f 8365 8317 8316
f 8366 7972 7947
f 8075 8367 8368
f 8266 8090 8089
f 8345 8344 8341
f 8369 8370 8371
f 8302 8319 8324
f 8372 8371 8373
f 8374 8139 8375
f 8376 8370 8369
f 8377 8128 8247
f 8303 8378 8301
f 8379 8380 8381
f 8382 8383 8342
f 8384 8139 8385
f 8386 8385 8387
f 8387 8388 8386
f 8329 8389 8330
f 8379 8366 7947
f 8351 8360 8328
f 8317 8333 8318
f 8303 8314 8378
f 8380 8379 8354
f 8140 8139 8384
f 8390 8001 8291
f 8391 8361 8227
f 8341 8389 8345
f 8032 8392 8393
f 8235 8394 8395
f 8363 8362 8327
f 8372 8396 8397
f 8342 8341 8382
f 8398 8393 8399
f 8146 8363 8144
f 8400 8401 8402
f 8360 8359 8364
f 8381 8380 8398
f 8332 8333 8344
f 8403 8346 8270
f 8033 8032 8393
f 8148 8147 8217
f 8085 8404 8405
f 8331 8324 8320
f 8387 8139 8374
f 8316 8406 8365
f 8391 8227 8155
f 8352 8351 8328
f 8383 8407 8408
f 8352 8328 8330
f 8397 8409 7946
f 8025 8361 8410
f 8314 8411 8084
f 8327 8412 8363
f 8069 7992 7991
f 8070 8335 8250
f 8413 8047 8140
f 8401 8045 8047
f 8070 8376 7974
f 8362 8414 8327
f 8415 8369 8371
f 8340 8342 8408
f 8100 8099 8309
f 8416 8232 8127
f 8393 8392 8374
f 8400 8045 8401
f 8417 8284 8214
f 8389 8329 8345
f 8418 8278 8419
f 7991 8076 8321
f 8353 8360 8351
f 8420 8404 8421
f 8398 8033 8393
f 8389 8340 8352
f 8362 8359 8358
f 8297 8122 8043
f 8412 8327 8326
f 7991 8321 8335
f 8249 8373 8370
f 8319 8302 8312
f 8299 7960 8294
f 8058 8355 8041
f 8380 8422 8423
f 8327 8414 8325
f 8365 8424 8317
f 8414 8362 8358
f 8315 8323 8304
f 8425 8366 8381
f 8368 8426 8427
f 8358 8360 8353
f 8353 8352 8428
f 7973 8047 8046
f 8040 8429 8298
f 8250 8321 8248
f 8415 8430 8369
f 7983 8431 8065
f 8432 8433 7973
f 8415 8371 8372
f 8329 8334 8304
f 8358 8353 8434
f 8388 8418 8419
f 8425 8381 8399
f 8423 8398 8380
f 8325 8414 8435
f 8067 8411 8068
f 8407 8428 8408
f 8360 8334 8328
f 8266 8238 8205
f 8422 8150 8436
f 8334 8329 8328
f 8355 8058 8117
f 8291 8290 8059
f 8414 8434 8437
f 8414 8437 8435
f 8009 8354 7947
f 8438 8396 8373
f 8338 8343 8439
f 8434 8414 8358
f 8392 8387 8374
f 8349 8309 8305
f 8316 8318 8320
f 8440 8400 8402
f 8395 8441 8442
f 8443 8344 8317
f 8360 8364 8348
f 7947 8415 7948
f 8338 8439 8105
f 8265 8177 8444
f 8155 8105 8439
f 8382 8341 8344
f 8374 8399 8393
f 8025 8410 8028
f 8169 8188 8019
f 8445 8416 8127
f 8211 8271 8118
f 8403 8446 8116
f 8123 8218 8256
f 8447 8434 8428
f 8340 8428 8352
f 8437 8434 8447
f 8217 7960 8218
f 8345 8329 8323
f 8342 8383 8408
f 8382 8344 8443
f 8448 8244 8258
f 8387 8392 8449
f 8291 8001 8000
f 8385 8386 8384
f 8348 8334 8360
f 8167 8450 7982
f 8451 7971 7970
f 8323 8329 8304
f 8324 8308 8302
f 8452 8309 8349
f 8353 8428 8434
f 7989 8453 8237
f 8065 8357 8119
f 8340 8389 8341
f 8454 8301 8427
f 8379 8381 8366
f 8428 8340 8408
f 8352 8330 8389
f 8316 8319 8312
f 8338 8105 8336
f 8450 8431 7983
f 7991 8335 8069
f 8040 8298 8043
f 8149 8294 8147
f 8193 8411 8194
f 7948 8372 7946
f 8455 8362 8146
f 8456 8457 8458
f 8459 8034 7971
f 8343 8337 8460
f 8276 8275 8457
f 8112 8143 8274
f 8461 8040 8042
f 7962 8277 8276
f 8436 8192 8191
f 7970 8112 8273
f 8462 8281 7962
f 8040 8461 8429
f 8279 8206 8241
f 8290 7991 7990
f 8129 8463 8464
f 8391 8155 8439
f 8346 8403 8116
f 8311 8257 8281
f 8270 8268 8264
f 8465 8466 8467
f 8468 8465 8469
f 8230 7966 7978
f 8404 7958 8421
f 8169 8206 8279
f 8470 8343 8460
f 8206 8169 8168
f 8471 8403 8270
f 8472 8066 8195
f 8204 8183 8182
f 8299 8016 8275
f 8404 8420 8368
f 8292 8177 8176
f 8216 8218 8123
f 8451 8273 8459
f 8473 8474 8470
f 8174 8475 8264
f 8157 8442 8441
f 8208 8476 8209
f 7978 8103 8096
f 8224 8299 8294
f 8050 8467 8474
f 8236 8395 8477
f 8436 8191 8422
f 8232 8181 8127
f 8375 8433 8432
f 8444 8012 8265
f 8355 8478 8042
f 8478 8461 8042
f 7999 8479 7997
f 8180 8480 7977
f 8245 8429 8246
f 8469 8410 8361
f 8422 8191 8423
f 8281 8462 8311
f 8481 8482 8483
f 8484 8309 8452
f 8057 8184 8071
f 8250 8249 8070
f 8227 8361 8222
f 8284 8417 8255
f 8244 8448 8485
f 7977 8289 8486
f 8475 8270 8264
f 8293 8418 8449
f 7954 8487 8488
f 8471 8446 8403
f 8163 8350 8436
f 8155 8227 8136
f 8138 8137 8489
f 7972 8430 7947
f 8080 8472 8078
f 8230 8095 8490
f 8123 8286 8216
f 8491 8492 8493
f 8343 8470 8439
f 8122 8286 8123
f 7972 8375 8432
f 8445 8129 8464
f 8135 8227 8222
f 8280 7960 8281
f 8440 8161 8160
f 8494 8495 7970
f 8422 8496 8150
f 8069 8335 8070
f 8469 8439 8468
f 8374 8375 8425
f 8463 8297 8298
f 8297 8377 8286
f 8139 8047 8433
f 8240 8187 8279
f 8244 8485 8394
f 8030 8170 8179
f 8463 8497 8498
f 8245 8158 8498
f 8161 8209 8162
f 8177 8499 8444
f 8224 8010 8299
f 8410 8469 8465
f 8361 8391 8469
f 7992 7974 8046
f 8192 8104 7980
f 8429 8482 8246
f 8500 8255 8489
f 8474 8467 8466
f 8246 8482 8481
f 8235 8395 8236
f 8405 8404 8427
f 8298 8497 8463
f 7965 8096 8103
f 8471 8270 8475
f 8473 8470 8501
f 8259 8196 8178
f 8502 8503 8504
f 8446 8505 8506
f 8507 8130 8230
f 8148 8217 8216
f 8508 8220 8097
f 8034 8036 7969
f 8080 8079 8296
f 8425 8375 8366
f 8509 8476 8510
f 8416 8102 8232
f 8489 8255 8254
f 8511 8396 8438
f 8183 8204 8200
f 8185 8057 8262
f 8449 8388 8387
f 8438 8249 8248
f 8439 8470 8468
f 8238 8229 8228
f 8294 7960 8217
f 8217 8147 8294
f 8377 8297 8463
f 8463 8498 8464
f 8506 8091 8079
f 8363 8197 8144
f 8508 8444 8499
f 8000 8002 8075
f 8466 8468 8470
f 8057 8044 8262
f 8466 8470 8474
f 8398 8423 8033
f 8480 8289 7977
f 8087 8512 8088
f 8131 8130 8513
f 8182 8514 8231
f 8053 8515 7954
f 8283 8145 8347
f 8512 8507 8516
f 8035 8459 7964
f 8405 8427 8301
f 7966 7979 7978
f 8349 8364 7985
f 8368 8427 8404
f 8392 8032 8449
f 8517 8141 8143
f 8394 8235 8244
f 8518 8519 8258
f 8031 7976 8207
f 8368 8367 8426
f 8086 8520 8519
f 8391 8439 8469
f 8233 8471 8475
f 8429 8497 8298
f 7978 7980 8103
f 8259 8177 8260
f 8288 8521 8289
f 8497 8245 8498
f 8242 7963 8239
f 8216 8286 8148
f 7978 8095 8230
f 8522 8395 8394
f 8144 8197 8196
f 8066 8295 8067
f 8484 8452 7984
f 8476 8208 8510
f 8194 8411 8314
f 8493 8158 8157
f 8465 8468 8466
f 8096 8274 8142
f 8174 8149 8475
f 8349 7985 8452
f 8296 8523 8524
f 8456 8276 8457
f 7969 8485 8494
f 8059 8390 8291
f 8200 8128 8183
f 8297 8286 8122
f 8420 8511 8248
f 8390 8059 8015
f 8269 8270 8347
f 8212 8285 8310
f 8248 8075 8420
f 8495 8494 8448
f 8191 7980 8423
f 8016 8457 8275
f 8438 8373 8249
f 8399 8374 8425
f 7958 8085 7959
f 8076 7991 8291
f 8199 8271 8211
f 8085 8405 8378
f 8411 8193 8068
f 8158 8492 8498
f 8359 8362 8455
f 7975 8486 8525
f 8486 7975 7977
f 8029 8054 8170
f 8455 7985 8364
f 8085 7958 8404
f 8492 8464 8498
f 8163 8436 8150
f 8376 8430 7974
f 8420 8075 8368
f 8276 8213 8212
f 8279 8241 8240
f 8507 8512 8513
f 8350 8188 8104
f 8242 8239 8241
f 8480 8021 8289
f 8524 7959 8295
f 8441 8493 8157
f 8203 8205 8238
f 8246 8526 8159
f 7997 8479 8137
f 8195 8066 8193
f 7985 8282 7986
f 8295 7959 8084
f 8519 8520 8258
f 8446 8471 8505
f 8212 8462 8276
f 8287 8377 8247
f 8239 7963 7965
f 8245 8497 8429
f 8443 8317 8424
f 8286 8377 8287
f 8230 8490 8142
f 8484 8100 8309
f 8423 7980 8033
f 8499 8177 8292
f 8204 8203 8228
f 8079 8091 8527
f 8339 8144 8196
f 8078 8472 8252
f 8177 8259 8178
f 8091 8506 8089
f 8033 7980 7979
f 8528 8143 8111
f 8356 8529 8357
f 8530 8426 8367
f 7958 8409 8421
f 8347 8346 8283
f 7967 7966 8230
f 8182 8181 8514
f 8187 8240 8104
f 8531 8493 8441
f 8521 8525 8486
f 8181 8232 8514
f 8128 8127 8183
f 8441 8522 8531
f 8248 8313 8075
f 8255 8532 8253
f 8523 8079 8527
f 7973 7972 8432
f 8019 8350 8163
f 8139 8387 8385
f 8522 8394 8485
f 8521 8288 8533
f 8053 8509 8515
f 8516 8528 8088
f 7976 7975 8487
f 8012 8457 8016
f 7965 8273 8096
f 8396 8421 8397
f 8520 8088 8528
f 8443 8424 8534
f 8367 8075 8002
f 8103 8104 7965
f 8522 8441 8395
f 7979 7966 8293
f 7958 7956 8496
f 8477 8395 8442
f 8471 8233 8505
f 8526 8246 8502
f 8248 8511 8438
f 8021 8026 8288
f 8492 8158 8493
f 8525 8521 8467
f 8205 8203 8206
f 8091 8225 8527
f 8377 8129 8128
f 8011 8174 8265
f 7961 7960 8299
f 8535 8424 8365
f 8066 8472 8080
f 8536 8523 8527
f 8449 8032 8293
f 8514 8232 8231
f 8378 8084 8085
f 8339 8269 8145
f 8141 8507 8142
f 8521 8465 8467
f 8240 8239 8104
f 8492 8491 8445
f 8533 8288 8537
f 7961 8299 8275
f 8026 8537 8288
f 8096 8142 8490
f 8533 8537 8465
f 8494 8485 8448
f 8370 8070 8249
f 8149 8233 8475
f 8205 8168 8223
f 8192 8436 8104
f 8410 8465 8537
f 8536 8151 7955
f 8104 8239 7965
f 8424 8535 8534
f 8446 8506 8116
f 7946 8409 8008
f 8537 8026 8028
f 7986 8282 8283
f 8521 8533 8465
f 8410 8537 8028
f 8069 7974 7992
f 8538 8053 8539
f 8540 8493 8531
f 8538 8509 8053
f 8242 8182 8231
f 8411 8067 8084
f 8088 8512 8516
f 8267 8031 8215
f 8268 8196 8261
f 8522 8036 8531
f 8528 8516 8517
f 8213 8276 8456
f 8448 8520 8495
f 8111 8520 8528
f 8444 8508 8097
f 8509 8541 8476
f 8137 8500 8489
f 8509 8538 8541
f 8194 8314 8101
f 8290 8538 8539
f 8010 8224 8011
f 8450 7983 7982
f 8523 8536 8524
f 8409 8496 8008
f 8178 8197 8176
f 7946 8372 8397
f 8542 8290 7990
f 8543 8285 8284
f 8480 8180 8179
f 8480 8179 8021
f 7975 8525 8488
f 8502 8544 8526
f 8400 8545 8546
f 8274 8096 8273
f 8464 8492 8445
f 8115 8283 8346
f 8233 8089 8505
f 8148 8287 8247
f 8472 7984 8252
f 8510 8515 8509
f 8012 8098 8457
f 8300 8541 8160
f 8542 8538 8290
f 8486 8289 8521
f 8089 8506 8505
f 7961 8275 7962
f 8542 7990 8546
f 8453 7988 8547
f 8476 8300 8162
f 8496 7956 8150
f 8506 8078 8116
f 8539 8013 8059
f 8540 8491 8493
f 8273 8451 7970
f 8485 7969 8522
f 8082 8081 8125
f 8507 8517 8516
f 8006 8049 8007
f 8201 8200 8228
f 8339 8145 8144
f 8400 8440 8160
f 7956 7959 8524
f 8545 8400 8160
f 8548 8278 7967
f 8206 8203 8241
f 8036 8540 8531
f 8067 8295 8084
f 7989 8126 7987
f 8166 8126 8175
f 8080 8296 8066
f 7969 8036 8522
f 8269 8347 8145
f 8545 8542 8546
f 8143 8528 8517
f 8053 8014 8013
f 8542 8545 8541
f 7981 8121 7982
f 8078 8506 8079
f 8252 8283 8115
f 8479 8543 8137
f 8295 8296 8524
f 8281 8257 8256
f 8545 8160 8541
f 8539 8059 8290
f 8339 8196 8268
f 8504 8544 8502
f 8101 8314 8307
f 8065 8431 8356
f 8159 8526 8157
f 8538 8542 8541
f 8259 8261 8196
f 8000 8076 8291
f 8272 8310 8479
f 8495 8520 8111
f 8242 8241 8203
f 8416 8035 8102
f 8532 8255 8417
f 7957 8524 8536
f 8225 8151 8536
f 8549 8550 8551
f 8090 8225 8091
f 8552 8553 8554
f 8336 8555 8556
f 8557 8558 8559
f 8543 8500 8137
f 8412 8197 8363
f 8560 8561 8562
f 8202 8109 8056
f 8461 8483 8482
f 8396 8372 8373
f 8105 8107 8563
f 8564 8565 8566
f 8496 8409 7958
f 8567 8559 8568
f 8371 8370 8373
f 8474 8473 8051
f 8051 8567 8569
f 8570 8571 8572
f 8473 8573 8051
f 8296 8079 8523
f 8574 8015 7993
f 8561 8575 8562
f 8276 8462 7962
f 8278 8418 7968
f 8560 8562 8576
f 8427 8426 8577
f 8398 8399 8381
f 8561 8578 8575
f 8337 8579 8460
f 8580 8562 8581
f 8582 8568 8583
f 8584 8585 8570
f 8316 8312 8406
f 8586 8587 8588
f 7971 8451 8459
f 8576 8589 8560
f 8590 8565 8564
f 8482 8429 8461
f 8587 8591 8588
f 7995 8006 7996
f 8577 8454 8427
f 8460 8592 8501
f 8553 8582 8549
f 7993 8593 8594
f 8285 8212 8214
f 8588 8595 8586
f 8566 8559 8573
f 8422 8380 8008
f 8376 8070 8370
f 8278 8548 8419
f 8592 8591 8589
f 8390 8015 8574
f 8567 8573 8559
f 8113 8049 8006
f 8035 8034 8459
f 8002 8596 8597
f 8598 8599 8600
f 8601 8602 8583
f 8007 7988 7996
f 8364 8359 8455
f 8582 8583 8549
f 8603 8589 8591
f 8199 8184 8173
f 8530 8002 8597
f 8577 8572 8406
f 8582 8569 8567
f 8484 8195 8100
f 8251 8547 8048
f 8570 8585 8552
f 8573 8473 8566
f 8600 8604 8553
f 8258 8520 8448
f 8109 7995 8056
f 8500 8543 8284
f 8121 7994 7987
f 7989 8083 8082
f 8605 8001 8574
f 8601 8580 8581
f 8430 8415 7947
f 8606 8579 8607
f 8268 8261 8260
f 8312 8454 8577
f 8608 8609 8610
f 8601 8581 8611
f 8612 8584 8613
f 8554 8553 8549
f 8583 8568 8559
f 7981 8202 8056
f 8566 8565 8557
f 7993 8594 8574
f 8614 8612 8613
f 8588 8591 8615
f 8556 8337 8336
f 8577 8426 8613
f 8575 8578 8616
f 8035 8491 8540
f 8605 8617 8596
f 8215 8031 8207
f 8148 8247 8200
f 7986 8283 8252
f 7977 7976 8180
f 8301 8378 8405
f 8487 7954 8515
f 8594 8605 8574
f 8584 8577 8613
f 8013 8539 8053
f 8549 8583 8550
f 8526 8544 8477
f 8477 8544 8504
f 8460 8591 8592
f 8593 8605 8594
f 8591 8460 8618
f 8600 8552 8585
f 8121 7987 8126
f 8354 8379 7947
f 7988 8453 7989
f 8300 8476 8541
f 8526 8442 8157
f 8110 8109 8202
f 8560 8589 8603
f 8046 8546 7992
f 8452 7985 7984
f 8572 8365 8406
f 8585 8584 8598
f 8504 8503 8243
f 8390 8574 8001
f 8502 8246 8481
f 8005 8004 8173
f 8056 7994 8121
f 8186 8185 8272
f 8184 8186 8005
f 8491 8416 8445
f 8600 8553 8552
f 8577 8584 8570
f 8546 8045 8400
f 8553 8604 8569
f 8546 8046 8045
f 8612 8599 8598
f 8501 8592 8590
f 8052 8604 8605
f 8474 8051 8050
f 8553 8569 8582
f 8619 8620 8611
f 8618 8460 8579
f 8605 8593 8052
f 8569 8604 8052
f 8084 8378 8314
f 8003 8171 8004
f 7974 7973 8046
f 8571 8570 8619
f 8487 8515 7976
f 8487 7975 8488
f 8576 8565 8590
f 8554 8570 8552
f 8597 8612 8614
f 8415 8372 7948
f 8141 8517 8507
f 7995 8109 8006
f 8621 8583 8559
f 7990 7992 8546
f 8556 8579 8337
f 8576 8590 8589
f 8483 8461 8478
f 8488 8525 7952
f 8602 8550 8583
f 8620 8551 8550
f 8052 8051 8569
f 8548 7967 8131
f 8558 8562 8580
f 7976 8510 8208
f 8602 8601 8611
f 8616 8611 8575
f 7970 7969 8494
f 8280 8256 8218
f 8572 8577 8570
f 8418 8388 8449
f 8001 8596 8002
f 8550 8602 8620
f 8036 8035 8540
f 8258 8234 8518
f 8313 8248 8321
f 8051 8573 8567
f 8596 8001 8605
f 8558 8601 8621
f 8433 8375 8139
f 8365 8572 8535
f 8621 8559 8558
f 8611 8620 8602
f 8561 8560 8622
f 8262 8044 8263
f 7957 7956 8524
f 8606 8595 8588
f 8616 8535 8571
f 8611 8616 8571
f 8557 8559 8566
f 8619 8551 8620
f 8350 8104 8436
f 8564 8566 8473
f 8583 8621 8601
f 8562 8575 8581
f 8547 8007 8048
f 8606 8588 8615
f 8593 8050 8052
f 8590 8564 8501
f 8590 8592 8589
f 8618 8615 8591
f 8504 8236 8477
f 7996 7988 7987
f 8121 8126 8166
f 8214 8532 8417
f 8600 8585 8598
f 8047 7973 8433
f 8236 8504 8243
f 8078 8252 8115
f 8088 8520 8086
f 8622 8560 8603
f 8245 8159 8158
f 8442 8526 8477
f 8622 8578 8561
f 8479 8310 8543
f 8591 8622 8603
f 8530 8613 8426
f 8596 8617 8599
f 8591 8587 8622
f 8615 8618 8579
f 8014 7954 7953
f 8579 8606 8615
f 8430 8376 8369
f 8050 8623 8467
f 8623 8050 8593
f 7952 8525 8623
f 8511 8420 8421
f 8479 8186 8272
f 8285 8543 8310
f 8612 8597 8599
f 8467 8623 8525
f 8146 8282 8455
f 8607 8579 8624
f 8430 7972 7974
f 8282 7985 8455
f 8556 8608 8625
f 8530 8614 8613
f 8263 8043 8256
f 8195 7984 8472
f 7999 8186 8479
f 8555 8608 8556
f 7965 8459 8273
f 8601 8558 8580
f 8571 8535 8572
f 8195 8484 7984
f 8609 8608 8555
f 8563 8336 8105
f 8047 8413 8401
f 8162 8209 8476
f 8002 8530 8367
f 8626 8609 8555
f 8336 8563 8626
f 8265 8012 8011
f 8143 8112 8111
f 8006 8109 8113
f 8597 8614 8530
f 8565 8558 8557
f 8568 8582 8567
f 8609 8529 8610
f 8529 8626 8357
f 8579 8556 8625
f 8626 8529 8609
f 8375 7972 8366
f 8264 8260 8265
f 8310 8311 8212
f 8111 7970 8495
f 8597 8596 8599
f 8357 8563 8119
f 8551 8570 8554
f 8357 8626 8563
f 8554 8549 8551
f 8571 8619 8611
f 8150 7955 8163
f 8611 8581 8575
f 8551 8619 8570
f 8605 8604 8617
f 8558 8576 8562
f 8604 8600 8617
f 8579 8625 8624
f 8195 8101 8100
f 7993 7952 8623
f 8565 8576 8558
f 8212 8311 8462
f 8470 8460 8501
f 7957 8536 7955
f 8600 8599 8617
f 8511 8421 8396
f 8380 8354 8008
f 8501 8564 8473
f 8116 8115 8346
f 8008 8496 8422
f 8612 8598 8584
f 8577 8406 8312
f 8336 8626 8555
f 8563 8107 8119
f 8312 8301 8454
f 8263 8256 8185
f 8283 8146 8145
f 7964 7963 8231
f 8458 8457 8098
f 8057 8185 8184
f 8229 8089 8233
f 8260 8177 8265
f 8007 8547 7988
f 8211 8071 8199
f 8137 7998 7997
f 8186 8003 8005
f 7954 8488 7952
f 8266 8223 8090
f 8225 8536 8527
f 8082 8126 7989
f 8090 8168 8225
f 8181 8183 8127
f 8003 8186 7999
f 8445 8127 8129
f 8012 8444 8097
f 7993 8623 8593
f 8173 8184 8005
f 8459 7965 7964
f 8510 7976 8515
f 8030 8180 8031
f 8263 8044 8043
f 8121 8167 7982
f 8418 8293 7968
f 8130 8507 8513
f 8014 7953 8015
f 8027 8021 8020
f 8491 8035 8416
f 8193 8066 8068
f 8421 8409 8397
f 8232 8102 7964
f 8095 8096 8490
f 8255 8500 8284
f 8039 8133 8221
f 8113 8165 8049
f 8272 8257 8310
f 8377 8463 8129
f 8142 8507 8230
f 8009 7947 7946
f 8627 8628 8629
f 8630 8631 8632
f 8633 8634 8627
f 8629 8633 8627
f 8633 8635 8634
f 8636 8637 8638
f 8627 8634 8639
f 8636 8639 8634
f 8638 8637 8640
f 8641 8631 8642
f 8630 8642 8631
f 8634 8635 8643
f 8643 8636 8634
f 8630 8644 8642
f 8640 8645 8632
f 8636 8638 8639
f 8640 8632 8631
f 8640 8637 8645
f 8646 8640 8631
f 8645 8630 8632
f 8646 8638 8640
f 8644 8641 8642
f 8643 8637 8636
f 8647 8648 8649
f 8650 8651 8652
f 8653 8654 8655
f 8656 8628 8627
f 8657 8658 8659
f 8660 8661 8662
f 8663 8664 8665
f 8666 8667 8668
f 8649 8648 8669
f 8652 8670 8671
f 8650 8671 8672
f 8673 8674 8675
f 8676 8652 8651
f 8677 8678 8679
f 8680 8681 8682
f 8683 8684 8685
f 8686 8687 8688
f 8689 8690 8691
f 8649 8692 8647
f 8693 8694 8695
f 8694 8696 8686
f 8679 8697 8677
f 8698 8699 8700
f 8701 8702 8703
f 8704 8705 8706
f 8707 8663 8687
f 8708 8709 8710
f 8664 8711 8712
f 8713 8714 8661
f 8715 8654 8716
f 8717 8718 8719
f 8661 8720 8721
f 8722 8723 8724
f 8725 8726 8727
f 8660 8717 8728
f 8661 8660 8728
f 8729 8730 8731
f 8732 8733 8693
f 8661 8714 8720
f 8734 8735 8736
f 8737 8738 8739
f 8740 8741 8742
f 8743 8744 8745
f 8731 8746 8747
f 8748 8727 8749
f 8750 8751 8651
f 8673 8752 8725
f 8650 8652 8671
f 8739 8738 8713
f 8674 8753 8653
f 8754 8717 8660
f 8720 8755 8756
f 8757 8754 8758
f 8759 8677 8697
f 8760 8761 8762
f 8763 8708 8764
f 8668 8765 8666
f 8756 8662 8721
f 8697 8662 8766
f 8754 8660 8758
f 8767 8768 8769
f 8686 8688 8694
f 8740 8742 8770
f 8771 8702 8706
f 8758 8697 8679
f 8683 8772 8668
f 8754 8724 8723
f 8773 8774 8677
f 8775 8646 8757
f 8776 8715 8676
f 8777 8667 8666
f 8778 8659 8707
f 8697 8758 8660
f 8779 8780 8781
f 8715 8782 8654
f 8777 8783 8784
f 8777 8785 8783
f 8786 8685 8787
f 8662 8756 8766
f 8788 8789 8772
f 8739 8717 8737
f 8705 8682 8771
f 8715 8783 8785
f 8790 8782 8715
f 8791 8792 8669
f 8667 8777 8784
f 8793 8792 8794
f 8789 8755 8795
f 8759 8786 8787
f 8795 8720 8796
f 8687 8694 8688
f 8728 8717 8739
f 8712 8711 8698
f 8797 8798 8647
f 8799 8775 8678
f 8655 8800 8675
f 8667 8784 8801
f 8784 8783 8802
f 8787 8685 8684
f 8765 8732 8666
f 8685 8772 8683
f 8772 8685 8788
f 8803 8804 8805
f 8806 8807 8808
f 8653 8802 8716
f 8769 8809 8807
f 8810 8740 8811
f 8714 8812 8813
f 8732 8785 8666
f 8814 8767 8769
f 8815 8784 8802
f 8816 8773 8787
f 8767 8817 8690
f 8818 8680 8770
f 8784 8819 8801
f 8677 8774 8678
f 8774 8681 8818
f 8800 8744 8675
f 8789 8788 8755
f 8799 8820 8628
f 8695 8694 8687
f 8639 8656 8627
f 8818 8742 8774
f 8681 8680 8818
f 8641 8644 8724
f 8702 8771 8703
f 8663 8648 8798
f 8720 8714 8796
f 8717 8723 8718
f 8732 8765 8733
f 8655 8675 8674
f 8753 8674 8673
f 8699 8711 8664
f 8759 8787 8677
f 8707 8687 8778
f 8683 8667 8801
f 8753 8821 8822
f 8820 8746 8823
f 8746 8741 8747
f 8824 8704 8706
f 8825 8753 8725
f 8741 8799 8678
f 8823 8746 8826
f 8812 8714 8713
f 8747 8741 8740
f 8742 8741 8678
f 8675 8827 8673
f 8725 8727 8825
f 8828 8808 8829
f 8717 8754 8723
f 8826 8746 8731
f 8682 8830 8831
f 8831 8770 8680
f 8832 8796 8714
f 8673 8827 8752
f 8778 8796 8657
f 8812 8833 8813
f 8651 8751 8776
f 8682 8705 8830
f 8811 8740 8831
f 8824 8821 8834
f 8655 8674 8653
f 8731 8740 8810
f 8689 8835 8836
f 8693 8733 8694
f 8837 8806 8828
f 8759 8697 8766
f 8779 8790 8776
f 8703 8816 8701
f 8728 8739 8713
f 8838 8811 8831
f 8799 8741 8820
f 8836 8831 8830
f 8705 8839 8830
f 8826 8730 8840
f 8693 8665 8664
f 8841 8842 8817
f 8824 8843 8704
f 8768 8843 8844
f 8838 8689 8845
f 8846 8847 8848
f 8754 8631 8641
f 8849 8840 8730
f 8791 8707 8659
f 8845 8850 8729
f 8847 8837 8848
f 8851 8701 8819
f 8829 8768 8852
f 8853 8843 8748
f 8844 8853 8848
f 8850 8845 8854
f 8668 8667 8683
f 8852 8844 8848
f 8783 8715 8716
f 8712 8670 8652
f 8709 8651 8650
f 8852 8848 8828
f 8809 8769 8768
f 8854 8845 8855
f 8855 8817 8842
f 8837 8828 8848
f 8787 8684 8816
f 8809 8808 8807
f 8668 8772 8789
f 8767 8814 8841
f 8723 8722 8718
f 8762 8806 8856
f 8664 8663 8798
f 8806 8808 8828
f 8796 8686 8696
f 8769 8857 8814
f 8775 8679 8678
f 8754 8757 8646
f 8824 8851 8821
f 8839 8768 8767
f 8788 8685 8786
f 8769 8761 8857
f 8731 8730 8826
f 8727 8748 8843
f 8713 8661 8728
f 8806 8762 8761
f 8793 8794 8803
f 8663 8695 8687
f 8783 8716 8802
f 8760 8762 8858
f 8802 8653 8753
f 8699 8664 8797
f 8657 8659 8778
f 8733 8696 8694
f 8681 8703 8771
f 8779 8751 8780
f 8825 8859 8821
f 8792 8791 8794
f 8664 8798 8797
f 8705 8771 8706
f 8805 8860 8861
f 8799 8646 8775
f 8815 8819 8784
f 8713 8738 8812
f 8804 8803 8862
f 8650 8672 8735
f 8651 8776 8676
f 8683 8801 8684
f 8805 8793 8803
f 8790 8715 8776
f 8781 8780 8708
f 8752 8726 8725
f 8652 8676 8693
f 8756 8755 8786
f 8832 8714 8813
f 8804 8860 8805
f 8670 8712 8698
f 8755 8788 8786
f 8710 8863 8764
f 8707 8791 8663
f 8703 8681 8773
f 8782 8790 8745
f 8864 8865 8863
f 8865 8866 8863
f 8863 8710 8864
f 8864 8710 8867
f 8720 8756 8721
f 8780 8709 8708
f 8790 8779 8745
f 8812 8737 8833
f 8829 8852 8828
f 8696 8733 8765
f 8802 8822 8815
f 8868 8833 8737
f 8738 8737 8812
f 8831 8836 8835
f 8839 8843 8768
f 8706 8702 8851
f 8687 8686 8778
f 8851 8702 8701
f 8719 8737 8717
f 8774 8773 8681
f 8801 8819 8684
f 8822 8802 8753
f 8735 8709 8650
f 8789 8795 8765
f 8785 8693 8676
f 8768 8829 8808
f 8813 8657 8832
f 8673 8725 8753
f 8698 8711 8699
f 8819 8822 8851
f 8665 8695 8663
f 8810 8811 8838
f 8852 8768 8844
f 8819 8815 8822
f 8750 8651 8709
f 8647 8869 8797
f 8655 8654 8782
f 8695 8665 8693
f 8796 8832 8657
f 8735 8734 8709
f 8782 8800 8655
f 8781 8708 8763
f 8749 8726 8870
f 8765 8795 8696
f 8819 8701 8684
f 8700 8736 8735
f 8847 8846 8749
f 8663 8791 8648
f 8691 8690 8817
f 8782 8745 8800
f 8775 8758 8679
f 8710 8709 8734
f 8843 8853 8844
f 8656 8799 8628
f 8670 8698 8672
f 8771 8682 8681
f 8729 8849 8730
f 8693 8785 8732
f 8742 8678 8774
f 8786 8766 8756
f 8689 8691 8845
f 8805 8861 8669
f 8731 8747 8740
f 8795 8796 8696
f 8743 8745 8781
f 8775 8757 8758
f 8779 8776 8751
f 8718 8722 8719
f 8749 8870 8847
f 8698 8700 8735
f 8680 8682 8831
f 8676 8715 8785
f 8761 8807 8806
f 8846 8748 8749
f 8690 8839 8767
f 8846 8848 8853
f 8716 8654 8653
f 8721 8662 8661
f 8639 8799 8656
f 8672 8698 8735
f 8670 8672 8671
f 8712 8652 8693
f 8649 8669 8861
f 8724 8754 8641
f 8794 8658 8862
f 8764 8708 8710
f 8807 8761 8769
f 8689 8838 8835
f 8720 8795 8755
f 8658 8794 8659
f 8805 8792 8793
f 8693 8664 8712
f 8628 8820 8823
f 8798 8648 8647
f 8816 8703 8773
f 8658 8871 8862
f 8872 8873 8874
f 8875 8876 8877
f 8874 8873 8878
f 8879 8880 8872
f 8881 8873 8872
f 8882 8883 8884
f 8885 8873 8886
f 8887 8888 8889
f 8872 8874 8879
f 8890 8886 8891
f 8887 8881 8892
f 8878 8893 8894
f 8895 8880 8879
f 8878 8894 8874
f 8896 8892 8881
f 8897 8898 8883
f 8885 8893 8878
f 8891 8873 8881
f 8896 8888 8892
f 8896 8880 8899
f 8637 8643 8882
f 8900 8901 8724
f 8880 8895 8902
f 8887 8884 8881
f 8874 8894 8879
f 8873 8891 8886
f 8872 8880 8896
f 8900 8903 8889
f 8881 8872 8896
f 8902 8904 8899
f 8901 8900 8889
f 8897 8883 8643
f 8884 8891 8881
f 8882 8884 8887
f 8887 8892 8888
f 8903 8630 8645
f 8888 8896 8899
f 8891 8884 8883
f 8637 8882 8887
f 8899 8880 8902
f 8888 8899 8877
f 8904 8905 8899
f 8890 8891 8898
f 8883 8898 8891
f 8887 8645 8637
f 8887 8889 8903
f 8882 8643 8883
f 8885 8878 8873
f 8889 8888 8906
f 8877 8899 8905
f 8886 8890 8907
f 8906 8901 8889
f 8903 8645 8887
f 8877 8905 8875
f 8888 8877 8876
f 8630 8903 8900
f 8906 8888 8876
f 8908 8886 8907
f 8875 8909 8876
f 8910 8908 8907
f 8906 8876 8909
f 8724 8644 8900
f 8900 8644 8630
f 8855 8845 8691
f 8893 8885 8911
f 8701 8816 8684
f 8912 8913 8914
f 8915 8916 8917
f 8918 8919 8920
f 8921 8922 8923
f 8924 8925 8926
f 8927 8928 8929
f 8930 8931 8932
f 8933 8934 8935
f 8936 8937 8938
f 8939 8940 8925
f 8941 8942 8943
f 8944 8945 8946
f 8860 8947 8948
f 8949 8950 8951
f 8952 8912 8914
f 8861 8860 8948
f 8953 8954 8955
f 8956 8957 8958
f 8710 8734 8867
f 8959 8955 8960
f 8692 8869 8647
f 8930 8932 8961
f 8962 8868 8963
f 8808 8809 8768
f 8951 8937 8964
f 8965 8966 8967
f 8968 8935 8969
f 8970 8862 8971
f 8972 8936 8973
f 8961 8960 8974
f 8957 8956 8975
f 8976 8894 8893
f 8871 8658 8657
f 8977 8978 8979
f 8980 8981 8982
f 8983 8984 8980
f 8985 8986 8804
f 8987 8918 8920
f 8942 8988 8989
f 8978 8990 8979
f 8991 8960 8954
f 8967 8992 8965
f 8986 8993 8994
f 8995 8996 8997
f 8981 8985 8982
f 8990 8998 8999
f 8997 9000 8995
f 9001 9002 8980
f 8987 9003 8918
f 9004 9005 8931
f 8958 8957 9003
f 8917 9006 8915
f 9007 9008 9009
f 8833 8871 8813
f 8993 9010 8994
f 9011 9012 9013
f 9014 8983 8927
f 8954 8929 8991
f 9015 8946 8945
f 8985 8993 8986
f 9016 8868 8737
f 8970 8975 8804
f 9017 9018 8941
f 8989 8933 9019
f 8804 8862 8970
f 8985 8979 8993
f 8943 9020 9017
f 9021 9009 8916
f 8742 8818 8770
f 8994 8947 8986
f 8934 9022 9023
f 8942 8941 8988
f 9006 8998 8990
f 8979 8985 8977
f 8925 8940 8926
f 8963 9022 9024
f 8971 8918 9025
f 8999 9010 8993
f 9026 9018 9017
f 8985 8956 8982
f 9024 9022 8934
f 8975 8956 8985
f 9027 8932 9005
f 8913 8912 9028
f 8971 8919 8918
f 8989 9019 9029
f 9009 8929 9030
f 8985 8981 8977
f 9001 8982 8956
f 8931 8930 8997
f 9018 9026 9024
f 8938 8973 8936
f 8905 8904 9031
f 8966 8965 8923
f 8982 9001 8980
f 8978 8980 8915
f 8941 9018 8988
f 8794 8862 8803
f 8933 9018 9024
f 9028 8944 8913
f 8958 9013 9001
f 8977 8981 8978
f 8971 8957 8975
f 8919 8862 8871
f 9029 8942 8989
f 8954 8953 9030
f 9032 8991 8928
f 8998 8917 9033
f 8963 9034 9022
f 8951 8964 9035
f 9036 9037 9038
f 9039 8940 8939
f 8915 9006 8978
f 8975 8985 8804
f 8958 9011 9013
f 8984 8915 8980
f 9013 9002 9001
f 9011 8942 9012
f 8960 8991 8974
f 9033 9008 9040
f 8969 9041 8968
f 8953 8955 8959
f 8934 9023 9042
f 9009 9014 8927
f 8996 9029 9043
f 9044 8909 8875
f 8936 8972 9045
f 8919 8871 8920
f 9041 8913 9046
f 9003 8957 9025
f 9009 8927 8929
f 9047 8938 8950
f 8990 8978 9006
f 8705 8704 8839
f 9040 8998 9033
f 8917 8916 9033
f 9011 8958 9020
f 8983 9002 8928
f 8926 9048 9049
f 9050 9051 9052
f 9017 8941 8943
f 9045 9053 9054
f 8860 8804 8947
f 9030 8929 8954
f 8904 8902 9055
f 9041 9047 8914
f 8834 8843 8824
f 9049 8973 9056
f 8970 8971 8975
f 8926 8940 9048
f 8980 9002 8983
f 9008 9033 8916
f 8937 8950 8938
f 9057 8915 8984
f 9032 9002 8995
f 8916 8915 9057
f 8986 8947 8804
f 9003 9017 9020
f 8965 9058 8976
f 8928 9002 9032
f 8993 8990 8999
f 8928 8927 8983
f 8933 8989 8988
f 9001 8956 8958
f 9042 8924 8934
f 9047 9041 9056
f 8971 8862 8919
f 9028 8945 8944
f 9026 8963 9024
f 9021 9057 8984
f 9017 8987 9026
f 9057 9021 8916
f 8908 8885 8886
f 9017 9003 8987
f 8943 8942 9011
f 8995 9013 9012
f 8995 8974 9032
f 8750 8780 8751
f 8963 8987 8962
f 8962 8987 8920
f 8962 8920 8833
f 8924 8935 8934
f 9059 8875 9060
f 8895 9055 8902
f 8958 9003 9020
f 8974 8995 9000
f 8991 9032 8974
f 9021 9014 9009
f 8838 8831 8835
f 8962 8833 8868
f 8913 8944 9046
f 8690 8689 8836
f 8745 8779 8781
f 8825 8727 8859
f 8918 9003 9025
f 8969 8926 9049
f 9029 8996 9012
f 8930 9000 8997
f 8974 9000 8961
f 8968 9041 9046
f 9041 9049 9056
f 9012 8942 9029
f 8868 9039 8939
f 9043 8997 8996
f 9061 9062 9016
f 8885 8908 8911
f 8961 9000 8930
f 9020 8943 9011
f 8945 9004 9015
f 9025 8957 8971
f 8925 9042 9034
f 8988 9018 8933
f 8997 9043 8931
f 9019 9043 9029
f 8955 8954 8960
f 8960 8961 8959
f 8946 9046 8944
f 8924 8926 8969
f 8922 9063 9064
f 8938 9047 9056
f 8931 9043 9004
f 9004 9043 9019
f 9005 8932 8931
f 8868 9016 9062
f 9059 9044 8875
f 8984 8983 9014
f 8934 8933 9024
f 9056 8973 8938
f 8933 8946 9019
f 9019 9015 9004
f 8917 8998 9006
f 9015 9019 8946
f 9026 8987 8963
f 8780 8750 8709
f 9048 9059 9060
f 9005 9004 8945
f 9005 9028 9027
f 8868 8939 8963
f 8984 9014 9021
f 9034 8963 8939
f 8868 9062 9039
f 8853 8748 8846
f 8845 8729 8810
f 8912 8952 9065
f 8669 8792 8805
f 8935 8924 8969
f 9034 9042 9023
f 9034 8939 8925
f 9046 8946 8935
f 9066 9039 9062
f 9061 9066 9062
f 9061 9016 8719
f 9028 9005 8945
f 8925 8924 9042
f 9038 9031 9055
f 9067 9055 8895
f 9046 8935 8968
f 9044 9039 9066
f 9068 9061 8719
f 9068 9069 9061
f 8677 8787 8773
f 9061 8909 9066
f 8933 8935 8946
f 9044 8940 9039
f 8836 8839 8690
f 8830 8839 8836
f 8909 9061 9069
f 8737 8719 9016
f 8978 8981 8980
f 8794 8791 8659
f 8990 8993 8979
f 8841 8817 8767
f 8991 8929 8928
f 8810 8838 8845
f 9044 9059 8940
f 8995 9002 9013
f 8646 8631 8754
f 8909 9044 9066
f 9022 9034 9023
f 9068 8722 9069
f 9069 8906 8909
f 9049 9041 8969
f 8914 8913 9041
f 8940 9059 9048
f 8996 8995 9012
f 8722 9068 8719
f 9069 8722 8901
f 9054 9053 9070
f 9008 8916 9009
f 9049 9048 9071
f 8722 8724 8901
f 8855 8842 8854
f 8638 8646 8639
f 8871 8833 8920
f 8973 9049 9071
f 9067 9072 9055
f 8950 8914 9047
f 8914 8950 8952
f 9060 8875 9073
f 8660 8662 8697
f 9074 9071 9048
f 9075 8973 9071
f 8949 9065 8952
f 8901 8906 9069
f 9060 9074 9048
f 9071 9074 9075
f 8799 8639 8646
f 8972 8973 9075
f 8686 8796 8778
f 8950 8949 8952
f 9073 8875 8905
f 9073 9076 9060
f 8843 8859 8727
f 8843 8839 8704
f 9074 9060 9076
f 9074 9037 9075
f 9077 8972 9075
f 8937 8951 8950
f 9031 9073 8905
f 9076 9073 9031
f 8937 8936 8964
f 9076 9037 9074
f 9075 9037 9077
f 8972 9077 9053
f 8951 9078 8949
f 9031 9038 9076
f 9045 8964 8936
f 9053 9045 8972
f 9038 9037 9076
f 8895 9058 8992
f 9077 9037 9036
f 9077 9070 9053
f 9078 8951 9035
f 9045 9035 8964
f 9070 9077 9036
f 9038 9055 9072
f 8691 8817 8855
f 9035 9045 9054
f 9072 9036 9038
f 9036 9079 9070
f 9080 9054 9070
f 9054 9080 9035
f 9036 9072 9079
f 8657 8813 8871
f 8965 8976 8923
f 9070 9079 9080
f 9072 9067 9081
f 9081 9079 9072
f 9080 9079 9082
f 9067 9083 9081
f 8859 8834 8821
f 9081 9084 9079
f 9082 9079 9084
f 8895 9083 9067
f 9083 9050 9081
f 8850 8849 8729
f 9084 9081 9050
f 9050 9083 8992
f 9050 9052 9084
f 9083 8895 8992
f 8879 9058 8895
f 9051 9050 8992
f 8879 8894 9058
f 8992 8967 9051
f 9058 8965 8992
f 8894 8976 9058
f 8893 8923 8976
f 8967 8966 9085
f 8923 8893 8921
f 8923 8922 8966
f 8921 8893 8911
f 8966 8922 9085
f 9086 8921 8911
f 8921 9086 8922
f 9085 8922 9064
f 8911 8908 9086
f 9087 8922 9086
f 9086 8908 8910
f 9063 8922 9087
f 8910 9087 9086
f 9088 9064 9063
f 8904 9055 9031
f 8669 8648 8791
f 8824 8706 8851
f 8822 8821 8851
f 8858 8762 8856
f 8745 8744 8800
f 8777 8666 8785
f 8859 8843 8834
f 8741 8746 8820
f 8786 8759 8766
f 8726 8749 8727
f 8740 8770 8831
f 8821 8753 8825
f 8765 8668 8789
f 8731 8810 8729
f 9089 9090 9091
f 9092 9093 9094
f 9095 9092 9096
f 9097 9098 9099
f 9100 9101 9102
f 9103 9104 9105
f 9091 9106 9107
f 9108 9100 9102
f 9109 9110 9111
f 9112 9113 9094
f 9114 9115 9095
f 9116 9117 9118
f 9119 9120 9121
f 9122 9123 9124
f 9125 9126 9127
f 9111 9128 9100
f 9129 9093 9130
f 9096 9114 9095
f 9131 9132 9103
f 9133 9134 9135
f 9111 9136 9109
f 9137 9138 9139
f 9140 9141 9142
f 9123 9118 9143
f 9144 9145 9146
f 9147 9107 9148
f 9149 9150 9151
f 9152 9153 9154
f 9105 9155 9103
f 9156 9157 9158
f 9102 9136 9108
f 9159 9122 9124
f 9160 9094 9135
f 9120 9119 9161
f 9162 9139 9163
f 9164 9107 9165
f 9166 9007 9030
f 9167 9168 9098
f 9169 9170 9139
f 9171 9145 9172
f 9173 9174 9175
f 9176 9007 9177
f 9178 9179 9180
f 9181 9164 9165
f 9182 9183 9155
f 9103 9155 9131
f 9184 9185 9186
f 9187 9172 9145
f 9128 9188 9189
f 9170 9169 9190
f 9191 9192 9193
f 9173 9194 9174
f 9185 9195 9196
f 9123 9122 9118
f 9197 9198 9199
f 9106 9165 9107
f 9200 9201 9202
f 9203 9196 9195
f 9116 9204 9205
f 8961 9206 9207
f 9208 9143 9209
f 9118 9210 9116
f 9153 9089 9211
f 9201 9212 9202
f 9122 9210 9118
f 9116 9210 9213
f 9214 9215 9216
f 9209 9118 9117
f 9197 9140 9217
f 9146 9145 9218
f 9186 9196 9179
f 9186 9219 9220
f 9030 9007 9009
f 9178 9219 9186
f 9142 9217 9140
f 9163 9139 9170
f 9117 9221 9209
f 9117 9116 9205
f 9222 9147 9223
f 9215 9214 9139
f 9137 9139 9214
f 9186 9179 9178
f 9209 9221 9199
f 9221 9117 9205
f 9199 9221 9132
f 9190 9148 9224
f 9175 9179 9225
f 9226 9093 9227
f 9199 9132 9131
f 9132 9221 9205
f 9220 9228 9229
f 9230 9231 9232
f 9179 9175 9180
f 9233 9101 9151
f 9234 9235 9236
f 9237 9102 9101
f 9122 9238 9239
f 9205 9233 9132
f 9204 9101 9233
f 9094 9160 9096
f 9240 9241 9242
f 9243 9203 9195
f 9131 9197 9199
f 9198 9197 9244
f 9197 9131 9155
f 9233 9151 9132
f 9152 9168 9153
f 9156 9167 9098
f 9108 9136 9111
f 9185 9196 9186
f 9244 9197 9217
f 9151 9101 9100
f 9106 9091 9090
f 9219 9245 9220
f 9246 9227 9247
f 9233 9205 9204
f 9127 9248 9125
f 9110 9109 9249
f 9115 9165 9250
f 9064 9251 9085
f 9252 9218 9253
f 9254 9255 9256
f 9104 9150 9105
f 9146 9252 9144
f 9257 9258 9259
f 9151 9150 9104
f 9260 9261 9262
f 9263 9264 9262
f 9100 9133 9151
f 9265 9255 9263
f 9241 9240 9266
f 9267 9263 9268
f 9085 9269 9270
f 9271 9259 9272
f 9273 9274 9265
f 9256 9275 9254
f 9232 9276 9230
f 9277 9278 9257
f 9279 9193 9280
f 9263 9262 9268
f 9275 9281 9260
f 9249 9256 9282
f 9238 9229 9228
f 9209 9199 9198
f 9283 9284 9285
f 9249 9275 9256
f 9260 9262 9264
f 9286 9287 9288
f 9289 9110 9249
f 9282 9256 9290
f 9270 9251 9286
f 9128 9133 9100
f 9291 9292 9234
f 9257 9259 9277
f 9140 9197 9293
f 9284 9283 9294
f 9295 9279 9296
f 9112 9105 9150
f 9182 9155 9105
f 9297 9267 9298
f 9293 9155 9183
f 9299 9082 9300
f 9261 9260 9281
f 9301 9129 9250
f 9302 9261 9281
f 9109 9252 9275
f 9251 9269 9085
f 9289 9249 9282
f 9147 9222 9107
f 9303 9258 9286
f 9263 9267 9265
f 9265 9288 9255
f 9278 9294 9304
f 9228 9245 9238
f 9282 9240 9289
f 9305 9065 9280
f 9261 9306 9307
f 9308 9238 9245
f 9309 9298 9268
f 9275 9249 9109
f 9194 9236 9174
f 9252 9281 9275
f 9251 9303 9286
f 9270 9288 9265
f 9267 9299 9300
f 9251 9270 9269
f 9287 9255 9288
f 9240 9282 9266
f 9310 9290 9311
f 9312 9084 9052
f 9313 9314 9219
f 9270 9286 9288
f 9298 9309 9296
f 9240 9189 9289
f 9264 9275 9260
f 9315 9316 9317
f 9140 9293 9183
f 9318 9216 9284
f 9300 9265 9267
f 9105 9112 9182
f 9297 9080 9299
f 9165 9106 9276
f 9084 9312 9082
f 9196 9203 9225
f 9273 9265 9300
f 9202 9319 9200
f 9265 9274 9270
f 9320 9296 9307
f 9262 9261 9309
f 9255 9311 9290
f 9321 9255 9258
f 9309 9261 9307
f 9126 9242 9241
f 9300 9082 9312
f 9283 9304 9294
f 9248 9114 9096
f 9322 9142 9141
f 9261 9302 9306
f 9298 9267 9268
f 9323 9320 9324
f 9316 9294 9278
f 9255 9254 9264
f 9180 9175 9174
f 9274 9273 9325
f 9189 9188 9110
f 9279 9298 9296
f 9224 9170 9190
f 9251 9272 9259
f 9189 9133 9128
f 9183 9226 9246
f 9213 9204 9116
f 9183 9141 9140
f 9078 9298 9279
f 9299 9267 9297
f 9164 9114 9170
f 9167 9089 9153
f 9274 9085 9270
f 9141 9183 9246
f 9215 9163 9127
f 9161 9169 9139
f 9258 9257 9278
f 9287 9286 9258
f 9326 9327 9137
f 9268 9262 9309
f 9266 9283 9285
f 9209 9198 9208
f 9266 9285 9241
f 9035 9297 9078
f 9134 9133 9242
f 9246 9322 9141
f 9296 9320 9295
f 9229 9238 9159
f 9051 8967 9274
f 9325 9052 9051
f 9138 9137 9328
f 9258 9278 9304
f 9242 9189 9240
f 9329 9330 9302
f 9254 9275 9264
f 9251 9259 9303
f 9320 9307 9330
f 9035 9080 9297
f 9264 9263 9255
f 9216 9326 9214
f 9279 9280 8949
f 9325 9312 9052
f 9309 9307 9296
f 9279 8949 9078
f 8932 9027 9331
f 9294 9318 9284
f 9246 9247 9332
f 9214 9326 9137
f 9271 9277 9259
f 9258 9303 9259
f 9164 9148 9107
f 9304 9283 9311
f 9212 9225 9203
f 9318 9294 9316
f 9241 9285 9215
f 9094 9113 9135
f 9235 9333 9236
f 9273 9300 9312
f 9065 8949 9280
f 9285 9284 9215
f 9332 9322 9246
f 9306 9302 9330
f 9251 9064 9272
f 9258 9255 9287
f 9334 9227 9129
f 9316 9315 9318
f 9311 9255 9304
f 9271 9335 9277
f 9314 9336 9337
f 9198 9244 9208
f 9328 9137 9327
f 9338 9315 9317
f 9203 9243 9212
f 9339 9326 9216
f 9339 9318 9315
f 9314 9245 9219
f 9064 9088 9272
f 9143 9118 9209
f 9317 9278 9277
f 9315 9326 9339
f 9317 9277 9335
f 9138 9161 9139
f 9326 9315 9340
f 9255 9290 9256
f 9290 9310 9282
f 9315 9338 9340
f 9178 9341 9219
f 9283 9310 9311
f 9274 9325 9051
f 9312 9325 9273
f 9247 9334 9342
f 9113 9150 9149
f 9085 9274 8967
f 9228 9220 9245
f 9258 9304 9321
f 9164 9224 9148
f 9248 9096 9160
f 9164 9170 9224
f 9179 9196 9225
f 9027 9192 9343
f 9110 9188 9111
f 9334 9231 9342
f 9225 9212 9173
f 9314 9308 9245
f 9223 9148 9190
f 9223 9119 9121
f 9232 9231 9334
f 9133 9149 9151
f 9248 9127 9163
f 9125 9242 9126
f 9126 9241 9215
f 9095 9130 9093
f 9134 9248 9160
f 9180 9174 9333
f 9319 9030 8953
f 9082 9299 9080
f 9129 9344 9334
f 9298 9078 9297
f 9344 9232 9334
f 9160 9135 9134
f 9216 9215 9284
f 9093 9129 9227
f 9124 9229 9159
f 9326 9340 9327
f 9130 9095 9115
f 9248 9163 9114
f 9135 9149 9133
f 9310 9266 9282
f 9133 9189 9242
f 9115 9114 9181
f 9115 9250 9130
f 9114 9164 9181
f 9216 9318 9339
f 9330 9307 9306
f 9165 9115 9181
f 9193 9279 9295
f 9321 9304 9255
f 9345 9346 9291
f 9278 9317 9316
f 9184 9186 9220
f 9310 9283 9266
f 9276 9344 9301
f 9237 9213 9337
f 9344 9129 9301
f 9219 9341 9313
f 9173 9345 9291
f 9180 9333 9347
f 9174 9236 9333
f 9173 9212 9201
f 9313 9336 9314
f 9308 9314 9337
f 9166 9348 9349
f 9238 9308 9239
f 9122 9159 9238
f 9165 9301 9250
f 9348 9202 9212
f 9163 9170 9114
f 9158 9350 9156
f 9349 9212 9243
f 9350 9090 9089
f 9351 9234 9292
f 9166 9319 9348
f 9206 9346 9200
f 9276 9090 9230
f 9346 9345 9201
f 9215 9162 9163
f 9242 9125 9134
f 9347 9178 9180
f 9319 8959 9200
f 9104 9103 9132
f 9341 9178 9171
f 9352 9353 9329
f 9336 9313 9341
f 8912 9065 9305
f 9227 9334 9247
f 9333 9324 9347
f 9173 9201 9345
f 9337 9213 9308
f 9280 9192 9305
f 9213 9239 9308
f 9194 9173 9291
f 9104 9132 9151
f 9098 9157 9156
f 9253 9352 9329
f 9192 9191 9354
f 9348 9212 9349
f 9341 9172 9336
f 9354 9343 9192
f 9333 9235 9324
f 9324 9352 9347
f 9194 9234 9236
f 9337 9336 9237
f 9231 9230 9355
f 9234 9194 9291
f 9122 9239 9210
f 9166 9349 9177
f 9352 9324 9353
f 9171 9178 9347
f 9227 9246 9226
f 9201 9200 9346
f 9175 9225 9173
f 9352 9171 9347
f 9172 9341 9171
f 9235 9323 9324
f 9206 8932 9331
f 9215 9139 9162
f 9230 9350 9355
f 9204 9213 9237
f 9353 9324 9320
f 9239 9213 9210
f 9226 9094 9093
f 9319 9202 9348
f 9190 9169 9119
f 9226 9182 9112
f 9172 9356 9336
f 9235 9234 9351
f 9191 9323 9235
f 9168 9167 9153
f 9153 9211 9154
f 9107 9154 9091
f 9336 9356 9237
f 9101 9204 9237
f 9148 9223 9147
f 9119 9223 9190
f 9100 9108 9111
f 9169 9161 9119
f 9007 9166 9177
f 9161 9357 9120
f 9252 9253 9281
f 9223 9121 9222
f 9145 9171 9218
f 9352 9218 9171
f 9187 9356 9172
f 9353 9320 9330
f 9191 9320 9323
f 9235 9351 9354
f 9354 9191 9235
f 9207 9200 8959
f 8959 9319 8953
f 9211 9091 9154
f 9102 9237 9356
f 9107 9222 9154
f 9319 9166 9030
f 9218 9352 9253
f 9098 9097 9157
f 9187 9136 9356
f 9320 9191 9295
f 9330 9329 9353
f 9292 9354 9351
f 9156 9350 9089
f 9291 9346 9292
f 9161 9138 9357
f 9206 9200 9207
f 9207 8959 8961
f 9344 9276 9232
f 9149 9135 9113
f 9136 9102 9356
f 9008 9007 9176
f 9350 9230 9090
f 9183 9182 9226
f 9218 9252 9146
f 9145 9144 9187
f 9136 9187 9144
f 9110 9289 9189
f 9193 9295 9191
f 9293 9197 9155
f 9329 9302 9253
f 9358 9354 9292
f 9358 9292 9346
f 9301 9165 9276
f 9206 9331 9346
f 9092 9095 9093
f 9144 9109 9136
f 9281 9253 9302
f 9096 9092 9094
f 9192 9280 9193
f 9354 9358 9343
f 9331 9358 9346
f 9206 8961 8932
f 9248 9134 9125
f 9127 9126 9215
f 9252 9109 9144
f 9331 9343 9358
f 9113 9112 9150
f 9106 9090 9276
f 9331 9027 9343
f 9192 9027 9028
f 9094 9226 9112
f 9028 9305 9192
f 9305 9028 8912
f 9130 9250 9129
f 9167 9156 9089
f 9091 9211 9089
f 9154 9222 9152
f 9128 9111 9188
f 9359 9360 9361
f 9363 9364 9365
f 9366 9367 9368
f 9369 9359 9361
f 9370 9371 9372
f 9373 9374 9375
f 9376 9377 9378
f 9364 9379 9365
f 9368 9367 9380
f 9381 9382 9383
f 9384 9385 9386
f 9387 9388 9389
f 9390 9391 9363
f 9392 9387 9393
f 9387 9394 9393
f 9371 9370 9397
f 9390 9365 9398
f 9401 9402 9403
f 9404 9405 9406
f 9407 9408 9409
f 9411 9412 9413
f 9414 9379 9415
f 9416 9391 9417
f 9414 9415 9418
f 9419 9420 9421
f 9422 9423 9424
f 9426 9427 9428
f 9429 9430 9359
f 9431 9392 9432
f 9431 9387 9392
f 9433 9434 9435
f 9436 9437 9438
f 9375 9439 9440
f 9422 9441 9419
f 9442 9443 9398
f 9415 9379 9364
f 9444 9445 9408
f 9446 9447 9416
f 9377 9448 9369
f 9449 9450 9448
f 9451 9452 9453
f 9454 9444 9455
f 9448 9429 9369
f 9456 9457 9397
f 9458 9459 9460
f 9462 9428 9463
f 9464 9395 9396
f 9466 9467 9387
f 9468 9469 9470
f 9421 9420 9471
f 9472 9371 9397
f 9473 9474 9475
f 9455 9444 9476
f 9477 9471 9478
f 9372 9479 9383
f 9481 9482 9483
f 9484 9485 9442
f 9486 9487 9488
f 9450 9489 9429
f 9408 9421 9476
f 9386 9490 9397
f 9378 9491 9376
f 9492 9416 9493
f 9485 9494 9495
f 9399 9496 9497
f 9498 9499 9500
f 9387 9431 9466
f 9501 9479 9372
f 9502 9503 9504
f 9467 9388 9387
f 9506 9507 9508
f 9494 9367 9366
f 9468 9509 9401
f 9477 9455 9476
f 9379 9414 9510
f 9511 9512 9513
f 9455 9477 9514
f 9515 9401 9449
f 9516 9490 9385
f 9497 9517 9400
f 9443 9391 9390
f 9518 9519 9456
f 9520 9420 9419
f 9432 9492 9521
f 9522 9523 9524
f 9521 9492 9493
f 9493 9416 9417
f 9501 9525 9479
f 9526 9527 9479
f 9528 9529 9530
f 9531 9532 9533
f 9534 9535 9536
f 9537 9378 9538
f 9372 9383 9384
f 9520 9441 9539
f 9467 9521 9540
f 9541 9515 9504
f 9542 9407 9409
f 9385 9382 9543
f 9456 9490 9518
f 9544 9487 9545
f 9429 9448 9450
f 9530 9529 9547
f 9548 9549 9485
f 9538 9361 9537
f 9454 9455 9550
f 9551 9552 9512
f 9443 9553 9391
f 9518 9490 9516
f 9554 9555 9556
f 9557 9558 9559
f 9391 9553 9417
f 9383 9479 9381
f 9442 9409 9553
f 9432 9560 9446
f 9413 9561 9411
f 9562 9563 9564
f 9565 9461 9362
f 9471 9477 9476
f 9568 9569 9570
f 9571 9572 9573
f 9483 9516 9532
f 9574 9459 9458
f 9379 9503 9365
f 9450 9449 9401
f 9575 9412 9531
f 9540 9388 9467
f 9516 9482 9518
f 9420 9520 9471
f 9576 9521 9512
f 9416 9492 9446
f 9577 9404 9578
f 9519 9518 9482
f 9543 9382 9579
f 9581 9582 9583
f 9525 9584 9585
f 9557 9586 9587
f 9442 9398 9484
f 9588 9572 9589
f 9592 9593 9517
f 9520 9410 9471
f 9479 9525 9526
f 9442 9485 9495
f 9595 9543 9579
f 9596 9597 9598
f 9599 9539 9424
f 9455 9594 9550
f 9430 9429 9489
f 9385 9384 9601
f 9531 9481 9483
f 9599 9602 9410
f 9599 9424 9603
f 9604 9605 9606
f 9516 9483 9482
f 9438 9607 9436
f 9409 9442 9366
f 9594 9455 9514
f 9509 9489 9450
f 9458 9460 9608
f 9599 9603 9602
f 9587 9586 9611
f 9510 9541 9379
f 9614 9615 9482
f 9616 9617 9618
f 9424 9619 9603
f 9620 9417 9553
f 9395 9621 9600
f 9564 9563 9569
f 9622 9619 9464
f 9571 9425 9623
f 9624 9437 9563
f 9625 9433 9435
f 9626 9627 9628
f 9629 9622 9464
f 9630 9631 9632
f 9493 9620 9513
f 9440 9439 9633
f 9513 9521 9493
f 9634 9482 9615
f 9635 9636 9637
f 9579 9631 9630
f 9638 9639 9640
f 9526 9585 9641
f 9641 9642 9526
f 9381 9527 9631
f 9643 9615 9614
f 9552 9576 9512
f 9644 9551 9550
f 9645 9646 9647
f 9402 9515 9541
f 9466 9521 9467
f 9374 9641 9375
f 9649 9650 9645
f 9433 9625 9571
f 9651 9652 9653
f 9462 9654 9655
f 9656 9657 9658
f 9659 9436 9660
f 9498 9661 9562
f 9662 9663 9664
f 9460 9519 9608
f 9665 9418 9666
f 9667 9668 9527
f 9519 9634 9670
f 9458 9608 9659
f 9672 9655 9673
f 9475 9674 9675
f 9384 9383 9601
f 9676 9677 9678
f 9533 9532 9595
f 9630 9533 9579
f 9370 9372 9384
f 9401 9515 9402
f 9681 9682 9683
f 9648 9573 9572
f 9533 9684 9575
f 9470 9509 9468
f 9386 9397 9370
f 9572 9571 9625
f 9685 9686 9687
f 9688 9661 9689
f 9408 9553 9409
f 9625 9690 9691
f 9692 9693 9694
f 9696 9697 9698
f 9700 9701 9702
f 9672 9662 9705
f 9691 9690 9700
f 9706 9687 9575
f 9707 9605 9367
f 9709 9426 9428
f 9427 9536 9710
f 9409 9366 9368
f 9598 9711 9604
f 9712 9704 9703
f 9691 9589 9625
f 9510 9414 9693
f 9699 9715 9627
f 9553 9443 9442
f 9368 9716 9542
f 9446 9560 9447
f 9434 9433 9718
f 9719 9691 9700
f 9589 9691 9588
f 9466 9431 9432
f 9715 9695 9714
f 9721 9722 9723
f 9380 9716 9368
f 9634 9615 9643
f 9724 9714 9708
f 9627 9715 9725
f 9724 9708 9720
f 9630 9684 9533
f 9649 9727 9728
f 9648 9572 9679
f 9596 9606 9612
f 9667 9642 9730
f 9719 9702 9731
f 9527 9642 9667
f 9733 9691 9719
f 9713 9734 9720
f 9715 9714 9724
f 9628 9725 9726
f 9631 9668 9632
f 9364 9447 9415
f 9397 9490 9456
f 9729 9734 9717
f 9707 9721 9605
f 9688 9737 9738
f 9619 9739 9464
f 9502 9529 9484
f 9702 9740 9731
f 9616 9588 9741
f 9742 9743 9741
f 9640 9588 9733
f 9599 9410 9520
f 9720 9734 9724
f 9715 9744 9725
f 9745 9590 9726
f 9746 9660 9436
f 9748 9567 9566
f 9454 9749 9444
f 9415 9560 9666
f 9661 9406 9689
f 9740 9750 9731
f 9751 9665 9752
f 9753 9634 9570
f 9639 9741 9588
f 9588 9640 9639
f 9640 9733 9754
f 9614 9481 9755
f 9734 9756 9724
f 9757 9744 9715
f 9744 9745 9725
f 9590 9745 9758
f 9527 9381 9479
f 9658 9748 9566
f 9658 9657 9759
f 9550 9512 9454
f 9762 9743 9763
f 9736 9764 9671
f 9736 9765 9764
f 9610 9609 9729
f 9729 9677 9676
f 9719 9766 9733
f 9433 9571 9623
f 9636 9507 9506
f 9596 9767 9597
f 9766 9731 9750
f 9576 9540 9521
f 9643 9570 9634
f 9742 9768 9769
f 9743 9742 9769
f 9545 9487 9486
f 9733 9770 9754
f 9451 9681 9452
f 9585 9439 9641
f 9756 9734 9676
f 9757 9745 9744
f 9771 9758 9745
f 9617 9480 9618
f 9753 9670 9634
f 9772 9582 9581
f 9773 9395 9464
f 9657 9774 9759
f 9759 9748 9658
f 9572 9616 9618
f 9760 9654 9761
f 9663 9762 9763
f 9765 9748 9486
f 9609 9671 9764
f 9677 9729 9609
f 9775 9613 9776
f 9494 9707 9367
f 9424 9598 9777
f 9639 9638 9742
f 9765 9567 9748
f 9565 9778 9767
f 9550 9669 9644
f 9754 9638 9640
f 9553 9408 9445
f 9665 9666 9560
f 9641 9374 9730
f 9364 9363 9447
f 9702 9719 9700
f 9758 9653 9524
f 9779 9774 9657
f 9779 9747 9761
f 9486 9748 9545
f 9654 9760 9580
f 9415 9666 9418
f 9366 9442 9495
f 9740 9650 9750
f 9742 9638 9768
f 9746 9574 9458
f 9616 9741 9703
f 9414 9694 9693
f 9627 9626 9699
f 9572 9588 9616
f 9599 9520 9539
f 9773 9778 9621
f 9756 9771 9757
f 9653 9758 9771
f 9522 9524 9653
f 9432 9392 9752
f 9782 9774 9779
f 9715 9724 9757
f 9759 9545 9748
f 9382 9385 9601
f 9761 9654 9782
f 9763 9664 9663
f 9596 9612 9461
f 9542 9422 9421
f 9499 9568 9674
f 9486 9677 9609
f 9783 9583 9784
f 9784 9647 9646
f 9529 9504 9547
f 9646 9645 9650
f 9785 9759 9774
f 9786 9697 9787
f 9768 9788 9769
f 9598 9423 9711
f 9789 9763 9769
f 9683 9638 9754
f 9754 9770 9683
f 9778 9464 9739
f 9596 9598 9606
f 9591 9524 9790
f 9791 9792 9793
f 9772 9794 9795
f 9796 9746 9607
f 9743 9769 9763
f 9782 9785 9774
f 9545 9759 9785
f 9593 9730 9517
f 9735 9654 9580
f 9765 9736 9567
f 9789 9664 9763
f 9757 9771 9745
f 9643 9614 9675
f 9368 9542 9409
f 9670 9753 9659
f 9535 9686 9536
f 9697 9770 9766
f 9436 9659 9437
f 9749 9553 9445
f 9712 9741 9797
f 9783 9798 9581
f 9457 9460 9459
f 9787 9728 9786
f 9481 9561 9755
f 9786 9728 9577
f 9706 9575 9684
f 9799 9684 9630
f 9638 9788 9768
f 9681 9770 9697
f 9770 9681 9683
f 9592 9667 9593
f 9750 9787 9766
f 9757 9724 9756
f 9772 9738 9737
f 9800 9632 9668
f 9800 9799 9632
f 9800 9668 9667
f 9709 9534 9426
f 9474 9801 9475
f 9531 9533 9575
f 9490 9386 9385
f 9439 9584 9802
f 9803 9611 9799
f 9620 9553 9749
f 9524 9523 9790
f 9504 9529 9502
f 9804 9805 9678
f 9804 9651 9805
f 9522 9653 9558
f 9512 9521 9513
f 9544 9545 9785
f 9654 9735 9655
f 9575 9413 9412
f 9782 9654 9462
f 9664 9789 9806
f 9806 9662 9664
f 9672 9663 9662
f 9511 9513 9620
f 9678 9677 9488
f 9463 9785 9782
f 9649 9728 9787
f 9807 9706 9586
f 9782 9462 9463
f 9786 9577 9698
f 9728 9404 9577
f 9638 9683 9682
f 9682 9788 9638
f 9789 9788 9791
f 9706 9611 9586
f 9809 9685 9807
f 9742 9741 9639
f 9456 9519 9460
f 9548 9485 9484
f 9603 9619 9622
f 9614 9755 9675
f 9775 9557 9587
f 9810 9523 9522
f 9676 9678 9805
f 9651 9771 9805
f 9642 9641 9730
f 9613 9775 9587
f 9653 9771 9651
f 9452 9500 9453
f 9806 9789 9791
f 9637 9662 9806
f 9551 9512 9550
f 9583 9582 9647
f 9484 9529 9528
f 9791 9788 9682
f 9381 9631 9579
f 9570 9569 9811
f 9659 9753 9437
f 9604 9606 9598
f 9548 9812 9549
f 9564 9569 9568
f 9568 9570 9643
f 9756 9805 9771
f 9597 9739 9777
f 9412 9411 9481
f 9578 9498 9698
f 9517 9730 9781
f 9557 9559 9809
f 9706 9684 9799
f 9576 9552 9540
f 9560 9752 9665
f 9624 9563 9562
f 9651 9813 9652
f 9444 9408 9476
f 9645 9647 9727
f 9488 9487 9556
f 9675 9674 9568
f 9549 9722 9494
f 9696 9698 9500
f 9405 9404 9728
f 9590 9758 9591
f 9707 9494 9722
f 9619 9777 9739
f 9407 9542 9421
f 9373 9781 9730
f 9792 9681 9451
f 9421 9408 9407
f 9725 9628 9627
f 9696 9681 9697
f 9563 9437 9569
f 9402 9693 9403
f 9511 9749 9454
f 9363 9391 9447
f 9396 9629 9464
f 9788 9789 9769
f 9655 9428 9462
f 9813 9814 9652
f 9564 9499 9562
f 9398 9502 9484
f 9546 9395 9600
f 9463 9710 9785
f 9678 9488 9815
f 9597 9767 9778
f 9785 9710 9544
f 9637 9806 9635
f 9816 9655 9705
f 9795 9796 9607
f 9647 9817 9727
f 9486 9764 9765
f 9473 9675 9755
f 9558 9810 9522
f 9815 9556 9555
f 9749 9511 9620
f 9710 9556 9544
f 9500 9452 9696
f 9476 9421 9471
f 9755 9561 9473
f 9595 9532 9543
f 9498 9500 9698
f 9794 9818 9819
f 9817 9647 9582
f 9728 9727 9405
f 9793 9806 9791
f 9791 9682 9681
f 9753 9570 9811
f 9700 9690 9701
f 9437 9811 9569
f 9445 9444 9749
f 9436 9607 9746
f 9502 9398 9365
f 9777 9598 9597
f 9709 9508 9474
f 9606 9820 9612
f 9374 9373 9730
f 9517 9497 9592
f 9776 9523 9557
f 9494 9485 9549
f 9799 9630 9632
f 9422 9542 9716
f 9506 9508 9709
f 9555 9813 9815
f 9798 9818 9794
f 9800 9803 9799
f 9779 9657 9747
f 9579 9533 9595
f 9796 9821 9746
f 9670 9659 9608
f 9806 9793 9635
f 9810 9558 9557
f 9437 9822 9438
f 9817 9689 9405
f 9777 9619 9424
f 9556 9710 9554
f 9775 9776 9557
f 9808 9723 9823
f 9607 9438 9738
f 9750 9649 9787
f 9817 9582 9737
f 9382 9601 9383
f 9817 9405 9727
f 9559 9555 9685
f 9447 9391 9416
f 9598 9424 9423
f 9556 9487 9544
f 9381 9579 9382
f 9568 9643 9675
f 9578 9406 9661
f 9483 9532 9531
f 9439 9375 9641
f 9561 9474 9473
f 9824 9633 9439
f 9512 9511 9454
f 9437 9753 9811
f 9792 9791 9681
f 9478 9471 9410
f 9726 9725 9745
f 9825 9449 9448
f 9752 9392 9751
f 9376 9491 9826
f 9662 9636 9705
f 9547 9449 9827
f 9497 9800 9592
f 9449 9825 9827
f 9530 9547 9827
f 9800 9667 9592
f 9376 9828 9448
f 9645 9727 9649
f 9803 9800 9497
f 9618 9465 9680
f 9365 9390 9363
f 9548 9528 9829
f 9825 9448 9828
f 9828 9830 9825
f 9827 9825 9830
f 9812 9548 9829
f 9828 9831 9830
f 9403 9469 9468
f 9526 9642 9527
f 9451 9793 9792
f 9707 9722 9721
f 9832 9829 9827
f 9380 9604 9711
f 9723 9549 9812
f 9751 9392 9393
f 9670 9608 9519
f 9832 9830 9833
f 9532 9516 9543
f 9823 9836 9837
f 9697 9786 9698
f 9837 9838 9823
f 9723 9836 9823
f 9812 9829 9832
f 9422 9424 9441
f 9688 9689 9817
f 9403 9468 9401
f 9841 9376 9826
f 9647 9784 9583
f 9475 9675 9473
f 9832 9837 9812
f 9833 9830 9831
f 9834 9762 9663
f 9387 9389 9394
f 9441 9520 9419
f 9837 9833 9838
f 9764 9486 9609
f 9705 9636 9506
f 9502 9365 9503
f 9402 9541 9693
f 9762 9843 9842
f 9797 9762 9842
f 9770 9733 9766
f 9417 9620 9493
f 9577 9578 9698
f 9841 9840 9831
f 9496 9613 9587
f 9446 9492 9432
f 9515 9449 9547
f 9534 9561 9413
f 9844 9673 9780
f 9835 9672 9844
f 9723 9722 9549
f 9706 9799 9611
f 9667 9730 9593
f 9496 9803 9497
f 9680 9679 9618
f 9663 9835 9834
f 9380 9711 9716
f 9547 9504 9515
f 9827 9528 9530
f 9723 9606 9721
f 9463 9427 9710
f 9428 9427 9463
f 9803 9496 9611
f 9778 9739 9597
f 9481 9411 9561
f 9723 9812 9836
f 9550 9594 9669
f 9565 9600 9621
f 9697 9766 9787
f 9528 9827 9829
f 9834 9843 9762
f 9835 9663 9672
f 9406 9405 9689
f 9732 9612 9820
f 9531 9412 9481
f 9712 9797 9839
f 9840 9838 9833
f 9605 9604 9380
f 9837 9836 9812
f 9526 9525 9585
f 9481 9614 9482
f 9679 9572 9618
f 9832 9833 9837
f 9831 9840 9833
f 9386 9370 9384
f 9841 9831 9828
f 9636 9662 9637
f 9672 9673 9844
f 9401 9509 9450
f 9377 9369 9538
f 9828 9376 9841
f 9830 9832 9827
f 9385 9543 9516
f 9746 9821 9574
f 9499 9564 9568
f 9422 9419 9421
f 9397 9457 9472
f 9575 9687 9535
f 9624 9562 9661
f 9380 9367 9605
f 9575 9535 9413
f 9741 9743 9797
f 9824 9439 9802
f 9474 9561 9534
f 9413 9535 9534
f 9762 9797 9743
f 9458 9660 9746
f 9660 9458 9659
f 9772 9581 9794
f 9816 9709 9428
f 9451 9801 9793
f 9816 9506 9709
f 9635 9793 9801
f 9453 9500 9674
f 9635 9507 9636
f 9464 9778 9773
f 9631 9527 9668
f 9705 9506 9816
f 9685 9687 9807
f 9403 9693 9692
f 9624 9822 9437
f 9498 9578 9661
f 9400 9399 9497
f 9496 9587 9611
f 9655 9735 9673
f 9621 9395 9773
f 9509 9470 9845
f 9403 9692 9469
f 9557 9523 9810
f 9584 9439 9585
f 9756 9676 9805
f 9783 9581 9583
f 9528 9548 9484
f 9822 9738 9438
f 9565 9621 9778
f 9703 9617 9616
f 9534 9709 9474
f 9737 9582 9772
f 9461 9767 9596
f 9613 9496 9399
f 9804 9678 9815
f 9696 9452 9681
f 9555 9559 9814
f 9541 9510 9693
f 9691 9733 9588
f 9649 9750 9650
f 9794 9819 9795
f 9807 9586 9809
f 9801 9507 9635
f 9554 9685 9555
f 9814 9559 9652
f 9804 9813 9651
f 9731 9766 9719
f 9652 9559 9558
f 9562 9499 9498
f 9624 9661 9688
f 9819 9846 9795
f 9822 9624 9688
f 9461 9565 9767
f 9822 9688 9738
f 9845 9430 9509
f 9377 9376 9448
f 9772 9795 9738
f 9723 9820 9606
f 9817 9737 9688
f 9589 9572 9625
f 9359 9369 9429
f 9721 9606 9605
f 9503 9379 9541
f 9815 9813 9804
f 9390 9398 9443
f 9475 9451 9453
f 9432 9752 9560
f 9685 9554 9686
f 9474 9508 9507
f 9559 9685 9809
f 9687 9686 9535
f 9558 9653 9652
f 9538 9369 9361
f 9734 9729 9676
f 9815 9488 9556
f 9480 9465 9618
f 9406 9578 9404
f 9581 9798 9794
f 9430 9489 9509
f 9554 9710 9536
f 9539 9441 9424
f 9723 9732 9820
f 9495 9494 9366
f 9677 9486 9488
f 9655 9816 9428
f 9425 9718 9623
f 9809 9586 9557
f 9432 9521 9466
f 9427 9426 9534
f 9534 9536 9427
f 9507 9801 9474
f 9686 9554 9536
f 9499 9674 9500
f 9415 9447 9560
f 9378 9377 9538
f 9705 9655 9672
f 9846 9796 9795
f 9738 9795 9607
f 9801 9451 9475
f 9453 9674 9475
f 9758 9524 9591
f 9460 9457 9456
f 9503 9541 9504
f 9423 9716 9711
f 9741 9712 9703
f 9695 9715 9505
f 9807 9687 9706
f 9779 9761 9782
f 9422 9716 9423
f 9555 9814 9813
f 9623 9718 9433
f 9482 9634 9519
f 9359 9430 9360
f 9505 9715 9699
f 9849 9850 9851
f 9853 9854 9855
f 9856 9857 9858
f 9858 9850 9856
f 9859 9860 9861
f 9851 9853 9848
f 9862 9863 9864
f 9853 9851 9868
f 9869 9870 9871
f 9866 9872 9873
f 9875 9876 9877
f 9878 9879 9880
f 9881 9882 9876
f 9883 9879 9884
f 9875 9847 9855
f 9881 9854 9886
f 9876 9867 9877
f 9876 9882 9865
f 9867 9876 9865
f 9890 9891 9892
f 9893 9894 9895
f 9896 9870 9869
f 9897 9869 9898
f 9899 9900 9859
f 9897 9898 9901
f 9899 9902 9903
f 9903 9902 9904
f 9905 9906 9907
f 9908 9900 9909
f 9901 9910 9897
f 9905 9907 9912
f 9913 9914 9901
f 9916 9897 9910
f 9917 9918 9919
f 9920 9921 9922
f 9914 9923 9901
f 9923 9924 9901
f 9925 9911 9926
f 9923 9914 9927
f 9916 9910 9928
f 9909 9929 9930
f 9931 9932 9933
f 9909 9930 9934
f 9915 9935 9926
f 9928 9910 9924
f 9936 9925 9926
f 9937 9938 9939
f 9874 9940 9857
f 9929 9941 9930
f 9942 9943 9944
f 9945 9946 9947
f 9948 9949 9950
f 9951 9952 9953
f 9954 9858 9955
f 9956 9945 9947
f 9957 9938 9958
f 9959 9960 9961
f 9869 9897 9896
f 9962 9963 9964
f 9961 9965 9966
f 9967 9968 9969
f 9965 9970 9966
f 9971 9972 9973
f 9974 9966 9970
f 9975 9976 9977
f 9978 9974 9979
f 9980 9981 9982
f 9983 9970 9984
f 9985 9986 9987
f 9988 9989 9990
f 9889 9991 9891
f 9992 9993 9994
f 9970 9983 9995
f 9936 9991 9888
f 9996 9997 9998
f 9999 9868 9851
f 9940 9955 9858
f 9982 9981 10000
f 9974 9978 10001
f 9966 9974 10001
f 10002 10003 10004
f 10005 10006 9957
f 9955 9973 10007
f 10008 10009 10010
f 9975 9949 9976
f 10011 10012 10013
f 10014 9948 9950
f 10015 10016 10017
f 10018 10006 10005
f 10020 10021 10022
f 9945 9956 10023
f 10024 9961 9960
f 10025 10026 10027
f 9995 10028 10029
f 9950 9949 9975
f 9961 10030 10031
f 9978 9950 10030
f 10032 10033 10034
f 10031 10035 10036
f 10037 10038 10039
f 10040 10041 10023
f 10031 9959 9961
f 10042 10043 10044
f 10045 10046 10047
f 10048 10007 9973
f 9934 9930 10049
f 9934 9927 9909
f 10050 10051 10052
f 10053 10054 10055
f 10014 9967 10056
f 10026 10057 10058
f 10059 10060 10061
f 9935 9915 9912
f 9972 10062 9951
f 10028 9995 9886
f 10063 10003 10064
f 9912 9915 9905
f 10032 10065 10033
f 9925 9936 9888
f 9978 9968 10066
f 10067 10068 9993
f 10069 10064 10070
f 10031 10030 10035
f 10071 10072 10019
f 10073 9897 9916
f 10074 9989 9988
f 10075 9941 9929
f 10076 10077 9979
f 10078 10079 10080
f 10081 10082 10083
f 9979 10068 9968
f 10030 9961 9966
f 9954 10007 10084
f 10077 10068 9979
f 10085 10027 10086
f 10087 10088 10089
f 10090 10091 10092
f 9949 10091 10093
f 9968 9967 10066
f 9979 9974 10076
f 10048 10094 10095
f 9998 10096 10071
f 10056 9967 9969
f 10097 9881 10098
f 10018 9988 10099
f 9954 9850 9858
f 10041 10100 10023
f 10101 10072 10071
f 10102 10005 9957
f 10067 9969 10068
f 10068 10077 9993
f 9970 9965 9984
f 9977 10035 9975
f 10035 10030 9950
f 10100 10103 10023
f 10104 10105 10060
f 9977 10106 10035
f 10107 10013 10108
f 10109 10101 10071
f 9974 9970 9995
f 10024 10032 10034
f 10109 10112 10113
f 9857 9940 9858
f 10115 10116 10100
f 10035 9989 10036
f 10076 9974 10029
f 10060 10059 10104
f 10042 10117 10043
f 10021 10020 10000
f 10077 10118 9993
f 9968 9978 9979
f 9886 10119 10028
f 10120 9944 10121
f 10021 10055 10056
f 10033 10069 10122
f 10123 10052 10124
f 10051 10050 10125
f 10031 10126 9959
f 10127 10128 9941
f 10041 10129 10088
f 10130 10117 10092
f 10000 10131 10132
f 10133 10134 10135
f 10014 9950 9967
f 10130 9948 10014
f 10031 10036 10136
f 9863 10137 10138
f 10108 10065 9960
f 9892 9893 9895
f 10102 10139 10005
f 10136 10140 10031
f 10035 10106 9990
f 10141 10102 10142
f 10143 10144 10136
f 10145 10055 10132
f 9964 9963 10146
f 9855 9881 9876
f 9901 9898 9913
f 10147 10148 10149
f 10150 10141 10126
f 10003 10063 10004
f 9957 10006 10151
f 10033 10122 10034
f 10126 10108 9960
f 9988 10143 10074
f 10143 10136 10074
f 10136 10139 10140
f 10152 10153 9935
f 10028 10076 10029
f 9949 10093 9976
f 10066 9967 9950
f 10154 10155 10156
f 10063 10157 10004
f 10106 9977 10158
f 10099 10159 10160
f 10021 10056 9969
f 10076 10028 10077
f 10161 9943 9971
f 9999 10038 9868
f 10038 9999 10039
f 10065 10108 10013
f 9957 10151 9939
f 10130 10014 10043
f 9960 10032 10024
f 10106 9988 9990
f 10162 9969 10067
f 9994 9993 10118
f 10099 10158 10159
f 10038 10067 9992
f 10090 10159 10093
f 10116 10103 10100
f 10164 10065 10012
f 10065 10164 10033
f 10013 10012 10065
f 10165 10166 9923
f 10108 10126 10107
f 10084 10007 10095
f 10129 10040 10167
f 9988 10018 10143
f 10028 10119 10077
f 9976 10093 10158
f 9988 10106 10158
f 10150 10139 10141
f 10091 9949 9948
f 9998 9997 10168
f 10001 10030 9966
f 10014 10044 10043
f 10102 9958 10107
f 10117 10130 10043
f 10102 10107 10142
f 9881 9855 9854
f 9941 10075 10127
f 9951 10169 10094
f 10153 10170 9936
f 10104 10171 10105
f 9958 10011 10107
f 9893 10172 9894
f 10173 10015 10017
f 9994 9868 9992
f 10044 10014 10056
f 10169 10037 10094
f 9868 10038 9992
f 10119 9994 10118
f 9977 9976 10158
f 10162 10067 10174
f 10121 9940 10175
f 10176 10177 10167
f 10164 10157 10033
f 10012 10002 10164
f 10107 10011 10013
f 9963 9962 10178
f 10144 10143 10018
f 10001 9978 10030
f 10005 10139 10144
f 10007 10048 10095
f 10093 10091 10090
f 10093 10159 10158
f 10002 9958 9938
f 10179 10053 10180
f 10060 10080 10061
f 10181 10044 10056
f 9953 10169 9951
f 10162 10021 9969
f 10182 10025 10183
f 10110 10184 10185
f 10139 10136 10144
f 10112 10115 10100
f 10160 10006 10018
f 9874 9852 10186
f 9868 9994 10119
f 10074 10136 10036
f 10069 10033 10157
f 10064 10069 10063
f 10187 10188 10189
f 10129 10041 10040
f 10069 10070 10122
f 10002 10157 10164
f 9927 10165 9923
f 10079 10176 10040
f 10041 10112 10100
f 10190 10090 10092
f 9963 10117 10042
f 10191 10192 9912
f 10166 10165 10193
f 10170 10153 10194
f 10195 10196 10197
f 9961 10024 9965
f 10162 10174 10022
f 10166 10193 9928
f 9958 10102 9957
f 9991 9936 10170
f 10016 10129 10177
f 10190 10198 10090
f 10109 10096 10112
f 10056 10054 10181
f 10174 10038 10022
f 10199 10132 10131
f 10101 9987 9986
f 9953 10200 10020
f 10069 10157 10063
f 10091 9948 10130
f 9998 10115 10096
f 9947 10201 9956
f 10095 10094 10037
f 10157 10002 10004
f 9950 9978 10066
f 10053 10202 10054
f 10163 10183 10025
f 9963 10044 10146
f 10011 9958 10002
f 10125 10203 10113
f 10044 9963 10042
f 9914 9909 9927
f 10036 9989 10074
f 10054 9964 10181
f 10169 10020 10022
f 10056 10055 10054
f 9945 10103 10116
f 9983 9984 10204
f 10037 10022 10038
f 10205 10152 10206
f 10025 10027 10163
f 10162 10022 10021
f 9965 10204 9984
f 10109 9987 10101
f 10064 10207 10070
f 9963 10178 10190
f 10165 9927 10049
f 10091 10130 10092
f 10179 10202 10053
f 10190 10178 10198
f 9969 9968 10068
f 10003 10002 9938
f 9847 9853 9855
f 10077 10119 10118
f 9943 10121 9944
f 10198 10178 10008
f 10208 10209 10210
f 9964 10054 10202
f 10064 10003 10211
f 10003 9938 9937
f 9957 9939 9938
f 10202 9962 9964
f 10044 10181 10146
f 10058 10052 10026
f 10053 10055 10145
f 10065 10032 9960
f 10132 10055 10000
f 10212 10200 10208
f 10022 10037 10169
f 10084 10037 10039
f 9999 9851 10039
f 10027 10123 10086
f 10213 10208 10017
f 10121 9943 10161
f 10211 10003 9937
f 9962 10202 10179
f 10079 10023 9956
f 10211 10207 10064
f 10180 10053 10145
f 10140 10150 10031
f 10117 10190 10092
f 9962 10059 10178
f 10199 9980 10080
f 9953 10020 10169
f 9954 10084 10039
f 10061 10201 10214
f 10005 10144 10018
f 9937 9939 10215
f 9962 10179 10104
f 10171 10179 10180
f 10210 10216 10212
f 10145 10171 10180
f 10145 10132 10171
f 9982 10000 10020
f 10126 10031 10150
f 10129 10089 10088
f 10104 10059 9962
f 10178 10059 10008
f 10037 10084 10095
f 10142 10126 10141
f 10067 9993 9992
f 9954 10039 9850
f 9850 10039 9851
f 10052 10217 10124
f 10105 10171 10132
f 10142 10107 10126
f 10190 10117 9963
f 10105 10132 10199
f 10177 10129 10167
f 10009 10008 10059
f 10200 9953 10208
f 10199 9981 9980
f 10131 10000 9981
f 10060 10105 10199
f 9920 9922 10218
f 10214 10009 10059
f 10219 10010 10009
f 10181 9964 10146
f 10199 10080 10060
f 10201 10079 9956
f 9996 10220 9997
f 9859 9900 9860
f 10208 9953 10017
f 10120 10121 10221
f 10088 10113 10041
f 9981 10199 10131
f 9980 9982 10200
f 10214 10059 10061
f 10214 10219 10009
f 10200 9982 10020
f 9980 10078 10080
f 9940 10121 10161
f 10222 10223 9861
f 10224 9941 10128
f 10062 9952 9951
f 10016 10089 10129
f 10212 10216 10200
f 10208 10210 10212
f 9954 9955 10007
f 10225 10082 10185
f 10200 10216 9980
f 10214 9947 10219
f 9972 10094 10048
f 9952 10173 9953
f 10163 9942 9944
f 10208 10213 10209
f 10113 10112 10041
f 10079 10061 10080
f 10078 9980 10216
f 10201 9947 10214
f 10086 10173 9952
f 10173 10017 9953
f 9988 10158 10099
f 9950 9975 10035
f 10204 9965 10024
f 10197 10206 10226
f 10213 10177 10209
f 10210 10078 10216
f 10102 10141 10139
f 10193 10165 10227
f 9990 9989 10035
f 10201 10061 10079
f 10062 10086 9952
f 10086 10123 10173
f 10017 10016 10213
f 10228 9946 10168
f 10016 10177 10213
f 10177 10176 10209
f 10226 9896 10073
f 9996 10229 10156
f 10210 10176 10078
f 10168 9946 9945
f 10048 9973 9972
f 10011 10002 10012
f 10078 10176 10079
f 10230 10173 10123
f 10173 10230 10015
f 9940 9973 9955
f 9972 9942 10062
f 10086 10062 9942
f 9942 10085 10086
f 10124 10230 10123
f 10116 10115 9998
f 10018 10099 10160
f 10230 10087 10015
f 10089 10016 10015
f 10040 10176 10167
f 10183 10114 10182
f 9942 9972 9971
f 10123 10027 10026
f 10161 9973 9940
f 10161 9971 9973
f 10230 10124 10217
f 9996 10156 10220
f 10217 10087 10230
f 10023 10079 10040
f 9960 9959 10126
f 10085 9942 10163
f 10094 9972 9951
f 10163 10027 10085
f 10087 10217 10125
f 9942 9971 9943
f 10221 10121 10186
f 9874 10175 9940
f 10210 10209 10176
f 9945 10023 10103
f 10116 10168 9945
f 10050 10203 10125
f 9985 10203 10225
f 10051 10217 10052
f 10026 10052 10123
f 10125 10088 10087
f 10160 10159 10198
f 10217 10051 10125
f 10175 9874 10186
f 9933 10231 9891
f 10182 10232 10025
f 10057 10026 10025
f 10088 10125 10113
f 9997 10228 10168
f 10090 10198 10159
f 9998 10168 10116
f 10139 10150 10140
f 10170 9891 9991
f 10058 10050 10052
f 10057 10025 10083
f 10228 9997 10220
f 10050 10058 10225
f 10233 10170 10194
f 10205 10234 10152
f 10235 10172 10236
f 10171 10104 10179
f 10083 10082 10057
f 10083 10025 10237
f 10058 10057 10082
f 10025 10232 10237
f 10113 10203 9987
f 10087 10089 10015
f 10203 10050 10225
f 10055 10021 10000
f 10186 10121 10175
f 10220 10238 10228
f 10038 10174 10067
f 10029 9974 9995
f 10234 10153 10152
f 10225 10058 10082
f 10236 9893 10231
f 9941 10224 10239
f 10237 10081 10083
f 10237 10232 10081
f 10128 10240 10224
f 10111 10232 10182
f 9987 10109 10113
f 10203 9985 9987
f 10082 10081 10185
f 10081 10232 10111
f 10185 9985 10225
f 10115 10112 10096
f 9865 9882 9872
f 10242 10243 10240
f 10110 10081 10111
f 10185 10081 10110
f 10221 10186 9852
f 10071 9996 9998
f 9854 10119 9886
f 9853 9847 9848
f 10184 9986 9985
f 9985 10185 10184
f 10109 10071 10096
f 10155 10220 10156
f 10019 9996 10071
f 10244 9870 9896
f 10191 9907 10245
f 10246 10165 10239
f 10197 10196 10206
f 10247 10248 10249
f 10250 9931 10251
f 9903 9909 9900
f 10250 10252 10253
f 10227 10165 10246
f 9872 9882 10097
f 10254 10206 10196
f 10193 10227 10045
f 9928 10045 10195
f 10170 9931 9933
f 10255 10224 10240
f 10206 10254 10205
f 10256 9932 9931
f 10251 10233 10257
f 10205 10258 10257
f 10259 10236 10231
f 10255 10260 10224
f 10261 10262 10263
f 10264 10224 10265
f 10262 10154 10266
f 10264 10267 10268
f 10270 10255 10240
f 10271 10272 10273
f 10274 10275 10276
f 10277 10278 10261
f 10279 10274 10280
f 10138 10137 10281
f 10188 10187 10134
f 10282 10283 10284
f 10283 10282 10279
f 10285 10286 9995
f 10289 10290 10291
f 10293 10294 10295
f 10206 9912 10192
f 10251 10257 10258
f 10231 9893 9892
f 9882 9881 10097
f 10277 10289 10291
f 10259 10296 10235
f 10236 10259 10235
f 9892 9891 10231
f 10290 10297 10298
f 10224 10260 10265
f 10267 10299 10268
f 10045 10227 10300
f 10231 10301 10259
f 10271 10302 10272
f 10205 10303 10258
f 10269 10282 10284
f 10304 10261 10278
f 10127 10242 10128
f 10295 10294 10306
f 10307 10308 10275
f 10274 10279 10307
f 10263 10292 10309
f 10280 10310 10283
f 10283 10310 10289
f 10275 10308 10311
f 10226 9916 10312
f 10045 10303 10254
f 9928 10312 9916
f 10073 9916 10226
f 9931 10170 10233
f 9873 10314 10147
f 10259 10301 10315
f 10291 10316 10278
f 9932 10301 10231
f 10300 10227 10246
f 10172 9893 10236
f 10049 9927 9934
f 10274 10307 10275
f 10299 10267 10317
f 10270 10248 10255
f 10266 10154 10156
f 10239 10224 10264
f 10119 9853 9868
f 9919 9898 9869
f 10276 10280 10274
f 10299 10317 10318
f 10240 10128 10242
f 10307 10287 10308
f 10046 10045 10300
f 10250 10256 9931
f 10273 10293 10295
f 10315 10296 10259
f 10305 10311 10308
f 9879 9864 9880
f 10301 10319 10315
f 9896 10191 10244
f 10239 10165 10049
f 10047 10303 10045
f 9896 9897 10073
f 10268 10320 10300
f 9932 10256 10253
f 10267 10265 10317
f 10320 10299 10318
f 10195 10197 9928
f 10321 10262 10261
f 10253 10256 10250
f 10166 9924 9923
f 10271 10321 10304
f 10301 9932 10253
f 10246 10239 10264
f 10294 10155 10306
f 10317 10265 9921
f 10279 10287 10307
f 10322 10319 10323
f 10265 10260 9921
f 10290 10298 10324
f 10268 10299 10320
f 10325 10248 10270
f 9930 9941 10049
f 10153 9926 9935
f 10282 10287 10279
f 10310 10297 10289
f 10320 10046 10300
f 10282 10288 10287
f 9904 10075 9929
f 10223 9899 9859
f 9908 9914 9913
f 10326 10327 10328
f 10153 9936 9926
f 10328 10251 10258
f 10253 10252 10319
f 10329 10296 10315
f 10309 10269 10277
f 10290 10289 10297
f 10301 10253 10319
f 10289 10284 10283
f 10318 10330 10331
f 9850 9849 9885
f 10248 10325 10249
f 10244 10191 10245
f 10045 9928 10193
f 10188 10327 10326
f 10322 10329 10315
f 10280 10283 10279
f 10298 10332 10324
f 10319 10322 10315
f 10292 10262 10266
f 10333 10134 10133
f 10317 9920 10318
f 9922 9921 10247
f 10291 10290 10334
f 10269 10284 10277
f 10324 10334 10290
f 10205 10257 10234
f 10289 10277 10284
f 10196 10195 10254
f 10250 10327 10252
f 10153 10234 10194
f 10316 10291 10334
f 10251 10327 10250
f 10320 10318 10335
f 10258 10189 10328
f 10277 10291 10278
f 9911 9915 9926
f 9876 9875 9855
f 10336 9922 10247
f 10277 10261 10309
f 10327 10188 10333
f 10263 10309 10261
f 9900 9899 9903
f 10316 10302 10278
f 10327 10333 10252
f 10302 10304 10278
f 10292 10263 10262
f 10304 10321 10261
f 9920 10330 10318
f 10306 10271 10295
f 10302 10316 10272
f 10304 10302 10271
f 10328 10327 10251
f 10155 10154 10321
f 10188 10326 10189
f 10155 10294 10220
f 10295 10271 10273
f 10197 10226 10312
f 9909 9903 9904
f 10249 10337 10336
f 10333 10323 10252
f 10306 10321 10271
f 10269 10288 10282
f 10338 9884 10314
f 10321 10306 10155
f 10152 9935 10206
f 10265 10267 10264
f 10262 10321 10154
f 10326 10328 10189
f 10335 10331 10339
f 10189 10303 10047
f 10335 10339 10187
f 10340 9881 9886
f 10260 10247 9921
f 9866 9865 9872
f 10341 10342 10343
f 10344 10345 10346
f 10347 10348 10349
f 10350 10351 10352
f 10353 10354 10355
f 10335 10187 10189
f 10356 10024 10034
f 10357 10358 10359
f 10360 10361 10362
f 10363 10364 10365
f 10366 10344 10367
f 10368 10369 10370
f 10371 10372 10373
f 10374 10375 10359
f 10376 10364 10377
f 10122 10070 10378
f 10379 10374 10359
f 10380 10381 10382
f 10383 10122 10384
f 10364 10342 10377
f 10385 10354 10353
f 10386 10387 10380
f 10388 10359 10375
f 10389 10390 10391
f 10377 10392 10376
f 10363 10070 10207
f 10393 10384 10378
f 10344 10366 10394
f 10395 10396 10397
f 10390 10389 10398
f 10363 10365 10393
f 10399 10400 10385
f 10270 10243 10401
f 10402 10384 10392
f 10342 10380 10343
f 10357 10403 10404
f 10207 10364 10363
f 10397 10405 10395
f 10406 10407 10408
f 10397 10409 10410
f 10411 10348 10401
f 10377 10342 10341
f 10412 10413 10383
f 10391 10207 10389
f 10409 10414 10410
f 10391 10415 10386
f 10416 10249 10325
f 10034 10383 10417
f 10380 10382 10343
f 10392 10341 10418
f 10242 10419 10420
f 10070 10363 10378
f 10342 10364 10421
f 10398 10422 10390
f 10423 10424 10425
f 10391 10364 10207
f 10204 10426 9983
f 10427 10362 10428
f 10429 10370 10430
f 10357 10404 10358
f 10392 10412 10402
f 10431 10432 10350
f 10364 10376 10365
f 10433 10352 10351
f 10434 10435 10403
f 10380 10387 10381
f 10413 10417 10383
f 10024 10356 10204
f 10406 10427 10428
f 10436 10357 10388
f 9850 9885 9856
f 10422 10399 10390
f 10075 10437 10127
f 10430 10387 10429
f 10384 10122 10378
f 10402 10412 10383
f 10415 10390 10438
f 10365 10376 10392
f 10358 10373 10379
f 10418 10382 10381
f 10431 10439 10440
f 10383 10034 10122
f 10383 10384 10402
f 10421 10364 10391
f 10441 10442 10443
f 10432 10444 10445
f 10341 10382 10418
f 10446 10418 10381
f 10447 10388 10375
f 10448 10429 10415
f 10449 10450 10445
f 10338 9872 10097
f 10405 10451 10395
f 10409 10415 10438
f 10388 10452 10436
f 9933 9932 10231
f 10187 10453 10134
f 10454 10455 10448
f 10386 10380 10421
f 10456 10419 10437
f 10392 10393 10365
f 10382 10341 10343
f 10397 10396 10454
f 10243 10242 10457
f 10381 10430 10446
f 10399 10414 10438
f 10458 10355 10459
f 10460 10347 10349
f 10461 10396 10395
f 10462 10407 10406
f 10463 10464 10465
f 10370 10429 10448
f 10392 10377 10341
f 10441 10466 10467
f 10468 10403 10469
f 10414 10409 10438
f 10470 10458 10459
f 10433 10471 10472
f 10446 10430 10473
f 10409 10448 10415
f 10356 10426 10204
f 10474 10346 10345
f 10412 10418 10446
f 10475 10408 10417
f 10351 10350 10432
f 10423 10372 10440
f 10458 10476 10367
f 10360 10475 10413
f 10477 10478 10479
f 10369 10461 10480
f 10418 10412 10392
f 10469 10345 10481
f 10385 10414 10399
f 10391 10390 10415
f 10356 10417 10482
f 10429 10386 10415
f 10483 9904 9902
f 10437 10419 10127
f 10400 10354 10385
f 10405 10346 10451
f 10412 10480 10360
f 10397 10454 10409
f 10410 10385 10353
f 10410 10414 10385
f 10358 10484 10485
f 10367 10353 10355
f 10486 10467 10425
f 10454 10396 10455
f 10455 10396 10461
f 10449 10372 10371
f 10361 10456 10362
f 10361 10447 10420
f 10482 10426 10356
f 10473 10369 10446
f 10434 10476 10463
f 10431 10440 10444
f 10406 10408 10427
f 10443 10347 10466
f 10482 10417 10408
f 10473 10370 10369
f 10356 10034 10417
f 10369 10480 10412
f 10368 10455 10461
f 10466 10460 10374
f 10369 10368 10461
f 10358 10379 10359
f 10391 10386 10421
f 10428 10456 10487
f 10344 10346 10405
f 10482 10488 10426
f 10379 10373 10372
f 10406 10489 9902
f 10426 10488 9983
f 10456 10361 10420
f 10404 10490 10491
f 10408 10475 10427
f 10475 10362 10427
f 10387 10386 10429
f 10410 10353 10397
f 10449 10371 10450
f 10480 10461 10436
f 10436 10452 10480
f 10405 10397 10353
f 10481 10344 10394
f 10482 10492 10488
f 10345 10344 10481
f 10188 10134 10333
f 10452 10361 10360
f 10464 10463 10470
f 10474 10395 10451
f 10373 10358 10485
f 10474 10461 10395
f 9904 10483 10437
f 10405 10353 10367
f 10463 10458 10470
f 10482 10408 10493
f 10465 10464 10445
f 10369 10412 10446
f 10345 10436 10474
f 10441 10494 10442
f 10459 10355 10354
f 10407 10493 10408
f 10460 10447 10375
f 10370 10448 10368
f 10495 10350 10352
f 10407 10462 10493
f 10387 10430 10381
f 10406 10428 10489
f 10361 10452 10447
f 10362 10456 10428
f 10474 10436 10461
f 10303 10189 10258
f 10496 10497 10498
f 10434 10468 10476
f 10470 10459 10499
f 10490 10484 10491
f 10394 10469 10481
f 10390 10399 10438
f 10346 10474 10451
f 10344 10405 10367
f 10458 10367 10355
f 10354 10499 10459
f 10460 10349 10420
f 10462 10223 10493
f 10367 10476 10366
f 10448 10409 10454
f 10448 10455 10368
f 10499 10477 10479
f 9902 10489 10483
f 9902 10462 10406
f 10452 10360 10480
f 10413 10475 10417
f 9902 10223 10462
f 10444 10440 10372
f 10489 10428 10487
f 10242 10420 10457
f 10447 10452 10388
f 10362 10475 10360
f 10436 10345 10469
f 10470 10499 10479
f 10379 10467 10374
f 10489 10487 10483
f 10500 9919 9878
f 10501 10465 10450
f 10430 10370 10473
f 10420 10447 10460
f 10421 10380 10342
f 10436 10469 10403
f 10436 10403 10357
f 10468 10366 10476
f 10456 10437 10487
f 10493 10492 10482
f 10366 10468 10394
f 10463 10476 10458
f 10360 10413 10412
f 10419 10456 10420
f 10483 10487 10437
f 10469 10394 10468
f 10378 10363 10393
f 10349 10457 10420
f 10434 10403 10468
f 10393 10392 10384
f 10357 10359 10388
f 10403 10435 10404
f 10484 10358 10491
f 10490 10434 10463
f 10375 10374 10460
f 10490 10435 10434
f 10463 10484 10490
f 10484 10463 10465
f 10502 10479 10478
f 10479 10471 10470
f 10464 10470 10471
f 9904 10437 10075
f 10349 10411 10457
f 10491 10358 10404
f 10435 10490 10404
f 10501 10484 10465
f 10479 10502 10471
f 10433 10464 10471
f 10457 10411 10243
f 10127 10419 10242
f 10484 10501 10485
f 10502 10472 10471
f 10351 10464 10433
f 10467 10466 10374
f 10349 10348 10411
f 10411 10401 10243
f 10450 10465 10445
f 10464 10351 10445
f 10373 10485 10501
f 10503 10472 10504
f 10460 10466 10347
f 10425 10467 10379
f 10505 10506 10507
f 10423 10379 10372
f 10351 10432 10445
f 10501 10450 10371
f 10373 10501 10371
f 10505 10424 10497
f 10423 10425 10379
f 10472 10503 10433
f 10443 10466 10441
f 10401 10348 10508
f 10444 10449 10445
f 10503 10352 10433
f 10467 10486 10494
f 10441 10467 10494
f 10347 10509 10348
f 10509 10347 10443
f 10270 10401 10508
f 10325 10508 10348
f 10425 10510 10486
f 10507 10425 10505
f 10510 10425 10507
f 10505 10425 10424
f 10449 10444 10372
f 10350 10511 10431
f 10431 10444 10432
f 10512 10443 10442
f 10270 10508 10325
f 10348 10416 10325
f 10510 10507 10506
f 10511 10439 10431
f 10498 10511 10350
f 10498 10350 10495
f 10509 10416 10348
f 10512 10509 10443
f 10506 10505 10496
f 10424 10423 10439
f 10440 10439 10423
f 10439 10511 10497
f 10498 10497 10511
f 10509 10512 10416
f 10497 10496 10505
f 10439 10497 10424
f 10352 10513 10495
f 10495 10513 10498
f 9912 10206 9935
f 10135 10323 10133
f 10187 10339 10453
f 10453 10135 10134
f 10270 10240 10243
f 10149 9873 10147
f 9924 9910 9901
f 10340 10098 9881
f 9866 9873 10149
f 10320 10335 10046
f 10098 10338 10097
f 9871 9917 9919
f 10514 10515 10147
f 10515 10514 9918
f 9889 9891 9890
f 9902 9899 10223
f 9906 10245 9907
f 9873 10338 10314
f 10248 10247 10255
f 10340 9886 10286
f 10514 10147 10314
f 9995 10286 9886
f 9907 10191 9912
f 9908 9860 9900
f 10516 10006 10160
f 10517 10518 10519
f 10520 10510 10521
f 10522 10400 10523
f 10521 10510 10524
f 10525 10526 10527
f 10521 10524 10528
f 10529 10530 10531
f 10532 10533 10534
f 10535 10536 10528
f 10537 10538 10524
f 10539 10540 10541
f 10542 10543 10544
f 9864 9908 9880
f 10545 10546 10547
f 10496 10538 10537
f 10548 10541 10549
f 10538 10498 10542
f 10535 10524 10538
f 10550 10551 10552
f 10340 9883 10098
f 10506 10537 10510
f 10542 10498 10513
f 10553 10554 10555
f 10255 10247 10260
f 10556 10557 10517
f 10422 10558 10559
f 10560 10559 10518
f 10520 10486 10510
f 10561 10556 10562
f 10503 10563 10513
f 10352 10503 10513
f 10338 10098 9883
f 10564 10565 10554
f 10337 10249 10566
f 10566 10416 10512
f 10533 10567 10568
f 9908 9909 9914
f 10286 10285 10340
f 10233 10251 9931
f 10510 10537 10524
f 10046 10189 10047
f 10569 10525 10570
f 10571 9913 9898
f 10151 10006 10573
f 10496 10498 10538
f 9862 9864 9879
f 9891 10170 9933
f 10285 10137 10340
f 10486 10574 10494
f 9884 10338 9883
f 10254 10303 10205
f 10575 10576 10577
f 9909 9904 9929
f 10578 10540 10564
f 9883 10340 10137
f 10223 10222 10493
f 9887 10572 9917
f 9920 10218 10330
f 10579 10565 10580
f 10581 10582 10583
f 10584 10585 10586
f 10197 10312 9928
f 10575 10587 10588
f 10545 10589 10563
f 10590 10591 10592
f 10593 10543 10513
f 10268 10300 10246
f 10486 10520 10574
f 10566 10249 10416
f 10502 10585 10504
f 10562 10556 10517
f 10477 10594 10478
f 10246 10264 10268
f 10137 9862 9883
f 10354 10594 10499
f 9879 9883 9862
f 9878 10314 9884
f 10561 10595 10556
f 9878 9884 9879
f 10596 10552 10597
f 10515 9918 10572
f 10598 10599 10600
f 10601 10602 10603
f 10537 10506 10496
f 10585 10584 10504
f 10331 10335 10318
f 10285 9995 9983
f 9921 9920 10317
f 10515 10572 10148
f 10478 10586 10585
f 9873 9872 10338
f 10285 9983 10492
f 10314 9878 10514
f 10478 10594 10551
f 10148 10147 10515
f 10604 10605 10550
f 10538 10542 10535
f 10241 9887 9917
f 9918 9917 10572
f 10594 10354 10597
f 10514 9919 9918
f 10586 10478 10550
f 10606 10607 10608
f 9896 10226 10191
f 9928 9924 10166
f 10597 10551 10594
f 10254 10195 10045
f 10335 10189 10046
f 10192 10191 10226
f 10609 10610 10611
f 10535 10542 10544
f 10586 10612 10584
f 10550 10605 10586
f 10531 10576 10293
f 10607 10606 10613
f 10613 10614 10553
f 10513 10543 10542
f 10234 10233 10194
f 10613 10606 10614
f 9870 10245 10615
f 10234 10257 10233
f 10584 10612 10616
f 10525 10617 10526
f 10618 10610 10619
f 9863 9862 10137
f 10557 10560 10517
f 10564 10580 10565
f 9919 10514 9878
f 10249 10336 10247
f 9917 10620 10241
f 10536 10521 10528
f 10010 10621 10008
f 10597 10400 10596
f 10622 10623 10624
f 10625 10626 10565
f 10133 10323 10333
f 10579 10625 10565
f 10477 10499 10594
f 10627 10628 10629
f 10192 10226 10206
f 10533 10614 10606
f 10285 10281 10137
f 10488 10492 9983
f 10630 10631 10632
f 10049 9941 10239
f 10596 10633 10552
f 10323 10319 10252
f 9908 9913 9880
f 10522 10596 10400
f 9878 9880 10500
f 10400 10399 10523
f 10492 10281 10285
f 10548 10539 10541
f 10634 10598 10635
f 10532 10605 10604
f 10612 10605 10534
f 10633 10596 10583
f 10389 10636 10398
f 10389 10207 10636
f 10569 10637 10638
f 10552 10633 10604
f 10605 10612 10586
f 10639 10640 10630
f 10596 10522 10583
f 10532 10641 10533
f 10523 10399 10642
f 10635 10600 10628
f 9871 9870 9917
f 10532 10604 10643
f 10644 10548 10549
f 10532 10534 10605
f 10582 10581 10645
f 10533 10606 10534
f 10522 10523 10646
f 10646 10583 10522
f 10647 10562 9939
f 10643 10648 10532
f 10623 10622 10629
f 10119 9854 9853
f 10570 10649 10650
f 10651 10652 10653
f 10398 10636 10558
f 10207 10211 10636
f 10500 10571 9919
f 10579 10580 10598
f 10630 10640 10654
f 10644 10653 10655
f 10656 10648 10582
f 10636 10657 10558
f 10400 10597 10354
f 10636 10211 10657
f 10610 10609 10619
f 10516 10573 10006
f 10582 10645 10656
f 10642 10422 10559
f 10198 10621 10516
f 10138 9864 9863
f 10585 10502 10478
f 10600 10599 10658
f 10648 10641 10532
f 10567 10533 10641
f 10571 10500 9880
f 10492 10493 10281
f 10657 10211 10215
f 10222 10281 10493
f 10611 10659 10332
f 10564 10554 10578
f 10600 10623 10629
f 10581 10557 10651
f 10660 10581 10646
f 10211 9937 10215
f 10643 10582 10648
f 10545 10503 10661
f 10662 10573 10516
f 9864 9860 9908
f 10567 10554 10568
f 10663 10664 10665
f 10138 10281 10222
f 10659 10324 10332
f 10638 10530 10666
f 10559 10660 10642
f 10526 10663 10667
f 9861 9864 10138
f 10667 10629 10668
f 9880 9913 10571
f 9870 10615 10620
f 9871 9919 9869
f 10564 10599 10580
f 10625 10579 10598
f 10669 10567 10670
f 10671 10662 10672
f 10564 10658 10599
f 10593 10513 10563
f 10519 10657 10215
f 10655 10653 10652
f 10673 10650 10674
f 10656 10651 10653
f 10599 10598 10580
f 10675 10324 10659
f 10560 10660 10559
f 10544 10536 10535
f 10667 10668 10526
f 10629 10622 10668
f 10589 10545 10547
f 10540 10539 10658
f 10555 10554 10676
f 10631 10630 10674
f 10651 10656 10645
f 10645 10581 10651
f 10660 10557 10581
f 10639 10677 10640
f 10578 10554 10567
f 10651 10556 10652
f 10678 10573 10662
f 10663 10617 10679
f 10603 10675 10659
f 10660 10560 10557
f 10560 10518 10517
f 10646 10523 10642
f 10640 10677 10595
f 10602 10334 10675
f 10151 10647 9939
f 10549 10541 10669
f 10238 10591 10680
f 10519 10215 10681
f 10619 10682 10618
f 10680 9946 10228
f 10588 10671 10683
f 10668 10527 10526
f 9861 10138 10222
f 10527 10624 10570
f 10670 10653 10669
f 9861 9860 9864
f 10571 9898 9919
f 10678 10595 10561
f 10563 10503 10545
f 10619 10684 10682
f 10623 10539 10624
f 10627 10629 10667
f 10399 10422 10642
f 10517 10519 10681
f 10662 10516 10621
f 10615 10245 10313
f 10643 10604 10633
f 9870 10244 10245
f 10603 10618 10601
f 10685 10575 10588
f 10679 10686 10684
f 10669 10578 10567
f 9849 9851 9848
f 10674 10650 10631
f 10670 10567 10641
f 10602 10316 10334
f 10685 10576 10575
f 10517 10681 10562
f 10577 10531 10637
f 10644 10549 10653
f 10669 10541 10578
f 10524 10535 10528
f 10621 10198 10008
f 10588 10678 10671
f 9917 9870 10620
f 10684 10686 10682
f 10678 10640 10595
f 10686 10679 10617
f 10624 10668 10622
f 10570 10525 10527
f 10223 9859 9861
f 10293 10576 10294
f 9906 10313 10245
f 10626 10554 10565
f 10558 10657 10518
f 10529 10531 10293
f 10648 10653 10670
f 10604 10550 10552
f 9939 10562 10681
f 10678 10588 10587
f 10587 10575 10654
f 10608 10546 10616
f 10577 10576 10531
f 10590 9946 10680
f 10663 10665 10667
f 10617 10663 10526
f 10273 10272 10602
f 10635 10598 10600
f 10602 10272 10316
f 10616 10612 10606
f 10629 10628 10600
f 10685 10591 10238
f 10675 10334 10324
f 10608 10547 10546
f 10601 10687 10602
f 10654 10575 10577
f 9939 10681 10215
f 10228 10238 10680
f 10637 10569 10673
f 10632 10649 10644
f 10624 10539 10688
f 10539 10623 10658
f 10687 10601 10666
f 10570 10688 10649
f 10273 10602 10529
f 10685 10683 10591
f 10570 10624 10688
f 10551 10550 10478
f 10648 10670 10641
f 10657 10519 10518
f 10558 10422 10398
f 10627 10667 10665
f 10219 9947 10590
f 10638 10637 10530
f 10554 10626 10676
f 10674 10637 10673
f 10675 10603 10602
f 10546 10661 10616
f 10551 10597 10552
f 10655 10632 10644
f 10659 10618 10603
f 10576 10238 10294
f 10504 10472 10502
f 10678 10662 10671
f 10621 10010 10662
f 10577 10637 10674
f 10647 10561 10562
f 10648 10656 10653
f 10577 10674 10654
f 10664 10663 10679
f 10630 10632 10639
f 10624 10527 10668
f 10561 10647 10573
f 10617 10525 10638
f 10582 10643 10583
f 10548 10688 10539
f 10590 10592 10219
f 10545 10661 10546
f 10639 10632 10655
f 10558 10518 10559
f 10198 10516 10160
f 10654 10640 10587
f 10652 10556 10655
f 10584 10616 10661
f 10533 10568 10614
f 10569 10650 10673
f 10662 10010 10672
f 10633 10583 10643
f 10584 10661 10504
f 10626 10555 10676
f 10639 10655 10677
f 10587 10640 10678
f 10556 10677 10655
f 10529 10293 10273
f 10635 10628 10689
f 10631 10650 10649
f 10220 10294 10238
f 10010 10219 10672
f 10671 10672 10219
f 10661 10503 10504
f 10671 10219 10592
f 10616 10606 10608
f 10659 10611 10610
f 10685 10588 10683
f 10683 10592 10591
f 10686 10638 10666
f 10638 10686 10617
f 10578 10541 10540
f 10583 10646 10581
f 10658 10623 10600
f 10529 10602 10687
f 10682 10666 10601
f 10557 10556 10651
f 10637 10531 10530
f 10548 10649 10688
f 10540 10658 10564
f 10576 10685 10238
f 10644 10649 10548
f 10569 10638 10525
f 10689 10628 10627
f 10632 10631 10649
f 10674 10630 10654
f 10591 10590 10680
f 10610 10618 10659
f 10666 10530 10529
f 10151 10573 10647
f 10682 10601 10618
f 10669 10653 10549
f 10529 10687 10666
f 10650 10569 10570
f 10592 10683 10671
f 10554 10553 10568
f 10556 10595 10677
f 10573 10678 10561
f 10642 10660 10646
f 10666 10682 10686
f 10612 10534 10606
f 10590 9947 9946
f 10614 10568 10553
f 10690 10691 10692
f 10693 10694 10695
f 10696 10697 10698
f 10699 10694 10700
f 10701 10702 10690
f 10703 10704 10705
f 10706 10707 10708
f 10709 10710 10711
f 10712 10713 10714
f 10715 10708 10716
f 10717 10715 10718
f 10721 10722 10723
f 10724 10725 10722
f 10716 10718 10715
f 10726 10727 10728
f 10729 10710 10709
f 10730 10731 10732
f 10733 10692 10734
f 10735 10736 10737
f 10738 10734 10739
f 10740 10741 10742
f 10691 10690 10702
f 10693 10702 10745
f 10746 10710 10729
f 10747 10748 10749
f 10713 10750 10751
f 10752 10753 10754
f 10745 10755 10756
f 10757 10758 10759
f 10760 10761 10762
f 10763 10764 10765
f 10766 10767 10768
f 10769 10770 10771
f 10733 10772 10692
f 10773 10748 10747
f 10774 10775 10776
f 10777 10715 10778
f 10779 10780 10781
f 10782 10783 10784
f 10738 10739 10785
f 10755 10745 10702
f 10786 10787 10788
f 10729 10709 10744
f 10789 10710 10699
f 10790 10756 10791
f 10692 10792 10690
f 10701 10794 10755
f 10690 10795 10701
f 10701 10755 10702
f 10798 10799 10735
f 10800 10801 10802
f 10803 10718 10804
f 10805 10760 10762
f 10806 10807 10755
f 10808 10809 10810
f 10811 10796 10743
f 10753 10741 10812
f 10813 10814 10815
f 10816 10817 10818
f 10819 10800 10802
f 10722 10721 10724
f 10694 10710 10746
f 10734 10738 10733
f 10722 10725 10785
f 10794 10701 10820
f 10711 10710 10789
f 10813 10752 10754
f 10699 10745 10789
f 10690 10792 10795
f 10772 10792 10692
f 10821 10725 10724
f 10822 10801 10823
f 10731 10718 10716
f 10824 10783 10825
f 10783 10782 10800
f 10826 10827 10828
f 10829 10772 10733
f 10785 10725 10830
f 10792 10772 10775
f 10831 10832 10833
f 10756 10834 10745
f 10739 10723 10722
f 10822 10768 10777
f 10797 10796 10811
f 10771 10770 10819
f 10716 10707 10731
f 10835 10836 10837
f 10838 10839 10840
f 10841 10842 10843
f 10806 10755 10794
f 10745 10699 10700
f 10844 10807 10845
f 10846 10711 10790
f 10847 10848 10849
f 10789 10834 10790
f 10821 10747 10830
f 10850 10806 10851
f 10785 10830 10852
f 10774 10820 10795
f 10797 10811 10853
f 10854 10855 10856
f 10857 10858 10859
f 10731 10707 10864
f 10866 10861 10867
f 10865 10861 10866
f 10863 10862 10870
f 10872 10873 10747
f 10871 10868 10874
f 10867 10875 10876
f 10877 10866 10878
f 10875 10879 10876
f 10877 10878 10880
f 10881 10882 10879
f 10881 10875 10883
f 10884 10870 10862
f 10885 10874 10877
f 10886 10772 10829
f 10878 10882 10880
f 10823 10801 10782
f 10870 10887 10883
f 10888 10870 10884
f 10833 10778 10831
f 10887 10889 10890
f 10794 10820 10774
f 10889 10888 10891
f 10885 10892 10893
f 10880 10894 10892
f 10880 10892 10885
f 10895 10890 10896
f 10897 10898 10891
f 10899 10897 10891
f 10900 10893 10892
f 10894 10901 10892
f 10795 10792 10774
f 10899 10888 10902
f 10892 10901 10903
f 10904 10901 10894
f 10905 10906 10897
f 10903 10907 10900
f 10775 10772 10908
f 10794 10851 10806
f 10904 10909 10901
f 10811 10711 10853
f 10902 10911 10912
f 10903 10913 10907
f 10914 10912 10911
f 10913 10903 10915
f 10915 10916 10913
f 10917 10918 10919
f 10920 10921 10922
f 10923 10921 10924
f 10790 10925 10846
f 10880 10885 10877
f 10926 10917 10919
f 10927 10928 10916
f 10916 10928 10929
f 10927 10930 10931
f 10931 10932 10927
f 10790 10791 10925
f 10922 10923 10933
f 10934 10819 10935
f 10936 10937 10931
f 10938 10926 10936
f 10769 10832 10939
f 10940 10941 10942
f 10943 10944 10945
f 10936 10946 10937
f 10947 10948 10928
f 10949 10950 10951
f 10952 10953 10726
f 10954 10822 10823
f 10779 10730 10780
f 10820 10701 10795
f 10911 10955 10914
f 10956 10957 10958
f 10906 10909 10904
f 10959 10960 10937
f 10951 10961 10949
f 10774 10851 10794
f 10943 10945 10962
f 10850 10807 10806
f 10963 10964 10965
f 10960 10959 10966
f 10766 10822 10954
f 10967 10944 10968
f 10853 10711 10846
f 10969 10946 10967
f 10936 10931 10930
f 10949 10970 10968
f 10971 10936 10930
f 10972 10966 10973
f 10974 10975 10976
f 10821 10773 10747
f 10977 10970 10978
f 10979 10972 10973
f 10838 10840 10980
f 10920 10922 10914
f 10983 10814 10763
f 10730 10732 10984
f 10967 10985 10969
f 10973 10966 10969
f 10986 10987 10988
f 10852 10989 10990
f 10991 10858 10990
f 10830 10989 10852
f 10992 10993 10994
f 10932 10931 10960
f 10995 10969 10985
f 10776 10775 10908
f 10970 10996 10997
f 10998 10774 10776
f 10771 10819 10802
f 10999 10791 10756
f 11000 11001 10762
f 10997 10996 11002
f 10895 10896 10904
f 10730 10840 10780
f 11003 10835 10988
f 10973 11004 11005
f 10984 10980 10730
f 11006 10997 11002
f 10774 10998 10851
f 11007 11008 11009
f 10997 11006 11010
f 10805 10762 11001
f 10904 10898 10906
f 11011 11012 11013
f 10898 10904 10896
f 11014 11005 11015
f 11016 11005 11004
f 10915 10903 10901
f 10728 10727 11017
f 10990 10989 10991
f 10989 10830 10873
f 10747 10873 10830
f 10859 11019 10828
f 11020 11021 11022
f 10909 11023 10923
f 10823 11024 10954
f 10843 11025 10838
f 10999 10756 11026
f 11027 11006 11028
f 10886 11029 10908
f 11027 11030 11006
f 10923 10922 10921
f 10743 10709 10811
f 10926 11031 10962
f 10843 10842 11032
f 11033 11016 11004
f 11004 11010 11033
f 10959 10946 10969
f 11034 11035 11036
f 10857 10859 11038
f 11039 11040 11041
f 10928 10972 10947
f 10927 10932 10928
f 10895 10887 10890
f 10875 10869 10870
f 11042 11030 11043
f 10808 10839 11044
f 11043 11027 11045
f 11042 11043 11045
f 11046 11047 11048
f 11042 11049 11030
f 10899 10933 11050
f 10784 10823 10782
f 10991 10859 10858
f 10999 11051 10791
f 11033 11052 11053
f 11054 11055 11056
f 11057 10999 11026
f 11058 11059 11060
f 11061 11062 11063
f 11064 11065 11042
f 11066 11067 10862
f 11068 11069 11070
f 11028 11006 11002
f 10731 10779 10718
f 10841 10843 11071
f 10972 10960 10966
f 10969 11004 10973
f 10887 10870 10889
f 11072 11073 11053
f 11064 11074 11075
f 11076 10808 10810
f 10955 10920 10914
f 10704 10770 10769
f 10838 11071 10843
f 11025 10843 11032
f 11077 11078 11079
f 10875 10870 10883
f 11078 11073 11080
f 10887 10881 10883
f 11073 11072 11080
f 11081 11072 11053
f 10694 10746 10793
f 10989 11019 10991
f 11075 11082 11064
f 11081 11053 11083
f 10859 10991 11019
f 10999 11084 11051
f 11083 11053 11052
f 11057 11026 11085
f 10839 10838 11025
f 10839 11025 11044
f 11080 11079 11078
f 10832 10831 10828
f 11086 11087 11088
f 10827 10826 11089
f 11057 11090 11091
f 10879 10882 10878
f 10939 10832 10872
f 10785 10852 10738
f 11082 11092 11064
f 11093 11094 11095
f 10889 10898 10890
f 11033 11073 11015
f 10888 11096 11097
f 10826 10831 10778
f 10857 11029 10858
f 11019 10989 10873
f 11098 10954 11024
f 11099 10873 10872
f 11090 11057 11085
f 11091 11084 10999
f 10870 10888 10889
f 10972 10928 10932
f 11100 11101 11102
f 11103 11080 11072
f 11104 11092 11082
f 10912 10933 10899
f 10916 10924 10927
f 10986 10988 11105
f 10771 10833 10769
f 11032 11044 11025
f 10873 11099 11019
f 11015 11016 11033
f 11106 11107 11108
f 11079 11080 11109
f 11103 11109 11080
f 10835 11110 10836
f 11111 11112 11113
f 11103 11072 11114
f 11114 11092 11104
f 10730 10779 10731
f 10718 10779 10804
f 10799 10798 11115
f 10811 10709 10711
f 10802 10777 10771
f 10971 10921 10920
f 11116 11117 10918
f 11026 10807 10844
f 10944 10951 10950
f 10859 10827 11038
f 10827 10859 10828
f 10770 10704 10819
f 11118 11103 11114
f 10898 10896 10890
f 11119 11120 11121
f 11010 11049 11052
f 10923 10924 11122
f 10916 10915 11122
f 10886 10829 10738
f 11123 11124 11009
f 11096 10888 11125
f 11126 11079 11109
f 10828 11019 11099
f 11109 11118 11128
f 11013 11012 11131
f 11132 11133 11039
f 11013 11134 11011
f 11135 11136 11137
f 11138 11139 11140
f 11083 11065 11064
f 11128 11126 11109
f 10912 10899 10902
f 11141 11142 10753
f 10899 11050 10905
f 10996 10970 10949
f 10763 11143 10983
f 10726 10728 10993
f 10759 10758 11144
f 11145 11131 11012
f 11146 11145 11147
f 11013 10981 11148
f 11149 11150 11039
f 11146 11131 11145
f 11102 11151 11152
f 11081 11092 11114
f 11153 11128 11118
f 11021 11154 11155
f 11156 10753 11157
f 11128 11153 11126
f 10924 10916 11122
f 11158 11159 11160
f 10933 11023 11050
f 11097 10902 10888
f 11011 11161 11012
f 10850 10845 10807
f 11162 10953 11107
f 11154 11020 11163
f 10862 11067 10884
f 10909 10906 10905
f 11164 11165 11157
f 10869 10863 10870
f 10866 10877 10865
f 11156 11157 11165
f 10869 10875 10867
f 10909 10923 11122
f 10990 10886 10738
f 10881 10895 10882
f 10979 10947 10972
f 10941 10992 10942
f 11166 11167 11168
f 11022 11021 11169
f 10969 10966 10959
f 11170 11171 10816
f 11143 11119 10983
f 10902 11117 11116
f 10872 10747 10749
f 10881 10887 10895
f 11172 10979 10973
f 11173 11174 11175
f 11139 11176 11140
f 11163 11177 11153
f 10997 11178 10978
f 10733 10738 10829
f 11168 11179 11166
f 10866 10867 10876
f 11083 11064 11092
f 10990 10738 10852
f 11133 11040 11039
f 11104 11154 11114
f 11180 11119 11181
f 10962 11031 10943
f 11088 11182 11086
f 11124 11183 11179
f 11155 11184 11021
f 10710 10694 10699
f 11185 11186 11187
f 10919 11031 10926
f 11000 10728 11001
f 11021 11020 11154
f 10925 10791 11051
f 10938 10955 10917
f 10915 10909 11122
f 10898 10889 10891
f 11053 11073 11033
f 11041 11149 11039
f 11188 11189 11190
f 11030 11049 11006
f 11015 11073 11078
f 10899 10891 10888
f 11191 11119 11121
f 11192 10816 10818
f 11193 10835 11194
f 11183 11195 11196
f 11197 10696 11198
f 11199 11200 11201
f 11202 11203 11204
f 11205 11121 11120
f 11206 11207 11208
f 11209 10987 11210
f 10969 10995 11004
f 11177 11163 11020
f 11042 11065 11049
f 10973 11005 11172
f 11049 11065 11052
f 11159 11211 11208
f 10876 10879 10878
f 11014 11172 11005
f 11178 10985 10978
f 10985 11178 10995
f 11163 11153 11118
f 11180 11120 11119
f 10936 10926 10962
f 11103 11118 11109
f 11212 11213 11214
f 11000 10761 11215
f 10917 10955 10911
f 11178 11010 10995
f 10959 10937 10946
f 11027 11043 11030
f 11118 11114 11154
f 11211 11206 11208
f 10920 10955 10938
f 11218 11219 11220
f 10877 10874 10865
f 10923 11023 10933
f 10895 10894 10882
f 11050 10909 10905
f 10936 10971 10938
f 11221 11222 11223
f 10914 10922 10933
f 10930 10921 10971
f 10967 10968 10977
f 11176 11196 11225
f 10949 10961 10996
f 11162 11106 11198
f 10945 10936 10962
f 11225 11036 11176
f 11178 10997 11010
f 10882 10894 10880
f 10945 10946 10936
f 11035 10798 11226
f 11227 11228 11212
f 11227 11217 11223
f 10924 10930 10927
f 11229 11230 11141
f 10933 10912 10914
f 11231 11229 11232
f 10917 10926 10938
f 10978 10970 10997
f 11010 11006 11049
f 10968 10944 10950
f 11233 10855 11234
f 11160 11018 11147
f 10971 10920 10938
f 10944 10967 10946
f 11111 11230 11235
f 10972 10932 10960
f 10970 10977 10968
f 11022 11177 11020
f 10913 10916 10929
f 11217 11227 11216
f 11023 10909 11050
f 11074 11064 11045
f 11236 10815 10814
f 11212 11216 11227
f 10977 10985 10967
f 11142 11230 11237
f 11212 11228 11213
f 10765 11143 10763
f 11237 11171 11170
f 10812 10741 10740
f 11237 11170 11164
f 10921 10930 10924
f 10742 10741 10736
f 10895 10904 10894
f 11239 10742 11115
f 11240 11035 11226
f 11045 11027 11074
f 11241 11242 11243
f 10950 10949 10968
f 10951 10944 10943
f 11245 11246 11034
f 11247 11037 10805
f 11154 11163 11118
f 10905 10897 10899
f 10805 11001 11247
f 10903 10900 10892
f 11248 11156 11249
f 11250 11251 11252
f 11083 11092 11081
f 11004 10995 11010
f 10865 10874 10868
f 10906 10898 10897
f 11214 11213 11253
f 11230 11231 11235
f 10879 10875 10881
f 11254 11255 11256
f 11247 11001 11138
f 10737 10798 10735
f 11064 11042 11045
f 10945 10944 10946
f 10985 10977 10978
f 11222 11221 11224
f 11072 11081 11114
f 11033 11010 11052
f 11007 11168 10836
f 11214 11216 11212
f 10727 10726 11162
f 11257 11258 10719
f 11154 11104 11155
f 11179 10696 10698
f 11012 11161 11145
f 10818 11259 11192
f 11260 11145 11161
f 10878 10866 10876
f 11065 11083 11052
f 11248 11240 11226
f 10696 11197 10697
f 11261 11185 11262
f 10915 10901 10909
f 10931 10937 10960
f 11015 11005 11016
f 11009 11263 11123
f 10957 11264 11255
f 11265 11266 11267
f 10987 11209 10988
f 11036 11140 11176
f 11252 11268 11258
f 11134 11013 11148
f 10752 10813 10758
f 10992 10994 11000
f 10753 11142 11157
f 10754 10740 10764
f 10813 11269 11144
f 11270 10740 10742
f 11271 10712 10983
f 11151 10986 11105
f 11037 11247 10817
f 11272 11273 11274
f 11046 11275 11276
f 11087 10697 11063
f 11232 11141 10752
f 11181 11143 11277
f 10750 11271 11193
f 11249 11240 11248
f 10753 10812 10754
f 11112 11111 11235
f 10737 11248 11226
f 11277 11239 11180
f 11228 11278 11213
f 10736 10735 10799
f 11037 11279 11113
f 11280 11087 11086
f 11248 10737 11156
f 11281 11282 11283
f 11140 11284 11138
f 10740 11270 10764
f 11180 11181 11277
f 11232 10752 10757
f 10753 11156 10741
f 11285 11286 11287
f 11239 11277 11270
f 11288 11220 11219
f 11143 11181 11119
f 10813 10815 11269
f 11196 11195 11225
f 11289 11278 11290
f 11105 10988 11275
f 11291 11292 11293
f 10749 10748 11295
f 11296 10773 10821
f 10736 11156 10737
f 11192 11165 11170
f 11226 10798 10737
f 11298 11299 11300
f 11263 11301 11123
f 11056 11300 11299
f 11115 11205 11120
f 10742 10799 11115
f 11159 11266 11018
f 11302 11300 11055
f 10817 11247 10818
f 10765 11277 11143
f 11237 11230 11303
f 11037 10817 11279
f 11304 11305 11306
f 11067 11307 11302
f 11308 11152 11151
f 10815 11236 11294
f 10939 11309 10705
f 11062 11310 11088
f 11311 11312 11280
f 11198 11106 11197
f 11003 11194 10835
f 11054 11313 11096
f 11314 11315 11316
f 11274 11317 11272
f 11215 11318 11319
f 11182 11088 11320
f 11196 11176 11139
f 10749 11309 10939
f 11124 11179 11168
f 10696 11179 11321
f 10764 10813 10754
f 10764 10763 10813
f 11211 11159 11158
f 11322 11304 11306
f 11112 10788 11113
f 11060 10856 10855
f 11041 11323 11324
f 11289 10703 11309
f 11260 11211 11158
f 11301 11034 11246
f 11321 11198 10696
f 10987 10986 11325
f 11313 11326 11117
f 11106 11061 11197
f 11119 11271 10983
f 11087 11280 11312
f 11327 11328 11329
f 11101 10964 11330
f 11183 11124 11195
f 11331 11332 11333
f 11246 11195 11124
f 11108 11334 11061
f 11003 10988 11209
f 11335 11058 11068
f 10952 10726 11336
f 11337 11338 11261
f 11339 11340 11341
f 11264 10957 10956
f 10848 11342 10849
f 11276 11047 11046
f 11148 10981 11343
f 11286 11285 10698
f 11285 11166 10698
f 11149 11344 11150
f 11009 11345 11007
f 10982 11343 10981
f 10964 11101 11100
f 11342 11173 10849
f 11346 11101 11330
f 11286 11312 11287
f 11347 11285 11287
f 11285 11347 11166
f 11348 11110 11191
f 11335 11059 11058
f 11349 11320 10854
f 11350 11351 11352
f 11312 11311 11287
f 11168 11167 10836
f 10836 11348 11007
f 11100 11320 11349
f 11199 11354 11200
f 11355 11356 11357
f 11280 11308 11311
f 11275 11046 11287
f 11167 10837 10836
f 11358 11060 10855
f 10856 11100 11349
f 10964 11100 10856
f 10965 10856 11059
f 10964 10856 10965
f 10996 11359 11002
f 11310 11320 11088
f 11112 10786 10788
f 11193 11194 10750
f 11360 11361 11362
f 11335 10963 10965
f 11356 11355 11363
f 11364 11355 11365
f 10751 10750 11194
f 10975 10963 11068
f 11366 11367 11368
f 11369 11370 11346
f 11354 11371 11200
f 11289 11290 10703
f 11372 11327 11262
f 11281 11283 11373
f 11242 11003 11209
f 11003 11242 11194
f 11360 11374 11361
f 11194 11241 11375
f 11376 10854 11320
f 11375 11377 10751
f 11370 11369 11378
f 10975 11070 10958
f 11309 10703 10705
f 10697 11087 11312
f 11379 11380 11135
f 11261 11282 11186
f 11138 11001 11017
f 11381 11382 10848
f 11241 11194 11242
f 11377 11375 11383
f 11161 11384 11260
f 10957 10975 10958
f 11372 11385 11386
f 11375 11150 11387
f 11133 11370 11378
f 11074 11027 11388
f 11378 10974 11254
f 10975 10957 10976
f 11389 11390 11391
f 11331 11392 11393
f 11242 11394 11243
f 11387 11383 11375
f 11095 11188 11093
f 11388 11204 11074
f 11132 11370 11133
f 11254 11256 11378
f 11255 11254 10976
f 11250 11383 11395
f 11391 11074 11389
f 11396 11397 11392
f 11351 11173 11398
f 11394 11132 11039
f 11256 11255 11264
f 11039 11243 11394
f 11185 11385 11262
f 11040 11133 11256
f 11345 11168 11007
f 10740 10754 10812
f 11204 11399 11202
f 11184 11397 11396
f 11366 11359 11367
f 11253 11278 11289
f 11400 11344 11379
f 11198 11183 11196
f 11393 11401 11332
f 11359 10961 11367
f 11353 11236 10712
f 11149 11041 11324
f 11344 11149 11402
f 11393 11390 11389
f 10976 10957 11255
f 11388 11028 11359
f 11395 11400 11135
f 11275 11311 11105
f 11385 11185 11292
f 11068 10963 11335
f 11402 11380 11379
f 11106 11162 11107
f 11400 11387 11344
f 11403 11404 11202
f 11135 11137 11395
f 11402 11188 11380
f 11203 11202 11401
f 11100 11086 11182
f 11405 11370 11132
f 11046 11347 11287
f 11374 11283 11406
f 11203 11401 11393
f 11199 11350 11352
f 11218 11407 11219
f 11380 11408 11339
f 11402 11149 11218
f 11194 11375 10751
f 11341 11409 11136
f 11190 11315 11094
f 11408 11380 11095
f 11189 11188 11410
f 11354 11352 11190
f 11337 11261 11262
f 11408 11095 11340
f 11075 11074 11082
f 11069 11068 11058
f 10993 10992 10941
f 11095 11380 11188
f 11400 11383 11387
f 11162 11198 11196
f 11372 11340 11327
f 11220 11411 11371
f 11190 11189 11354
f 11407 11218 11324
f 10816 11279 10817
f 11378 11256 11133
f 11284 11247 11138
f 10993 11412 10726
f 11354 11189 11371
f 11094 11093 11190
f 11329 11328 11095
f 11413 11267 11207
f 11414 11323 11041
f 11186 11415 11054
f 11416 11417 11268
f 11271 10750 10712
f 11305 10714 11306
f 10712 11418 11353
f 11184 11396 11021
f 11070 10975 11068
f 11419 11200 11371
f 11220 11288 11411
f 11359 11028 11002
f 11215 11319 10992
f 11337 11327 11338
f 11337 11262 11327
f 11060 11358 11058
f 11420 11104 11082
f 11323 11219 11407
f 11352 11315 11190
f 11137 11136 11395
f 11108 11107 11273
f 11171 11237 11303
f 11200 11419 11201
f 11421 11422 11329
f 11422 11316 11338
f 11185 11261 11186
f 11325 11346 11405
f 11136 11423 11395
f 11119 11191 11110
f 10713 10712 10750
f 11418 10712 11424
f 11425 11426 11427
f 11428 11289 11295
f 11108 11061 11106
f 11302 11055 11096
f 11113 11279 11111
f 11311 11275 11287
f 10787 10786 11429
f 11186 11282 11326
f 11319 11430 10942
f 11135 11380 11339
f 11220 11371 11189
f 11428 11253 11289
f 11421 11314 11422
f 11282 11281 11326
f 10712 11236 10983
f 11157 11142 11164
f 10719 11426 11431
f 11305 10712 10714
f 11305 11304 11424
f 11209 11394 11242
f 10911 10902 11116
f 11419 11411 11432
f 11203 11389 11204
f 11261 11406 11282
f 11281 11373 11326
f 11339 11408 11340
f 11187 11292 11185
f 11121 11008 11191
f 11258 11426 10719
f 11350 11434 11435
f 11174 11351 11350
f 11097 11117 10902
f 11436 11433 11425
f 11302 10884 11067
f 11437 11382 11316
f 11326 11313 11415
f 11397 11390 11392
f 10713 10751 10714
f 11211 11260 11438
f 11416 11439 11417
f 11382 11381 11406
f 11440 11316 11315
f 11440 11351 11398
f 11350 11365 11357
f 10728 11000 10994
f 10758 10757 10752
f 11405 11210 11325
f 11295 10773 11296
f 10837 11167 11048
f 11307 11298 11300
f 11307 11067 11066
f 11404 11356 11202
f 11250 11306 10714
f 11441 11442 11430
f 10940 10942 11443
f 11061 10697 11197
f 11358 11069 11058
f 11444 11233 11234
f 10766 11098 11445
f 10864 11446 11447
f 11448 11449 11450
f 11447 11451 11452
f 11453 11454 11455
f 11456 11457 11458
f 10917 10911 10918
f 11459 11460 11454
f 11461 11462 11463
f 11464 11465 11466
f 11399 11403 11202
f 11467 11468 11469
f 11470 11471 11472
f 11458 10703 11290
f 11453 11473 11459
f 11381 11474 11406
f 11475 11450 11449
f 10848 11368 11381
f 10860 11476 11462
f 11477 10864 11478
f 11048 11167 11347
f 11205 11034 11301
f 10948 10947 11479
f 11479 11480 11481
f 11482 11483 10893
f 11456 11484 11485
f 11486 11487 11488
f 11484 11489 11490
f 11491 11492 11493
f 11494 11223 11489
f 11495 10935 11496
f 11451 10706 11497
f 11498 11499 10824
f 11374 11406 11474
f 11500 11472 11462
f 11501 11502 11461
f 11381 11368 11474
f 10847 11368 10848
f 11503 11481 11504
f 11445 11504 11481
f 11227 11505 11228
f 10784 11499 11024
f 10911 11116 10918
f 11476 11463 11462
f 11223 11222 11489
f 10918 11283 11506
f 11480 11507 11445
f 11508 11484 11456
f 10980 10984 11509
f 11510 11511 11512
f 11513 11457 11485
f 11501 11461 11463
f 11495 11514 11515
f 11516 11455 11517
f 11503 11518 11479
f 11453 11459 11454
f 11086 11152 11280
f 11519 11491 11501
f 10913 10929 11520
f 11521 11522 11469
f 11523 11024 11499
f 11521 11524 11525
f 11526 11507 11452
f 11223 11494 11227
f 11517 11527 11478
f 10864 10732 10731
f 11484 11494 11489
f 11456 11485 11457
f 11463 11482 11501
f 11528 11473 11529
f 11078 11077 11530
f 11531 11532 11528
f 10824 11512 11498
f 11487 10935 10819
f 10706 11451 11446
f 11473 11533 11459
f 11283 11374 11506
f 11452 11534 11535
f 11464 11466 11536
f 11537 11520 11511
f 11487 11486 11493
f 11538 11450 11475
f 11493 11492 11487
f 11490 11489 11539
f 11150 11243 11039
f 11508 11458 11505
f 11540 11470 11472
f 11537 10907 11520
f 11541 11542 11538
f 11466 11449 11536
f 11484 11505 11494
f 11507 11480 11479
f 11508 11456 11458
f 10948 11518 10929
f 11512 11511 11498
f 11485 11524 11468
f 10847 11403 11368
f 11494 11505 11227
f 11535 11543 11452
f 11534 10947 10979
f 11452 11451 11526
f 11455 11527 11517
f 11540 11539 11489
f 11462 11461 11521
f 10893 10900 11537
f 11476 10871 11483
f 11540 11224 11470
f 10815 11294 11269
f 11077 11464 11530
f 11506 11360 11362
f 11521 11500 11462
f 11544 11523 11499
f 11527 11545 11477
f 11529 11473 11546
f 11547 11548 11545
f 11498 11511 11544
f 11549 11547 11454
f 11183 11198 11321
f 10928 10948 10929
f 11510 11512 11514
f 11538 11550 11450
f 11551 11361 11474
f 11222 11224 11540
f 11532 11550 11533
f 11449 11466 11475
f 10893 11501 11482
f 11278 11228 11290
f 11478 10864 11447
f 11531 11015 11078
f 11222 11540 11489
f 11479 10947 11507
f 10980 11509 10838
f 11463 11483 11482
f 11490 11539 11525
f 11552 10979 11172
f 11325 11210 10987
f 11490 11524 11485
f 11500 11539 11472
f 11024 11503 11504
f 11551 10951 11361
f 11532 11531 11448
f 11448 11531 11449
f 11368 11399 11366
f 11552 11534 10979
f 11543 11535 11553
f 11467 11485 11468
f 10703 11458 11457
f 11539 11521 11525
f 11513 11485 11467
f 11545 11527 11547
f 10860 10871 11476
f 11521 11461 11502
f 10704 10703 11488
f 11015 11531 11529
f 11538 11475 11541
f 11467 11486 11513
f 11515 10825 11495
f 11505 11484 11508
f 10783 10824 11499
f 11424 10720 11418
f 11554 11555 11514
f 11541 11509 11542
f 11024 11556 11503
f 11556 11523 11544
f 11556 11518 11503
f 11555 11491 11510
f 11485 11484 11490
f 11522 11486 11467
f 11488 11487 10819
f 11557 11492 11491
f 11521 11469 11524
f 11534 11552 11535
f 11078 11530 11558
f 11483 10874 10885
f 11542 11550 11538
f 11493 11522 11502
f 11546 11473 11453
f 11473 11528 11533
f 11441 11206 11211
f 11445 11481 11480
f 11496 11487 11557
f 10893 11483 10885
f 11501 11537 11519
f 11359 11399 11204
f 11477 11545 10864
f 11554 11496 11557
f 10951 11362 11361
f 11399 11359 11366
f 11014 11529 11559
f 11560 10984 11549
f 11457 11513 11488
f 11510 11491 11519
f 11509 11541 10838
f 11561 11550 11542
f 11427 11562 11291
f 11518 11511 11520
f 11454 11527 11455
f 11407 11324 11323
f 11500 11521 11539
f 11549 11561 11560
f 10732 11545 11548
f 11554 11557 11555
f 10726 10953 11162
f 11496 10935 11487
f 11542 11509 11560
f 11523 11556 11024
f 10767 11526 11497
f 11488 11513 11486
f 11554 11495 11496
f 11537 11501 10893
f 11531 11078 11558
f 11563 11077 11079
f 11495 10825 10935
f 11529 11546 11559
f 10732 11548 10984
f 11493 11486 11522
f 11460 11459 11533
f 11452 11507 11534
f 11530 11464 11536
f 11504 11445 11098
f 11518 11556 11544
f 11462 11472 11471
f 10900 10907 11537
f 11539 11540 11472
f 11543 11478 11447
f 11478 11516 11517
f 11522 11521 11502
f 11536 11531 11558
f 11467 11469 11522
f 11362 10951 10943
f 11319 10942 10992
f 11466 11564 11475
f 11519 11537 11511
f 11560 11561 11542
f 11536 11449 11531
f 11543 11516 11478
f 11448 11450 11550
f 11228 11505 11290
f 11290 11505 11458
f 10907 10913 11520
f 11547 11527 11454
f 11454 11460 11549
f 11331 11393 11332
f 11256 11565 11040
f 11499 11498 11544
f 11526 11451 11497
f 11324 11218 11149
f 11448 11550 11532
f 11566 11535 11552
f 11531 11528 11529
f 10784 10783 11499
f 11515 11514 11512
f 11483 10871 10874
f 10704 11488 10819
f 11528 11532 11533
f 11507 10947 11534
f 11529 11014 11015
f 11543 11447 11452
f 11501 11491 11502
f 11561 11549 11460
f 11329 11095 11094
f 11511 11518 11544
f 11549 11548 11547
f 11550 11460 11533
f 11495 11554 11514
f 11483 11463 11476
f 10929 11518 11520
f 11479 11481 11503
f 11563 11464 11077
f 11213 11278 11253
f 11548 11549 10984
f 11518 10948 11479
f 10984 11560 11509
f 11559 11546 11567
f 11567 11566 11559
f 11451 11447 11446
f 11568 11318 11207
f 11504 11098 11024
f 11457 11488 10703
f 11135 11400 11379
f 11546 11455 11567
f 11557 11487 11492
f 11516 11553 11567
f 11172 11559 11552
f 11130 11265 11267
f 11558 11530 11536
f 11524 11490 11525
f 11491 11493 11502
f 11555 11510 11514
f 11561 11460 11550
f 11511 11510 11519
f 11389 11074 11204
f 11172 11014 11559
f 11387 11150 11344
f 11557 11491 11555
f 11526 10767 11445
f 11417 11439 11427
f 11553 11516 11543
f 10864 10707 11446
f 11468 11524 11469
f 11445 11507 11526
f 11559 11566 11552
f 10766 11445 10767
f 11566 11553 11535
f 10824 10825 11515
f 10706 11446 10707
f 11553 11566 11567
f 11364 11333 11363
f 10864 11545 10732
f 11516 11567 11455
f 11477 11478 11527
f 11546 11453 11455
f 11512 10824 11515
f 10803 11089 10826
f 11474 11367 11551
f 11359 10996 10961
f 10839 11076 11569
f 10804 11570 11089
f 10941 11412 10993
f 11571 11076 10810
f 11101 11325 10986
f 11257 10719 10720
f 11189 11410 11220
f 11316 11382 11338
f 11209 11132 11394
f 10810 10809 11572
f 11295 11309 10749
f 11573 10804 10781
f 11573 10781 11574
f 11279 10816 11171
f 11575 11089 11570
f 10816 11192 11170
f 11576 10840 11569
f 11389 11203 11393
f 11130 11267 11413
f 10804 11573 11570
f 11089 11575 10827
f 11577 11578 11571
f 11576 11574 10840
f 11577 11576 11578
f 10827 11575 11038
f 11386 11562 11579
f 11580 11572 11581
f 11430 11568 11441
f 11574 11576 11582
f 11581 11583 11584
f 11585 11570 11573
f 11341 11372 11409
f 11586 11573 11574
f 11579 11372 11386
f 11587 11575 11585
f 11580 11581 11588
f 11577 11589 11576
f 11574 11590 11586
f 11575 11587 11591
f 11577 11580 11589
f 10818 11247 11284
f 11584 11592 11588
f 11589 11580 11588
f 11593 11594 11595
f 11141 10753 10752
f 11167 11166 11347
f 11437 11316 11440
f 11426 11425 11433
f 11240 11249 11259
f 11588 11592 11589
f 11329 11094 11421
f 10776 11596 11597
f 11348 11008 11007
f 11110 11193 11119
f 11035 11034 11205
f 11029 11598 11599
f 11246 11124 11123
f 11599 11598 11600
f 11592 11601 11589
f 11082 11074 11391
f 11125 11302 11096
f 11150 11375 11241
f 11600 11598 11602
f 11603 11604 11605
f 11601 11606 11589
f 11606 11607 11604
f 11608 11609 11610
f 11611 11607 11606
f 11291 11293 11427
f 11017 10727 11138
f 10786 11112 11235
f 11252 11416 11268
f 11612 11613 11614
f 11615 11616 11617
f 11600 11596 11599
f 11618 11619 11616
f 11620 11619 11618
f 10975 10974 11621
f 11622 11623 11624
f 11625 11626 11611
f 11619 11627 11628
f 11361 11374 11474
f 11619 11620 11627
f 10776 10908 11596
f 11171 11111 11279
f 11617 11629 11630
f 10786 11231 11429
f 11584 11588 11581
f 11262 11385 11372
f 11631 11616 11632
f 11082 11391 11420
f 10856 11060 11059
f 11633 11634 11635
f 11611 11636 11625
f 11629 11616 11619
f 11136 11416 11251
f 11637 11638 10720
f 11639 11322 11306
f 10776 11597 11640
f 11641 11597 11642
f 11643 11644 11613
f 11618 11616 11631
f 11352 11354 11199
f 11645 11646 11647
f 11439 11136 11579
f 11633 11604 11626
f 11648 11594 11630
f 11630 11629 11619
f 10776 11640 10998
f 11649 11650 11614
f 11610 11651 11642
f 11625 11652 11634
f 11653 11654 11610
f 11151 11102 11101
f 11655 11656 11657
f 11351 11440 11315
f 11309 11295 11289
f 11658 11659 10850
f 11660 11661 11662
f 11312 11286 10697
f 11610 11654 11608
f 11663 11647 11664
f 10908 11029 11596
f 11257 11638 11258
f 11391 11397 11420
f 11653 11602 11654
f 11665 11666 11667
f 11636 11593 11652
f 11630 11628 11648
f 11144 10758 10813
f 11155 11104 11420
f 11575 11570 11585
f 11632 11583 11631
f 11306 11252 11639
f 11639 11638 11322
f 11592 11615 11617
f 11293 11292 11187
f 11639 11252 11638
f 10998 11658 10851
f 11184 11155 11397
f 11333 11332 11363
f 11635 11668 11609
f 11594 11648 11595
f 10850 11659 10845
f 11669 11628 11627
f 11655 11669 11656
f 11054 11415 11313
f 11427 11268 11417
f 11610 11642 11653
f 11398 11437 11440
f 11117 11373 10918
f 11551 10961 10951
f 11658 11640 11670
f 10698 11166 11179
f 10698 10697 11286
f 11385 11292 11291
f 11035 11240 11140
f 11668 11652 11593
f 10835 11047 11276
f 11169 11021 11396
f 11411 11419 11371
f 11648 11628 11650
f 11669 11650 11628
f 11671 11661 11672
f 11379 11344 11402
f 10748 10773 11295
f 11673 11293 11187
f 11638 11257 10720
f 11621 11378 11369
f 11674 10761 11129
f 11215 11413 11318
f 11168 11345 11124
f 11664 11651 11609
f 11315 11352 11351
f 11426 11268 11427
f 11568 11206 11441
f 11670 11659 11658
f 11384 11675 11260
f 11647 11641 11651
f 10837 11047 10835
f 11404 11403 10847
f 11401 11356 11363
f 11363 11355 11364
f 11661 11660 11672
f 11675 11438 11260
f 11305 11424 10712
f 11655 11671 11672
f 11605 11633 11654
f 11207 11318 11413
f 11390 11397 11391
f 11611 11601 11617
f 11190 11093 11188
f 11041 11040 11414
f 11250 10714 11383
f 11641 11646 11670
f 11314 11421 11315
f 11034 11036 11245
f 11676 11643 11613
f 11663 11677 11667
f 11609 11668 11664
f 11593 11678 11668
f 11617 11630 11594
f 10849 11175 10847
f 11251 11250 11423
f 11679 11650 11669
f 11115 11120 11239
f 11162 11138 10727
f 11235 11231 10786
f 11622 11680 11681
f 11121 11301 11263
f 11155 11420 11397
f 11310 11334 11376
f 11121 11205 11301
f 11308 11105 11311
f 11334 11108 11273
f 11320 11100 11182
f 11252 11251 11416
f 11088 11087 11062
f 11617 11601 11592
f 11193 11271 11119
f 11372 11341 11340
f 11677 11664 11668
f 11635 11608 11654
f 11668 11678 11677
f 11667 11593 11595
f 11608 11635 11609
f 11302 11307 11300
f 11595 11650 11649
f 11031 11362 10943
f 11682 11660 11683
f 11660 11662 11683
f 11625 11636 11652
f 11173 11175 10849
f 10728 11017 11001
f 11650 11595 11648
f 11684 11670 11646
f 11649 11667 11595
f 11616 11629 11617
f 11620 11656 11627
f 11593 11667 11678
f 11342 10848 11382
f 11368 11403 11399
f 11347 11046 11048
f 11191 11008 11348
f 11662 11685 11683
f 11626 11634 11633
f 11607 11626 11604
f 11426 11433 11431
f 11637 10720 11424
f 10918 11373 11283
f 10845 11659 11686
f 10964 10963 11330
f 11684 11686 11659
f 11274 11107 10953
f 11606 11604 11590
f 11645 11684 11646
f 11667 11649 11665
f 11592 11632 11615
f 11201 11687 11199
f 11284 11240 11259
f 11667 11677 11678
f 11398 11382 11437
f 11602 11653 11600
f 11633 11605 11604
f 11650 11679 11614
f 11395 11383 11400
f 11668 11634 11652
f 11094 11315 11421
f 11031 11506 11362
f 11360 11506 11374
f 11183 11321 11179
f 11628 11630 11619
f 11571 11578 11569
f 11660 11682 11672
f 11369 11330 10963
f 11580 11577 11571
f 11202 11356 11401
f 11658 10998 11640
f 11673 11187 11186
f 11351 11174 11173
f 11038 11575 11591
f 11150 11241 11243
f 11636 11594 11593
f 11334 11273 11444
f 11368 11367 11474
f 11165 11164 11170
f 11165 11192 11249
f 11658 10850 10851
f 11426 11258 11268
f 11275 10988 11276
f 11649 11614 11613
f 11350 11435 11365
f 11688 11683 11685
f 11210 11405 11132
f 11611 11617 11636
f 11592 11584 11632
f 11029 10857 11598
f 11506 11031 10919
f 10844 10845 11689
f 11686 11689 10845
f 11645 11686 11684
f 11645 11690 11691
f 11314 11316 11422
f 11346 11370 11405
f 11663 11667 11666
f 11666 11690 11663
f 11614 11679 11612
f 11026 10844 11692
f 10840 11574 10780
f 11693 11612 11682
f 11086 11100 11102
f 11087 11063 11062
f 11635 11634 11668
f 11412 10941 10940
f 11409 11372 11579
f 11350 11357 11174
f 11694 11683 11695
f 11132 11209 11210
f 11404 11174 11357
f 11696 11681 11680
f 11336 10726 11412
f 11334 11444 11376
f 11313 11097 11096
f 11651 11610 11609
f 11295 11296 11428
f 11598 11591 11602
f 10993 10728 10994
f 11377 10714 10751
f 11186 11054 11673
f 11613 11644 11649
f 11693 11694 11697
f 11590 11582 11606
f 11240 11284 11140
f 11382 11398 11342
f 11152 11086 11102
f 11330 11369 11346
f 11207 11206 11568
f 11402 11410 11188
f 11689 11686 11698
f 11424 11322 11637
f 11673 11699 11293
f 11600 11653 11642
f 10884 11125 10888
f 11130 11674 11129
f 10842 11700 11032
f 11594 11636 11617
f 11698 11681 11689
f 11350 11687 11434
f 11665 11649 11644
f 11681 11696 11085
f 11633 11635 11654
f 11159 11018 11160
f 11591 11598 11038
f 11085 11026 11692
f 11308 11280 11152
f 11173 11342 11398
f 11378 11621 10974
f 11563 11701 11465
f 11107 11274 11273
f 11702 11703 11704
f 11563 11079 11701
f 11139 11138 11162
f 11597 11596 11642
f 11465 11703 11702
f 11439 11416 11136
f 11603 11590 11604
f 11056 11436 11699
f 11616 11615 11632
f 11024 10823 10784
f 10856 11349 10854
f 11642 11651 11641
f 11332 11401 11363
f 11234 10855 10854
f 11497 10708 10767
f 11365 11355 11357
f 11465 11702 11564
f 11603 11586 11590
f 11465 11464 11563
f 11250 11252 11306
f 11676 11613 11693
f 11047 10837 11048
f 11301 11246 11123
f 11261 11338 11406
f 11071 11475 10841
f 10961 11551 11367
f 10777 10778 10771
f 11230 11111 11303
f 10767 10708 10768
f 11565 11414 11040
f 11623 11698 11691
f 11231 11232 11429
f 11681 11705 11622
f 11310 11062 11334
f 11686 11645 11691
f 10919 10918 11506
f 10988 10835 11276
f 11274 10953 11317
f 11348 10836 11110
f 11404 11357 11356
f 11404 11175 11174
f 11706 11699 11436
f 11376 11320 11310
f 11700 10842 11704
f 11569 11578 11576
f 11158 11145 11260
f 11676 11697 11707
f 11698 11686 11691
f 11126 11701 11079
f 11705 11698 11623
f 11673 11056 11699
f 11317 10953 10952
f 10844 11689 11681
f 11382 11406 11338
f 11196 11139 11162
f 11059 11335 10965
f 11035 11140 11036
f 11195 11246 11245
f 10741 11156 10736
f 11175 11404 10847
f 11193 11110 10835
f 11696 11708 11085
f 11195 11245 11225
f 11249 11156 11165
f 10986 11151 11101
f 11709 11644 11710
f 11466 11465 11564
f 11687 11350 11199
f 11346 11325 11101
f 11245 11036 11225
f 11410 11402 11218
f 11705 11623 11622
f 11345 11009 11124
f 11105 11308 11151
f 11711 11587 11605
f 10841 11564 11702
f 10825 10800 10934
f 11674 11130 11413
f 11395 11423 11250
f 11340 11095 11328
f 11704 10842 11702
f 11263 11009 11008
f 11436 11056 11299
f 11701 11703 11465
f 11341 11135 11339
f 10842 10841 11702
f 11541 11071 10838
f 11341 11136 11135
f 11706 11425 11427
f 11624 11623 11710
f 11644 11712 11713
f 10841 11475 11564
f 11411 11288 11432
f 11579 11562 11439
f 11541 11475 11071
f 11602 11711 11654
f 11328 11327 11340
f 11267 11208 11207
f 11373 11117 11326
f 10798 11035 11205
f 11393 11392 11390
f 11319 11318 11568
f 11229 11141 11232
f 11283 11282 11406
f 11680 11622 11624
f 11062 11061 11334
f 11388 11359 11204
f 11244 11238 11297
f 11579 11136 11409
f 11027 11028 11388
f 10839 10808 11076
f 10777 10708 10715
f 11712 11714 11713
f 10801 10822 10777
f 11327 11329 11422
f 11376 11444 11234
f 10697 11061 11063
f 11008 11121 11263
f 10742 11239 11270
f 11229 11231 11230
f 11430 11443 10942
f 11695 11683 11688
f 11000 11215 10992
f 10854 11376 11234
f 10939 10705 10769
f 11441 11211 11438
f 11568 11430 11319
f 11624 11710 11713
f 10762 10761 11000
f 11338 11327 11422
f 11218 11220 11410
f 11715 11671 11655
f 11706 11293 11699
f 11562 11427 11439
f 11612 11655 11672
f 11160 11147 11158
f 11056 11055 11300
f 10714 11377 11383
f 11136 11251 11423
f 11054 11096 11055
f 11625 11634 11626
f 11142 11237 11164
f 11562 11386 11291
f 11304 11322 11424
f 11232 10757 11238
f 11258 11638 11252
f 11386 11385 11291
f 11266 11265 11018
f 10818 11284 11259
f 11270 10765 10764
f 11674 11215 10761
f 11587 11585 11586
f 11232 11244 11429
f 10814 10813 10763
f 11413 11215 11674
f 11429 11244 10787
f 11158 11147 11145
f 11238 11244 11232
f 10800 10825 10783
f 11582 11576 11589
f 11277 10765 11270
f 11208 11266 11159
f 11208 11267 11266
f 10804 11089 10803
f 11293 11706 11427
f 11641 11670 11640
f 10779 10781 10804
f 10828 11099 10832
f 10780 11574 10781
f 11612 11679 11655
f 10798 11205 11115
f 11569 11076 11571
f 10800 10819 10934
f 11663 11664 11677
f 10801 10777 10802
f 10793 10695 10694
f 10700 10694 10693
f 11054 11056 11673
f 10858 11029 10886
f 11682 11612 11672
f 11693 11683 11694
f 10715 10717 10778
f 10980 10840 10730
f 10963 10975 11621
f 11369 10963 11621
f 10832 10769 10833
f 10739 10722 10785
f 11710 11644 11713
f 11591 11711 11602
f 10831 10826 10828
f 10691 10695 10910
f 11099 10872 10832
f 11580 11571 11572
f 11637 11322 11638
f 10745 10834 10789
f 11142 11141 11230
f 11303 11111 11171
f 11582 11590 11574
f 11097 11313 11117
f 11239 11120 11180
f 10884 11302 11125
f 10742 10736 10799
f 11705 11681 11698
f 10708 10777 10768
f 11192 11259 11249
f 11709 11691 11666
f 11665 11644 11709
f 11693 11613 11612
f 11624 11713 11714
f 10807 11026 10756
f 11038 11598 10857
f 10695 10691 10693
f 10792 10775 10774
f 10814 10983 11236
f 10778 10833 10771
f 11425 11706 11436
f 11254 10974 10976
f 11664 11647 11651
f 11605 11586 11603
f 11627 11656 11669
f 10789 10790 10711
f 11029 11599 11596
f 11596 11600 11642
f 10702 10693 10691
f 11597 11641 11640
f 11085 11692 11681
f 11684 11659 11670
f 10707 10716 10708
f 10739 10734 10723
f 10872 10749 10939
f 11690 11647 11663
f 10999 11057 11091
f 11712 11676 11707
f 11415 11186 11326
f 10725 10821 10830
f 11683 11693 11682
f 10717 10826 10778
f 11647 11646 11641
f 11691 11709 11623
f 11679 11669 11655
f 10734 10910 10723
f 10803 10717 10718
f 11690 11666 11691
f 10729 10744 11127
f 10844 11681 11692
f 11676 11693 11697
f 11583 11632 11584
f 10734 10691 10910
f 11711 11605 11654
f 11572 11571 10810
f 11085 11708 11090
f 10908 10772 10886
f 11623 11709 11710
f 11712 11643 11676
f 10746 10729 11127
f 11430 11442 11443
f 11606 11582 11589
f 10886 10990 10858
f 11643 11712 11644
f 11591 11587 11711
f 11585 11573 11586
f 10822 10766 10768
f 11601 11611 11606
f 10803 10826 10717
f 11098 10766 10954
f 11605 11587 11586
f 10801 10800 10782
f 11626 11607 11611
f 10706 10708 11497
f 10935 10825 10934
f 11657 11715 11655
f 11569 10840 10839
f 10700 10693 10745
f 10756 10755 10807
f 10769 10705 10704
f 11690 11645 11647
f 10709 10743 10744
f 11709 11666 11665
f 10790 10834 10756
f 10734 10692 10691
