# wall_z_pos of bin.obj (continuous mesh)
# 12347 vertices, 21737 faces

v 0.053693 0.015499 0.133645
v 0.068608 0.020265 0.142312
v 0.067721 0.021496 0.143371
v 0.068449 0.022413 0.142273
v 0.047963 0.015880 0.128389
v 0.051422 0.015731 0.128989
v 0.050052 0.015843 0.126267
v 0.046607 0.015869 0.122047
v 0.062932 0.015755 0.142613
v 0.060812 0.015550 0.142067
v 0.077093 0.015570 0.128976
v 0.077881 0.015925 0.127600
v 0.057123 0.015544 0.124314
v 0.057250 0.015508 0.143848
v 0.059593 0.015624 0.143930
v 0.053218 0.015532 0.142179
v 0.050700 0.015639 0.135464
v 0.051284 0.015537 0.139547
v 0.049052 0.015649 0.137494
v 0.064158 0.016709 0.144701
v 0.064590 0.017382 0.145191
v 0.065572 0.017038 0.144062
v 0.055828 0.015499 0.128852
v 0.066564 0.016474 0.142959
v 0.066673 0.015759 0.141868
v 0.065277 0.016269 0.143237
v 0.036314 0.015675 0.125993
v 0.036338 0.015608 0.123870
v 0.033625 0.015645 0.125174
v 0.060868 0.016101 0.146407
v 0.061190 0.015765 0.144036
v 0.058722 0.015679 0.145925
v 0.063203 0.016143 0.144066
v 0.064832 0.015719 0.142005
v 0.072295 0.031932 0.135170
v 0.073958 0.031959 0.132397
v 0.073166 0.030682 0.133575
v 0.076290 0.017482 0.131270
v 0.075484 0.018205 0.133060
v 0.076689 0.019363 0.130511
v 0.061415 0.016761 0.148006
v 0.062665 0.016658 0.146090
v 0.079486 0.016184 0.124211
v 0.080735 0.018294 0.122635
v 0.067947 0.016597 0.142230
v 0.079079 0.019109 0.126118
v 0.079106 0.017374 0.125736
v 0.077577 0.017531 0.128727
v 0.074366 0.015597 0.134904
v 0.075383 0.016445 0.133034
v 0.063653 0.017174 0.145928
v 0.064069 0.017892 0.146513
v 0.047344 0.015829 0.134608
v 0.070665 0.015560 0.139798
v 0.078494 0.015595 0.126261
v 0.062740 0.017400 0.147445
v 0.038470 0.015621 0.124664
v 0.053165 0.015689 0.125779
v 0.038159 0.015644 0.127692
v 0.041427 0.015703 0.125651
v 0.063379 0.018251 0.147828
v 0.064297 0.019208 0.147448
v 0.062511 0.018074 0.148775
v 0.080055 0.019218 0.124234
v 0.079846 0.021160 0.124472
v 0.040771 0.015794 0.134032
v 0.037193 0.015773 0.134497
v 0.040525 0.015907 0.137568
v 0.081396 0.023908 0.121790
v 0.048033 0.015874 0.131272
v 0.079021 0.023190 0.125447
v 0.079868 0.024805 0.123938
v 0.076823 0.022086 0.129475
v 0.078216 0.020295 0.127555
v 0.077180 0.025098 0.127783
v 0.075232 0.020389 0.132959
v 0.079873 0.027179 0.123634
v 0.078951 0.025110 0.125124
v 0.074538 0.023748 0.132694
v 0.078719 0.030023 0.125283
v 0.079894 0.031628 0.123843
v 0.074286 0.029652 0.131720
v 0.074726 0.026785 0.131331
v 0.073021 0.027828 0.133920
v 0.074001 0.034842 0.132892
v 0.065577 0.026353 0.145913
v 0.066560 0.029716 0.144235
v 0.067681 0.027641 0.142548
v 0.076869 0.028639 0.127848
v 0.072653 0.026075 0.134948
v 0.071920 0.023999 0.136798
v 0.042595 0.015707 0.121893
v 0.068318 0.030322 0.141504
v 0.070170 0.027332 0.138642
v 0.071874 0.027645 0.135839
v 0.045019 0.015833 0.137724
v 0.047605 0.015627 0.141879
v 0.066911 0.023012 0.144456
v 0.067086 0.020223 0.144241
v 0.065180 0.022146 0.146945
v 0.067782 0.024916 0.142790
v 0.072086 0.029306 0.135293
v 0.070395 0.031496 0.138256
v 0.066810 0.033012 0.144047
v 0.068851 0.034238 0.141100
v 0.071459 0.034810 0.137105
v 0.050956 0.015856 0.123001
v 0.079793 0.034256 0.124555
v 0.076744 0.032801 0.128326
v 0.068786 0.025906 0.141026
v 0.069671 0.023978 0.140159
v 0.078291 0.037068 0.126937
v 0.053725 0.015770 0.123289
v 0.070229 0.020566 0.140343
v 0.043048 0.015877 0.135230
v 0.036818 0.015707 0.130777
v 0.033293 0.015689 0.132649
v 0.080357 0.036756 0.124278
v 0.040181 0.015626 0.122782
v 0.043970 0.015881 0.132708
v 0.047848 0.015970 0.126575
v 0.048212 0.015946 0.124959
v 0.064723 0.020490 0.147308
v 0.065517 0.019859 0.146009
v 0.064068 0.020754 0.148539
v 0.063050 0.018807 0.148904
v 0.066595 0.018761 0.144435
v 0.065419 0.018177 0.145283
v 0.066729 0.017483 0.143673
v 0.067497 0.018204 0.143405
v 0.068517 0.018322 0.142406
v 0.069973 0.018412 0.140999
v 0.069644 0.016754 0.141089
v 0.063087 0.019895 0.149769
v 0.071060 0.016929 0.139791
v 0.071208 0.018451 0.139604
v 0.072198 0.019572 0.138103
v 0.071427 0.021835 0.138365
v 0.072423 0.017385 0.138223
v 0.071999 0.016001 0.138581
v 0.073222 0.021219 0.135936
v 0.073909 0.018527 0.135835
v 0.076773 0.016038 0.129736
v 0.076212 0.016078 0.130976
v 0.073378 0.016266 0.136732
v 0.074562 0.016917 0.134780
v 0.045248 0.015926 0.126587
v 0.061888 0.017404 0.148799
v 0.030019 0.015621 0.125966
v 0.031666 0.015604 0.120723
v 0.040840 0.015737 0.130326
v 0.026957 0.015568 0.123851
v 0.044979 0.015912 0.130038
v 0.044033 0.015785 0.124018
v 0.022696 0.015573 0.123910
v 0.034822 0.015699 0.128630
v 0.031811 0.015676 0.128960
v 0.028937 0.015583 0.129606
v 0.023909 0.015561 0.127363
v 0.027395 0.015600 0.127369
v 0.013886 0.095797 0.229031
v 0.013789 0.096866 0.229771
v 0.013900 0.095065 0.229345
v 0.013851 0.094000 0.229445
v 0.013742 0.094805 0.230341
v 0.013564 0.092811 0.230764
v 0.013912 0.092944 0.229624
v 0.013692 0.093557 0.230186
v 0.009872 0.088011 0.230165
v 0.011348 0.088542 0.230905
v 0.010330 0.088938 0.230413
v 0.017454 0.078625 0.223889
v 0.018166 0.079309 0.223397
v 0.017552 0.080052 0.223807
v 0.014217 0.080948 0.228730
v 0.013907 0.079356 0.229168
v 0.014207 0.079627 0.227935
v 0.013669 0.078441 0.229860
v 0.014075 0.077772 0.229122
v 0.002237 0.088573 0.224874
v 0.001126 0.088365 0.223940
v 0.002040 0.086554 0.224928
v 0.012672 0.095750 0.231321
v 0.012896 0.096620 0.231309
v 0.012212 0.097120 0.230973
v -0.001594 0.082948 0.222464
v -0.002914 0.082625 0.221531
v -0.001942 0.082406 0.222152
v 0.001778 0.084899 0.224844
v 0.002487 0.083393 0.225444
v 0.003295 0.084951 0.226084
v 0.014613 0.096324 0.225942
v 0.014923 0.094517 0.225693
v 0.015166 0.095447 0.225171
v 0.008706 0.090725 0.229254
v 0.007099 0.089100 0.228297
v 0.009237 0.089145 0.229677
v 0.012126 0.081687 0.231400
v 0.012067 0.083043 0.231379
v 0.011076 0.081644 0.231118
v 0.010814 0.090208 0.230521
v 0.013088 0.086631 0.231321
v 0.013142 0.084847 0.230757
v 0.013616 0.086105 0.230140
v 0.013347 0.082307 0.230524
v 0.013580 0.082092 0.230156
v 0.013611 0.082905 0.230312
v 0.014122 0.084526 0.228879
v 0.014113 0.082681 0.228574
v 0.014174 0.083602 0.227695
v 0.013301 0.081533 0.230666
v 0.013559 0.081118 0.230188
v 0.013743 0.083906 0.230124
v 0.013753 0.085064 0.229898
v 0.006468 0.091079 0.227616
v 0.005712 0.089313 0.227215
v 0.010040 0.092383 0.230010
v 0.008625 0.093674 0.228925
v 0.009022 0.092676 0.229228
v 0.009026 0.095560 0.229132
v 0.007886 0.096621 0.228251
v 0.008075 0.094925 0.228463
v 0.004227 0.094364 0.225714
v 0.003934 0.093040 0.225709
v 0.005344 0.092795 0.226659
v 0.013643 0.087204 0.230296
v 0.013487 0.088530 0.230661
v 0.016873 0.077253 0.224145
v 0.017656 0.077705 0.223846
v 0.012915 0.097957 0.231235
v 0.012497 0.098640 0.231098
v 0.011992 0.093395 0.231024
v 0.012604 0.094639 0.231280
v 0.012065 0.095250 0.230966
v 0.013931 0.099071 0.229812
v 0.013683 0.098978 0.230604
v 0.014975 0.077490 0.225710
v 0.015396 0.075754 0.225151
v 0.015814 0.077324 0.224641
v 0.014226 0.084807 0.227602
v 0.014090 0.085716 0.228301
v 0.014700 0.080253 0.226099
v 0.014481 0.077400 0.227315
v 0.013190 0.089807 0.231219
v 0.013624 0.090520 0.230571
v 0.014250 0.087639 0.227771
v 0.014028 0.086923 0.229022
v 0.014365 0.086317 0.227048
v 0.008379 0.092083 0.228880
v 0.013968 0.091364 0.229091
v 0.013926 0.083022 0.229607
v 0.013919 0.081766 0.229516
v 0.013876 0.089774 0.229811
v 0.011688 0.091591 0.231007
v 0.012086 0.090494 0.231182
v 0.018205 0.078182 0.223431
v 0.006764 0.087797 0.228168
v 0.005850 0.088318 0.227487
v 0.005692 0.087069 0.227550
v 0.014151 0.100377 0.228989
v 0.014061 0.097955 0.228746
v 0.014077 0.096421 0.228719
v 0.012588 0.078186 0.231151
v 0.013122 0.078380 0.230448
v 0.013057 0.079878 0.230590
v 0.014542 0.083743 0.226408
v 0.015010 0.084089 0.225344
v 0.014864 0.085504 0.225632
v 0.009267 0.082042 0.230226
v 0.010093 0.080991 0.230734
v 0.009020 0.080379 0.230140
v 0.010811 0.079756 0.231137
v 0.001189 0.085887 0.224318
v 0.000833 0.085029 0.224165
v 0.009829 0.083342 0.230451
v 0.003395 0.086476 0.225918
v 0.010991 0.087078 0.230790
v 0.012037 0.086627 0.231311
v 0.012178 0.087516 0.231387
v 0.010962 0.083522 0.230936
v 0.000111 0.083655 0.223611
v 0.001489 0.081609 0.224738
v 0.012646 0.088772 0.231467
v 0.012736 0.090360 0.231416
v 0.012024 0.089608 0.231245
v 0.005296 0.085329 0.227408
v 0.004018 0.087576 0.226252
v 0.012715 0.081255 0.231518
v 0.012630 0.082472 0.231565
v -0.005478 0.083909 0.219703
v -0.003566 0.085151 0.220947
v 0.015393 0.079100 0.224951
v 0.015731 0.081323 0.224756
v 0.003281 0.091970 0.225120
v 0.002469 0.091398 0.224752
v 0.003132 0.089879 0.225347
v 0.013232 0.091047 0.231215
v 0.008328 0.085137 0.229450
v 0.008719 0.085986 0.229605
v 0.007094 0.085825 0.228668
v -0.001973 0.084312 0.222148
v 0.000158 0.085696 0.223616
v -0.001043 0.085417 0.222662
v 0.021159 0.080326 0.220225
v 0.020019 0.080286 0.221586
v 0.020170 0.078280 0.221325
v 0.011158 0.094385 0.230426
v 0.019329 0.076092 0.222332
v 0.018982 0.077739 0.222618
v 0.018096 0.076774 0.223457
v 0.010126 0.094889 0.229814
v 0.014409 0.100191 0.226143
v 0.014364 0.098896 0.227397
v 0.014497 0.098264 0.226011
v 0.016330 0.075442 0.224454
v 0.004784 0.080915 0.227107
v 0.004849 0.083120 0.227283
v 0.003257 0.081621 0.225919
v 0.021700 0.077319 0.219267
v 0.006905 0.093341 0.227721
v 0.007355 0.094692 0.227972
v 0.006482 0.095215 0.227257
v 0.014755 0.097478 0.225341
v 0.015338 0.097752 0.224876
v 0.014648 0.098512 0.225187
v 0.013860 0.085761 0.229259
v -0.001430 0.081281 0.222541
v 0.013572 0.079281 0.230026
v 0.013912 0.080391 0.229819
v 0.014447 0.097434 0.226676
v 0.013695 0.096299 0.230821
v 0.014124 0.095097 0.228254
v 0.014037 0.094301 0.228820
v 0.014123 0.093270 0.228051
v 0.017666 0.083015 0.223674
v 0.017041 0.081465 0.224110
v 0.018163 0.081547 0.223488
v 0.014422 0.094826 0.226911
v 0.014565 0.093515 0.226406
v 0.015653 0.083610 0.224848
v 0.015016 0.082544 0.225355
v 0.002413 0.080086 0.225218
v 0.012941 0.081002 0.231087
v 0.011179 0.095968 0.230533
v 0.004623 0.090370 0.226335
v 0.004692 0.088603 0.226688
v 0.012649 0.079863 0.231411
v 0.000068 0.081114 0.223702
v 0.012994 0.082610 0.230844
v 0.014455 0.099347 0.225476
v 0.014446 0.100087 0.225340
v 0.022239 0.080416 0.218587
v -0.000086 0.088813 0.223083
v -0.000855 0.087197 0.222706
v 0.000660 0.087009 0.223886
v 0.016386 0.079240 0.224232
v 0.008179 0.087935 0.229149
v 0.007227 0.084902 0.228785
v 0.005598 0.094256 0.226589
v 0.012991 0.087824 0.231468
v 0.014802 0.075531 0.226493
v 0.011461 0.085814 0.231023
v 0.011701 0.084477 0.231124
v 0.012521 0.085100 0.231527
v 0.013371 0.095154 0.231330
v 0.013397 0.097067 0.231227
v 0.017794 0.084682 0.223643
v 0.017705 0.086494 0.223799
v 0.016865 0.085552 0.224354
v 0.013854 0.100975 0.230323
v 0.004745 0.091657 0.226396
v 0.012708 0.091950 0.231495
v 0.012911 0.093572 0.231521
v 0.008474 0.084274 0.229661
v 0.008374 0.083263 0.229677
v 0.011571 0.080101 0.231445
v 0.009529 0.097889 0.229551
v 0.009222 0.096766 0.229230
v 0.012845 0.099232 0.231294
v 0.010134 0.084888 0.230398
v 0.011966 0.078926 0.231637
v 0.001450 0.091071 0.224101
v 0.012336 0.086098 0.231445
v 0.017403 0.075554 0.223968
v 0.012201 0.077367 0.231721
v 0.016668 0.086893 0.224225
v 0.018902 0.083424 0.222785
v 0.007613 0.100547 0.228294
v 0.007867 0.098876 0.228391
v 0.009210 0.099693 0.229382
v 0.007381 0.082281 0.229016
v 0.022984 0.078937 0.217420
v 0.013992 0.088661 0.228935
v 0.013824 0.087776 0.229815
v 0.014291 0.096557 0.227495
v 0.019203 0.081276 0.222516
v 0.019094 0.079296 0.222552
v 0.000959 0.079209 0.224161
v 0.013448 0.077477 0.230263
v 0.013603 0.097573 0.230775
v 0.018435 0.080267 0.223213
v 0.012722 0.083698 0.231405
v 0.012247 0.084083 0.231542
v 0.008703 0.101171 0.229130
v 0.020317 0.082357 0.221333
v 0.014936 0.099693 0.224841
v 0.006936 0.083841 0.228732
v 0.013399 0.098673 0.231166
v 0.014445 0.087816 0.226739
v 0.005130 0.078969 0.227286
v 0.003665 0.079461 0.226119
v 0.010923 0.091358 0.230605
v 0.011411 0.077977 0.231444
v 0.010357 0.078643 0.230899
v 0.010831 0.077341 0.231152
v 0.012441 0.091034 0.231394
v 0.010105 0.096545 0.229752
v 0.012056 0.080490 0.231523
v 0.007500 0.086861 0.228748
v 0.016624 0.083533 0.224297
v 0.014563 0.101236 0.225154
v 0.013159 0.100714 0.231254
v 0.010126 0.086153 0.230364
v 0.009193 0.087005 0.229910
v 0.011132 0.097651 0.230347
v 0.009081 0.091647 0.229347
v 0.007183 0.080999 0.228813
v 0.011892 0.098517 0.230775
v 0.014284 0.081823 0.227480
v 0.000178 0.090477 0.223193
v 0.007736 0.079696 0.229232
v 0.014261 0.088624 0.227388
v 0.009298 0.078195 0.230204
v 0.010809 0.099313 0.230351
v 0.007439 0.078256 0.228893
v 0.014061 0.089930 0.228953
v 0.005990 0.081653 0.228044
v 0.018665 0.085660 0.222981
v 0.010128 0.100730 0.230004
v 0.015704 0.086493 0.224893
v 0.016075 0.087865 0.224573
v 0.016132 0.084829 0.224807
v 0.015051 0.096513 0.225082
v 0.015494 0.084989 0.225098
v 0.012840 0.077250 0.230758
v 0.020359 0.075914 0.221090
v 0.006162 0.080041 0.228236
v 0.006175 0.078693 0.227963
v 0.002259 0.091099 0.224556
v -0.002350 0.086250 0.221776
v 0.007736 0.094091 0.228209
v 0.004944 0.096261 0.226107
v -0.064071 0.114663 0.183034
v -0.066476 0.114473 0.181561
v -0.064069 0.112954 0.182715
v -0.065513 0.032648 0.180186
v -0.068312 0.033543 0.178523
v -0.066725 0.031171 0.179282
v -0.100734 0.064974 0.156331
v -0.100447 0.066654 0.156532
v -0.101210 0.066156 0.156054
v -0.047741 0.032682 0.189961
v -0.046430 0.034389 0.191141
v -0.047510 0.034612 0.190570
v -0.096335 0.033918 0.158599
v -0.094816 0.037719 0.159764
v -0.096518 0.038105 0.158753
v -0.111334 0.065263 0.149849
v -0.112138 0.063512 0.149389
v -0.111661 0.035711 0.149346
v -0.108659 0.034459 0.151224
v -0.108849 0.036803 0.151246
v -0.037177 0.068417 0.199024
v -0.037885 0.067535 0.198906
v -0.037168 0.067532 0.199232
v 0.006436 0.099794 0.227348
v 0.005492 0.098672 0.226603
v 0.006824 0.098197 0.227547
v -0.090542 0.025515 0.161036
v -0.092831 0.026735 0.159917
v -0.092038 0.024744 0.160235
v -0.104383 0.029559 0.153773
v -0.105646 0.031808 0.153121
v -0.107515 0.030298 0.151848
v -0.004582 0.113984 0.220805
v -0.005790 0.114392 0.220055
v -0.005481 0.111559 0.220136
v -0.076896 0.065786 0.172541
v -0.077193 0.066397 0.171946
v -0.077683 0.065472 0.172203
v -0.069783 0.030170 0.177355
v -0.069129 0.031323 0.177774
v -0.070539 0.030906 0.176865
v -0.098869 0.067335 0.157738
v -0.099133 0.068234 0.157638
v -0.099684 0.067256 0.157275
v -0.007246 0.099696 0.218359
v -0.007244 0.097687 0.218478
v -0.005776 0.099037 0.219226
v -0.076666 0.101735 0.173561
v -0.077495 0.099784 0.172955
v -0.076214 0.099629 0.173845
v 0.000178 0.090477 0.223193
v -0.001675 0.091236 0.221842
v -0.000889 0.090078 0.222499
v -0.088610 0.024563 0.161815
v -0.089155 0.023175 0.161401
v -0.087718 0.022142 0.162080
v -0.013853 0.106390 0.214712
v -0.012179 0.106875 0.215833
v -0.014001 0.109313 0.214772
v -0.090667 0.103451 0.164398
v -0.091099 0.101776 0.164160
v -0.089148 0.101580 0.165401
v -0.016754 0.112415 0.213292
v -0.016083 0.110773 0.213589
v -0.015929 0.113257 0.213724
v -0.079224 0.015959 0.167194
v -0.072636 0.105468 0.176201
v -0.072714 0.104295 0.176179
v -0.071655 0.104456 0.176865
v -0.006115 0.093113 0.219099
v -0.004309 0.093000 0.220210
v -0.004156 0.094277 0.220173
v -0.070246 0.025765 0.176306
v -0.072376 0.026691 0.174843
v -0.071702 0.024366 0.175151
v -0.002421 0.093837 0.221270
v -0.002905 0.092371 0.221123
v -0.001447 0.092525 0.221954
v -0.039441 0.102353 0.198156
v -0.040445 0.104308 0.197573
v -0.041295 0.103020 0.196925
v -0.037603 0.104365 0.199376
v -0.038333 0.106610 0.198971
v -0.039171 0.104942 0.198416
v -0.031907 0.108243 0.203305
v -0.030145 0.108995 0.204571
v -0.031388 0.109571 0.203844
v -0.035050 0.107430 0.201185
v -0.036066 0.107433 0.200431
v -0.035257 0.106031 0.201063
v -0.100788 0.111689 0.158200
v -0.101797 0.110809 0.157494
v -0.100608 0.110039 0.158236
v -0.032442 0.070325 0.202267
v -0.033134 0.069838 0.202017
v -0.032421 0.069612 0.202413
v -0.073529 0.068648 0.174463
v -0.072685 0.068077 0.175163
v -0.072996 0.069395 0.175142
v -0.095315 0.098679 0.161495
v -0.093648 0.100313 0.162554
v -0.096501 0.100630 0.160745
v -0.058654 0.015539 0.181332
v -0.058458 0.016895 0.182033
v -0.061569 0.016473 0.179803
v -0.110108 0.113798 0.152552
v -0.110559 0.111417 0.151961
v -0.108640 0.112179 0.153364
v -0.069185 0.028490 0.177444
v -0.071632 0.028488 0.175687
v -0.070365 0.027164 0.176461
v -0.025232 0.120006 0.207922
v -0.026576 0.118454 0.207380
v -0.024731 0.118510 0.208480
v -0.094853 0.102328 0.161724
v -0.104910 0.072737 0.153636
v -0.103872 0.074415 0.154338
v -0.104886 0.075196 0.153797
v -0.014259 0.122102 0.213424
v -0.014962 0.121285 0.213569
v -0.013290 0.121810 0.214339
v -0.042783 0.021736 0.190714
v -0.042243 0.022956 0.191312
v -0.043702 0.023038 0.190342
v -0.069846 0.024656 0.176456
v -0.092469 0.029477 0.160235
v -0.094182 0.028547 0.159369
v -0.075551 0.076459 0.173536
v -0.073859 0.073155 0.174391
v -0.072586 0.075406 0.175320
v -0.087134 0.068513 0.165947
v -0.086432 0.068476 0.166082
v -0.086963 0.069189 0.165911
v -0.098545 0.030535 0.157249
v -0.102627 0.032437 0.155042
v -0.100833 0.029246 0.155806
v -0.105549 0.064093 0.153663
v -0.103579 0.063862 0.154862
v -0.104109 0.065501 0.154288
v -0.089885 0.117680 0.165549
v -0.092438 0.117242 0.164005
v -0.092084 0.114731 0.163998
v -0.069945 0.118435 0.179596
v -0.071503 0.119282 0.178385
v -0.071648 0.117950 0.178303
v -0.007153 0.118226 0.219127
v -0.004719 0.118477 0.220726
v -0.006372 0.120163 0.219372
v -0.075319 0.081242 0.173885
v -0.073493 0.080782 0.175154
v -0.074310 0.083351 0.174623
v -0.083224 0.116674 0.169822
v -0.083878 0.116164 0.169287
v -0.082824 0.115813 0.170079
v -0.055419 0.119619 0.187887
v -0.056615 0.120065 0.187148
v -0.056877 0.118409 0.187048
v -0.049667 0.066336 0.190969
v -0.050161 0.067012 0.190414
v -0.050442 0.066098 0.190315
v -0.067464 0.087391 0.179268
v -0.069415 0.085818 0.177925
v -0.067084 0.085006 0.179500
v -0.074774 0.071487 0.173647
v -0.075809 0.070363 0.173125
v -0.074857 0.069952 0.173864
v -0.096752 0.063558 0.159577
v -0.099105 0.064501 0.157890
v -0.098610 0.061744 0.158458
v -0.105232 0.117075 0.155857
v -0.104272 0.114777 0.156227
v -0.102707 0.117229 0.157489
v -0.092438 0.071749 0.162171
v -0.091742 0.070952 0.162680
v -0.092018 0.072757 0.162356
v -0.075223 0.050826 0.173942
v -0.073936 0.052134 0.174839
v -0.074957 0.054311 0.174129
v -0.061246 0.044011 0.183385
v -0.062372 0.046114 0.182659
v -0.062851 0.043389 0.182356
v 0.000440 0.116002 0.224039
v 0.001527 0.117803 0.224682
v -0.000306 0.118014 0.223581
v -0.039719 0.068070 0.197630
v -0.039569 0.067212 0.197594
v -0.039031 0.067670 0.197892
v -0.022050 0.112445 0.209941
v -0.020612 0.111842 0.210702
v -0.020078 0.113944 0.211274
v -0.049188 0.082632 0.191461
v -0.048074 0.082242 0.192270
v -0.048225 0.085998 0.192156
v -0.043804 0.081319 0.194975
v -0.043504 0.079630 0.195115
v -0.043039 0.080685 0.195485
v -0.067405 0.094715 0.179422
v -0.066722 0.092522 0.179900
v -0.065788 0.093077 0.180526
v -0.108605 0.040588 0.151505
v -0.110171 0.041985 0.150432
v -0.090707 0.065217 0.163434
v -0.090034 0.065516 0.163886
v -0.090362 0.065925 0.163417
v -0.084649 0.073850 0.167185
v -0.084924 0.071864 0.166952
v -0.083927 0.072282 0.167878
v -0.090968 0.019808 0.160280
v -0.089884 0.021084 0.161069
v -0.090937 0.021511 0.160582
v -0.102243 0.108796 0.157120
v -0.094590 0.112799 0.162268
v -0.095210 0.110771 0.161817
v -0.093589 0.112114 0.162783
v -0.028422 0.109640 0.205926
v -0.027508 0.111106 0.206526
v -0.028751 0.111535 0.205749
v -0.110060 0.027245 0.149704
v -0.109301 0.029067 0.150659
v -0.111427 0.029195 0.149310
v -0.086486 0.049034 0.166068
v -0.087440 0.045816 0.165295
v -0.085431 0.046309 0.166630
v -0.064190 0.073524 0.180809
v -0.063945 0.072870 0.181031
v -0.063600 0.073521 0.181108
v -0.104918 0.098192 0.155096
v -0.105816 0.099187 0.154655
v -0.106246 0.097575 0.154353
v -0.084004 0.028497 0.165503
v -0.083743 0.024607 0.165113
v -0.082120 0.026967 0.167043
v -0.045958 0.038986 0.192088
v -0.045957 0.037269 0.191989
v -0.043401 0.036321 0.193487
v -0.088140 0.017718 0.161471
v -0.089755 0.018582 0.160645
v -0.089900 0.017289 0.160336
v -0.107117 0.120100 0.154994
v -0.107608 0.121376 0.154480
v -0.109559 0.120188 0.153340
v -0.068789 0.074154 0.177940
v -0.069059 0.072978 0.177516
v -0.067830 0.072675 0.178422
v -0.030650 0.083289 0.203606
v -0.030759 0.080330 0.203518
v -0.028609 0.080626 0.205064
v -0.099307 0.066669 0.157567
v -0.098340 0.066374 0.158188
v -0.052131 0.069232 0.189247
v -0.052890 0.069142 0.188531
v -0.052399 0.067842 0.188555
v -0.106102 0.119892 0.155582
v -0.105233 0.120228 0.156079
v -0.100063 0.034822 0.156622
v -0.103589 0.035730 0.154451
v -0.073730 0.071664 0.174322
v 0.008416 0.103481 0.229049
v 0.006974 0.103712 0.227993
v 0.007339 0.102214 0.228210
v -0.080425 0.066826 0.170028
v -0.080579 0.067653 0.169932
v -0.081054 0.066843 0.169534
v -0.037331 0.099295 0.199600
v -0.036378 0.101372 0.200278
v -0.038123 0.101106 0.199146
v -0.043223 0.063425 0.195402
v -0.044017 0.064446 0.194885
v -0.045580 0.062627 0.193877
v -0.062802 0.117045 0.183984
v -0.061659 0.117931 0.184563
v -0.064203 0.117782 0.183284
v -0.081958 0.065764 0.169107
v -0.081894 0.066860 0.168941
v -0.082650 0.066295 0.168489
v -0.083084 0.063762 0.168547
v -0.084241 0.065449 0.167655
v -0.085046 0.063025 0.167125
v -0.009199 0.119276 0.217768
v -0.008278 0.120215 0.218180
v -0.010421 0.120820 0.216580
v -0.062862 0.098374 0.182638
v -0.062402 0.099045 0.183032
v -0.063566 0.101049 0.182150
v -0.079587 0.053794 0.170845
v -0.080019 0.056544 0.170592
v -0.081583 0.054854 0.169471
v -0.057994 0.069153 0.185104
v -0.058155 0.067890 0.184771
v -0.057449 0.068335 0.185387
v 0.005087 0.100447 0.226415
v -0.083371 0.065998 0.168235
v -0.082823 0.065370 0.168638
v -0.063792 0.116043 0.183381
v -0.069570 0.077704 0.177627
v -0.070427 0.075982 0.176990
v -0.067663 0.076107 0.178791
v -0.070252 0.078739 0.177303
v -0.069332 0.079157 0.177846
v -0.070524 0.079794 0.177101
v -0.064872 0.074571 0.180529
v -0.052024 0.088194 0.189685
v -0.053134 0.087415 0.189083
v -0.051939 0.086251 0.189793
v -0.100449 0.059490 0.157195
v -0.101138 0.062515 0.156666
v -0.103161 0.059916 0.155371
v 0.007886 0.096621 0.228251
v 0.006260 0.096888 0.227186
v 0.000450 0.093770 0.223318
v -0.000157 0.094096 0.222783
v -0.000085 0.093019 0.222838
v -0.073059 0.079451 0.175289
v -0.072251 0.079825 0.175927
v -0.079888 0.103052 0.171428
v -0.078516 0.101059 0.172255
v -0.077914 0.103451 0.172827
v -0.065598 0.121953 0.181524
v -0.066995 0.121086 0.181203
v -0.065610 0.120673 0.182265
v 0.003602 0.109621 0.225832
v 0.004229 0.107406 0.226185
v 0.004541 0.108581 0.226562
v -0.026691 0.122659 0.205306
v -0.027415 0.122834 0.204536
v -0.027273 0.122032 0.205599
v -0.011984 0.103332 0.215875
v -0.009803 0.100920 0.217039
v -0.009441 0.102894 0.217355
v -0.101112 0.019918 0.153978
v -0.103279 0.020024 0.152572
v -0.101446 0.018312 0.153263
v -0.105474 0.071389 0.153174
v -0.106088 0.071223 0.152849
v -0.105861 0.070777 0.153236
v -0.051481 0.075886 0.189520
v -0.049329 0.078882 0.191285
v -0.051952 0.079075 0.189516
v -0.100246 0.067690 0.156995
v -0.100793 0.067286 0.156624
v -0.061054 0.091224 0.183766
v -0.061601 0.093285 0.183325
v -0.062362 0.092787 0.182782
v 0.003941 0.105356 0.225679
v 0.002161 0.104780 0.224307
v 0.003408 0.102967 0.225036
v -0.041939 0.068770 0.196121
v -0.042339 0.067877 0.195547
v -0.041938 0.067707 0.196237
v -0.003900 0.098334 0.220267
v -0.004291 0.100469 0.219987
v -0.110512 0.074808 0.150129
v -0.109909 0.072124 0.150593
v -0.108820 0.074139 0.151116
v -0.041231 0.068043 0.196666
v -0.062734 0.091064 0.182693
v -0.095362 0.079137 0.160479
v -0.096080 0.081250 0.160286
v -0.097024 0.080570 0.159525
v -0.029639 0.122859 0.203135
v -0.029297 0.123110 0.202924
v -0.029846 0.123159 0.202554
v -0.102529 0.064144 0.155417
v -0.102626 0.063031 0.155655
v -0.004295 0.103817 0.220083
v -0.005113 0.105009 0.219650
v -0.005923 0.103674 0.219164
v -0.112053 0.020458 0.146649
v -0.111200 0.017833 0.146369
v -0.108976 0.020108 0.148778
v 0.002989 0.107652 0.225215
v 0.002325 0.106484 0.224460
v -0.070640 0.116602 0.179015
v -0.072344 0.116430 0.177816
v -0.062210 0.104704 0.183216
v -0.060790 0.100807 0.184170
v -0.060319 0.103029 0.184423
v -0.067847 0.099839 0.179313
v -0.068572 0.098715 0.178778
v -0.067058 0.097938 0.179838
v -0.002638 0.112286 0.221797
v -0.001959 0.111038 0.221967
v -0.001680 0.111941 0.222295
v 0.000170 0.111297 0.223396
v -0.000923 0.109976 0.222456
v 0.000598 0.109257 0.223509
v -0.008285 0.111077 0.218470
v -0.006869 0.112378 0.219327
v -0.008474 0.113851 0.218439
v -0.108852 0.118799 0.153884
v -0.007326 0.090994 0.218510
v -0.005601 0.090767 0.219493
v -0.033968 0.069578 0.201498
v -0.033076 0.068873 0.201776
v -0.022188 0.057123 0.208703
v -0.021822 0.055404 0.208831
v -0.020189 0.056788 0.209763
v -0.090498 0.095095 0.164445
v -0.087530 0.095542 0.166395
v -0.089460 0.096766 0.165190
v -0.039132 0.072099 0.197643
v -0.039618 0.071132 0.197388
v -0.038733 0.071236 0.197852
v -0.044413 0.066702 0.194104
v -0.044062 0.067149 0.194380
v -0.044986 0.067187 0.193741
v -0.038507 0.054261 0.198063
v -0.039843 0.057048 0.197445
v -0.041457 0.055095 0.196260
v -0.042708 0.117012 0.195839
v -0.043803 0.114461 0.195101
v -0.042197 0.114216 0.196192
v -0.015960 0.107845 0.213501
v -0.067822 0.068531 0.178466
v -0.067467 0.069345 0.178897
v -0.068028 0.069296 0.178392
v -0.070836 0.050244 0.176952
v -0.069649 0.050093 0.177853
v -0.070392 0.052749 0.177216
v -0.079407 0.107927 0.172163
v -0.080604 0.107950 0.171316
v -0.080535 0.105761 0.171210
v -0.100331 0.069129 0.156827
v -0.101152 0.068741 0.156210
v -0.100720 0.068447 0.156493
v 0.006925 0.110104 0.228456
v 0.005722 0.109950 0.227656
v 0.005654 0.108202 0.227367
v -0.077639 0.018634 0.169429
v -0.079167 0.019779 0.168550
v -0.079218 0.017555 0.167901
v -0.014715 0.090346 0.214001
v -0.016268 0.091911 0.213154
v -0.016498 0.090782 0.212933
v -0.025775 0.122380 0.206018
v -0.040859 0.069299 0.196689
v -0.040305 0.068502 0.197029
v -0.032611 0.053602 0.201901
v -0.031946 0.051255 0.202245
v -0.031131 0.054821 0.202892
v -0.034886 0.098020 0.201240
v -0.035752 0.099013 0.200723
v -0.035651 0.097532 0.200609
v -0.097778 0.016295 0.154782
v -0.039593 0.088950 0.197943
v -0.039777 0.087299 0.197759
v -0.038425 0.087150 0.198594
v -0.039499 0.118761 0.197846
v -0.038638 0.119904 0.198268
v -0.039939 0.120570 0.197220
v -0.019933 0.089292 0.210878
v -0.021122 0.089194 0.210113
v -0.021337 0.087910 0.209946
v -0.039504 0.065053 0.197553
v -0.038950 0.065417 0.198290
v -0.039533 0.066184 0.197629
v -0.053821 0.068454 0.188015
v -0.054178 0.067689 0.187898
v -0.053381 0.067652 0.188076
v -0.023887 0.119683 0.208743
v -0.022648 0.120202 0.209398
v -0.023854 0.120802 0.208376
v -0.045553 0.045051 0.192888
v -0.044653 0.042292 0.193226
v -0.043763 0.043468 0.193936
v -0.051263 0.068844 0.189715
v -0.051405 0.069953 0.189818
v -0.043438 0.100885 0.195574
v -0.044610 0.100791 0.194719
v -0.042909 0.099793 0.195852
v -0.018541 0.106790 0.211795
v -0.017579 0.107746 0.212383
v -0.018806 0.108511 0.211722
v -0.030316 0.045063 0.202815
v -0.030766 0.046601 0.202748
v -0.031449 0.044552 0.202167
v -0.040899 0.122588 0.196080
v -0.041637 0.123091 0.195372
v -0.042467 0.122716 0.195153
v -0.026599 0.110331 0.207130
v -0.032863 0.073542 0.201868
v -0.033329 0.072580 0.201508
v -0.030630 0.072568 0.203364
v -0.049004 0.088738 0.191671
v -0.048667 0.090518 0.191830
v -0.049908 0.090069 0.191079
v -0.044831 0.046653 0.193485
v -0.043480 0.044987 0.194219
v -0.024460 0.111275 0.208475
v -0.026128 0.108482 0.207308
v -0.070589 0.032019 0.176867
v -0.071210 0.033767 0.176632
v -0.073470 0.089491 0.175250
v -0.075845 0.089016 0.173696
v -0.072991 0.087862 0.175528
v -0.005365 0.096837 0.219504
v -0.005145 0.095696 0.219580
v -0.002850 0.095866 0.220927
v -0.075381 0.047180 0.173902
v -0.076315 0.050357 0.173109
v -0.007140 0.095141 0.218534
v -0.034817 0.071207 0.200671
v -0.035071 0.070675 0.200779
v -0.034268 0.070845 0.201140
v -0.043758 0.093024 0.195194
v -0.041290 0.090138 0.196778
v -0.040809 0.092983 0.197225
v -0.091367 0.099780 0.163994
v -0.092143 0.101460 0.163574
v -0.041029 0.110145 0.197102
v -0.039640 0.108795 0.198006
v -0.039775 0.110476 0.197883
v -0.060805 0.113758 0.184588
v -0.059366 0.114699 0.185463
v -0.060568 0.115233 0.184944
v -0.037456 0.076492 0.198858
v -0.036119 0.078302 0.199836
v -0.038421 0.078710 0.198305
v -0.062618 0.114238 0.183717
v -0.061964 0.112156 0.183855
v -0.070347 0.046472 0.177290
v -0.072496 0.045874 0.175843
v -0.072250 0.042717 0.176061
v -0.037027 0.069433 0.199331
v -0.036765 0.070165 0.199424
v -0.037557 0.070328 0.198887
v -0.064405 0.047401 0.181316
v -0.061436 0.050914 0.183309
v -0.106707 0.019459 0.150032
v -0.106479 0.017885 0.149725
v -0.105165 0.019146 0.151080
v -0.036272 0.069688 0.199782
v -0.036101 0.070327 0.199733
v -0.001137 0.088877 0.222368
v -0.000086 0.088813 0.223083
v -0.095803 0.096625 0.161031
v -0.097107 0.098170 0.160209
v -0.001816 0.089877 0.221843
v -0.043119 0.075376 0.195125
v -0.043810 0.077252 0.194733
v -0.044973 0.073480 0.193763
v -0.057959 0.119878 0.186473
v -0.055795 0.082398 0.187147
v -0.057287 0.083819 0.186336
v -0.057263 0.080604 0.186168
v -0.041578 0.098244 0.196716
v -0.041741 0.100654 0.196666
v -0.038633 0.069647 0.198452
v -0.039255 0.070441 0.197861
v -0.039716 0.069387 0.197618
v -0.093170 0.080743 0.162115
v -0.094731 0.081514 0.161186
v -0.093729 0.079653 0.161715
v -0.042133 0.040883 0.194857
v -0.041561 0.043382 0.195391
v -0.003323 0.103173 0.220635
v -0.004232 0.102263 0.220046
v -0.102319 0.093132 0.156714
v -0.104671 0.095641 0.155279
v -0.104993 0.092620 0.154785
v -0.048284 0.019273 0.187464
v -0.049960 0.019548 0.186777
v -0.049572 0.017772 0.186884
v -0.081351 0.066173 0.169343
v -0.038945 0.068586 0.198074
v -0.038045 0.068554 0.198564
v -0.020387 0.116246 0.211163
v -0.022070 0.116364 0.210171
v -0.021911 0.114252 0.210162
v -0.085106 0.106869 0.168159
v -0.087365 0.106675 0.166654
v -0.085945 0.104233 0.167531
v -0.039059 0.066986 0.198022
v -0.038497 0.067083 0.198422
v -0.038720 0.067391 0.198086
v 0.005665 0.111572 0.227650
v 0.007189 0.113554 0.228709
v 0.005326 0.113915 0.227348
v -0.040703 0.063335 0.197062
v -0.039651 0.063292 0.197880
v -0.040110 0.064321 0.197060
v -0.073543 0.090457 0.175318
v -0.074447 0.090590 0.174682
v -0.058938 0.098923 0.185390
v -0.059541 0.097345 0.184899
v -0.106747 0.094726 0.153802
v -0.106765 0.096180 0.153860
v -0.107748 0.095734 0.153135
v -0.005123 0.094857 0.219663
v -0.089558 0.082100 0.164695
v -0.089081 0.079078 0.164802
v -0.086482 0.080322 0.166579
v -0.055538 0.093830 0.187438
v -0.053650 0.094626 0.188774
v -0.055787 0.095916 0.187389
v -0.032490 0.042887 0.201243
v -0.032463 0.045643 0.201569
v -0.089414 0.098719 0.165165
v -0.090265 0.100517 0.164574
v 0.001429 0.110321 0.224324
v 0.000910 0.111291 0.223893
v -0.055979 0.067709 0.186359
v -0.056550 0.066802 0.186035
v -0.055810 0.066805 0.186544
v -0.040469 0.065575 0.196847
v -0.109344 0.077457 0.151065
v -0.111224 0.079549 0.149940
v -0.108937 0.102628 0.152631
v -0.110497 0.103823 0.151584
v -0.110389 0.101333 0.151480
v -0.054095 0.120609 0.188606
v -0.052246 0.119292 0.189868
v -0.052194 0.120910 0.189768
v -0.020857 0.102375 0.210318
v -0.019601 0.104290 0.211164
v -0.021037 0.104070 0.210277
v -0.078990 0.073670 0.171086
v -0.078742 0.077009 0.171527
v -0.080653 0.075406 0.170070
v -0.060899 0.033406 0.183078
v -0.061283 0.036318 0.183134
v -0.062399 0.034815 0.182266
v -0.033015 0.106982 0.202595
v -0.033198 0.105963 0.202364
v -0.031880 0.105839 0.203312
v -0.068694 0.052885 0.178462
v -0.069053 0.056227 0.178166
v -0.070152 0.054966 0.177453
v -0.111258 0.102408 0.150898
v -0.111898 0.103176 0.150563
v -0.040682 0.101471 0.197377
v -0.035747 0.104095 0.200673
v -0.055580 0.071596 0.186623
v -0.056086 0.070828 0.186444
v -0.055688 0.070432 0.186726
v -0.038273 0.064476 0.198737
v -0.038189 0.065613 0.198882
v -0.063802 0.045170 0.181735
v -0.091707 0.079472 0.163105
v -0.053850 0.118906 0.188854
v -0.052187 0.116917 0.189877
v -0.028469 0.057286 0.204685
v -0.032115 0.057170 0.202376
v -0.025607 0.117683 0.208005
v -0.025962 0.116298 0.207854
v -0.025060 0.117161 0.208318
v -0.032134 0.074942 0.202412
v -0.030499 0.074741 0.203573
v -0.031880 0.075570 0.202705
v -0.071659 0.030502 0.175951
v -0.012660 0.077992 0.214743
v -0.014290 0.076823 0.213817
v -0.012226 0.076029 0.215024
v -0.011740 0.092937 0.215821
v -0.009654 0.094112 0.217068
v -0.011636 0.095792 0.215977
v -0.043708 0.030068 0.192034
v -0.044779 0.032225 0.191833
v -0.045248 0.029233 0.190837
v -0.071688 0.086467 0.176443
v -0.073696 0.086061 0.175092
v -0.071247 0.085181 0.176661
v 0.000121 0.098756 0.222648
v 0.001262 0.098747 0.223459
v -0.000021 0.099913 0.222499
v -0.009498 0.090599 0.217229
v -0.010039 0.091833 0.216906
v -0.010698 0.089619 0.216526
v -0.028916 0.046551 0.203814
v -0.029421 0.049515 0.203856
v -0.048649 0.071594 0.191213
v -0.049517 0.070546 0.190685
v -0.049042 0.070714 0.191107
v -0.033530 0.071385 0.201376
v -0.032093 0.070878 0.202401
v -0.031611 0.071577 0.202779
v -0.088935 0.111097 0.165778
v -0.087525 0.111365 0.166674
v -0.087553 0.112332 0.166819
v -0.062048 0.090043 0.183183
v -0.061703 0.088753 0.183377
v -0.102346 0.023719 0.154065
v -0.101952 0.021774 0.153992
v -0.101142 0.022952 0.154827
v -0.086317 0.120304 0.167877
v -0.087021 0.121432 0.167405
v -0.087402 0.120830 0.167205
v -0.085814 0.116702 0.168110
v -0.087261 0.114916 0.167066
v -0.085553 0.115182 0.168088
v -0.018493 0.079449 0.211362
v -0.020584 0.080114 0.210176
v -0.019644 0.078103 0.210636
v -0.089774 0.035439 0.162423
v -0.090973 0.034612 0.161626
v -0.088821 0.033884 0.162835
v -0.054932 0.066736 0.187355
v -0.054478 0.065726 0.187619
v -0.054020 0.066656 0.188004
v -0.090116 0.022450 0.160862
v -0.028459 0.105886 0.205597
v -0.029732 0.104446 0.204719
v -0.027071 0.105953 0.206628
v -0.025019 0.075293 0.207291
v -0.023520 0.075525 0.208265
v -0.026275 0.077886 0.206404
v 0.005942 0.101595 0.226999
v 0.007613 0.100547 0.228294
v -0.012863 0.083790 0.214907
v -0.013380 0.085127 0.214739
v -0.014347 0.084086 0.214013
v -0.038422 0.067846 0.198231
v -0.012301 0.084943 0.215419
v -0.111139 0.072065 0.149846
v -0.069110 0.101023 0.178432
v -0.070329 0.100313 0.177684
v -0.068836 0.099890 0.178554
v -0.095693 0.029524 0.158650
v -0.094356 0.030798 0.159414
v -0.018280 0.093003 0.211982
v -0.016201 0.093262 0.213212
v -0.018082 0.094650 0.212117
v -0.015718 0.079293 0.212945
v -0.015601 0.082406 0.213064
v -0.017390 0.082083 0.212051
v -0.068448 0.104534 0.179051
v -0.068597 0.102285 0.178904
v -0.066903 0.101378 0.179959
v -0.107041 0.099420 0.153796
v -0.108066 0.097296 0.153037
v 0.003896 0.100669 0.225279
v 0.004783 0.099506 0.225966
v -0.042887 0.105365 0.195947
v -0.043197 0.102499 0.195703
v -0.001896 0.108247 0.221704
v -0.002642 0.109872 0.221500
v -0.055039 0.046182 0.187274
v -0.056636 0.044298 0.186223
v -0.055770 0.042863 0.186760
v -0.000420 0.112387 0.223188
v -0.087723 0.039940 0.164544
v -0.089173 0.040889 0.163554
v -0.089013 0.038762 0.163446
v -0.064507 0.104880 0.181672
v -0.062920 0.103364 0.182628
v -0.090688 0.043208 0.162844
v -0.087362 0.042799 0.165099
v -0.089409 0.045220 0.163828
v -0.098542 0.027070 0.156930
v -0.100765 0.025395 0.155477
v -0.098455 0.024752 0.156746
v -0.084305 0.048843 0.167560
v -0.086697 0.068102 0.166016
v -0.044818 0.119670 0.194479
v -0.043027 0.119998 0.195335
v -0.045367 0.120934 0.194023
v -0.083204 0.071720 0.168413
v -0.083935 0.071199 0.167977
v -0.082970 0.070942 0.168433
v -0.080500 0.098215 0.170925
v -0.082378 0.098447 0.169675
v -0.081208 0.096996 0.170500
v -0.040715 0.121582 0.196548
v -0.041995 0.121691 0.195711
v -0.041110 0.120386 0.196565
v -0.072682 0.071408 0.174956
v -0.013983 0.092097 0.214498
v -0.014672 0.094130 0.214140
v -0.006735 0.110116 0.219309
v -0.068563 0.078131 0.178353
v -0.036549 0.106220 0.200239
v -0.097051 0.118271 0.161143
v -0.098852 0.118434 0.160006
v -0.099294 0.115998 0.159533
v -0.037621 0.042399 0.197795
v -0.039134 0.043650 0.196992
v -0.038754 0.040553 0.197012
v -0.096322 0.041191 0.159118
v -0.031019 0.073789 0.203237
v -0.033860 0.070413 0.201615
v -0.052992 0.086235 0.189069
v -0.063988 0.071432 0.181235
v -0.062931 0.071170 0.181778
v -0.063097 0.072076 0.181650
v -0.050113 0.091466 0.191009
v -0.051713 0.090315 0.189877
v -0.054200 0.091982 0.188348
v -0.052651 0.093041 0.189320
v -0.083901 0.114876 0.169282
v -0.081206 0.114327 0.171170
v -0.084025 0.122824 0.168724
v -0.083437 0.123025 0.168469
v -0.084915 0.122929 0.168143
v -0.027238 0.100151 0.206341
v -0.026659 0.098640 0.206714
v -0.025153 0.101160 0.207681
v -0.060845 0.094406 0.184003
v -0.089928 0.068187 0.163637
v -0.089751 0.067384 0.163614
v -0.088774 0.067698 0.164548
v -0.064824 0.085427 0.181147
v -0.063109 0.088613 0.182427
v -0.064872 0.088438 0.181136
v -0.082115 0.105433 0.170051
v -0.083847 0.105117 0.168904
v -0.082252 0.103367 0.169827
v -0.089014 0.021723 0.161411
v -0.088765 0.020030 0.161437
v -0.051703 0.067352 0.189350
v -0.051750 0.068261 0.189468
v -0.036406 0.068682 0.199765
v -0.035442 0.087913 0.200635
v -0.034061 0.087521 0.201566
v -0.034031 0.089410 0.201619
v -0.058864 0.084443 0.185237
v -0.059240 0.081183 0.184834
v -0.106341 0.070485 0.153050
v -0.083085 0.045926 0.168345
v -0.082516 0.043436 0.168717
v -0.080835 0.042817 0.169868
v -0.054263 0.051479 0.187979
v -0.055609 0.048689 0.187037
v -0.054533 0.048805 0.187642
v -0.055629 0.062358 0.187070
v -0.057661 0.061615 0.185790
v -0.057212 0.059846 0.186110
v -0.036655 0.064895 0.200012
v -0.035591 0.064502 0.200597
v -0.036238 0.065595 0.200139
v -0.029114 0.107175 0.205246
v -0.064789 0.065880 0.180818
v -0.065503 0.066702 0.180292
v -0.065736 0.065879 0.180290
v -0.032919 0.063851 0.202228
v -0.031709 0.064799 0.202933
v -0.033341 0.065175 0.201981
v -0.086727 0.075544 0.166060
v -0.086405 0.073749 0.166085
v -0.053095 0.121905 0.188993
v -0.022283 0.107315 0.209547
v -0.021335 0.109287 0.210194
v -0.023519 0.108943 0.208948
v -0.097892 0.122145 0.160545
v -0.095485 0.121922 0.161977
v -0.096143 0.122804 0.161268
v -0.029706 0.067218 0.204089
v -0.028401 0.068206 0.205006
v -0.029425 0.068482 0.204289
v -0.060125 0.054818 0.184250
v -0.058270 0.055599 0.185381
v -0.058940 0.057791 0.184947
v -0.078883 0.098602 0.172058
v -0.079767 0.096644 0.171493
v -0.058907 0.061975 0.184888
v -0.059203 0.063064 0.184722
v -0.060583 0.062559 0.183781
v -0.097240 0.065401 0.159045
v -0.096044 0.064962 0.159798
v -0.014078 0.102802 0.214618
v -0.012926 0.100956 0.215225
v -0.063552 0.068336 0.181390
v -0.064071 0.067567 0.180964
v -0.063275 0.067287 0.181523
v -0.100893 0.067822 0.156688
v -0.101199 0.067014 0.156257
v -0.059395 0.101950 0.185144
v -0.058702 0.102122 0.185643
v -0.059089 0.103359 0.185297
v -0.073814 0.116303 0.176664
v -0.075207 0.117186 0.175759
v -0.074774 0.115889 0.176042
v -0.082826 0.070280 0.168737
v -0.082104 0.070834 0.168873
v -0.093347 0.118846 0.163474
v -0.095539 0.120089 0.162105
v -0.095241 0.118361 0.162236
v -0.056330 0.064140 0.186229
v -0.056979 0.064070 0.185871
v -0.056541 0.063500 0.186334
v -0.055697 0.064036 0.186741
v -0.055776 0.064646 0.186444
v -0.043809 0.099072 0.195284
v -0.046626 0.099801 0.193401
v -0.043713 0.097111 0.195308
v -0.072555 0.070297 0.175376
v -0.072359 0.069609 0.175601
v -0.045224 0.085228 0.194051
v -0.046705 0.084995 0.193129
v -0.046508 0.083266 0.193283
v -0.045165 0.102533 0.194379
v -0.046649 0.102347 0.193435
v -0.017063 0.118611 0.213160
v -0.016297 0.120262 0.213169
v -0.017802 0.119866 0.212311
v -0.049549 0.107669 0.191418
v -0.048267 0.108280 0.192175
v -0.049756 0.108419 0.191224
v -0.055696 0.120698 0.187692
v -0.067256 0.073673 0.178989
v -0.092411 0.069940 0.162178
v -0.093026 0.070406 0.161730
v -0.093537 0.069257 0.161459
v -0.062209 0.102542 0.183214
v -0.062480 0.103789 0.182936
v -0.049496 0.123316 0.189847
v -0.048713 0.123187 0.190716
v -0.048225 0.123574 0.190402
v -0.081060 0.123046 0.170074
v -0.081891 0.123271 0.168906
v -0.082389 0.122983 0.169394
v -0.050717 0.072595 0.189858
v -0.049447 0.073838 0.190881
v -0.049734 0.015849 0.186839
v -0.052377 0.015885 0.185510
v -0.094439 0.042110 0.160303
v -0.095114 0.045935 0.160198
v -0.096115 0.045021 0.159470
v -0.082437 0.071477 0.168635
v -0.068633 0.068035 0.177937
v -0.069623 0.067841 0.177517
v -0.068856 0.067572 0.177872
v -0.031168 0.062633 0.203227
v -0.029621 0.063914 0.204295
v -0.059708 0.092291 0.184752
v -0.059651 0.090309 0.184721
v -0.059691 0.045005 0.184391
v -0.060310 0.043188 0.184019
v -0.059171 0.042565 0.184733
v -0.017080 0.106321 0.212780
v -0.017522 0.104656 0.212425
v -0.015106 0.104898 0.213971
v -0.087301 0.077666 0.165803
v -0.088730 0.076369 0.164683
v -0.030347 0.110738 0.204561
v -0.040347 0.069979 0.197075
v -0.039954 0.070404 0.197470
v -0.065757 0.067597 0.180319
v -0.066244 0.067076 0.179960
v -0.053053 0.071507 0.188315
v -0.052984 0.070776 0.188280
v -0.052447 0.071059 0.188858
v -0.045933 0.066876 0.193398
v -0.046102 0.067714 0.193314
v -0.080734 0.052108 0.170029
v -0.057022 0.094717 0.186493
v -0.061347 0.108607 0.183978
v -0.059323 0.108175 0.185271
v -0.059845 0.110012 0.184929
v 0.002878 0.101899 0.224637
v -0.028232 0.122380 0.204598
v -0.044029 0.066537 0.194458
v -0.044689 0.065905 0.194234
v -0.050722 0.064320 0.190508
v -0.049101 0.065522 0.191467
v -0.050258 0.065552 0.190723
v -0.100640 0.117337 0.158711
v -0.077608 0.094558 0.172773
v -0.075000 0.092591 0.174389
v -0.075521 0.095578 0.174185
v -0.091003 0.027713 0.160840
v -0.090046 0.030541 0.161572
v -0.094612 0.027039 0.159042
v -0.096932 0.106912 0.160484
v -0.095340 0.107551 0.161506
v -0.096122 0.108806 0.161044
v -0.071931 0.072840 0.175713
v -0.058986 0.065060 0.184659
v -0.059926 0.065592 0.183985
v -0.059981 0.064221 0.184097
v -0.053431 0.069934 0.188198
v -0.052699 0.070114 0.188717
v -0.062201 0.097795 0.183167
v -0.085326 0.077188 0.167091
v -0.057885 0.070310 0.184789
v -0.057402 0.070169 0.185756
v -0.057228 0.070751 0.185458
v -0.014780 0.101849 0.214059
v -0.015607 0.103284 0.213678
v -0.016480 0.102763 0.213185
v -0.087314 0.059588 0.165520
v -0.086006 0.060673 0.166463
v -0.087462 0.062221 0.165491
v -0.079863 0.080247 0.170908
v -0.039447 0.099530 0.198194
v -0.088529 0.036470 0.163401
v -0.093591 0.121582 0.163113
v -0.094409 0.121935 0.162673
v -0.091360 0.084997 0.163716
v -0.092803 0.082541 0.162566
v -0.087261 0.038227 0.164631
v -0.063038 0.036505 0.182074
v -0.063605 0.034951 0.181610
v -0.082546 0.049619 0.168722
v -0.088429 0.072374 0.164744
v -0.087689 0.072939 0.164970
v -0.088544 0.073338 0.164598
v -0.089255 0.074416 0.164272
v -0.087810 0.074171 0.165149
v -0.007333 0.101094 0.218383
v -0.008335 0.100886 0.217915
v -0.110824 0.118234 0.152544
v -0.108423 0.116516 0.153976
v -0.055312 0.121715 0.187611
v -0.082261 0.122706 0.169957
v -0.072367 0.122207 0.176679
v -0.072170 0.120830 0.177552
v -0.071231 0.121861 0.177712
v -0.086508 0.044652 0.165838
v -0.060354 0.079173 0.183983
v -0.058651 0.078137 0.185024
v -0.031211 0.060796 0.203150
v -0.032564 0.062097 0.202398
v -0.033473 0.060035 0.201719
v -0.068208 0.090880 0.178840
v -0.068634 0.092459 0.178575
v -0.070369 0.091194 0.177326
v -0.099641 0.039487 0.157030
v -0.101590 0.037907 0.155796
v -0.098428 0.037559 0.157658
v -0.077538 0.044242 0.172345
v -0.076883 0.047320 0.172684
v -0.079115 0.048982 0.171209
v -0.112216 0.106843 0.150503
v -0.110914 0.109086 0.151630
v -0.048731 0.060010 0.191772
v -0.048663 0.062404 0.191903
v -0.050571 0.061248 0.190687
v -0.091471 0.088260 0.163630
v -0.092622 0.090090 0.162972
v -0.093091 0.088415 0.162668
v -0.063822 0.070644 0.181367
v -0.064006 0.069982 0.181171
v -0.063082 0.070097 0.181911
v -0.025342 0.067257 0.206881
v -0.024379 0.067170 0.207531
v -0.024672 0.069942 0.207340
v -0.082034 0.052168 0.169183
v -0.084085 0.052640 0.167676
v -0.047117 0.038483 0.191325
v -0.047652 0.036572 0.190790
v -0.062587 0.041308 0.182546
v -0.090666 0.071943 0.163104
v -0.090645 0.074013 0.163253
v -0.032494 0.081349 0.202348
v 0.001749 0.108291 0.224257
v -0.071448 0.070025 0.176340
v -0.071913 0.069562 0.175961
v -0.071393 0.069215 0.176371
v -0.110764 0.070331 0.149949
v -0.108573 0.070080 0.151396
v -0.108013 0.071933 0.151701
v -0.108851 0.071039 0.151063
v -0.058262 0.030848 0.184210
v -0.056097 0.028660 0.184959
v -0.055733 0.032916 0.185688
v -0.101325 0.067746 0.156087
v -0.055308 0.053284 0.187319
v -0.053553 0.056098 0.188426
v -0.055751 0.057112 0.187099
v -0.003102 0.107410 0.220996
v -0.095067 0.065584 0.160351
v -0.095170 0.066922 0.160087
v -0.095914 0.065954 0.159511
v -0.101878 0.115433 0.157769
v -0.070534 0.072098 0.176779
v -0.070446 0.073679 0.176769
v -0.060000 0.060388 0.184250
v -0.021993 0.098961 0.209658
v -0.019083 0.100313 0.211504
v -0.021968 0.100209 0.209712
v -0.052514 0.111497 0.189565
v -0.051351 0.111979 0.190308
v -0.052640 0.113032 0.189482
v -0.082041 0.064844 0.169367
v -0.108144 0.066027 0.151615
v -0.109275 0.065869 0.151153
v -0.108616 0.064760 0.151649
v -0.058271 0.120946 0.186167
v -0.056971 0.121007 0.186793
v -0.065101 0.043272 0.180848
v -0.042868 0.066084 0.195344
v -0.042537 0.066453 0.195304
v -0.043016 0.066356 0.195224
v -0.075709 0.017846 0.170628
v -0.073497 0.020212 0.173048
v -0.075856 0.020227 0.171205
v -0.102701 0.066442 0.155147
v -0.103392 0.066242 0.154679
v -0.102967 0.065460 0.154736
v -0.089366 0.072948 0.164139
v -0.081279 0.065327 0.169837
v -0.080758 0.066149 0.169913
v -0.081260 0.059167 0.169695
v -0.053894 0.070922 0.187853
v -0.054446 0.069165 0.187610
v -0.051276 0.016653 0.185952
v -0.053288 0.017906 0.185137
v -0.066693 0.073344 0.179369
v -0.066525 0.072697 0.179271
v -0.066242 0.073687 0.179610
v -0.067743 0.079633 0.178952
v -0.069714 0.080485 0.177726
v -0.108179 0.069165 0.151502
v -0.107496 0.069877 0.152102
v 0.000221 0.096291 0.222865
v -0.001411 0.097503 0.221820
v 0.004829 0.109829 0.226897
v -0.061282 0.082017 0.183558
v -0.059895 0.082955 0.184441
v -0.060490 0.084493 0.184153
v -0.030407 0.070618 0.203541
v -0.031456 0.070201 0.202886
v -0.044419 0.059558 0.194514
v -0.046976 0.059256 0.192829
v -0.046086 0.058046 0.193357
v -0.058887 0.067501 0.184594
v -0.058528 0.066678 0.184817
v -0.095177 0.068785 0.160266
v -0.094006 0.067951 0.160977
v -0.031512 0.048405 0.202375
v -0.030644 0.050188 0.203103
v -0.067645 0.082810 0.178987
v -0.069464 0.081952 0.177884
v -0.085738 0.071046 0.166240
v -0.085783 0.070238 0.166299
v -0.084703 0.070332 0.167268
v -0.075312 0.025439 0.172791
v -0.074290 0.026721 0.173635
v -0.075295 0.027075 0.172979
v -0.061907 0.054442 0.183081
v -0.063306 0.055983 0.182056
v -0.063773 0.052999 0.181778
v -0.107619 0.038727 0.152022
v -0.019428 0.054222 0.210187
v -0.050567 0.088971 0.190607
v -0.056966 0.091680 0.186551
v -0.110274 0.015565 0.146148
v -0.108124 0.016320 0.147985
v -0.099214 0.065871 0.157594
v -0.057934 0.096325 0.185916
v -0.058803 0.094268 0.185300
v -0.062123 0.085835 0.183067
v -0.109537 0.069853 0.150618
v -0.093299 0.017347 0.158220
v -0.094115 0.015614 0.157162
v -0.078359 0.063742 0.171850
v -0.077995 0.060274 0.172120
v -0.075842 0.061976 0.173607
v -0.082044 0.093631 0.169826
v -0.082091 0.091554 0.169736
v -0.080742 0.093504 0.170646
v -0.020248 0.107551 0.210790
v -0.086262 0.089105 0.166933
v -0.086670 0.087904 0.166721
v -0.085302 0.088822 0.167627
v -0.064369 0.090379 0.181559
v -0.099161 0.046051 0.157583
v -0.100597 0.049063 0.156852
v -0.101461 0.045771 0.156190
v -0.008783 0.099079 0.217597
v -0.009573 0.097043 0.217189
v -0.039418 0.121775 0.197384
v -0.077489 0.123164 0.172489
v -0.077483 0.122554 0.173111
v -0.076303 0.123126 0.173156
v -0.083496 0.089427 0.168737
v -0.081627 0.087954 0.169890
v -0.101845 0.098419 0.157223
v -0.100290 0.096747 0.158099
v -0.099196 0.099932 0.158967
v -0.030284 0.123658 0.201535
v -0.030959 0.123025 0.202202
v 0.004944 0.096261 0.226107
v -0.004988 0.106619 0.219944
v -0.006586 0.105140 0.219003
v -0.055617 0.078160 0.187028
v -0.055510 0.079937 0.187246
v -0.029721 0.059657 0.203948
v -0.031435 0.059313 0.202846
v -0.051913 0.092052 0.189802
v -0.068562 0.088166 0.178470
v -0.068771 0.088987 0.178369
v -0.069440 0.087900 0.177918
v -0.105326 0.066260 0.153337
v -0.105489 0.068367 0.153310
v -0.106232 0.066907 0.152863
v -0.037911 0.066552 0.198614
v -0.037227 0.066808 0.199014
v -0.056932 0.096193 0.186589
v -0.056923 0.098273 0.186716
v -0.049064 0.098812 0.191730
v -0.051265 0.097837 0.190378
v -0.048539 0.097370 0.192149
v -0.077630 0.117848 0.173995
v -0.076444 0.117327 0.174818
v -0.077106 0.119516 0.174242
v -0.084389 0.087396 0.168067
v -0.083293 0.086817 0.168811
v -0.098637 0.075448 0.157963
v -0.097414 0.073164 0.158641
v -0.096770 0.074817 0.159131
v 0.004289 0.114658 0.226489
v 0.004243 0.112792 0.226581
v -0.107202 0.103953 0.153878
v -0.106427 0.106124 0.154413
v -0.108577 0.105263 0.152891
v -0.041842 0.081033 0.196275
v -0.097993 0.086307 0.159267
v -0.096881 0.083151 0.159887
v -0.095826 0.086281 0.160812
v -0.016735 0.116615 0.213381
v -0.015581 0.116610 0.214207
v -0.015118 0.118229 0.214362
v -0.099637 0.041628 0.157062
v -0.097828 0.040081 0.158140
v -0.097852 0.042152 0.158254
v -0.002270 0.088451 0.221685
v -0.020647 0.098243 0.210624
v -0.098107 0.071433 0.158167
v -0.099521 0.072611 0.157143
v -0.099506 0.070954 0.157184
v -0.022203 0.090371 0.209538
v -0.051488 0.122951 0.189127
v -0.052429 0.122972 0.188601
v -0.052623 0.122582 0.188762
v -0.055175 0.040446 0.186861
v -0.056147 0.037060 0.186021
v -0.053649 0.037570 0.187430
v -0.086189 0.066832 0.166075
v -0.086349 0.065057 0.166350
v -0.085159 0.066425 0.166815
v -0.092572 0.095363 0.163120
v -0.092294 0.096452 0.163392
v -0.110415 0.106554 0.151775
v -0.039616 0.037537 0.196150
v -0.042876 0.038514 0.194127
v -0.105984 0.015524 0.149255
v -0.018010 0.056071 0.211029
v -0.018306 0.058545 0.211004
v -0.083302 0.112544 0.169612
v -0.061586 0.067890 0.182582
v -0.062254 0.067873 0.182048
v -0.062128 0.067311 0.182195
v -0.017421 0.109327 0.212506
v -0.063955 0.038594 0.181568
v -0.065249 0.035529 0.180646
v 0.007628 0.107367 0.228786
v 0.006972 0.108175 0.228332
v 0.006461 0.106648 0.227985
v -0.064047 0.092508 0.181812
v -0.065152 0.094166 0.181039
v -0.079255 0.093979 0.171697
v -0.078992 0.095330 0.171933
v -0.079901 0.095016 0.171334
v -0.020524 0.096925 0.210661
v -0.018664 0.096132 0.211839
v -0.018781 0.097171 0.211843
v -0.051837 0.100852 0.190039
v -0.050652 0.101748 0.190843
v -0.051758 0.103034 0.190211
v -0.061762 0.121730 0.184012
v -0.060609 0.121084 0.184908
v -0.060465 0.121761 0.184577
v -0.071244 0.078514 0.176592
v -0.071774 0.065745 0.176159
v -0.070184 0.064286 0.177339
v -0.069880 0.065456 0.177456
v -0.023314 0.069144 0.208290
v -0.023714 0.072588 0.208070
v -0.027225 0.061606 0.205645
v -0.024961 0.063879 0.207061
v -0.025934 0.064948 0.206550
v -0.071885 0.083893 0.176225
v -0.091759 0.110372 0.163864
v -0.091887 0.112629 0.163944
v -0.094119 0.109700 0.162416
v -0.057687 0.062730 0.185673
v -0.090512 0.097643 0.164465
v -0.019102 0.119541 0.211611
v -0.019862 0.120131 0.210902
v -0.020635 0.118364 0.210863
v -0.087672 0.031658 0.163146
v -0.042503 0.123318 0.194739
v -0.044047 0.123023 0.194104
v -0.021203 0.105543 0.210183
v -0.019437 0.105799 0.211165
v -0.102634 0.061768 0.155660
v -0.103750 0.062384 0.154805
v -0.040759 0.105899 0.197290
v -0.040040 0.072802 0.197075
v -0.040392 0.071724 0.196851
v -0.001850 0.098820 0.221425
v -0.000637 0.098659 0.222196
v -0.038000 0.118146 0.199054
v -0.037956 0.116641 0.199121
v -0.036907 0.116890 0.199801
v -0.042970 0.112286 0.195695
v -0.044937 0.111991 0.194389
v -0.101618 0.112647 0.157752
v -0.099653 0.113401 0.158958
v -0.104497 0.016764 0.150729
v -0.102615 0.016358 0.151625
v -0.103533 0.017812 0.151678
v -0.053708 0.111586 0.188770
v -0.055141 0.110090 0.187903
v -0.053408 0.110668 0.188976
v -0.039463 0.047519 0.197085
v -0.041008 0.046460 0.195911
v -0.038435 0.045920 0.197682
v -0.029140 0.078394 0.204522
v -0.095998 0.025979 0.158232
v -0.103979 0.039147 0.154366
v -0.102304 0.038974 0.155337
v -0.057278 0.066707 0.185731
v -0.056853 0.067697 0.185782
v -0.057564 0.067256 0.185073
v -0.080521 0.110575 0.171519
v -0.078169 0.112135 0.173179
v -0.096168 0.052118 0.159786
v -0.098758 0.051893 0.158041
v -0.098069 0.049432 0.158456
v -0.047671 0.094196 0.192628
v -0.046239 0.092064 0.193571
v 0.008703 0.101171 0.229130
v 0.008602 0.102226 0.229191
v -0.047028 0.067457 0.192518
v -0.047726 0.066467 0.192102
v -0.046710 0.066654 0.192923
v -0.070336 0.121439 0.178431
v -0.043214 0.067033 0.195044
v -0.037798 0.056940 0.198703
v -0.089693 0.062668 0.164102
v -0.091477 0.060799 0.163016
v -0.089154 0.059487 0.164456
v -0.066989 0.122268 0.180126
v -0.065535 0.122676 0.180354
v -0.066911 0.122798 0.179583
v -0.003963 0.111742 0.221045
v -0.003550 0.113785 0.221387
v -0.020191 0.083075 0.210405
v -0.019695 0.086429 0.210878
v -0.021461 0.085787 0.209867
v -0.052217 0.110459 0.189746
v -0.052952 0.109233 0.189257
v -0.050868 0.109744 0.190553
v -0.098669 0.017778 0.154790
v -0.100399 0.016859 0.153471
v -0.068439 0.119358 0.180620
v -0.068379 0.120527 0.180402
v -0.069395 0.119933 0.179779
v -0.072455 0.035163 0.175790
v -0.075158 0.033460 0.173735
v -0.073425 0.032294 0.174979
v -0.064576 0.066877 0.180595
v -0.065399 0.022138 0.178723
v -0.065809 0.023523 0.178788
v -0.066908 0.023026 0.178038
v -0.054906 0.112555 0.188000
v -0.056617 0.111714 0.186948
v -0.037220 0.107716 0.199738
v -0.053219 0.122794 0.188201
v -0.053116 0.123143 0.188040
v -0.083173 0.072325 0.168205
v -0.083432 0.072957 0.167908
v -0.007717 0.116308 0.218928
v -0.008844 0.117885 0.218166
v -0.085685 0.036675 0.165538
v -0.096408 0.116783 0.161345
v -0.107681 0.118709 0.154622
v -0.106051 0.118887 0.155594
v -0.033187 0.070545 0.201754
v -0.093719 0.084902 0.162042
v -0.093024 0.067475 0.161687
v -0.091856 0.067058 0.162304
v -0.092191 0.068160 0.162149
v -0.051950 0.065113 0.189532
v -0.052913 0.063012 0.189061
v -0.064128 0.068521 0.180928
v -0.087716 0.103771 0.166318
v -0.086293 0.101394 0.167221
v -0.075267 0.103581 0.174612
v -0.075551 0.102615 0.174331
v -0.074509 0.102828 0.174936
v -0.065742 0.072645 0.179794
v -0.001112 0.094448 0.222111
v 0.000104 0.094761 0.222773
v -0.110366 0.082765 0.150633
v -0.110435 0.086105 0.150808
v -0.111819 0.083830 0.149772
v -0.066936 0.071855 0.179233
v -0.097871 0.068885 0.158408
v -0.096633 0.068085 0.159220
v -0.096584 0.069429 0.159357
v -0.089815 0.113983 0.165363
v -0.090841 0.113834 0.164636
v -0.086860 0.023897 0.162692
v -0.066573 0.038424 0.179901
v -0.068362 0.038252 0.178691
v -0.069191 0.036180 0.178127
v -0.093710 0.053602 0.161436
v -0.094014 0.050334 0.161094
v -0.061346 0.079801 0.183262
v -0.042292 0.072282 0.195993
v -0.041599 0.072367 0.196384
v -0.041617 0.072998 0.196124
v -0.073856 0.070763 0.174322
v -0.073202 0.070344 0.174851
v -0.096106 0.048414 0.159590
v -0.058464 0.060950 0.185210
v -0.080989 0.063376 0.169965
v -0.083872 0.060163 0.167861
v -0.051343 0.110945 0.190243
v -0.047841 0.070485 0.192058
v -0.048597 0.069516 0.191377
v -0.047367 0.069469 0.192395
v -0.093437 0.064658 0.161793
v -0.091670 0.064054 0.162911
v -0.092512 0.065668 0.162276
v -0.040605 0.107423 0.197401
v -0.041798 0.106731 0.196615
v -0.040702 0.123439 0.195631
v -0.018026 0.085012 0.211716
v -0.092997 0.066567 0.161704
v -0.093756 0.066804 0.161042
v -0.093579 0.065812 0.161484
v -0.065508 0.112599 0.181777
v -0.066271 0.111569 0.181095
v -0.064514 0.111220 0.182171
v -0.061881 0.024862 0.181602
v -0.063118 0.024644 0.180774
v -0.061596 0.023491 0.181417
v -0.079493 0.058918 0.171011
v -0.106528 0.090683 0.153720
v -0.104735 0.088256 0.154804
v -0.104217 0.090040 0.155198
v -0.096574 0.110895 0.160808
v -0.095724 0.113395 0.161560
v -0.097628 0.112921 0.160269
v -0.013727 0.082799 0.214280
v -0.012641 0.082337 0.215001
v -0.049118 0.023093 0.187401
v -0.051183 0.021496 0.186257
v -0.048854 0.020778 0.187279
v -0.043795 0.024986 0.190692
v -0.105796 0.016400 0.149659
v -0.092766 0.071210 0.161935
v -0.093359 0.072030 0.161395
v -0.093398 0.070957 0.161200
v -0.087490 0.098982 0.166369
v -0.032481 0.121554 0.202369
v -0.033703 0.120873 0.201744
v -0.032231 0.120206 0.203157
v -0.058507 0.088676 0.185553
v -0.060349 0.087653 0.184337
v -0.064059 0.080964 0.181497
v -0.063602 0.082422 0.181943
v -0.065491 0.082178 0.180637
v 0.000874 0.106411 0.223379
v -0.085547 0.055500 0.166639
v -0.083317 0.056617 0.168300
v -0.111741 0.052742 0.149282
v -0.055102 0.065018 0.186961
v -0.055982 0.065550 0.186404
v -0.070001 0.122178 0.178131
v -0.034480 0.043958 0.200081
v -0.071379 0.106186 0.177097
v -0.070014 0.107578 0.178076
v -0.072704 0.108900 0.176506
v -0.013111 0.111518 0.215424
v -0.011806 0.112401 0.216455
v -0.013226 0.114256 0.215638
v -0.072052 0.102592 0.176553
v -0.070259 0.102838 0.177667
v -0.040275 0.069314 0.197048
v -0.037781 0.048418 0.198207
v -0.035116 0.049588 0.200149
v -0.036818 0.051423 0.199050
v -0.028339 0.069820 0.204990
v -0.027490 0.071788 0.205590
v -0.029326 0.071486 0.204327
v -0.047085 0.089938 0.192892
v -0.112073 0.071470 0.148959
v -0.105217 0.061462 0.153941
v -0.102630 0.071095 0.155017
v -0.103309 0.070542 0.154679
v -0.102795 0.069943 0.155207
v -0.068250 0.106257 0.179223
v -0.067569 0.106684 0.179751
v -0.068622 0.108039 0.179249
v -0.092177 0.021388 0.159754
v -0.093560 0.020215 0.158878
v -0.010361 0.105760 0.216911
v 0.013416 0.102835 0.231135
v 0.013598 0.104112 0.230732
v 0.013062 0.104926 0.231033
v -0.083591 0.070343 0.168167
v -0.015561 0.122103 0.212687
v -0.054234 0.122945 0.187378
v -0.055590 0.122532 0.187003
v -0.053969 0.122473 0.188077
v -0.072770 0.100100 0.175932
v -0.073506 0.102016 0.175543
v -0.074759 0.101037 0.174658
v -0.082817 0.121790 0.169987
v -0.081169 0.121558 0.171009
v -0.081486 0.122555 0.170549
v -0.096937 0.023946 0.157610
v -0.095862 0.021086 0.157682
v -0.095222 0.022610 0.158275
v -0.091942 0.023037 0.160010
v -0.090594 0.023826 0.160735
v -0.072243 0.049773 0.175928
v -0.071633 0.052386 0.176441
v -0.072702 0.053135 0.175790
v -0.084078 0.121987 0.169087
v -0.083412 0.122667 0.169321
v -0.084396 0.122560 0.168765
v -0.047608 0.065443 0.192530
v -0.046850 0.064016 0.193078
v -0.046074 0.065895 0.193436
v -0.075732 0.109508 0.174566
v -0.076307 0.111476 0.174312
v -0.062984 0.061510 0.182245
v -0.064022 0.063920 0.181473
v -0.065831 0.062967 0.180323
v -0.079394 0.115466 0.172510
v -0.080742 0.116731 0.171605
v -0.056638 0.070205 0.186361
v -0.056391 0.069391 0.186474
v -0.027440 0.103457 0.206259
v -0.074667 0.110975 0.175438
v -0.075963 0.112541 0.174677
v -0.056026 0.073728 0.186374
v -0.057186 0.071599 0.185504
v -0.012844 0.120834 0.215160
v -0.011673 0.121964 0.215253
v -0.065425 0.025234 0.179317
v -0.063111 0.023096 0.180405
v -0.093679 0.024991 0.159382
v -0.047135 0.076243 0.192440
v -0.047428 0.073903 0.192126
v -0.045839 0.076083 0.193302
v -0.090787 0.119602 0.165095
v -0.088375 0.119746 0.166651
v -0.088568 0.121324 0.166330
v -0.003436 0.090173 0.220756
v -0.012493 0.081134 0.214960
v -0.012302 0.079991 0.215109
v -0.011192 0.081040 0.215920
v -0.090236 0.112237 0.164934
v -0.095666 0.105613 0.161217
v -0.036403 0.122665 0.199089
v -0.036277 0.120750 0.199789
v -0.034926 0.121815 0.200461
v -0.008361 0.092122 0.217844
v -0.106287 0.108487 0.154530
v -0.104464 0.107934 0.155760
v -0.105879 0.111244 0.154962
v -0.080995 0.083101 0.170195
v -0.079075 0.084390 0.171510
v -0.073194 0.065457 0.175132
v -0.072145 0.063929 0.176057
v -0.063045 0.107789 0.182812
v -0.061712 0.106851 0.183584
v -0.102488 0.064767 0.155108
v -0.102280 0.065496 0.155277
v -0.082645 0.106455 0.169808
v -0.066142 0.043939 0.180142
v -0.066306 0.045660 0.180029
v -0.067503 0.043510 0.179205
v -0.050233 0.107054 0.191010
v -0.050425 0.107596 0.190919
v -0.061001 0.041915 0.183515
v -0.078437 0.056302 0.171768
v -0.032251 0.101375 0.202948
v -0.034665 0.100553 0.201469
v -0.034116 0.099224 0.201734
v -0.089994 0.088932 0.164642
v -0.090751 0.090221 0.164223
v -0.073343 0.067479 0.174651
v -0.050954 0.093552 0.190459
v -0.054836 0.070485 0.187286
v -0.054589 0.071374 0.187260
v -0.032393 0.099048 0.202879
v -0.040791 0.095623 0.197308
v -0.042306 0.094756 0.196180
v -0.033760 0.077833 0.201365
v -0.034544 0.079760 0.200814
v -0.068390 0.121728 0.179716
v -0.054978 0.019443 0.184471
v -0.053771 0.020793 0.185130
v -0.027319 0.093291 0.206240
v -0.026703 0.090064 0.206633
v -0.025729 0.092223 0.207402
v -0.090321 0.091856 0.164501
v -0.091728 0.091306 0.163538
v -0.067906 0.122419 0.179428
v -0.105958 0.040644 0.153121
v -0.106548 0.043097 0.152836
v -0.044810 0.090614 0.194387
v -0.033550 0.070908 0.201451
v -0.032926 0.070858 0.201748
v -0.111622 0.070697 0.149371
v -0.049634 0.122851 0.190388
v -0.078505 0.096609 0.172248
v -0.104624 0.066885 0.153876
v -0.067073 0.119980 0.181480
v -0.065773 0.119150 0.182413
v 0.004981 0.112387 0.227078
v -0.068204 0.111281 0.179782
v -0.066633 0.109599 0.180579
v -0.058431 0.023113 0.183297
v -0.056361 0.021206 0.184131
v -0.056834 0.024045 0.184113
v -0.041795 0.083199 0.196305
v -0.066732 0.070961 0.179422
v -0.066775 0.069935 0.179246
v -0.065852 0.070298 0.179947
v -0.018264 0.120944 0.211627
v -0.019469 0.121488 0.210673
v -0.043944 0.095257 0.195180
v 0.000337 0.102541 0.222912
v -0.000142 0.103130 0.222569
v -0.000385 0.101790 0.222375
v -0.066400 0.117347 0.181994
v -0.068019 0.116697 0.180917
v -0.102333 0.096041 0.156880
v -0.077859 0.017021 0.168851
v -0.077059 0.016050 0.168873
v -0.034806 0.068713 0.200834
v -0.035329 0.068401 0.200349
v -0.034611 0.068075 0.200877
v -0.103400 0.049731 0.154990
v -0.102553 0.054164 0.155614
v -0.105586 0.052660 0.153542
v -0.051432 0.044872 0.189295
v -0.052052 0.048639 0.189085
v -0.053141 0.042958 0.188141
v -0.082616 0.119753 0.170336
v -0.082146 0.117072 0.170690
v -0.080930 0.118721 0.171464
v -0.045928 0.106079 0.193832
v -0.044552 0.107688 0.194793
v -0.032907 0.103749 0.202480
v -0.104442 0.015935 0.150354
v -0.057813 0.109747 0.186200
v -0.108787 0.044965 0.151427
v -0.084848 0.019378 0.163598
v -0.086710 0.019543 0.162455
v -0.085625 0.017589 0.162896
v -0.039201 0.116476 0.198268
v -0.037283 0.114622 0.199604
v -0.090136 0.075898 0.163804
v -0.090263 0.077648 0.163883
v -0.084358 0.079697 0.168000
v -0.083382 0.082218 0.168627
v -0.056120 0.025932 0.184701
v -0.058056 0.026840 0.183930
v -0.081077 0.034635 0.168973
v -0.077973 0.035322 0.171661
v -0.079999 0.036941 0.170157
v -0.082432 0.095662 0.169683
v -0.080758 0.095466 0.170663
v -0.045114 0.023903 0.189534
v -0.044523 0.021854 0.189670
v -0.042182 0.067068 0.195638
v -0.101799 0.017199 0.152562
v -0.072109 0.032283 0.175721
v -0.012564 0.098575 0.215569
v -0.014245 0.100381 0.214478
v -0.024297 0.055695 0.207365
v -0.024930 0.051930 0.206776
v -0.022172 0.053174 0.208415
v -0.067974 0.040615 0.178958
v -0.062892 0.068121 0.181766
v -0.062664 0.067519 0.181924
v -0.097243 0.058567 0.159311
v -0.056548 0.064981 0.185819
v -0.056943 0.065767 0.185730
v -0.063736 0.069266 0.181301
v -0.064408 0.069270 0.180639
v -0.058575 0.104862 0.185748
v -0.060207 0.105783 0.184647
v -0.034812 0.119814 0.201165
v -0.034420 0.117459 0.201652
v -0.033458 0.119053 0.202301
v -0.062647 0.119341 0.184107
v -0.089125 0.084376 0.165099
v -0.086226 0.084115 0.166879
v -0.088834 0.086747 0.165318
v -0.107782 0.062468 0.152225
v -0.108799 0.059646 0.151459
v -0.105963 0.058911 0.153360
v -0.068204 0.064721 0.178764
v -0.068938 0.065631 0.177972
v -0.038819 0.095203 0.198652
v -0.037967 0.092790 0.199180
v -0.036994 0.095037 0.199841
v -0.054546 0.064669 0.187617
v -0.054184 0.063996 0.188071
v -0.053893 0.065503 0.188147
v -0.069046 0.097325 0.178412
v -0.067527 0.096942 0.179411
v -0.073420 0.066116 0.174724
v -0.072871 0.066061 0.175274
v -0.073168 0.066564 0.174745
v -0.075795 0.073386 0.173119
v -0.076241 0.071482 0.172629
v -0.043416 0.065825 0.195403
v -0.042596 0.065836 0.195739
v -0.051107 0.066498 0.189703
v -0.050902 0.065556 0.190130
v -0.057541 0.018109 0.182898
v -0.058056 0.020143 0.183061
v -0.060085 0.019131 0.181546
v -0.104067 0.056371 0.154682
v -0.083178 0.123473 0.167530
v -0.084614 0.123636 0.166204
v -0.084614 0.123258 0.167219
v -0.069031 0.071994 0.177737
v -0.069792 0.072711 0.177174
v -0.050542 0.069051 0.190166
v -0.050922 0.067819 0.189884
v -0.049896 0.068130 0.190662
v -0.093543 0.074263 0.161285
v -0.095546 0.075940 0.160085
v -0.095380 0.072733 0.160041
v -0.065889 0.087751 0.180456
v -0.066642 0.089592 0.179817
v -0.102512 0.068830 0.155397
v -0.101968 0.067828 0.155459
v -0.101690 0.069107 0.156050
v -0.088840 0.056018 0.164496
v -0.087273 0.056037 0.165489
v -0.087821 0.057658 0.165178
v -0.093655 0.097184 0.162463
v -0.091966 0.097896 0.163535
v -0.095159 0.089439 0.161167
v -0.093703 0.086892 0.162209
v -0.085558 0.039725 0.166031
v -0.066327 0.028674 0.179287
v -0.063704 0.026887 0.180799
v -0.064491 0.029818 0.180520
v -0.107559 0.057257 0.152260
v -0.109739 0.057248 0.150762
v -0.084484 0.044908 0.167240
v -0.054186 0.068421 0.187750
v -0.067433 0.067396 0.179053
v -0.067124 0.067963 0.179120
v -0.068119 0.067387 0.178458
v -0.024162 0.092296 0.208445
v -0.022745 0.093387 0.209289
v -0.039817 0.049871 0.197062
v -0.041218 0.052409 0.196149
v -0.011101 0.108076 0.216640
v -0.011236 0.110178 0.216624
v -0.012303 0.109121 0.215810
v -0.065222 0.073220 0.180101
v -0.037348 0.122023 0.198593
v -0.058783 0.069410 0.184633
v -0.038476 0.058950 0.198405
v -0.036919 0.058342 0.199456
v -0.037264 0.060430 0.199393
v -0.068733 0.071080 0.178061
v -0.067810 0.071401 0.178827
v -0.003576 0.087401 0.220870
v -0.005325 0.087990 0.219767
v -0.046899 0.119401 0.193255
v -0.047626 0.121195 0.192641
v -0.049308 0.120263 0.191731
v -0.103735 0.073223 0.154439
v -0.016976 0.057393 0.211727
v -0.038037 0.103012 0.199163
v -0.069640 0.070997 0.177262
v -0.021615 0.069455 0.209393
v -0.019631 0.066817 0.210505
v -0.019815 0.070781 0.210384
v -0.027870 0.063344 0.205300
v -0.035450 0.118727 0.200722
v -0.102385 0.028147 0.154896
v -0.103373 0.027344 0.154180
v -0.035584 0.108921 0.200735
v -0.034146 0.108576 0.201786
v -0.104802 0.100201 0.155365
v -0.080555 0.065429 0.170402
v 0.003281 0.091970 0.225120
v 0.002135 0.093241 0.224266
v 0.001687 0.092393 0.224116
v -0.088990 0.069857 0.164585
v -0.088018 0.069134 0.165314
v -0.088332 0.070106 0.165032
v -0.006863 0.086813 0.218935
v -0.005934 0.085989 0.219530
v -0.050387 0.087160 0.190788
v -0.043808 0.118763 0.195094
v -0.015066 0.114681 0.214431
v -0.016132 0.115500 0.213787
v -0.016820 0.096644 0.212967
v -0.090779 0.037842 0.162155
v -0.089739 0.071474 0.163672
v -0.089923 0.072320 0.163672
v -0.036936 0.044003 0.198517
v -0.036196 0.046446 0.199181
v -0.070647 0.017722 0.173991
v -0.067635 0.017216 0.175953
v -0.067983 0.018931 0.176201
v -0.105816 0.033798 0.152980
v -0.108577 0.031895 0.151177
v 0.002076 0.113737 0.225044
v 0.002232 0.111748 0.224984
v 0.003235 0.112000 0.225604
v -0.066423 0.081016 0.179891
v -0.064757 0.079437 0.180914
v -0.070738 0.104685 0.177533
v -0.103510 0.071858 0.154532
v -0.105945 0.071976 0.152920
v -0.085464 0.069342 0.166632
v -0.104741 0.071165 0.153644
v -0.058614 0.091462 0.185406
v -0.075278 0.057890 0.174070
v -0.077023 0.057849 0.172866
v -0.076516 0.054313 0.173048
v -0.046025 0.088226 0.193542
v -0.044289 0.088818 0.194732
v -0.045050 0.069216 0.193925
v -0.017880 0.098130 0.212343
v -0.023003 0.105695 0.209036
v -0.024386 0.106803 0.208327
v -0.045637 0.110131 0.193931
v -0.043743 0.109852 0.195186
v -0.102635 0.074187 0.155181
v -0.015305 0.095665 0.213871
v -0.016074 0.095027 0.213379
v -0.041135 0.118106 0.196886
v -0.040574 0.115532 0.197248
v -0.043128 0.064981 0.195617
v -0.077978 0.108903 0.173075
v -0.110744 0.021899 0.148001
v -0.108726 0.023023 0.149704
v -0.093311 0.077189 0.161758
v -0.054761 0.027541 0.185465
v -0.052993 0.026577 0.186159
v -0.054117 0.029694 0.186043
v -0.043596 0.071263 0.194799
v -0.043937 0.072390 0.194624
v -0.044256 0.071615 0.194466
v -0.036982 0.103257 0.199894
v -0.026624 0.112301 0.207184
v -0.077303 0.075161 0.172209
v -0.077344 0.077082 0.172386
v -0.004117 0.091837 0.220351
v -0.010062 0.076451 0.216392
v -0.106170 0.020837 0.150928
v -0.049770 0.100519 0.191406
v -0.051216 0.099416 0.190433
v -0.073275 0.091234 0.175436
v -0.072148 0.090316 0.176188
v -0.046319 0.041945 0.192189
v -0.075650 0.121971 0.174725
v -0.077509 0.121386 0.173642
v -0.038720 0.066296 0.198323
v -0.080694 0.122590 0.171071
v -0.097389 0.096241 0.160076
v -0.091295 0.069696 0.162899
v -0.059364 0.068940 0.184229
v -0.059422 0.070129 0.184113
v -0.060258 0.069131 0.183669
v -0.055453 0.068557 0.186813
v -0.055276 0.067836 0.187103
v -0.089142 0.027217 0.161748
v -0.035625 0.113845 0.200804
v -0.035963 0.112734 0.200558
v -0.035318 0.110246 0.201060
v -0.034625 0.111389 0.201515
v -0.035794 0.111572 0.200638
v -0.098489 0.073216 0.157996
v -0.089694 0.024341 0.161199
v -0.099641 0.021136 0.155367
v -0.040370 0.067073 0.196949
v -0.104411 0.067913 0.154160
v -0.104307 0.068984 0.154176
v -0.033663 0.047642 0.200894
v -0.027262 0.049538 0.205119
v -0.027501 0.053413 0.205168
v -0.055447 0.016932 0.183967
v -0.061806 0.071975 0.182363
v -0.061907 0.070695 0.182257
v -0.060987 0.070991 0.182773
v -0.083699 0.067235 0.168008
v -0.083666 0.068258 0.167856
v -0.084407 0.067380 0.167380
v -0.010776 0.099772 0.216489
v -0.040564 0.111586 0.197383
v -0.040243 0.111357 0.197619
v -0.039776 0.112476 0.197903
v -0.005908 0.101599 0.219214
v -0.094370 0.070071 0.160857
v -0.001046 0.099504 0.221896
v -0.079377 0.055566 0.171012
v -0.065084 0.072301 0.180304
v -0.100610 0.052853 0.156939
v -0.041353 0.112351 0.196792
v -0.107394 0.065035 0.152449
v -0.058872 0.037351 0.184619
v -0.059666 0.038569 0.184202
v -0.059754 0.036112 0.183971
v -0.071846 0.070722 0.175732
v -0.070842 0.070870 0.176515
v -0.071586 0.071616 0.175902
v -0.049210 0.117806 0.191804
v -0.092734 0.037546 0.160929
v -0.093090 0.068447 0.161651
v -0.056266 0.066206 0.186125
v 0.000958 0.101502 0.223194
v 0.000727 0.103264 0.223054
v -0.064533 0.073079 0.180544
v -0.031228 0.067286 0.203268
v -0.031272 0.068057 0.203128
v -0.032600 0.067818 0.202202
v -0.057772 0.116056 0.186325
v -0.056022 0.116834 0.187504
v -0.107878 0.025643 0.150922
v -0.107597 0.028307 0.151513
v -0.104081 0.070234 0.153993
v -0.103580 0.069643 0.154583
v -0.077681 0.027141 0.170926
v -0.079071 0.027084 0.169913
v -0.077452 0.024319 0.170792
v -0.111137 0.023629 0.148325
v -0.110235 0.025108 0.149273
v -0.105020 0.023509 0.152409
v -0.103329 0.025469 0.153687
v -0.028469 0.073401 0.204918
v -0.026132 0.072564 0.206514
v -0.028702 0.075131 0.204843
v -0.037710 0.069318 0.198821
v -0.062884 0.083806 0.182474
v -0.029787 0.051663 0.203724
v -0.054018 0.088802 0.188442
v -0.063714 0.022087 0.179717
v -0.082152 0.070073 0.169289
v -0.081049 0.070888 0.169576
v -0.088276 0.122343 0.166267
v -0.089499 0.122123 0.165593
v -0.103028 0.067421 0.154923
v -0.103479 0.068422 0.154598
v -0.103888 0.067022 0.154418
v -0.062688 0.066087 0.181892
v -0.061843 0.066428 0.182502
v -0.062546 0.066836 0.181876
v -0.031036 0.086757 0.203420
v -0.031975 0.085478 0.202796
v -0.031105 0.085170 0.203391
v -0.020829 0.110589 0.210588
v -0.022176 0.110607 0.209748
v -0.032239 0.118538 0.203384
v -0.038495 0.109517 0.198856
v -0.068234 0.109298 0.179534
v -0.062226 0.122981 0.182310
v -0.063035 0.122925 0.181511
v -0.063235 0.122721 0.182241
v -0.023412 0.121811 0.207958
v -0.022621 0.121205 0.208958
v -0.021405 0.122326 0.209027
v -0.048249 0.091985 0.192200
v -0.020259 0.095533 0.210830
v -0.022272 0.095766 0.209607
v -0.055507 0.069414 0.186874
v -0.014411 0.097038 0.214451
v -0.015626 0.099282 0.213732
v -0.018549 0.112698 0.212141
v -0.018701 0.110319 0.211908
v -0.017461 0.111377 0.212744
v -0.002028 0.107178 0.221597
v -0.089272 0.090154 0.165192
v -0.104694 0.069411 0.153806
v -0.032084 0.122956 0.201764
v -0.032744 0.122495 0.201632
v -0.031427 0.122248 0.202648
v -0.074137 0.067904 0.174147
v -0.074348 0.069005 0.174062
v -0.090191 0.070836 0.163421
v -0.042013 0.065836 0.196171
v -0.042333 0.065037 0.196074
v -0.100771 0.074075 0.156479
v -0.075878 0.114077 0.175025
v -0.073740 0.113522 0.176451
v -0.075491 0.115327 0.175369
v -0.094237 0.122120 0.162676
v -0.017814 0.067994 0.211533
v -0.089131 0.071823 0.164319
v -0.088219 0.071491 0.165130
v -0.025808 0.102430 0.207281
v -0.085891 0.086528 0.167155
v -0.099541 0.111574 0.158911
v -0.062889 0.069025 0.181887
v -0.073986 0.061892 0.174956
v -0.074230 0.063367 0.174703
v -0.086563 0.033557 0.164290
v -0.085640 0.030762 0.164522
v -0.055172 0.064099 0.187319
v -0.099746 0.065527 0.157188
v -0.091856 0.050800 0.162550
v -0.092429 0.046297 0.161913
v -0.090720 0.047471 0.163075
v -0.094877 0.064194 0.160784
v -0.053138 0.066543 0.188365
v -0.035541 0.071937 0.200043
v -0.092292 0.042099 0.161577
v -0.077149 0.116224 0.174293
v -0.078711 0.117633 0.173041
v -0.077522 0.114386 0.173813
v -0.041906 0.061736 0.196269
v -0.029305 0.123395 0.202649
v -0.046744 0.023328 0.188537
v -0.046969 0.025515 0.188907
v -0.045030 0.082877 0.194181
v -0.043345 0.085722 0.195298
v -0.093773 0.022839 0.159130
v -0.053550 0.069045 0.188103
v -0.102917 0.088125 0.156081
v -0.103574 0.084817 0.155454
v -0.101337 0.086032 0.157078
v -0.074054 0.094428 0.175036
v -0.072535 0.093448 0.175944
v -0.001333 0.100300 0.221695
v -0.090751 0.067700 0.162966
v -0.079649 0.039024 0.170540
v -0.073854 0.048174 0.174824
v -0.036362 0.093414 0.200272
v -0.036028 0.094205 0.200601
v -0.043139 0.071968 0.195456
v -0.043055 0.070810 0.195256
v -0.008992 0.082954 0.217464
v -0.007091 0.081404 0.218600
v -0.007788 0.083590 0.218344
v -0.079876 0.067190 0.170564
v -0.099753 0.018806 0.154413
v -0.098460 0.019120 0.155469
v 0.006190 0.105089 0.227464
v 0.007751 0.106188 0.228729
v -0.072927 0.018596 0.172921
v -0.070356 0.020162 0.175115
v -0.073222 0.094640 0.175642
v -0.044847 0.117864 0.194516
v -0.045407 0.115878 0.194132
v -0.044133 0.116251 0.194984
v -0.079040 0.087504 0.171651
v -0.076519 0.085670 0.173118
v -0.098696 0.043575 0.157743
v -0.097488 0.044181 0.158546
v -0.043173 0.083753 0.195481
v -0.041776 0.085409 0.196366
v -0.101889 0.072216 0.155545
v -0.079608 0.061303 0.171007
v -0.083225 0.039937 0.167815
v -0.084224 0.042972 0.167371
v -0.051228 0.081772 0.190093
v -0.052205 0.082933 0.189521
v -0.052492 0.081323 0.189323
v -0.081027 0.050186 0.169864
v -0.077828 0.051698 0.172073
v -0.065903 0.071622 0.179921
v -0.050740 0.121149 0.190754
v -0.050981 0.119929 0.190629
v -0.041455 0.071471 0.196474
v -0.041142 0.072098 0.196659
v -0.068976 0.070401 0.177817
v -0.068132 0.070554 0.178465
v -0.067377 0.070578 0.179053
v -0.028981 0.121819 0.204529
v -0.030122 0.122496 0.203276
v -0.030519 0.121098 0.204071
v -0.078474 0.065600 0.171659
v -0.077935 0.066291 0.171691
v -0.079507 0.065336 0.171033
v -0.097935 0.067639 0.158347
v -0.047040 0.029940 0.189874
v -0.046441 0.027491 0.189696
v -0.100270 0.071359 0.156696
v -0.100707 0.070022 0.156756
v -0.028646 0.123415 0.202908
v -0.027631 0.123332 0.203597
v -0.027351 0.123830 0.202784
v -0.048961 0.063982 0.191737
v -0.077540 0.079050 0.172314
v -0.074562 0.066855 0.174066
v -0.074290 0.065329 0.174406
v -0.073889 0.066040 0.174479
v -0.055622 0.089929 0.187456
v -0.087119 0.122185 0.167184
v -0.055265 0.100097 0.187869
v -0.053728 0.098892 0.188838
v -0.053559 0.101189 0.189004
v -0.051682 0.019310 0.185953
v -0.064139 0.122321 0.182029
v -0.064324 0.122634 0.181415
v -0.046634 0.086628 0.193250
v -0.087461 0.122894 0.166329
v -0.086108 0.122663 0.167460
v -0.085785 0.123036 0.167057
v -0.105708 0.037159 0.153169
v -0.025014 0.104665 0.207812
v -0.074616 0.112421 0.175665
v -0.003050 0.103945 0.220745
v -0.016265 0.101233 0.213200
v -0.052178 0.066444 0.188979
v -0.063065 0.115350 0.183620
v -0.047819 0.110189 0.192470
v -0.046776 0.109028 0.193199
v -0.092240 0.018733 0.159314
v -0.108292 0.086577 0.152283
v -0.108976 0.088123 0.151980
v -0.073470 0.103509 0.175576
v -0.111441 0.095772 0.150667
v -0.049739 0.104029 0.191322
v -0.047690 0.104493 0.192720
v -0.050325 0.105702 0.191080
v -0.030473 0.068510 0.203598
v -0.030569 0.069433 0.203447
v -0.090036 0.053129 0.163763
v -0.087776 0.053773 0.165258
v -0.051575 0.107533 0.190118
v -0.062765 0.019378 0.179890
v -0.064914 0.019693 0.178431
v -0.064242 0.018468 0.178488
v -0.073192 0.059853 0.175480
v -0.099724 0.066125 0.157299
v -0.100072 0.065999 0.156829
v -0.049240 0.121462 0.191527
v -0.048033 0.122380 0.192001
v -0.049856 0.122238 0.190829
v -0.007512 0.102874 0.218303
v -0.047682 0.123958 0.189533
v -0.049196 0.123687 0.189264
v -0.068860 0.025177 0.177122
v -0.067326 0.024938 0.177932
v -0.068365 0.026367 0.177644
v -0.078156 0.105742 0.172736
v -0.076441 0.107173 0.173881
v -0.076612 0.029598 0.172429
v -0.076202 0.028034 0.172408
v -0.074507 0.029448 0.173929
v -0.067663 0.045684 0.179128
v -0.007007 0.088486 0.218739
v -0.034741 0.070166 0.201095
v -0.034736 0.069289 0.201081
v -0.095238 0.056261 0.160535
v -0.091359 0.065754 0.162865
v -0.032993 0.066005 0.202108
v -0.031572 0.066267 0.203082
v -0.032826 0.066786 0.202143
v -0.039603 0.097254 0.198114
v -0.051404 0.056863 0.189923
v -0.049942 0.057616 0.190892
v -0.045158 0.104241 0.194365
v -0.039468 0.093916 0.198181
v -0.076402 0.041113 0.173146
v -0.075674 0.043692 0.173646
v -0.042813 0.088493 0.195697
v -0.043218 0.090335 0.195502
v -0.095767 0.016373 0.156371
v -0.095677 0.017943 0.156931
v -0.076261 0.104464 0.173953
v -0.074210 0.106456 0.175291
v -0.078619 0.121871 0.172721
v -0.079409 0.122434 0.171958
v -0.087917 0.109677 0.166401
v -0.089900 0.107368 0.165067
v -0.096339 0.061144 0.159898
v -0.093885 0.058937 0.161448
v -0.095130 0.062142 0.160730
v -0.111597 0.105006 0.150976
v -0.050659 0.123497 0.188792
v -0.050410 0.123136 0.189674
v -0.072747 0.111393 0.176696
v -0.070635 0.113028 0.178491
v -0.070107 0.109874 0.178347
v -0.027763 0.065985 0.205414
v -0.026423 0.066003 0.206218
v -0.026101 0.067974 0.206437
v -0.073538 0.096086 0.175426
v -0.093519 0.105158 0.162720
v -0.091434 0.105302 0.163955
v -0.092988 0.107440 0.163096
v -0.034066 0.106500 0.201872
v -0.008346 0.118529 0.218411
v -0.109358 0.030201 0.150745
v -0.010264 0.121672 0.216260
v -0.073777 0.055278 0.175045
v -0.026092 0.086791 0.206911
v -0.026946 0.083541 0.206216
v -0.024657 0.084885 0.207813
v -0.028803 0.122792 0.203726
v -0.029738 0.065694 0.204152
v -0.035282 0.069629 0.200711
v -0.035169 0.069110 0.200557
v -0.036314 0.096524 0.200334
v -0.037853 0.097197 0.199221
v -0.014226 0.080411 0.213856
v -0.070866 0.098248 0.177178
v -0.069804 0.096044 0.177801
v -0.001979 0.103886 0.221330
v -0.035746 0.069310 0.200229
v -0.091264 0.018054 0.159816
v -0.091272 0.016765 0.159422
v -0.097591 0.102950 0.160037
v -0.094861 0.103906 0.161817
v -0.013267 0.095160 0.214990
v -0.026308 0.070207 0.206357
v -0.022982 0.097307 0.209214
v -0.092795 0.120467 0.163775
v -0.078166 0.040517 0.171704
v -0.076342 0.038596 0.173069
v -0.101752 0.063778 0.156041
v -0.076469 0.022073 0.171243
v -0.075695 0.023886 0.172330
v -0.050390 0.047467 0.190009
v -0.049959 0.052480 0.190543
v -0.046543 0.097786 0.193445
v -0.091898 0.087081 0.163402
v -0.005333 0.116404 0.220374
v -0.057094 0.046715 0.186062
v -0.058319 0.047112 0.185381
v -0.042425 0.108020 0.196118
v -0.055599 0.063457 0.187068
v -0.069293 0.094123 0.178132
v -0.059059 0.066838 0.184285
v -0.082352 0.108598 0.170167
v -0.106449 0.035622 0.152709
v -0.009248 0.108448 0.217725
v -0.009955 0.111713 0.217403
v -0.081543 0.068831 0.169461
v -0.082235 0.068988 0.168976
v -0.081865 0.068053 0.169060
v -0.066519 0.027101 0.178860
v -0.070721 0.082885 0.177095
v -0.070075 0.083859 0.177526
v -0.010162 0.081432 0.216632
v -0.009014 0.079909 0.217217
v -0.009286 0.081675 0.217318
v 0.002308 0.094471 0.224318
v 0.001357 0.093796 0.223827
v 0.004885 0.116481 0.227071
v 0.003497 0.116150 0.226110
v -0.003755 0.105649 0.220556
v -0.002638 0.104860 0.221094
v -0.002189 0.106284 0.221413
v -0.046587 0.055903 0.192745
v -0.080896 0.047127 0.169880
v -0.081898 0.084062 0.169670
v -0.022608 0.084538 0.209032
v -0.023648 0.087557 0.208513
v -0.064993 0.071438 0.180590
v -0.090390 0.109563 0.164751
v -0.078133 0.070309 0.171610
v -0.076878 0.070008 0.172375
v -0.077306 0.071186 0.171869
v -0.111077 0.115546 0.152153
v -0.027247 0.068227 0.205651
v -0.072662 0.066850 0.175339
v -0.103158 0.064698 0.154884
v -0.063746 0.043840 0.181838
v -0.001198 0.112685 0.222687
v -0.056508 0.113967 0.187121
v -0.055927 0.115504 0.187475
v -0.055977 0.018680 0.183876
v -0.103135 0.112863 0.156758
v -0.045429 0.095030 0.194090
v -0.017936 0.114863 0.212678
v -0.018542 0.116170 0.212245
v -0.068040 0.022129 0.177014
v -0.068211 0.023988 0.177328
v -0.069743 0.023536 0.176164
v -0.065701 0.064824 0.180334
v -0.108255 0.108557 0.153338
v -0.048555 0.046649 0.191155
v -0.046474 0.044674 0.192318
v -0.046654 0.048653 0.192362
v -0.032286 0.109809 0.203105
v -0.062311 0.096305 0.182995
v -0.061435 0.097486 0.183571
v -0.052644 0.084959 0.189288
v -0.020508 0.120755 0.210362
v -0.021351 0.119806 0.210254
v -0.048287 0.025100 0.188078
v -0.044136 0.087170 0.194898
v -0.045463 0.086888 0.193937
v -0.071727 0.067363 0.175881
v -0.070503 0.066768 0.176909
v -0.041471 0.064262 0.196409
v -0.110981 0.091366 0.150791
v -0.111346 0.093321 0.150588
v 0.004470 0.098372 0.225689
v -0.058105 0.064066 0.185262
v -0.032129 0.066966 0.202704
v -0.013673 0.074569 0.214063
v -0.105364 0.121303 0.155894
v -0.085565 0.044227 0.166509
v -0.001959 0.116219 0.222587
v -0.003697 0.116011 0.221408
v -0.002877 0.114536 0.221952
v -0.072665 0.078610 0.175609
v -0.073928 0.078603 0.174727
v -0.066688 0.107277 0.180315
v -0.088299 0.050849 0.164777
v -0.089985 0.049846 0.163708
v -0.088818 0.047837 0.164433
v -0.001929 0.113747 0.222442
v -0.109009 0.072049 0.151142
v -0.109367 0.071223 0.150697
v -0.072150 0.070079 0.175852
v -0.023256 0.081847 0.208565
v -0.025372 0.081253 0.207215
v -0.054992 0.063726 0.187584
v -0.023042 0.103346 0.208962
v -0.000738 0.116299 0.223293
v -0.031949 0.091229 0.203054
v -0.030021 0.089516 0.204402
v -0.029718 0.092314 0.204676
v -0.062800 0.110797 0.183159
v -0.038361 0.083603 0.198435
v -0.039652 0.080791 0.197651
v -0.037271 0.080893 0.199176
v -0.005901 0.109453 0.219704
v -0.004688 0.109025 0.220303
v -0.035694 0.070153 0.200509
v 0.005346 0.103310 0.226703
v -0.054358 0.044205 0.187560
v -0.021653 0.072656 0.209362
v -0.020878 0.074889 0.209858
v -0.083804 0.066479 0.167947
v -0.090468 0.066731 0.163142
v -0.034474 0.102141 0.201548
v -0.049161 0.067362 0.191092
v -0.046276 0.103520 0.193621
v -0.001327 0.120224 0.222493
v -0.001630 0.118931 0.222577
v -0.000489 0.119590 0.223182
v -0.012885 0.086265 0.215147
v -0.105626 0.083399 0.154013
v -0.104956 0.084706 0.154474
v -0.106400 0.085098 0.153547
v -0.112102 0.085963 0.149767
v -0.029584 0.061870 0.204126
v -0.111751 0.045817 0.149349
v -0.063848 0.066557 0.181037
v -0.063671 0.065778 0.181488
v -0.063215 0.066433 0.181598
v -0.028407 0.066871 0.204932
v -0.023646 0.122576 0.207272
v -0.024591 0.122198 0.206955
v -0.046469 0.020660 0.188464
v -0.077327 0.072712 0.172096
v -0.095267 0.050128 0.160302
v 0.003554 0.098697 0.225039
v -0.029571 0.102246 0.204753
v -0.086314 0.058308 0.166189
v -0.046551 0.111731 0.193250
v -0.046872 0.113286 0.193090
v -0.048347 0.112060 0.192105
v -0.049962 0.111258 0.191046
v -0.085726 0.093807 0.167498
v -0.084299 0.094606 0.168472
v -0.085571 0.095630 0.167586
v -0.108910 0.095518 0.152358
v -0.107702 0.093109 0.153146
v -0.035708 0.081784 0.200044
v -0.035977 0.080192 0.199834
v -0.109711 0.093912 0.151702
v -0.055287 0.114965 0.187783
v -0.054316 0.114274 0.188379
v -0.102333 0.047493 0.155606
v -0.104048 0.045716 0.154467
v -0.056840 0.088391 0.186563
v -0.057638 0.086274 0.186075
v -0.108457 0.053038 0.151529
v -0.108066 0.055264 0.151795
v -0.110211 0.054190 0.150321
v -0.060406 0.021782 0.181901
v -0.079991 0.117486 0.172227
v -0.002646 0.097757 0.220958
v -0.061095 0.015581 0.179646
v -0.063326 0.015858 0.178338
v -0.030426 0.085462 0.203981
v -0.029919 0.087224 0.204361
v -0.011085 0.083258 0.216225
v -0.028346 0.115155 0.206202
v -0.029214 0.114284 0.205490
v -0.028650 0.113291 0.205904
v -0.106275 0.047056 0.153015
v -0.073134 0.118998 0.177215
v -0.074775 0.120237 0.175901
v -0.075218 0.119072 0.175698
v -0.030318 0.067892 0.203703
v -0.089412 0.104651 0.165313
v -0.036098 0.041008 0.198791
v -0.061731 0.020958 0.180846
v -0.046382 0.077824 0.193143
v -0.105781 0.078722 0.153533
v -0.103988 0.079946 0.154838
v -0.104998 0.082294 0.154310
v -0.054494 0.123328 0.186650
v -0.055639 0.123092 0.186418
v -0.082942 0.085082 0.168912
v -0.077060 0.097641 0.173401
v -0.061583 0.017824 0.180209
v -0.071524 0.081573 0.176447
v -0.053330 0.023644 0.185673
v -0.051378 0.024382 0.186505
v -0.056785 0.050355 0.186377
v -0.035369 0.095023 0.200932
v -0.052862 0.052146 0.188795
v -0.052055 0.052406 0.189313
v -0.100991 0.119248 0.158639
v -0.102905 0.120881 0.157404
v -0.103876 0.118988 0.156848
v -0.090999 0.121527 0.164860
v -0.088357 0.068486 0.164869
v -0.089679 0.069118 0.164088
v -0.098092 0.089227 0.159379
v -0.100669 0.090368 0.157671
v -0.099809 0.087538 0.158136
v -0.061100 0.025882 0.182223
v -0.060935 0.028761 0.182588
v -0.090023 0.064608 0.163841
v -0.059673 0.066716 0.183804
v -0.059114 0.066020 0.184437
v -0.068390 0.065992 0.178137
v -0.068402 0.065490 0.178474
v -0.068009 0.065758 0.178817
v -0.083962 0.033745 0.166389
v -0.083946 0.031126 0.165895
v -0.082235 0.030783 0.167416
v -0.098050 0.022556 0.156637
v -0.097089 0.019724 0.156588
v -0.070633 0.092591 0.177207
v -0.064770 0.107771 0.181695
v -0.057378 0.039743 0.185564
v -0.037893 0.120973 0.198657
v -0.036675 0.118521 0.199922
v -0.054233 0.086481 0.188360
v -0.106468 0.073016 0.152702
v -0.059829 0.048163 0.184359
v -0.036558 0.070917 0.199365
v -0.089502 0.016089 0.160205
v -0.025969 0.074552 0.206581
v -0.097132 0.017801 0.155846
v -0.081316 0.039002 0.169114
v -0.082392 0.041685 0.168635
v -0.093078 0.033390 0.160270
v -0.064460 0.072233 0.180908
v -0.100326 0.043872 0.156804
v -0.102956 0.042388 0.155140
v -0.063401 0.072712 0.181402
v -0.065430 0.070902 0.180369
v -0.068531 0.069769 0.178041
v -0.070097 0.069576 0.177105
v -0.084489 0.085756 0.168054
v -0.065701 0.077167 0.180174
v -0.063644 0.076510 0.181454
v -0.061960 0.077952 0.182778
v -0.055494 0.087884 0.187521
v -0.034555 0.065063 0.201253
v -0.034018 0.062884 0.201475
v -0.049744 0.069204 0.190854
v -0.037820 0.062899 0.199082
v -0.038747 0.063767 0.198446
v -0.038768 0.062830 0.198519
v -0.083818 0.069416 0.167916
v -0.083048 0.068986 0.168315
v -0.083246 0.069734 0.168460
v -0.042278 0.110671 0.196248
v -0.045091 0.064580 0.194164
v -0.045734 0.065126 0.193802
v -0.054607 0.068046 0.187580
v -0.018238 0.102636 0.212007
v -0.042521 0.045217 0.194870
v -0.062032 0.068845 0.182266
v -0.062346 0.068404 0.182084
v -0.045601 0.071445 0.193216
v -0.045013 0.071143 0.194037
v -0.045040 0.072083 0.193765
v -0.085796 0.111663 0.167935
v -0.084102 0.110970 0.169029
v -0.051483 0.040895 0.188917
v -0.050653 0.036416 0.188943
v -0.048632 0.040623 0.190580
v -0.109256 0.092050 0.151934
v -0.004797 0.086060 0.220127
v -0.003566 0.085151 0.220947
v -0.067448 0.056994 0.179302
v -0.065822 0.054401 0.180415
v -0.065441 0.057736 0.180607
v -0.061920 0.057735 0.183006
v -0.086187 0.071975 0.166082
v -0.087057 0.071289 0.165668
v -0.082527 0.110578 0.170136
v -0.083528 0.109839 0.169333
v -0.033148 0.086278 0.202004
v -0.032222 0.087449 0.202783
v -0.064933 0.068014 0.180568
v -0.094156 0.094511 0.162103
v -0.092068 0.093298 0.163434
v -0.008710 0.089284 0.217805
v -0.007253 0.089860 0.218542
v -0.067356 0.118445 0.181385
v -0.068613 0.118049 0.180580
v -0.050120 0.043979 0.189977
v 0.003229 0.096099 0.224862
v 0.002721 0.097753 0.224422
v 0.002669 0.096763 0.224377
v -0.058123 0.035343 0.184785
v -0.065629 0.091503 0.180645
v -0.011369 0.117006 0.216704
v -0.013130 0.117961 0.215683
v -0.012698 0.116264 0.215981
v -0.083452 0.021001 0.164953
v -0.081663 0.023546 0.166894
v -0.096729 0.071815 0.159058
v -0.096651 0.070609 0.159008
v -0.095904 0.071368 0.159468
v -0.105004 0.069988 0.153631
v -0.001289 0.107375 0.222105
v -0.111907 0.056796 0.149302
v -0.090553 0.070126 0.163462
v -0.101537 0.039945 0.155926
v -0.052132 0.070317 0.189320
v -0.051784 0.070888 0.189366
v -0.056174 0.064662 0.186069
v -0.072413 0.092165 0.175993
v 0.005243 0.106315 0.226892
v -0.080714 0.069181 0.169864
v -0.081089 0.068325 0.169595
v -0.080295 0.068527 0.170047
v -0.036578 0.115470 0.200152
v -0.035370 0.115844 0.201026
v -0.085526 0.121887 0.168234
v -0.048919 0.113564 0.191863
v -0.050314 0.112761 0.190885
v -0.060695 0.066584 0.183312
v -0.061167 0.065337 0.183271
v -0.076880 0.123350 0.172291
v -0.077528 0.123222 0.172009
v -0.054793 0.117786 0.188237
v -0.043862 0.121909 0.194625
v -0.079246 0.123306 0.170576
v -0.080112 0.123547 0.169294
v -0.017417 0.112720 0.212810
v -0.048795 0.034577 0.189685
v -0.050285 0.032638 0.188512
v -0.061281 0.069049 0.182841
v -0.091380 0.076466 0.162991
v -0.042541 0.069901 0.195612
v -0.042854 0.068586 0.195252
v -0.027230 0.116493 0.206954
v -0.028518 0.117674 0.206251
v -0.067624 0.069935 0.178657
v -0.089320 0.066254 0.164128
v -0.092214 0.069089 0.162061
v -0.097487 0.121168 0.160863
v -0.056931 0.068634 0.186050
v -0.094905 0.092089 0.161508
v -0.096431 0.094425 0.160638
v -0.081616 0.071773 0.169078
v -0.081633 0.073085 0.169317
v -0.082498 0.072335 0.168599
v -0.091506 0.067946 0.162614
v -0.091103 0.068643 0.162889
v -0.079034 0.092255 0.171803
v -0.105230 0.103099 0.155132
v -0.045900 0.122390 0.193234
v -0.112171 0.098070 0.150256
v -0.073817 0.069731 0.174496
v -0.040105 0.078670 0.197163
v -0.039828 0.076550 0.197346
v -0.063829 0.072261 0.181345
v -0.062265 0.070148 0.182304
v -0.048180 0.027457 0.188594
v -0.056086 0.085611 0.187138
v -0.098046 0.055045 0.158718
v -0.046631 0.071540 0.192447
v -0.047672 0.071261 0.191915
v -0.023782 0.078465 0.208124
v -0.080769 0.100316 0.170852
v -0.091942 0.043870 0.162075
v -0.083599 0.076007 0.168113
v -0.050650 0.083897 0.190543
v -0.021672 0.065763 0.209304
v -0.045377 0.056399 0.193662
v -0.068634 0.061660 0.178461
v -0.069895 0.059203 0.177726
v -0.067827 0.059141 0.178996
v -0.084944 0.097859 0.168065
v -0.050308 0.081260 0.190741
v -0.072972 0.114894 0.177131
v -0.074229 0.114778 0.176186
v -0.048868 0.107176 0.191888
v -0.047912 0.106310 0.192503
v -0.046688 0.107693 0.193262
v -0.062825 0.080293 0.182320
v -0.018089 0.122327 0.210959
v -0.017063 0.122001 0.211884
v -0.065162 0.109840 0.181564
v -0.087332 0.035125 0.164089
v -0.066141 0.015645 0.176241
v -0.064006 0.097751 0.181840
v -0.054719 0.087867 0.187957
v -0.085401 0.109283 0.168125
v -0.018813 0.122752 0.210076
v -0.019029 0.122279 0.210471
v -0.065248 0.031242 0.180264
v -0.064195 0.031656 0.180898
v -0.074811 0.036734 0.174200
v -0.021464 0.078394 0.209615
v -0.019894 0.122244 0.209902
v -0.019704 0.122899 0.209237
v -0.035956 0.062483 0.200317
v -0.038371 0.074621 0.198176
v -0.040612 0.073988 0.196642
v -0.065758 0.096275 0.180596
v -0.076536 0.059879 0.173224
v -0.088567 0.064744 0.164853
v -0.038875 0.061463 0.198333
v -0.040275 0.059999 0.197357
v -0.072043 0.068779 0.175740
v -0.042082 0.058409 0.196048
v -0.100101 0.056416 0.157339
v -0.039371 0.064200 0.197832
v -0.102662 0.090536 0.156368
v -0.101516 0.088581 0.157156
v -0.060070 0.116459 0.185261
v -0.059309 0.118485 0.185828
v -0.044179 0.065386 0.194722
v -0.049066 0.102387 0.191812
v -0.065805 0.068366 0.180092
v -0.066419 0.068431 0.179510
v -0.066367 0.067780 0.179829
v -0.014122 0.113245 0.214977
v -0.061746 0.019945 0.180739
v -0.033804 0.067350 0.201404
v -0.034102 0.066321 0.201184
v -0.033484 0.066613 0.201505
v -0.061885 0.115843 0.184296
v -0.043595 0.123583 0.193779
v -0.086120 0.069058 0.166094
v -0.058426 0.072614 0.184661
v -0.059608 0.071528 0.183808
v -0.058500 0.071215 0.184471
v -0.096017 0.070167 0.159651
v -0.095520 0.069744 0.160044
v -0.095371 0.070463 0.160334
v -0.021706 0.123023 0.207621
v -0.020467 0.123274 0.208247
v -0.106440 0.071695 0.152566
v -0.019421 0.097724 0.211357
v -0.001682 0.101459 0.221543
v -0.002838 0.100047 0.220838
v -0.075179 0.016262 0.170222
v -0.092152 0.074804 0.162379
v -0.093567 0.055921 0.161536
v -0.055281 0.023561 0.184790
v -0.106161 0.045157 0.153012
v -0.028254 0.101176 0.205661
v -0.049298 0.029813 0.188499
v -0.110244 0.055704 0.150370
v -0.039304 0.091055 0.198160
v -0.039352 0.092646 0.198263
v -0.069709 0.105927 0.178351
v -0.058748 0.112459 0.185677
v -0.101483 0.015547 0.152068
v -0.041690 0.101798 0.196761
v -0.022904 0.118334 0.209568
v -0.062662 0.031301 0.181833
v -0.069532 0.066786 0.177404
v -0.069620 0.066135 0.177479
v -0.002845 0.117906 0.221969
v -0.102025 0.057226 0.156154
v -0.070889 0.068243 0.176603
v -0.040175 0.070772 0.197008
v 0.003934 0.093040 0.225709
v 0.002299 0.109996 0.224872
v -0.111930 0.073286 0.149126
v -0.074772 0.098417 0.174749
v -0.110637 0.089024 0.150772
v -0.009439 0.084964 0.217365
v -0.007346 0.085207 0.218620
v -0.008318 0.086786 0.218054
v -0.035472 0.074338 0.200110
v -0.037650 0.072877 0.198595
v -0.058329 0.100735 0.185845
v -0.057953 0.065192 0.185173
v -0.057166 0.064671 0.185477
v -0.096500 0.015563 0.155405
v -0.077558 0.123411 0.171405
v -0.078842 0.123135 0.171519
v -0.078008 0.123206 0.171919
v -0.079259 0.044630 0.171124
v -0.063506 0.033371 0.181544
v -0.103568 0.122201 0.156620
v -0.071124 0.115011 0.178493
v -0.000752 0.114466 0.223117
v -0.112145 0.043779 0.149127
v -0.084804 0.118788 0.168862
v -0.083390 0.117947 0.169722
v -0.037251 0.071682 0.198938
v -0.037971 0.071144 0.198510
v -0.037337 0.071027 0.198872
v -0.078311 0.090144 0.172101
v -0.077364 0.091509 0.172857
v -0.065295 0.017434 0.177682
v -0.064784 0.017773 0.178009
v -0.066041 0.018013 0.177391
v -0.099202 0.029228 0.156777
v -0.073405 0.017095 0.171937
v 0.000959 0.104572 0.223209
v -0.000309 0.104176 0.222422
v -0.046580 0.117262 0.193396
v -0.066937 0.091340 0.179669
v -0.109711 0.050390 0.150646
v -0.095120 0.019074 0.157664
v -0.075197 0.068452 0.173680
v -0.076883 0.064639 0.172858
v -0.034666 0.093073 0.201364
v -0.035692 0.091186 0.200606
v -0.033794 0.091077 0.201906
v -0.023768 0.100677 0.208654
v -0.059597 0.025531 0.182940
v -0.106361 0.114381 0.154916
v -0.081300 0.067524 0.169282
v -0.025521 0.121376 0.207001
v -0.061465 0.075266 0.182865
v -0.026656 0.120293 0.206853
v -0.098423 0.120051 0.160324
v -0.097425 0.119336 0.160929
v -0.054102 0.080512 0.188259
v -0.059458 0.067808 0.184034
v -0.037735 0.111528 0.199271
v -0.038555 0.113921 0.198676
v -0.039170 0.073270 0.197701
v -0.068793 0.122494 0.178582
v -0.108901 0.100348 0.152611
v -0.066818 0.066180 0.179590
v -0.026960 0.121102 0.206298
v -0.074141 0.022444 0.173052
v -0.073939 0.024827 0.173767
v -0.079331 0.030828 0.170180
v -0.080787 0.031642 0.168892
v -0.080672 0.028858 0.168757
v -0.072195 0.061828 0.176097
v -0.087844 0.089177 0.166013
v -0.088402 0.091955 0.165695
v -0.009056 0.121444 0.217211
v -0.066136 0.019147 0.177496
v -0.067110 0.020246 0.177143
v 0.005763 0.117133 0.227545
v 0.006715 0.117761 0.228079
v 0.005308 0.118461 0.227112
v -0.041674 0.087528 0.196571
v -0.063242 0.020826 0.179807
v -0.065071 0.020812 0.178499
v -0.000264 0.107685 0.222748
v -0.101816 0.064764 0.155513
v -0.066318 0.104142 0.180408
v -0.081574 0.123774 0.168008
v -0.100957 0.077336 0.156548
v -0.016966 0.095599 0.212851
v -0.036912 0.109299 0.199844
v -0.107889 0.084900 0.152510
v -0.107254 0.086386 0.153112
v -0.107672 0.082565 0.152486
v -0.056773 0.107518 0.186898
v -0.054337 0.107574 0.188411
v -0.108281 0.096088 0.152829
v -0.100131 0.068523 0.157040
v -0.085529 0.022105 0.163468
v -0.054484 0.115857 0.188379
v -0.064198 0.065074 0.181306
v 0.002544 0.100210 0.224246
v -0.000855 0.087197 0.222706
v -0.030632 0.100065 0.204059
v -0.016814 0.086445 0.212581
v -0.016980 0.088189 0.212597
v -0.018121 0.087957 0.211828
v -0.064334 0.041397 0.181357
v -0.065946 0.040876 0.180368
v -0.078380 0.028816 0.170819
v -0.077745 0.030742 0.171484
v -0.092754 0.103076 0.163126
v -0.111560 0.058958 0.149519
v -0.075920 0.026235 0.172186
v -0.076798 0.026384 0.171618
v -0.076229 0.025044 0.171896
v -0.066003 0.017194 0.177144
v -0.069213 0.015991 0.174347
v -0.029365 0.119457 0.205408
v -0.027886 0.119401 0.206439
v -0.063572 0.109562 0.182594
v -0.053131 0.068445 0.188188
v -0.085652 0.025094 0.163647
v -0.106642 0.049367 0.152748
v -0.065923 0.098625 0.180511
v -0.083391 0.078235 0.168431
v -0.052980 0.032833 0.187162
v -0.066167 0.069204 0.179724
v -0.061923 0.073452 0.182464
v -0.063007 0.074319 0.181717
v -0.062803 0.073051 0.181814
v -0.064789 0.070421 0.180783
v -0.062015 0.063767 0.182835
v -0.065276 0.069260 0.180202
v -0.061603 0.039231 0.183074
v -0.073792 0.066797 0.174387
v -0.089426 0.065345 0.164237
v -0.047145 0.116184 0.193034
v -0.046490 0.114794 0.193328
v -0.094447 0.071228 0.160561
v -0.076300 0.065753 0.173012
v -0.048148 0.051493 0.191511
v -0.060420 0.067796 0.183426
v -0.058853 0.052550 0.185080
v -0.056622 0.064421 0.185821
v -0.063951 0.016536 0.178366
v -0.065505 0.016497 0.177285
v -0.035971 0.067488 0.200005
v -0.034904 0.067387 0.200695
v 0.002781 0.110714 0.225333
v -0.089750 0.070126 0.164068
v -0.089011 0.070721 0.164379
v -0.043991 0.068208 0.194479
v -0.085800 0.027658 0.163856
v -0.087588 0.028934 0.162848
v -0.087196 0.026237 0.162748
v -0.060334 0.024067 0.182346
v -0.051435 0.053298 0.189678
v -0.069311 0.115333 0.179784
v -0.052020 0.071814 0.189046
v -0.031757 0.069778 0.202736
v -0.068022 0.029855 0.178328
v -0.034212 0.052457 0.200855
v -0.033738 0.097897 0.202068
v -0.095330 0.071240 0.160011
v -0.109103 0.047579 0.151053
v -0.028778 0.072414 0.204730
v -0.084511 0.102908 0.168340
v -0.083380 0.100585 0.169166
v -0.019118 0.075655 0.210849
v -0.018020 0.071864 0.211574
v -0.006893 0.107843 0.219070
v -0.008294 0.105357 0.218041
v -0.080692 0.085287 0.170419
v -0.032222 0.078828 0.202420
v -0.010265 0.078313 0.216411
v -0.099875 0.121285 0.159361
v -0.048551 0.066688 0.191470
v -0.007392 0.110649 0.218928
v -0.050741 0.122631 0.189986
v -0.052610 0.059633 0.189206
v -0.054593 0.059902 0.187857
v -0.032851 0.083843 0.202125
v -0.066317 0.083913 0.180071
v -0.086787 0.072910 0.165609
v -0.087310 0.072142 0.165383
v -0.106785 0.054046 0.152708
v -0.105987 0.055620 0.153281
v -0.077086 0.028456 0.171746
v -0.104997 0.118483 0.156198
v -0.064039 0.108784 0.182141
v -0.071037 0.087504 0.176762
v -0.070967 0.088397 0.176945
v -0.101607 0.122089 0.158056
v -0.054233 0.096788 0.188413
v -0.055290 0.097656 0.187710
v -0.069073 0.106316 0.178702
v -0.069357 0.116968 0.180013
v -0.080014 0.066359 0.170633
v -0.094812 0.083685 0.161355
v -0.045269 0.123524 0.192609
v -0.057472 0.121930 0.186163
v -0.040634 0.086757 0.197152
v -0.040493 0.088268 0.197259
v -0.063829 0.121305 0.183176
v -0.062376 0.120672 0.184144
v -0.068781 0.068838 0.177887
v -0.001757 0.117787 0.222672
v -0.069819 0.104500 0.178087
v -0.043689 0.055815 0.194771
v -0.029215 0.085508 0.204711
v -0.035724 0.059539 0.200276
v -0.106538 0.070988 0.152698
v -0.010207 0.118703 0.217270
v -0.011265 0.119726 0.216417
v -0.033156 0.109766 0.202537
v -0.043867 0.066119 0.194826
v -0.025511 0.113836 0.207936
v -0.024636 0.115489 0.208561
v -0.086352 0.069773 0.165966
v -0.087437 0.069929 0.165555
v -0.013217 0.119471 0.215321
v -0.014987 0.119984 0.214106
v -0.016005 0.114542 0.213859
v -0.053198 0.105310 0.189297
v -0.007673 0.120958 0.218275
v -0.078278 0.122921 0.172193
v -0.038558 0.070641 0.198422
v -0.050907 0.114452 0.190581
v -0.052899 0.114963 0.189383
v -0.082714 0.069595 0.168784
v -0.107558 0.074156 0.152013
v -0.035504 0.057087 0.200150
v 0.003759 0.097324 0.225296
v -0.044073 0.101669 0.195106
v -0.031986 0.117352 0.203613
v -0.031125 0.117626 0.204223
v -0.006906 0.114725 0.219481
v -0.006385 0.116217 0.219710
v -0.032588 0.068535 0.202213
v -0.032032 0.068474 0.202516
v -0.032539 0.069079 0.202184
v -0.039241 0.103748 0.198405
v -0.041156 0.066251 0.196639
v -0.041504 0.065588 0.196501
v -0.080099 0.090182 0.171007
v -0.053990 0.078219 0.188153
v -0.067006 0.068890 0.179237
v -0.081595 0.101789 0.170207
v -0.108288 0.079989 0.152008
v -0.106625 0.081344 0.153150
v -0.030919 0.119331 0.204278
v 0.004685 0.101805 0.226027
v -0.111799 0.110695 0.151206
v -0.109391 0.081042 0.151255
v -0.109175 0.084088 0.151596
v -0.075527 0.066697 0.173267
v -0.046014 0.070042 0.193163
v -0.005478 0.083909 0.219703
v -0.044357 0.070644 0.194439
v -0.087745 0.118140 0.166914
v -0.086467 0.118808 0.167854
v -0.057939 0.066196 0.185412
v -0.075534 0.064651 0.173609
v -0.048759 0.070395 0.191229
v -0.050451 0.070120 0.190268
v -0.015576 0.085282 0.213191
v -0.016718 0.084223 0.212544
v -0.095308 0.058152 0.160564
v -0.055397 0.027060 0.185041
v -0.071400 0.079886 0.176435
v 0.004164 0.111081 0.226305
v -0.101623 0.065522 0.155800
v -0.062686 0.101948 0.182840
v -0.061683 0.069999 0.182661
v -0.061032 0.069879 0.183274
v -0.040384 0.062085 0.197324
v -0.040067 0.085123 0.197507
v -0.040320 0.082855 0.197225
v -0.031572 0.088202 0.203219
v -0.032447 0.089334 0.202665
v -0.024577 0.090471 0.208120
v -0.036815 0.083276 0.199456
v -0.110073 0.064107 0.150825
v -0.047149 0.053008 0.192281
v -0.044962 0.051902 0.193642
v -0.036784 0.066207 0.199566
v -0.036686 0.067050 0.199502
v -0.043694 0.069837 0.194953
v -0.042688 0.073494 0.195406
v -0.090318 0.110867 0.164892
v -0.089936 0.110520 0.165063
v -0.031734 0.076523 0.202748
v -0.033970 0.076029 0.201204
v -0.035118 0.066375 0.200331
v -0.036094 0.066427 0.199825
v -0.035561 0.065621 0.200414
v -0.054906 0.102750 0.188084
v 0.002021 0.116037 0.225125
v 0.001272 0.114929 0.224563
v -0.056162 0.068549 0.186271
v -0.047494 0.061867 0.192685
v -0.108545 0.082892 0.151967
v -0.084414 0.120866 0.169070
v -0.066365 0.029878 0.179293
v -0.106972 0.071294 0.152312
v -0.022632 0.122494 0.207868
v -0.028274 0.120830 0.205645
v 0.007867 0.098876 0.228391
v -0.057538 0.103081 0.186458
v -0.057362 0.105481 0.186500
v -0.060380 0.073039 0.183379
v -0.039617 0.035044 0.195873
v -0.064129 0.119883 0.183325
v -0.032964 0.116764 0.202854
v -0.060133 0.077052 0.184003
v -0.035573 0.084613 0.200268
v -0.037042 0.085065 0.199423
v -0.076119 0.079719 0.173381
v -0.077206 0.080419 0.172690
v -0.097109 0.076097 0.159016
v -0.077620 0.020320 0.170017
v -0.000946 0.105667 0.222147
v -0.071781 0.016418 0.172642
v -0.023158 0.114622 0.209424
v -0.048778 0.076276 0.191358
v -0.047470 0.077676 0.192419
v -0.050290 0.026689 0.187378
v -0.016687 0.121120 0.212504
v -0.057543 0.123128 0.185034
v -0.058397 0.122582 0.185201
v -0.056986 0.122849 0.185731
v -0.079499 0.120439 0.172403
v -0.079895 0.118800 0.172188
v -0.058594 0.065810 0.184987
v -0.072762 0.097899 0.176049
v -0.054009 0.083322 0.188388
v -0.016264 0.076764 0.212565
v -0.047534 0.123187 0.191507
v -0.048787 0.122805 0.191160
v -0.031143 0.068685 0.203024
v -0.045438 0.108800 0.194025
v -0.081867 0.081348 0.169668
v -0.083122 0.080249 0.168922
v 0.006482 0.095215 0.227257
v 0.000181 0.097876 0.222747
v -0.048629 0.115297 0.192002
v -0.058070 0.108017 0.186011
v -0.056953 0.054197 0.186263
v -0.057355 0.057110 0.186048
v -0.029378 0.098470 0.204887
v -0.087649 0.066406 0.165361
v 0.004823 0.111578 0.226871
v -0.073902 0.121999 0.175972
v -0.074550 0.121286 0.175775
v -0.073361 0.015643 0.171033
v -0.038647 0.089183 0.198527
v -0.094003 0.115164 0.162736
v -0.084221 0.117245 0.169178
v -0.061953 0.122755 0.182888
v -0.041148 0.035411 0.194928
v -0.039475 0.033468 0.195713
v 0.000614 0.113354 0.223950
v -0.070571 0.119914 0.178944
v -0.069754 0.120775 0.179237
v -0.014219 0.116659 0.214987
v 0.004163 0.117777 0.226418
v 0.002967 0.117917 0.225629
v -0.019799 0.110849 0.211242
v -0.020513 0.110105 0.210681
v -0.018763 0.114498 0.212070
v -0.080556 0.025656 0.168459
v -0.077787 0.081124 0.172266
v -0.085022 0.068333 0.166891
v -0.085462 0.067509 0.166696
v -0.054704 0.025870 0.185271
v -0.013021 0.090003 0.214991
v -0.080850 0.122898 0.170701
v -0.112112 0.067646 0.148787
v -0.076577 0.031719 0.172613
v -0.076257 0.069748 0.172807
v -0.075698 0.069428 0.173193
v -0.047371 0.072030 0.192059
v -0.079492 0.068214 0.170747
v -0.078282 0.068408 0.171276
v -0.078767 0.069355 0.171035
v -0.077934 0.069392 0.171734
v 0.001894 0.111109 0.224571
v -0.024382 0.098207 0.208208
v -0.024844 0.094836 0.207941
v -0.061710 0.122907 0.182648
v -0.077759 0.066948 0.171719
v -0.077812 0.067720 0.171673
v -0.078770 0.066905 0.171130
v -0.050334 0.079774 0.190619
v -0.049397 0.080686 0.191275
v -0.074150 0.117801 0.176546
v 0.003315 0.114140 0.225912
v 0.001535 0.112057 0.224335
v -0.010200 0.117674 0.217314
v -0.011553 0.118546 0.216443
v -0.067823 0.066458 0.178598
v -0.043319 0.047353 0.194390
v -0.033925 0.068541 0.201369
v -0.102758 0.111135 0.156848
v -0.103946 0.110493 0.156200
v -0.072163 0.077265 0.175859
v -0.044583 0.072216 0.194099
v -0.097741 0.069995 0.158461
v -0.090881 0.057108 0.163287
v -0.048295 0.116379 0.192229
v -0.019893 0.109407 0.211068
v -0.084809 0.091752 0.168055
v -0.089119 0.111999 0.165722
v -0.018881 0.118203 0.211953
v 0.002718 0.115105 0.225662
v -0.087198 0.119349 0.167381
v -0.085775 0.072870 0.166460
v -0.042917 0.053106 0.195008
v -0.094299 0.066105 0.160724
v -0.094301 0.065263 0.161166
v -0.051803 0.029661 0.187173
v -0.090520 0.040307 0.162601
v -0.029020 0.123632 0.202231
v -0.110418 0.098298 0.151451
v -0.073963 0.044312 0.174823
v -0.068914 0.067070 0.177736
v -0.014786 0.088580 0.213971
v -0.013296 0.088248 0.214845
v -0.101815 0.066601 0.155634
v -0.011444 0.086537 0.216031
v -0.009841 0.087310 0.217185
v -0.061270 0.110560 0.184106
v -0.071928 0.055085 0.176303
v -0.077419 0.068684 0.172004
v -0.058791 0.075093 0.184583
v -0.086178 0.067800 0.166130
v -0.087334 0.067845 0.165567
v -0.021856 0.097177 0.209907
v 0.006190 0.115800 0.227941
v -0.086347 0.091435 0.166969
v -0.041001 0.033690 0.194648
v -0.020506 0.092528 0.210588
v -0.020848 0.094271 0.210434
v -0.012004 0.089083 0.215713
v -0.018552 0.091207 0.211788
v -0.018387 0.089722 0.211712
v -0.017146 0.089577 0.212499
v -0.056562 0.122569 0.186277
v -0.037451 0.089552 0.199485
v -0.031911 0.096537 0.203151
v -0.090699 0.114368 0.164792
v -0.089068 0.116009 0.165944
v -0.031224 0.098529 0.203576
v -0.026259 0.080369 0.206607
v -0.098927 0.080231 0.158236
v -0.082129 0.077178 0.169254
v -0.082059 0.079631 0.169434
v -0.076457 0.066613 0.172510
v -0.092197 0.054927 0.162442
v -0.083579 0.099150 0.168908
v -0.106107 0.100278 0.154549
v -0.099727 0.092409 0.158393
v -0.100738 0.094502 0.157722
v -0.038363 0.122267 0.197928
v -0.014469 0.082203 0.213821
v -0.033814 0.105227 0.202006
v -0.106873 0.087943 0.153273
v -0.079698 0.022908 0.168789
v -0.081398 0.020268 0.166583
v -0.046685 0.068710 0.192969
v -0.062211 0.069599 0.182291
v -0.088217 0.113390 0.166263
v -0.034108 0.113464 0.201861
v -0.033937 0.115397 0.202134
v -0.077690 0.028727 0.171255
v -0.093164 0.092304 0.162602
v -0.080016 0.123049 0.171041
v -0.057240 0.069311 0.185939
v -0.060167 0.096239 0.184471
v -0.100292 0.104480 0.158264
v -0.100382 0.102364 0.158221
v -0.083007 0.093718 0.169200
v -0.059224 0.121258 0.185638
v -0.060589 0.071604 0.183133
v -0.076786 0.081248 0.172990
v -0.108619 0.081504 0.151933
v -0.041681 0.070234 0.196246
v -0.040794 0.070603 0.196651
v -0.068358 0.066622 0.178025
v -0.103050 0.077174 0.155060
v -0.104199 0.077361 0.154413
v -0.068938 0.066309 0.177640
v -0.073074 0.057416 0.175559
v 0.002005 0.102826 0.223987
v 0.002667 0.102629 0.224530
v -0.060456 0.111721 0.184679
v -0.047183 0.080987 0.192759
v -0.019641 0.093632 0.211202
v -0.051751 0.122431 0.189426
v -0.086677 0.070532 0.165783
v -0.087855 0.070699 0.165423
v -0.077033 0.067553 0.172167
v -0.045435 0.096392 0.194205
v -0.046476 0.018315 0.188451
v -0.105455 0.026869 0.152698
v -0.103576 0.097959 0.156053
v -0.101703 0.081449 0.156550
v -0.053802 0.048062 0.188099
v -0.024205 0.113645 0.208753
v -0.023245 0.113027 0.209247
v -0.111101 0.060969 0.150057
v -0.109729 0.061868 0.150959
v -0.002857 0.102041 0.220826
v -0.041111 0.079613 0.196627
v -0.042527 0.079211 0.195721
v -0.033106 0.094199 0.202322
v -0.034561 0.096524 0.201428
v -0.032968 0.111450 0.202741
v -0.095846 0.070680 0.159702
v -0.085852 0.113661 0.168001
v -0.078139 0.021840 0.169914
v -0.003031 0.119775 0.221566
v -0.082736 0.074066 0.168612
v -0.082919 0.072804 0.168348
v -0.024197 0.117267 0.208918
v -0.106847 0.070415 0.152655
v -0.031685 0.069160 0.202593
v -0.076427 0.068926 0.172710
v -0.042430 0.109644 0.196126
v -0.080265 0.070118 0.170062
v -0.081351 0.069699 0.169608
v -0.057958 0.050737 0.185613
v -0.002350 0.086250 0.221776
v -0.086503 0.052247 0.166061
v -0.044901 0.078578 0.194053
v -0.046123 0.079776 0.193430
v -0.043104 0.033918 0.193337
v -0.041551 0.031276 0.193828
v -0.029787 0.076994 0.204102
v -0.046659 0.070546 0.192678
v -0.065061 0.051007 0.180844
v -0.065993 0.048902 0.180305
v -0.029977 0.118132 0.205122
v -0.030110 0.115747 0.205090
v -0.036374 0.110662 0.200290
v -0.099205 0.069670 0.157579
v -0.076712 0.028803 0.172186
v -0.085697 0.068473 0.166362
v -0.023497 0.116129 0.209271
v -0.063448 0.094623 0.182169
v -0.041700 0.077388 0.196057
v -0.094354 0.116982 0.162689
v 0.003841 0.119340 0.225996
v 0.002456 0.118943 0.225200
v -0.079196 0.070358 0.170875
v -0.079816 0.069305 0.170487
v -0.015796 0.089579 0.213258
v -0.049747 0.096231 0.191243
v -0.047221 0.096159 0.192976
v -0.045082 0.035313 0.192246
v -0.016646 0.074214 0.212375
v -0.014377 0.072261 0.213785
v -0.067993 0.048514 0.178897
v -0.018066 0.076772 0.211490
v -0.062749 0.065137 0.182196
v -0.031835 0.115984 0.203864
v -0.016938 0.114154 0.213248
v 0.000917 0.119982 0.224021
v -0.074558 0.104358 0.175004
v -0.073595 0.104981 0.175696
v -0.068995 0.044109 0.178288
v -0.068684 0.046103 0.178398
v -0.053114 0.073713 0.188396
v -0.066903 0.067209 0.179444
v -0.081102 0.120319 0.171203
v -0.069584 0.093114 0.177989
v -0.014767 0.112059 0.214530
v -0.081442 0.106871 0.170608
v -0.071273 0.057465 0.176786
v -0.083951 0.108350 0.168969
v -0.051456 0.121916 0.189923
v 0.002538 0.119994 0.225011
v -0.021569 0.120922 0.209704
v -0.083488 0.107128 0.169221
v -0.025798 0.123096 0.204933
v -0.063587 0.017295 0.178694
v -0.026405 0.123538 0.203775
v -0.026867 0.123157 0.204117
v -0.056842 0.076975 0.186191
v -0.051289 0.080401 0.190070
v -0.038940 0.064643 0.198148
v -0.027866 0.112213 0.206448
v -0.024626 0.122688 0.206305
v -0.041649 0.066949 0.196527
v -0.036604 0.097787 0.200056
v -0.048371 0.056094 0.191768
v -0.023785 0.123286 0.205836
v -0.023769 0.122807 0.206632
v 0.000108 0.105292 0.222860
v -0.058435 0.123106 0.184421
v -0.022912 0.122914 0.207052
v -0.047725 0.079067 0.192256
v 0.001396 0.119074 0.224474
v -0.106416 0.065753 0.152924
v -0.028263 0.087988 0.205539
v -0.072778 0.117721 0.177455
v -0.095985 0.115082 0.161586
v -0.058847 0.068427 0.184636
v -0.046138 0.110911 0.193492
v -0.065074 0.016936 0.177811
v -0.059583 0.100885 0.184911
v -0.055758 0.105178 0.187639
v -0.032683 0.114017 0.203062
v -0.031640 0.112172 0.203844
v -0.093366 0.062437 0.161852
v -0.029969 0.095561 0.204421
v -0.028778 0.096566 0.205262
v -0.053098 0.065148 0.188808
v -0.050761 0.095154 0.190622
v -0.052032 0.094884 0.189712
v -0.033571 0.122007 0.201436
v -0.059421 0.121881 0.185167
v -0.059942 0.122344 0.184381
v -0.094497 0.122717 0.162307
v -0.092000 0.122360 0.164058
v -0.093326 0.122475 0.163213
v -0.076978 0.112608 0.174043
v -0.100662 0.072187 0.156323
v -0.031774 0.110593 0.203511
v -0.101209 0.071109 0.156110
v -0.101933 0.069994 0.156019
v -0.060957 0.122852 0.183035
v -0.061358 0.122967 0.182819
v -0.072515 0.033319 0.175615
v -0.110804 0.062397 0.150176
v -0.111959 0.062042 0.149441
v -0.060763 0.098339 0.184106
v -0.033119 0.074506 0.201743
v -0.041957 0.123679 0.194167
v -0.043457 0.123752 0.193211
v -0.076282 0.067627 0.172789
v -0.040828 0.072612 0.196602
v -0.070375 0.089996 0.177399
v -0.071017 0.089138 0.176880
v 0.001923 0.096777 0.223909
v -0.074392 0.040329 0.174496
v -0.052251 0.054234 0.189242
v -0.070312 0.042187 0.177375
v -0.064047 0.122935 0.180745
v -0.105768 0.069987 0.153333
v -0.106407 0.069566 0.152846
v -0.027532 0.076379 0.205593
v -0.060354 0.070833 0.183513
v -0.037391 0.064447 0.199426
v -0.027137 0.095979 0.206441
v -0.037406 0.065843 0.199262
v -0.039131 0.122954 0.197023
v -0.083326 0.066687 0.168273
v -0.007715 0.109549 0.218810
v -0.013420 0.081527 0.214344
v -0.067442 0.066920 0.179059
v -0.083777 0.016104 0.163966
v -0.050689 0.071189 0.189897
v -0.033467 0.123801 0.199636
v -0.031860 0.123673 0.200939
v -0.032209 0.123950 0.199807
v -0.042799 0.080355 0.195674
v -0.084582 0.068921 0.167383
v -0.053322 0.046005 0.188275
v -0.060996 0.119665 0.184912
v -0.046857 0.096943 0.193147
v -0.014241 0.086431 0.214182
v -0.032659 0.054833 0.201799
v -0.012134 0.090811 0.215595
v -0.034302 0.082281 0.201112
v -0.071990 0.094807 0.176378
v -0.071657 0.096417 0.176628
v -0.102069 0.070897 0.155649
v -0.068802 0.090157 0.178382
v -0.045291 0.114006 0.194201
v -0.041693 0.066205 0.196351
v -0.001190 0.102814 0.221779
v -0.036764 0.086952 0.199648
v -0.042013 0.066380 0.195843
v -0.076094 0.121024 0.174781
v -0.061955 0.100303 0.183315
v -0.015662 0.071213 0.212946
v -0.033222 0.088190 0.202172
v -0.063955 0.059194 0.181615
v -0.109515 0.101458 0.152135
v -0.076551 0.069576 0.172662
v -0.083170 0.037026 0.167563
v -0.075805 0.068137 0.173080
v -0.083311 0.018343 0.164674
v -0.028451 0.061371 0.204880
v -0.110154 0.065945 0.150352
v -0.039829 0.106244 0.197980
v -0.075744 0.122758 0.174105
v -0.046726 0.122945 0.192396
v -0.075739 0.068816 0.173069
v -0.071499 0.039337 0.176578
v -0.099574 0.122389 0.159256
v -0.060862 0.070511 0.183284
v -0.097481 0.046694 0.158719
v -0.061255 0.070429 0.182813
v -0.060399 0.070085 0.183639
v -0.075735 0.118244 0.175412
v -0.030055 0.113051 0.204911
v -0.033442 0.054040 0.201291
v -0.084258 0.038393 0.166886
v -0.109863 0.070893 0.150493
v -0.103760 0.037510 0.154443
v -0.108896 0.068752 0.151031
v -0.066540 0.047095 0.179822
v -0.031286 0.114149 0.204083
v -0.048350 0.077884 0.191810
v -0.029754 0.053742 0.203879
v -0.061977 0.094409 0.183119
v -0.036985 0.112658 0.199897
v -0.077210 0.082749 0.172633
v -0.055441 0.098658 0.187660
v -0.033119 0.123205 0.200877
v -0.106961 0.101583 0.153973
v -0.015979 0.087970 0.213139
v 0.004227 0.094364 0.225714
v -0.034265 0.085455 0.201227
v -0.023962 0.114902 0.209027
v -0.020435 0.090921 0.210719
v -0.058138 0.114352 0.186173
v -0.035431 0.117548 0.200872
v -0.077492 0.104613 0.173190
v -0.030591 0.124149 0.200255
v -0.028859 0.094684 0.205322
v -0.030973 0.088788 0.203645
v -0.106866 0.067557 0.152401
v -0.107164 0.066435 0.152281
v -0.107691 0.066998 0.151776
v -0.108483 0.066868 0.151347
v -0.107957 0.068085 0.151614
v -0.110658 0.068619 0.149844
v -0.084794 0.026388 0.164498
v -0.106897 0.068670 0.152565
v -0.046786 0.123689 0.190972
v -0.009508 0.116207 0.217889
v -0.036740 0.067826 0.199590
v -0.046656 0.072646 0.192563
v 0.012285 0.104012 0.231036
v -0.109220 0.067178 0.150807
v -0.067373 0.035940 0.179259
v -0.069775 0.098723 0.178014
v 0.012805 0.102415 0.231028
v 0.013159 0.100714 0.231254
v -0.059842 0.122871 0.183528
v -0.061212 0.122551 0.183558
v -0.099428 0.084355 0.158219
v -0.100488 0.114124 0.158450
v -0.056620 0.070869 0.186004
v -0.111979 0.069568 0.149060
v -0.074768 0.122384 0.174975
v -0.068960 0.042075 0.178362
v -0.069697 0.040797 0.177804
v -0.066638 0.051747 0.179813
v -0.098758 0.110113 0.159413
v -0.099865 0.108067 0.158587
v -0.054573 0.075954 0.187607
v -0.042466 0.050125 0.195219
v -0.082804 0.067610 0.168398
v -0.010975 0.114542 0.216955
v 0.013854 0.100975 0.230323
v -0.023154 0.066205 0.208328
v -0.071928 0.088447 0.176341
v -0.041569 0.075437 0.196127
v -0.086725 0.016029 0.161924
v -0.026883 0.114543 0.207132
v -0.059532 0.120312 0.185718
v -0.093818 0.045055 0.160897
v -0.094460 0.048044 0.160626
v -0.107644 0.077145 0.152180
v -0.027633 0.113468 0.206676
v -0.098772 0.094714 0.159052
v -0.058370 0.106630 0.185788
v -0.105397 0.070712 0.153425
v -0.111634 0.068660 0.149365
v -0.111580 0.067510 0.149346
v -0.096866 0.066779 0.158962
v -0.034722 0.054469 0.200642
v -0.097150 0.078179 0.159258
v -0.067335 0.054601 0.179347
v -0.097735 0.114956 0.160410
v 0.013959 0.102905 0.230301
v -0.070725 0.093786 0.177120
v -0.041042 0.114155 0.196998
v -0.065341 0.100406 0.181017
v -0.035609 0.070886 0.200134
v -0.065530 0.060776 0.180562
v -0.041646 0.115342 0.196623
v -0.090895 0.045478 0.162864
v -0.056599 0.100836 0.186965
v -0.080660 0.072631 0.169912
v -0.111606 0.066397 0.149361
v -0.002927 0.098671 0.220723
v -0.100799 0.106462 0.158058
v -0.110103 0.066946 0.150109
v -0.110778 0.067264 0.149819
v -0.110828 0.066341 0.149848
v -0.081126 0.017420 0.166211
v -0.010559 0.079653 0.216207
v -0.098666 0.097045 0.159236
v -0.016756 0.058812 0.211899
v -0.046247 0.116312 0.193546
v -0.025686 0.057728 0.206501
v -0.020530 0.121545 0.209986
v -0.070649 0.095026 0.177315
v -0.030627 0.075519 0.203477
v -0.033439 0.080359 0.201606
v -0.109865 0.068080 0.150320
v -0.109656 0.110225 0.152600
v -0.090577 0.122409 0.164936
v -0.069973 0.037820 0.177554
v -0.101395 0.114289 0.157934
v -0.053985 0.072214 0.187717
v -0.097338 0.092160 0.159926
v -0.097733 0.101089 0.159990
v -0.105036 0.077259 0.153842
v -0.063662 0.057778 0.181868
v -0.083538 0.092275 0.168875
v 0.012068 0.102007 0.230899
v 0.000873 0.097352 0.223169
v 0.009253 0.106828 0.229733
v 0.008491 0.105727 0.229244
v 0.008566 0.111877 0.229619
v 0.007791 0.104817 0.228688
v 0.011063 0.102486 0.230621
v 0.011380 0.103550 0.230714
v 0.010169 0.110985 0.230348
v 0.009723 0.108639 0.230068
v 0.011064 0.109409 0.230693
v 0.009590 0.101931 0.229776
v 0.010128 0.100730 0.230004
v 0.005143 0.120014 0.226687
v 0.009913 0.113717 0.230246
v -0.106260 0.075887 0.152877
v -0.079647 0.071501 0.170322
v 0.011239 0.101075 0.230646
v 0.010450 0.101832 0.230302
v -0.081467 0.015647 0.165412
v 0.006628 0.119749 0.227751
v 0.003868 0.120693 0.225618
v 0.010504 0.107828 0.230448
v 0.011790 0.107917 0.230874
v 0.011892 0.098517 0.230775
v 0.012174 0.100046 0.231027
v 0.010809 0.099313 0.230351
v 0.008266 0.118221 0.229015
v 0.007756 0.116207 0.228999
v 0.009380 0.105191 0.229720
v 0.010240 0.106586 0.230247
v -0.065637 0.047096 0.180472
v -0.098517 0.105844 0.159464
v -0.105073 0.086364 0.154525
v 0.008706 0.113941 0.229676
v 0.009258 0.116411 0.229796
v 0.008268 0.114980 0.229330
v 0.002469 0.091398 0.224752
v 0.008403 0.109198 0.229375
v 0.008498 0.107585 0.229317
v 0.008456 0.117005 0.229323
v -0.029531 0.073046 0.204214
v -0.071296 0.022205 0.174959
v -0.078423 0.071621 0.171222
v 0.002259 0.091099 0.224556
v 0.010986 0.105507 0.230648
v -0.055048 0.071075 0.186907
v -0.042352 0.071106 0.195804
v 0.012845 0.099232 0.231294
v 0.012497 0.098640 0.231098
v -0.062156 0.093746 0.182864
v -0.102012 0.103781 0.157273
v -0.102456 0.105898 0.156970
v -0.103966 0.104820 0.156044
v -0.103190 0.099590 0.156424
v -0.028121 0.090047 0.205618
v -0.051251 0.070875 0.189792
v 0.011000 0.107074 0.230587
v -0.102609 0.101563 0.156833
v -0.099889 0.066593 0.157095
v -0.108793 0.089913 0.152114
v 0.010013 0.103400 0.230128
v 0.009203 0.102677 0.229500
v 0.001450 0.091071 0.224101
v -0.053090 0.097474 0.189110
v -0.063175 0.122215 0.182807
v -0.097864 0.108338 0.159966
v -0.071185 0.122413 0.177326
v -0.052411 0.096218 0.189584
v -0.038111 0.071808 0.198264
v -0.035825 0.076299 0.199878
v -0.048934 0.068424 0.191104
v -0.048365 0.067960 0.191469
v -0.047997 0.068650 0.191727
v -0.047884 0.067211 0.192087
v -0.047649 0.068046 0.192127
v -0.048357 0.067424 0.191683
v -0.085474 0.123165 0.166690
v -0.086295 0.123251 0.166150
v -0.085444 0.123408 0.166298
v -0.086336 0.123554 0.165274
v -0.093440 0.122784 0.162788
v -0.093380 0.123077 0.162139
v -0.089288 0.122725 0.165376
v -0.092541 0.122734 0.163226
v -0.090916 0.122854 0.164218
v -0.089692 0.122911 0.164622
v -0.088638 0.123031 0.165261
v -0.087770 0.123338 0.165325
v -0.091865 0.123065 0.162781
v -0.047447 0.068709 0.192342
v -0.004482 0.120114 0.220626
v -0.108916 0.056928 0.138769
v -0.108216 0.085811 0.140106
v -0.111630 0.079381 0.137577
v -0.108896 0.063236 0.139033
v -0.103068 0.066353 0.142897
v -0.104868 0.061092 0.141618
v -0.106409 0.078710 0.141046
v -0.109827 0.076283 0.138748
v -0.108336 0.069409 0.139605
v -0.108135 0.074133 0.139808
v -0.104228 0.072906 0.142241
v -0.103827 0.057087 0.142391
v -0.100643 0.060727 0.144528
v -0.099782 0.056001 0.145300
v -0.080473 0.124008 0.162649
v -0.078157 0.124201 0.164887
v -0.078317 0.123894 0.163400
v -0.072365 0.119159 0.164251
v -0.076557 0.117363 0.161357
v -0.075217 0.119645 0.162439
v -0.082411 0.122316 0.158364
v -0.082486 0.123188 0.159094
v -0.081516 0.122945 0.159440
v -0.064981 0.121893 0.169322
v -0.064870 0.120437 0.169131
v -0.066194 0.121869 0.168572
v -0.082300 0.124133 0.162317
v -0.083237 0.124195 0.163070
v -0.080622 0.124280 0.164495
v -0.073053 0.123334 0.165094
v -0.074519 0.123517 0.164423
v -0.073697 0.123831 0.165600
v -0.067293 0.120589 0.167594
v -0.067704 0.121976 0.167644
v -0.069353 0.120839 0.166411
v -0.071639 0.121144 0.165060
v -0.070432 0.122300 0.166137
v -0.082737 0.123758 0.160318
v -0.084422 0.124093 0.161046
v -0.084040 0.124149 0.163654
v -0.085284 0.124132 0.162336
v -0.085527 0.123920 0.164130
v -0.081231 0.123617 0.160671
v -0.081035 0.123798 0.161365
v -0.079810 0.123579 0.161690
v -0.067998 0.117327 0.166914
v -0.084603 0.123911 0.159695
v -0.074036 0.122923 0.164136
v -0.073513 0.124336 0.168350
v -0.072436 0.124220 0.167852
v -0.074310 0.124188 0.166363
v -0.081574 0.123774 0.168008
v -0.081370 0.124023 0.166963
v -0.083121 0.123891 0.166322
v -0.071357 0.123190 0.166051
v -0.072660 0.122273 0.164748
v -0.085434 0.121023 0.156019
v -0.083313 0.121238 0.157490
v -0.082771 0.119517 0.157497
v -0.068863 0.124275 0.170636
v -0.070595 0.124065 0.168343
v -0.070991 0.124269 0.169623
v -0.074158 0.124207 0.170609
v -0.075869 0.123948 0.171214
v -0.073103 0.123977 0.172668
v -0.067869 0.109673 0.166838
v -0.064591 0.101349 0.168769
v -0.070272 0.102138 0.165168
v -0.073570 0.120951 0.163763
v -0.066627 0.124312 0.172405
v -0.067314 0.124101 0.170512
v -0.072021 0.123733 0.166463
v -0.067551 0.094059 0.166549
v -0.074375 0.098092 0.162378
v -0.086500 0.123980 0.158797
v -0.084674 0.123673 0.158778
v -0.077824 0.122526 0.161499
v -0.080386 0.122420 0.159763
v -0.079311 0.123153 0.161157
v -0.087210 0.124161 0.160450
v -0.087897 0.124056 0.159158
v -0.072723 0.124004 0.166869
v -0.081571 0.121391 0.158594
v -0.079567 0.121178 0.159801
v -0.083696 0.123362 0.158606
v -0.082642 0.124166 0.165009
v -0.076424 0.122852 0.162680
v -0.077235 0.123038 0.162387
v -0.079101 0.123406 0.161708
v -0.078105 0.123395 0.162308
v -0.075273 0.122074 0.162984
v -0.065302 0.123870 0.171111
v -0.065512 0.123510 0.170232
v -0.066972 0.123803 0.169700
v -0.076579 0.123300 0.163098
v -0.080106 0.124223 0.166604
v -0.079826 0.118212 0.159296
v -0.077864 0.119811 0.160660
v -0.071292 0.113901 0.164718
v -0.068896 0.123826 0.168560
v -0.073423 0.106148 0.163173
v -0.076106 0.111963 0.161664
v -0.080688 0.123219 0.160360
v -0.092614 0.124077 0.158635
v -0.093662 0.123607 0.160244
v -0.092277 0.123894 0.159966
v -0.083328 0.122904 0.158062
v -0.084125 0.122976 0.157724
v -0.074149 0.124343 0.169354
v -0.072059 0.124286 0.170857
v -0.086082 0.123525 0.157420
v -0.069679 0.123278 0.167125
v -0.068138 0.123429 0.168328
v -0.068632 0.122619 0.167389
v -0.095404 0.123326 0.160172
v -0.094979 0.123147 0.161155
v -0.072946 0.116162 0.163665
v -0.067679 0.122654 0.167960
v -0.067592 0.123054 0.168262
v -0.066907 0.122715 0.168478
v -0.087213 0.124041 0.162029
v -0.081748 0.123393 0.159928
v -0.075733 0.120769 0.162263
v -0.066701 0.123334 0.169130
v -0.084872 0.123254 0.157682
v -0.075471 0.123587 0.172729
v -0.083178 0.123473 0.167530
v -0.074125 0.102698 0.162695
v -0.085687 0.122916 0.156601
v -0.087691 0.123603 0.156776
v -0.089623 0.124057 0.159117
v -0.090704 0.124115 0.157936
v -0.088755 0.123994 0.157883
v -0.090055 0.123962 0.160599
v -0.077208 0.121339 0.161390
v -0.068927 0.124327 0.172042
v -0.084747 0.122875 0.157208
v -0.086336 0.123554 0.165274
v -0.084614 0.123636 0.166204
v -0.088360 0.123527 0.163887
v -0.084380 0.122281 0.157089
v -0.086820 0.123223 0.156270
v -0.091893 0.123778 0.160673
v -0.087770 0.123338 0.165325
v -0.065485 0.122791 0.169443
v -0.089009 0.123087 0.164514
v -0.088489 0.123818 0.162509
v -0.091067 0.123562 0.162021
v -0.096143 0.122804 0.161268
v -0.096276 0.123096 0.160261
v -0.091865 0.123065 0.162781
v -0.092685 0.123283 0.161826
v -0.093380 0.123077 0.162139
v -0.089692 0.122911 0.164622
v -0.090257 0.123088 0.163661
v -0.090916 0.122854 0.164218
v -0.088638 0.123031 0.165261
v -0.070619 0.123673 0.167223
v -0.094497 0.122717 0.162307
v -0.081711 0.115577 0.157982
v -0.086322 0.122023 0.155704
v 0.015935 0.117875 0.224961
v 0.015768 0.118738 0.224979
v 0.015288 0.118291 0.225720
v 0.015484 0.116532 0.225512
v 0.014963 0.116933 0.226940
v 0.014601 0.114572 0.227830
v 0.015030 0.115040 0.226342
v 0.014487 0.112700 0.228920
v 0.014759 0.112296 0.227728
v 0.014353 0.110893 0.228535
v 0.014692 0.110497 0.227224
v 0.014505 0.108750 0.228094
v 0.014730 0.116394 0.228138
v 0.014436 0.115975 0.229261
v 0.014405 0.114294 0.229104
v 0.014438 0.111633 0.229299
v 0.014359 0.113557 0.229827
v 0.014714 0.118232 0.228402
v 0.012301 0.109517 0.230945
v 0.011855 0.111112 0.230840
v 0.011807 0.109525 0.230949
v 0.013834 0.115657 0.230599
v 0.014065 0.114332 0.230419
v 0.014321 0.115441 0.230216
v 0.015148 0.112712 0.226325
v 0.014743 0.108791 0.226783
v 0.014318 0.110794 0.229714
v 0.014361 0.112207 0.229916
v 0.014409 0.114721 0.229852
v 0.014989 0.118974 0.226810
v 0.013394 0.108311 0.230894
v 0.013027 0.110331 0.230895
v 0.012689 0.108613 0.231014
v 0.014313 0.109649 0.229229
v 0.014129 0.109410 0.230358
v 0.009913 0.113717 0.230246
v 0.011277 0.113298 0.230683
v 0.010934 0.115887 0.230473
v 0.014011 0.113034 0.230336
v 0.014176 0.116455 0.230173
v 0.014094 0.112251 0.230474
v 0.014061 0.111343 0.230508
v 0.013669 0.111010 0.230875
v 0.013845 0.112406 0.230713
v 0.013730 0.113374 0.230669
v 0.013895 0.117497 0.230598
v 0.016554 0.118779 0.224452
v 0.016708 0.117898 0.224434
v 0.016293 0.117000 0.224645
v 0.016130 0.115949 0.224790
v 0.015797 0.114664 0.225268
v 0.015021 0.110104 0.225822
v 0.013692 0.111777 0.230771
v 0.017631 0.117386 0.224036
v 0.013550 0.114407 0.230756
v 0.013232 0.115789 0.230648
v 0.017558 0.118497 0.223990
v 0.015480 0.111844 0.225424
v 0.016685 0.115237 0.224328
v 0.016821 0.116375 0.224274
v 0.015797 0.113063 0.225286
v 0.017776 0.116100 0.223671
v 0.016598 0.113783 0.224553
v 0.014346 0.117650 0.229824
v 0.018793 0.118455 0.223001
v 0.015371 0.108099 0.225042
v 0.015498 0.109859 0.225098
v 0.016214 0.112396 0.224756
v 0.015699 0.111032 0.224984
v 0.018852 0.117227 0.222912
v 0.018974 0.115846 0.222600
v 0.017774 0.114584 0.223599
v 0.013346 0.112482 0.230866
v 0.017344 0.112769 0.224005
v 0.019620 0.118141 0.222034
v 0.009258 0.116411 0.229796
v 0.016217 0.110067 0.224640
v 0.013036 0.117756 0.230446
v 0.016648 0.111492 0.224362
v 0.016688 0.108361 0.224445
v 0.017926 0.110559 0.223556
v 0.019221 0.113599 0.222329
v 0.012984 0.114136 0.230812
v 0.019908 0.117200 0.221715
v 0.020889 0.116266 0.220452
v 0.012599 0.112703 0.230822
v 0.012289 0.115200 0.230661
v 0.020723 0.118347 0.220716
v 0.017988 0.107705 0.223637
v 0.011947 0.118444 0.230237
v 0.012873 0.107026 0.230937
v 0.011790 0.107917 0.230874
v 0.012223 0.105947 0.230943
v 0.012048 0.113013 0.230808
v 0.011064 0.109409 0.230693
v 0.010986 0.105507 0.230648
v 0.010169 0.110985 0.230348
v 0.019488 0.061298 0.216318
v 0.021046 0.061564 0.214375
v 0.019991 0.059508 0.215760
v 0.020844 0.068996 0.214482
v 0.022642 0.066653 0.211697
v 0.020442 0.064785 0.214960
v 0.019001 0.053610 0.216716
v 0.018652 0.054953 0.217075
v 0.020249 0.054754 0.215416
v 0.017188 0.067891 0.217468
v 0.017546 0.066093 0.217571
v 0.015523 0.066893 0.216730
v 0.021729 0.063706 0.213319
v 0.022527 0.063403 0.212035
v 0.020777 0.046229 0.214038
v 0.020549 0.049620 0.214567
v 0.022246 0.049724 0.211951
v 0.016162 0.056396 0.217120
v 0.015203 0.058777 0.216749
v 0.016807 0.057422 0.217575
v 0.023275 0.054758 0.210871
v 0.021972 0.056554 0.213112
v 0.023060 0.057791 0.211361
v 0.019563 0.057170 0.216266
v 0.020982 0.058424 0.214633
v 0.039182 0.075856 0.186202
v 0.036924 0.073221 0.189402
v 0.037657 0.077382 0.188489
v 0.018714 0.092438 0.217127
v 0.020001 0.092052 0.215780
v 0.018997 0.090231 0.216902
v 0.018178 0.064664 0.217329
v 0.016581 0.064734 0.217435
v 0.019430 0.066953 0.216013
v 0.024393 0.058980 0.209012
v 0.024860 0.055413 0.208093
v 0.019650 0.069250 0.216000
v 0.024320 0.071003 0.209082
v 0.022402 0.070702 0.212298
v 0.023455 0.074054 0.210955
v 0.019036 0.070672 0.216722
v 0.017952 0.070117 0.217516
v 0.018423 0.071902 0.217304
v 0.021729 0.097078 0.213690
v 0.019430 0.096600 0.216604
v 0.020089 0.100080 0.216071
v 0.022468 0.060332 0.212316
v 0.020099 0.071807 0.215730
v 0.019311 0.049793 0.216390
v 0.018173 0.048048 0.217399
v 0.017599 0.050232 0.217476
v 0.023956 0.063286 0.209520
v 0.025657 0.067990 0.206512
v 0.018388 0.060179 0.217437
v 0.017469 0.058864 0.217720
v 0.017240 0.060968 0.217769
v 0.039309 0.107755 0.187293
v 0.040677 0.107581 0.185188
v 0.038747 0.104901 0.188171
v 0.021921 0.062397 0.213014
v 0.020113 0.051778 0.215330
v 0.021498 0.053026 0.213588
v 0.021445 0.078182 0.214182
v 0.020051 0.077256 0.215990
v 0.020302 0.080287 0.215639
v 0.006370 0.059376 0.210543
v 0.002485 0.062701 0.208215
v 0.007294 0.063938 0.211166
v 0.034397 0.103964 0.194702
v 0.035249 0.109945 0.193495
v 0.036092 0.106714 0.192258
v 0.045278 0.099840 0.178003
v 0.045053 0.103262 0.178314
v 0.047347 0.103131 0.175005
v 0.043792 0.096610 0.180171
v 0.044516 0.094557 0.178978
v 0.043412 0.092383 0.180613
v 0.032385 0.069701 0.196242
v 0.034756 0.070416 0.192658
v 0.033989 0.067131 0.193820
v 0.038275 0.090534 0.188385
v 0.037851 0.093164 0.189039
v 0.039283 0.091693 0.186754
v 0.036109 0.102256 0.192158
v 0.035546 0.099787 0.192948
v 0.046252 0.106411 0.176733
v 0.043893 0.105691 0.180031
v 0.048054 0.098720 0.173819
v 0.037429 0.100693 0.190102
v 0.036059 0.095806 0.191815
v 0.033317 0.098700 0.196040
v 0.042503 0.109784 0.182375
v 0.040827 0.111704 0.184840
v 0.042146 0.113972 0.182999
v 0.041397 0.109953 0.183981
v 0.040083 0.102956 0.185986
v 0.041860 0.104618 0.183209
v 0.040819 0.099698 0.184725
v 0.037670 0.108310 0.189806
v 0.036811 0.104446 0.191289
v 0.044908 0.109786 0.178791
v 0.038958 0.101948 0.187786
v 0.043101 0.100680 0.181172
v 0.033901 0.095546 0.195004
v 0.034860 0.097475 0.193745
v 0.036113 0.090653 0.191573
v 0.033626 0.091880 0.195333
v 0.035231 0.077174 0.192281
v 0.039106 0.099871 0.187350
v 0.037659 0.090360 0.189315
v 0.031592 0.073746 0.197565
v 0.033691 0.078476 0.194732
v 0.042381 0.120439 0.183754
v 0.042772 0.120023 0.182595
v 0.041915 0.119070 0.183618
v 0.040106 0.120485 0.186946
v 0.040802 0.120359 0.186307
v 0.040191 0.120117 0.186078
v 0.042696 0.116980 0.182392
v 0.044101 0.114117 0.180250
v 0.037662 0.088188 0.189233
v 0.036474 0.069720 0.189993
v 0.035612 0.067872 0.191290
v 0.039309 0.120082 0.187169
v 0.039545 0.120579 0.187977
v 0.044818 0.119256 0.179904
v 0.044195 0.119755 0.180741
v 0.044816 0.119925 0.179885
v 0.040831 0.088683 0.184385
v 0.041360 0.095244 0.183729
v 0.038441 0.083873 0.187778
v 0.036362 0.084844 0.191044
v 0.034195 0.053018 0.193296
v 0.033545 0.057190 0.194443
v 0.034750 0.055424 0.192507
v 0.014074 0.062250 0.216051
v 0.015907 0.060403 0.217216
v 0.040379 0.116556 0.185450
v 0.046451 0.092114 0.176224
v 0.045865 0.096413 0.177120
v 0.028909 0.096468 0.202610
v 0.029618 0.099228 0.201618
v 0.030940 0.097983 0.199560
v 0.034562 0.060117 0.192934
v 0.035167 0.063998 0.192089
v 0.037204 0.059279 0.188960
v 0.038698 0.066581 0.186692
v 0.033693 0.085974 0.195277
v -0.000244 0.065190 0.206723
v -0.002733 0.066980 0.205482
v 0.001252 0.068724 0.207598
v 0.031079 0.102115 0.199371
v 0.035127 0.057279 0.192084
v 0.036048 0.054675 0.190403
v 0.039669 0.079609 0.185663
v 0.037241 0.080291 0.189332
v 0.038053 0.096959 0.188956
v 0.044574 0.120471 0.180519
v 0.044108 0.120464 0.181006
v -0.003010 0.074430 0.205580
v 0.033911 0.073155 0.193973
v 0.043293 0.119069 0.181828
v 0.042391 0.079909 0.181777
v 0.041721 0.076094 0.182664
v 0.032037 0.062688 0.196792
v 0.045538 0.119539 0.178843
v 0.044365 0.117941 0.180302
v -0.001315 0.062546 0.205989
v 0.043976 0.087484 0.179722
v 0.040455 0.120379 0.187409
v 0.039424 0.109811 0.186993
v 0.036967 0.117236 0.190496
v 0.036779 0.118953 0.190934
v 0.037808 0.118765 0.189352
v 0.038651 0.112781 0.187928
v 0.043633 0.120472 0.181759
v 0.019123 0.052099 0.216650
v 0.012866 0.064963 0.215111
v 0.011113 0.063635 0.213803
v 0.012152 0.068445 0.214597
v 0.014509 0.065212 0.216199
v 0.015917 0.062759 0.217169
v 0.045161 0.120428 0.179723
v 0.038150 0.116482 0.188573
v 0.039024 0.118765 0.187572
v 0.039492 0.095979 0.186603
v 0.016139 0.048006 0.216600
v 0.016866 0.045711 0.216815
v 0.015496 0.046054 0.216176
v 0.036992 0.046302 0.189024
v 0.034071 0.047531 0.193554
v 0.036707 0.050566 0.189391
v 0.022848 0.079381 0.212049
v 0.021679 0.081656 0.213859
v 0.023733 0.082492 0.210672
v 0.014963 0.053449 0.216091
v 0.012424 0.053286 0.214371
v 0.013561 0.056035 0.215258
v 0.018971 0.082888 0.217072
v 0.019277 0.084825 0.216701
v 0.020081 0.082639 0.215909
v 0.015275 0.075447 0.216940
v 0.016655 0.076996 0.217636
v 0.016782 0.073768 0.217728
v 0.019186 0.079825 0.216924
v 0.018562 0.046685 0.217127
v 0.019318 0.047267 0.216189
v 0.018649 0.045158 0.216893
v 0.023218 0.086887 0.211338
v 0.022241 0.084519 0.212848
v 0.020817 0.084572 0.214842
v 0.018114 0.073838 0.217650
v 0.017676 0.075740 0.217870
v 0.018821 0.076505 0.217188
v 0.022672 0.076506 0.212336
v 0.021427 0.073995 0.214158
v 0.018364 0.066916 0.217068
v 0.018569 0.068461 0.216914
v 0.019189 0.081477 0.216815
v 0.021901 0.091838 0.213282
v 0.021538 0.087274 0.213872
v 0.020422 0.089443 0.215396
v 0.010185 0.058612 0.212974
v 0.007967 0.055364 0.211435
v 0.018373 0.061650 0.217389
v 0.017580 0.062973 0.217618
v 0.018946 0.063325 0.216713
v 0.009709 0.049767 0.212672
v 0.004894 0.053318 0.209675
v 0.046902 0.118004 0.182659
v 0.046933 0.118960 0.182391
v 0.046120 0.119025 0.183658
v -0.001221 0.056030 0.205885
v 0.046039 0.117926 0.183876
v 0.009065 0.074706 0.212779
v 0.013092 0.073790 0.215556
v 0.017402 0.052899 0.217372
v 0.015458 0.051122 0.216310
v 0.017640 0.071929 0.217726
v 0.007247 0.069683 0.211158
v 0.003991 0.071005 0.209210
v 0.005186 0.075304 0.210316
v 0.015684 0.072085 0.217088
v 0.015114 0.069517 0.216546
v 0.009285 0.066369 0.212493
v 0.040032 0.119114 0.186234
v 0.040712 0.119240 0.185241
v 0.046445 0.120645 0.178026
v 0.046448 0.119976 0.177466
v 0.041998 0.120001 0.187620
v 0.041686 0.119830 0.188344
v 0.042453 0.119873 0.187900
v 0.018291 0.057052 0.217305
v 0.017485 0.055752 0.217622
v 0.045842 0.119980 0.182178
v 0.045800 0.120180 0.181307
v 0.044715 0.120381 0.182223
v 0.041153 0.120260 0.184782
v 0.046230 0.120321 0.180388
v 0.046832 0.119975 0.180730
v 0.019484 0.094266 0.216394
v 0.020432 0.095388 0.215522
v 0.020502 0.093846 0.215200
v 0.038037 0.120563 0.190146
v 0.037893 0.120618 0.190652
v 0.038664 0.120450 0.190041
v 0.041611 0.083711 0.183084
v 0.044852 0.082379 0.178380
v 0.039043 0.120526 0.189048
v 0.039316 0.120368 0.189387
v 0.040981 0.119749 0.190354
v 0.041727 0.119470 0.189939
v 0.041169 0.119832 0.189353
v 0.040171 0.072272 0.184605
v 0.042248 0.119739 0.188348
v 0.037037 0.111322 0.190508
v 0.036582 0.114147 0.191022
v 0.020044 0.074405 0.215851
v 0.019182 0.073551 0.216706
v 0.019532 0.075654 0.216468
v 0.018607 0.065898 0.216866
v 0.019144 0.065055 0.216362
v 0.031313 0.094593 0.199006
v 0.038457 0.120134 0.188544
v 0.041604 0.118000 0.190296
v 0.042687 0.117922 0.188702
v 0.042329 0.119137 0.189225
v 0.012975 0.059522 0.215067
v 0.014740 0.057010 0.216198
v 0.043641 0.118402 0.187333
v 0.043310 0.119692 0.187410
v 0.042807 0.119459 0.188323
v 0.041285 0.120375 0.186591
v 0.042099 0.120249 0.186794
v 0.042146 0.120392 0.185686
v 0.038290 0.120626 0.189562
v 0.030506 0.089223 0.200102
v 0.040101 0.120414 0.188623
v 0.046773 0.119837 0.181674
v 0.047821 0.119653 0.180875
v 0.015857 0.054900 0.216824
v 0.042052 0.119717 0.188905
v 0.017529 0.046699 0.217220
v 0.043597 0.120024 0.185054
v 0.044327 0.120022 0.184122
v 0.043118 0.120284 0.184472
v 0.003052 0.048236 0.208690
v -0.002093 0.049816 0.205512
v 0.021140 0.094680 0.214518
v 0.016768 0.069602 0.217458
v 0.016913 0.071155 0.217690
v 0.004110 0.057227 0.209154
v 0.039364 0.120340 0.190428
v 0.038499 0.120351 0.191265
v 0.039518 0.119955 0.191491
v 0.045352 0.120428 0.180668
v 0.045145 0.119825 0.183618
v 0.045142 0.119834 0.184106
v 0.046092 0.119720 0.182974
v 0.041208 0.120225 0.187742
v 0.040906 0.120105 0.188689
v 0.024547 0.078188 0.209301
v 0.011832 0.045175 0.214291
v 0.008454 0.045878 0.212161
v 0.044200 0.120363 0.183402
v 0.043572 0.120525 0.182989
v 0.004401 0.067175 0.209315
v 0.020327 0.086768 0.215509
v 0.045075 0.120032 0.183039
v 0.019311 0.087594 0.216574
v 0.044173 0.119135 0.186377
v 0.044287 0.119621 0.185690
v 0.043396 0.119749 0.186562
v 0.025988 0.053927 0.206130
v 0.024552 0.051566 0.208232
v 0.043455 0.119841 0.185827
v 0.044338 0.119886 0.185040
v 0.001826 0.073711 0.208185
v 0.046341 0.119885 0.181498
v 0.024078 0.097598 0.210069
v 0.023224 0.100044 0.211660
v 0.024240 0.094192 0.209491
v 0.042620 0.119877 0.187182
v 0.041460 0.120419 0.185655
v 0.029573 0.084431 0.201290
v 0.045667 0.119548 0.183951
v 0.027519 0.092444 0.204495
v 0.039253 0.120417 0.189898
v 0.027197 0.087275 0.204945
v 0.035366 0.081571 0.192450
v 0.031952 0.079680 0.197490
v 0.031204 0.082489 0.198795
v 0.026663 0.082161 0.205837
v 0.025098 0.085656 0.208290
v 0.029032 0.079810 0.201977
v 0.029365 0.075673 0.201147
v 0.026756 0.078187 0.205637
v 0.025634 0.074803 0.207316
v 0.037503 0.120224 0.190140
v 0.027620 0.076103 0.204059
v 0.032641 0.072484 0.195989
v 0.028320 0.071512 0.202571
v 0.041820 0.120453 0.184759
v 0.042207 0.120376 0.184801
v 0.026769 0.072692 0.205114
v 0.030396 0.068598 0.199286
v 0.031032 0.066602 0.198256
v 0.028653 0.068348 0.201870
v 0.040426 0.120063 0.189285
v 0.039765 0.120294 0.189681
v 0.029360 0.064827 0.200766
v 0.002004 0.077277 0.208537
v 0.044992 0.117340 0.185454
v 0.043641 0.115804 0.187398
v 0.026691 0.057082 0.205057
v 0.026582 0.062852 0.205105
v 0.029204 0.059849 0.201124
v 0.031592 0.055478 0.197334
v 0.026354 0.051288 0.205198
v 0.029044 0.055401 0.201319
v 0.027828 0.053149 0.203117
v 0.024745 0.089616 0.208658
v 0.030582 0.051190 0.198811
v 0.032689 0.051619 0.195616
v 0.028243 0.049229 0.202153
v 0.046921 0.120457 0.178610
v 0.046958 0.120245 0.179506
v 0.047739 0.120164 0.178425
v 0.045087 0.118821 0.185013
v 0.047941 0.119834 0.179435
v 0.040235 0.119920 0.190274
v 0.016330 0.058750 0.217390
v 0.041173 0.120346 0.186186
v 0.047309 0.119371 0.181834
v 0.013570 0.049876 0.215060
v 0.031060 0.046307 0.197931
v 0.045086 0.119511 0.184659
v 0.040444 0.119794 0.191148
v 0.041003 0.119166 0.191091
v 0.046031 0.120507 0.179353
v 0.045116 0.120323 0.181416
v -0.000953 0.046763 0.206244
v 0.000009 0.044716 0.206855
v 0.023608 0.046742 0.209355
v 0.022149 0.046314 0.211890
v 0.013659 0.047210 0.215201
v 0.047397 0.120446 0.177703
v 0.047460 0.120525 0.176514
v 0.048377 0.120349 0.177138
v 0.025990 0.047845 0.205494
v 0.044590 0.120591 0.181340
v 0.043066 0.120622 0.182732
v 0.042854 0.120183 0.185794
v 0.042829 0.119887 0.186448
v 0.017728 0.068721 0.217484
v 0.017366 0.054469 0.217699
v 0.042292 0.116032 0.189390
v 0.019760 0.103038 0.216597
v 0.021520 0.102095 0.214357
v 0.018897 0.058900 0.216933
v 0.016827 0.055174 0.217425
v 0.018370 0.094168 0.217432
v 0.019599 0.106083 0.216893
v 0.023600 0.103570 0.211259
v -0.045047 0.016032 0.180227
v -0.075164 0.016230 0.159003
v -0.072605 0.015905 0.158323
v -0.074789 0.015922 0.156614
v -0.072808 0.017143 0.161935
v -0.071586 0.016816 0.162522
v -0.072068 0.016727 0.162312
v -0.066559 0.017848 0.166185
v -0.064292 0.018343 0.167641
v -0.065594 0.017292 0.166754
v -0.068750 0.016688 0.164204
v -0.067475 0.016302 0.163795
v -0.069159 0.016448 0.163177
v -0.078895 0.018003 0.158229
v -0.076797 0.017230 0.159366
v -0.077994 0.017024 0.158461
v -0.079032 0.017021 0.157668
v -0.078057 0.016400 0.157576
v -0.072407 0.016567 0.161787
v -0.071971 0.016475 0.162016
v -0.065638 0.015894 0.161365
v -0.067929 0.016113 0.161825
v -0.065055 0.015956 0.163337
v -0.070269 0.016334 0.162059
v -0.070466 0.016798 0.163188
v -0.072179 0.018117 0.162557
v -0.070957 0.017623 0.163274
v -0.063696 0.016757 0.167654
v -0.064662 0.017283 0.167321
v -0.062705 0.017588 0.168509
v -0.047106 0.015831 0.178770
v -0.072109 0.016223 0.161028
v -0.074909 0.017767 0.160809
v -0.067506 0.017218 0.165528
v -0.066686 0.016890 0.165852
v -0.067605 0.016695 0.164891
v -0.075748 0.017077 0.160087
v -0.075841 0.016646 0.159598
v -0.066105 0.016355 0.165186
v -0.065919 0.016638 0.166227
v -0.064979 0.016497 0.166535
v -0.075107 0.016701 0.160320
v -0.069824 0.017306 0.163929
v -0.073755 0.016638 0.160973
v -0.076909 0.016597 0.158913
v -0.064532 0.016207 0.165392
v -0.063652 0.016217 0.166316
v -0.079634 0.016477 0.156747
v -0.079897 0.015989 0.154774
v -0.062881 0.016023 0.165184
v -0.080437 0.016346 0.156112
v -0.081004 0.016522 0.156137
v -0.080465 0.016962 0.156833
v -0.077007 0.016004 0.156437
v -0.068278 0.017657 0.165046
v -0.069983 0.016046 0.159956
v -0.081990 0.016737 0.155699
v -0.052499 0.016237 0.175696
v -0.051316 0.016741 0.176858
v -0.051288 0.015946 0.176331
v -0.053338 0.015589 0.174618
v -0.042078 0.016175 0.182316
v -0.048371 0.016342 0.178353
v -0.048390 0.015536 0.177863
v -0.049818 0.015836 0.177196
v -0.056051 0.016587 0.173198
v -0.054657 0.017931 0.174595
v -0.054158 0.016473 0.174558
v -0.057977 0.016430 0.171663
v -0.047023 0.016973 0.179326
v -0.027138 0.016839 0.191643
v -0.027214 0.015682 0.190992
v -0.028663 0.016183 0.190559
v -0.058556 0.018128 0.171509
v -0.059503 0.016891 0.170685
v -0.052874 0.017140 0.175862
v -0.019089 0.015569 0.189365
v -0.023582 0.015621 0.191421
v -0.025583 0.015579 0.191140
v -0.020161 0.015599 0.169518
v -0.017252 0.015661 0.170158
v -0.018051 0.015593 0.166474
v -0.020597 0.015738 0.194217
v -0.021958 0.015680 0.193592
v -0.021872 0.015856 0.194544
v -0.051938 0.015556 0.175445
v -0.014926 0.015630 0.191108
v -0.011102 0.015720 0.189860
v -0.016067 0.015729 0.186885
v -0.059324 0.015729 0.170630
v -0.056933 0.017622 0.172690
v -0.049203 0.017324 0.178240
v -0.013681 0.015640 0.168323
v -0.014071 0.015853 0.173361
v -0.011182 0.015755 0.171167
v -0.014442 0.015897 0.177429
v -0.012253 0.015879 0.181607
v -0.009458 0.015917 0.178455
v -0.044803 0.017443 0.180858
v -0.041857 0.017949 0.182969
v -0.023581 0.015605 0.170692
v -0.026298 0.015596 0.169682
v -0.025708 0.015637 0.172778
v -0.017903 0.015905 0.181244
v -0.020072 0.015714 0.173692
v -0.024642 0.015614 0.177547
v -0.060276 0.017856 0.170130
v -0.062158 0.016317 0.168167
v -0.062585 0.016092 0.166898
v -0.012046 0.015886 0.176041
v -0.060265 0.016428 0.169973
v -0.060935 0.016063 0.168841
v -0.060810 0.016998 0.169501
v -0.034932 0.015625 0.171384
v -0.034544 0.015587 0.175750
v -0.010282 0.015668 0.168569
v -0.010644 0.015520 0.164947
v -0.081313 0.016266 0.155312
v -0.022900 0.015708 0.192790
v -0.024591 0.015788 0.192578
v -0.023258 0.016172 0.193876
v -0.057441 0.015605 0.162387
v -0.023506 0.015530 0.166684
v -0.021896 0.015567 0.170127
v -0.035162 0.015773 0.186559
v -0.061449 0.017347 0.169100
v -0.083251 0.016498 0.154607
v -0.082208 0.016311 0.154943
v -0.031855 0.015531 0.178960
v -0.082587 0.016095 0.153904
v -0.083741 0.016243 0.153627
v -0.061335 0.015856 0.166459
v -0.060354 0.015691 0.164790
v -0.061783 0.015976 0.167257
v -0.030198 0.015633 0.169599
v -0.027323 0.015532 0.168043
v -0.038594 0.016480 0.184827
v -0.061257 0.015772 0.167707
v -0.028845 0.015542 0.166184
v -0.030298 0.015688 0.174796
v -0.070045 0.015834 0.157232
v -0.066918 0.015886 0.158860
v -0.020862 0.015580 0.192209
v -0.021948 0.016901 0.195080
v -0.023384 0.017338 0.194052
v -0.025000 0.017098 0.192998
v -0.040235 0.015969 0.183561
v -0.084523 0.016132 0.152530
v -0.084905 0.016610 0.153575
v -0.020893 0.015671 0.185349
v -0.007901 0.015577 0.166814
v -0.009451 0.015912 0.174213
v -0.007537 0.015689 0.170677
v -0.062831 0.015766 0.161049
v -0.023141 0.015585 0.181815
v -0.012680 0.015815 0.185152
v -0.028532 0.015615 0.178083
v -0.062611 0.015867 0.163597
v -0.028102 0.015532 0.190174
v -0.017434 0.015566 0.192600
v -0.023624 0.019174 0.194157
v -0.027352 0.021338 0.191562
v -0.024967 0.022357 0.193169
v -0.010330 0.015738 0.184152
v -0.008228 0.015715 0.186721
v -0.026099 0.015991 0.192135
v -0.038071 0.018919 0.185458
v -0.028922 0.015558 0.190042
v -0.033967 0.017549 0.187552
v -0.034232 0.019732 0.187508
v -0.028623 0.017611 0.190669
v -0.026878 0.018509 0.191860
v -0.052919 0.124168 0.179650
v -0.054905 0.124369 0.180155
v -0.051545 0.124420 0.181737
v -0.060125 0.123792 0.181210
v -0.058599 0.123551 0.183223
v -0.057430 0.124186 0.181871
v -0.070679 0.122857 0.177213
v -0.070001 0.122178 0.178131
v -0.069554 0.122844 0.177600
v -0.055639 0.123092 0.186418
v -0.055045 0.123604 0.185987
v -0.056384 0.123577 0.185384
v -0.050659 0.123497 0.188792
v -0.052118 0.123734 0.187428
v -0.052249 0.123352 0.188215
v -0.071185 0.122413 0.177326
v -0.071650 0.122780 0.176592
v -0.072367 0.122207 0.176679
v -0.056476 0.124180 0.177739
v -0.058500 0.124335 0.178494
v -0.072779 0.123602 0.174115
v -0.074031 0.123501 0.173720
v -0.073253 0.123209 0.174762
v -0.057437 0.123418 0.184497
v -0.056589 0.123899 0.183968
v -0.053166 0.124468 0.181903
v -0.051578 0.124496 0.183358
v -0.054644 0.123991 0.185190
v -0.055255 0.124230 0.183596
v -0.058220 0.124290 0.180067
v -0.056659 0.124343 0.180557
v -0.047706 0.124326 0.187909
v -0.049027 0.124476 0.185606
v -0.050355 0.124289 0.186401
v -0.052429 0.122972 0.188601
v -0.051488 0.122951 0.189127
v -0.059969 0.124187 0.179688
v -0.065535 0.122676 0.180354
v -0.066222 0.122973 0.179598
v -0.066911 0.122798 0.179583
v -0.050073 0.123969 0.187816
v -0.047682 0.123958 0.189533
v -0.067369 0.123853 0.176703
v -0.065214 0.123941 0.177678
v -0.065715 0.124198 0.175982
v -0.054494 0.123328 0.186650
v -0.074224 0.123174 0.174431
v -0.054234 0.122945 0.187378
v -0.053116 0.123143 0.188040
v -0.053319 0.123416 0.187356
v -0.052596 0.124355 0.184576
v -0.054654 0.124420 0.182249
v -0.061991 0.123165 0.181838
v -0.062226 0.122981 0.182310
v -0.061419 0.122964 0.182488
v -0.049196 0.123687 0.189264
v -0.053736 0.123828 0.186479
v -0.047983 0.124468 0.184066
v -0.066474 0.123112 0.178976
v -0.065490 0.123267 0.179441
v -0.065697 0.123514 0.178564
v -0.076303 0.123126 0.173156
v -0.075187 0.123161 0.173730
v -0.075720 0.123327 0.173209
v -0.066627 0.124312 0.172405
v -0.068927 0.124327 0.172042
v -0.066445 0.124368 0.174133
v -0.052386 0.124069 0.186165
v -0.072732 0.123059 0.175134
v -0.072585 0.122967 0.175669
v -0.072183 0.123240 0.175114
v -0.069375 0.123866 0.175548
v -0.070793 0.123392 0.175797
v -0.069851 0.123521 0.176290
v -0.048960 0.124261 0.182374
v -0.067766 0.124219 0.174879
v -0.068141 0.124309 0.173682
v -0.073103 0.123977 0.172668
v -0.071405 0.123754 0.174440
v -0.056986 0.122849 0.185731
v -0.057543 0.123128 0.185034
v -0.057728 0.123189 0.184678
v -0.070006 0.124175 0.173434
v -0.060680 0.123220 0.182334
v -0.058435 0.123106 0.184421
v -0.073644 0.122705 0.175385
v -0.075744 0.122758 0.174105
v -0.074717 0.122858 0.174562
v -0.071027 0.123100 0.176496
v -0.071717 0.123114 0.175964
v -0.068793 0.122494 0.178582
v -0.067765 0.122985 0.178649
v -0.068625 0.122869 0.177959
v -0.060992 0.122996 0.182724
v -0.059842 0.122871 0.183528
v -0.061358 0.122967 0.182819
v -0.074768 0.122384 0.174975
v -0.070991 0.124269 0.169623
v -0.072059 0.124286 0.170857
v -0.068967 0.123378 0.176980
v -0.070136 0.123183 0.176766
v -0.060957 0.122852 0.183035
v -0.068979 0.123061 0.177518
v -0.061710 0.122907 0.182648
v -0.073902 0.121999 0.175972
v -0.061742 0.124259 0.177560
v -0.063794 0.124279 0.175626
v -0.063836 0.124142 0.177105
v -0.066767 0.123543 0.178056
v -0.068022 0.123297 0.177602
v -0.062832 0.123976 0.178664
v -0.063035 0.122925 0.181511
v -0.062504 0.123526 0.180667
v -0.068700 0.123059 0.177544
v -0.064047 0.122935 0.180745
v -0.064372 0.123566 0.179158
v -0.075471 0.123587 0.172729
v -0.064466 0.123211 0.179959
v -0.061353 0.123935 0.180047
v -0.067906 0.122419 0.179428
v -0.061345 0.124260 0.176057
v -0.054718 0.124246 0.178870
v -0.078157 0.124201 0.164887
v -0.077829 0.124297 0.166854
v -0.075897 0.124321 0.166566
v -0.081574 0.123774 0.168008
v -0.080112 0.123547 0.169294
v -0.080316 0.123857 0.168458
v -0.075869 0.123948 0.171214
v -0.076437 0.123628 0.171965
v -0.075471 0.123587 0.172729
v -0.074149 0.124343 0.169354
v -0.075356 0.124340 0.168044
v -0.076095 0.124267 0.169226
v -0.080622 0.124280 0.164495
v -0.080106 0.124223 0.166604
v -0.076469 0.124082 0.164982
v -0.074310 0.124188 0.166363
v -0.075266 0.123883 0.164814
v -0.078317 0.123894 0.163400
v -0.078457 0.124133 0.168207
v -0.078037 0.123885 0.169919
v -0.079246 0.123306 0.170576
v -0.077558 0.123411 0.171405
v -0.080072 0.124035 0.167857
v -0.076746 0.123714 0.163788
v -0.078105 0.123395 0.162308
v -0.076880 0.123350 0.172291
v -0.081370 0.124023 0.166963
v -0.073513 0.124336 0.168350
v -0.079287 0.123863 0.168826
v -0.075733 0.123532 0.163891
v -0.076579 0.123300 0.163098
v -0.074158 0.124207 0.170609
v -0.080827 0.123925 0.167846
v -0.074519 0.123517 0.164423
v -0.073697 0.123831 0.165600
v -0.075397 0.123087 0.163470
v -0.076424 0.122852 0.162680
v -0.075273 0.122074 0.162984
v -0.074036 0.122923 0.164136
v -0.076303 0.123126 0.173156
v 0.021102 0.119057 0.212589
v 0.021874 0.119685 0.212492
v 0.021898 0.118683 0.211617
v 0.016538 0.112207 0.219252
v 0.015315 0.112364 0.218940
v 0.015842 0.113902 0.219331
v 0.017597 0.119354 0.218081
v 0.017437 0.119298 0.218829
v 0.018668 0.119522 0.217616
v 0.014308 0.113515 0.218353
v 0.019059 0.118809 0.215710
v 0.018142 0.118362 0.217097
v 0.018308 0.119353 0.217037
v 0.016102 0.120459 0.223691
v 0.016751 0.120131 0.223877
v 0.016552 0.120163 0.223004
v 0.017368 0.119273 0.219626
v 0.016541 0.119324 0.220033
v 0.017437 0.119131 0.220388
v 0.016943 0.118532 0.218654
v 0.016642 0.119151 0.219563
v 0.018314 0.119424 0.219875
v 0.019522 0.116538 0.215527
v 0.018323 0.119203 0.223396
v 0.017749 0.119528 0.223402
v 0.017379 0.119242 0.223923
v 0.013425 0.116813 0.218129
v 0.011846 0.118522 0.217219
v 0.014297 0.118788 0.218760
v 0.014380 0.115323 0.218741
v 0.012256 0.114737 0.217131
v 0.016053 0.119851 0.219700
v 0.016616 0.118896 0.220933
v 0.016034 0.119818 0.220504
v 0.016029 0.119474 0.221288
v 0.019123 0.113901 0.216509
v 0.020384 0.111886 0.215157
v 0.019482 0.112450 0.216332
v 0.019233 0.119657 0.219801
v 0.018492 0.119507 0.220620
v 0.017753 0.115150 0.218100
v 0.016910 0.115476 0.218921
v 0.016820 0.116215 0.219022
v 0.017219 0.119737 0.223205
v 0.017701 0.119412 0.222999
v 0.017578 0.119105 0.217751
v 0.013765 0.111726 0.217696
v 0.017139 0.116998 0.218686
v 0.016158 0.117250 0.219414
v 0.016630 0.119046 0.219209
v 0.015724 0.119132 0.219366
v 0.020141 0.119700 0.219704
v 0.020831 0.119648 0.219563
v 0.020688 0.119818 0.219008
v 0.016761 0.119490 0.224143
v 0.016020 0.119690 0.224469
v 0.015977 0.115671 0.219446
v 0.015442 0.118245 0.219315
v 0.015776 0.120363 0.222639
v 0.017751 0.118989 0.221202
v 0.021559 0.119331 0.219492
v 0.020494 0.119374 0.220589
v 0.020723 0.118347 0.220716
v 0.017351 0.113054 0.218679
v 0.016880 0.114670 0.218989
v 0.020030 0.119776 0.219029
v 0.014823 0.117134 0.219076
v 0.019013 0.119574 0.218715
v 0.019430 0.119683 0.220417
v 0.020011 0.119624 0.220411
v 0.020690 0.119705 0.218047
v 0.020029 0.119561 0.217014
v 0.024703 0.119958 0.210613
v 0.024227 0.119917 0.211529
v 0.024946 0.119938 0.211125
v 0.011891 0.112204 0.216579
v 0.018912 0.111752 0.217078
v 0.016878 0.119287 0.222130
v 0.017507 0.119392 0.222587
v 0.017646 0.119261 0.221909
v 0.021407 0.119703 0.218586
v 0.024292 0.119854 0.210545
v 0.024237 0.119945 0.211024
v 0.020687 0.119584 0.214187
v 0.021308 0.119487 0.213656
v 0.020785 0.119531 0.213579
v 0.017994 0.117152 0.217619
v 0.025920 0.119548 0.212484
v 0.026645 0.119436 0.212007
v 0.026092 0.119579 0.211528
v 0.022653 0.119631 0.212619
v 0.023492 0.119769 0.212483
v 0.022910 0.119735 0.211985
v 0.021850 0.108498 0.213552
v 0.021739 0.105654 0.214033
v 0.020327 0.108575 0.215826
v 0.018922 0.119409 0.221450
v 0.018206 0.119419 0.222671
v 0.018957 0.119261 0.222546
v 0.019925 0.118664 0.214325
v 0.020903 0.117628 0.213195
v 0.020535 0.119183 0.213363
v 0.016146 0.119640 0.222182
v 0.016812 0.119640 0.222639
v 0.022004 0.111031 0.212934
v 0.019599 0.106083 0.216893
v 0.017558 0.118497 0.223990
v 0.018793 0.118455 0.223001
v 0.023320 0.109082 0.211220
v 0.024115 0.106223 0.210234
v 0.022971 0.106244 0.212133
v 0.023600 0.103570 0.211259
v 0.021520 0.102095 0.214357
v 0.018124 0.119498 0.222168
v 0.021445 0.114565 0.213045
v 0.023040 0.112466 0.211229
v 0.023814 0.119879 0.211790
v 0.023686 0.119794 0.211367
v 0.021049 0.119609 0.213034
v 0.018928 0.109066 0.217366
v 0.018596 0.115743 0.216962
v 0.016554 0.118779 0.224452
v 0.025280 0.119492 0.212488
v 0.019493 0.119592 0.216173
v 0.020268 0.119477 0.213924
v 0.025486 0.119708 0.211255
v 0.024622 0.119833 0.212197
v 0.015829 0.120344 0.221518
v 0.019620 0.118141 0.222034
v 0.019911 0.119053 0.221814
v 0.014998 0.120042 0.219262
v 0.022751 0.119806 0.211041
v 0.016113 0.119943 0.220012
v 0.013879 0.120834 0.218701
v 0.023071 0.119082 0.210222
v 0.023044 0.117753 0.210475
v 0.015874 0.121009 0.219869
v 0.022016 0.116742 0.211942
v 0.017305 0.119760 0.223825
v 0.023877 0.119750 0.210368
v 0.011535 0.121419 0.217294
v 0.015260 0.120846 0.219399
v 0.022383 0.119546 0.213623
v 0.022964 0.115552 0.210824
v 0.023473 0.119811 0.210067
v 0.017028 0.118950 0.221624
v 0.016613 0.119088 0.220395
v 0.016375 0.119077 0.221665
v -0.016945 0.123741 0.209377
v -0.015322 0.123664 0.210495
v -0.015608 0.124008 0.209314
v -0.019861 0.124515 0.204392
v -0.017871 0.124318 0.206668
v -0.016704 0.124521 0.205547
v -0.009956 0.124533 0.206692
v -0.011425 0.124498 0.205915
v -0.011739 0.124693 0.207189
v -0.019704 0.122899 0.209237
v -0.018813 0.122752 0.210076
v -0.018738 0.123105 0.209355
v -0.014652 0.124583 0.205271
v -0.014003 0.124636 0.207332
v -0.015380 0.124373 0.208052
v -0.016619 0.124156 0.208266
v -0.016050 0.122914 0.211439
v -0.018089 0.122327 0.210959
v -0.017063 0.122001 0.211884
v -0.017740 0.123117 0.210095
v -0.018075 0.123490 0.209275
v -0.008261 0.124474 0.207244
v -0.009044 0.124267 0.206117
v -0.014312 0.123411 0.211827
v -0.012979 0.123914 0.211694
v -0.014216 0.124062 0.210206
v -0.014259 0.122102 0.213424
v -0.014424 0.122636 0.212705
v -0.015561 0.122103 0.212687
v -0.010016 0.124771 0.209642
v -0.012286 0.124598 0.208774
v -0.014190 0.122927 0.212449
v -0.014770 0.122954 0.212105
v -0.012957 0.124549 0.205370
v -0.008948 0.124728 0.208241
v -0.010621 0.124303 0.205504
v -0.007997 0.124225 0.206725
v -0.019075 0.123446 0.208667
v -0.013531 0.124451 0.208976
v -0.018292 0.123715 0.208505
v -0.020467 0.123274 0.208247
v -0.023785 0.123286 0.205836
v -0.024806 0.123886 0.203921
v -0.025798 0.123096 0.204933
v -0.022940 0.123761 0.205235
v -0.019917 0.124168 0.206114
v -0.019404 0.123841 0.207559
v -0.012098 0.124442 0.210490
v -0.017870 0.124016 0.207864
v -0.022610 0.124113 0.204494
v -0.021701 0.123991 0.205631
v -0.018806 0.124154 0.206962
v -0.021706 0.123023 0.207621
v -0.020845 0.123636 0.206928
v -0.022352 0.123524 0.206462
v -0.022912 0.122914 0.207052
v -0.021358 0.124311 0.204689
v 0.015957 0.107234 0.224784
v 0.015464 0.105609 0.224848
v 0.016186 0.106378 0.224685
v 0.016688 0.108361 0.224445
v 0.015371 0.108099 0.225042
v 0.013854 0.100975 0.230323
v 0.014151 0.100377 0.228989
v 0.014180 0.102056 0.229674
v 0.014080 0.102471 0.228693
v 0.014190 0.101560 0.227582
v 0.014158 0.102969 0.227992
v 0.016386 0.107288 0.224641
v 0.014481 0.106123 0.227114
v 0.014285 0.106709 0.227957
v 0.014302 0.104621 0.228246
v 0.014272 0.107851 0.229780
v 0.014145 0.106673 0.229558
v 0.014151 0.107458 0.228880
v 0.014195 0.103457 0.229450
v 0.014679 0.107158 0.226191
v 0.014570 0.107508 0.227159
v 0.014374 0.108581 0.229305
v 0.014313 0.109649 0.229229
v 0.014129 0.109410 0.230358
v 0.014743 0.108791 0.226783
v 0.014505 0.108750 0.228094
v 0.014284 0.104541 0.229343
v 0.014047 0.104372 0.230073
v 0.014364 0.098896 0.227397
v 0.013959 0.102905 0.230301
v 0.013891 0.107268 0.230419
v 0.014686 0.105356 0.225502
v 0.014766 0.103753 0.225088
v 0.016788 0.106525 0.224299
v 0.014257 0.105450 0.229292
v 0.014153 0.106167 0.228764
v 0.012223 0.105947 0.230943
v 0.010986 0.105507 0.230648
v 0.012285 0.104012 0.231036
v 0.013537 0.106030 0.230838
v 0.013425 0.107148 0.230852
v 0.014384 0.102773 0.226037
v 0.014512 0.104857 0.226676
v 0.014304 0.103235 0.227271
v 0.013598 0.104112 0.230732
v 0.013583 0.104941 0.230475
v 0.014237 0.105036 0.229750
v 0.017988 0.107705 0.223637
v 0.014353 0.110893 0.228535
v 0.014318 0.110794 0.229714
v 0.013953 0.105663 0.230095
v 0.013062 0.104926 0.231033
v 0.013459 0.104992 0.230847
v 0.012873 0.107026 0.230937
v 0.013394 0.108311 0.230894
v 0.015021 0.110104 0.225822
v -0.057140 0.040109 0.171387
v -0.055742 0.043179 0.172636
v -0.054642 0.039146 0.172905
v -0.052970 0.045690 0.174684
v -0.050905 0.041846 0.175873
v -0.053159 0.041244 0.174214
v -0.056851 0.019238 0.172885
v -0.054657 0.017931 0.174595
v -0.056933 0.017622 0.172690
v -0.051631 0.018326 0.176902
v -0.049668 0.019933 0.178225
v -0.048713 0.018600 0.178753
v -0.082670 0.029746 0.155510
v -0.080624 0.023699 0.157244
v -0.086108 0.024664 0.153581
v -0.033491 0.021797 0.187783
v -0.035902 0.024821 0.186087
v -0.031071 0.023831 0.188969
v -0.084509 0.048997 0.154807
v -0.081402 0.042225 0.156637
v -0.087182 0.041166 0.152829
v -0.042407 0.036078 0.181257
v -0.037212 0.034815 0.184468
v -0.040819 0.032281 0.182325
v -0.034189 0.028053 0.186658
v -0.029691 0.028032 0.189387
v -0.085728 0.017708 0.153562
v -0.084013 0.017488 0.154651
v -0.084905 0.016610 0.153575
v -0.084431 0.018748 0.154606
v -0.064292 0.018343 0.167641
v -0.066836 0.019604 0.166132
v -0.062865 0.021463 0.168581
v -0.053153 0.058451 0.174856
v -0.048623 0.055084 0.177537
v -0.051930 0.051207 0.175463
v -0.040178 0.022193 0.184012
v -0.042800 0.023556 0.182223
v -0.039989 0.024310 0.183809
v -0.029112 0.045812 0.189465
v -0.030088 0.041647 0.188722
v -0.035114 0.045079 0.185842
v -0.065696 0.044334 0.166636
v -0.062730 0.046053 0.168454
v -0.064059 0.040595 0.167576
v -0.036083 0.055661 0.185368
v -0.032106 0.062663 0.187786
v -0.030742 0.054402 0.188637
v -0.056161 0.033371 0.171753
v -0.056904 0.036711 0.171260
v -0.053505 0.035556 0.173521
v -0.024425 0.042577 0.192170
v -0.027869 0.038308 0.190048
v -0.042387 0.042314 0.181329
v -0.048090 0.037583 0.177598
v -0.087566 0.018811 0.152640
v -0.087148 0.017533 0.152631
v -0.074081 0.024037 0.161289
v -0.072943 0.020278 0.162157
v -0.077259 0.020346 0.159460
v -0.054883 0.026593 0.173514
v -0.050785 0.026020 0.176616
v -0.054488 0.023480 0.174326
v -0.045979 0.032156 0.179052
v -0.083169 0.037513 0.155249
v -0.078895 0.018003 0.158229
v -0.081346 0.019710 0.156802
v -0.067380 0.035112 0.165462
v -0.067139 0.041645 0.165744
v -0.061449 0.017347 0.169100
v -0.061815 0.018951 0.169126
v -0.060276 0.017856 0.170130
v -0.069843 0.019035 0.164137
v -0.068278 0.017657 0.165046
v -0.036993 0.021503 0.185944
v -0.054120 0.032323 0.173248
v -0.050609 0.033263 0.175789
v -0.053173 0.029600 0.174231
v -0.070957 0.017623 0.163274
v -0.072179 0.018117 0.162557
v -0.062705 0.017588 0.168509
v -0.046614 0.023453 0.179832
v -0.045312 0.026862 0.180070
v -0.062027 0.025947 0.168860
v -0.061295 0.029500 0.169110
v -0.057301 0.029448 0.171440
v -0.071033 0.041391 0.163098
v -0.049351 0.029528 0.177045
v -0.073622 0.054758 0.161928
v -0.073312 0.046978 0.161806
v -0.078240 0.048487 0.158802
v -0.058287 0.024003 0.171499
v -0.036959 0.031224 0.184750
v -0.039943 0.028445 0.183144
v -0.061159 0.038875 0.169084
v -0.060253 0.036021 0.169431
v -0.063092 0.036366 0.167997
v -0.082111 0.017846 0.156011
v -0.044389 0.063695 0.180147
v -0.041142 0.058068 0.182191
v -0.045226 0.058576 0.179568
v -0.073429 0.033522 0.161531
v -0.079550 0.035365 0.157573
v -0.076043 0.041060 0.159810
v -0.086894 0.058186 0.153463
v -0.080260 0.056349 0.157820
v -0.066294 0.030415 0.166082
v -0.065026 0.027904 0.166912
v -0.069842 0.028506 0.163828
v -0.067806 0.048486 0.165353
v -0.081990 0.016737 0.155699
v -0.083251 0.016498 0.154607
v -0.083005 0.017108 0.155311
v -0.035493 0.050572 0.185696
v -0.040529 0.050005 0.182548
v -0.088453 0.028986 0.151771
v -0.058943 0.032980 0.170179
v -0.063099 0.032484 0.167967
v -0.077388 0.028705 0.159081
v -0.033306 0.052729 0.186995
v -0.079032 0.017021 0.157668
v -0.080465 0.016962 0.156833
v -0.053588 0.020331 0.175452
v -0.056492 0.021478 0.173069
v -0.066559 0.017848 0.166185
v -0.039714 0.020557 0.184460
v -0.042890 0.021560 0.182398
v -0.068044 0.022975 0.165290
v -0.086525 0.034338 0.152782
v -0.085023 0.020939 0.154399
v -0.032834 0.037685 0.187058
v -0.025410 0.055871 0.191913
v -0.025951 0.049666 0.191569
v -0.074909 0.017767 0.160809
v -0.059729 0.042483 0.170148
v -0.051770 0.038391 0.174986
v -0.051127 0.035872 0.175350
v -0.047700 0.046847 0.178110
v -0.037359 0.039136 0.184342
v -0.089800 0.021281 0.151418
v -0.031482 0.049804 0.188138
v -0.048015 0.061951 0.177960
v -0.034232 0.019732 0.187508
v -0.030697 0.032794 0.188444
v -0.058897 0.038876 0.170274
v -0.061951 0.051550 0.169009
v -0.044788 0.054003 0.179858
v -0.057264 0.049233 0.172011
v -0.058799 0.056595 0.171135
v -0.037505 0.060373 0.184531
v -0.073889 0.028001 0.161266
v -0.067506 0.017218 0.165528
v -0.063676 0.056142 0.168154
v -0.052874 0.017140 0.175862
v -0.046337 0.021021 0.180234
v -0.045915 0.019061 0.180445
v -0.069824 0.017306 0.163929
v -0.048449 0.034077 0.177335
v -0.051316 0.016741 0.176858
v -0.044803 0.017443 0.180858
v -0.047023 0.016973 0.179326
v -0.047139 0.018019 0.179540
v -0.049203 0.017324 0.178240
v -0.082829 0.034508 0.155354
v -0.038071 0.018919 0.185458
v -0.033823 0.040870 0.186549
v -0.060810 0.016998 0.169501
v -0.058556 0.018128 0.171509
v -0.068275 0.056394 0.165397
v -0.042242 0.019689 0.182918
v -0.050583 0.022395 0.177420
v -0.059375 0.020161 0.170977
v -0.041857 0.017949 0.182969
v -0.022951 0.062777 0.193435
v 0.015160 0.119793 0.225585
v 0.014989 0.118974 0.226810
v 0.015288 0.118291 0.225720
v 0.014685 0.121784 0.228919
v 0.014589 0.121976 0.229849
v 0.014809 0.120588 0.229914
v 0.014420 0.122750 0.229008
v 0.014405 0.122947 0.228254
v 0.014380 0.123337 0.228637
v 0.010242 0.122404 0.228662
v 0.009172 0.121521 0.228532
v 0.010285 0.121356 0.229176
v 0.010700 0.123311 0.228201
v 0.011338 0.122529 0.229121
v 0.011879 0.123294 0.228987
v 0.015435 0.119277 0.225132
v 0.010616 0.118057 0.230103
v 0.011947 0.118444 0.230237
v 0.010934 0.120145 0.229755
v 0.014701 0.121154 0.228062
v 0.014871 0.120543 0.229120
v 0.013784 0.120053 0.230298
v 0.014460 0.119656 0.230207
v 0.009649 0.118916 0.229608
v 0.008266 0.118221 0.229015
v 0.009258 0.116411 0.229796
v 0.011833 0.120246 0.229996
v 0.012453 0.120351 0.230117
v 0.011817 0.121457 0.229775
v 0.014603 0.119314 0.229544
v 0.014394 0.123524 0.229169
v 0.011027 0.121695 0.229294
v 0.008735 0.122614 0.227564
v 0.014602 0.122304 0.227827
v 0.010934 0.115887 0.230473
v 0.013218 0.124244 0.228946
v 0.013511 0.123407 0.229568
v 0.013892 0.124065 0.229084
v 0.007319 0.121579 0.227353
v 0.007413 0.122719 0.226663
v 0.011953 0.122467 0.229537
v 0.013036 0.117756 0.230446
v 0.013895 0.117497 0.230598
v 0.009756 0.123162 0.227825
v 0.012918 0.119509 0.230202
v 0.014821 0.120027 0.227530
v 0.014763 0.119869 0.228628
v 0.014714 0.118232 0.228402
v 0.014387 0.118797 0.230363
v 0.013060 0.120506 0.230103
v 0.006628 0.119749 0.227751
v 0.008385 0.120280 0.228528
v 0.014346 0.117650 0.229824
v 0.009664 0.120385 0.229246
v 0.012819 0.122096 0.229763
v 0.013888 0.122347 0.229998
v 0.012712 0.123549 0.229292
v 0.009093 0.119536 0.229176
v 0.008456 0.117005 0.229323
v 0.016554 0.118779 0.224452
v 0.016020 0.119690 0.224469
v 0.015768 0.118738 0.224979
v 0.014882 0.120425 0.226272
v -0.008894 0.033556 0.202320
v -0.005766 0.030274 0.204294
v -0.010159 0.029335 0.202098
v -0.020862 0.015580 0.192209
v -0.020597 0.015738 0.194217
v -0.018895 0.015641 0.194161
v -0.013399 0.032192 0.199855
v -0.012317 0.037866 0.200004
v -0.004082 0.034757 0.204766
v -0.010757 0.016077 0.196516
v -0.013593 0.015965 0.196058
v -0.012445 0.016307 0.197795
v -0.013196 0.058195 0.199136
v -0.018186 0.055692 0.196052
v -0.016685 0.061327 0.197172
v -0.007938 0.037108 0.202622
v -0.021064 0.050945 0.194373
v -0.020496 0.046125 0.194605
v -0.025951 0.049666 0.191569
v -0.016487 0.073619 0.197461
v -0.021840 0.072369 0.194348
v -0.019412 0.079963 0.195632
v -0.018176 0.017329 0.197695
v -0.018944 0.016112 0.196613
v -0.020175 0.017796 0.196508
v -0.006607 0.051285 0.202860
v -0.004567 0.044544 0.204274
v -0.009919 0.047466 0.201075
v -0.008234 0.057009 0.201970
v -0.009846 0.060039 0.201151
v -0.015178 0.017234 0.198995
v -0.013980 0.017628 0.199605
v -0.014490 0.016820 0.198715
v -0.011890 0.016540 0.198777
v -0.010922 0.016384 0.198292
v -0.017671 0.015872 0.196247
v -0.017343 0.016166 0.197311
v -0.017034 0.015954 0.196373
v -0.027154 0.024897 0.191396
v -0.023620 0.025192 0.193832
v -0.024967 0.022357 0.193169
v -0.030027 0.015589 0.189465
v -0.028663 0.016183 0.190559
v -0.028922 0.015558 0.190042
v -0.005159 0.038987 0.204030
v -0.008436 0.040961 0.202312
v -0.028623 0.017611 0.190669
v -0.030600 0.019605 0.189507
v -0.026878 0.018509 0.191860
v -0.012138 0.052861 0.199651
v -0.033491 0.021797 0.187783
v -0.031071 0.023831 0.188969
v -0.017778 0.025494 0.198105
v -0.019862 0.022854 0.196945
v -0.021131 0.024660 0.195749
v -0.014916 0.015703 0.194124
v -0.015005 0.015846 0.195522
v -0.015811 0.016439 0.197981
v -0.016921 0.017062 0.198206
v -0.015647 0.047246 0.197549
v -0.023624 0.019174 0.194157
v -0.022303 0.022183 0.195191
v -0.019765 0.020323 0.197105
v -0.018971 0.086750 0.196181
v -0.014996 0.084404 0.198498
v -0.012888 0.016894 0.199148
v -0.014138 0.016300 0.197765
v -0.011524 0.043272 0.200304
v -0.008637 0.043868 0.201994
v -0.024848 0.029788 0.192392
v -0.029691 0.028032 0.189387
v -0.030697 0.032794 0.188444
v -0.021872 0.015856 0.194544
v -0.021948 0.016901 0.195080
v -0.020966 0.015903 0.195154
v -0.030548 0.017059 0.189455
v -0.033967 0.017549 0.187552
v -0.015326 0.016019 0.196568
v -0.016647 0.015762 0.195353
v -0.024425 0.042577 0.192170
v -0.023645 0.036223 0.192718
v -0.027869 0.038308 0.190048
v -0.011626 0.080784 0.200350
v -0.012885 0.076478 0.199568
v -0.018155 0.033585 0.196582
v -0.018056 0.041008 0.196149
v -0.016796 0.029625 0.198103
v -0.020609 0.028114 0.195605
v -0.019666 0.015784 0.195330
v -0.020482 0.016307 0.195999
v -0.017389 0.022229 0.198767
v -0.014021 0.021296 0.200611
v -0.016935 0.020019 0.198956
v -0.022951 0.062777 0.193435
v -0.025410 0.055871 0.191913
v -0.017434 0.015566 0.192600
v -0.001221 0.056030 0.205885
v -0.006301 0.061879 0.203211
v -0.001315 0.062546 0.205989
v -0.014236 0.027647 0.200092
v -0.008021 0.067879 0.202575
v -0.015950 0.068085 0.197845
v -0.009744 0.072869 0.201602
v -0.013347 0.019054 0.200473
v -0.015194 0.018160 0.199462
v -0.015333 0.019401 0.199736
v -0.001715 0.039150 0.205891
v -0.014926 0.015630 0.191108
v -0.003010 0.074430 0.205580
v -0.018433 0.018748 0.197882
v -0.016432 0.015996 0.196754
v -0.034232 0.019732 0.187508
v -0.016026 0.017434 0.198732
v -0.016737 0.018326 0.198729
v 0.000009 0.044716 0.206855
v -0.000953 0.046763 0.206244
v -0.010677 0.020124 0.201982
v -0.010252 0.022902 0.202531
v -0.012262 0.015784 0.193710
v -0.011102 0.015720 0.189860
v -0.008138 0.077354 0.202545
v -0.012917 0.023224 0.201226
v -0.014779 0.024227 0.200199
v -0.011673 0.025513 0.201816
v -0.002733 0.066980 0.205482
v -0.011137 0.018465 0.201165
v -0.032191 0.016039 0.188401
v -0.035162 0.015773 0.186559
v 0.001236 0.034784 0.208022
v -0.018319 0.015763 0.195521
v -0.027352 0.021338 0.191562
v -0.013463 0.072678 0.199357
v -0.002093 0.049816 0.205512
v -0.006915 0.025859 0.204183
v -0.014063 0.042261 0.198662
v -0.011633 0.062895 0.200262
v -0.012572 0.017939 0.200201
v -0.010677 0.016834 0.199664
v -0.011426 0.017453 0.200399
v -0.000712 0.042308 0.206403
v -0.022274 0.067695 0.193990
v 0.005386 0.121143 0.226416
v 0.007319 0.121579 0.227353
v 0.005664 0.122147 0.225958
v 0.011898 0.124466 0.227044
v 0.011862 0.124791 0.225950
v 0.010780 0.124759 0.225409
v 0.008826 0.123348 0.226893
v 0.008615 0.123936 0.225734
v 0.007742 0.123289 0.226189
v 0.008208 0.123060 0.226923
v 0.007413 0.122719 0.226663
v 0.008735 0.122614 0.227564
v 0.012533 0.124745 0.226651
v -0.003575 0.120809 0.220971
v -0.003031 0.119775 0.221566
v -0.002887 0.120620 0.221461
v -0.002143 0.121207 0.221736
v 0.010974 0.124105 0.227390
v 0.009893 0.124269 0.226078
v 0.009794 0.123745 0.227095
v 0.010648 0.124740 0.218498
v 0.011212 0.124176 0.218009
v 0.009270 0.124396 0.217125
v 0.009730 0.125290 0.221125
v 0.010738 0.125231 0.221921
v 0.011496 0.125229 0.221035
v 0.009506 0.125272 0.220024
v -0.001327 0.120224 0.222493
v -0.000013 0.120863 0.223180
v -0.000980 0.120982 0.222468
v -0.003011 0.122768 0.220100
v -0.004403 0.122299 0.219591
v -0.003376 0.121784 0.220648
v 0.010096 0.124846 0.224202
v 0.009126 0.124586 0.224612
v -0.000462 0.121775 0.222425
v 0.006568 0.124920 0.216849
v 0.006412 0.125030 0.217399
v 0.007530 0.125013 0.217643
v 0.000897 0.121956 0.223085
v 0.011025 0.125060 0.219706
v 0.008899 0.125099 0.218568
v 0.012372 0.124894 0.225743
v -0.001306 0.123036 0.220916
v -0.002195 0.122344 0.220933
v -0.001190 0.122399 0.221692
v 0.007554 0.125202 0.219149
v 0.012160 0.125173 0.222240
v 0.005123 0.123408 0.224344
v 0.005806 0.123735 0.224467
v 0.005374 0.123833 0.223990
v 0.006821 0.123109 0.225643
v 0.006088 0.122776 0.225716
v 0.006726 0.122800 0.226145
v 0.005004 0.122840 0.225044
v 0.006104 0.123417 0.225039
v 0.004344 0.123775 0.223536
v 0.003622 0.124579 0.221203
v 0.006452 0.124914 0.221787
v 0.005389 0.124988 0.220550
v 0.007609 0.125211 0.220546
v 0.005569 0.125120 0.219327
v 0.003635 0.124935 0.219516
v 0.005679 0.124278 0.223292
v 0.006418 0.123917 0.224447
v 0.007516 0.124272 0.224408
v 0.002194 0.122787 0.223259
v 0.002097 0.121810 0.223956
v -0.002830 0.123627 0.218889
v -0.002480 0.123324 0.219568
v -0.002060 0.123916 0.218899
v 0.001703 0.124633 0.219525
v 0.007234 0.123647 0.225231
v 0.010700 0.123311 0.228201
v -0.004942 0.121199 0.219890
v -0.004482 0.120114 0.220626
v 0.003725 0.124054 0.222558
v 0.012257 0.124082 0.228319
v 0.011879 0.123294 0.228987
v 0.001574 0.123221 0.222597
v 0.001143 0.122871 0.222573
v 0.001418 0.124208 0.220717
v 0.002362 0.124017 0.221840
v 0.007881 0.124774 0.223269
v 0.005927 0.123917 0.224071
v 0.002936 0.123633 0.222964
v 0.000540 0.123243 0.221775
v 0.001197 0.123408 0.222120
v -0.000001 0.122912 0.221915
v -0.000378 0.122568 0.222025
v 0.000295 0.122569 0.222293
v 0.001186 0.123816 0.221633
v 0.000248 0.123694 0.220834
v 0.007130 0.122981 0.226128
v 0.003759 0.122029 0.224963
v 0.003861 0.123069 0.224015
v 0.001254 0.121163 0.223786
v 0.002380 0.120990 0.224545
v 0.000917 0.119982 0.224021
v 0.006548 0.122440 0.226404
v -0.000392 0.123083 0.221424
v -0.000580 0.123485 0.220518
v -0.003945 0.123189 0.218838
v -0.005188 0.122743 0.218702
v 0.001894 0.123524 0.222415
v 0.002538 0.119994 0.225011
v -0.002524 0.123040 0.220031
v -0.005729 0.121950 0.218986
v -0.005352 0.122340 0.219029
v 0.010975 0.125098 0.223436
v -0.000463 0.124111 0.219450
v 0.008179 0.124841 0.217258
v 0.009014 0.125137 0.222236
v -0.000489 0.119590 0.223182
v -0.001606 0.123591 0.219709
v 0.003868 0.120693 0.225618
v 0.009756 0.123162 0.227825
v 0.006628 0.119749 0.227751
v -0.003211 0.123939 0.217931
v -0.002029 0.123095 0.220277
v -0.001228 0.123544 0.220184
v 0.007233 0.125106 0.218128
v 0.005611 0.125060 0.217963
v -0.003223 0.124478 0.216550
v -0.001806 0.124318 0.218002
v 0.011921 0.124988 0.224833
v 0.005143 0.120014 0.226687
v 0.003815 0.125045 0.218127
v 0.009390 0.124947 0.223377
v -0.006372 0.120163 0.219372
v 0.012712 0.123549 0.229292
v 0.012903 0.125069 0.223645
v 0.014788 0.087216 0.225791
v 0.014445 0.087816 0.226739
v 0.014365 0.086317 0.227048
v 0.017547 0.089832 0.223880
v 0.016815 0.089935 0.224294
v 0.017281 0.088967 0.223971
v 0.017220 0.095404 0.224048
v 0.018618 0.095084 0.222968
v 0.018049 0.096500 0.223414
v 0.019637 0.099975 0.221933
v 0.019252 0.101814 0.222456
v 0.018571 0.099982 0.223007
v 0.017004 0.097395 0.224094
v 0.017237 0.099857 0.223892
v 0.016183 0.099077 0.224604
v 0.014599 0.089068 0.226054
v 0.015220 0.087993 0.225123
v 0.019178 0.093105 0.222493
v 0.017781 0.093361 0.223667
v 0.015463 0.091990 0.225052
v 0.014977 0.090552 0.225455
v 0.016092 0.090554 0.224643
v 0.018025 0.098285 0.223278
v 0.019279 0.097470 0.222326
v 0.021778 0.086164 0.219531
v 0.024095 0.085745 0.216249
v 0.022115 0.089227 0.219221
v 0.015704 0.086493 0.224893
v 0.016075 0.087865 0.224573
v 0.016815 0.101730 0.224105
v 0.018062 0.102286 0.223382
v 0.014864 0.085504 0.225632
v 0.015494 0.084989 0.225098
v 0.013968 0.091364 0.229091
v 0.014061 0.089930 0.228953
v 0.014262 0.089880 0.227774
v 0.014166 0.091933 0.227761
v 0.014235 0.091181 0.227427
v 0.014546 0.092046 0.226391
v 0.017075 0.105085 0.224100
v 0.017610 0.105962 0.223949
v 0.016788 0.106525 0.224299
v 0.017050 0.103479 0.224145
v 0.016307 0.104510 0.224631
v 0.016321 0.102680 0.224393
v 0.015912 0.095750 0.224693
v 0.016580 0.096328 0.224433
v 0.016534 0.100437 0.224369
v 0.015828 0.101033 0.224562
v 0.014261 0.088624 0.227388
v 0.016378 0.089132 0.224338
v 0.025872 0.089413 0.213678
v 0.027477 0.089918 0.211216
v 0.026662 0.090725 0.212566
v 0.026554 0.087100 0.212644
v 0.016149 0.097221 0.224622
v 0.015338 0.097752 0.224876
v 0.018263 0.091222 0.223249
v 0.019952 0.090026 0.221701
v 0.019604 0.091671 0.222125
v 0.019417 0.104181 0.222237
v 0.020702 0.106426 0.220744
v 0.019189 0.106584 0.222467
v 0.024631 0.100493 0.215527
v 0.023644 0.101981 0.216902
v 0.024157 0.097957 0.216231
v 0.013912 0.092944 0.229624
v 0.014123 0.093270 0.228051
v 0.013851 0.094000 0.229445
v 0.025626 0.100199 0.213988
v 0.019458 0.108656 0.222160
v 0.018637 0.088186 0.223044
v 0.016494 0.093982 0.224436
v 0.020480 0.087687 0.221245
v 0.015454 0.089218 0.224909
v 0.023535 0.081409 0.216869
v 0.025387 0.081417 0.214087
v 0.021078 0.108838 0.220092
v 0.017904 0.104530 0.223618
v 0.024664 0.094121 0.215541
v 0.026704 0.097156 0.212396
v 0.024166 0.105644 0.216095
v 0.022846 0.108678 0.217798
v 0.022767 0.105453 0.218001
v 0.021860 0.107040 0.219157
v 0.015017 0.093232 0.225408
v 0.015510 0.094299 0.224950
v 0.014923 0.094517 0.225693
v 0.018399 0.105928 0.223318
v 0.017988 0.107705 0.223637
v 0.021702 0.103089 0.219495
v 0.022787 0.099977 0.218170
v 0.028021 0.076977 0.209583
v 0.029705 0.079480 0.207452
v 0.027509 0.080603 0.210670
v 0.016668 0.092109 0.224386
v 0.015805 0.093090 0.224749
v 0.014511 0.090582 0.226589
v 0.017042 0.090758 0.224144
v 0.024449 0.090462 0.215897
v 0.029042 0.095682 0.208950
v 0.028890 0.099305 0.209148
v 0.021913 0.083152 0.219259
v 0.022157 0.096614 0.219102
v 0.021588 0.099987 0.219703
v 0.020694 0.098728 0.220843
v 0.029409 0.082862 0.208054
v 0.026596 0.092602 0.212678
v 0.028801 0.092311 0.209226
v 0.022382 0.093933 0.218767
v 0.020980 0.093178 0.220481
v 0.022943 0.092225 0.218100
v 0.019741 0.094813 0.221829
v 0.014190 0.101560 0.227582
v 0.014364 0.098896 0.227397
v 0.014409 0.100191 0.226143
v 0.018665 0.085660 0.222981
v 0.017705 0.086494 0.223799
v 0.015640 0.102762 0.224636
v 0.014977 0.102514 0.224871
v 0.015201 0.101654 0.224769
v 0.015051 0.096513 0.225082
v 0.015166 0.095447 0.225171
v 0.014563 0.101236 0.225154
v 0.015057 0.100900 0.224725
v 0.021864 0.105417 0.219295
v 0.014037 0.094301 0.228820
v 0.024302 0.078645 0.215584
v 0.026110 0.077546 0.212737
v 0.029739 0.089609 0.207808
v 0.026138 0.106138 0.213187
v 0.024990 0.102744 0.214853
v 0.026362 0.102670 0.212935
v 0.026720 0.083974 0.212096
v 0.028108 0.083411 0.209981
v 0.028404 0.086121 0.209694
v 0.013992 0.088661 0.228935
v 0.014384 0.102773 0.226037
v 0.018902 0.083424 0.222785
v 0.020127 0.085223 0.221574
v 0.020317 0.082357 0.221333
v 0.014543 0.102525 0.225192
v 0.014766 0.103753 0.225088
v 0.017926 0.110559 0.223556
v 0.020479 0.101373 0.221107
v 0.017093 0.087943 0.224021
v 0.020698 0.096015 0.220881
v 0.022984 0.078937 0.217420
v 0.014565 0.093515 0.226406
v 0.015464 0.105609 0.224848
v 0.015435 0.103817 0.224838
v 0.023415 0.094914 0.217403
v 0.014936 0.099693 0.224841
v 0.027412 0.100885 0.211384
v 0.027852 0.104286 0.210593
v 0.016186 0.106378 0.224685
v 0.021159 0.080326 0.220225
v 0.016668 0.086893 0.224225
v 0.020074 0.111065 0.221450
v 0.022239 0.080416 0.218587
v -0.006351 0.122773 0.217603
v -0.006384 0.123364 0.216939
v -0.007344 0.122924 0.216773
v -0.010238 0.124017 0.213206
v -0.009774 0.123663 0.214207
v -0.008292 0.124003 0.214491
v -0.007632 0.123356 0.216212
v -0.005729 0.121950 0.218986
v -0.005352 0.122340 0.219029
v -0.006403 0.122429 0.218194
v -0.003211 0.123939 0.217931
v -0.004823 0.123637 0.217648
v -0.003945 0.123189 0.218838
v -0.009900 0.122421 0.216057
v -0.011673 0.121964 0.215253
v -0.010264 0.121672 0.216260
v -0.005188 0.122743 0.218702
v -0.014312 0.123411 0.211827
v -0.013285 0.123116 0.212841
v -0.013269 0.123498 0.212355
v -0.006785 0.121412 0.218668
v -0.007092 0.122108 0.218149
v -0.008190 0.121890 0.217451
v -0.008264 0.123090 0.216350
v -0.006605 0.124571 0.208463
v -0.008948 0.124728 0.208241
v -0.007217 0.124852 0.210008
v -0.007627 0.124519 0.213119
v -0.008436 0.123544 0.215525
v -0.009285 0.123562 0.214834
v -0.009276 0.123172 0.215750
v -0.005180 0.123120 0.218115
v -0.004713 0.124106 0.216611
v -0.010256 0.123133 0.214731
v -0.007673 0.120958 0.218275
v -0.007905 0.121428 0.217866
v -0.009056 0.121444 0.217211
v -0.008197 0.122554 0.217016
v -0.007411 0.122680 0.217138
v -0.012979 0.123914 0.211694
v -0.007997 0.124225 0.206725
v -0.007111 0.124287 0.207213
v -0.007813 0.123895 0.206149
v -0.006925 0.123856 0.215761
v -0.003223 0.124478 0.216550
v -0.005576 0.124391 0.215117
v -0.010626 0.123461 0.213978
v -0.011704 0.123305 0.213721
v -0.012848 0.122600 0.213887
v -0.010016 0.124771 0.209642
v -0.004942 0.121199 0.219890
v -0.006372 0.120163 0.219372
v -0.005659 0.123785 0.216608
v -0.009993 0.124552 0.211662
v -0.007826 0.124842 0.211393
v -0.005129 0.124869 0.211483
v -0.006478 0.124847 0.211334
v -0.010988 0.123148 0.214180
v -0.005677 0.124862 0.212632
v -0.012098 0.124442 0.210490
v -0.008261 0.124474 0.207244
v -0.004588 0.123344 0.218294
v -0.014424 0.122636 0.212705
v -0.011319 0.122791 0.214675
v -0.005698 0.124079 0.215927
v -0.011591 0.124184 0.212005
v -0.012198 0.123671 0.212736
v -0.014259 0.122102 0.213424
v -0.013290 0.121810 0.214339
v -0.003220 0.124765 0.214932
v -0.005422 0.124733 0.213909
v -0.008278 0.120215 0.218180
v -0.014190 0.122927 0.212449
v -0.041410 0.020693 0.191518
v -0.042243 0.022956 0.191312
v -0.042783 0.021736 0.190714
v -0.040518 0.022645 0.192364
v -0.044634 0.017517 0.189607
v -0.042287 0.017965 0.191044
v -0.044401 0.019103 0.189709
v -0.046804 0.016393 0.188538
v -0.043055 0.020231 0.190370
v -0.041898 0.024585 0.191857
v -0.040146 0.020768 0.192374
v -0.044444 0.020388 0.189649
v -0.046469 0.020660 0.188464
v -0.044523 0.021854 0.189670
v -0.049572 0.017772 0.186884
v -0.049734 0.015849 0.186839
v -0.040481 0.028202 0.194021
v -0.042620 0.026852 0.192009
v -0.040222 0.025195 0.193260
v -0.043871 0.028597 0.191495
v -0.042482 0.029077 0.192693
v -0.046476 0.018315 0.188451
v -0.043977 0.016254 0.190305
v -0.042128 0.015570 0.191514
v -0.039682 0.016319 0.193039
v -0.039811 0.019145 0.192631
v -0.045114 0.023903 0.189534
v -0.045582 0.025717 0.189643
v -0.046969 0.025515 0.188907
v -0.043795 0.024986 0.190692
v -0.044755 0.027082 0.190588
v -0.046441 0.027491 0.189696
v -0.041551 0.031276 0.193828
v -0.043708 0.030068 0.192034
v -0.045248 0.029233 0.190837
v -0.022977 0.124059 0.197564
v -0.022155 0.124395 0.198812
v -0.021512 0.123984 0.198223
v -0.012470 0.123610 0.202943
v -0.013828 0.123201 0.201718
v -0.014310 0.123763 0.202057
v -0.017670 0.123281 0.199252
v -0.018652 0.123028 0.198521
v -0.018551 0.123711 0.199264
v -0.013267 0.122692 0.201684
v -0.014773 0.122666 0.200749
v -0.007813 0.123895 0.206149
v -0.009374 0.123907 0.205171
v -0.009044 0.124267 0.206117
v -0.015710 0.120428 0.199593
v -0.016386 0.122153 0.199513
v -0.014868 0.121880 0.200396
v -0.015689 0.123554 0.200902
v -0.017250 0.123563 0.199913
v -0.017755 0.124111 0.200582
v -0.016704 0.124521 0.205547
v -0.018528 0.124617 0.203193
v -0.019861 0.124515 0.204392
v -0.012670 0.121910 0.201764
v -0.011857 0.122951 0.202694
v -0.009246 0.122630 0.204075
v -0.022566 0.124554 0.199323
v -0.023675 0.124399 0.198313
v -0.023519 0.124645 0.199750
v -0.017257 0.124307 0.201883
v -0.015671 0.124074 0.202071
v -0.012280 0.119695 0.201666
v -0.009031 0.121245 0.203801
v -0.024806 0.123886 0.203921
v -0.026405 0.123538 0.203775
v -0.025798 0.123096 0.204933
v -0.014442 0.124360 0.203865
v -0.016181 0.124321 0.202850
v -0.015947 0.124449 0.203737
v -0.019516 0.124462 0.200401
v -0.019647 0.124645 0.201434
v -0.018432 0.124453 0.201236
v -0.008551 0.123391 0.205148
v -0.016669 0.124522 0.204131
v -0.010437 0.123482 0.203963
v -0.014652 0.124583 0.205271
v -0.012957 0.124549 0.205370
v -0.010042 0.124118 0.205229
v -0.020148 0.123908 0.198735
v -0.019308 0.124091 0.199613
v -0.021378 0.124679 0.201906
v -0.027351 0.123830 0.202784
v -0.010621 0.124303 0.205504
v -0.013467 0.124017 0.203233
v -0.020674 0.124300 0.199302
v -0.021368 0.124640 0.200134
v -0.020775 0.123504 0.197822
v -0.025975 0.124345 0.201861
v -0.017208 0.124497 0.202875
v -0.018278 0.124534 0.202126
v -0.016585 0.123035 0.199824
v -0.024522 0.124603 0.200961
v -0.022859 0.124418 0.203177
v -0.021378 0.122941 0.196965
v -0.022134 0.123593 0.197152
v -0.011425 0.124498 0.205915
v -0.012354 0.124355 0.204678
v -0.011133 0.124058 0.204324
v -0.017530 0.122710 0.198998
v -0.010962 0.114626 0.202537
v -0.015349 0.115919 0.199648
v -0.009116 0.118138 0.203544
v -0.018895 0.121760 0.197890
v -0.020385 0.122415 0.197229
v -0.019869 0.122923 0.197781
v -0.019588 0.123438 0.198391
v -0.018918 0.118781 0.197492
v -0.012431 0.110104 0.201549
v -0.017379 0.109245 0.198384
v -0.014866 0.104197 0.199628
v -0.022610 0.124113 0.204494
v -0.021358 0.124311 0.204689
v -0.007997 0.124225 0.206725
v 0.041174 0.035833 0.188574
v 0.042285 0.036462 0.187139
v 0.041267 0.037770 0.188640
v 0.057790 0.026051 0.163516
v 0.058827 0.022197 0.162297
v 0.060422 0.024851 0.159698
v 0.039795 0.025321 0.191435
v 0.040222 0.022342 0.191378
v 0.041281 0.024582 0.189215
v 0.038737 0.040680 0.192516
v 0.040311 0.039745 0.190002
v 0.039533 0.043476 0.191395
v 0.055822 0.017833 0.168683
v 0.056224 0.016823 0.168857
v 0.057709 0.018193 0.165853
v 0.055071 0.020127 0.168545
v 0.056137 0.022163 0.166462
v 0.053955 0.021241 0.169909
v 0.057950 0.020657 0.164112
v 0.057212 0.020049 0.165476
v 0.057864 0.019635 0.164626
v 0.051192 0.029084 0.173658
v 0.049640 0.032848 0.176204
v 0.048604 0.027595 0.177632
v 0.033842 0.050044 0.200335
v 0.035007 0.048466 0.198565
v 0.035777 0.051156 0.197298
v 0.047077 0.025202 0.180207
v 0.048782 0.025385 0.177547
v 0.031397 0.065286 0.204240
v 0.030321 0.065999 0.205980
v 0.029780 0.063603 0.206795
v 0.059005 0.020447 0.162551
v 0.059680 0.019402 0.161923
v 0.059689 0.020450 0.161261
v 0.032392 0.060398 0.202701
v 0.030692 0.057228 0.205295
v 0.031755 0.058077 0.203731
v 0.032482 0.057890 0.202506
v 0.031719 0.055978 0.203728
v 0.032931 0.119952 0.200551
v 0.032881 0.120160 0.199715
v 0.032433 0.120188 0.200534
v 0.032901 0.119378 0.202952
v 0.033102 0.119532 0.202237
v 0.032551 0.119709 0.202557
v 0.032813 0.119692 0.201645
v 0.033680 0.119799 0.200652
v 0.030445 0.118782 0.206502
v 0.030727 0.117381 0.206100
v 0.031274 0.118289 0.205273
v 0.054465 0.016844 0.171279
v 0.055593 0.015605 0.169819
v 0.051118 0.022552 0.174011
v 0.053247 0.024123 0.170571
v 0.050649 0.025590 0.174452
v 0.046311 0.029854 0.181064
v 0.044187 0.027924 0.184348
v 0.029501 0.102315 0.208173
v 0.027852 0.104286 0.210593
v 0.027412 0.100885 0.211384
v 0.030034 0.105210 0.207386
v 0.042187 0.039169 0.187415
v 0.044028 0.031133 0.184513
v 0.036728 0.049619 0.195845
v 0.036422 0.045981 0.196300
v 0.037526 0.048907 0.194575
v 0.038412 0.042223 0.193077
v 0.028802 0.106846 0.209147
v 0.034448 0.054128 0.199467
v 0.027886 0.119627 0.209391
v 0.028253 0.119411 0.209531
v 0.028193 0.119809 0.209021
v 0.052661 0.021755 0.171889
v 0.033187 0.120369 0.197899
v 0.033336 0.120301 0.198579
v 0.033823 0.120278 0.197578
v 0.053030 0.020240 0.171673
v 0.033703 0.119843 0.199506
v 0.033476 0.120148 0.199117
v 0.033532 0.119637 0.201651
v 0.055330 0.027252 0.167356
v 0.052026 0.020812 0.173132
v 0.042871 0.105857 0.188244
v 0.042230 0.108924 0.189258
v 0.040911 0.107196 0.191129
v 0.031884 0.117261 0.204591
v 0.032306 0.118579 0.203870
v 0.052320 0.018787 0.173440
v 0.051038 0.020509 0.174688
v 0.028597 0.073400 0.208534
v 0.030543 0.073073 0.205795
v 0.030237 0.076013 0.206432
v 0.031588 0.106474 0.205117
v 0.030485 0.107542 0.206705
v 0.044672 0.033439 0.183609
v 0.042753 0.033957 0.186170
v 0.043928 0.037203 0.184810
v 0.046733 0.036374 0.180745
v 0.030090 0.068426 0.206267
v 0.031100 0.067366 0.204513
v 0.035221 0.057537 0.198244
v 0.034152 0.056466 0.199815
v 0.060713 0.019201 0.160333
v 0.060838 0.021167 0.159425
v 0.035930 0.054989 0.197349
v 0.053022 0.027825 0.170777
v 0.033889 0.062954 0.200139
v 0.032797 0.065000 0.202002
v 0.031217 0.119189 0.205298
v 0.031339 0.069883 0.204303
v 0.029678 0.070840 0.206673
v 0.033954 0.120047 0.198638
v 0.025711 0.120119 0.207960
v 0.025038 0.119054 0.208061
v 0.024675 0.119677 0.208490
v 0.028729 0.116239 0.202894
v 0.027407 0.117866 0.204983
v 0.028716 0.119304 0.203038
v 0.034222 0.119419 0.201037
v 0.033549 0.118685 0.202094
v 0.031690 0.115302 0.204851
v 0.046261 0.086463 0.182616
v 0.044658 0.083908 0.185033
v 0.046469 0.082430 0.182150
v 0.032031 0.108839 0.204372
v 0.030880 0.100626 0.206209
v 0.028890 0.099305 0.209148
v 0.041923 0.042871 0.187866
v 0.043455 0.040639 0.185614
v 0.032152 0.119619 0.203367
v 0.031522 0.119617 0.204331
v 0.062961 0.026286 0.155809
v 0.061039 0.028771 0.158689
v 0.044462 0.023765 0.184462
v 0.042259 0.026853 0.187404
v 0.042711 0.023900 0.187222
v 0.033736 0.058067 0.200636
v 0.034504 0.060563 0.199392
v 0.034647 0.119849 0.198347
v 0.034311 0.120173 0.197870
v 0.034578 0.119753 0.199485
v 0.059343 0.028354 0.161275
v 0.034265 0.119792 0.200420
v 0.038976 0.051066 0.192399
v 0.040074 0.054152 0.190976
v 0.038427 0.055456 0.193437
v 0.048279 0.023103 0.178450
v 0.047726 0.021802 0.179663
v 0.032711 0.116685 0.203365
v 0.033160 0.117610 0.202598
v 0.046252 0.022936 0.181716
v 0.049485 0.021540 0.176835
v 0.049222 0.023787 0.176932
v 0.030551 0.093234 0.206424
v 0.029042 0.095682 0.208950
v 0.028801 0.092311 0.209226
v 0.030876 0.096221 0.206107
v 0.054310 0.018867 0.170255
v 0.030239 0.098254 0.207051
v 0.064853 0.015915 0.155360
v 0.065770 0.015588 0.154498
v 0.066577 0.016772 0.152456
v 0.055557 0.016930 0.169672
v 0.047799 0.078990 0.180027
v 0.046926 0.075284 0.181181
v 0.049017 0.076520 0.178105
v 0.031223 0.062755 0.204593
v 0.029715 0.059661 0.206809
v 0.038339 0.036998 0.193134
v 0.036360 0.037658 0.196336
v 0.036532 0.034736 0.195967
v 0.036873 0.054331 0.195767
v 0.037345 0.051687 0.194999
v 0.032104 0.067435 0.203029
v 0.037323 0.041067 0.194688
v 0.036866 0.057210 0.195834
v 0.047066 0.027388 0.179887
v 0.057099 0.016513 0.167361
v 0.035039 0.119983 0.197389
v 0.034736 0.120306 0.196901
v 0.035157 0.120374 0.194935
v 0.034476 0.120342 0.196111
v 0.035246 0.120317 0.195926
v 0.042032 0.035110 0.187381
v 0.041666 0.033982 0.188049
v 0.038432 0.028690 0.193110
v 0.036714 0.028019 0.195701
v 0.038229 0.026256 0.193510
v 0.063112 0.020012 0.156412
v 0.062261 0.020755 0.157360
v 0.062217 0.019151 0.157996
v 0.034709 0.119479 0.200188
v 0.058775 0.019373 0.163457
v 0.033852 0.116448 0.201761
v 0.038784 0.099137 0.194154
v 0.038486 0.102443 0.194566
v 0.037172 0.100658 0.196527
v 0.036061 0.120224 0.195106
v 0.036297 0.120516 0.193415
v 0.039497 0.027502 0.191633
v 0.040022 0.029663 0.190735
v 0.031987 0.076502 0.203790
v 0.031423 0.078843 0.204807
v 0.031706 0.103831 0.204932
v 0.031622 0.098432 0.204979
v 0.041145 0.047151 0.189222
v 0.038545 0.046845 0.192960
v 0.042756 0.045125 0.186833
v 0.054562 0.044066 0.169140
v 0.054147 0.045297 0.169977
v 0.052819 0.044276 0.171857
v 0.032072 0.072357 0.203478
v 0.033656 0.070094 0.201011
v 0.023071 0.119082 0.210222
v 0.024023 0.119672 0.209287
v 0.024136 0.118860 0.209196
v 0.035644 0.063015 0.197816
v 0.042138 0.031078 0.187370
v 0.031521 0.074502 0.204470
v 0.032886 0.074495 0.202260
v 0.035460 0.119785 0.197570
v 0.062495 0.032545 0.156894
v 0.061157 0.031226 0.158809
v 0.034783 0.118328 0.200315
v 0.029199 0.118355 0.208350
v 0.029951 0.116111 0.207397
v 0.056609 0.020110 0.166335
v 0.032221 0.094907 0.203854
v 0.029739 0.089609 0.207808
v 0.031371 0.089755 0.205110
v 0.032670 0.101076 0.203342
v 0.026936 0.111959 0.211890
v 0.027076 0.114617 0.211673
v 0.026128 0.113407 0.213092
v 0.045075 0.040508 0.183385
v 0.040004 0.103885 0.192408
v 0.038152 0.106077 0.195072
v 0.043900 0.043486 0.185170
v 0.043390 0.080288 0.186689
v 0.042619 0.083547 0.187929
v 0.036617 0.060447 0.196291
v 0.050038 0.017206 0.177947
v 0.051137 0.017594 0.175897
v 0.049746 0.018430 0.177667
v 0.035318 0.119719 0.198397
v 0.035768 0.119961 0.196570
v 0.035411 0.119342 0.199320
v 0.045206 0.018957 0.184832
v 0.043955 0.021084 0.186021
v 0.043590 0.018946 0.187507
v 0.062951 0.021218 0.156273
v 0.031135 0.119811 0.203534
v 0.032004 0.120083 0.201316
v 0.056003 0.019604 0.167378
v 0.056931 0.019526 0.166072
v 0.055097 0.017389 0.170015
v 0.058549 0.016264 0.165063
v 0.034279 0.112944 0.201153
v 0.033075 0.114627 0.202790
v 0.036832 0.119884 0.195448
v 0.036937 0.120188 0.194239
v 0.032029 0.120325 0.200385
v 0.028404 0.086121 0.209694
v 0.029409 0.082862 0.208054
v 0.031028 0.086108 0.205816
v 0.029705 0.079480 0.207452
v 0.031072 0.081589 0.205386
v 0.033063 0.055744 0.201594
v 0.031806 0.053737 0.203572
v 0.032253 0.091759 0.203844
v 0.051006 0.038223 0.174427
v 0.048883 0.036437 0.177609
v 0.052147 0.031504 0.172194
v 0.054261 0.032049 0.169156
v 0.052831 0.029990 0.171175
v 0.024504 0.117096 0.208854
v 0.026228 0.115062 0.206610
v 0.024174 0.114465 0.209428
v 0.043954 0.046602 0.185098
v 0.040916 0.051270 0.189627
v 0.033868 0.045546 0.200269
v 0.033376 0.111454 0.196107
v 0.035249 0.109945 0.193495
v 0.031503 0.108729 0.198811
v 0.035116 0.066214 0.198637
v 0.038018 0.043920 0.193770
v 0.031363 0.037103 0.204087
v 0.033036 0.032325 0.201446
v 0.034291 0.036774 0.199511
v 0.035861 0.119386 0.198380
v 0.030228 0.119637 0.206339
v 0.030690 0.119760 0.205133
v 0.053913 0.078301 0.170946
v 0.054184 0.074017 0.170351
v 0.055364 0.075990 0.168833
v 0.032360 0.080562 0.203491
v 0.032926 0.083273 0.202734
v 0.033032 0.106946 0.202896
v 0.033488 0.109711 0.202187
v 0.034835 0.109419 0.200195
v 0.031926 0.119817 0.202436
v 0.049967 0.046494 0.176113
v 0.051111 0.049830 0.174533
v 0.049386 0.049897 0.177052
v 0.042550 0.049832 0.187313
v 0.030956 0.119721 0.204358
v 0.039799 0.056356 0.191528
v 0.057834 0.031887 0.163797
v 0.038627 0.059176 0.193329
v 0.035036 0.074188 0.199227
v 0.036992 0.062934 0.195686
v 0.029659 0.119391 0.207493
v 0.036959 0.065101 0.195884
v 0.036795 0.119502 0.196973
v 0.036142 0.118475 0.198280
v 0.033637 0.078618 0.201354
v 0.033920 0.107844 0.201406
v 0.034420 0.105018 0.200660
v 0.029108 0.119892 0.205889
v 0.029942 0.119764 0.205407
v 0.029594 0.120033 0.204430
v 0.045045 0.017188 0.185631
v 0.031043 0.120404 0.201269
v 0.046178 0.020927 0.182367
v 0.048266 0.018738 0.179918
v 0.032713 0.052357 0.202188
v 0.045453 0.043653 0.182891
v 0.042496 0.112464 0.189025
v 0.043664 0.109065 0.187166
v 0.060007 0.030995 0.160378
v 0.055905 0.055332 0.167464
v 0.054634 0.053835 0.169399
v 0.056225 0.051120 0.167021
v 0.039112 0.063043 0.192628
v 0.023492 0.119769 0.212483
v 0.023936 0.119796 0.213149
v 0.024622 0.119833 0.212197
v 0.037774 0.119637 0.195089
v 0.037309 0.119875 0.194592
v 0.036054 0.119649 0.197708
v 0.050452 0.019391 0.176075
v 0.026116 0.118711 0.206752
v 0.052486 0.016979 0.174179
v 0.037797 0.119913 0.193685
v 0.033383 0.092485 0.202186
v 0.034184 0.095636 0.200887
v 0.053758 0.036761 0.170042
v 0.053547 0.040898 0.170599
v 0.035338 0.041410 0.197946
v 0.063223 0.016191 0.157848
v 0.062909 0.015725 0.158738
v 0.063437 0.015905 0.157466
v 0.033333 0.088503 0.202180
v 0.029476 0.119718 0.207050
v 0.034290 0.099795 0.200864
v 0.060670 0.016015 0.161771
v 0.061975 0.016450 0.159553
v 0.060420 0.016711 0.162133
v 0.042485 0.053478 0.187449
v 0.028883 0.119608 0.208457
v 0.024192 0.119486 0.215355
v 0.024490 0.119468 0.214877
v 0.024100 0.119486 0.214984
v 0.021608 0.111059 0.219501
v 0.021078 0.108838 0.220092
v 0.022846 0.108678 0.217798
v 0.059612 0.033724 0.161225
v 0.031115 0.120121 0.202344
v 0.035254 0.120464 0.193820
v 0.035729 0.120175 0.192793
v 0.035181 0.119610 0.193678
v 0.040901 0.059853 0.189964
v 0.036129 0.073223 0.197549
v 0.036650 0.074713 0.196799
v 0.035766 0.069750 0.197902
v 0.028976 0.119666 0.207653
v 0.027429 0.119409 0.210755
v 0.027787 0.118719 0.210382
v 0.037274 0.068450 0.195689
v 0.034282 0.081957 0.200443
v 0.036050 0.081575 0.197875
v 0.037404 0.119275 0.196062
v 0.056871 0.019307 0.166398
v 0.037044 0.118366 0.196753
v 0.036895 0.115712 0.197221
v 0.035444 0.115771 0.199493
v 0.035970 0.112348 0.198559
v 0.035844 0.101752 0.198473
v 0.036464 0.108205 0.197785
v 0.059725 0.018134 0.162589
v 0.040208 0.036870 0.190213
v 0.049328 0.042362 0.177127
v 0.047057 0.041588 0.180388
v 0.048611 0.039058 0.178181
v 0.045079 0.049857 0.183519
v 0.031559 0.051859 0.204103
v 0.031596 0.048900 0.204024
v 0.041047 0.057027 0.189719
v 0.041715 0.058251 0.188673
v 0.024774 0.109462 0.215167
v 0.023697 0.110696 0.216601
v 0.030021 0.119899 0.201273
v 0.030832 0.120078 0.200206
v 0.030292 0.118582 0.200812
v 0.037395 0.072339 0.195504
v 0.035575 0.071776 0.198266
v 0.036216 0.077521 0.197463
v 0.037365 0.096107 0.196214
v 0.039191 0.096174 0.193304
v 0.037352 0.112643 0.196611
v 0.038673 0.119367 0.194379
v 0.037965 0.117952 0.195404
v 0.036552 0.120303 0.191680
v 0.032037 0.118943 0.198449
v 0.032967 0.116753 0.197045
v 0.030778 0.116087 0.200014
v 0.037875 0.031746 0.193952
v 0.040250 0.033820 0.190245
v 0.035820 0.094738 0.198430
v 0.034940 0.091883 0.199755
v 0.025561 0.119861 0.209832
v 0.026633 0.119875 0.208525
v 0.055896 0.035558 0.166912
v 0.058969 0.035341 0.162162
v 0.057883 0.038703 0.163984
v 0.022964 0.115552 0.210824
v 0.060828 0.033032 0.159290
v 0.038779 0.066800 0.193357
v 0.035819 0.097657 0.198470
v 0.036973 0.110941 0.197153
v 0.037938 0.109814 0.195638
v 0.032140 0.120333 0.199433
v 0.031401 0.120399 0.200199
v 0.051214 0.042549 0.174236
v 0.035915 0.118921 0.192441
v 0.055569 0.039008 0.167402
v 0.030344 0.053159 0.205882
v 0.029233 0.055844 0.207510
v 0.043290 0.057929 0.186358
v 0.047227 0.048275 0.180252
v 0.047606 0.050922 0.179792
v 0.038253 0.076554 0.194211
v 0.039460 0.070244 0.192428
v 0.024764 0.119959 0.209632
v 0.037758 0.079447 0.195204
v 0.038777 0.082924 0.193737
v 0.038693 0.114169 0.194614
v 0.023044 0.117753 0.210475
v 0.034861 0.084881 0.199686
v 0.036258 0.088785 0.197713
v 0.040530 0.026823 0.190084
v 0.027201 0.119068 0.211307
v 0.026871 0.118496 0.211869
v 0.036747 0.103890 0.197180
v 0.052181 0.034011 0.172358
v 0.027907 0.117048 0.210227
v 0.046860 0.045804 0.180838
v 0.045136 0.053858 0.183491
v 0.036938 0.092566 0.196770
v 0.024968 0.119364 0.214577
v 0.025751 0.119433 0.213351
v 0.024976 0.119627 0.213713
v 0.060580 0.036933 0.159847
v 0.040639 0.066940 0.190512
v 0.040093 0.119336 0.192394
v 0.039238 0.119416 0.193413
v 0.039350 0.117725 0.193522
v 0.036868 0.085013 0.196688
v 0.044769 0.065341 0.184237
v 0.046101 0.063214 0.182055
v 0.045668 0.067836 0.182849
v 0.036694 0.102356 0.197318
v 0.036353 0.096055 0.197758
v 0.056301 0.042689 0.166497
v 0.030466 0.119764 0.204361
v 0.051189 0.077878 0.174847
v 0.050379 0.074206 0.176092
v 0.050267 0.043838 0.175753
v 0.024413 0.118600 0.215522
v 0.023407 0.118612 0.217069
v 0.023165 0.116831 0.217374
v 0.024771 0.119607 0.214399
v 0.030270 0.042672 0.205778
v 0.028920 0.040961 0.207928
v 0.031045 0.041041 0.204628
v 0.028251 0.119856 0.207653
v 0.028887 0.119728 0.206885
v 0.055282 0.019041 0.168776
v 0.042454 0.062924 0.187709
v 0.059180 0.017184 0.163911
v 0.039287 0.107377 0.193543
v 0.047409 0.054648 0.179994
v 0.049379 0.052491 0.177130
v 0.059605 0.041930 0.161453
v 0.021184 0.113478 0.219979
v 0.020889 0.116266 0.220452
v 0.019221 0.113599 0.222329
v 0.057617 0.068369 0.165287
v 0.055930 0.071352 0.167873
v 0.055219 0.067742 0.168775
v 0.039281 0.079603 0.192745
v 0.025489 0.119512 0.212966
v 0.047760 0.092216 0.180450
v 0.046293 0.093565 0.182557
v 0.047383 0.089919 0.181050
v 0.051101 0.067473 0.174828
v 0.052715 0.069259 0.172464
v 0.050209 0.070692 0.176124
v 0.030460 0.120146 0.203305
v 0.040109 0.074451 0.191427
v 0.040667 0.114969 0.191669
v 0.048167 0.086950 0.179852
v 0.039613 0.110223 0.193185
v 0.058265 0.043479 0.163594
v 0.044796 0.060798 0.184009
v 0.044381 0.063294 0.184703
v 0.045196 0.058541 0.183480
v 0.045915 0.056982 0.182341
v 0.049769 0.056618 0.176643
v 0.024683 0.114337 0.215135
v 0.022732 0.114699 0.217936
v 0.023020 0.112322 0.217505
v 0.042999 0.067897 0.186918
v 0.043745 0.064861 0.185666
v 0.038619 0.087166 0.194012
v 0.038698 0.093486 0.194047
v 0.039864 0.112456 0.192778
v 0.052957 0.047206 0.171771
v 0.046344 0.059564 0.181649
v 0.047491 0.057677 0.179891
v 0.057750 0.057466 0.164872
v 0.055264 0.059473 0.168572
v 0.040779 0.078045 0.190512
v 0.042560 0.076026 0.187621
v 0.062066 0.022720 0.157273
v 0.040999 0.081161 0.190254
v 0.051271 0.053046 0.174316
v 0.053559 0.050941 0.170882
v 0.057556 0.045331 0.164775
v 0.044801 0.073045 0.184225
v 0.041755 0.072253 0.188836
v 0.040919 0.111033 0.191212
v 0.063535 0.022357 0.155071
v 0.050202 0.088445 0.176924
v 0.048942 0.091453 0.178632
v 0.039755 0.085110 0.192328
v 0.040347 0.086903 0.191428
v 0.059089 0.047681 0.162654
v 0.055667 0.046840 0.167676
v 0.022670 0.119891 0.215520
v 0.022168 0.119717 0.216193
v 0.022562 0.119517 0.216327
v 0.040549 0.118035 0.191835
v 0.052688 0.055872 0.172309
v 0.040782 0.084219 0.190759
v 0.052872 0.072382 0.172317
v 0.052095 0.074885 0.173398
v 0.051389 0.072154 0.174294
v 0.027680 0.108951 0.210816
v 0.026138 0.106138 0.213187
v 0.027487 0.106642 0.211045
v 0.041716 0.103496 0.189805
v 0.021559 0.119331 0.219492
v 0.022266 0.118423 0.218664
v 0.022287 0.119581 0.218009
v 0.037323 0.024418 0.195144
v 0.035383 0.025039 0.197955
v 0.043796 0.096732 0.186526
v 0.041605 0.100073 0.189986
v 0.041733 0.095604 0.189545
v 0.033926 0.120361 0.196873
v 0.043714 0.086031 0.186399
v 0.044198 0.089483 0.185720
v 0.042220 0.087238 0.188753
v 0.057012 0.063458 0.166018
v 0.028198 0.119738 0.208411
v 0.023300 0.119781 0.213553
v 0.022951 0.119819 0.214468
v 0.023769 0.119720 0.213972
v 0.040282 0.097590 0.191770
v 0.037547 0.120531 0.191493
v 0.037893 0.120618 0.190652
v 0.037298 0.120687 0.190989
v 0.047996 0.065809 0.179387
v 0.046276 0.098654 0.182877
v 0.023074 0.119535 0.216151
v 0.023795 0.119335 0.215929
v 0.023457 0.119514 0.215048
v 0.029532 0.119734 0.206372
v 0.040320 0.094486 0.191643
v 0.032551 0.040079 0.202302
v 0.033583 0.041365 0.200618
v 0.027527 0.119742 0.208314
v 0.027509 0.120037 0.207594
v 0.041261 0.093044 0.190175
v 0.040355 0.090508 0.191449
v 0.052850 0.061447 0.172201
v 0.051451 0.058543 0.174158
v 0.025368 0.118783 0.214086
v 0.044996 0.086765 0.184491
v 0.024946 0.119938 0.211125
v 0.025486 0.119708 0.211255
v 0.028619 0.119766 0.208055
v 0.042570 0.092274 0.188294
v 0.054151 0.071223 0.170453
v 0.043232 0.102086 0.187585
v 0.059120 0.053058 0.162753
v 0.057594 0.053129 0.164960
v 0.054475 0.056517 0.169712
v 0.053826 0.058433 0.170611
v 0.038177 0.090581 0.194804
v 0.021959 0.115493 0.219045
v 0.025535 0.111942 0.213979
v 0.024278 0.111800 0.215741
v 0.023038 0.119319 0.217299
v 0.022669 0.119489 0.216893
v 0.045345 0.077540 0.183631
v 0.045604 0.075418 0.183247
v 0.037254 0.120303 0.193143
v 0.048380 0.061036 0.178619
v 0.050466 0.060378 0.175559
v 0.050497 0.064177 0.175681
v 0.041604 0.118000 0.190296
v 0.044263 0.104444 0.186067
v 0.043946 0.106634 0.186571
v 0.042292 0.116032 0.189390
v 0.047652 0.070468 0.180051
v 0.049586 0.067723 0.177141
v 0.024196 0.119460 0.214204
v 0.024477 0.119542 0.214432
v 0.044236 0.092900 0.185796
v 0.027422 0.119497 0.205065
v 0.027981 0.120194 0.204396
v 0.052414 0.065818 0.172951
v 0.022168 0.119499 0.216907
v 0.049391 0.083566 0.177814
v 0.051374 0.082245 0.174923
v 0.051563 0.086319 0.174760
v 0.045749 0.089192 0.183341
v 0.029285 0.109275 0.208369
v 0.048793 0.073201 0.178529
v 0.045029 0.101181 0.184924
v 0.054955 0.063951 0.169150
v 0.053727 0.065751 0.170928
v 0.048815 0.097257 0.179167
v 0.048463 0.094092 0.179470
v 0.049911 0.094506 0.177311
v 0.038447 0.119884 0.192832
v 0.038743 0.120009 0.192063
v 0.037993 0.120272 0.192341
v 0.029010 0.049397 0.208024
v 0.056145 0.073933 0.167600
v 0.041305 0.069564 0.189577
v 0.045895 0.104290 0.183759
v 0.045078 0.107175 0.184978
v 0.059874 0.055879 0.161572
v 0.059358 0.060484 0.162454
v 0.022383 0.119546 0.213623
v 0.021036 0.119549 0.215110
v 0.022170 0.119698 0.214886
v 0.030478 0.120353 0.202615
v 0.029891 0.120400 0.202978
v 0.026155 0.109740 0.213098
v 0.031619 0.043562 0.203788
v 0.027678 0.113275 0.204506
v 0.020690 0.119705 0.218047
v 0.021617 0.119603 0.217617
v 0.021441 0.119745 0.216630
v 0.030520 0.113447 0.206601
v 0.028887 0.114668 0.208881
v 0.028847 0.111900 0.209055
v 0.039678 0.057723 0.191867
v 0.040861 0.062036 0.190129
v 0.032302 0.112125 0.203882
v 0.049748 0.079884 0.177117
v 0.030760 0.110391 0.206277
v 0.046421 0.101621 0.182737
v 0.021407 0.119703 0.218586
v 0.027024 0.119598 0.209801
v 0.026859 0.119620 0.210733
v 0.027498 0.119635 0.209922
v 0.050572 0.092060 0.176365
v 0.021898 0.119725 0.215627
v 0.052004 0.090884 0.174146
v 0.032981 0.098052 0.202821
v 0.061463 0.017620 0.159917
v 0.052812 0.081108 0.172690
v 0.028084 0.120112 0.206487
v 0.059445 0.065183 0.162330
v 0.050085 0.015551 0.178121
v 0.050439 0.016212 0.177859
v 0.048441 0.016262 0.180738
v 0.039974 0.100540 0.192405
v 0.054143 0.082010 0.170906
v 0.053278 0.084504 0.172097
v 0.020029 0.119561 0.217014
v 0.047807 0.100431 0.180658
v 0.029711 0.114313 0.201403
v 0.030686 0.112851 0.200100
v 0.038672 0.119749 0.193365
v 0.024166 0.105644 0.216095
v 0.025662 0.117369 0.213612
v 0.020723 0.118347 0.220716
v 0.027023 0.120175 0.207309
v 0.035425 0.031733 0.197688
v 0.026365 0.119681 0.210080
v 0.064119 0.018812 0.155502
v 0.064751 0.019559 0.154161
v 0.063770 0.020413 0.155080
v 0.033428 0.120378 0.197344
v 0.024223 0.119855 0.209572
v 0.024696 0.120025 0.208902
v 0.028906 0.120275 0.203991
v 0.033355 0.120236 0.196778
v 0.032793 0.120046 0.197534
v 0.027006 0.119665 0.209113
v 0.026999 0.120186 0.206086
v 0.029660 0.045254 0.206874
v 0.027633 0.119628 0.209065
v 0.051420 0.016556 0.176010
v 0.067995 0.016012 0.150806
v 0.036779 0.118953 0.190934
v 0.028696 0.120082 0.205186
v 0.065660 0.018687 0.153068
v 0.064914 0.017409 0.154857
v 0.030457 0.120354 0.202132
v 0.026645 0.119436 0.212007
v 0.026138 0.118800 0.213061
v 0.064189 0.016263 0.156184
v 0.024471 0.119653 0.213315
v 0.028112 0.120216 0.205280
v 0.036582 0.114147 0.191022
v 0.034472 0.114373 0.194520
v 0.035751 0.116783 0.192464
v 0.024435 0.119304 0.215370
v 0.052535 0.015953 0.174522
v 0.033312 0.119223 0.196627
v 0.034557 0.118309 0.194546
v 0.038728 0.024028 0.193054
v 0.036967 0.117236 0.190496
v 0.036393 0.118032 0.191460
v 0.034624 0.119876 0.194628
v 0.034009 0.119580 0.195589
v 0.034177 0.120283 0.195622
v 0.033661 0.120027 0.196182
v 0.033836 0.120407 0.196312
v 0.034340 0.028330 0.199354
v 0.032343 0.113561 0.197757
v 0.025920 0.119548 0.212484
v 0.028612 0.105236 0.203115
v 0.027140 0.101453 0.205391
v 0.025745 0.104944 0.207593
v 0.029758 0.120475 0.202021
v 0.030554 0.120481 0.200841
v 0.038499 0.120351 0.191265
v 0.039518 0.119955 0.191491
v 0.031425 0.120450 0.199578
v 0.021308 0.119487 0.213656
v 0.020687 0.119584 0.214187
v 0.038388 0.021461 0.194360
v 0.031450 0.119916 0.199305
v 0.023473 0.119811 0.210067
v 0.025280 0.119492 0.212488
v 0.026846 0.109884 0.205768
v 0.029011 0.111989 0.202434
v 0.028995 0.108871 0.202504
v 0.034397 0.103964 0.194702
v 0.031079 0.102115 0.199371
v 0.020074 0.111065 0.221450
v 0.043377 0.022562 0.186474
v 0.024703 0.119958 0.210613
v 0.024292 0.119854 0.210545
v 0.023600 0.103570 0.211259
v 0.025224 0.100405 0.208425
v 0.028001 0.098936 0.204051
v 0.026616 0.099257 0.206236
v 0.023224 0.100044 0.211660
v 0.024078 0.097598 0.210069
v 0.026209 0.096858 0.206577
v 0.021901 0.091838 0.213282
v 0.024240 0.094192 0.209491
v 0.024745 0.089616 0.208658
v 0.032349 0.120246 0.198411
v 0.020026 0.119564 0.214794
v 0.020268 0.119477 0.213924
v 0.019925 0.118664 0.214325
v 0.049074 0.019865 0.178008
v 0.063281 0.017199 0.157297
v 0.027519 0.092444 0.204495
v 0.026092 0.119579 0.211528
v 0.028766 0.120314 0.203147
v 0.028909 0.096468 0.202610
v 0.017926 0.110559 0.223556
v 0.023218 0.086887 0.211338
v 0.028924 0.101312 0.202724
v 0.060119 0.015653 0.163161
v 0.029618 0.099228 0.201618
v 0.047806 0.017369 0.181393
v 0.049106 0.016913 0.179638
v 0.029317 0.120499 0.202953
v 0.019493 0.119592 0.216173
v 0.042257 0.021655 0.188542
v 0.046655 0.016155 0.183355
v 0.046747 0.017167 0.183143
v 0.029927 0.117191 0.201184
v 0.045681 0.019824 0.183638
v 0.045032 0.020796 0.184337
v 0.046664 0.018628 0.182692
v 0.048016 0.015674 0.181174
v 0.023320 0.109082 0.211220
v 0.024679 0.111522 0.208998
v 0.024932 0.108234 0.208806
v 0.024115 0.106223 0.210234
v 0.023040 0.112466 0.211229
v 0.023877 0.119750 0.210368
v 0.019059 0.118809 0.215710
v 0.037503 0.120224 0.190140
v 0.041003 0.119166 0.191091
v 0.037119 0.120491 0.192360
v 0.039142 0.119816 0.192614
v 0.040444 0.119794 0.191148
v 0.014680 0.123884 0.228005
v 0.014994 0.124184 0.226913
v 0.014633 0.124413 0.227239
v 0.014531 0.124714 0.224716
v 0.014490 0.124494 0.225489
v 0.014766 0.124317 0.224958
v 0.015352 0.123580 0.225205
v 0.015400 0.123658 0.226283
v 0.015509 0.123137 0.225661
v 0.014557 0.124799 0.223322
v 0.013754 0.124881 0.224636
v 0.015610 0.122911 0.226514
v 0.015159 0.123286 0.227431
v 0.015280 0.122508 0.227216
v 0.013024 0.124496 0.227793
v 0.011898 0.124466 0.227044
v 0.012257 0.124082 0.228319
v 0.013839 0.124495 0.227762
v 0.013454 0.124792 0.226885
v 0.014039 0.124644 0.227148
v 0.012712 0.123549 0.229292
v 0.013218 0.124244 0.228946
v 0.014331 0.124645 0.226487
v 0.014913 0.121895 0.227295
v 0.014602 0.122304 0.227827
v 0.014701 0.121154 0.228062
v 0.014394 0.123524 0.229169
v 0.014380 0.123337 0.228637
v 0.014173 0.124121 0.228847
v 0.014311 0.124249 0.228332
v 0.013743 0.124286 0.228519
v 0.014322 0.124457 0.227515
v 0.011921 0.124988 0.224833
v 0.012927 0.124971 0.225073
v 0.012903 0.125069 0.223645
v 0.014405 0.122947 0.228254
v 0.015052 0.124479 0.224180
v 0.013586 0.124882 0.225767
v 0.012941 0.124881 0.226013
v 0.012372 0.124894 0.225743
v 0.012533 0.124745 0.226651
v 0.014124 0.124705 0.225408
v 0.014959 0.124188 0.225726
v 0.015041 0.123938 0.224636
v 0.015386 0.123140 0.223447
v 0.015420 0.122793 0.224722
v 0.015196 0.122245 0.223709
v 0.015203 0.120651 0.224938
v 0.015087 0.121593 0.225296
v 0.015011 0.120614 0.225520
v 0.015264 0.122121 0.226509
v 0.015386 0.122516 0.225725
v 0.015606 0.120542 0.224278
v 0.015215 0.121279 0.224035
v 0.015244 0.121799 0.222760
v 0.015384 0.122823 0.222389
v 0.014937 0.121229 0.226860
v 0.013892 0.124065 0.229084
v 0.016102 0.120459 0.223691
v 0.015440 0.120889 0.223237
v 0.015661 0.123156 0.221459
v 0.015650 0.122342 0.221548
v 0.014821 0.120027 0.227530
v 0.015529 0.121180 0.222051
v 0.015808 0.121507 0.220799
v 0.015346 0.123471 0.224287
v 0.015315 0.123880 0.223573
v 0.015341 0.123578 0.222589
v 0.015222 0.124474 0.223445
v 0.012160 0.125173 0.222240
v 0.013697 0.124970 0.221937
v 0.015317 0.124245 0.222731
v 0.015260 0.120846 0.219399
v 0.013879 0.120834 0.218701
v 0.014986 0.121793 0.219371
v 0.015545 0.123481 0.221854
v 0.015440 0.123906 0.221965
v 0.015120 0.124507 0.221560
v 0.015622 0.123246 0.220535
v 0.015598 0.123728 0.221378
v 0.014882 0.120425 0.226272
v 0.011025 0.125060 0.219706
v 0.011496 0.125229 0.221035
v 0.012856 0.125008 0.220689
v 0.012668 0.125125 0.221491
v 0.014198 0.124787 0.220716
v 0.012202 0.124534 0.218936
v 0.012946 0.124079 0.218910
v 0.011212 0.124176 0.218009
v 0.011733 0.123306 0.217822
v 0.012415 0.124781 0.219600
v 0.010648 0.124740 0.218498
v 0.015829 0.120344 0.221518
v 0.016034 0.119818 0.220504
v 0.015874 0.121009 0.219869
v 0.013484 0.124733 0.220078
v 0.013976 0.124359 0.219750
v 0.014080 0.123024 0.219095
v 0.015499 0.122313 0.219787
v 0.014881 0.124199 0.220168
v 0.013167 0.124533 0.219527
v 0.009529 0.123561 0.216543
v 0.016020 0.119690 0.224469
v 0.015433 0.119970 0.224892
v 0.015435 0.119277 0.225132
v 0.009270 0.124396 0.217125
v 0.011535 0.121419 0.217294
v 0.015160 0.119793 0.225585
v 0.015776 0.120363 0.222639
v 0.046655 0.016155 0.183355
v 0.045259 0.016054 0.185541
v 0.040100 0.019893 0.192440
v 0.038755 0.018392 0.194893
v 0.040602 0.017721 0.192398
v 0.040222 0.022342 0.191378
v 0.038388 0.021461 0.194360
v 0.045045 0.017188 0.185631
v 0.043090 0.016737 0.188724
v 0.043590 0.018946 0.187507
v 0.041757 0.019060 0.190126
v 0.042257 0.021655 0.188542
v 0.041113 0.020681 0.190638
v 0.039350 0.016314 0.194326
v 0.040566 0.015518 0.192519
v 0.040995 0.016279 0.191953
v 0.041858 0.015615 0.190648
v 0.044641 0.015570 0.186397
v 0.037364 0.019618 0.196373
v 0.034330 0.020389 0.200742
v 0.035851 0.019239 0.198922
v 0.034409 0.022406 0.200085
v 0.036434 0.022034 0.197001
v 0.037291 0.017965 0.197189
v 0.033716 0.025726 0.200517
v 0.035383 0.025039 0.197955
v 0.034340 0.028330 0.199354
v 0.032027 0.023903 0.203476
v 0.037323 0.024418 0.195144
v 0.032037 0.028098 0.202931
v 0.028920 0.040961 0.207928
v 0.028377 0.035441 0.208596
v 0.031363 0.037103 0.204087
v 0.033128 0.021006 0.202492
v 0.029984 0.029658 0.206011
v 0.030142 0.025907 0.205913
v 0.028909 0.031575 0.207593
v 0.030637 0.033004 0.205023
v 0.031518 0.020694 0.205201
v 0.031487 0.030797 0.203638
v 0.032676 0.019262 0.203771
v 0.034058 0.018604 0.201868
v 0.035199 0.016916 0.200609
v 0.033894 0.016779 0.202642
v 0.037956 0.016802 0.196525
v 0.033036 0.032325 0.201446
v 0.036700 0.016752 0.198341
v 0.033571 0.015541 0.203125
v 0.034588 0.015724 0.201553
v 0.033124 0.017843 0.203658
v -0.008518 0.015767 0.194015
v -0.012262 0.015784 0.193710
v -0.010757 0.016077 0.196516
v -0.011102 0.015720 0.189860
v -0.005831 0.015793 0.190391
v -0.008228 0.015715 0.186721
v -0.005340 0.015754 0.185867
v -0.002164 0.015788 0.183971
v -0.007461 0.015733 0.183074
v -0.012253 0.015879 0.181607
v -0.010330 0.015738 0.184152
v -0.005126 0.015757 0.179852
v -0.000666 0.015706 0.177748
v -0.005062 0.015818 0.175726
v -0.009458 0.015917 0.178455
v -0.002582 0.027388 0.206482
v -0.000189 0.024751 0.208170
v -0.003259 0.025435 0.206269
v -0.006915 0.025859 0.204183
v -0.000911 0.015518 0.170313
v 0.001790 0.027307 0.209316
v -0.005766 0.030274 0.204294
v -0.004082 0.034757 0.204766
v -0.001350 0.030637 0.206889
v -0.009451 0.015912 0.174213
v -0.004144 0.015664 0.171860
v -0.001831 0.015680 0.173745
v 0.004871 0.015569 0.171724
v 0.002496 0.015552 0.169469
v 0.001448 0.015658 0.173277
v -0.005351 0.015749 0.187728
v -0.006711 0.015782 0.173277
v 0.002061 0.015772 0.181429
v 0.006361 0.015832 0.179000
v 0.003760 0.015650 0.176182
v -0.007537 0.015689 0.170677
v 0.001236 0.034784 0.208022
v -0.003498 0.015867 0.187725
v 0.000275 0.016102 0.189724
v 0.002195 0.016295 0.195700
v 0.004634 0.016272 0.192682
v 0.009723 0.016106 0.182835
v 0.007784 0.015967 0.181629
v 0.007495 0.015991 0.184037
v 0.005515 0.016195 0.189163
v 0.004522 0.015977 0.184856
v 0.009805 0.016040 0.185242
v -0.006778 0.023072 0.204262
v -0.007781 0.021136 0.203603
v -0.010252 0.022902 0.202531
v 0.007097 0.016043 0.186592
v 0.006770 0.015541 0.169573
v 0.009352 0.016134 0.188457
v 0.008254 0.016265 0.191810
v 0.006552 0.016285 0.194788
v 0.008067 0.015654 0.173744
v 0.001070 0.015953 0.185102
v -0.003808 0.016107 0.195672
v -0.010677 0.020124 0.201982
v -0.007987 0.016101 0.196603
v -0.006612 0.016282 0.198046
v -0.004172 0.016389 0.199608
v 0.000413 0.016322 0.199857
v -0.008828 0.016325 0.198113
v -0.009479 0.016601 0.199221
v -0.010922 0.016384 0.198292
v -0.010677 0.016834 0.199664
v -0.007299 0.016668 0.199796
v -0.005129 0.016811 0.201166
v -0.005560 0.018448 0.203966
v -0.004113 0.019104 0.205194
v -0.003790 0.018336 0.204901
v 0.013466 0.016152 0.183456
v -0.004478 0.017601 0.203709
v -0.003030 0.017766 0.204689
v -0.002159 0.017195 0.204135
v -0.001827 0.016644 0.202332
v -0.009034 0.016939 0.200089
v 0.006608 0.016220 0.198723
v 0.004295 0.016212 0.201998
v 0.009255 0.015536 0.169710
v 0.010289 0.015899 0.177146
v 0.011994 0.015793 0.174314
v 0.011636 0.015576 0.171219
v 0.015710 0.015616 0.172795
v 0.014998 0.015915 0.176886
v 0.001763 0.016400 0.203243
v 0.011434 0.016084 0.179914
v 0.008645 0.015974 0.179370
v -0.006623 0.017075 0.201556
v -0.004438 0.017080 0.202628
v -0.008094 0.017108 0.201016
v 0.000371 0.016743 0.204442
v 0.000606 0.017078 0.205820
v 0.000049 0.022634 0.208257
v -0.003412 0.023593 0.206187
v -0.009711 0.017517 0.201041
v -0.011426 0.017453 0.200399
v -0.007935 0.017750 0.202203
v -0.004672 0.021514 0.205363
v -0.006253 0.017565 0.202863
v -0.007809 0.019172 0.203149
v -0.009463 0.018621 0.202077
v -0.011137 0.018465 0.201165
v -0.002447 0.018764 0.206055
v -0.004461 0.017969 0.204242
v 0.002995 0.016640 0.205706
v 0.005229 0.016299 0.204397
v -0.002816 0.019962 0.206243
v -0.000077 0.018304 0.207168
v -0.001084 0.018207 0.206449
v -0.000896 0.018947 0.206978
v -0.001518 0.021462 0.207222
v -0.005583 0.019957 0.204593
v -0.001186 0.017631 0.205632
v 0.000932 0.018474 0.207704
v 0.000267 0.017763 0.206764
v 0.002198 0.017427 0.207235
v 0.001721 0.020859 0.209070
v 0.002284 0.019095 0.208834
v 0.000050 0.019801 0.207898
v -0.002417 0.018076 0.205572
v -0.007079 0.018156 0.203122
v -0.049028 0.015556 0.145661
v -0.051978 0.015664 0.145573
v -0.054427 0.015530 0.142174
v -0.060649 0.015581 0.143377
v -0.060297 0.015530 0.140226
v -0.063617 0.015517 0.139363
v -0.063237 0.015670 0.146344
v -0.065847 0.015591 0.145100
v -0.066095 0.015511 0.142207
v -0.077007 0.016004 0.156437
v -0.076522 0.015856 0.153116
v -0.079897 0.015989 0.154774
v -0.074789 0.015922 0.156614
v -0.067314 0.015685 0.153105
v -0.066918 0.015886 0.158860
v -0.063516 0.015806 0.156443
v -0.045098 0.015506 0.151646
v -0.047066 0.015614 0.154729
v -0.047723 0.015619 0.151906
v -0.049484 0.015700 0.149256
v -0.050905 0.015558 0.158388
v -0.052147 0.015555 0.156484
v -0.052179 0.015572 0.159675
v -0.047161 0.015582 0.158442
v -0.049587 0.015608 0.156988
v -0.050179 0.015651 0.160797
v -0.032237 0.015522 0.166160
v -0.072531 0.015796 0.155284
v -0.047792 0.015636 0.162073
v -0.070045 0.015834 0.157232
v -0.050081 0.015647 0.153298
v -0.055864 0.015752 0.146463
v -0.053007 0.015769 0.147960
v -0.036510 0.015548 0.150512
v -0.028845 0.015542 0.166184
v -0.034548 0.015544 0.167943
v -0.089118 0.015761 0.147732
v -0.087831 0.016078 0.150035
v -0.086202 0.015777 0.149508
v -0.065393 0.015672 0.148425
v -0.054265 0.015759 0.151354
v -0.086703 0.016294 0.151634
v -0.085730 0.016394 0.152758
v -0.084523 0.016132 0.152530
v -0.069509 0.015685 0.148390
v -0.057683 0.015724 0.153274
v -0.060989 0.015725 0.149786
v -0.060410 0.015752 0.154434
v -0.037098 0.015510 0.154724
v -0.033564 0.015638 0.153526
v -0.085660 0.015947 0.150905
v -0.083567 0.015789 0.151344
v -0.078210 0.015713 0.149541
v -0.078042 0.015554 0.146659
v -0.081012 0.015631 0.150477
v -0.082587 0.016095 0.153904
v -0.033997 0.015518 0.156408
v -0.063274 0.015795 0.153506
v -0.030198 0.015633 0.169599
v -0.057497 0.015682 0.155960
v -0.059530 0.015730 0.158253
v -0.072209 0.015804 0.151647
v -0.046652 0.015511 0.165431
v -0.050592 0.015667 0.164724
v -0.050822 0.015520 0.157564
v -0.055192 0.015610 0.155279
v -0.055441 0.015588 0.158768
v -0.053296 0.015624 0.162221
v -0.034932 0.015625 0.171384
v -0.072605 0.015905 0.158323
v -0.057441 0.015605 0.162387
v -0.062831 0.015766 0.161049
v -0.074450 0.015724 0.148267
v -0.084905 0.016610 0.153575
v -0.086057 0.016897 0.153113
v -0.085728 0.017708 0.153562
v -0.087148 0.017533 0.152631
v -0.085531 0.016501 0.153277
v -0.086723 0.016730 0.152504
v -0.087795 0.016934 0.152052
v 0.027299 0.038784 0.210370
v 0.028377 0.035441 0.208596
v 0.028920 0.040961 0.207928
v 0.019593 0.015621 0.223481
v 0.027970 0.015866 0.211350
v 0.029510 0.016432 0.209111
v 0.019629 0.019261 0.222037
v 0.020430 0.019826 0.220999
v 0.019564 0.020384 0.221602
v 0.032449 0.015504 0.204778
v 0.032792 0.016531 0.204411
v 0.031381 0.016487 0.206458
v 0.028136 0.017924 0.211018
v 0.026530 0.015953 0.213621
v 0.018291 0.018178 0.223613
v 0.018808 0.017857 0.223390
v 0.018531 0.018529 0.223125
v 0.033571 0.015541 0.203125
v 0.033894 0.016779 0.202642
v 0.019131 0.018579 0.222664
v 0.025534 0.017949 0.214690
v 0.031518 0.020694 0.205201
v 0.031942 0.018116 0.205325
v 0.032676 0.019262 0.203771
v 0.025577 0.036930 0.212865
v 0.017706 0.018711 0.223463
v 0.027221 0.031030 0.210228
v 0.028909 0.031575 0.207593
v 0.026971 0.021177 0.211820
v 0.026792 0.024740 0.211158
v 0.025888 0.023299 0.212732
v 0.023707 0.016262 0.217534
v 0.024754 0.015665 0.216014
v 0.019973 0.017533 0.222397
v 0.018709 0.016632 0.224107
v 0.029984 0.029658 0.206011
v 0.028251 0.029385 0.208648
v 0.023419 0.021552 0.216819
v 0.025070 0.022125 0.214297
v 0.024795 0.025434 0.213960
v 0.030285 0.022600 0.206515
v 0.029196 0.020744 0.208784
v 0.030294 0.020586 0.207122
v 0.028592 0.023720 0.208808
v 0.028448 0.026753 0.208482
v 0.022462 0.019141 0.218664
v 0.023647 0.018339 0.217262
v 0.022937 0.024944 0.216854
v 0.021480 0.023919 0.219009
v 0.024524 0.019609 0.215702
v 0.023197 0.030389 0.216286
v 0.024320 0.028861 0.214507
v 0.025451 0.032197 0.213032
v 0.021292 0.018448 0.220447
v 0.026744 0.027633 0.210894
v 0.020286 0.021711 0.220674
v 0.021544 0.020758 0.219459
v 0.025333 0.020164 0.214390
v 0.025635 0.028885 0.212592
v 0.021129 0.017166 0.221143
v 0.024680 0.020719 0.215275
v 0.030357 0.018573 0.207614
v 0.033124 0.017843 0.203658
v 0.020928 0.015976 0.221695
v 0.017095 0.015849 0.225369
v 0.016441 0.016119 0.225636
v 0.030142 0.025907 0.205913
v 0.018743 0.019555 0.222542
v 0.022158 0.016951 0.219792
v 0.018059 0.017539 0.224158
v 0.017610 0.016524 0.224896
v 0.016841 0.016567 0.225217
v 0.023335 0.027297 0.216086
v 0.022074 0.027170 0.217929
v 0.032027 0.023903 0.203476
v 0.001334 0.124864 0.214532
v 0.003733 0.124668 0.214912
v 0.002201 0.124474 0.213468
v -0.003719 0.124358 0.209659
v -0.002935 0.124411 0.210547
v -0.002605 0.123927 0.209405
v 0.007325 0.123381 0.214884
v 0.007640 0.124171 0.215855
v 0.009529 0.123561 0.216543
v -0.003687 0.122940 0.207699
v -0.002789 0.123300 0.208505
v -0.002256 0.122647 0.208347
v -0.001174 0.104636 0.207888
v -0.001572 0.109479 0.207803
v 0.001893 0.107980 0.209767
v 0.003504 0.123178 0.212216
v 0.005694 0.122879 0.213372
v 0.004281 0.121698 0.212073
v 0.006164 0.112769 0.212792
v 0.002351 0.111422 0.210348
v 0.002119 0.114984 0.210444
v -0.001730 0.123194 0.209039
v -0.000711 0.122468 0.209264
v 0.006791 0.121490 0.213771
v 0.007067 0.122591 0.214285
v 0.009924 0.112652 0.215279
v 0.008372 0.116522 0.214561
v 0.000216 0.124596 0.212597
v 0.001350 0.124424 0.212702
v 0.000950 0.124252 0.212178
v 0.003830 0.124270 0.213810
v 0.003900 0.123829 0.213057
v 0.002982 0.124111 0.213081
v -0.001467 0.124648 0.216960
v 0.000135 0.124618 0.218106
v -0.000078 0.124836 0.216600
v -0.005163 0.121209 0.206092
v -0.002269 0.121738 0.207966
v -0.002407 0.120372 0.207656
v -0.000463 0.124111 0.219450
v -0.002060 0.123916 0.218899
v -0.001606 0.123591 0.219709
v -0.005554 0.106862 0.205402
v -0.009708 0.105284 0.202896
v -0.008589 0.109142 0.203827
v 0.000828 0.121961 0.210020
v 0.000704 0.122850 0.210395
v 0.002236 0.122385 0.210969
v -0.004832 0.122564 0.206777
v -0.005077 0.123318 0.207193
v 0.002057 0.124159 0.212452
v -0.006448 0.102317 0.204677
v 0.005902 0.123615 0.214069
v -0.001373 0.124816 0.213107
v -0.000825 0.124947 0.214752
v 0.002276 0.118012 0.210482
v 0.000144 0.117222 0.209149
v -0.003132 0.124880 0.213172
v 0.004847 0.116342 0.212151
v 0.001868 0.123234 0.211297
v -0.000801 0.124497 0.218093
v -0.001806 0.124318 0.218002
v -0.006229 0.123852 0.206971
v -0.006654 0.123077 0.205940
v 0.001703 0.124633 0.219525
v -0.009116 0.118138 0.203544
v -0.004803 0.118950 0.206047
v -0.005681 0.115884 0.205483
v 0.005066 0.124927 0.216573
v 0.003087 0.124888 0.215863
v -0.000637 0.124269 0.211498
v -0.001563 0.124512 0.211795
v -0.001611 0.113961 0.207956
v 0.011891 0.112204 0.216579
v 0.012256 0.114737 0.217131
v -0.006967 0.122188 0.205235
v -0.009246 0.122630 0.204075
v -0.008700 0.115706 0.203819
v -0.002475 0.117814 0.207453
v -0.001590 0.124136 0.210627
v -0.010144 0.100590 0.202296
v -0.014866 0.104197 0.199628
v -0.003292 0.124752 0.211669
v 0.003001 0.123758 0.212574
v -0.000197 0.119370 0.208959
v -0.000380 0.121198 0.209086
v 0.002069 0.120739 0.210477
v -0.003548 0.122272 0.207388
v 0.006583 0.123896 0.214875
v 0.001818 0.124864 0.218055
v 0.003815 0.125045 0.218127
v 0.001843 0.124942 0.216442
v 0.007878 0.124564 0.216499
v 0.009270 0.124396 0.217125
v -0.010962 0.114626 0.202537
v -0.000490 0.123873 0.210886
v -0.000754 0.123421 0.210080
v 0.007803 0.119716 0.214312
v 0.009035 0.121272 0.215511
v 0.009712 0.119587 0.215767
v 0.000179 0.124282 0.211811
v 0.000608 0.124017 0.211522
v -0.003223 0.124478 0.216550
v -0.003220 0.124765 0.214932
v 0.005151 0.124423 0.214604
v 0.006288 0.124643 0.215936
v 0.005137 0.119354 0.212350
v 0.003890 0.125038 0.217017
v 0.011846 0.118522 0.217219
v -0.003974 0.123616 0.208192
v -0.012431 0.110104 0.201549
v 0.011535 0.121419 0.217294
v 0.010185 0.122563 0.216575
v 0.011733 0.123306 0.217822
v 0.002384 0.123689 0.212003
v 0.003635 0.124935 0.219516
v -0.001228 0.123544 0.220184
v -0.000580 0.123485 0.220518
v -0.005703 0.122291 0.206080
v -0.007813 0.123895 0.206149
v -0.008551 0.123391 0.205148
v 0.001392 0.123840 0.211693
v 0.000466 0.123594 0.210998
v -0.005403 0.111342 0.205662
v -0.008868 0.112684 0.203765
v 0.006273 0.124261 0.215144
v 0.005787 0.124080 0.214464
v -0.013420 0.098897 0.200049
v 0.006568 0.124920 0.216849
v 0.008350 0.122607 0.215271
v 0.004826 0.123500 0.213229
v -0.005677 0.124862 0.212632
v 0.004873 0.123940 0.213849
v 0.005611 0.125060 0.217963
v -0.005960 0.124202 0.207811
v -0.005184 0.123846 0.207743
v -0.007111 0.124287 0.207213
v -0.005129 0.124869 0.211483
v -0.004659 0.124286 0.208682
v 0.009744 0.108989 0.214605
v 0.005762 0.108723 0.212024
v 0.008179 0.124841 0.217258
v -0.009031 0.121245 0.203801
v -0.000012 0.124006 0.211319
v -0.004711 0.124680 0.210101
v -0.006605 0.124571 0.208463
v 0.006412 0.125030 0.217399
v -0.007217 0.124852 0.210008
v -0.076229 0.062362 0.160457
v -0.073622 0.054758 0.161928
v -0.080260 0.056349 0.157820
v -0.071789 0.072002 0.163190
v -0.071121 0.079121 0.163819
v -0.066720 0.075280 0.166551
v -0.070711 0.061984 0.163870
v -0.086894 0.058186 0.153463
v -0.081871 0.065592 0.156765
v -0.100643 0.060727 0.144528
v -0.096038 0.062112 0.147525
v -0.097741 0.058995 0.146478
v -0.091465 0.063224 0.150559
v -0.087065 0.065646 0.153368
v -0.085989 0.102335 0.155240
v -0.082218 0.100623 0.157492
v -0.083780 0.095209 0.156358
v -0.084815 0.106754 0.156031
v -0.079517 0.104446 0.159282
v -0.076299 0.076370 0.160664
v -0.076964 0.069337 0.159984
v -0.094101 0.057262 0.148854
v -0.083328 0.110362 0.156909
v -0.076106 0.111963 0.161664
v -0.078149 0.093522 0.159862
v -0.077225 0.088214 0.160267
v -0.081158 0.088356 0.157830
v -0.090618 0.080183 0.151701
v -0.093037 0.078692 0.150102
v -0.092835 0.082150 0.150345
v -0.089461 0.121977 0.153404
v -0.090758 0.122182 0.152621
v -0.089885 0.122636 0.153645
v -0.095701 0.081337 0.148344
v -0.095072 0.074446 0.148607
v -0.092307 0.121313 0.151227
v -0.090290 0.121051 0.152515
v -0.092102 0.120124 0.151214
v -0.095024 0.067389 0.148279
v -0.099782 0.056001 0.145300
v -0.095269 0.121632 0.149431
v -0.094062 0.121407 0.150200
v -0.095611 0.120942 0.149064
v -0.098798 0.065553 0.145704
v -0.073426 0.066609 0.162122
v -0.069995 0.067084 0.164266
v -0.103068 0.066353 0.142897
v -0.079516 0.098548 0.159170
v -0.092024 0.122515 0.151989
v -0.091046 0.122793 0.152986
v -0.086820 0.123223 0.156270
v -0.087740 0.122992 0.155485
v -0.087691 0.123603 0.156776
v -0.090703 0.069847 0.151247
v -0.091789 0.121871 0.151733
v -0.093050 0.122133 0.151061
v -0.087280 0.117264 0.154354
v -0.082771 0.119517 0.157497
v -0.081711 0.115577 0.157982
v -0.086843 0.122725 0.155671
v -0.086322 0.122023 0.155704
v -0.087480 0.122302 0.155059
v -0.085687 0.122916 0.156601
v -0.092194 0.123146 0.152752
v -0.090343 0.123186 0.154156
v -0.088953 0.123286 0.155287
v -0.088625 0.122543 0.154470
v -0.100313 0.078257 0.145010
v -0.087960 0.121504 0.154368
v -0.087233 0.119944 0.154556
v -0.091871 0.123590 0.154135
v -0.102381 0.095377 0.144185
v -0.097334 0.093599 0.147525
v -0.100846 0.090806 0.145139
v -0.104228 0.072906 0.142241
v -0.099204 0.071032 0.145632
v -0.089108 0.097073 0.153129
v -0.092504 0.091112 0.150885
v -0.093503 0.098203 0.150244
v -0.090681 0.075512 0.151457
v -0.087697 0.082188 0.153590
v -0.086263 0.087596 0.154708
v -0.083605 0.080898 0.156111
v -0.089363 0.122967 0.154370
v -0.074125 0.102698 0.162695
v -0.073423 0.106148 0.163173
v -0.089797 0.109245 0.152954
v -0.079294 0.084160 0.158935
v -0.075343 0.083603 0.161331
v -0.098151 0.086599 0.146872
v -0.069943 0.086240 0.164723
v -0.073454 0.090494 0.162583
v -0.067551 0.094059 0.166549
v -0.090229 0.123680 0.155461
v -0.093234 0.122756 0.151537
v -0.094029 0.085364 0.149687
v -0.098710 0.106066 0.146824
v -0.097781 0.100400 0.147311
v -0.101880 0.101721 0.144663
v -0.087580 0.078051 0.153446
v -0.074375 0.098092 0.162378
v -0.104423 0.090493 0.142800
v -0.090477 0.085671 0.152085
v -0.085434 0.121023 0.156019
v -0.089803 0.119246 0.152688
v -0.103285 0.083525 0.143378
v -0.106409 0.078710 0.141046
v -0.108216 0.085811 0.140106
v -0.094102 0.104969 0.150006
v -0.089581 0.114460 0.153003
v -0.086544 0.113527 0.154862
v -0.089126 0.123748 0.156458
v -0.092646 0.114306 0.151212
v -0.086022 0.072433 0.154215
v -0.089267 0.089063 0.152952
v -0.088161 0.092351 0.153650
v -0.080683 0.074062 0.157905
v -0.096171 0.110530 0.148768
v -0.102987 0.087207 0.143676
v -0.079020 0.079734 0.159099
v -0.094421 0.122596 0.150662
v -0.076557 0.117363 0.161357
v -0.095910 0.123880 0.153247
v -0.093839 0.123810 0.153730
v -0.095431 0.123725 0.152637
v -0.092612 0.124122 0.156728
v -0.091941 0.123911 0.155490
v -0.094357 0.124036 0.155076
v -0.090522 0.124014 0.156757
v -0.088755 0.123994 0.157883
v -0.096487 0.124003 0.154129
v -0.090704 0.124115 0.157936
v -0.092614 0.124077 0.158635
v -0.093160 0.109201 0.150768
v -0.093469 0.111682 0.150669
v -0.090524 0.102589 0.152349
v -0.066391 0.081603 0.166942
v -0.093274 0.123460 0.152861
v -0.099376 0.110230 0.146526
v -0.095319 0.123408 0.151657
v -0.093931 0.123118 0.151698
v -0.095836 0.114108 0.149066
v -0.095392 0.122263 0.149720
v -0.096927 0.119350 0.148089
v -0.094215 0.119514 0.149889
v -0.095260 0.117290 0.149281
v -0.091526 0.117656 0.151613
v -0.093662 0.123607 0.160244
v -0.095743 0.123914 0.158129
v -0.095732 0.123593 0.159337
v -0.097032 0.123615 0.158384
v -0.095977 0.124086 0.155922
v -0.095404 0.123326 0.160172
v -0.096404 0.123346 0.159485
v -0.096276 0.123096 0.160261
v -0.098582 0.113379 0.147103
v 0.023909 0.015561 0.127363
v 0.019356 0.015525 0.140803
v 0.021892 0.015615 0.143312
v 0.022336 0.015578 0.140347
v 0.011636 0.015576 0.171219
v 0.010535 0.015574 0.143882
v 0.007995 0.015522 0.140820
v 0.007192 0.015524 0.144186
v 0.008244 0.015544 0.146903
v 0.016901 0.015505 0.141945
v 0.016095 0.015520 0.145039
v 0.018993 0.015559 0.144155
v 0.010274 0.015529 0.147795
v 0.012923 0.015518 0.146576
v 0.005936 0.015499 0.142318
v 0.025227 0.015792 0.145746
v 0.024452 0.015717 0.142570
v 0.017964 0.015584 0.146984
v 0.019228 0.015633 0.145938
v 0.017358 0.015527 0.151385
v 0.013999 0.015541 0.155704
v 0.017560 0.015655 0.156086
v 0.026376 0.015549 0.130477
v 0.027395 0.015600 0.127369
v 0.025623 0.015511 0.135236
v 0.025610 0.015554 0.140113
v 0.014108 0.015553 0.142319
v 0.020894 0.015738 0.146921
v 0.021607 0.015668 0.153389
v 0.020636 0.015758 0.156820
v 0.019111 0.015898 0.161152
v 0.016822 0.015723 0.161999
v 0.019331 0.015797 0.163164
v 0.015196 0.015525 0.163590
v 0.014846 0.015578 0.164453
v 0.016306 0.015532 0.165051
v 0.015710 0.015616 0.172795
v 0.013492 0.015539 0.169629
v 0.028937 0.015583 0.129606
v 0.015177 0.015614 0.159323
v 0.018510 0.015807 0.159033
v 0.015570 0.015507 0.169540
v 0.021511 0.015703 0.150245
v 0.024229 0.015866 0.148688
v 0.028317 0.015621 0.132709
v -0.059022 0.124102 0.176129
v -0.059562 0.123782 0.174537
v -0.061423 0.124042 0.174421
v -0.057573 0.122571 0.174046
v -0.058179 0.123375 0.174373
v -0.057182 0.123132 0.174575
v -0.058818 0.120134 0.172736
v -0.061741 0.121081 0.170987
v -0.059204 0.121720 0.172712
v -0.063300 0.123239 0.171117
v -0.062646 0.122305 0.170779
v -0.064042 0.122570 0.170108
v -0.063663 0.121677 0.169997
v -0.064981 0.121893 0.169322
v -0.060785 0.123266 0.172571
v -0.060997 0.123700 0.173428
v -0.059708 0.123436 0.173598
v -0.057848 0.123829 0.175528
v -0.060879 0.122396 0.171867
v -0.052756 0.084857 0.175557
v -0.056228 0.080815 0.173349
v -0.059077 0.085861 0.171655
v -0.064444 0.123239 0.170395
v -0.065512 0.123510 0.170232
v -0.064408 0.123602 0.170992
v -0.061900 0.118422 0.170789
v -0.067998 0.117327 0.166914
v -0.062669 0.114325 0.170268
v -0.064870 0.120437 0.169131
v -0.054464 0.123410 0.176641
v -0.055515 0.123147 0.175715
v -0.056204 0.123736 0.176422
v -0.054381 0.122780 0.176101
v -0.055165 0.122289 0.175400
v -0.056376 0.122853 0.174864
v -0.061927 0.123042 0.171664
v -0.056828 0.123453 0.175219
v -0.059345 0.122840 0.173117
v -0.064777 0.124288 0.173928
v -0.063794 0.124279 0.175626
v -0.063070 0.124261 0.174609
v -0.054372 0.123978 0.177888
v -0.056476 0.124180 0.177739
v -0.054718 0.124246 0.178870
v -0.062415 0.123670 0.172318
v -0.063797 0.123744 0.171754
v -0.064085 0.124099 0.172741
v -0.065302 0.123870 0.171111
v -0.057402 0.123975 0.176501
v -0.055417 0.119356 0.174887
v -0.056549 0.121387 0.174364
v -0.056449 0.122252 0.174605
v -0.051013 0.104070 0.177376
v -0.055953 0.098564 0.174053
v -0.056404 0.103743 0.173882
v -0.066445 0.124368 0.174133
v -0.066627 0.124312 0.172405
v -0.055879 0.092105 0.173867
v -0.051791 0.097005 0.176599
v -0.046071 0.108466 0.180540
v -0.045148 0.103937 0.181029
v -0.050513 0.075330 0.176669
v -0.057239 0.072026 0.172514
v -0.056705 0.077275 0.173006
v -0.048694 0.122730 0.179688
v -0.049863 0.121852 0.178682
v -0.050305 0.122768 0.178789
v -0.052018 0.122981 0.177835
v -0.050908 0.123383 0.178977
v -0.043241 0.074543 0.181163
v -0.046370 0.083443 0.179525
v -0.042279 0.081008 0.182087
v -0.047893 0.099103 0.179180
v -0.050977 0.123738 0.179611
v -0.049133 0.123520 0.180216
v -0.051748 0.123979 0.179647
v -0.050441 0.124083 0.180778
v -0.048960 0.124261 0.182374
v -0.048127 0.123924 0.181751
v -0.047588 0.123561 0.181343
v -0.047114 0.123005 0.180950
v -0.047786 0.122290 0.180123
v -0.065715 0.124198 0.175982
v -0.052299 0.123723 0.178655
v -0.047003 0.121375 0.180431
v -0.067314 0.124101 0.170512
v -0.061345 0.124260 0.176057
v -0.058500 0.124335 0.178494
v -0.066720 0.075280 0.166551
v -0.066778 0.069871 0.166280
v -0.071789 0.072002 0.163190
v -0.051545 0.124420 0.181737
v -0.046928 0.122284 0.180709
v -0.049231 0.110930 0.178741
v -0.053153 0.058451 0.174856
v -0.056781 0.064213 0.172575
v -0.052063 0.066597 0.175651
v -0.052919 0.124168 0.179650
v -0.061277 0.061476 0.169720
v -0.063264 0.063971 0.168508
v -0.062040 0.067795 0.169269
v -0.065485 0.122791 0.169443
v -0.064263 0.071737 0.167948
v -0.061227 0.078364 0.170305
v -0.062095 0.073201 0.169472
v -0.048015 0.061951 0.177960
v -0.062253 0.123934 0.173215
v -0.062567 0.083129 0.169446
v -0.066391 0.081603 0.166942
v -0.048859 0.092073 0.178250
v -0.058501 0.079699 0.171990
v -0.058799 0.056595 0.171135
v -0.057381 0.116281 0.173676
v -0.051945 0.117344 0.177114
v -0.069995 0.067084 0.164266
v -0.066280 0.065230 0.166583
v -0.063676 0.056142 0.168154
v -0.050599 0.120008 0.177993
v -0.046763 0.118427 0.180348
v -0.053198 0.121328 0.176368
v -0.065557 0.060700 0.167195
v -0.068275 0.056394 0.165397
v -0.053335 0.122870 0.176849
v -0.053401 0.122278 0.176489
v -0.047822 0.067592 0.178190
v -0.064530 0.087097 0.168156
v -0.067551 0.094059 0.166549
v -0.061656 0.090768 0.170092
v -0.060104 0.101252 0.171528
v -0.060682 0.107018 0.171188
v -0.070711 0.061984 0.163870
v -0.054908 0.108302 0.174983
v -0.038281 0.072300 0.184051
v -0.038978 0.077400 0.183888
v -0.053330 0.123434 0.177458
v -0.073622 0.054758 0.161928
v -0.051878 0.122219 0.177498
v -0.052624 0.122522 0.177106
v -0.059571 0.081743 0.171348
v -0.043640 0.098463 0.181773
v -0.067869 0.109673 0.166838
v -0.053370 0.113539 0.176265
v -0.058658 0.112113 0.172760
v -0.032106 0.062663 0.187786
v -0.037505 0.060373 0.184531
v -0.039832 0.066170 0.183082
v -0.042364 0.114332 0.182872
v -0.048795 0.115101 0.179135
v -0.043866 0.091775 0.181370
v -0.064591 0.101349 0.168769
v -0.060908 0.096406 0.170858
v -0.041142 0.058068 0.182191
v -0.069943 0.086240 0.164723
v -0.044389 0.063695 0.180147
v -0.062604 0.110603 0.170153
v -0.040620 0.087722 0.183325
v -0.058262 0.118704 0.173081
v -0.045011 0.069195 0.179924
v -0.010374 0.096038 0.201950
v -0.010878 0.092037 0.201344
v -0.014743 0.094820 0.198943
v -0.001120 0.085644 0.206772
v -0.005399 0.081784 0.204122
v -0.005663 0.086492 0.204133
v -0.008849 0.089172 0.202405
v -0.007146 0.093540 0.203931
v -0.005487 0.090018 0.204578
v 0.017302 0.086523 0.217971
v 0.017740 0.084899 0.217941
v 0.016669 0.085149 0.217879
v 0.018413 0.086388 0.217408
v 0.018198 0.088181 0.217513
v 0.019311 0.087594 0.216574
v 0.018997 0.090231 0.216902
v -0.010187 0.085171 0.201310
v -0.011626 0.080784 0.200350
v -0.003317 0.098776 0.206582
v -0.007397 0.098056 0.203978
v 0.015942 0.083508 0.217418
v 0.015791 0.086198 0.217290
v 0.017766 0.099116 0.218084
v 0.018697 0.099364 0.217375
v 0.018031 0.097379 0.217895
v 0.004922 0.085881 0.210414
v 0.000493 0.081284 0.207692
v 0.017544 0.110727 0.218504
v 0.016133 0.110962 0.219131
v 0.016538 0.112207 0.219252
v 0.015853 0.079633 0.217360
v 0.012752 0.081507 0.215318
v 0.014028 0.102371 0.216983
v 0.014500 0.099709 0.217113
v 0.011416 0.101611 0.215097
v 0.017454 0.098254 0.218276
v 0.015244 0.109715 0.218646
v 0.015338 0.107537 0.218524
v 0.013693 0.108271 0.217339
v 0.004828 0.089440 0.210485
v 0.001920 0.089079 0.208815
v 0.004820 0.092543 0.210675
v 0.016371 0.087287 0.217635
v 0.000596 0.091888 0.208262
v -0.002397 0.093740 0.206776
v 0.001973 0.095266 0.209280
v 0.017835 0.107193 0.218415
v 0.019599 0.106083 0.216893
v 0.018361 0.105873 0.218001
v 0.009352 0.087205 0.213190
v 0.007544 0.089606 0.212112
v 0.016734 0.101289 0.218490
v 0.016455 0.099180 0.218367
v 0.015555 0.100898 0.217836
v -0.014996 0.084404 0.198498
v -0.014330 0.089243 0.199023
v 0.018683 0.080969 0.217358
v 0.019189 0.081477 0.216815
v 0.019186 0.079825 0.216924
v 0.017351 0.113054 0.218679
v 0.016773 0.109063 0.218972
v 0.009253 0.083351 0.213062
v 0.013069 0.085726 0.215560
v 0.017862 0.089632 0.217836
v 0.008905 0.095518 0.213146
v 0.004733 0.098544 0.210952
v 0.009033 0.099171 0.213430
v 0.015027 0.088506 0.216841
v -0.013420 0.098897 0.200049
v 0.017946 0.091074 0.217782
v 0.017268 0.092694 0.217957
v 0.018714 0.092438 0.217127
v 0.016914 0.088428 0.217934
v 0.016074 0.105875 0.218798
v 0.017396 0.105586 0.218633
v 0.016411 0.104004 0.218541
v 0.016363 0.090605 0.217886
v 0.011576 0.089849 0.214618
v 0.014153 0.091301 0.216291
v -0.006448 0.102317 0.204677
v -0.001174 0.104636 0.207888
v 0.018370 0.094168 0.217432
v 0.017270 0.094213 0.218169
v 0.018821 0.076505 0.217188
v 0.017676 0.075740 0.217870
v 0.017820 0.077757 0.217769
v 0.005147 0.080423 0.210530
v 0.006882 0.077785 0.211568
v 0.005186 0.075304 0.210316
v 0.016655 0.076996 0.217636
v 0.017175 0.078784 0.217850
v 0.017977 0.079984 0.217827
v 0.017881 0.079103 0.217788
v 0.013638 0.077798 0.215946
v 0.009036 0.092295 0.213166
v 0.009924 0.112652 0.215279
v 0.011926 0.110437 0.216325
v 0.009744 0.108989 0.214605
v 0.015513 0.097841 0.217668
v 0.016022 0.096237 0.217929
v 0.013244 0.097319 0.215938
v 0.015315 0.112364 0.218940
v 0.015144 0.111225 0.218670
v 0.017854 0.081795 0.217826
v 0.018971 0.082888 0.217072
v 0.002004 0.077277 0.208537
v 0.015866 0.094459 0.217547
v 0.016738 0.094473 0.218060
v 0.016917 0.095045 0.218209
v 0.017933 0.095542 0.217800
v 0.015482 0.092554 0.217162
v 0.008540 0.105439 0.213436
v 0.004278 0.105242 0.210928
v 0.005762 0.108723 0.212024
v 0.018530 0.078755 0.217450
v 0.004972 0.095750 0.210948
v 0.019207 0.078239 0.216915
v 0.011399 0.092817 0.214565
v 0.008665 0.079644 0.212698
v 0.018137 0.108415 0.218124
v 0.018928 0.109066 0.217366
v 0.019430 0.096600 0.216604
v 0.017316 0.096213 0.218275
v 0.013423 0.094106 0.215823
v 0.013092 0.073790 0.215556
v 0.015275 0.075447 0.216940
v 0.011868 0.108385 0.216062
v 0.015950 0.108476 0.219011
v 0.017850 0.100678 0.218037
v 0.017351 0.100068 0.218450
v 0.020089 0.100080 0.216071
v 0.016962 0.097379 0.218429
v 0.011292 0.078176 0.214418
v 0.009065 0.074706 0.212779
v 0.018638 0.101915 0.217473
v 0.017663 0.103543 0.218239
v 0.018652 0.104425 0.217651
v -0.002103 0.089363 0.206469
v 0.018062 0.083521 0.217818
v 0.019277 0.084825 0.216701
v -0.010144 0.100590 0.202296
v 0.001804 0.101416 0.209501
v 0.016562 0.107328 0.218982
v -0.008138 0.077354 0.202545
v 0.010550 0.080858 0.213864
v 0.020051 0.077256 0.215990
v 0.017011 0.102745 0.218521
v 0.017666 0.102111 0.218168
v 0.006882 0.102074 0.212271
v 0.000305 0.097618 0.208572
v 0.018912 0.111752 0.217078
v 0.016439 0.102644 0.218550
v 0.015686 0.102635 0.218114
v 0.012256 0.105734 0.216062
v 0.013765 0.111726 0.217696
v 0.014854 0.105151 0.217806
v 0.001893 0.107980 0.209767
v 0.011891 0.112204 0.216579
v -0.003010 0.074430 0.205580
v -0.018971 0.086750 0.196181
v 0.019760 0.103038 0.216597
v -0.018914 0.047002 0.209783
v -0.020633 0.047357 0.208965
v -0.019206 0.045526 0.209513
v -0.004104 0.050114 0.219287
v -0.002394 0.049663 0.220453
v -0.003976 0.052542 0.219440
v -0.022789 0.063766 0.208504
v -0.023367 0.060782 0.208095
v -0.021850 0.063515 0.209106
v -0.016756 0.058812 0.211899
v -0.016702 0.060961 0.212050
v -0.018306 0.058545 0.211004
v -0.008954 0.062166 0.216917
v -0.010929 0.062287 0.215600
v -0.009543 0.060664 0.216398
v -0.018409 0.048262 0.210277
v -0.021001 0.049153 0.208780
v -0.000121 0.041260 0.221513
v 0.000485 0.038976 0.221757
v 0.001639 0.040369 0.222785
v -0.007860 0.059393 0.217370
v -0.009908 0.058660 0.216051
v -0.008739 0.056319 0.216612
v -0.008584 0.058009 0.216811
v -0.014311 0.045499 0.212408
v -0.016910 0.046369 0.210978
v -0.015461 0.043970 0.211707
v -0.009392 0.066608 0.216840
v -0.011208 0.065384 0.215579
v -0.009863 0.064145 0.216397
v -0.015486 0.057812 0.212565
v -0.013505 0.056243 0.213696
v -0.014328 0.060227 0.213445
v -0.017351 0.043999 0.210489
v -0.018707 0.043318 0.209640
v -0.015333 0.041873 0.211557
v -0.010861 0.055598 0.215191
v -0.011810 0.051818 0.214410
v -0.010475 0.053248 0.215370
v -0.011014 0.048948 0.214785
v -0.011881 0.048116 0.214131
v -0.017017 0.054203 0.211419
v -0.019428 0.054222 0.210187
v -0.016595 0.051917 0.211549
v -0.007929 0.054640 0.217030
v -0.009128 0.054059 0.216283
v -0.018010 0.056071 0.211029
v -0.008993 0.043071 0.215557
v -0.007963 0.041474 0.216162
v -0.007999 0.043301 0.216218
v -0.021286 0.046212 0.208352
v -0.021482 0.044952 0.208250
v -0.023518 0.047587 0.207232
v -0.024528 0.045746 0.206524
v -0.023804 0.046645 0.207059
v -0.005876 0.049777 0.218110
v -0.007659 0.051247 0.217040
v -0.008041 0.049998 0.216640
v -0.007701 0.057290 0.217414
v -0.009344 0.051722 0.216062
v -0.017297 0.050428 0.211008
v -0.018853 0.049923 0.210098
v -0.016078 0.048377 0.211631
v 0.003546 0.049200 0.224961
v 0.001432 0.049212 0.223198
v 0.002733 0.046636 0.224190
v -0.016151 0.055748 0.212041
v -0.016976 0.057393 0.211727
v -0.016266 0.065725 0.212450
v -0.016664 0.063952 0.212160
v -0.015104 0.063400 0.213068
v -0.009525 0.049134 0.215666
v -0.025757 0.060593 0.206670
v -0.024961 0.063879 0.207061
v -0.027225 0.061606 0.205645
v -0.010305 0.047402 0.215077
v -0.007836 0.047423 0.216688
v -0.006169 0.044903 0.217583
v -0.006263 0.046877 0.217693
v -0.025296 0.048522 0.206315
v -0.027262 0.049538 0.205119
v -0.026818 0.046361 0.205169
v -0.015720 0.068196 0.212856
v -0.015159 0.065520 0.213200
v -0.013862 0.066110 0.213929
v -0.023173 0.058139 0.208101
v -0.021064 0.059249 0.209403
v -0.022172 0.053174 0.208415
v -0.024930 0.051930 0.206776
v -0.022805 0.051195 0.207923
v -0.022084 0.048071 0.208121
v -0.023591 0.049668 0.207360
v -0.005598 0.054350 0.218637
v -0.006947 0.055601 0.217786
v -0.006856 0.052772 0.217606
v -0.013611 0.041993 0.212706
v -0.018414 0.064102 0.211113
v -0.018270 0.066265 0.211298
v -0.019631 0.066817 0.210505
v 0.003145 0.038115 0.223827
v 0.002913 0.040804 0.223929
v -0.022877 0.046056 0.207485
v -0.008195 0.048884 0.216439
v -0.012171 0.059383 0.214671
v -0.008398 0.045635 0.216258
v -0.010455 0.045314 0.214865
v 0.001327 0.045451 0.222944
v 0.003478 0.042939 0.224555
v -0.016053 0.050166 0.211801
v -0.014384 0.050190 0.212762
v -0.005548 0.055752 0.218642
v -0.012585 0.043030 0.213336
v -0.013366 0.062908 0.214140
v -0.019369 0.051853 0.210058
v -0.017380 0.065589 0.211763
v -0.012049 0.044579 0.213790
v -0.013019 0.046913 0.213356
v -0.005321 0.043315 0.218048
v -0.006109 0.042760 0.217406
v -0.004172 0.042171 0.218645
v -0.002135 0.040603 0.220082
v 0.000514 0.043165 0.222208
v -0.017814 0.067994 0.211533
v -0.028469 0.057286 0.204685
v -0.025686 0.057728 0.206501
v -0.020658 0.064843 0.209868
v -0.020531 0.062524 0.209856
v -0.007510 0.048174 0.216930
v -0.014342 0.064477 0.213593
v -0.013673 0.074569 0.214063
v -0.014377 0.072261 0.213785
v -0.012126 0.072139 0.215143
v -0.004332 0.044677 0.218811
v 0.002034 0.042607 0.223338
v -0.017559 0.045347 0.210457
v -0.022646 0.044468 0.207437
v -0.010230 0.042760 0.214813
v -0.006941 0.041868 0.216876
v -0.005874 0.040503 0.217404
v -0.022188 0.057123 0.208703
v -0.004720 0.043630 0.218401
v -0.024027 0.063090 0.207730
v -0.007045 0.048753 0.217296
v -0.006360 0.057319 0.218258
v -0.001811 0.047376 0.220682
v -0.000772 0.045701 0.221382
v -0.000448 0.048207 0.221853
v -0.008666 0.064380 0.217145
v -0.007491 0.065297 0.217966
v -0.018877 0.061233 0.210805
v -0.014906 0.053333 0.212660
v -0.005148 0.051274 0.218616
v -0.023154 0.066205 0.208328
v -0.021672 0.065763 0.209304
v -0.003425 0.045361 0.219382
v -0.002435 0.045976 0.220219
v -0.003915 0.046708 0.219202
v 0.004377 0.038955 0.224848
v -0.015201 0.051741 0.212298
v -0.003441 0.042844 0.219284
v -0.013487 0.069309 0.214193
v -0.015662 0.071213 0.212946
v -0.018020 0.071864 0.211574
v -0.004660 0.046179 0.218645
v -0.001918 0.043548 0.220388
v -0.005371 0.047703 0.218269
v -0.004562 0.047943 0.218798
v -0.011338 0.067872 0.215604
v -0.010974 0.069658 0.215829
v -0.004847 0.056532 0.219158
v -0.004607 0.054839 0.219291
v -0.014936 0.055822 0.212732
v -0.003086 0.055314 0.220322
v -0.001058 0.051643 0.221498
v -0.004270 0.040676 0.218517
v -0.012533 0.064727 0.214784
v -0.020189 0.056788 0.209763
v -0.011767 0.046627 0.214163
v -0.005046 0.058715 0.219174
v -0.024283 0.058067 0.207358
v -0.019785 0.064694 0.210369
v -0.021035 0.051283 0.208980
v -0.006927 0.061512 0.218140
v -0.003496 0.048249 0.219547
v -0.007759 0.063267 0.217630
v -0.012502 0.066667 0.214791
v -0.024297 0.055695 0.207365
v -0.010427 0.068399 0.216216
v -0.028916 0.046551 0.203814
v 0.084236 0.018111 0.124076
v 0.083593 0.016637 0.125580
v 0.084692 0.016873 0.123787
v 0.085809 0.029754 0.120710
v 0.073904 0.022346 0.139008
v 0.073962 0.026402 0.139046
v 0.072831 0.024022 0.140868
v 0.083353 0.022533 0.123925
v 0.082605 0.020444 0.125384
v 0.083899 0.020036 0.123645
v 0.083441 0.025236 0.123703
v 0.081726 0.024695 0.126563
v 0.075597 0.017528 0.138015
v 0.075610 0.015895 0.138475
v 0.076871 0.016437 0.136286
v 0.072392 0.019459 0.142334
v 0.070470 0.019260 0.145369
v 0.072459 0.017941 0.142984
v 0.074157 0.016978 0.140705
v 0.072992 0.020566 0.140768
v 0.072661 0.022065 0.141135
v 0.079577 0.023035 0.130128
v 0.080016 0.020866 0.129580
v 0.080634 0.022065 0.128472
v 0.074247 0.015713 0.140774
v 0.072508 0.015988 0.143631
v 0.066577 0.016772 0.152456
v 0.067863 0.018850 0.149552
v 0.065660 0.018687 0.153068
v 0.070215 0.021332 0.145063
v 0.071794 0.020824 0.142713
v 0.071303 0.022955 0.143166
v 0.074128 0.019221 0.139705
v 0.082739 0.018047 0.126554
v 0.081193 0.016248 0.129556
v 0.081228 0.018183 0.128969
v 0.079472 0.017709 0.131850
v 0.069820 0.017024 0.147577
v 0.066119 0.020789 0.151524
v 0.066449 0.019755 0.151399
v 0.066994 0.020699 0.149953
v 0.081614 0.021597 0.126690
v 0.079327 0.020887 0.130844
v 0.079673 0.019652 0.130642
v 0.083628 0.027307 0.123715
v 0.075186 0.021254 0.137084
v 0.076583 0.020162 0.135315
v 0.076672 0.023662 0.134808
v 0.082329 0.016831 0.127698
v 0.067995 0.016012 0.150806
v 0.069434 0.015859 0.148769
v 0.079944 0.015742 0.131488
v 0.078120 0.020957 0.132479
v 0.077713 0.018722 0.134182
v 0.083062 0.019150 0.125528
v 0.081699 0.019637 0.127406
v 0.084783 0.015865 0.123820
v 0.068642 0.020643 0.147490
v 0.069958 0.022964 0.145238
v 0.068994 0.022087 0.146687
v 0.076720 0.015574 0.136744
v 0.079979 0.027144 0.129606
v 0.078290 0.024399 0.132172
v 0.082576 0.030038 0.125683
v 0.078734 0.016119 0.133451
v 0.080726 0.020695 0.128236
v 0.065088 0.020893 0.153092
v 0.077871 0.016196 0.134738
v 0.077915 0.017168 0.134443
v 0.067438 0.022801 0.148965
v 0.064751 0.019559 0.154161
v 0.070695 0.015862 0.146620
v 0.063770 0.020413 0.155080
v 0.083845 0.015525 0.125460
v 0.076786 0.018025 0.136025
v 0.075660 0.019138 0.137257
v 0.080640 0.019681 0.129041
v 0.075095 0.024071 0.137232
v 0.048098 0.052577 0.172328
v 0.045535 0.053410 0.176299
v 0.046962 0.057147 0.174173
v 0.051181 0.031789 0.167368
v 0.053714 0.032970 0.163589
v 0.053205 0.029986 0.164301
v 0.040060 0.015910 0.179785
v 0.039727 0.016047 0.181903
v 0.041568 0.016255 0.179396
v 0.040751 0.016542 0.183797
v 0.039436 0.016195 0.184570
v 0.040305 0.016559 0.185144
v 0.046813 0.086700 0.175611
v 0.044852 0.082379 0.178380
v 0.045132 0.085736 0.178105
v 0.047961 0.035123 0.172466
v 0.048502 0.039040 0.172174
v 0.049876 0.036348 0.170010
v 0.044603 0.022937 0.178763
v 0.044311 0.027255 0.177808
v 0.045611 0.024823 0.176589
v 0.038896 0.015654 0.179642
v 0.034561 0.015582 0.178552
v 0.036425 0.015591 0.175898
v 0.034063 0.015714 0.175776
v 0.040441 0.015700 0.177614
v 0.039439 0.029316 0.185146
v 0.037116 0.029282 0.188919
v 0.038578 0.032611 0.186094
v 0.042154 0.019498 0.183643
v 0.042264 0.018063 0.183165
v 0.041630 0.018047 0.184435
v 0.037491 0.015598 0.182007
v 0.038218 0.015819 0.183876
v 0.049323 0.048044 0.170724
v 0.051619 0.048451 0.167577
v 0.051759 0.044688 0.168041
v 0.041321 0.046998 0.182229
v 0.040344 0.040003 0.183216
v 0.038654 0.043444 0.186258
v 0.045927 0.036286 0.175110
v 0.045692 0.040975 0.175613
v 0.049902 0.066027 0.169677
v 0.047552 0.067546 0.172978
v 0.051124 0.069726 0.168000
v 0.055299 0.040516 0.161828
v 0.053673 0.040149 0.164690
v 0.054129 0.043173 0.164156
v 0.058240 0.045922 0.157353
v 0.056716 0.051026 0.159742
v 0.059374 0.048202 0.155777
v 0.044688 0.077672 0.178266
v 0.043427 0.077147 0.180167
v 0.043855 0.079566 0.179712
v 0.041721 0.076094 0.182664
v 0.043131 0.075116 0.180533
v 0.041884 0.017386 0.183572
v 0.042082 0.017309 0.182663
v 0.041568 0.016907 0.183240
v 0.049925 0.083133 0.170817
v 0.048049 0.083165 0.173664
v 0.050277 0.086060 0.170428
v 0.053192 0.036006 0.164796
v 0.051148 0.034994 0.167884
v 0.052078 0.038161 0.167038
v 0.038620 0.047962 0.186406
v 0.036992 0.046302 0.189024
v 0.036707 0.050566 0.189391
v 0.051689 0.054372 0.167172
v 0.050528 0.051530 0.168832
v 0.049763 0.055892 0.169908
v 0.041439 0.030745 0.181506
v 0.042209 0.066425 0.181366
v 0.038698 0.066581 0.186692
v 0.041448 0.069344 0.182597
v 0.049399 0.061407 0.170481
v 0.045506 0.062151 0.176284
v 0.040798 0.019367 0.185903
v 0.047451 0.095427 0.174631
v 0.046451 0.092114 0.176224
v 0.045865 0.096413 0.177120
v 0.047709 0.025634 0.173155
v 0.043166 0.069624 0.179913
v 0.040768 0.023859 0.184677
v 0.041590 0.026256 0.182432
v 0.042800 0.021758 0.182133
v 0.049672 0.079489 0.170826
v 0.051374 0.083064 0.168592
v 0.048301 0.073799 0.172083
v 0.040923 0.016763 0.184865
v 0.050557 0.025128 0.168956
v 0.050103 0.022009 0.170578
v 0.052367 0.078912 0.166743
v 0.042009 0.054900 0.181625
v 0.044441 0.049196 0.177733
v 0.050886 0.075394 0.168568
v 0.045097 0.071730 0.176848
v 0.039376 0.022408 0.187385
v 0.041260 0.021461 0.184733
v 0.056044 0.031962 0.159919
v 0.058226 0.034691 0.156816
v 0.059307 0.031340 0.155021
v 0.040731 0.017240 0.185877
v 0.041401 0.017038 0.184322
v 0.042049 0.061692 0.181582
v 0.044365 0.018888 0.180010
v 0.045020 0.019534 0.179006
v 0.044027 0.018289 0.180108
v 0.043862 0.019384 0.180889
v 0.044080 0.020878 0.180298
v 0.043994 0.017128 0.178647
v 0.042908 0.016789 0.179370
v 0.043556 0.017366 0.179739
v 0.050872 0.040899 0.169479
v 0.049413 0.043883 0.171064
v 0.042557 0.017020 0.180736
v 0.042092 0.016649 0.180347
v 0.041564 0.016723 0.181781
v 0.036048 0.054675 0.190403
v 0.038849 0.053265 0.186151
v 0.050264 0.094254 0.170433
v 0.048054 0.098720 0.173819
v 0.046575 0.020484 0.176522
v 0.046447 0.023171 0.175910
v 0.048123 0.021548 0.173898
v 0.046330 0.017555 0.176118
v 0.044868 0.017052 0.177296
v 0.045602 0.017742 0.177139
v 0.043197 0.018231 0.181527
v 0.043280 0.018925 0.181755
v 0.043020 0.019664 0.182230
v 0.042451 0.017427 0.181670
v 0.043155 0.017555 0.180843
v 0.044721 0.017827 0.178502
v 0.042840 0.018642 0.182471
v 0.042582 0.017862 0.182343
v 0.046081 0.018554 0.177050
v 0.061615 0.041270 0.151957
v 0.058147 0.039176 0.157222
v 0.058931 0.042596 0.156172
v 0.043782 0.016806 0.178292
v 0.043442 0.016507 0.177754
v 0.046855 0.078431 0.175012
v 0.042851 0.072813 0.180632
v 0.044892 0.066482 0.177064
v 0.053185 0.074233 0.165133
v 0.042912 0.041242 0.179313
v 0.039361 0.057071 0.185457
v 0.037204 0.059279 0.188960
v 0.039839 0.060064 0.184867
v 0.055981 0.057128 0.161038
v 0.053772 0.055365 0.164233
v 0.053646 0.060871 0.164659
v 0.043547 0.064559 0.179285
v 0.043757 0.067631 0.178922
v 0.049409 0.089946 0.171752
v 0.044165 0.044545 0.177786
v 0.046925 0.045561 0.174079
v 0.039289 0.026444 0.186172
v 0.065010 0.043214 0.146930
v 0.062048 0.046219 0.151543
v 0.040171 0.072272 0.184605
v 0.051641 0.057651 0.167324
v 0.046783 0.049447 0.174286
v 0.055675 0.045109 0.161317
v 0.057154 0.042842 0.158943
v 0.046504 0.032211 0.174224
v 0.046034 0.029031 0.174989
v 0.044207 0.030559 0.177394
v 0.043995 0.037584 0.177605
v 0.042051 0.037594 0.180363
v 0.061498 0.035594 0.151901
v 0.036069 0.042410 0.190409
v 0.037210 0.037380 0.188329
v 0.054383 0.065965 0.163528
v 0.057239 0.061662 0.159269
v 0.051752 0.065091 0.167245
v 0.058438 0.056787 0.157442
v 0.060102 0.054253 0.154950
v 0.047924 0.042123 0.172908
v 0.055084 0.028835 0.161577
v 0.053214 0.026429 0.164758
v 0.040427 0.035161 0.182853
v 0.044261 0.057734 0.178323
v 0.039462 0.016453 0.186215
v 0.049216 0.041473 0.171460
v 0.052863 0.041825 0.166487
v 0.052908 0.051229 0.165484
v 0.055858 0.036204 0.160469
v 0.050348 0.028011 0.168628
v 0.048294 0.029819 0.171648
v 0.049130 0.033030 0.170579
v 0.060898 0.050923 0.153658
v 0.044041 0.075020 0.178962
v 0.038629 0.015586 0.177042
v 0.053187 0.044241 0.165801
v 0.053694 0.046963 0.164620
v 0.043345 0.034134 0.178452
v 0.059977 0.043925 0.154572
v 0.042391 0.079909 0.181777
v 0.043976 0.087484 0.179722
v 0.066018 0.037452 0.145413
v 0.057384 0.029661 0.158094
v 0.016449 0.030948 0.224327
v 0.016989 0.032104 0.223590
v 0.016625 0.033017 0.224241
v 0.014863 0.018810 0.228593
v 0.015613 0.016161 0.227498
v 0.015176 0.017177 0.227675
v 0.014639 0.030978 0.228490
v 0.014199 0.032273 0.229395
v 0.014165 0.030424 0.229313
v 0.015603 0.030892 0.225044
v 0.015375 0.028405 0.225438
v 0.015999 0.028964 0.224676
v 0.017496 0.028007 0.222897
v 0.018324 0.030586 0.222255
v 0.017413 0.029719 0.223151
v 0.016255 0.024258 0.224570
v 0.015350 0.025036 0.225570
v 0.015627 0.022076 0.225191
v 0.005235 0.037462 0.225409
v 0.004377 0.038955 0.224848
v 0.004981 0.035624 0.225101
v 0.014816 0.026301 0.226641
v 0.014712 0.027667 0.227174
v 0.014783 0.025859 0.227243
v 0.014927 0.023340 0.227020
v 0.014620 0.025580 0.228157
v 0.014590 0.024446 0.228394
v 0.013638 0.033256 0.229998
v 0.013907 0.034137 0.229240
v 0.013657 0.034589 0.229867
v 0.014966 0.018520 0.227436
v 0.015033 0.019044 0.226692
v 0.014819 0.019691 0.227531
v 0.005823 0.024331 0.224958
v 0.006703 0.025684 0.225863
v 0.004694 0.025813 0.223958
v 0.013662 0.019916 0.229556
v 0.014339 0.022428 0.229153
v 0.013634 0.022261 0.230042
v 0.023624 0.036616 0.215890
v 0.022210 0.037915 0.218072
v 0.022508 0.033810 0.217470
v 0.017055 0.033553 0.223607
v 0.005933 0.022408 0.225037
v 0.007009 0.023794 0.226004
v 0.011506 0.026183 0.229386
v 0.011666 0.029392 0.229616
v 0.010708 0.027737 0.228950
v 0.016441 0.016119 0.225636
v 0.015836 0.016679 0.226077
v 0.016116 0.015775 0.226154
v 0.015101 0.020767 0.226688
v 0.014882 0.020348 0.227233
v 0.016468 0.019700 0.224257
v 0.015495 0.019738 0.225650
v 0.013492 0.025009 0.230259
v 0.013971 0.023977 0.229942
v 0.013903 0.024819 0.229792
v 0.015998 0.018318 0.225072
v 0.016897 0.017719 0.224597
v 0.016216 0.017166 0.225350
v 0.015520 0.017976 0.225890
v 0.009111 0.022492 0.227634
v 0.008521 0.020784 0.226917
v 0.009786 0.021576 0.228041
v 0.016841 0.016567 0.225217
v 0.014633 0.028615 0.228372
v 0.014630 0.027003 0.227962
v -0.009219 0.040793 0.215230
v -0.010230 0.042760 0.214813
v -0.010767 0.041311 0.214349
v 0.016760 0.028785 0.223924
v 0.017021 0.030451 0.223691
v 0.013917 0.024396 0.229413
v 0.014212 0.024448 0.229006
v 0.013895 0.025850 0.229433
v 0.014671 0.029843 0.228314
v 0.014548 0.029804 0.228775
v 0.013900 0.029487 0.229889
v 0.014108 0.030793 0.229990
v 0.013180 0.033865 0.230229
v 0.012601 0.033266 0.230225
v 0.013144 0.032524 0.230496
v 0.011936 0.023726 0.229551
v 0.012655 0.025597 0.229988
v 0.013751 0.026604 0.230101
v 0.013808 0.023497 0.230058
v 0.013116 0.023645 0.229936
v 0.012608 0.021895 0.229621
v -0.004997 0.035663 0.217454
v -0.001276 0.034330 0.219865
v -0.003053 0.037734 0.218973
v 0.011189 0.021683 0.228900
v 0.011714 0.019739 0.228748
v 0.015109 0.018284 0.227888
v 0.017567 0.025221 0.222939
v 0.019420 0.024085 0.221303
v 0.018911 0.027332 0.221687
v -0.010348 0.039577 0.214423
v 0.008586 0.024755 0.227447
v 0.016588 0.035427 0.224109
v 0.016030 0.035037 0.224563
v 0.016855 0.034476 0.223922
v 0.016942 0.022352 0.223837
v 0.020904 0.033808 0.219649
v 0.019974 0.037393 0.220861
v 0.006295 0.027835 0.225526
v 0.005642 0.028964 0.225021
v 0.004921 0.028170 0.224403
v 0.014826 0.033984 0.226252
v 0.015369 0.033227 0.225338
v 0.015200 0.036363 0.225636
v 0.014330 0.025541 0.228891
v 0.014035 0.031381 0.230415
v 0.013329 0.031189 0.230638
v 0.013834 0.030137 0.230578
v 0.015012 0.026773 0.226165
v 0.007720 0.022241 0.226614
v 0.014870 0.029218 0.226536
v 0.014451 0.017132 0.228538
v 0.013619 0.018166 0.228824
v 0.006967 0.033148 0.226629
v 0.006999 0.034924 0.226694
v 0.016044 0.026849 0.224472
v 0.016147 0.038107 0.224609
v 0.014989 0.025367 0.226382
v -0.001680 0.036069 0.219759
v 0.012468 0.031461 0.230131
v 0.017706 0.018711 0.223463
v 0.000847 0.036706 0.221907
v 0.002705 0.035541 0.223108
v 0.001855 0.037922 0.222753
v -0.000751 0.037963 0.220751
v -0.000674 0.036136 0.220521
v 0.017495 0.031354 0.223026
v 0.017610 0.016524 0.224896
v 0.023197 0.030389 0.216286
v 0.021423 0.030315 0.218799
v -0.012585 0.043030 0.213336
v 0.016951 0.035735 0.223688
v 0.017872 0.034343 0.222780
v 0.017149 0.037491 0.223424
v 0.009702 0.019704 0.227675
v 0.024047 0.034098 0.215286
v 0.014939 0.031478 0.225980
v 0.003145 0.038115 0.223827
v 0.001639 0.040369 0.222785
v 0.012799 0.034545 0.230068
v 0.013273 0.035414 0.230092
v 0.012651 0.035769 0.229978
v -0.005874 0.040503 0.217404
v -0.004270 0.040676 0.218517
v 0.005409 0.032064 0.225114
v 0.004801 0.029695 0.224445
v 0.006201 0.029754 0.225674
v 0.013170 0.027123 0.230306
v 0.016831 0.024062 0.223942
v 0.010215 0.026017 0.228609
v 0.009416 0.027370 0.228234
v 0.014651 0.029746 0.227600
v 0.014597 0.031607 0.227213
v 0.001758 0.027335 0.221342
v 0.003322 0.028348 0.222934
v 0.001617 0.029673 0.221526
v 0.014075 0.035468 0.228512
v 0.014332 0.034023 0.228134
v 0.007905 0.027265 0.227087
v 0.010339 0.023784 0.228653
v 0.015768 0.015652 0.226964
v 0.015231 0.017154 0.227254
v 0.014755 0.021457 0.227370
v 0.012389 0.027546 0.229999
v 0.011697 0.031528 0.229614
v 0.011074 0.032744 0.229374
v 0.010731 0.031130 0.229111
v 0.017767 0.020678 0.223118
v 0.018057 0.022426 0.222602
v 0.019460 0.033156 0.221255
v 0.015307 0.017519 0.226670
v 0.014707 0.032865 0.226703
v 0.015221 0.021227 0.226088
v 0.012114 0.034603 0.229840
v 0.011545 0.036741 0.229761
v 0.009366 0.030851 0.228212
v 0.008410 0.030908 0.227584
v 0.008378 0.030065 0.227495
v 0.014564 0.033127 0.227413
v 0.014479 0.032470 0.228087
v 0.020531 0.027113 0.219897
v 0.022074 0.027170 0.217929
v 0.015130 0.025567 0.225958
v 0.008455 0.032099 0.227594
v 0.009662 0.033278 0.228627
v 0.016750 0.025292 0.224070
v 0.016879 0.026730 0.223739
v 0.019880 0.030280 0.220620
v 0.013697 0.035236 0.229302
v 0.012995 0.029372 0.230255
v 0.007400 0.031019 0.226767
v 0.014388 0.027113 0.228935
v 0.006321 0.037061 0.226330
v 0.008200 0.035577 0.227679
v 0.007546 0.038959 0.227342
v 0.015953 0.032472 0.224732
v 0.018059 0.017539 0.224158
v 0.000956 0.034554 0.221657
v 0.007496 0.029114 0.226743
v 0.016604 0.036473 0.224159
v 0.011142 0.034334 0.229417
v 0.009831 0.036503 0.228736
v 0.010193 0.029240 0.228766
v 0.021480 0.023919 0.219009
v -0.013611 0.041993 0.212706
v -0.011995 0.041236 0.213553
v 0.008230 0.033767 0.227525
v 0.003763 0.033371 0.223906
v 0.015557 0.016397 0.226591
v -0.007221 0.038883 0.216369
v -0.009056 0.036936 0.214992
v 0.013742 0.032170 0.230361
v 0.013822 0.027830 0.229670
v 0.013714 0.028469 0.230401
v 0.014185 0.028907 0.229197
v 0.002409 0.033343 0.222719
v 0.011864 0.032982 0.229879
v 0.013653 0.035623 0.229672
v 0.014599 0.023377 0.228413
v 0.012812 0.018417 0.228795
v 0.014690 0.022317 0.228011
v 0.014778 0.020976 0.227961
v 0.014549 0.034017 0.227031
v 0.001089 0.032235 0.221479
v 0.003312 0.031106 0.223178
v 0.025451 0.032197 0.213032
v 0.014525 0.035593 0.227154
v 0.008889 0.028958 0.227830
v 0.014998 0.019799 0.228147
v 0.025577 0.036930 0.212865
v 0.019030 0.021537 0.221874
v 0.000485 0.038976 0.221757
v -0.000367 0.030911 0.220040
v -0.002135 0.040603 0.220082
v -0.007963 0.041474 0.216162
v 0.018349 0.037752 0.222434
v 0.020286 0.021711 0.220674
v -0.003086 0.032599 0.218299
v 0.002711 0.025589 0.221864
v 0.005255 0.038319 0.225590
v 0.013312 0.016290 0.228049
v 0.018743 0.019555 0.222542
v 0.019564 0.020384 0.221602
v -0.010436 0.015933 0.212718
v 0.000278 0.028258 0.220110
v 0.001758 0.027335 0.221342
v 0.001617 0.029673 0.221526
v -0.016081 0.038442 0.210733
v -0.013507 0.037195 0.212222
v -0.014542 0.038234 0.211540
v -0.005101 0.017690 0.215892
v -0.003814 0.016686 0.216718
v -0.003620 0.018247 0.216660
v -0.013669 0.027143 0.210205
v -0.012463 0.025263 0.210855
v -0.011099 0.026059 0.211875
v -0.005962 0.034010 0.216489
v -0.006875 0.033415 0.215857
v -0.004778 0.031400 0.216868
v -0.001745 0.016760 0.217898
v 0.000272 0.015737 0.219189
v 0.000004 0.017381 0.218992
v 0.000886 0.025488 0.220208
v 0.002546 0.023211 0.221567
v 0.002711 0.025589 0.221864
v -0.008741 0.015807 0.213865
v -0.007769 0.016452 0.214550
v -0.009090 0.016370 0.213632
v 0.003532 0.020202 0.222239
v 0.005113 0.017456 0.223337
v 0.005684 0.019329 0.224310
v 0.004694 0.025813 0.223958
v 0.003616 0.024141 0.222740
v 0.004674 0.023728 0.223801
v 0.007947 0.021045 0.226464
v 0.007720 0.022241 0.226614
v 0.006988 0.020599 0.225641
v 0.010218 0.017965 0.227252
v 0.008611 0.017701 0.226365
v 0.008644 0.016064 0.225447
v 0.005328 0.020886 0.224122
v -0.001901 0.022321 0.217580
v -0.003168 0.021939 0.216741
v -0.002273 0.021460 0.217390
v -0.012566 0.018814 0.210997
v -0.015024 0.019518 0.209219
v -0.014106 0.018070 0.209995
v 0.000825 0.018690 0.219620
v 0.001729 0.019982 0.220427
v -0.000113 0.021326 0.218887
v 0.004085 0.015971 0.222103
v 0.005456 0.015859 0.223259
v -0.007601 0.032960 0.215265
v -0.006985 0.020587 0.214552
v -0.008970 0.018979 0.213430
v -0.006881 0.017993 0.214753
v -0.010902 0.020550 0.211935
v -0.010230 0.022691 0.212329
v -0.012446 0.023305 0.210754
v -0.008897 0.023717 0.213199
v -0.008972 0.025229 0.213275
v -0.010537 0.024531 0.212208
v -0.007173 0.015614 0.214874
v -0.000606 0.018628 0.218565
v -0.002060 0.018794 0.217565
v -0.003262 0.019063 0.216874
v -0.003872 0.020267 0.216388
v -0.007987 0.033827 0.215213
v -0.008483 0.034852 0.214998
v -0.009790 0.034692 0.214182
v -0.005400 0.019302 0.215513
v -0.010781 0.018611 0.212269
v -0.011373 0.019231 0.211826
v 0.009805 0.016562 0.226410
v 0.005823 0.024331 0.224958
v -0.005648 0.016414 0.215612
v 0.005933 0.022408 0.225037
v -0.012035 0.035995 0.212920
v -0.011007 0.036325 0.213689
v -0.011866 0.038221 0.213396
v -0.011727 0.039115 0.213568
v -0.013494 0.039730 0.212540
v -0.011395 0.029497 0.212354
v -0.008341 0.028504 0.214061
v -0.010799 0.031057 0.212844
v 0.013312 0.016290 0.228049
v 0.002231 0.016600 0.220752
v 0.006985 0.016484 0.224613
v -0.012960 0.037780 0.212651
v 0.001253 0.022315 0.220133
v 0.007359 0.018700 0.225810
v -0.012398 0.015925 0.211336
v 0.004158 0.022180 0.223079
v -0.000367 0.030911 0.220040
v -0.003086 0.032599 0.218299
v -0.001721 0.029628 0.218787
v -0.002569 0.020620 0.217200
v -0.013409 0.029024 0.210778
v -0.010362 0.027389 0.212469
v -0.013089 0.020935 0.210377
v -0.005088 0.026446 0.215888
v -0.001386 0.024646 0.218195
v -0.003226 0.028312 0.217385
v -0.014967 0.022167 0.209085
v -0.014505 0.024832 0.209534
v -0.001180 0.020348 0.218050
v -0.008479 0.017383 0.213920
v -0.009879 0.017240 0.212904
v -0.011682 0.035168 0.213142
v -0.014068 0.036390 0.211677
v -0.012725 0.034798 0.212352
v -0.013586 0.030300 0.210902
v -0.013456 0.015933 0.210606
v -0.013376 0.016948 0.210475
v -0.013692 0.038823 0.212379
v -0.014520 0.038810 0.211730
v -0.008634 0.021757 0.213423
v -0.011565 0.017130 0.211817
v -0.002840 0.015766 0.217315
v -0.001373 0.015718 0.218269
v -0.012730 0.040509 0.213012
v -0.013611 0.041993 0.212706
v -0.015333 0.041873 0.211557
v -0.009920 0.033493 0.213894
v -0.003735 0.023734 0.216530
v -0.004579 0.022274 0.215941
v -0.005489 0.021230 0.215344
v -0.015270 0.035581 0.210816
v -0.013855 0.034271 0.211564
v -0.011251 0.032900 0.212946
v -0.012027 0.032375 0.212322
v 0.002840 0.018038 0.221410
v -0.015638 0.040308 0.211142
v -0.006540 0.023451 0.214728
v -0.007557 0.026353 0.214208
v 0.009702 0.019704 0.227675
v -0.007289 0.030669 0.215115
v 0.010233 0.016158 0.226526
v -0.009056 0.036936 0.214992
v -0.010348 0.039577 0.214423
v -0.010764 0.038350 0.214103
v -0.000821 0.027062 0.219105
v -0.004997 0.035663 0.217454
v 0.011603 0.017833 0.228032
v 0.010984 0.016551 0.227160
v 0.011829 0.016092 0.227478
v 0.008521 0.020784 0.226917
v -0.014398 0.015915 0.209887
v -0.011995 0.041236 0.213553
v 0.003702 0.016758 0.222014
v -0.013178 0.033218 0.211669
v -0.004153 0.015922 0.216464
v -0.011215 0.037247 0.213620
v 0.011714 0.019739 0.228748
v -0.013140 0.032213 0.211554
v -0.012802 0.030987 0.211604
v 0.012812 0.018417 0.228795
v 0.012443 0.017265 0.228293
v 0.010686 0.017228 0.227118
v -0.014973 0.033676 0.210608
v -0.015662 0.031828 0.209845
v -0.026592 0.124262 0.196040
v -0.027612 0.124031 0.194667
v -0.028500 0.124425 0.195597
v -0.042745 0.123882 0.184804
v -0.041897 0.124054 0.185674
v -0.040788 0.123691 0.185644
v -0.035772 0.086163 0.186236
v -0.037165 0.081159 0.185178
v -0.039489 0.081992 0.183852
v -0.026362 0.123659 0.194608
v -0.026797 0.123261 0.193728
v -0.027663 0.123677 0.193852
v -0.040702 0.123439 0.195631
v -0.039027 0.123643 0.196377
v -0.039696 0.123956 0.195074
v -0.030503 0.124594 0.197317
v -0.028536 0.124622 0.197266
v -0.031123 0.124506 0.195295
v -0.025795 0.079051 0.191780
v -0.019412 0.079963 0.195632
v -0.024239 0.075415 0.192843
v -0.040597 0.122885 0.184838
v -0.041798 0.123264 0.184413
v -0.035715 0.124467 0.194249
v -0.038809 0.124260 0.194127
v -0.036850 0.124160 0.195686
v -0.025957 0.122476 0.193755
v -0.025360 0.123173 0.194545
v -0.043640 0.098463 0.181773
v -0.039781 0.095396 0.183919
v -0.043866 0.091775 0.181370
v -0.014743 0.094820 0.198943
v -0.014330 0.089243 0.199023
v -0.017087 0.092509 0.197359
v -0.030627 0.079888 0.188827
v -0.025756 0.083264 0.191810
v -0.043841 0.122777 0.182751
v -0.043320 0.122996 0.183243
v -0.043166 0.122459 0.182984
v -0.034336 0.074973 0.186340
v -0.028592 0.074821 0.190001
v -0.034086 0.082129 0.187033
v -0.030468 0.086117 0.189237
v -0.024522 0.124603 0.200961
v -0.026220 0.124543 0.200783
v -0.025975 0.124345 0.201861
v -0.033127 0.124502 0.194811
v -0.033078 0.124458 0.193284
v -0.031590 0.110634 0.189509
v -0.037740 0.109502 0.185507
v -0.035913 0.112872 0.186886
v -0.025822 0.124537 0.197788
v -0.036008 0.118908 0.186955
v -0.037027 0.121359 0.186473
v -0.034418 0.120817 0.187989
v -0.041698 0.124253 0.186577
v -0.039436 0.123980 0.186994
v -0.024153 0.123174 0.195305
v -0.023045 0.122840 0.195875
v -0.024117 0.122278 0.194943
v -0.036380 0.124477 0.192082
v -0.039308 0.124433 0.191992
v -0.021684 0.122026 0.196388
v -0.022173 0.122704 0.196377
v -0.021378 0.122941 0.196965
v -0.042364 0.114332 0.182872
v -0.043103 0.123408 0.183788
v -0.044578 0.123823 0.183554
v -0.032880 0.121483 0.189077
v -0.032927 0.122598 0.189361
v -0.032036 0.122075 0.189758
v -0.046928 0.122284 0.180709
v -0.046171 0.122466 0.181190
v -0.047003 0.121375 0.180431
v -0.034245 0.094479 0.187278
v -0.032106 0.100765 0.188692
v -0.026533 0.099407 0.192049
v -0.037798 0.123934 0.196480
v -0.037520 0.123514 0.197718
v -0.033065 0.124454 0.196435
v -0.025283 0.124638 0.199533
v -0.023519 0.124645 0.199750
v -0.036658 0.123996 0.196749
v -0.036253 0.123829 0.197794
v -0.035736 0.124115 0.197174
v -0.032523 0.070477 0.187425
v -0.035363 0.071687 0.185691
v -0.027284 0.122800 0.192978
v -0.034771 0.122273 0.188029
v -0.038281 0.072300 0.184051
v -0.044382 0.123218 0.182781
v -0.028425 0.122676 0.192204
v -0.028420 0.123356 0.192766
v -0.020616 0.112923 0.196364
v -0.022200 0.106995 0.195236
v -0.025731 0.111713 0.193091
v -0.031572 0.124453 0.194191
v -0.030795 0.124327 0.193908
v -0.018547 0.099647 0.196863
v -0.022493 0.102820 0.194848
v -0.019132 0.103886 0.196990
v -0.038978 0.077400 0.183888
v -0.035230 0.078988 0.186083
v -0.033919 0.122722 0.200672
v -0.033571 0.122007 0.201436
v -0.032744 0.122495 0.201632
v -0.042534 0.122931 0.183648
v -0.040725 0.121832 0.184298
v -0.043458 0.121021 0.182452
v -0.041891 0.122473 0.183757
v -0.040694 0.124281 0.192666
v -0.040997 0.124061 0.193614
v -0.023404 0.120616 0.195046
v -0.025195 0.121496 0.194067
v -0.031677 0.119455 0.189638
v -0.029218 0.115459 0.191106
v -0.032860 0.116686 0.188913
v -0.027870 0.094086 0.191097
v -0.031128 0.121465 0.190228
v -0.029538 0.122976 0.191703
v -0.029544 0.122131 0.191335
v -0.033606 0.123367 0.189608
v -0.034148 0.122878 0.188749
v -0.045321 0.124139 0.190820
v -0.047682 0.123958 0.189533
v -0.046786 0.123689 0.190972
v -0.031588 0.090429 0.188823
v -0.044591 0.124185 0.184459
v -0.036855 0.122789 0.187083
v -0.021142 0.094870 0.194972
v -0.042065 0.124190 0.192620
v -0.022428 0.123161 0.196526
v -0.023557 0.123597 0.196229
v -0.041957 0.123679 0.194167
v -0.042040 0.124518 0.189423
v -0.044973 0.124404 0.189361
v -0.042515 0.124350 0.191333
v -0.027281 0.121599 0.192645
v -0.023417 0.117413 0.194791
v -0.021293 0.120140 0.196270
v -0.018918 0.118781 0.197492
v -0.043545 0.124003 0.192224
v -0.042430 0.124010 0.193221
v -0.026121 0.123951 0.195470
v -0.029309 0.124168 0.194059
v -0.028990 0.123809 0.193315
v -0.028178 0.124444 0.200182
v -0.028639 0.124071 0.201384
v -0.025618 0.072944 0.191995
v -0.026811 0.068659 0.191156
v -0.037348 0.122023 0.198593
v -0.036403 0.122665 0.199089
v -0.037878 0.122839 0.198048
v -0.017379 0.109245 0.198384
v -0.018319 0.105949 0.197705
v -0.019689 0.091051 0.195791
v -0.032120 0.123819 0.191305
v -0.032001 0.123232 0.190454
v -0.024282 0.091661 0.193080
v -0.043457 0.123752 0.193211
v -0.015349 0.115919 0.199648
v -0.019784 0.116223 0.196919
v -0.036326 0.124126 0.189558
v -0.035455 0.123693 0.188915
v -0.037143 0.123767 0.188161
v -0.039838 0.124270 0.188055
v -0.031837 0.124174 0.192606
v -0.033033 0.124194 0.191755
v -0.045269 0.123524 0.192609
v -0.027351 0.123830 0.202784
v -0.044716 0.122398 0.182050
v -0.045635 0.122997 0.181747
v -0.028335 0.090218 0.190734
v -0.047114 0.123005 0.180950
v -0.038498 0.122934 0.186058
v -0.037971 0.123495 0.187120
v -0.026908 0.124609 0.198681
v -0.043553 0.124175 0.185118
v -0.044551 0.124380 0.185416
v -0.042833 0.124207 0.185532
v -0.038280 0.124054 0.188201
v -0.031089 0.122596 0.190602
v -0.014866 0.104197 0.199628
v -0.020385 0.122415 0.197229
v -0.035812 0.068496 0.185462
v -0.032106 0.062663 0.187786
v -0.034158 0.123939 0.190377
v -0.022134 0.123593 0.197152
v -0.024764 0.124174 0.196684
v -0.046182 0.123651 0.182225
v -0.018895 0.121760 0.197890
v -0.040075 0.119625 0.184480
v -0.030551 0.123994 0.192772
v -0.025854 0.088264 0.192065
v -0.034889 0.124293 0.191276
v -0.018971 0.086750 0.196181
v -0.022315 0.088969 0.194168
v -0.039149 0.123551 0.186267
v -0.039640 0.123192 0.185613
v -0.042279 0.081008 0.182087
v -0.025049 0.123683 0.195412
v -0.021840 0.072369 0.194348
v -0.022274 0.067695 0.193990
v -0.039685 0.103905 0.184308
v -0.039979 0.100205 0.184042
v -0.013420 0.098897 0.200049
v -0.047588 0.123561 0.181343
v -0.046577 0.124214 0.183277
v -0.028385 0.124586 0.198777
v -0.042178 0.108689 0.182794
v -0.046071 0.108466 0.180540
v -0.026479 0.124616 0.199880
v -0.033338 0.114338 0.188580
v -0.041480 0.124490 0.188031
v -0.040620 0.087722 0.183325
v -0.037413 0.124382 0.190330
v -0.038296 0.124300 0.189116
v -0.039679 0.124457 0.189292
v -0.038159 0.123813 0.187638
v -0.035195 0.123116 0.188298
v -0.048127 0.123924 0.181751
v -0.046358 0.124216 0.189437
v -0.036512 0.100529 0.186086
v -0.039131 0.122954 0.197023
v -0.029382 0.103241 0.190493
v -0.025753 0.103835 0.192875
v -0.034926 0.121815 0.200461
v -0.029363 0.120813 0.191224
v -0.033709 0.105334 0.187916
v -0.028043 0.107050 0.191529
v -0.036485 0.123395 0.187887
v -0.023675 0.124399 0.198313
v -0.030406 0.123501 0.191790
v -0.038833 0.124481 0.190689
v -0.027626 0.119186 0.192219
v -0.045148 0.103937 0.181029
v -0.032278 0.124213 0.198561
v -0.030591 0.124149 0.200255
v -0.030425 0.124473 0.198717
v -0.022616 0.085657 0.193838
v -0.022951 0.062777 0.193435
v -0.036488 0.115682 0.186704
v -0.035054 0.122987 0.199808
v -0.037770 0.122414 0.186192
v -0.038940 0.121938 0.185368
v -0.032209 0.123950 0.199807
v -0.031614 0.124478 0.197744
v -0.047983 0.124468 0.184066
v -0.048960 0.124261 0.182374
v -0.039582 0.122647 0.185224
v -0.043638 0.124499 0.187158
v -0.045942 0.124337 0.184336
v -0.022977 0.124059 0.197564
v -0.038363 0.122267 0.197928
v -0.034473 0.123936 0.198791
v -0.035037 0.123687 0.199165
v -0.033467 0.123801 0.199636
v -0.038373 0.124099 0.195288
v -0.025354 0.120034 0.193760
v -0.043221 0.118573 0.182438
v -0.046763 0.118427 0.180348
v -0.038761 0.117360 0.185289
v -0.045556 0.124502 0.187580
v -0.046131 0.124521 0.185980
v -0.049027 0.124476 0.185606
v -0.034172 0.124131 0.197836
v -0.035100 0.123903 0.198191
v -0.035687 0.123297 0.199233
v -0.036238 0.123449 0.198634
v -0.035089 0.124329 0.196264
v -0.047706 0.124326 0.187909
v -0.029020 0.123632 0.202231
v -0.030284 0.123658 0.201535
v -0.034072 0.123342 0.200177
v -0.039832 0.066170 0.183082
v -0.033709 0.123092 0.200628
v -0.033119 0.123205 0.200877
v -0.036361 0.017157 0.195380
v -0.037975 0.017884 0.193927
v -0.037726 0.016247 0.194292
v -0.019970 0.032092 0.207245
v -0.023745 0.031984 0.205194
v -0.021674 0.028585 0.205709
v -0.021044 0.015589 0.205642
v -0.015673 0.039205 0.211002
v -0.016081 0.038442 0.210733
v -0.014542 0.038234 0.211540
v -0.033492 0.027355 0.198802
v -0.031848 0.028572 0.200143
v -0.033482 0.032632 0.199626
v -0.018519 0.016261 0.207118
v -0.021333 0.016509 0.205339
v -0.024913 0.040068 0.205756
v -0.024064 0.042516 0.206502
v -0.025887 0.041563 0.205346
v -0.014106 0.018070 0.209995
v -0.015509 0.017082 0.209048
v -0.013376 0.016948 0.210475
v -0.016792 0.023844 0.207991
v -0.018458 0.024830 0.207070
v -0.017990 0.022876 0.207064
v -0.024033 0.019086 0.203696
v -0.023444 0.017168 0.204083
v -0.022484 0.018061 0.204589
v -0.023707 0.021777 0.203795
v -0.025369 0.021021 0.202878
v -0.038069 0.021713 0.194096
v -0.036619 0.022655 0.195506
v -0.038297 0.023989 0.194423
v -0.029020 0.028504 0.201750
v -0.027984 0.030520 0.202678
v -0.029177 0.030898 0.202027
v -0.041551 0.031276 0.193828
v -0.039313 0.031596 0.195549
v -0.041001 0.033690 0.194648
v -0.034922 0.031877 0.198602
v -0.035762 0.030253 0.197748
v -0.036166 0.015718 0.195633
v -0.037958 0.029429 0.196094
v -0.039267 0.029774 0.195133
v -0.035228 0.022689 0.196706
v -0.035002 0.020225 0.196613
v -0.038390 0.026142 0.194948
v -0.040222 0.025195 0.193260
v -0.021759 0.023060 0.204953
v -0.019561 0.022642 0.206108
v -0.020393 0.025485 0.205901
v -0.029702 0.035320 0.202310
v -0.029631 0.033303 0.202160
v -0.028806 0.035167 0.202759
v -0.023966 0.015905 0.203991
v -0.025025 0.023565 0.203252
v -0.013409 0.029024 0.210778
v -0.013586 0.030300 0.210902
v -0.015010 0.030190 0.210040
v -0.027909 0.026919 0.202167
v -0.029176 0.024799 0.201313
v -0.028133 0.024649 0.201810
v -0.023164 0.035650 0.206114
v -0.025275 0.037281 0.205143
v -0.025209 0.034725 0.204762
v -0.028159 0.033759 0.202990
v -0.027232 0.035775 0.203862
v -0.020961 0.034963 0.207295
v -0.022183 0.033765 0.206439
v -0.026153 0.017081 0.202627
v -0.017112 0.018257 0.207898
v -0.017789 0.020652 0.207169
v -0.019013 0.017917 0.206716
v -0.030636 0.016712 0.200063
v -0.032206 0.016487 0.198888
v -0.015270 0.035581 0.210816
v -0.014068 0.036390 0.211677
v -0.017420 0.037312 0.209774
v -0.020800 0.018288 0.205564
v -0.021999 0.019124 0.204734
v -0.031320 0.039619 0.201736
v -0.032490 0.042887 0.201243
v -0.033704 0.040079 0.200273
v -0.028653 0.018173 0.201255
v -0.029719 0.017192 0.200554
v -0.028919 0.016432 0.201127
v -0.026832 0.021910 0.202255
v -0.022086 0.020633 0.204574
v -0.029257 0.037548 0.202881
v -0.034542 0.037614 0.199399
v -0.036098 0.041008 0.198791
v -0.036459 0.038365 0.198286
v -0.035807 0.032150 0.197994
v -0.037333 0.024799 0.195400
v -0.036195 0.026457 0.196653
v -0.020796 0.037474 0.207756
v -0.022271 0.040367 0.207291
v -0.023355 0.038543 0.206437
v -0.037334 0.036747 0.197527
v -0.037436 0.033913 0.197281
v -0.036134 0.033834 0.198064
v -0.038754 0.040553 0.197012
v -0.034337 0.017788 0.197210
v -0.031927 0.018503 0.199227
v -0.014398 0.015915 0.209887
v -0.026837 0.024928 0.202555
v -0.026050 0.028798 0.203428
v -0.030679 0.032653 0.201419
v -0.031776 0.032662 0.200845
v -0.030315 0.029389 0.201186
v -0.019645 0.029632 0.207048
v -0.031449 0.044552 0.202167
v -0.030783 0.042986 0.202429
v -0.023335 0.024414 0.204162
v -0.021684 0.042346 0.207864
v -0.022646 0.044468 0.207437
v -0.027002 0.039387 0.204423
v -0.039387 0.021073 0.193079
v -0.039811 0.019145 0.192631
v -0.038385 0.019695 0.193655
v -0.036894 0.019786 0.194880
v -0.036679 0.018147 0.195026
v -0.019390 0.039834 0.208848
v -0.019158 0.027641 0.206939
v -0.027821 0.032489 0.202991
v -0.028560 0.032296 0.202505
v -0.027110 0.042121 0.204724
v -0.020910 0.043472 0.208400
v -0.037665 0.031199 0.196592
v -0.029456 0.044208 0.203331
v -0.030316 0.045063 0.202815
v -0.028916 0.046551 0.203814
v -0.016810 0.029347 0.208708
v -0.027934 0.023175 0.201775
v -0.034855 0.018696 0.196686
v -0.033417 0.022013 0.198075
v -0.016466 0.015676 0.208407
v -0.035432 0.035094 0.198707
v -0.015638 0.040308 0.211142
v -0.017708 0.040579 0.209936
v -0.023331 0.026586 0.204400
v -0.022132 0.025715 0.204964
v -0.039617 0.035044 0.195873
v -0.023728 0.040388 0.206409
v -0.016619 0.026375 0.208282
v -0.015024 0.019518 0.209219
v -0.022055 0.017031 0.204907
v -0.022160 0.017556 0.204765
v -0.020952 0.021472 0.205343
v -0.019877 0.042063 0.208907
v -0.018707 0.043318 0.209640
v -0.028580 0.021031 0.201323
v -0.030379 0.018326 0.200203
v -0.040481 0.028202 0.194021
v -0.035648 0.018496 0.195968
v -0.026809 0.019495 0.202271
v -0.039475 0.033468 0.195713
v -0.015333 0.015931 0.209157
v -0.030793 0.035396 0.201594
v -0.025842 0.043796 0.205494
v -0.024893 0.044256 0.206190
v -0.024528 0.045746 0.206524
v -0.015662 0.031828 0.209845
v -0.017663 0.034909 0.209168
v -0.014973 0.033676 0.210608
v -0.022697 0.016486 0.204673
v -0.030848 0.024865 0.200284
v -0.031168 0.020977 0.199833
v -0.029836 0.021989 0.200645
v -0.031932 0.025906 0.199745
v -0.014967 0.022167 0.209085
v -0.014505 0.024832 0.209534
v -0.028339 0.044610 0.204125
v -0.032796 0.036561 0.200494
v -0.026642 0.032677 0.203690
v -0.024951 0.026343 0.203640
v -0.034480 0.043958 0.200081
v -0.040146 0.020768 0.192374
v -0.021482 0.044952 0.208250
v -0.020462 0.020214 0.205599
v -0.033736 0.038066 0.200075
v -0.023977 0.028619 0.204485
v -0.039330 0.022846 0.193437
v -0.038305 0.028104 0.195497
v -0.027441 0.043709 0.204572
v -0.013669 0.027143 0.210205
v -0.026818 0.046361 0.205169
v -0.014520 0.038810 0.211730
v -0.032001 0.023889 0.199494
v -0.024179 0.025240 0.203794
v -0.029804 0.019852 0.200607
v -0.028879 0.041791 0.203473
v -0.015591 0.034773 0.210472
v -0.039616 0.037537 0.196150
v -0.040518 0.022645 0.192364
v -0.015333 0.041873 0.211557
v -0.039682 0.016319 0.193039
v -0.013855 0.034271 0.211564
v 0.058528 0.017432 0.157270
v 0.057561 0.016959 0.158594
v 0.057979 0.017868 0.158685
v 0.051794 0.017811 0.167791
v 0.051141 0.018299 0.168945
v 0.051981 0.018621 0.167819
v 0.047311 0.017399 0.174549
v 0.046014 0.016813 0.175221
v 0.046330 0.017555 0.176118
v 0.043867 0.015525 0.159138
v 0.056248 0.019282 0.161902
v 0.054710 0.017834 0.163584
v 0.054430 0.019214 0.164371
v 0.038074 0.015907 0.141978
v 0.040895 0.015890 0.141615
v 0.038710 0.015883 0.140015
v 0.035860 0.015618 0.166600
v 0.036835 0.015583 0.162823
v 0.033935 0.015711 0.163744
v 0.042942 0.015510 0.162061
v 0.047815 0.019955 0.174836
v 0.046575 0.020484 0.176522
v 0.048123 0.021548 0.173898
v 0.038449 0.015518 0.169077
v 0.039961 0.015505 0.165140
v 0.025868 0.015837 0.150198
v 0.027334 0.015801 0.150661
v 0.027214 0.015852 0.148816
v 0.029397 0.015898 0.172717
v 0.032183 0.015772 0.174870
v 0.034213 0.015710 0.171659
v 0.021652 0.015894 0.164574
v 0.021055 0.015715 0.167477
v 0.023958 0.015947 0.166614
v 0.043878 0.015769 0.172347
v 0.041361 0.015617 0.174582
v 0.043049 0.016015 0.175909
v 0.052885 0.016921 0.165425
v 0.052996 0.018083 0.166076
v 0.059307 0.031340 0.155021
v 0.058665 0.028016 0.156450
v 0.057384 0.029661 0.158094
v 0.029886 0.015813 0.151577
v 0.027654 0.015887 0.156203
v 0.032170 0.015741 0.156037
v 0.031814 0.015873 0.162408
v 0.028963 0.016019 0.162856
v 0.031607 0.015914 0.166147
v 0.058434 0.022794 0.158460
v 0.056740 0.022914 0.160817
v 0.058690 0.025372 0.157223
v 0.036895 0.015811 0.138207
v 0.034802 0.015808 0.140196
v 0.037132 0.015880 0.140338
v 0.050103 0.022009 0.170578
v 0.050557 0.025128 0.168956
v 0.052456 0.022759 0.166903
v 0.038914 0.015702 0.148978
v 0.035986 0.015783 0.149679
v 0.037609 0.015659 0.152576
v 0.057648 0.016089 0.156254
v 0.058393 0.016294 0.155002
v 0.057204 0.015804 0.155715
v 0.056959 0.018290 0.160546
v 0.019267 0.015527 0.167045
v 0.016306 0.015532 0.165051
v 0.033293 0.015689 0.132649
v 0.031811 0.015676 0.128960
v 0.030285 0.015644 0.132074
v 0.041937 0.015626 0.151200
v 0.041347 0.015725 0.147238
v 0.034152 0.015791 0.152555
v 0.025825 0.015922 0.170613
v 0.027650 0.016085 0.166380
v 0.049284 0.018491 0.172130
v 0.050142 0.019574 0.170826
v 0.050171 0.017890 0.170369
v 0.050916 0.017270 0.168561
v 0.050068 0.017019 0.169512
v 0.049332 0.016948 0.170259
v 0.051928 0.021024 0.167975
v 0.051896 0.017270 0.167136
v 0.059448 0.020160 0.157244
v 0.058628 0.019190 0.158343
v 0.058926 0.021052 0.158007
v 0.059995 0.017642 0.154159
v 0.059444 0.016758 0.153636
v 0.059149 0.016975 0.155003
v 0.055726 0.020622 0.162770
v 0.045303 0.016077 0.172823
v 0.046718 0.015777 0.169189
v 0.033448 0.015661 0.137055
v 0.029868 0.015579 0.135400
v 0.050624 0.018871 0.169953
v 0.029971 0.015834 0.146507
v 0.027183 0.015730 0.143564
v 0.025227 0.015792 0.145746
v 0.060866 0.018443 0.153170
v 0.060239 0.018688 0.155016
v 0.060987 0.019355 0.153798
v 0.054282 0.016775 0.163435
v 0.028370 0.015968 0.170934
v 0.037017 0.015849 0.147632
v 0.038624 0.015887 0.145182
v 0.048479 0.019401 0.173739
v 0.048370 0.017933 0.173543
v 0.047790 0.017019 0.173155
v 0.047560 0.018621 0.175106
v 0.058133 0.016570 0.156796
v 0.056945 0.016341 0.158680
v 0.061558 0.019346 0.152452
v 0.061381 0.018127 0.151331
v 0.048698 0.017368 0.172402
v 0.061046 0.017185 0.149866
v 0.060099 0.016675 0.150538
v 0.060525 0.017177 0.151247
v 0.025607 0.015993 0.158131
v 0.026675 0.016070 0.160163
v 0.048238 0.016796 0.171572
v 0.046639 0.016554 0.173202
v 0.033371 0.015864 0.143773
v 0.031599 0.015686 0.141535
v 0.031897 0.015821 0.144332
v 0.050873 0.015616 0.145292
v 0.053674 0.015555 0.145646
v 0.059908 0.016239 0.148699
v 0.060868 0.016101 0.146407
v 0.058810 0.015824 0.148206
v 0.055709 0.017130 0.161720
v 0.029480 0.015991 0.169574
v 0.028317 0.015621 0.132709
v 0.051971 0.016021 0.164586
v 0.052695 0.015891 0.162713
v 0.050080 0.015845 0.166027
v 0.048745 0.016580 0.170127
v 0.047933 0.016273 0.170125
v 0.049955 0.016555 0.168468
v 0.046904 0.016890 0.174027
v 0.051323 0.019701 0.168986
v 0.054592 0.023442 0.163622
v 0.055369 0.021826 0.163003
v 0.040441 0.015700 0.177614
v 0.040525 0.015907 0.137568
v 0.037193 0.015773 0.134497
v 0.025610 0.015554 0.140113
v 0.028436 0.015586 0.141637
v 0.028526 0.015525 0.139035
v 0.036511 0.015945 0.141457
v 0.035519 0.015893 0.142905
v 0.058443 0.016042 0.153285
v 0.058218 0.015778 0.150917
v 0.039169 0.015541 0.155934
v 0.035665 0.015626 0.156285
v 0.049216 0.017341 0.171429
v 0.059327 0.017616 0.155804
v 0.055515 0.015573 0.157616
v 0.056617 0.015935 0.157911
v 0.046779 0.015630 0.149817
v 0.044627 0.015637 0.146232
v 0.045033 0.016338 0.174703
v 0.044344 0.016504 0.176317
v 0.030210 0.015867 0.159388
v 0.033835 0.015656 0.160170
v 0.042270 0.015558 0.171709
v 0.053713 0.015641 0.159993
v 0.054658 0.015945 0.160600
v 0.053214 0.026429 0.164758
v 0.054839 0.016439 0.161973
v 0.055880 0.016193 0.159904
v 0.057132 0.015530 0.149922
v 0.051613 0.016313 0.165905
v 0.039952 0.015611 0.175752
v 0.039173 0.015527 0.173236
v 0.034549 0.015905 0.146334
v 0.049258 0.020285 0.172264
v 0.030971 0.015571 0.138552
v 0.059240 0.016188 0.151264
v 0.059685 0.016630 0.152113
v 0.041854 0.015748 0.144630
v 0.025216 0.015926 0.157187
v 0.022624 0.016006 0.159908
v 0.060371 0.017433 0.152614
v 0.047605 0.015627 0.141879
v 0.048183 0.015651 0.146629
v 0.044767 0.015546 0.168911
v 0.046081 0.018554 0.177050
v 0.021607 0.015668 0.153389
v 0.020636 0.015758 0.156820
v 0.023883 0.015860 0.155918
v 0.033011 0.015851 0.149487
v 0.062219 0.020483 0.151679
v 0.061333 0.020394 0.153509
v 0.029854 0.015759 0.143656
v 0.053342 0.016241 0.163678
v 0.024104 0.016035 0.162855
v 0.062140 0.019265 0.151106
v 0.062286 0.018671 0.149955
v 0.052844 0.020907 0.166707
v 0.057390 0.020981 0.160343
v 0.042931 0.015510 0.155826
v 0.024452 0.015717 0.142570
v 0.034063 0.015714 0.175776
v 0.036425 0.015591 0.175898
v 0.061415 0.016761 0.148006
v 0.060418 0.016592 0.149305
v 0.058722 0.015679 0.145925
v 0.057322 0.015610 0.148034
v 0.043268 0.015808 0.140194
v 0.060600 0.019836 0.154903
v 0.056450 0.026578 0.160112
v 0.055084 0.028835 0.161577
v 0.051601 0.015605 0.161606
v 0.032462 0.015640 0.139370
v 0.056882 0.017309 0.160011
v 0.059815 0.019534 0.156425
v 0.060444 0.021271 0.155411
v 0.025832 0.015789 0.152534
v 0.064068 0.020754 0.148539
v 0.063194 0.022058 0.150015
v 0.065180 0.022146 0.146945
v 0.044868 0.017052 0.177296
v 0.053218 0.015532 0.142179
v 0.055753 0.015508 0.147176
v 0.061809 0.017855 0.149794
v 0.051370 0.016804 0.167169
v 0.056322 0.016634 0.160217
v 0.019331 0.015797 0.163164
v 0.019111 0.015898 0.161152
v 0.037005 0.015574 0.159216
v 0.054051 0.016449 0.163189
v 0.063087 0.019895 0.149769
v 0.060734 0.027051 0.153373
v 0.059847 0.023433 0.156056
v 0.040287 0.015518 0.160289
v 0.038629 0.015586 0.177042
v 0.045517 0.015534 0.153087
v 0.064478 0.031454 0.147391
v 0.061498 0.035594 0.151901
v 0.066018 0.037452 0.145413
v 0.023770 0.015724 0.151086
v 0.057635 0.019623 0.160014
v 0.045019 0.015833 0.137724
v 0.018510 0.015807 0.159033
v 0.041568 0.016255 0.179396
v 0.043442 0.016507 0.177754
v 0.024229 0.015866 0.148688
v 0.059606 0.016285 0.150053
v 0.061166 0.023762 0.153624
v 0.062342 0.024396 0.151344
v 0.061776 0.022064 0.152640
v 0.061866 0.030538 0.151155
v 0.063169 0.027564 0.149450
v 0.026086 0.016085 0.163692
v 0.066810 0.033012 0.144047
v 0.066560 0.029716 0.144235
v 0.059151 0.018371 0.156916
v 0.021511 0.015703 0.150245
v 0.054094 0.021010 0.164908
v 0.061888 0.017404 0.148799
v 0.052816 0.019587 0.166835
v 0.062511 0.018074 0.148775
v 0.028937 0.015583 0.129606
v 0.065577 0.026353 0.145913
v 0.063850 0.024516 0.148860
v 0.043705 0.015700 0.142867
v 0.020092 0.015651 0.168615
v 0.020049 0.015688 0.167913
v 0.025623 0.015511 0.135236
v 0.057250 0.015508 0.143848
v 0.018421 0.015597 0.170071
v 0.063050 0.018807 0.148904
v 0.021690 0.015752 0.169807
v 0.012949 0.074559 0.230773
v 0.013631 0.074091 0.230069
v 0.013589 0.075030 0.230124
v 0.012272 0.060183 0.231373
v 0.012264 0.061992 0.231446
v 0.011951 0.060299 0.231726
v -0.002263 0.066651 0.221381
v -0.002808 0.067459 0.220977
v -0.002729 0.064350 0.220990
v -0.009704 0.069167 0.216595
v -0.008308 0.068860 0.217566
v -0.009605 0.071300 0.216758
v -0.000017 0.061422 0.222859
v -0.000263 0.060484 0.222579
v 0.001078 0.060714 0.223527
v -0.007513 0.067987 0.217981
v -0.006820 0.069033 0.218483
v -0.000455 0.078935 0.223202
v -0.000487 0.075473 0.222918
v 0.000197 0.077560 0.223498
v 0.014802 0.075531 0.226493
v 0.014481 0.077400 0.227315
v 0.014414 0.075804 0.227622
v 0.012435 0.073022 0.231408
v 0.012728 0.073577 0.230987
v 0.012516 0.073694 0.231334
v 0.007020 0.055440 0.227796
v 0.008252 0.055441 0.228786
v 0.008304 0.056863 0.229030
v 0.011838 0.063961 0.231599
v 0.012332 0.064077 0.231338
v 0.012193 0.064864 0.231532
v 0.005580 0.050437 0.226473
v 0.005494 0.052444 0.226650
v 0.004542 0.051130 0.225771
v 0.014486 0.067933 0.228295
v 0.014490 0.069055 0.228831
v 0.014233 0.068371 0.229275
v 0.013012 0.075580 0.230642
v 0.012554 0.063334 0.230771
v 0.012942 0.062193 0.230218
v 0.012963 0.064352 0.230311
v 0.000844 0.063732 0.223444
v 0.000715 0.065708 0.223321
v -0.000181 0.064424 0.222804
v -0.004733 0.065895 0.219726
v -0.004803 0.062992 0.219606
v -0.000620 0.054819 0.222059
v -0.001058 0.051643 0.221498
v 0.001183 0.052293 0.223239
v 0.004649 0.066615 0.226036
v 0.005399 0.067880 0.226598
v 0.004747 0.067921 0.226062
v -0.001988 0.078124 0.222125
v -0.001430 0.081281 0.222541
v -0.003792 0.076790 0.220714
v -0.002883 0.080126 0.221487
v 0.013681 0.064467 0.229889
v 0.014018 0.066618 0.229241
v 0.013279 0.066273 0.230132
v -0.000508 0.068328 0.222527
v -0.001207 0.065912 0.222004
v 0.006178 0.064193 0.227402
v 0.007615 0.064089 0.228504
v 0.006391 0.066133 0.227445
v 0.000170 0.062612 0.222956
v 0.000003 0.057835 0.222658
v 0.002156 0.056613 0.224145
v 0.000784 0.058852 0.223292
v -0.001017 0.063910 0.222119
v 0.002441 0.050729 0.224077
v 0.003546 0.049200 0.224961
v 0.003396 0.052533 0.224840
v 0.001432 0.049212 0.223198
v -0.007091 0.081404 0.218600
v -0.006698 0.078930 0.218909
v -0.005381 0.079230 0.219789
v 0.013385 0.073307 0.230356
v 0.013963 0.073209 0.229311
v -0.012126 0.072139 0.215143
v -0.010974 0.069658 0.215829
v 0.005796 0.064996 0.226940
v 0.005145 0.063843 0.226496
v 0.000218 0.056382 0.222675
v -0.001847 0.058038 0.221414
v -0.000938 0.062266 0.222140
v -0.010221 0.074171 0.216424
v -0.012226 0.076029 0.215024
v -0.013673 0.074569 0.214063
v -0.003603 0.060983 0.220247
v -0.006872 0.063377 0.218250
v -0.007491 0.065297 0.217966
v -0.007759 0.063267 0.217630
v -0.005321 0.061238 0.219116
v -0.006099 0.062547 0.218778
v 0.009436 0.069978 0.229796
v 0.008995 0.072553 0.229574
v 0.007804 0.071260 0.228683
v -0.006034 0.064218 0.218896
v -0.007938 0.074527 0.217847
v -0.008660 0.075477 0.217378
v -0.010427 0.068399 0.216216
v -0.009392 0.066608 0.216840
v -0.003086 0.055314 0.220322
v 0.013798 0.072142 0.229840
v 0.014287 0.072202 0.228768
v -0.000620 0.059222 0.222206
v 0.014131 0.069539 0.229475
v 0.014530 0.069881 0.228787
v 0.014351 0.070965 0.229170
v -0.008394 0.072959 0.217529
v -0.007592 0.071379 0.218100
v 0.012581 0.076222 0.231168
v 0.012201 0.077367 0.231721
v 0.011756 0.076234 0.231630
v 0.010529 0.067187 0.230716
v 0.009945 0.066155 0.230291
v 0.010292 0.065569 0.230625
v 0.012075 0.062993 0.231580
v 0.011570 0.061687 0.231546
v 0.010689 0.071649 0.230741
v 0.011533 0.072667 0.231453
v 0.010427 0.073969 0.230615
v 0.012380 0.065404 0.231314
v 0.012100 0.065439 0.231675
v 0.012588 0.078186 0.231151
v 0.012840 0.077250 0.230758
v 0.012422 0.068034 0.231167
v 0.011826 0.066423 0.231708
v 0.012470 0.066524 0.231290
v 0.009298 0.078195 0.230204
v 0.010684 0.075900 0.231020
v 0.010831 0.077341 0.231152
v -0.001937 0.068338 0.221592
v -0.001331 0.071581 0.222161
v 0.004404 0.071662 0.226001
v 0.006189 0.072324 0.227437
v 0.004567 0.073852 0.226438
v -0.007291 0.073156 0.218309
v 0.008962 0.076655 0.229905
v 0.007759 0.076855 0.229069
v 0.008271 0.075006 0.229315
v 0.012821 0.069126 0.230640
v 0.013449 0.070659 0.230310
v 0.012646 0.070427 0.230982
v 0.002637 0.071051 0.224723
v 0.004405 0.069698 0.225846
v -0.000029 0.071168 0.222915
v 0.000477 0.070659 0.223352
v 0.000924 0.071234 0.223605
v 0.006412 0.077022 0.228037
v 0.007626 0.073079 0.228602
v 0.008112 0.072329 0.228871
v 0.009730 0.075459 0.230339
v 0.001264 0.076492 0.224223
v -0.001685 0.060770 0.221573
v 0.001492 0.054533 0.223512
v 0.014656 0.070422 0.228193
v 0.014523 0.071357 0.227962
v -0.006210 0.071319 0.218953
v -0.006927 0.061512 0.218140
v 0.002815 0.054590 0.224503
v 0.004860 0.053630 0.226102
v 0.014694 0.069248 0.227808
v -0.004956 0.069590 0.219662
v -0.006175 0.066799 0.218880
v 0.002862 0.067753 0.224666
v 0.001904 0.067852 0.224039
v 0.002021 0.066758 0.224136
v -0.006533 0.072775 0.218830
v -0.006761 0.074178 0.218611
v 0.002498 0.077803 0.225247
v 0.003665 0.079461 0.226119
v 0.002413 0.080086 0.225218
v -0.003731 0.067452 0.220479
v 0.003793 0.054485 0.225304
v 0.011329 0.059162 0.231450
v 0.010887 0.060174 0.231053
v -0.002904 0.073408 0.221126
v -0.002138 0.075202 0.221827
v 0.003109 0.055186 0.224852
v -0.009014 0.079909 0.217217
v -0.007495 0.076542 0.218171
v -0.005046 0.058715 0.219174
v 0.003605 0.055456 0.225159
v 0.004960 0.055353 0.226305
v 0.002491 0.058744 0.224439
v 0.003986 0.062291 0.225755
v 0.003959 0.064679 0.225588
v -0.004029 0.072859 0.220412
v -0.005463 0.074030 0.219484
v 0.007439 0.078256 0.228893
v -0.007093 0.067042 0.218239
v -0.007980 0.067228 0.217739
v 0.012785 0.067313 0.230561
v 0.013557 0.068437 0.229996
v 0.002870 0.060510 0.224872
v 0.001545 0.073743 0.224211
v 0.002824 0.075153 0.225272
v 0.008719 0.061365 0.229427
v 0.008561 0.062597 0.229357
v 0.007219 0.061711 0.228320
v -0.003151 0.070207 0.220923
v 0.003749 0.056140 0.225336
v 0.007239 0.053777 0.227835
v 0.007555 0.054474 0.228234
v 0.006328 0.054003 0.227178
v 0.004228 0.057209 0.225692
v 0.001914 0.062373 0.224212
v 0.001108 0.067780 0.223440
v 0.001960 0.068876 0.224162
v 0.006913 0.053166 0.227676
v 0.005903 0.062650 0.227150
v 0.003325 0.073225 0.225310
v 0.002716 0.072224 0.224829
v -0.010062 0.076451 0.216392
v 0.004442 0.076669 0.226597
v 0.006284 0.074708 0.227675
v 0.004074 0.059125 0.225739
v 0.001783 0.064075 0.224072
v 0.010929 0.064350 0.231128
v 0.009470 0.064022 0.229983
v 0.004197 0.060343 0.225909
v 0.005365 0.059605 0.226716
v 0.000293 0.072600 0.223133
v 0.005664 0.060999 0.226998
v 0.007334 0.059791 0.228357
v 0.006339 0.056795 0.227410
v -0.004511 0.080781 0.220290
v -0.002914 0.082625 0.221531
v 0.005857 0.058322 0.227121
v -0.005478 0.083909 0.219703
v 0.012599 0.065497 0.230739
v 0.007434 0.057966 0.228321
v 0.012445 0.074562 0.231484
v 0.013498 0.075876 0.230252
v 0.000315 0.069836 0.223101
v 0.013054 0.076468 0.230592
v 0.009590 0.068078 0.229995
v 0.009569 0.066811 0.230048
v 0.013895 0.074360 0.229124
v 0.002488 0.065110 0.224485
v 0.011727 0.075226 0.231550
v 0.008063 0.068946 0.228741
v 0.008703 0.067372 0.229325
v 0.008887 0.068629 0.229388
v 0.011968 0.070433 0.231561
v 0.012237 0.071476 0.231576
v 0.011839 0.071033 0.231612
v 0.011605 0.071523 0.231443
v 0.000959 0.079209 0.224161
v 0.009857 0.062390 0.230223
v 0.010821 0.062064 0.231045
v 0.014526 0.072286 0.227956
v 0.014423 0.072844 0.228382
v 0.010123 0.057826 0.230391
v 0.008821 0.058529 0.229469
v 0.004520 0.068587 0.225955
v 0.011073 0.066512 0.231331
v 0.003289 0.066509 0.225133
v 0.004014 0.067777 0.225532
v 0.001488 0.070276 0.223885
v 0.002737 0.063589 0.224873
v 0.009583 0.060282 0.230184
v 0.012712 0.071620 0.230947
v 0.007722 0.066828 0.228428
v 0.011626 0.064955 0.231597
v 0.011472 0.064142 0.231443
v 0.000068 0.081114 0.223702
v 0.009071 0.065675 0.229566
v 0.002901 0.069819 0.224794
v 0.012979 0.072415 0.230591
v 0.003487 0.068904 0.225252
v 0.005130 0.078969 0.227286
v 0.006175 0.078693 0.227963
v 0.005081 0.065235 0.226432
v 0.006349 0.069442 0.227425
v 0.005532 0.066208 0.226805
v 0.014279 0.074758 0.227772
v 0.014923 0.070375 0.227127
v 0.014944 0.072017 0.226836
v 0.014049 0.075936 0.229019
v 0.014075 0.077772 0.229122
v 0.001553 0.072057 0.224042
v 0.016330 0.075442 0.224454
v 0.015396 0.075754 0.225151
v 0.015846 0.074318 0.224891
v 0.013690 0.076659 0.229939
v 0.013448 0.077477 0.230263
v 0.016428 0.073617 0.224439
v 0.011564 0.068759 0.231513
v 0.012486 0.069330 0.231221
v 0.012051 0.058480 0.231575
v 0.014266 0.073623 0.228157
v 0.014621 0.072867 0.227593
v 0.008790 0.054766 0.229256
v 0.007888 0.053649 0.228459
v 0.012375 0.061124 0.230851
v 0.007281 0.052061 0.227957
v 0.015776 0.072355 0.225284
v -0.010265 0.078313 0.216411
v 0.011346 0.063243 0.231473
v -0.005589 0.077242 0.219530
v 0.009246 0.056059 0.229620
v 0.011411 0.077977 0.231444
v 0.014788 0.073584 0.226748
v 0.011612 0.074225 0.231410
v 0.015445 0.070769 0.225856
v 0.012266 0.070114 0.231387
v 0.010482 0.068831 0.230687
v 0.010920 0.069972 0.230930
v 0.011489 0.070634 0.231376
v 0.015321 0.074363 0.225605
v -0.094421 0.122596 0.150662
v -0.095392 0.122263 0.149720
v -0.095742 0.122937 0.150321
v -0.106360 0.122998 0.153891
v -0.105741 0.123333 0.153560
v -0.107000 0.123248 0.152874
v -0.102942 0.122885 0.156460
v -0.103568 0.122201 0.156620
v -0.102179 0.122563 0.157264
v -0.111662 0.123816 0.142429
v -0.095977 0.124086 0.155922
v -0.098661 0.124075 0.153395
v -0.099128 0.124048 0.154369
v -0.103148 0.123398 0.154945
v -0.101347 0.123651 0.155353
v -0.103123 0.123716 0.153944
v -0.103458 0.122304 0.144754
v -0.104204 0.122678 0.144568
v -0.102791 0.122763 0.145504
v -0.096487 0.124003 0.154129
v -0.098582 0.113379 0.147103
v -0.100321 0.116682 0.145904
v -0.095836 0.114108 0.149066
v -0.098579 0.123458 0.158000
v -0.097359 0.123245 0.159333
v -0.097032 0.123615 0.158384
v -0.108608 0.123624 0.150501
v -0.108541 0.123917 0.149049
v -0.109754 0.123695 0.149607
v -0.098627 0.123883 0.156338
v -0.101097 0.123947 0.154080
v -0.097838 0.122850 0.159886
v -0.099574 0.122389 0.159256
v -0.097892 0.122145 0.160545
v -0.107608 0.121376 0.154480
v -0.105364 0.121303 0.155894
v -0.105564 0.122282 0.155278
v -0.111976 0.123496 0.148748
v -0.111935 0.123199 0.149598
v -0.104617 0.123014 0.155055
v -0.104521 0.123371 0.154184
v -0.105435 0.123055 0.154344
v -0.110357 0.109111 0.139268
v -0.099332 0.123135 0.158323
v -0.100115 0.122789 0.158128
v -0.099300 0.122741 0.158805
v -0.099876 0.123558 0.156805
v -0.100662 0.123032 0.147294
v -0.100165 0.122286 0.146732
v -0.101441 0.122788 0.146410
v -0.098710 0.106066 0.146824
v -0.103982 0.107972 0.143533
v -0.099376 0.110230 0.146526
v -0.099691 0.123075 0.157830
v -0.099938 0.123056 0.157960
v -0.111991 0.122507 0.150869
v -0.107362 0.123865 0.150220
v -0.107284 0.123574 0.151526
v -0.105984 0.123896 0.150930
v -0.101542 0.112659 0.145149
v -0.105791 0.113458 0.142323
v -0.096143 0.122804 0.161268
v -0.111552 0.122950 0.150406
v -0.111353 0.123108 0.149989
v -0.105998 0.123603 0.152324
v -0.104629 0.123728 0.153086
v -0.098383 0.123087 0.158937
v -0.108688 0.124156 0.147028
v -0.106139 0.124050 0.149224
v -0.106208 0.122627 0.154322
v -0.107452 0.122758 0.153412
v -0.101114 0.124101 0.152678
v -0.103159 0.123933 0.152584
v -0.095743 0.123914 0.158129
v -0.110552 0.123864 0.148321
v -0.110963 0.123452 0.149564
v -0.096404 0.123346 0.159485
v -0.096276 0.123096 0.160261
v -0.099437 0.123297 0.157692
v -0.109757 0.123317 0.150640
v -0.111418 0.124066 0.146435
v -0.110476 0.124121 0.145507
v -0.103646 0.121468 0.144297
v -0.105257 0.121569 0.143400
v -0.104411 0.122148 0.144128
v -0.098117 0.123982 0.152359
v -0.100849 0.122579 0.157985
v -0.103598 0.124024 0.151001
v -0.107241 0.117992 0.141384
v -0.102882 0.119445 0.144411
v -0.111035 0.121012 0.152149
v -0.110724 0.122025 0.151946
v -0.105103 0.123840 0.146698
v -0.102163 0.123688 0.147924
v -0.105127 0.123578 0.145696
v -0.110927 0.123436 0.141665
v -0.109535 0.123850 0.143596
v -0.096880 0.122633 0.149186
v -0.112023 0.123172 0.140367
v -0.103094 0.124044 0.149420
v -0.108608 0.122790 0.141967
v -0.109702 0.122192 0.140715
v -0.110564 0.122894 0.140801
v -0.095319 0.123408 0.151657
v -0.093931 0.123118 0.151698
v -0.094944 0.123066 0.151065
v -0.111759 0.115030 0.138426
v -0.102489 0.123192 0.156224
v -0.103289 0.123098 0.155686
v -0.097181 0.123237 0.150131
v -0.097298 0.123702 0.151429
v -0.101516 0.122329 0.145870
v -0.099656 0.119983 0.146350
v -0.110815 0.123093 0.150415
v -0.102735 0.123240 0.146350
v -0.097220 0.122120 0.148439
v -0.097707 0.122546 0.148471
v -0.107729 0.123257 0.143125
v -0.106330 0.123234 0.144094
v -0.107185 0.122938 0.142953
v -0.107534 0.123597 0.144071
v -0.101843 0.122918 0.157003
v -0.101795 0.123280 0.156462
v -0.098866 0.123038 0.148458
v -0.099330 0.122677 0.147627
v -0.098429 0.122259 0.147767
v -0.111122 0.119991 0.139118
v -0.111359 0.119922 0.152192
v -0.108230 0.120029 0.140959
v -0.105592 0.120413 0.142791
v -0.101880 0.101721 0.144663
v -0.104991 0.103029 0.142762
v -0.106140 0.099293 0.141878
v -0.110847 0.098714 0.138677
v -0.108115 0.103324 0.140722
v -0.108593 0.123199 0.151970
v -0.099264 0.121416 0.146791
v -0.101440 0.121242 0.145469
v -0.111017 0.124072 0.143990
v -0.110387 0.122781 0.151362
v -0.097504 0.121180 0.147879
v -0.096228 0.121841 0.148962
v -0.109559 0.120188 0.153340
v -0.109320 0.121516 0.153111
v -0.104423 0.090493 0.142800
v -0.108844 0.093355 0.139839
v -0.102381 0.095377 0.144185
v -0.100478 0.122964 0.157693
v -0.107300 0.123956 0.145616
v -0.101607 0.122089 0.158056
v -0.095431 0.123725 0.152637
v -0.109102 0.122424 0.152702
v -0.103410 0.120540 0.144235
v -0.100198 0.123147 0.157385
v -0.111622 0.121161 0.139023
v -0.107667 0.122232 0.153993
v -0.104819 0.123840 0.151884
v -0.095611 0.120942 0.149064
v -0.099131 0.123565 0.149588
v -0.109237 0.123343 0.142423
v -0.103979 0.122711 0.155821
v -0.109721 0.121191 0.140272
v -0.105370 0.124022 0.147639
v -0.108216 0.085811 0.140106
v -0.111262 0.122062 0.139611
v -0.102247 0.123381 0.155749
v -0.110824 0.118234 0.152544
v -0.104509 0.123097 0.144959
v -0.100864 0.122775 0.157605
v -0.101125 0.123142 0.157113
v -0.101079 0.123375 0.156398
v -0.096927 0.119350 0.148089
v -0.107743 0.120921 0.141491
v -0.105732 0.122536 0.143621
v -0.107272 0.122436 0.142414
v -0.108325 0.121882 0.141459
v -0.095269 0.121632 0.149431
v -0.106696 0.121644 0.142409
v -0.109326 0.124088 0.145127
v -0.095910 0.123880 0.153247
v -0.100726 0.124072 0.151416
v -0.100110 0.123878 0.150273
v -0.102500 0.122044 0.145165
v -0.095260 0.117290 0.149281
v 0.014070 0.063671 0.229420
v 0.013681 0.064467 0.229889
v 0.013733 0.062682 0.229878
v 0.012791 0.058377 0.230199
v 0.013603 0.059018 0.229667
v 0.013073 0.060126 0.230126
v 0.013114 0.057451 0.229785
v 0.012775 0.057045 0.229992
v 0.018199 0.046967 0.222631
v 0.017595 0.048102 0.223143
v 0.017041 0.046863 0.223597
v 0.013672 0.061088 0.229867
v 0.012391 0.058747 0.230901
v 0.012235 0.056494 0.231101
v 0.012502 0.056531 0.230330
v 0.022984 0.078937 0.217420
v 0.021700 0.077319 0.219267
v 0.023473 0.076393 0.216839
v 0.010123 0.057826 0.230391
v 0.010059 0.055394 0.230265
v 0.011254 0.056380 0.231187
v 0.014053 0.060512 0.229342
v 0.015669 0.063206 0.225645
v 0.016071 0.062220 0.225185
v 0.016275 0.064490 0.224730
v 0.027054 0.046195 0.210942
v 0.029660 0.045254 0.206874
v 0.029010 0.049397 0.208024
v 0.016577 0.060527 0.224383
v 0.015922 0.060421 0.225439
v 0.015894 0.058360 0.225416
v 0.015991 0.070786 0.225130
v 0.015445 0.070769 0.225856
v 0.015830 0.069930 0.225302
v 0.012583 0.037284 0.230103
v 0.013409 0.038370 0.230248
v 0.012240 0.038964 0.230119
v 0.014210 0.062079 0.229226
v 0.024386 0.056674 0.215028
v 0.025867 0.057205 0.212633
v 0.025374 0.059881 0.213411
v 0.027810 0.071846 0.209706
v 0.027930 0.070378 0.209629
v 0.028643 0.070997 0.208264
v 0.026609 0.071435 0.211761
v 0.022855 0.043294 0.217037
v 0.022210 0.037915 0.218072
v 0.024015 0.039952 0.215209
v 0.017667 0.052089 0.223268
v 0.017402 0.053246 0.223396
v 0.017319 0.051397 0.223596
v 0.013645 0.057151 0.229516
v 0.013161 0.055988 0.229849
v 0.012446 0.053275 0.230583
v 0.012387 0.051683 0.230845
v 0.012805 0.052200 0.230187
v 0.009007 0.046647 0.228661
v 0.008511 0.048141 0.228479
v 0.008023 0.046131 0.228045
v 0.022104 0.066672 0.218572
v 0.021340 0.064569 0.219462
v 0.022587 0.064231 0.217806
v 0.015926 0.068811 0.225332
v 0.015371 0.069539 0.226083
v 0.015083 0.068245 0.226802
v 0.012300 0.041257 0.230337
v 0.013267 0.040972 0.230436
v 0.012825 0.042788 0.230568
v 0.023624 0.036616 0.215890
v 0.014815 0.048541 0.227345
v 0.015207 0.050429 0.226321
v 0.014835 0.051611 0.227371
v 0.006796 0.049872 0.227464
v 0.005580 0.050437 0.226473
v 0.005603 0.047267 0.226407
v 0.014715 0.042988 0.227070
v 0.014528 0.043617 0.228140
v 0.014315 0.041659 0.228354
v 0.007184 0.041378 0.227308
v 0.006933 0.044416 0.227318
v 0.005626 0.042873 0.226198
v 0.010849 0.050676 0.230224
v 0.008880 0.050756 0.228994
v 0.009978 0.048147 0.229420
v 0.013804 0.036162 0.229111
v 0.014282 0.037519 0.228271
v 0.013803 0.036779 0.229710
v 0.014941 0.041871 0.226344
v 0.014555 0.041282 0.227425
v 0.024397 0.072352 0.215469
v 0.024777 0.075985 0.214820
v 0.014832 0.054846 0.227187
v 0.015066 0.058194 0.226826
v 0.014693 0.057027 0.227870
v 0.026172 0.041491 0.212100
v 0.025577 0.036930 0.212865
v 0.027299 0.038784 0.210370
v 0.014610 0.048524 0.228427
v 0.014524 0.047248 0.228610
v 0.004377 0.038955 0.224848
v 0.005401 0.039808 0.225795
v 0.003478 0.042939 0.224555
v 0.014099 0.059435 0.229032
v 0.014304 0.057792 0.228791
v 0.014593 0.060137 0.228193
v 0.015369 0.052819 0.226085
v 0.015718 0.055657 0.225635
v 0.014724 0.045151 0.227798
v 0.014692 0.046242 0.228221
v 0.014160 0.044582 0.228915
v 0.007546 0.038959 0.227342
v 0.011762 0.050735 0.230919
v 0.011612 0.049224 0.230521
v 0.012365 0.049235 0.230856
v 0.004087 0.045772 0.225193
v 0.003546 0.049200 0.224961
v 0.013697 0.035236 0.229302
v 0.014075 0.035468 0.228512
v 0.014614 0.049750 0.228079
v 0.014356 0.051322 0.228547
v 0.014226 0.049616 0.228841
v 0.014018 0.055289 0.229240
v 0.014348 0.064053 0.228439
v 0.014590 0.062817 0.227685
v 0.014691 0.064431 0.227673
v 0.025990 0.063491 0.212688
v 0.026165 0.067113 0.212582
v 0.024978 0.065285 0.214280
v 0.029678 0.070840 0.206673
v 0.028597 0.073400 0.208534
v 0.015648 0.042662 0.225239
v 0.015177 0.043723 0.225960
v 0.012594 0.060109 0.230460
v 0.016587 0.068373 0.224362
v 0.015792 0.066774 0.225493
v 0.016952 0.056417 0.223875
v 0.016584 0.070101 0.224390
v 0.017030 0.071945 0.224022
v 0.015776 0.072355 0.225284
v 0.021287 0.051312 0.219396
v 0.022347 0.056168 0.218069
v 0.020704 0.055736 0.220092
v 0.019100 0.042159 0.221668
v 0.018557 0.044506 0.222269
v 0.017696 0.041980 0.222968
v 0.015295 0.061402 0.226502
v 0.015275 0.039879 0.225684
v 0.014696 0.039825 0.227026
v 0.015489 0.048174 0.225828
v 0.015799 0.051105 0.225434
v 0.014779 0.037861 0.226740
v 0.015200 0.036363 0.225636
v 0.014001 0.061248 0.229572
v 0.013000 0.047404 0.230295
v 0.012712 0.049063 0.230400
v 0.011329 0.059162 0.231450
v 0.012051 0.058480 0.231575
v 0.022707 0.049618 0.217517
v 0.023105 0.047188 0.216771
v 0.023870 0.049432 0.215744
v 0.022256 0.073641 0.218560
v 0.014923 0.070375 0.227127
v 0.009725 0.046121 0.229048
v 0.009751 0.044528 0.228961
v 0.010469 0.045455 0.229503
v 0.017157 0.067037 0.223864
v 0.017817 0.067774 0.223317
v 0.017760 0.068949 0.223318
v 0.024071 0.067380 0.215854
v 0.018528 0.071683 0.222935
v 0.017330 0.073801 0.223882
v 0.008790 0.054766 0.229256
v 0.008996 0.053384 0.229360
v 0.022375 0.069900 0.218314
v 0.008097 0.040656 0.227861
v 0.026107 0.054791 0.212401
v 0.015003 0.069337 0.226911
v 0.016735 0.050169 0.224051
v 0.016561 0.048414 0.224436
v 0.017146 0.049044 0.223577
v 0.018902 0.039819 0.221910
v 0.017762 0.039606 0.222926
v 0.017548 0.070586 0.223653
v 0.025474 0.044191 0.213131
v 0.027300 0.064947 0.210632
v 0.028296 0.063778 0.209157
v 0.028713 0.066283 0.208424
v 0.020324 0.043544 0.220369
v 0.013664 0.043756 0.229668
v 0.013475 0.045103 0.229808
v 0.014694 0.069248 0.227808
v 0.018128 0.056957 0.222731
v 0.018443 0.054277 0.222532
v 0.021668 0.046620 0.218746
v 0.019741 0.053456 0.221209
v 0.018840 0.052208 0.222035
v 0.025358 0.069682 0.213902
v 0.017517 0.065180 0.223483
v 0.018393 0.067068 0.222760
v 0.019919 0.047167 0.220899
v 0.019403 0.057223 0.221509
v 0.019704 0.074031 0.221783
v 0.020969 0.074481 0.220315
v 0.020359 0.075914 0.221090
v 0.012667 0.050103 0.230538
v 0.012942 0.062193 0.230218
v 0.018031 0.049476 0.222913
v 0.018189 0.051844 0.222808
v 0.016286 0.050482 0.224771
v 0.008781 0.044938 0.228511
v 0.008104 0.043667 0.227996
v 0.011817 0.044328 0.230224
v 0.010630 0.042810 0.229527
v 0.011739 0.042245 0.230152
v 0.016560 0.062561 0.224445
v 0.014469 0.053597 0.228353
v 0.009206 0.042893 0.228690
v 0.008410 0.041812 0.228054
v 0.009672 0.039737 0.228877
v 0.014506 0.055744 0.228337
v 0.012670 0.053592 0.230051
v 0.013256 0.052754 0.229774
v 0.013283 0.054185 0.229736
v 0.007313 0.047879 0.227649
v 0.027227 0.051832 0.210670
v 0.027376 0.057150 0.210309
v 0.014712 0.058273 0.228026
v 0.014942 0.046642 0.227111
v 0.026723 0.060873 0.211295
v 0.027231 0.062911 0.210726
v 0.014666 0.066037 0.227639
v 0.014087 0.065054 0.229033
v 0.018163 0.059900 0.222777
v 0.013850 0.052949 0.229211
v 0.007645 0.041929 0.227628
v 0.023366 0.052883 0.216569
v 0.005255 0.038319 0.225590
v 0.024161 0.063029 0.215499
v 0.011588 0.052281 0.230855
v 0.028730 0.068963 0.208193
v 0.027668 0.068423 0.210060
v 0.015202 0.064267 0.226404
v 0.010619 0.053410 0.230408
v 0.017160 0.062912 0.223687
v 0.016428 0.073617 0.224439
v 0.014046 0.038419 0.229346
v 0.014316 0.039746 0.228414
v 0.013926 0.040089 0.229486
v 0.011169 0.044890 0.229808
v 0.012859 0.050943 0.230230
v 0.013532 0.051007 0.229630
v 0.024302 0.078645 0.215584
v 0.026110 0.077546 0.212737
v 0.016858 0.040323 0.223834
v 0.016545 0.042815 0.224296
v 0.012651 0.035769 0.229978
v 0.013273 0.035414 0.230092
v 0.013194 0.036696 0.230225
v 0.018349 0.037752 0.222434
v 0.019974 0.037393 0.220861
v 0.019215 0.050262 0.221750
v 0.015470 0.059591 0.226009
v 0.011545 0.036741 0.229761
v 0.020359 0.066931 0.220700
v 0.019152 0.069250 0.222063
v 0.012386 0.054741 0.230529
v 0.012708 0.054958 0.230036
v 0.029780 0.063603 0.206795
v 0.025802 0.074518 0.213264
v 0.026944 0.074475 0.211112
v 0.011954 0.054088 0.231099
v 0.022815 0.060590 0.217468
v 0.028161 0.061274 0.209188
v 0.012479 0.047124 0.230731
v 0.011971 0.047832 0.230670
v 0.012020 0.046441 0.230527
v 0.015067 0.045166 0.226597
v 0.012804 0.046284 0.230687
v 0.012440 0.045535 0.230635
v 0.013028 0.045047 0.230487
v 0.029715 0.059661 0.206809
v 0.019997 0.062146 0.220995
v 0.021427 0.062253 0.219263
v 0.030344 0.053159 0.205882
v 0.028581 0.053159 0.208671
v 0.016147 0.038107 0.224609
v 0.016001 0.040954 0.224732
v 0.024150 0.060211 0.215433
v 0.018561 0.064066 0.222476
v 0.006321 0.037061 0.226330
v 0.030090 0.068426 0.206267
v 0.017403 0.075554 0.223968
v 0.016330 0.075442 0.224454
v 0.013653 0.035623 0.229672
v 0.013009 0.049476 0.229991
v 0.009246 0.056059 0.229620
v 0.011293 0.046869 0.230108
v 0.011077 0.048917 0.230086
v 0.020515 0.071290 0.220742
v 0.013584 0.047149 0.229660
v 0.013451 0.048233 0.229710
v 0.011292 0.040583 0.229782
v 0.011092 0.038640 0.229592
v 0.013921 0.042502 0.229473
v 0.028021 0.076977 0.209583
v 0.013720 0.049255 0.229498
v 0.021492 0.043632 0.218964
v 0.027519 0.066724 0.210427
v 0.024504 0.046393 0.214711
v 0.029233 0.055844 0.207510
v 0.017776 0.045365 0.222981
v 0.017265 0.044623 0.223517
v 0.024567 0.042905 0.214523
v 0.016665 0.051316 0.224184
v 0.021212 0.041107 0.219340
v 0.019900 0.040876 0.220870
v 0.016049 0.045410 0.224992
v 0.021146 0.059067 0.219659
v 0.014075 0.045964 0.229059
v 0.028920 0.040961 0.207928
v 0.013876 0.046863 0.229120
v 0.013671 0.046186 0.229538
v 0.018364 0.074584 0.223190
v 0.025349 0.051216 0.213560
v 0.029320 0.069710 0.207312
v 0.012226 0.042913 0.230427
v 0.013997 0.048051 0.229101
v 0.012501 0.044084 0.230517
v 0.030237 0.076013 0.206432
v 0.029705 0.079480 0.207452
v 0.012272 0.060183 0.231373
v 0.002733 0.046636 0.224190
v 0.013356 0.046323 0.229909
v 0.013408 0.043257 0.230205
v 0.014486 0.067933 0.228295
v 0.027352 0.072981 0.210348
v 0.012375 0.061124 0.230851
v 0.016377 0.052797 0.224578
v 0.017418 0.045957 0.223253
v 0.007888 0.053649 0.228459
v 0.007281 0.052061 0.227957
v 0.010575 0.037780 0.229194
v 0.013263 0.045867 0.230209
v 0.007731 0.042893 0.227779
v 0.009831 0.036503 0.228736
v 0.014018 0.066618 0.229241
v 0.030321 0.065999 0.205980
v 0.014525 0.035593 0.227154
v 0.009260 0.045564 0.228844
v 0.019329 0.076092 0.222332
v 0.018096 0.076774 0.223457
v 0.017149 0.037491 0.223424
v 0.062197 0.097519 0.159553
v 0.062152 0.092632 0.159328
v 0.063394 0.095047 0.157622
v 0.063106 0.089890 0.157916
v 0.064720 0.089274 0.155525
v 0.064080 0.092075 0.156525
v 0.068830 0.079727 0.149121
v 0.070773 0.079881 0.146325
v 0.069436 0.082301 0.148532
v 0.048035 0.118307 0.181060
v 0.048841 0.119288 0.179736
v 0.047821 0.119653 0.180875
v 0.061564 0.042103 0.158616
v 0.059605 0.041930 0.161453
v 0.060580 0.036933 0.159847
v 0.059839 0.087544 0.162747
v 0.060956 0.084611 0.160916
v 0.061602 0.088511 0.160061
v 0.051950 0.120122 0.173310
v 0.053139 0.119905 0.172976
v 0.052700 0.120046 0.172365
v 0.053921 0.103208 0.171726
v 0.054114 0.100158 0.171451
v 0.055951 0.100602 0.168780
v 0.055892 0.120802 0.165078
v 0.056539 0.120825 0.164182
v 0.056009 0.120663 0.164095
v 0.059286 0.098756 0.163818
v 0.057748 0.102503 0.166068
v 0.057737 0.098353 0.166025
v 0.047055 0.107152 0.182056
v 0.048773 0.105992 0.179445
v 0.049217 0.109484 0.178971
v 0.064915 0.099072 0.155531
v 0.066748 0.098772 0.152718
v 0.065370 0.101458 0.154799
v 0.049670 0.120059 0.176444
v 0.050619 0.119829 0.176151
v 0.051001 0.119999 0.174995
v 0.048098 0.105823 0.174104
v 0.046252 0.106411 0.176733
v 0.047919 0.108459 0.174429
v 0.059675 0.109443 0.163491
v 0.057973 0.107273 0.165962
v 0.059775 0.103374 0.163098
v 0.067010 0.048054 0.150815
v 0.064496 0.047637 0.154545
v 0.066661 0.044857 0.151172
v 0.060896 0.120319 0.161132
v 0.060304 0.120166 0.162312
v 0.060972 0.119736 0.161879
v 0.046589 0.109677 0.176403
v 0.057172 0.120683 0.162405
v 0.056920 0.119841 0.162469
v 0.056455 0.120225 0.163309
v 0.071838 0.057400 0.143826
v 0.070638 0.055441 0.145656
v 0.072173 0.053436 0.143189
v 0.070529 0.052283 0.145797
v 0.068915 0.055259 0.148240
v 0.068412 0.050999 0.148944
v 0.058360 0.094639 0.165028
v 0.060297 0.094549 0.162115
v 0.048051 0.119658 0.175108
v 0.049156 0.120235 0.173732
v 0.049242 0.119111 0.173358
v 0.060795 0.112766 0.162110
v 0.061886 0.109322 0.160136
v 0.053916 0.119812 0.166929
v 0.054684 0.120460 0.165953
v 0.054809 0.119328 0.165528
v 0.055239 0.120029 0.169623
v 0.055590 0.118932 0.169919
v 0.056006 0.120037 0.168437
v 0.063942 0.079424 0.156253
v 0.064156 0.076227 0.155863
v 0.065186 0.078604 0.154492
v 0.049029 0.118219 0.179594
v 0.055502 0.120579 0.166439
v 0.056466 0.120420 0.165929
v 0.057105 0.120672 0.164521
v 0.045896 0.109357 0.183790
v 0.045078 0.107175 0.184978
v 0.059358 0.060484 0.162454
v 0.061128 0.058059 0.159821
v 0.061885 0.062189 0.158862
v 0.062637 0.038016 0.156769
v 0.062495 0.032545 0.156894
v 0.060701 0.099054 0.161697
v 0.056855 0.120919 0.163463
v 0.055771 0.120390 0.167260
v 0.066004 0.056680 0.152623
v 0.065198 0.058170 0.153790
v 0.064558 0.054902 0.154639
v 0.057598 0.120245 0.165289
v 0.058225 0.120261 0.164000
v 0.056386 0.120780 0.163514
v 0.056432 0.120942 0.163821
v 0.055870 0.105049 0.168974
v 0.055174 0.108289 0.170135
v 0.053720 0.107042 0.172213
v 0.052164 0.119412 0.169306
v 0.050729 0.119479 0.171359
v 0.051603 0.120658 0.170718
v 0.049996 0.120772 0.173352
v 0.050478 0.120425 0.174246
v 0.051022 0.120622 0.172838
v 0.049557 0.102699 0.171720
v 0.047347 0.103131 0.175005
v 0.048790 0.104584 0.173052
v 0.057617 0.068369 0.165287
v 0.059331 0.068708 0.162630
v 0.058121 0.072340 0.164526
v 0.058104 0.119867 0.165985
v 0.057005 0.120168 0.166952
v 0.051002 0.120882 0.172052
v 0.049963 0.120267 0.172567
v 0.056317 0.118436 0.162938
v 0.046964 0.115575 0.182678
v 0.045921 0.112237 0.183975
v 0.047128 0.112592 0.182289
v 0.049340 0.116229 0.179220
v 0.061646 0.120415 0.159825
v 0.060713 0.120551 0.160220
v 0.044290 0.112241 0.186363
v 0.045152 0.114577 0.185275
v 0.059971 0.119831 0.163105
v 0.059041 0.119957 0.164454
v 0.060001 0.118644 0.163381
v 0.061674 0.101883 0.160372
v 0.042496 0.112464 0.189025
v 0.043641 0.115804 0.187398
v 0.042292 0.116032 0.189390
v 0.048054 0.098720 0.173819
v 0.062961 0.026286 0.155809
v 0.064557 0.023690 0.153376
v 0.064699 0.026171 0.153173
v 0.051438 0.099131 0.168639
v 0.050264 0.094254 0.170433
v 0.054822 0.084339 0.169800
v 0.053278 0.084504 0.172097
v 0.054143 0.082010 0.170906
v 0.059001 0.090510 0.163837
v 0.058037 0.086529 0.165273
v 0.059685 0.089331 0.162847
v 0.060415 0.090558 0.161898
v 0.053797 0.114669 0.172409
v 0.053826 0.117797 0.172433
v 0.052378 0.116506 0.174650
v 0.048288 0.113453 0.174038
v 0.047612 0.111006 0.174972
v 0.046332 0.113125 0.176920
v 0.067617 0.082396 0.151139
v 0.065645 0.085724 0.154113
v 0.065252 0.081409 0.154488
v 0.066720 0.077102 0.152174
v 0.065037 0.072343 0.154347
v 0.066845 0.073344 0.151774
v 0.048922 0.120438 0.175797
v 0.062689 0.068422 0.157705
v 0.065285 0.067910 0.153901
v 0.064641 0.041677 0.154034
v 0.060649 0.074146 0.160898
v 0.060657 0.077477 0.161041
v 0.058581 0.077022 0.164108
v 0.058020 0.120647 0.163007
v 0.058374 0.120899 0.161745
v 0.058811 0.115466 0.165105
v 0.050898 0.115175 0.176756
v 0.050958 0.117666 0.176766
v 0.061507 0.116389 0.161308
v 0.044908 0.109786 0.178791
v 0.061120 0.105553 0.161051
v 0.059445 0.065183 0.162330
v 0.063423 0.104178 0.157681
v 0.063048 0.058229 0.157079
v 0.064109 0.060757 0.155571
v 0.067673 0.086789 0.151188
v 0.069056 0.085069 0.149129
v 0.048377 0.120349 0.177138
v 0.048684 0.120014 0.177771
v 0.061505 0.051019 0.159135
v 0.059120 0.053058 0.162753
v 0.059089 0.047681 0.162654
v 0.058672 0.120392 0.163080
v 0.059375 0.120275 0.163029
v 0.059099 0.120460 0.162176
v 0.048899 0.120602 0.174700
v 0.059827 0.120731 0.160477
v 0.060039 0.120592 0.161053
v 0.060215 0.120721 0.160422
v 0.053167 0.120741 0.169125
v 0.072629 0.073808 0.143123
v 0.073443 0.072165 0.142022
v 0.073694 0.074316 0.141558
v 0.049701 0.117792 0.172464
v 0.049598 0.113196 0.172172
v 0.049726 0.115320 0.172149
v 0.051262 0.112820 0.169789
v 0.066159 0.036882 0.151541
v 0.068618 0.034838 0.147899
v 0.067566 0.040601 0.149493
v 0.071221 0.084629 0.145919
v 0.072583 0.081130 0.143505
v 0.047196 0.110376 0.181979
v 0.055356 0.116689 0.170304
v 0.056095 0.113712 0.169013
v 0.056709 0.117477 0.168189
v 0.053171 0.093776 0.172654
v 0.052886 0.097420 0.173178
v 0.051593 0.094351 0.174890
v 0.068856 0.072967 0.148850
v 0.061902 0.119890 0.160591
v 0.062681 0.118712 0.159665
v 0.062619 0.120183 0.159498
v 0.065829 0.051374 0.152719
v 0.066855 0.054498 0.151210
v 0.047890 0.116875 0.174911
v 0.054496 0.120668 0.167652
v 0.069167 0.092678 0.148905
v 0.067374 0.092497 0.151533
v 0.068218 0.089734 0.150073
v 0.057844 0.118781 0.166712
v 0.058803 0.118822 0.165236
v 0.062128 0.120469 0.158750
v 0.061144 0.120608 0.159179
v 0.059617 0.120911 0.159991
v 0.058425 0.120728 0.160438
v 0.059224 0.120779 0.161009
v 0.052151 0.120480 0.171882
v 0.052774 0.120580 0.170603
v 0.057036 0.105666 0.167269
v 0.055065 0.119645 0.170580
v 0.054297 0.119422 0.171661
v 0.053539 0.117230 0.166997
v 0.057455 0.120043 0.161649
v 0.057624 0.081780 0.165879
v 0.055572 0.081653 0.168768
v 0.056244 0.078369 0.167578
v 0.051467 0.120525 0.173036
v 0.047460 0.120525 0.176514
v 0.048404 0.120631 0.175646
v 0.071600 0.072630 0.144741
v 0.070361 0.074747 0.146599
v 0.062560 0.072559 0.157988
v 0.064265 0.083985 0.156123
v 0.063051 0.082142 0.157728
v 0.056802 0.119229 0.168089
v 0.061444 0.118784 0.161261
v 0.065130 0.091486 0.154819
v 0.066367 0.089915 0.152998
v 0.068236 0.102000 0.150645
v 0.067237 0.106229 0.152143
v 0.066888 0.103522 0.152518
v 0.064289 0.035862 0.154275
v 0.044365 0.117941 0.180302
v 0.045787 0.116764 0.178058
v 0.044101 0.114117 0.180250
v 0.063845 0.118579 0.157761
v 0.063398 0.115743 0.158390
v 0.065234 0.116817 0.155573
v 0.046795 0.119009 0.176826
v 0.056578 0.096007 0.167763
v 0.056530 0.090754 0.167573
v 0.048040 0.120562 0.175389
v 0.069524 0.076787 0.147984
v 0.071807 0.076086 0.144509
v 0.053400 0.119098 0.173142
v 0.054270 0.110850 0.171457
v 0.060254 0.120716 0.159891
v 0.063344 0.086255 0.157483
v 0.049976 0.107300 0.171365
v 0.050939 0.098844 0.175982
v 0.052049 0.101400 0.174542
v 0.057696 0.111279 0.166576
v 0.049195 0.110917 0.172804
v 0.059189 0.083754 0.163424
v 0.052812 0.110930 0.167257
v 0.054286 0.109076 0.164698
v 0.052108 0.108819 0.168224
v 0.044905 0.109858 0.185377
v 0.043664 0.109065 0.187166
v 0.062705 0.065379 0.157644
v 0.063648 0.066442 0.156175
v 0.072668 0.078636 0.143319
v 0.050285 0.106300 0.177127
v 0.051528 0.108633 0.175393
v 0.051978 0.105055 0.174714
v 0.050959 0.119586 0.176319
v 0.051347 0.119900 0.175491
v 0.066772 0.101360 0.152697
v 0.065088 0.020893 0.153092
v 0.063535 0.022357 0.155071
v 0.070662 0.069161 0.146097
v 0.062219 0.045983 0.157857
v 0.052966 0.120459 0.171093
v 0.053486 0.120355 0.170364
v 0.062159 0.054751 0.158230
v 0.063177 0.120092 0.158523
v 0.050188 0.119703 0.177132
v 0.049252 0.119798 0.178339
v 0.054434 0.120127 0.170590
v 0.058138 0.119628 0.160584
v 0.058761 0.118525 0.159378
v 0.070158 0.049502 0.146292
v 0.056593 0.110925 0.168135
v 0.057174 0.109490 0.167323
v 0.056476 0.108230 0.168127
v 0.059874 0.055879 0.161572
v 0.063003 0.100222 0.158281
v 0.063761 0.097469 0.157132
v 0.059397 0.080569 0.163038
v 0.061053 0.080883 0.160625
v 0.059991 0.082197 0.162283
v 0.051983 0.113993 0.174947
v 0.056270 0.085385 0.167848
v 0.046421 0.101621 0.182737
v 0.047807 0.100431 0.180658
v 0.047960 0.103323 0.180578
v 0.066641 0.070960 0.151939
v 0.068066 0.068414 0.149857
v 0.064791 0.110303 0.155990
v 0.054774 0.094697 0.170262
v 0.069700 0.066499 0.147229
v 0.068483 0.065109 0.149059
v 0.069809 0.063519 0.147007
v 0.055191 0.120319 0.168504
v 0.062407 0.112945 0.159680
v 0.064223 0.064128 0.155374
v 0.068950 0.087332 0.149258
v 0.069666 0.086522 0.148177
v 0.044992 0.117340 0.185454
v 0.057756 0.120812 0.161411
v 0.054049 0.090809 0.171146
v 0.062568 0.078716 0.158386
v 0.055036 0.097919 0.170115
v 0.047941 0.119834 0.179435
v 0.048351 0.119831 0.178504
v 0.053913 0.078301 0.170946
v 0.054710 0.087472 0.170121
v 0.066590 0.064920 0.151782
v 0.060862 0.070475 0.160503
v 0.067812 0.097011 0.151076
v 0.068056 0.098978 0.150889
v 0.071491 0.061437 0.144472
v 0.072945 0.063824 0.142387
v 0.071509 0.065588 0.144600
v 0.055671 0.110388 0.169322
v 0.052519 0.111649 0.174049
v 0.052986 0.109465 0.173272
v 0.065615 0.104508 0.154537
v 0.075051 0.071293 0.139466
v 0.048286 0.112998 0.180554
v 0.049869 0.118719 0.178448
v 0.050575 0.119133 0.177187
v 0.050023 0.119459 0.177910
v 0.073250 0.068381 0.142198
v 0.052152 0.104485 0.167751
v 0.045538 0.119539 0.178843
v 0.062266 0.075777 0.158558
v 0.073848 0.076695 0.141438
v 0.050887 0.096934 0.176021
v 0.053553 0.120557 0.167849
v 0.053151 0.088151 0.172446
v 0.061420 0.065688 0.159551
v 0.049557 0.101070 0.178179
v 0.050083 0.103732 0.177482
v 0.065565 0.030391 0.152273
v 0.070017 0.088793 0.147679
v 0.056903 0.075471 0.166443
v 0.052004 0.090884 0.174146
v 0.067268 0.095694 0.151802
v 0.060015 0.120327 0.161920
v 0.048815 0.097257 0.179167
v 0.055364 0.075990 0.168833
v 0.069430 0.045878 0.147144
v 0.051244 0.117192 0.170344
v 0.054388 0.120395 0.169326
v 0.056145 0.073933 0.167600
v 0.055930 0.071352 0.167873
v 0.049911 0.094506 0.177311
v 0.052385 0.118572 0.174603
v 0.068002 0.062094 0.149740
v 0.065360 0.094294 0.154703
v 0.065918 0.061601 0.152819
v 0.050572 0.092060 0.176365
v 0.067240 0.058209 0.150764
v 0.051563 0.086319 0.174760
v 0.055397 0.114237 0.163609
v 0.050956 0.111968 0.176432
v 0.052050 0.119883 0.174371
v 0.057379 0.112193 0.160270
v 0.057564 0.116015 0.160559
v 0.046933 0.118960 0.182391
v 0.046902 0.118004 0.182659
v 0.055627 0.120044 0.164423
v 0.069323 0.096621 0.148888
v 0.063574 0.051826 0.156162
v 0.045895 0.104290 0.183759
v 0.053428 0.113040 0.166514
v 0.051354 0.119038 0.176090
v 0.052671 0.119438 0.174166
v 0.069774 0.059065 0.146945
v 0.053172 0.119725 0.168030
v 0.053499 0.120228 0.171583
v 0.050726 0.120431 0.171562
v 0.063770 0.020413 0.155080
v 0.060666 0.067702 0.160608
v 0.065895 0.025101 0.151374
v 0.046448 0.119976 0.177466
v 0.047309 0.119371 0.181834
v 0.049661 0.112937 0.178396
v 0.051847 0.119501 0.175275
v 0.073244 0.060051 0.141711
v 0.047739 0.120164 0.178425
v 0.046039 0.117926 0.183876
v 0.039612 0.016864 0.187267
v 0.038966 0.017509 0.188488
v 0.039962 0.017951 0.187250
v 0.037653 0.022911 0.189737
v 0.036695 0.021341 0.191198
v 0.035908 0.024462 0.191697
v 0.038010 0.015994 0.185818
v 0.039436 0.016195 0.184570
v 0.038218 0.015819 0.183876
v 0.024091 0.026329 0.210145
v 0.023139 0.028900 0.211315
v 0.024813 0.029451 0.208020
v 0.025390 0.026877 0.207402
v 0.031016 0.024480 0.197857
v 0.030183 0.022305 0.198759
v 0.029358 0.023940 0.200124
v 0.023813 0.017295 0.210080
v 0.022925 0.016429 0.210343
v 0.022980 0.017143 0.211065
v 0.022610 0.016285 0.197728
v 0.023978 0.016428 0.197494
v 0.022914 0.016214 0.196288
v 0.023921 0.016667 0.203317
v 0.024330 0.016834 0.204759
v 0.025112 0.017339 0.202831
v 0.030152 0.018017 0.195853
v 0.030573 0.017594 0.194724
v 0.028880 0.017452 0.195979
v 0.022575 0.015905 0.189628
v 0.026963 0.015690 0.186699
v 0.025334 0.015818 0.185731
v 0.013466 0.016152 0.183456
v 0.009805 0.016040 0.185242
v 0.012349 0.016156 0.187054
v 0.023370 0.016286 0.205715
v 0.020213 0.016322 0.211855
v 0.021596 0.015888 0.209542
v 0.018582 0.015954 0.210642
v 0.027146 0.015742 0.183559
v 0.029812 0.015596 0.182395
v 0.028671 0.015734 0.180210
v 0.023894 0.016684 0.201510
v 0.022835 0.016399 0.201565
v 0.022971 0.016387 0.202905
v 0.022479 0.016025 0.194207
v 0.020205 0.015992 0.194474
v 0.028089 0.016747 0.194902
v 0.026956 0.017095 0.197095
v 0.025188 0.017736 0.205622
v 0.025140 0.017508 0.204345
v 0.024324 0.016856 0.206721
v 0.033546 0.035073 0.193824
v 0.029011 0.035559 0.200258
v 0.031681 0.039035 0.196550
v 0.029805 0.016957 0.194100
v 0.031157 0.017168 0.193527
v 0.031202 0.016622 0.192340
v 0.031316 0.020717 0.196803
v 0.029297 0.020631 0.199365
v 0.031602 0.019237 0.195811
v 0.029809 0.019334 0.197737
v 0.026405 0.025258 0.205603
v 0.026765 0.028861 0.204296
v 0.028117 0.025686 0.202160
v 0.029211 0.018299 0.197081
v 0.024165 0.015892 0.183598
v 0.026045 0.016534 0.195982
v 0.026953 0.020410 0.204001
v 0.025927 0.020088 0.206857
v 0.026953 0.021429 0.204567
v 0.028275 0.023433 0.201903
v 0.028174 0.021818 0.201816
v 0.019283 0.020636 0.216806
v 0.019010 0.022865 0.216992
v 0.020239 0.022337 0.216016
v 0.024694 0.018809 0.209291
v 0.023741 0.018185 0.210816
v 0.021310 0.019367 0.214602
v 0.019841 0.018999 0.216151
v 0.020376 0.020386 0.215814
v 0.022110 0.031855 0.212686
v 0.021601 0.028165 0.213877
v 0.020598 0.030664 0.214999
v 0.020903 0.017510 0.213823
v 0.020373 0.016871 0.213259
v 0.019200 0.017541 0.215532
v 0.022441 0.018930 0.212959
v 0.022919 0.018083 0.211874
v 0.021963 0.017847 0.212968
v 0.018304 0.019109 0.217422
v 0.018180 0.021205 0.217514
v 0.023905 0.019720 0.211162
v 0.025293 0.020840 0.208654
v 0.023133 0.016002 0.207953
v 0.023471 0.016310 0.209399
v 0.023852 0.016534 0.208427
v 0.025951 0.032641 0.205449
v 0.027609 0.032370 0.202469
v 0.022849 0.021111 0.212930
v 0.023932 0.032928 0.209240
v 0.025613 0.036741 0.205851
v 0.034389 0.039085 0.192723
v 0.022661 0.016192 0.204504
v 0.036069 0.042410 0.190409
v 0.037210 0.037380 0.188329
v 0.021442 0.021937 0.214728
v 0.028288 0.044922 0.201884
v 0.025990 0.047845 0.205494
v 0.028243 0.049229 0.202153
v 0.032257 0.022686 0.196284
v 0.023897 0.023152 0.211225
v 0.025083 0.024250 0.208734
v 0.024645 0.021986 0.209983
v 0.022662 0.024591 0.212969
v 0.030454 0.018612 0.196356
v 0.021587 0.016110 0.203113
v 0.016087 0.017612 0.216325
v 0.017539 0.017673 0.216823
v 0.017549 0.017229 0.215392
v 0.021761 0.015868 0.206405
v 0.020987 0.016033 0.184387
v 0.021397 0.018287 0.213978
v 0.020470 0.018209 0.214966
v 0.021836 0.017083 0.212273
v 0.025269 0.016818 0.198281
v 0.024847 0.016929 0.200073
v 0.026104 0.017309 0.199049
v 0.017587 0.016785 0.214082
v 0.016262 0.017022 0.214636
v 0.019460 0.029256 0.216423
v 0.020374 0.027395 0.215497
v 0.018919 0.016806 0.213848
v 0.016448 0.018629 0.217491
v 0.014509 0.018957 0.216530
v 0.014678 0.020991 0.217208
v 0.016473 0.020778 0.217676
v 0.029747 0.026156 0.199546
v 0.021922 0.016434 0.211126
v 0.017576 0.022281 0.217643
v 0.029185 0.029650 0.200112
v 0.031542 0.027927 0.197000
v 0.033134 0.015665 0.188100
v 0.036048 0.015567 0.184946
v 0.008223 0.021527 0.213356
v 0.010389 0.022765 0.215217
v 0.010856 0.020848 0.215019
v 0.031386 0.031517 0.196940
v 0.025064 0.016025 0.193495
v 0.013047 0.020620 0.216327
v 0.034230 0.029502 0.193160
v 0.027630 0.016284 0.193457
v 0.033056 0.042771 0.194974
v 0.015284 0.022569 0.217566
v 0.032509 0.015676 0.177338
v 0.034063 0.015714 0.175776
v 0.032183 0.015772 0.174870
v 0.018249 0.022408 0.217374
v 0.012139 0.022139 0.216173
v 0.031347 0.018280 0.195132
v 0.032149 0.017715 0.193730
v 0.033415 0.019805 0.194281
v 0.025856 0.022767 0.207375
v 0.038255 0.018592 0.189485
v 0.037316 0.017143 0.189790
v 0.037304 0.018482 0.190468
v 0.018493 0.016433 0.212750
v 0.021082 0.024712 0.214972
v 0.029396 0.015569 0.184745
v 0.008118 0.024019 0.213800
v 0.023824 0.021282 0.211488
v 0.017019 0.016137 0.193768
v 0.014743 0.017460 0.215084
v 0.036690 0.016321 0.188747
v 0.036284 0.015911 0.187431
v 0.035034 0.016113 0.189072
v 0.018017 0.023724 0.217481
v 0.016585 0.023819 0.217736
v 0.038578 0.032611 0.186094
v 0.036112 0.032808 0.190052
v -0.000189 0.024751 0.208170
v 0.001790 0.027307 0.209316
v 0.003176 0.024605 0.210403
v 0.019851 0.025035 0.216203
v 0.038147 0.016377 0.187840
v 0.016230 0.016179 0.187857
v 0.022118 0.016262 0.199916
v 0.033827 0.022406 0.194519
v 0.033581 0.025070 0.194652
v 0.035090 0.022774 0.192916
v 0.023788 0.016560 0.199893
v 0.021159 0.016601 0.211966
v 0.033199 0.021216 0.195039
v 0.037116 0.029282 0.188919
v 0.016987 0.016450 0.212840
v 0.012229 0.024417 0.216570
v 0.026277 0.021614 0.206435
v 0.013736 0.022461 0.217031
v 0.014604 0.024984 0.217529
v 0.005533 0.025607 0.212000
v 0.008332 0.026954 0.214162
v 0.027210 0.038942 0.203168
v 0.018805 0.025458 0.217028
v 0.017575 0.025995 0.217597
v 0.010155 0.024855 0.215307
v 0.025955 0.015841 0.180843
v 0.036033 0.018190 0.191472
v 0.035346 0.017011 0.191053
v 0.027185 0.023091 0.204120
v 0.027795 0.016014 0.191715
v 0.016110 0.026561 0.217753
v 0.005012 0.028517 0.211522
v 0.029274 0.016473 0.193207
v 0.031782 0.015568 0.180267
v 0.034561 0.015582 0.178552
v 0.028140 0.018527 0.198845
v 0.027701 0.020132 0.201739
v 0.011254 0.026992 0.216104
v 0.013307 0.027368 0.217106
v 0.032803 0.018601 0.194249
v 0.021053 0.016144 0.197423
v 0.019297 0.016084 0.201188
v 0.019584 0.015845 0.204910
v 0.002485 0.030394 0.209462
v 0.017767 0.015852 0.206218
v 0.017066 0.016025 0.203749
v 0.019398 0.015717 0.207806
v 0.006608 0.016220 0.198723
v 0.011614 0.016291 0.194076
v 0.006552 0.016285 0.194788
v -0.001350 0.030637 0.206889
v 0.007566 0.030108 0.213424
v 0.017769 0.016123 0.197873
v 0.028210 0.019352 0.200031
v 0.026983 0.018972 0.201998
v 0.027093 0.018458 0.200631
v 0.029631 0.015835 0.189630
v 0.030268 0.015594 0.187008
v 0.027040 0.015790 0.189824
v 0.010608 0.016271 0.203164
v 0.013037 0.016313 0.206070
v 0.014178 0.016186 0.203202
v 0.009676 0.019762 0.213637
v 0.012674 0.016216 0.199041
v 0.034562 0.016480 0.190409
v 0.035925 0.016513 0.189794
v 0.018547 0.027658 0.217290
v 0.014915 0.028358 0.217611
v 0.028744 0.040801 0.200847
v 0.002429 0.018129 0.208270
v 0.002198 0.017427 0.207235
v 0.000932 0.018474 0.207704
v 0.016438 0.015967 0.208243
v 0.025372 0.018582 0.207327
v 0.026108 0.019377 0.205601
v 0.016195 0.016130 0.201039
v 0.019465 0.026974 0.216515
v 0.017217 0.028415 0.217796
v 0.001236 0.034784 0.208022
v 0.004967 0.032196 0.211049
v 0.010181 0.030291 0.215314
v 0.006967 0.016178 0.202291
v 0.004295 0.016212 0.201998
v 0.018336 0.029982 0.217397
v 0.009295 0.016199 0.200990
v 0.038293 0.020556 0.189399
v 0.039380 0.019284 0.188031
v 0.016928 0.030899 0.217720
v 0.010323 0.018754 0.213271
v 0.009594 0.018167 0.211962
v 0.008982 0.019006 0.212572
v 0.026732 0.017862 0.199795
v 0.018260 0.032339 0.217407
v 0.012344 0.029705 0.216600
v 0.012234 0.032546 0.216267
v 0.030194 0.016117 0.191227
v 0.008442 0.033632 0.213655
v 0.005644 0.036573 0.210976
v 0.008558 0.037854 0.213024
v 0.033627 0.017918 0.193160
v 0.034354 0.018611 0.193002
v 0.034712 0.017750 0.192209
v 0.019379 0.031523 0.216531
v 0.010894 0.017567 0.211758
v 0.012605 0.017264 0.212370
v 0.011402 0.017176 0.210972
v 0.016535 0.033954 0.217612
v 0.015638 0.030534 0.217646
v 0.015690 0.016087 0.205641
v 0.019296 0.034040 0.216584
v 0.010749 0.033297 0.215280
v 0.017757 0.036143 0.217534
v 0.018043 0.034252 0.217529
v 0.035943 0.027361 0.191037
v 0.037504 0.025615 0.189193
v 0.006749 0.040403 0.211438
v 0.002899 0.041098 0.208706
v 0.005229 0.016299 0.204397
v 0.025226 0.017259 0.201090
v 0.008132 0.016347 0.204265
v 0.011163 0.036526 0.215031
v 0.034965 0.020826 0.193094
v 0.027203 0.034412 0.203224
v 0.015436 0.036867 0.217077
v 0.016923 0.037004 0.217475
v 0.029697 0.015791 0.176964
v 0.034071 0.047531 0.193554
v 0.016116 0.028911 0.217768
v 0.018986 0.036778 0.216716
v 0.013492 0.016381 0.209012
v 0.015601 0.016259 0.210930
v 0.009845 0.041624 0.213458
v 0.017989 0.040023 0.217370
v 0.017691 0.041494 0.217274
v 0.018763 0.040129 0.216914
v 0.040798 0.019367 0.185903
v 0.020148 0.033252 0.215486
v 0.020403 0.036114 0.215020
v 0.018152 0.038442 0.217309
v 0.008197 0.018014 0.210777
v 0.006785 0.018278 0.210439
v 0.007852 0.018750 0.211542
v 0.034867 0.026708 0.192647
v 0.013162 0.016752 0.210979
v 0.018734 0.043090 0.216842
v 0.019076 0.041541 0.216518
v 0.014718 0.016908 0.213150
v 0.006509 0.019279 0.211143
v 0.007697 0.019807 0.212232
v 0.014538 0.044457 0.215838
v 0.013629 0.040507 0.215869
v 0.011832 0.045175 0.214291
v 0.017327 0.032827 0.217632
v 0.021154 0.033751 0.214075
v 0.017090 0.039320 0.217332
v 0.018974 0.038765 0.216699
v 0.011869 0.016206 0.189791
v 0.011413 0.016566 0.207565
v 0.010967 0.016923 0.209280
v 0.005619 0.023096 0.211779
v 0.000009 0.044716 0.206855
v 0.003052 0.048236 0.208690
v 0.006471 0.043656 0.210972
v 0.032257 0.017015 0.192672
v 0.007492 0.016595 0.205973
v 0.008454 0.045878 0.212161
v 0.008830 0.017148 0.208830
v 0.009550 0.017469 0.210364
v 0.011717 0.017986 0.213302
v 0.007562 0.017534 0.209524
v 0.005723 0.017709 0.209124
v 0.022519 0.036616 0.211595
v 0.016035 0.040462 0.216934
v 0.009897 0.016500 0.205778
v 0.022158 0.042329 0.211976
v 0.023904 0.039634 0.208993
v 0.031060 0.046307 0.197931
v 0.025673 0.018481 0.205639
v 0.026552 0.019309 0.203815
v 0.025944 0.018343 0.203939
v 0.027676 0.017757 0.197945
v 0.033649 0.017228 0.192279
v 0.013403 0.017427 0.213829
v 0.014212 0.031796 0.217213
v 0.013541 0.035810 0.216386
v 0.015986 0.042664 0.216722
v 0.040731 0.017240 0.185877
v 0.039462 0.016453 0.186215
v 0.032891 0.016206 0.190387
v 0.020723 0.040960 0.214441
v 0.021123 0.039047 0.213888
v 0.019765 0.039566 0.215801
v 0.026518 0.015826 0.178319
v 0.036445 0.019530 0.191400
v 0.035214 0.019360 0.192523
v 0.022149 0.046314 0.211890
v 0.023608 0.046742 0.209355
v 0.002284 0.019095 0.208834
v 0.001721 0.020859 0.209070
v 0.003722 0.019637 0.209877
v 0.033141 0.016664 0.191523
v 0.008254 0.016265 0.191810
v 0.011949 0.019114 0.214862
v 0.026068 0.017806 0.201271
v 0.037572 0.019547 0.190358
v 0.005254 0.020696 0.211009
v 0.005174 0.018841 0.210152
v 0.009218 0.016778 0.207473
v 0.013659 0.047210 0.215201
v 0.019969 0.043022 0.215413
v 0.019630 0.045355 0.215716
v 0.020777 0.046229 0.214038
v 0.006972 0.017032 0.207789
v 0.005456 0.016654 0.206265
v 0.022451 0.015857 0.179280
v 0.019144 0.015797 0.176925
v 0.018162 0.015954 0.178956
v 0.029397 0.015898 0.172717
v 0.025974 0.015831 0.175282
v -0.000712 0.042308 0.206403
v 0.024970 0.017701 0.207001
v 0.015710 0.015616 0.172795
v 0.018421 0.015597 0.170071
v 0.015570 0.015507 0.169540
v 0.004481 0.017110 0.207642
v 0.002995 0.016640 0.205706
v 0.002724 0.022815 0.209939
v 0.014998 0.015915 0.176886
v 0.017337 0.043916 0.217178
v 0.016866 0.045711 0.216815
v 0.018649 0.045158 0.216893
v 0.037491 0.015598 0.182007
v 0.017598 0.015744 0.175180
v 0.025635 0.042338 0.205893
v 0.039289 0.026444 0.186172
v 0.018160 0.016056 0.182308
v 0.015485 0.016070 0.180281
v 0.020850 0.015732 0.173741
v 0.034251 0.016785 0.191259
v 0.013264 0.018037 0.214879
v 0.015496 0.046054 0.216176
v 0.003448 0.017663 0.208334
v 0.039376 0.022408 0.187385
v 0.026055 0.018089 0.202453
v 0.004475 0.017625 0.208690
v 0.016102 0.044551 0.216526
v 0.036992 0.046302 0.189024
v 0.021690 0.015752 0.169807
v 0.003169 0.018259 0.208826
v 0.004639 0.018084 0.209388
v 0.025825 0.015922 0.170613
v 0.024389 0.017358 0.208610
v -0.001715 0.039150 0.205891
v 0.030529 0.042817 0.198493
v 0.003818 0.018634 0.209415
v 0.009352 0.016134 0.188457
v 0.003903 0.017986 0.209004
v 0.011434 0.016084 0.179914
v 0.019318 0.047267 0.216189
v 0.000049 0.022634 0.208257
v 0.071245 0.035812 0.143980
v 0.070184 0.040105 0.145755
v 0.068618 0.034838 0.147899
v 0.072945 0.063824 0.142387
v 0.074505 0.063363 0.139942
v 0.073250 0.068381 0.142198
v 0.077119 0.047524 0.135359
v 0.076515 0.050711 0.136417
v 0.074859 0.047959 0.138860
v 0.079521 0.047637 0.131621
v 0.078718 0.050736 0.133038
v 0.080406 0.068232 0.130821
v 0.082011 0.070104 0.128226
v 0.080055 0.072312 0.131485
v 0.085803 0.081345 0.122763
v 0.087663 0.084113 0.120054
v 0.084241 0.084460 0.125468
v 0.078015 0.053962 0.134264
v 0.079609 0.053554 0.131663
v 0.080564 0.057460 0.130306
v 0.074913 0.038436 0.138385
v 0.073444 0.036711 0.140579
v 0.075585 0.034892 0.137149
v 0.074401 0.051736 0.139632
v 0.076137 0.052977 0.137073
v 0.072142 0.048646 0.143214
v 0.073927 0.044487 0.140212
v 0.077057 0.063701 0.136036
v 0.079442 0.065460 0.132410
v 0.078790 0.067974 0.133442
v 0.076763 0.055461 0.136231
v 0.075299 0.054963 0.138499
v 0.077297 0.070453 0.135936
v 0.081145 0.043791 0.128801
v 0.077759 0.043670 0.134206
v 0.079031 0.040232 0.132022
v 0.083480 0.090157 0.126794
v 0.082288 0.086379 0.128495
v 0.083367 0.086986 0.126845
v 0.075746 0.045234 0.137366
v 0.071715 0.026802 0.142629
v 0.072831 0.024022 0.140868
v 0.073962 0.026402 0.139046
v 0.075856 0.026479 0.136110
v 0.075695 0.030016 0.136712
v 0.069334 0.027408 0.146337
v 0.070687 0.029856 0.144360
v 0.069343 0.031151 0.146583
v 0.072173 0.053436 0.143189
v 0.084745 0.033112 0.122556
v 0.082785 0.034856 0.125725
v 0.082576 0.030038 0.125683
v 0.078132 0.059048 0.134241
v 0.076302 0.057911 0.136953
v 0.084926 0.036839 0.122437
v 0.084299 0.079970 0.125113
v 0.082748 0.080000 0.127607
v 0.083383 0.075239 0.126396
v 0.075607 0.067583 0.138514
v 0.086264 0.089080 0.122340
v 0.083655 0.057460 0.125555
v 0.085485 0.061211 0.122848
v 0.083068 0.062685 0.126669
v 0.084898 0.053047 0.123386
v 0.080799 0.038067 0.129082
v 0.083073 0.039479 0.125452
v 0.085469 0.078259 0.123265
v 0.077558 0.032474 0.133901
v 0.069430 0.045878 0.147144
v 0.071820 0.043105 0.143315
v 0.064557 0.023690 0.153376
v 0.065088 0.020893 0.153092
v 0.066029 0.022121 0.151318
v 0.067387 0.026585 0.149096
v 0.065565 0.030391 0.152273
v 0.065895 0.025101 0.151374
v 0.085012 0.041341 0.122465
v 0.082869 0.046289 0.126154
v 0.083974 0.048644 0.124566
v 0.082551 0.048766 0.126796
v 0.067993 0.029870 0.148496
v 0.067566 0.040601 0.149493
v 0.080053 0.032229 0.129900
v 0.078631 0.062824 0.133509
v 0.080270 0.062798 0.130955
v 0.073612 0.055590 0.141012
v 0.071838 0.057400 0.143826
v 0.066119 0.020789 0.151524
v 0.077641 0.028288 0.133595
v 0.076672 0.023662 0.134808
v 0.086260 0.068149 0.121723
v 0.075051 0.071293 0.139466
v 0.078201 0.075267 0.134528
v 0.067438 0.022801 0.148965
v 0.066994 0.020699 0.149953
v 0.068905 0.024195 0.146842
v 0.077886 0.079369 0.135066
v 0.080523 0.077868 0.130979
v 0.070179 0.024705 0.144810
v 0.073485 0.040670 0.140751
v 0.072033 0.039047 0.142837
v 0.074927 0.058965 0.139136
v 0.075420 0.041925 0.137903
v 0.070158 0.049502 0.146292
v 0.070529 0.052283 0.145797
v 0.071303 0.022955 0.143166
v 0.086424 0.075453 0.121620
v 0.083203 0.043209 0.125412
v 0.081180 0.082873 0.130134
v 0.076967 0.039306 0.135280
v 0.068994 0.022087 0.146687
v 0.069958 0.022964 0.145238
v 0.075819 0.075029 0.138218
v 0.072833 0.031684 0.141247
v 0.085394 0.064225 0.122942
v 0.085809 0.029754 0.120710
v 0.084193 0.071053 0.124990
v 0.079979 0.027144 0.129606
v 0.078360 0.036231 0.132874
v 0.078290 0.024399 0.132172
v 0.081799 0.047921 0.128049
v 0.081570 0.051335 0.128396
v 0.080950 0.047834 0.129282
v 0.073244 0.060051 0.141711
v 0.079652 0.080640 0.132510
v 0.080431 0.066481 0.130732
v 0.083829 0.067131 0.125566
v 0.080552 0.065543 0.130721
v 0.081493 0.066270 0.129145
v 0.076844 0.077129 0.136586
v 0.084154 0.044832 0.124089
v 0.070551 0.032626 0.144791
v 0.086254 0.057931 0.121375
v 0.084798 0.073368 0.124125
v 0.075095 0.024071 0.137232
v 0.067140 0.113531 0.152517
v 0.069594 0.115814 0.149127
v 0.067419 0.117280 0.152218
v 0.065254 0.119098 0.155548
v 0.066031 0.119013 0.154350
v 0.065532 0.119942 0.155140
v 0.064835 0.120817 0.151949
v 0.064180 0.120228 0.152146
v 0.064427 0.120835 0.152620
v 0.078291 0.037068 0.126937
v 0.075744 0.038370 0.130674
v 0.077750 0.040208 0.127952
v 0.080085 0.115127 0.126201
v 0.080167 0.119163 0.126689
v 0.081462 0.119581 0.124644
v 0.070498 0.120509 0.142251
v 0.070912 0.120129 0.141611
v 0.070334 0.118640 0.142344
v 0.066851 0.056731 0.144827
v 0.064172 0.058479 0.148936
v 0.066071 0.060071 0.146116
v 0.065019 0.120157 0.155752
v 0.065250 0.120317 0.155106
v 0.072226 0.042310 0.136451
v 0.074372 0.046182 0.132990
v 0.074509 0.041647 0.132849
v 0.065218 0.120746 0.152595
v 0.064423 0.120668 0.153600
v 0.065591 0.120629 0.153245
v 0.084711 0.119089 0.125871
v 0.085853 0.118293 0.124123
v 0.085425 0.119589 0.124723
v 0.084081 0.105292 0.126304
v 0.082018 0.103866 0.129526
v 0.083857 0.100524 0.126576
v 0.082252 0.107995 0.129208
v 0.080978 0.105913 0.131166
v 0.080576 0.112376 0.132126
v 0.081652 0.110149 0.130168
v 0.082797 0.110644 0.128484
v 0.072689 0.120059 0.144068
v 0.073306 0.119331 0.143627
v 0.073403 0.120293 0.142785
v 0.068214 0.119042 0.151258
v 0.069293 0.118129 0.149771
v 0.073634 0.087631 0.142161
v 0.073864 0.093216 0.141889
v 0.071645 0.091336 0.145272
v 0.056015 0.089928 0.162624
v 0.055290 0.087503 0.163704
v 0.053315 0.089876 0.166345
v 0.076449 0.054503 0.130117
v 0.077545 0.049785 0.128091
v 0.074910 0.051381 0.132228
v 0.077812 0.120017 0.136613
v 0.078047 0.120465 0.135358
v 0.077159 0.120652 0.135861
v 0.063585 0.120444 0.156372
v 0.064312 0.120351 0.156081
v 0.063727 0.120591 0.155429
v 0.058138 0.119628 0.160584
v 0.058425 0.120728 0.160438
v 0.059141 0.120159 0.159193
v 0.069938 0.120568 0.146000
v 0.068831 0.120778 0.146629
v 0.069091 0.120552 0.147552
v 0.079274 0.119859 0.134302
v 0.079953 0.119549 0.133281
v 0.079552 0.120402 0.133598
v 0.063177 0.120092 0.158523
v 0.063845 0.118579 0.157761
v 0.063935 0.120055 0.157739
v 0.063392 0.120444 0.157691
v 0.062724 0.120500 0.157697
v 0.074508 0.118394 0.135170
v 0.074586 0.120416 0.135154
v 0.075303 0.119650 0.133905
v 0.069671 0.050272 0.140293
v 0.071314 0.053010 0.137527
v 0.072548 0.050451 0.135657
v 0.053764 0.083012 0.165207
v 0.055115 0.085257 0.163683
v 0.055844 0.083055 0.161962
v 0.071102 0.120647 0.145121
v 0.071797 0.120520 0.143903
v 0.070903 0.120616 0.143760
v 0.060254 0.120716 0.159891
v 0.060407 0.120894 0.158950
v 0.059617 0.120911 0.159991
v 0.086754 0.116927 0.122725
v 0.084850 0.116309 0.125804
v 0.059461 0.120997 0.159164
v 0.062128 0.120469 0.158750
v 0.056553 0.087982 0.161696
v 0.056154 0.085994 0.162115
v 0.052674 0.085696 0.167209
v 0.054025 0.086218 0.165332
v 0.070722 0.120466 0.146191
v 0.071533 0.120233 0.146026
v 0.060137 0.120769 0.157956
v 0.060514 0.119514 0.157128
v 0.059751 0.119846 0.158312
v 0.078686 0.120537 0.134416
v 0.078617 0.119935 0.135143
v 0.064694 0.119530 0.156694
v 0.063939 0.120443 0.157015
v 0.063266 0.120489 0.157082
v 0.076621 0.120508 0.137594
v 0.076001 0.120415 0.138356
v 0.076736 0.119884 0.138177
v 0.061539 0.120704 0.157861
v 0.061144 0.120608 0.159179
v 0.066018 0.037452 0.145413
v 0.068801 0.043094 0.141468
v 0.070201 0.038647 0.139335
v 0.080028 0.089755 0.124884
v 0.078051 0.093595 0.128138
v 0.081106 0.095443 0.123405
v 0.076744 0.032801 0.128326
v 0.074001 0.034842 0.132892
v 0.067800 0.090368 0.144309
v 0.068829 0.094064 0.143208
v 0.071625 0.090056 0.138784
v 0.069205 0.108597 0.149334
v 0.070916 0.111200 0.146903
v 0.069199 0.112265 0.149458
v 0.068212 0.063700 0.143014
v 0.078692 0.120244 0.129099
v 0.078954 0.121008 0.129371
v 0.079796 0.121002 0.128018
v 0.065507 0.120317 0.154335
v 0.058761 0.118525 0.159378
v 0.059628 0.116292 0.157521
v 0.057564 0.116015 0.160559
v 0.062720 0.120638 0.156505
v 0.078564 0.043871 0.126811
v 0.080336 0.048818 0.123782
v 0.072268 0.120284 0.144070
v 0.072516 0.120385 0.143277
v 0.079652 0.080640 0.132510
v 0.078403 0.082976 0.134544
v 0.077886 0.079369 0.135066
v 0.066135 0.104244 0.147247
v 0.067939 0.103354 0.144764
v 0.066615 0.100343 0.146527
v 0.061034 0.120827 0.157009
v 0.061900 0.120872 0.156658
v 0.080357 0.036756 0.124278
v 0.079343 0.039637 0.125877
v 0.071628 0.114327 0.146124
v 0.056589 0.108131 0.161116
v 0.056848 0.104917 0.160501
v 0.055405 0.106232 0.162699
v 0.065588 0.120663 0.150375
v 0.065859 0.120197 0.149466
v 0.065054 0.119694 0.150742
v 0.062738 0.120876 0.155090
v 0.061585 0.120493 0.155818
v 0.062228 0.120884 0.156051
v 0.084933 0.096239 0.124731
v 0.082365 0.095483 0.128786
v 0.083480 0.090157 0.126794
v 0.073037 0.070473 0.135986
v 0.072551 0.067042 0.136594
v 0.070862 0.067762 0.139296
v 0.079316 0.085806 0.126108
v 0.078704 0.089415 0.127034
v 0.063914 0.089942 0.150247
v 0.066003 0.088055 0.146883
v 0.064191 0.086226 0.149722
v 0.063681 0.120646 0.154479
v 0.071127 0.119471 0.146957
v 0.072137 0.119342 0.145493
v 0.064672 0.120364 0.155170
v 0.066975 0.120447 0.152151
v 0.066482 0.120345 0.153193
v 0.067183 0.120073 0.152641
v 0.062251 0.083610 0.152685
v 0.059989 0.083366 0.155905
v 0.061703 0.086027 0.153765
v 0.064366 0.120473 0.154563
v 0.080702 0.121212 0.126487
v 0.080133 0.120503 0.126996
v 0.063393 0.120852 0.153964
v 0.072073 0.120324 0.144866
v 0.065092 0.120629 0.151210
v 0.067839 0.120667 0.146428
v 0.067988 0.120882 0.147652
v 0.076388 0.120869 0.134988
v 0.077669 0.120640 0.134731
v 0.085555 0.103322 0.123915
v 0.068515 0.120135 0.150672
v 0.069183 0.120429 0.149092
v 0.067972 0.120553 0.149958
v 0.063736 0.120717 0.153070
v 0.063087 0.120000 0.153678
v 0.054286 0.109076 0.164698
v 0.072904 0.120581 0.142218
v 0.074000 0.120499 0.141115
v 0.072746 0.120641 0.141216
v 0.067095 0.119374 0.152927
v 0.066418 0.119807 0.153884
v 0.072318 0.117439 0.145358
v 0.062351 0.115114 0.153419
v 0.062511 0.109225 0.152484
v 0.060311 0.112992 0.156006
v 0.083557 0.113087 0.127510
v 0.081857 0.116221 0.130306
v 0.071409 0.045254 0.137557
v 0.071510 0.047996 0.137408
v 0.070017 0.120427 0.147873
v 0.066966 0.120587 0.147682
v 0.065633 0.120653 0.151735
v 0.069184 0.119411 0.149909
v 0.058745 0.098384 0.157809
v 0.058107 0.101534 0.158649
v 0.060629 0.102345 0.154895
v 0.076125 0.095067 0.138501
v 0.074673 0.096682 0.140708
v 0.054674 0.092429 0.164356
v 0.053678 0.093871 0.165594
v 0.056820 0.093692 0.161140
v 0.051374 0.083064 0.168592
v 0.050277 0.086060 0.170428
v 0.073268 0.054858 0.134583
v 0.072123 0.057693 0.136420
v 0.073418 0.059856 0.134427
v 0.079170 0.120796 0.132125
v 0.080066 0.120729 0.131368
v 0.079510 0.120769 0.130809
v 0.066091 0.120555 0.152392
v 0.080055 0.120500 0.132491
v 0.071550 0.088219 0.145494
v 0.065823 0.120748 0.151069
v 0.066478 0.120474 0.151328
v 0.066890 0.120814 0.148810
v 0.067281 0.120606 0.149600
v 0.068044 0.120543 0.148823
v 0.066619 0.120750 0.148319
v 0.067542 0.120542 0.151102
v 0.067760 0.120013 0.151927
v 0.063919 0.118178 0.151923
v 0.082960 0.120257 0.128330
v 0.082770 0.118790 0.129021
v 0.083823 0.118988 0.127393
v 0.075059 0.096784 0.133232
v 0.077224 0.098266 0.129842
v 0.071855 0.120539 0.142606
v 0.074197 0.119890 0.142196
v 0.066311 0.120650 0.150618
v 0.066674 0.047337 0.144575
v 0.067225 0.050341 0.143923
v 0.082224 0.087838 0.121479
v 0.075372 0.085135 0.132718
v 0.078430 0.081578 0.127590
v 0.076321 0.080314 0.131126
v 0.068192 0.085711 0.143315
v 0.081103 0.109605 0.131118
v 0.062175 0.075967 0.152082
v 0.064081 0.073211 0.149084
v 0.061229 0.071381 0.153293
v 0.066455 0.120750 0.149896
v 0.065679 0.118369 0.149279
v 0.067005 0.120484 0.150451
v 0.079422 0.119927 0.127980
v 0.085929 0.099962 0.123198
v 0.066484 0.119975 0.148431
v 0.075846 0.101032 0.139081
v 0.077498 0.104791 0.136705
v 0.075973 0.106843 0.139178
v 0.067327 0.119270 0.146901
v 0.068515 0.108728 0.144083
v 0.065943 0.108179 0.147672
v 0.066738 0.111907 0.146897
v 0.068607 0.120092 0.145059
v 0.070089 0.120441 0.146975
v 0.075402 0.078208 0.132450
v 0.073624 0.080557 0.135393
v 0.071443 0.109575 0.139974
v 0.069573 0.111894 0.142853
v 0.070151 0.119531 0.148423
v 0.070771 0.120214 0.147113
v 0.061843 0.118448 0.154986
v 0.068670 0.080710 0.142414
v 0.071526 0.084174 0.138563
v 0.081412 0.121159 0.125096
v 0.076975 0.110731 0.137666
v 0.078518 0.110286 0.135226
v 0.078178 0.112683 0.135921
v 0.082364 0.121144 0.124981
v 0.069173 0.120894 0.145482
v 0.076139 0.113467 0.132006
v 0.078109 0.118121 0.129626
v 0.077772 0.075896 0.128525
v 0.074924 0.079043 0.139749
v 0.075819 0.075029 0.138218
v 0.076844 0.077129 0.136586
v 0.075565 0.108024 0.133056
v 0.078054 0.109697 0.129111
v 0.077004 0.105958 0.130796
v 0.062266 0.120142 0.154791
v 0.082516 0.118164 0.122816
v 0.070183 0.120686 0.144820
v 0.073499 0.120562 0.139957
v 0.078502 0.106074 0.128358
v 0.080331 0.108182 0.125480
v 0.079831 0.102483 0.125766
v 0.064007 0.082760 0.149728
v 0.064102 0.077900 0.149291
v 0.062134 0.080144 0.152439
v 0.069709 0.120802 0.144232
v 0.081962 0.120930 0.125953
v 0.081493 0.121141 0.126089
v 0.078903 0.100429 0.134433
v 0.078973 0.097290 0.134170
v 0.080944 0.099663 0.131172
v 0.070837 0.077885 0.139438
v 0.071112 0.081033 0.139017
v 0.071490 0.096351 0.139323
v 0.076281 0.042237 0.130100
v 0.074277 0.120790 0.137749
v 0.074900 0.120526 0.138126
v 0.075442 0.120656 0.137130
v 0.057848 0.086054 0.159460
v 0.060153 0.087610 0.156128
v 0.082288 0.086379 0.128495
v 0.079989 0.086515 0.132223
v 0.081180 0.082873 0.130134
v 0.085596 0.092360 0.123439
v 0.076140 0.120207 0.132762
v 0.075767 0.120991 0.133787
v 0.076573 0.121086 0.132728
v 0.073437 0.116303 0.143431
v 0.081362 0.067347 0.122448
v 0.079208 0.062574 0.125993
v 0.077851 0.067081 0.128146
v 0.068851 0.034238 0.141100
v 0.066810 0.033012 0.144047
v 0.057379 0.112193 0.160270
v 0.077777 0.107917 0.136364
v 0.073429 0.075271 0.135541
v 0.079851 0.107998 0.133083
v 0.059891 0.077391 0.155432
v 0.084329 0.111129 0.126076
v 0.079610 0.103909 0.133344
v 0.063936 0.098792 0.150199
v 0.062448 0.101098 0.152207
v 0.064523 0.102579 0.149536
v 0.065621 0.091131 0.147668
v 0.075153 0.120924 0.136419
v 0.080481 0.118225 0.132397
v 0.081515 0.118571 0.130837
v 0.080904 0.119591 0.131861
v 0.077691 0.103570 0.129484
v 0.075318 0.102365 0.133289
v 0.077197 0.120655 0.131416
v 0.061038 0.097250 0.154352
v 0.064196 0.094386 0.149843
v 0.070291 0.120860 0.143191
v 0.069602 0.120011 0.143489
v 0.081698 0.112018 0.123589
v 0.082295 0.115105 0.122804
v 0.084455 0.108901 0.125847
v 0.086374 0.111216 0.123098
v 0.075899 0.120277 0.138998
v 0.081560 0.120834 0.126575
v 0.080963 0.120995 0.127230
v 0.074262 0.118687 0.142175
v 0.065089 0.062978 0.147532
v 0.062298 0.061408 0.151502
v 0.063190 0.064119 0.150223
v 0.086094 0.106884 0.123218
v 0.081250 0.044446 0.122694
v 0.075758 0.120553 0.137787
v 0.076592 0.120659 0.136747
v 0.087227 0.114739 0.121994
v 0.074965 0.068234 0.132796
v 0.075346 0.072398 0.132333
v 0.078915 0.120744 0.133241
v 0.060832 0.091709 0.155048
v 0.078973 0.118480 0.134797
v 0.076311 0.120727 0.136125
v 0.076705 0.120585 0.136205
v 0.058320 0.079733 0.157800
v 0.057737 0.082336 0.159002
v 0.070816 0.118208 0.147478
v 0.078187 0.120752 0.133828
v 0.083043 0.120819 0.124838
v 0.072070 0.116960 0.139663
v 0.071423 0.113395 0.140373
v 0.070806 0.115930 0.141619
v 0.064791 0.110303 0.155990
v 0.067237 0.106229 0.152143
v 0.067364 0.110195 0.152043
v 0.058438 0.056787 0.157442
v 0.057239 0.061662 0.159269
v 0.060050 0.059439 0.155052
v 0.052379 0.096032 0.167304
v 0.054454 0.097744 0.164098
v 0.075745 0.092642 0.132040
v 0.056472 0.075310 0.160307
v 0.057999 0.073425 0.158045
v 0.055614 0.072651 0.161514
v 0.069486 0.099455 0.148740
v 0.069323 0.096621 0.148888
v 0.071523 0.099187 0.145726
v 0.079659 0.054363 0.124962
v 0.057792 0.068128 0.158293
v 0.070017 0.088793 0.147679
v 0.071221 0.084629 0.145919
v 0.077049 0.071058 0.129483
v 0.079159 0.071360 0.126098
v 0.070031 0.073221 0.140613
v 0.071241 0.071225 0.138821
v 0.082842 0.061744 0.120283
v 0.073112 0.105992 0.137214
v 0.069953 0.105209 0.141878
v 0.073637 0.093785 0.135749
v 0.071570 0.060238 0.137370
v 0.071125 0.064018 0.138617
v 0.073100 0.063802 0.135296
v 0.056277 0.078882 0.160750
v 0.054527 0.079789 0.163582
v 0.081728 0.073701 0.121907
v 0.081804 0.080673 0.121968
v 0.076994 0.113970 0.137913
v 0.066444 0.069818 0.145523
v 0.068477 0.075331 0.142700
v 0.066278 0.076064 0.145823
v 0.082048 0.120724 0.128070
v 0.081559 0.120580 0.129016
v 0.082184 0.120634 0.128692
v 0.082923 0.101867 0.120899
v 0.071465 0.107778 0.146034
v 0.069439 0.105051 0.148881
v 0.071093 0.103507 0.146561
v 0.080817 0.120677 0.128530
v 0.079635 0.120851 0.129583
v 0.080247 0.120634 0.129742
v 0.077625 0.085931 0.135920
v 0.075923 0.084736 0.138536
v 0.072420 0.114946 0.138720
v 0.052367 0.078912 0.166743
v 0.053951 0.077246 0.164267
v 0.074731 0.090358 0.133901
v 0.086264 0.089080 0.122340
v 0.071428 0.118209 0.140887
v 0.077090 0.120872 0.133275
v 0.077377 0.121042 0.132142
v 0.069066 0.101528 0.143088
v 0.064004 0.066621 0.149116
v 0.061566 0.066039 0.152621
v 0.083787 0.120677 0.126067
v 0.084192 0.120636 0.124876
v 0.083110 0.120748 0.125814
v 0.073216 0.120503 0.137927
v 0.073707 0.120660 0.136990
v 0.073041 0.119330 0.138054
v 0.080090 0.116254 0.133114
v 0.078236 0.120798 0.131922
v 0.068236 0.102000 0.150645
v 0.081625 0.120690 0.127319
v 0.085070 0.120597 0.124361
v 0.081494 0.088633 0.129872
v 0.067645 0.052799 0.143363
v 0.070261 0.055768 0.139228
v 0.080327 0.058789 0.124184
v 0.077901 0.058683 0.127850
v 0.078812 0.059929 0.126528
v 0.073923 0.099079 0.142027
v 0.073468 0.095926 0.142611
v 0.082478 0.120800 0.126988
v 0.082173 0.120738 0.126360
v 0.058701 0.108563 0.158047
v 0.059408 0.105168 0.156898
v 0.065234 0.116817 0.155573
v 0.078006 0.121038 0.130876
v 0.077897 0.120992 0.131422
v 0.078649 0.120969 0.130549
v 0.078146 0.120725 0.133084
v 0.082679 0.109183 0.121801
v 0.075907 0.090340 0.138738
v 0.076056 0.087298 0.138365
v 0.077714 0.088358 0.135768
v 0.073978 0.120482 0.139556
v 0.074309 0.120495 0.139803
v 0.069167 0.092678 0.148905
v 0.070778 0.094983 0.146558
v 0.078877 0.098044 0.127078
v 0.053185 0.074233 0.165133
v 0.072978 0.097320 0.143498
v 0.080640 0.091537 0.131328
v 0.057763 0.076842 0.158601
v 0.069946 0.101795 0.148149
v 0.072406 0.095104 0.144222
v 0.075732 0.062497 0.131166
v 0.064679 0.114838 0.150132
v 0.073516 0.112874 0.143132
v 0.074012 0.108048 0.142263
v 0.074126 0.120498 0.138996
v 0.059865 0.063173 0.155169
v 0.068512 0.118101 0.144865
v 0.067004 0.116335 0.146938
v 0.077905 0.119877 0.130277
v 0.076824 0.119471 0.131699
v 0.077193 0.089098 0.129618
v 0.075149 0.120493 0.138863
v 0.069287 0.069029 0.141502
v 0.069537 0.060075 0.140688
v 0.077812 0.101888 0.136147
v 0.077502 0.098576 0.136479
v 0.058004 0.089743 0.159553
v 0.065972 0.080342 0.146460
v 0.054985 0.075798 0.162522
v 0.069076 0.115113 0.143882
v 0.054434 0.070123 0.163358
v 0.062326 0.088130 0.152855
v 0.075476 0.111507 0.140068
v 0.077841 0.101054 0.128972
v 0.051124 0.069726 0.168000
v 0.063606 0.069760 0.149639
v 0.072785 0.104007 0.143929
v 0.074476 0.104152 0.141366
v 0.084842 0.098904 0.124915
v 0.074642 0.101334 0.141103
v 0.067469 0.106056 0.145424
v 0.077485 0.120704 0.133987
v 0.076242 0.081735 0.137770
v 0.075804 0.117595 0.132807
v 0.055968 0.100757 0.161775
v 0.078079 0.120829 0.130175
v 0.071390 0.119886 0.140966
v 0.081998 0.105841 0.122538
v 0.072982 0.038395 0.135122
v 0.062612 0.068452 0.151157
v 0.075302 0.058105 0.131738
v 0.078555 0.106147 0.135008
v 0.065916 0.084346 0.146721
v 0.067250 0.082697 0.144542
v 0.073969 0.083140 0.141471
v 0.056872 0.098459 0.160613
v 0.078400 0.120790 0.133398
v 0.077939 0.091879 0.135508
v 0.071615 0.120874 0.141408
v 0.072380 0.120797 0.140047
v 0.064797 0.050912 0.147624
v 0.062996 0.054434 0.150557
v 0.076012 0.119273 0.132916
v 0.073455 0.120977 0.138006
v 0.078605 0.115396 0.135318
v 0.079075 0.094175 0.133770
v 0.054383 0.065965 0.163528
v 0.077826 0.095497 0.135785
v 0.073224 0.096660 0.136399
v 0.073304 0.098760 0.136217
v 0.065010 0.043214 0.146930
v 0.073848 0.076695 0.141438
v 0.075738 0.114976 0.139861
v 0.077083 0.117706 0.137862
v 0.075051 0.071293 0.139466
v 0.073694 0.074316 0.141558
v 0.071598 0.101209 0.139258
v 0.069167 0.098292 0.142906
v 0.075190 0.117295 0.140665
v 0.073416 0.120779 0.138928
v 0.073277 0.116650 0.137246
v 0.073666 0.101686 0.142558
v 0.062048 0.046219 0.151543
v 0.060898 0.050923 0.153658
v 0.072583 0.081130 0.143505
v 0.061592 0.057093 0.152646
v 0.060043 0.056793 0.155143
v 0.072757 0.120478 0.138737
v 0.061202 0.115915 0.155260
v 0.073781 0.119308 0.136583
v 0.080830 0.120470 0.125985
v 0.073829 0.110309 0.135943
v 0.072159 0.119451 0.139665
v 0.065324 0.097412 0.148191
v 0.074337 0.115271 0.135086
v 0.053349 0.100875 0.165709
v 0.052152 0.104485 0.167751
v 0.054666 0.103752 0.163717
v 0.080559 0.038896 0.124225
v 0.073085 0.113193 0.137541
v 0.080946 0.040992 0.123583
v 0.079918 0.040635 0.125085
v 0.066084 0.106441 0.147475
v 0.081339 0.114161 0.124175
v 0.070234 0.113799 0.142222
v 0.069756 0.046753 0.140203
v 0.054943 0.077796 0.162864
v 0.050264 0.094254 0.170433
v 0.079463 0.089316 0.133026
v 0.066664 0.093360 0.146222
v 0.062848 0.104400 0.151792
v 0.074803 0.119896 0.141158
v 0.072668 0.078636 0.143319
v 0.071459 0.034810 0.137105
v 0.080339 0.095737 0.131981
v 0.071052 0.120794 0.142743
v 0.068056 0.098978 0.150889
v 0.074339 0.112808 0.135077
v 0.060102 0.054253 0.154950
v 0.076048 0.119339 0.139331
v 0.075310 0.119301 0.140582
v 0.063026 0.085555 0.151678
v 0.071343 0.120760 0.142189
v 0.054526 0.100846 0.163862
v 0.049409 0.089946 0.171752
v 0.051438 0.099131 0.168639
v 0.080352 0.088793 0.131593
v 0.080486 0.120720 0.130449
v 0.080934 0.120468 0.131122
v 0.080884 0.120586 0.129556
v 0.081388 0.120588 0.129996
v 0.075253 0.120349 0.139981
v 0.081805 0.119830 0.130593
v 0.082281 0.120298 0.129402
v 0.082868 0.120677 0.127467
v 0.083890 0.120301 0.126963
v 0.083186 0.120663 0.126722
v 0.064591 0.106008 0.149422
v 0.084787 0.120331 0.125509
v 0.082474 0.120776 0.125576
v 0.083608 0.120764 0.124746
v 0.085522 0.120227 0.124298
v 0.066777 0.096170 0.146256
v 0.080009 0.111369 0.126218
v -0.094897 0.041691 0.147877
v -0.090269 0.046090 0.151006
v -0.087182 0.041166 0.152829
v -0.102892 0.054195 0.143170
v -0.101272 0.052105 0.144316
v -0.105444 0.052242 0.141235
v -0.102680 0.048370 0.143036
v -0.111252 0.044195 0.137003
v -0.108881 0.038655 0.138445
v -0.101120 0.022845 0.144148
v -0.096455 0.026788 0.146919
v -0.095116 0.022086 0.148202
v -0.105379 0.020994 0.141245
v -0.103085 0.019974 0.142705
v -0.091289 0.024973 0.150392
v -0.092041 0.027780 0.149668
v -0.088453 0.028986 0.151771
v -0.099088 0.049283 0.145606
v -0.094951 0.047723 0.148094
v -0.099041 0.046006 0.145297
v -0.109079 0.049625 0.138602
v -0.103332 0.029243 0.142463
v -0.104799 0.035171 0.141256
v -0.100484 0.033361 0.144098
v -0.109998 0.032316 0.137916
v -0.092336 0.031386 0.149261
v -0.086525 0.034338 0.152782
v -0.093006 0.019390 0.149414
v -0.094934 0.018539 0.148063
v -0.095608 0.019951 0.147847
v -0.106289 0.031865 0.140454
v -0.096147 0.034935 0.146862
v -0.097691 0.030993 0.145904
v -0.093282 0.017742 0.148895
v -0.090686 0.051698 0.150859
v -0.089800 0.021281 0.151418
v -0.087566 0.018811 0.152640
v -0.090277 0.018678 0.150953
v -0.108916 0.056928 0.138769
v -0.086108 0.024664 0.153581
v -0.103827 0.057087 0.142391
v -0.099782 0.056001 0.145300
v -0.091290 0.036878 0.149995
v -0.104530 0.043180 0.141374
v -0.084509 0.048997 0.154807
v -0.101983 0.018703 0.143255
v -0.103950 0.018534 0.141882
v -0.094101 0.057262 0.148854
v -0.096761 0.052161 0.147237
v -0.100015 0.037562 0.144351
v -0.112037 0.021094 0.136630
v -0.107503 0.024191 0.139873
v -0.108444 0.019432 0.138970
v -0.112111 0.025553 0.136596
v -0.105542 0.048368 0.140996
v -0.105534 0.019165 0.140925
v -0.086894 0.058186 0.153463
v -0.097319 0.018838 0.146709
v -0.098001 0.020536 0.146352
v -0.091652 0.017694 0.149889
v -0.100129 0.019642 0.144679
v -0.089118 0.015761 0.147732
v -0.088672 0.017219 0.151847
v -0.088173 0.017680 0.152113
v -0.087795 0.016934 0.152052
v -0.089075 0.017687 0.151655
v -0.088598 0.016620 0.151271
v -0.090086 0.016983 0.150696
v -0.089092 0.016279 0.150452
v -0.086703 0.016294 0.151634
v -0.087831 0.016078 0.150035
v -0.089580 0.016141 0.149584
v -0.092357 0.016658 0.148792
v -0.091067 0.016401 0.149346
v -0.090458 0.016076 0.148490
v -0.093263 0.016743 0.148307
v -0.094552 0.017118 0.147759
v -0.096072 0.017822 0.147185
v -0.096993 0.018015 0.146719
v -0.091924 0.015960 0.147435
v -0.092954 0.016253 0.147738
v -0.093700 0.016456 0.147507
v -0.093794 0.016054 0.146581
v -0.094603 0.016349 0.146841
v -0.095931 0.016695 0.146526
v -0.097700 0.017716 0.146064
v -0.099055 0.018099 0.145086
v -0.098502 0.017110 0.144967
v -0.099291 0.017338 0.144644
v -0.094650 0.015712 0.145103
v -0.095354 0.016080 0.145698
v -0.097272 0.016858 0.145748
v -0.096639 0.016317 0.145345
v -0.099258 0.016970 0.144432
v -0.097664 0.016486 0.144773
v -0.098884 0.016508 0.144074
v -0.099927 0.017285 0.144145
v -0.097036 0.016012 0.144201
v -0.101474 0.017347 0.143239
v -0.100538 0.018280 0.144109
v -0.096774 0.015543 0.142553
v -0.098828 0.016053 0.143110
v -0.101420 0.016479 0.142555
v -0.102652 0.016556 0.141997
v -0.100247 0.016456 0.143207
v -0.100362 0.015996 0.142040
v -0.102945 0.017708 0.142393
v -0.104370 0.016982 0.141110
v -0.101676 0.016190 0.141958
v -0.102026 0.016053 0.141116
v -0.100988 0.015651 0.140006
v -0.105487 0.017982 0.140713
v -0.106000 0.016996 0.139962
v -0.104519 0.016321 0.140075
v -0.103501 0.016294 0.140780
v -0.103882 0.015973 0.139377
v -0.106978 0.017968 0.139626
v -0.105234 0.016497 0.140045
v -0.107177 0.016866 0.139097
v -0.106014 0.016296 0.139102
v -0.103986 0.015596 0.137643
v -0.108341 0.017307 0.138561
v -0.107658 0.016375 0.138283
v -0.110409 0.016820 0.136904
v -0.111247 0.017923 0.136771
v -0.109615 0.017524 0.137774
v -0.107409 0.015981 0.137248
v -0.111173 0.017053 0.136494
v -0.111784 0.016953 0.136108
v -0.108970 0.016411 0.137515
v -0.111076 0.016518 0.136168
v -0.109659 0.016161 0.136414
v -0.112059 0.016398 0.135450
v -0.108639 0.016092 0.136976
v -0.106957 0.015626 0.135487
v -0.104417 0.015501 0.134808
v -0.096823 0.017379 0.146555
v -0.112132 0.015918 0.134572
v -0.109846 0.015800 0.134937
v -0.111018 0.016108 0.135452
v -0.087148 0.017533 0.152631
f 2 3 4
f 5 6 7
f 14 15 10
f 20 21 22
f 24 25 26
f 27 28 29
f 30 31 32
f 9 33 34
f 31 15 32
f 26 25 34
f 35 36 37
f 38 39 40
f 30 41 42
f 33 30 42
f 24 26 22
f 46 47 48
f 42 20 33
f 51 20 42
f 52 21 51
f 17 53 19
f 55 12 47
f 51 56 52
f 58 23 13
f 57 59 60
f 52 56 61
f 61 62 52
f 56 63 61
f 64 44 47
f 15 14 32
f 46 65 64
f 66 67 68
f 6 70 1
f 1 70 53
f 69 71 72
f 40 73 74
f 71 73 75
f 76 40 39
f 22 26 20
f 71 78 72
f 75 73 79
f 73 40 76
f 27 59 57
f 82 83 84
f 35 85 36
f 86 87 88
f 83 82 89
f 90 83 79
f 79 91 90
f 93 94 88
f 94 95 90
f 19 96 97
f 89 80 77
f 98 99 100
f 101 86 88
f 84 102 82
f 99 98 3
f 103 35 102
f 19 53 96
f 4 98 101
f 87 104 93
f 103 105 106
f 107 7 58
f 82 109 89
f 3 98 4
f 94 110 88
f 111 4 101
f 101 110 111
f 108 81 109
f 102 35 37
f 95 102 84
f 109 82 36
f 35 103 106
f 112 108 109
f 109 36 85
f 111 114 4
f 103 102 94
f 53 115 96
f 116 117 67
f 108 112 118
f 79 83 75
f 107 58 113
f 110 94 111
f 6 23 58
f 65 71 69
f 92 119 60
f 98 86 101
f 20 26 33
f 33 9 31
f 70 120 53
f 121 7 122
f 75 83 89
f 123 124 62
f 100 123 125
f 62 61 126
f 124 123 100
f 127 128 124
f 99 124 100
f 129 128 127
f 124 99 127
f 45 129 130
f 130 99 131
f 131 45 130
f 132 131 2
f 133 131 132
f 114 132 2
f 62 134 125
f 132 135 133
f 132 136 135
f 135 54 133
f 137 114 138
f 137 136 114
f 139 140 135
f 141 137 138
f 142 139 137
f 2 131 99
f 39 142 76
f 91 141 138
f 79 76 141
f 142 145 139
f 141 142 137
f 126 134 62
f 125 123 62
f 130 129 127
f 145 142 146
f 142 39 146
f 47 12 48
f 50 49 146
f 141 91 79
f 141 76 142
f 139 145 140
f 124 128 62
f 99 130 127
f 50 146 39
f 132 114 136
f 139 135 136
f 136 137 139
f 45 131 133
f 144 50 38
f 96 115 68
f 140 54 135
f 11 143 48
f 48 12 11
f 143 144 48
f 50 39 38
f 145 146 49
f 93 105 103
f 144 38 48
f 121 122 147
f 56 41 148
f 90 91 94
f 24 45 25
f 149 29 150
f 40 48 38
f 44 43 47
f 115 120 66
f 66 68 115
f 13 113 58
f 71 65 74
f 114 2 4
f 21 52 128
f 122 8 147
f 59 151 60
f 74 46 48
f 53 17 1
f 121 5 7
f 138 114 111
f 47 43 55
f 46 64 47
f 153 147 151
f 128 22 21
f 26 34 33
f 109 81 80
f 66 151 67
f 147 8 154
f 94 102 95
f 75 78 71
f 56 42 41
f 120 153 151
f 65 46 74
f 73 71 74
f 109 80 89
f 23 6 1
f 103 94 93
f 154 60 147
f 83 90 84
f 77 75 89
f 115 53 120
f 156 27 29
f 88 87 93
f 92 60 154
f 6 58 7
f 151 66 120
f 57 28 27
f 157 149 158
f 37 82 102
f 73 76 79
f 60 151 147
f 70 5 153
f 160 158 149
f 19 97 18
f 160 149 152
f 152 149 150
f 21 20 51
f 129 24 22
f 111 94 91
f 77 78 75
f 152 159 160
f 60 119 57
f 86 98 100
f 24 129 45
f 74 48 40
f 91 138 111
f 121 147 5
f 153 5 147
f 156 59 27
f 105 93 104
f 29 157 156
f 22 128 129
f 156 157 117
f 116 156 117
f 7 107 122
f 3 2 99
f 10 15 31
f 156 116 59
f 31 9 10
f 62 128 52
f 33 31 30
f 159 152 155
f 16 18 97
f 120 70 153
f 106 85 35
f 42 56 51
f 90 95 84
f 82 37 36
f 151 59 116
f 157 29 149
f 148 63 56
f 6 5 70
f 63 126 61
f 101 88 110
f 151 116 67
f 161 162 163
f 164 163 165
f 166 167 168
f 169 170 171
f 172 173 174
f 175 176 177
f 178 179 176
f 180 181 182
f 183 184 185
f 186 187 188
f 189 190 191
f 192 193 194
f 195 196 197
f 198 199 200
f 201 197 171
f 202 203 204
f 205 206 207
f 208 209 210
f 211 212 206
f 213 214 203
f 215 216 196
f 217 218 219
f 220 221 222
f 223 224 225
f 226 227 202
f 228 229 172
f 230 231 185
f 232 233 234
f 162 235 236
f 237 238 239
f 240 241 208
f 237 242 243
f 244 227 245
f 246 247 248
f 249 215 195
f 250 166 245
f 251 206 252
f 253 250 245
f 254 201 255
f 172 256 173
f 257 258 259
f 260 235 261
f 262 261 162
f 263 264 265
f 266 267 268
f 269 270 200
f 270 271 272
f 189 273 274
f 275 269 200
f 180 182 276
f 277 278 279
f 200 280 275
f 281 282 190
f 190 189 281
f 283 284 285
f 286 287 276
f 196 216 258
f 198 288 289
f 290 187 291
f 242 292 293
f 161 262 162
f 294 295 296
f 247 241 248
f 168 165 166
f 245 166 297
f 208 210 240
f 298 299 300
f 301 291 187
f 281 302 303
f 304 305 306
f 170 201 171
f 307 217 232
f 308 309 310
f 185 234 183
f 217 311 218
f 312 313 314
f 315 228 239
f 316 317 318
f 319 304 306
f 320 321 322
f 323 324 325
f 326 214 208
f 186 188 327
f 265 328 329
f 314 313 330
f 165 162 331
f 332 333 334
f 206 205 211
f 172 229 256
f 335 336 337
f 193 338 339
f 340 267 341
f 318 282 342
f 211 343 265
f 234 185 344
f 345 296 346
f 323 325 314
f 162 165 163
f 347 263 265
f 281 327 348
f 219 218 249
f 213 349 207
f 350 351 312
f 304 319 352
f 353 354 355
f 241 247 326
f 228 356 239
f 357 169 197
f 298 300 358
f 320 359 225
f 202 227 360
f 237 243 361
f 297 244 245
f 238 237 361
f 362 363 364
f 175 209 252
f 184 365 366
f 367 368 369
f 329 176 175
f 260 370 235
f 225 371 215
f 372 166 373
f 296 345 294
f 275 374 375
f 162 261 235
f 165 365 166
f 166 372 297
f 356 228 172
f 376 200 272
f 176 328 178
f 377 221 378
f 230 379 231
f 205 349 211
f 380 275 280
f 263 347 381
f 298 358 374
f 382 180 296
f 260 261 313
f 383 202 278
f 384 310 228
f 385 263 381
f 368 386 369
f 367 335 387
f 388 389 390
f 288 347 343
f 268 248 266
f 227 283 360
f 389 221 377
f 251 209 208
f 343 211 349
f 317 286 191
f 293 340 341
f 279 202 360
f 391 269 375
f 319 392 352
f 247 393 394
f 332 395 262
f 305 396 397
f 278 362 383
f 170 277 279
f 374 380 298
f 282 348 398
f 236 235 370
f 399 179 178
f 331 162 400
f 315 384 228
f 387 335 337
f 174 173 401
f 349 288 343
f 402 364 403
f 199 402 403
f 360 283 279
f 401 173 397
f 404 388 390
f 202 279 278
f 244 284 283
f 405 387 396
f 204 214 326
f 322 321 221
f 350 314 325
f 351 350 406
f 354 303 302
f 317 391 407
f 188 187 327
f 366 331 400
f 203 202 364
f 236 408 400
f 409 246 248
f 307 232 234
f 410 316 411
f 374 407 375
f 302 274 273
f 358 407 374
f 166 365 373
f 412 254 217
f 413 414 415
f 271 270 269
f 258 257 196
f 284 372 416
f 300 286 358
f 221 220 378
f 349 402 289
f 288 349 289
f 375 407 391
f 311 344 417
f 376 381 418
f 246 393 247
f 215 249 320
f 419 357 257
f 254 412 201
f 259 286 300
f 197 196 357
f 340 293 420
f 385 381 413
f 288 198 418
f 203 349 213
f 362 364 383
f 401 337 174
f 403 364 363
f 192 323 314
f 279 283 170
f 406 421 351
f 181 353 355
f 369 420 367
f 370 422 236
f 280 363 380
f 302 281 274
f 255 284 416
f 191 182 189
f 258 216 346
f 254 416 372
f 423 424 299
f 180 287 296
f 281 301 186
f 358 286 407
f 238 315 239
f 425 417 344
f 190 317 191
f 426 249 195
f 344 185 425
f 344 311 307
f 218 220 222
f 191 276 182
f 265 212 211
f 276 191 286
f 427 271 391
f 377 417 425
f 274 281 189
f 217 195 201
f 380 423 299
f 185 428 425
f 426 195 217
f 203 402 349
f 423 362 277
f 429 177 242
f 357 196 257
f 396 337 401
f 252 209 251
f 252 329 175
f 201 412 217
f 177 179 243
f 430 181 180
f 431 271 427
f 275 380 374
f 311 417 220
f 266 210 429
f 283 227 244
f 256 309 397
f 240 266 248
f 176 329 328
f 246 409 432
f 271 433 414
f 172 174 356
f 170 283 285
f 377 425 434
f 390 389 377
f 185 231 428
f 431 435 433
f 213 208 214
f 292 242 237
f 259 258 346
f 328 264 178
f 163 333 332
f 250 253 436
f 174 337 336
f 347 418 381
f 293 292 356
f 273 189 182
f 186 301 187
f 261 395 313
f 391 317 437
f 437 427 391
f 393 436 253
f 425 428 434
f 314 330 192
f 299 424 419
f 241 326 208
f 317 407 286
f 367 387 438
f 199 289 402
f 395 338 192
f 398 342 282
f 377 434 390
f 182 181 355
f 420 335 367
f 183 234 233
f 418 200 376
f 424 357 419
f 433 271 431
f 417 377 378
f 381 272 413
f 439 390 434
f 418 198 200
f 278 277 362
f 334 339 338
f 336 356 174
f 167 166 250
f 280 200 199
f 387 337 396
f 169 277 170
f 351 421 312
f 237 239 292
f 440 386 441
f 293 336 420
f 197 201 195
f 287 286 259
f 313 395 330
f 213 207 251
f 341 266 242
f 229 228 310
f 195 215 196
f 271 414 272
f 368 367 438
f 331 366 365
f 177 429 175
f 220 218 311
f 310 309 256
f 318 342 411
f 247 226 204
f 199 403 363
f 300 299 419
f 442 340 420
f 266 341 267
f 391 271 269
f 443 323 192
f 193 192 338
f 285 284 255
f 390 439 404
f 210 266 240
f 332 262 161
f 444 340 442
f 408 422 379
f 209 429 210
f 190 282 318
f 306 309 308
f 248 241 240
f 396 305 405
f 355 302 273
f 445 399 264
f 245 227 253
f 328 265 264
f 208 213 251
f 393 227 394
f 353 181 430
f 327 281 186
f 302 355 354
f 356 336 293
f 169 424 277
f 201 170 285
f 209 175 429
f 253 227 393
f 397 309 306
f 308 446 306
f 373 365 233
f 325 406 350
f 348 282 281
f 444 442 440
f 236 422 408
f 206 212 252
f 433 415 414
f 242 293 341
f 243 242 177
f 435 431 447
f 447 448 435
f 372 284 297
f 427 447 431
f 173 256 397
f 410 448 447
f 316 447 437
f 226 247 394
f 365 184 183
f 447 427 437
f 437 317 316
f 440 442 369
f 393 246 432
f 294 345 371
f 163 332 161
f 410 447 316
f 197 169 171
f 207 349 205
f 324 323 443
f 449 296 295
f 366 230 184
f 366 408 230
f 294 371 224
f 232 254 372
f 416 254 255
f 215 371 345
f 164 333 163
f 164 168 167
f 316 318 411
f 244 297 284
f 312 314 350
f 430 180 382
f 354 450 303
f 249 218 320
f 371 225 224
f 396 401 397
f 178 264 399
f 192 330 395
f 272 381 376
f 190 318 317
f 332 338 395
f 218 451 320
f 444 268 267
f 215 320 225
f 217 307 311
f 408 366 400
f 346 216 345
f 345 216 215
f 363 280 199
f 225 359 223
f 289 199 198
f 386 440 369
f 285 255 201
f 182 355 273
f 176 179 177
f 334 338 332
f 233 232 373
f 362 380 363
f 320 451 321
f 206 251 207
f 419 257 259
f 223 359 452
f 329 212 265
f 429 242 266
f 263 445 264
f 226 202 204
f 424 169 357
f 420 369 442
f 203 214 204
f 343 347 265
f 233 365 183
f 301 281 303
f 394 227 226
f 217 249 426
f 296 287 346
f 336 335 420
f 256 229 310
f 222 321 451
f 300 419 259
f 269 275 375
f 222 221 321
f 414 413 272
f 165 168 164
f 397 306 305
f 322 452 359
f 307 234 344
f 450 291 301
f 450 301 303
f 395 261 262
f 400 162 236
f 424 423 277
f 446 319 306
f 296 449 382
f 220 417 378
f 451 218 222
f 340 444 267
f 402 203 364
f 373 232 372
f 249 217 219
f 287 259 346
f 276 287 180
f 292 239 356
f 364 202 383
f 324 406 325
f 184 230 185
f 194 443 192
f 423 380 362
f 329 252 212
f 305 304 405
f 320 322 359
f 379 230 408
f 331 365 165
f 232 217 254
f 298 380 299
f 418 347 288
f 272 200 270
f 326 247 204
f 453 454 455
f 456 457 458
f 459 460 461
f 462 463 464
f 465 466 467
f 470 471 472
f 473 474 475
f 476 477 478
f 479 480 481
f 482 483 484
f 485 486 487
f 488 489 490
f 491 492 493
f 494 495 496
f 497 498 499
f 500 501 502
f 503 504 505
f 506 507 508
f 509 510 511
f 512 513 514
f 515 516 517
f 519 520 521
f 522 523 524
f 525 526 527
f 528 529 530
f 531 532 533
f 534 535 536
f 537 538 539
f 540 541 542
f 543 544 545
f 546 547 548
f 549 550 551
f 552 553 554
f 555 556 557
f 558 559 560
f 561 562 563
f 564 565 566
f 554 553 567
f 568 569 570
f 571 572 573
f 574 575 576
f 577 525 527
f 578 579 480
f 580 581 582
f 583 584 585
f 586 587 588
f 589 590 591
f 592 593 594
f 595 596 597
f 598 599 600
f 601 602 603
f 604 605 606
f 607 608 609
f 610 611 612
f 613 614 615
f 616 617 618
f 619 620 621
f 622 623 624
f 625 626 627
f 628 629 630
f 631 632 633
f 634 635 636
f 637 638 639
f 640 641 642
f 643 644 645
f 646 647 648
f 649 650 651
f 654 655 656
f 657 658 659
f 660 661 662
f 663 545 544
f 664 665 666
f 667 668 669
f 670 671 672
f 673 674 675
f 676 677 678
f 679 680 681
f 682 683 684
f 685 686 687
f 688 689 690
f 691 692 693
f 694 695 696
f 697 698 699
f 494 700 701
f 702 703 704
f 705 706 691
f 707 708 587
f 616 709 581
f 710 711 712
f 713 714 715
f 716 717 718
f 719 720 721
f 722 723 724
f 725 726 727
f 728 729 730
f 731 732 733
f 734 735 736
f 737 738 739
f 740 741 742
f 476 743 477
f 744 745 727
f 746 722 724
f 747 748 749
f 750 751 752
f 678 753 676
f 754 755 756
f 757 758 759
f 760 478 761
f 762 763 764
f 765 766 602
f 767 768 769
f 770 771 772
f 773 774 775
f 776 777 778
f 779 780 781
f 782 783 784
f 785 786 787
f 788 789 790
f 791 792 460
f 793 794 795
f 796 797 798
f 799 800 801
f 802 803 499
f 804 805 806
f 807 799 801
f 795 808 793
f 809 810 811
f 812 813 814
f 815 590 816
f 817 818 819
f 820 821 822
f 796 823 824
f 825 597 826
f 827 828 829
f 830 831 832
f 833 834 835
f 836 837 838
f 839 840 841
f 691 693 842
f 843 844 522
f 845 846 547
f 847 848 849
f 850 851 852
f 853 854 855
f 856 857 858
f 859 860 861
f 862 863 864
f 516 865 511
f 866 867 868
f 869 870 871
f 872 873 874
f 875 876 877
f 878 879 880
f 881 882 883
f 884 885 886
f 776 778 887
f 888 807 889
f 890 891 892
f 893 894 895
f 897 898 899
f 900 901 902
f 903 904 905
f 906 907 908
f 909 910 911
f 912 913 914
f 915 916 917
f 918 919 702
f 920 921 922
f 923 924 925
f 926 927 928
f 929 930 931
f 668 667 932
f 933 934 935
f 936 937 938
f 939 917 940
f 941 932 942
f 943 457 944
f 945 946 947
f 948 949 950
f 951 628 952
f 953 948 498
f 954 955 956
f 957 958 959
f 553 960 961
f 962 963 964
f 965 966 967
f 968 969 970
f 965 971 972
f 973 974 975
f 976 977 978
f 979 632 980
f 981 982 983
f 984 985 977
f 505 986 987
f 988 552 989
f 504 990 505
f 991 992 993
f 608 994 609
f 995 996 997
f 998 999 922
f 1000 1001 1002
f 1003 1004 1005
f 917 1006 1007
f 1008 817 1009
f 1010 1011 1012
f 1013 1014 1015
f 726 725 1016
f 1000 1017 1018
f 1019 1020 1021
f 1022 1023 1024
f 1025 1026 1027
f 1028 1029 1030
f 1031 1032 1033
f 1034 1035 945
f 1036 828 1037
f 1038 1039 1040
f 524 1041 522
f 1042 1043 1044
f 916 1006 917
f 1045 1046 1047
f 1048 928 1049
f 1050 514 1051
f 1052 1053 838
f 1054 1055 1056
f 529 504 530
f 1057 906 908
f 1058 1059 804
f 1060 1061 1062
f 1063 1064 1065
f 1066 1067 1068
f 1069 1070 1071
f 1072 1073 1074
f 1075 1076 1077
f 1078 1079 1080
f 533 1083 531
f 999 920 922
f 1084 535 534
f 1085 1086 1087
f 907 1088 1089
f 979 1090 632
f 1091 1043 1042
f 1064 1092 1093
f 1094 1095 892
f 1096 1097 1098
f 1099 1100 1101
f 1102 493 943
f 1103 1104 1105
f 1106 1107 1108
f 1109 1110 1111
f 1112 1113 1114
f 1115 1116 1117
f 1118 1119 1120
f 1121 1122 927
f 1123 1124 1125
f 1126 1127 1128
f 746 454 453
f 1129 1130 1131
f 1132 1133 793
f 1134 1135 1136
f 1137 1138 1139
f 1140 1141 1142
f 1143 1144 1145
f 1146 1147 1148
f 1149 1150 1151
f 662 661 1152
f 1153 1154 1155
f 1156 1157 1158
f 1159 1160 712
f 1161 1162 1163
f 639 1164 1017
f 586 707 587
f 852 851 1050
f 1165 1162 1161
f 805 804 1166
f 1167 1168 1169
f 1170 579 1171
f 1172 1173 1174
f 1175 1176 1177
f 1178 1179 1180
f 1181 1182 681
f 1183 1184 743
f 1185 1186 533
f 1187 837 1188
f 1189 1190 1191
f 836 1192 837
f 1193 1194 1195
f 1196 1197 827
f 1198 1199 1200
f 1198 1194 1199
f 1201 1202 1203
f 675 1204 673
f 743 1184 477
f 584 583 1205
f 1206 1207 1208
f 1209 1210 1211
f 1212 1213 1214
f 1215 1216 1217
f 709 1218 581
f 1173 1219 1220
f 1221 487 840
f 747 1222 751
f 1223 542 541
f 1224 1225 1226
f 1227 1228 1229
f 466 1230 467
f 1099 1231 1100
f 845 547 1232
f 1233 756 755
f 1234 1235 1236
f 1237 1238 938
f 1239 1240 1046
f 1241 1242 606
f 1243 1244 1245
f 1246 1247 1248
f 793 1249 794
f 1250 1251 1252
f 1132 793 808
f 1253 1254 1255
f 1256 1257 1258
f 1259 1260 508
f 1261 1262 704
f 1263 984 976
f 1264 1265 1266
f 1267 1268 997
f 1269 787 786
f 1270 1271 1272
f 1273 1274 1275
f 1276 1277 1278
f 1279 1280 1281
f 773 823 774
f 538 1282 667
f 831 1169 1168
f 1283 1284 1285
f 1286 1287 1288
f 657 1289 1290
f 1291 1063 1065
f 1292 1293 1294
f 1295 1296 1297
f 1298 1299 1300
f 1301 1302 1303
f 1304 1212 1305
f 1306 1307 1308
f 1309 619 1310
f 1311 1312 779
f 1313 1314 1315
f 1316 1317 792
f 492 943 493
f 1318 1319 1320
f 1321 1322 1323
f 1324 1325 1211
f 1326 1327 1328
f 1329 1330 1331
f 1329 1332 1333
f 1334 1335 1336
f 1337 551 1338
f 1339 1340 1341
f 1342 1343 921
f 1344 1345 1346
f 1347 1348 1349
f 607 1063 1350
f 694 696 1351
f 1352 1353 1354
f 1355 827 1356
f 1357 1358 1359
f 1360 1361 1362
f 1001 855 854
f 788 1363 1364
f 1367 1368 1369
f 1370 1211 1325
f 1371 1372 1373
f 1287 1374 1375
f 1376 793 1377
f 1197 1196 736
f 1378 1379 1380
f 1381 1382 1383
f 1384 1385 1289
f 1386 538 667
f 1387 1002 1388
f 1284 1389 1390
f 1391 1392 1393
f 1394 858 1395
f 1396 737 739
f 1045 1047 1397
f 1398 1399 1400
f 1183 798 1401
f 778 777 1402
f 1403 856 1404
f 1405 1406 1407
f 1226 1225 1408
f 1409 1410 1411
f 578 1412 1413
f 1414 480 579
f 880 775 774
f 465 586 1170
f 1274 1190 1189
f 1415 1416 1417
f 581 1218 1418
f 1419 1420 1421
f 1422 1423 1392
f 734 1424 735
f 1384 1289 1425
f 1426 1427 1428
f 1429 1430 1431
f 1432 1433 1434
f 1070 1435 1071
f 998 1436 999
f 1437 1146 1148
f 1296 1438 1439
f 1042 1440 1441
f 1195 1437 1442
f 1074 1443 1444
f 1204 1270 1445
f 1446 1447 1448
f 1449 1448 1450
f 1451 1452 497
f 842 1453 1454
f 1291 1455 1063
f 1456 1360 1362
f 1457 1458 1459
f 1460 674 1199
f 1268 1461 1462
f 1463 1464 1465
f 1466 1467 1468
f 1469 1470 1471
f 1472 1473 1474
f 1477 1478 1479
f 1480 1481 1482
f 1483 1484 1485
f 1486 1487 1488
f 1489 739 1490
f 1491 1492 686
f 631 633 1493
f 627 1494 1495
f 698 697 1496
f 823 1497 824
f 1498 1499 1500
f 1166 1501 805
f 1502 1503 1504
f 1505 1506 1507
f 1316 877 1508
f 1509 1510 1511
f 1187 1188 1512
f 1513 1514 1515
f 1226 1408 1516
f 1517 1518 1418
f 1278 1519 1303
f 1520 1521 1522
f 929 931 1216
f 1523 1524 1525
f 463 1492 464
f 745 1526 725
f 1527 1528 1529
f 1530 994 1531
f 1090 979 1532
f 1533 1534 1535
f 1536 1537 1538
f 1539 1540 1541
f 1449 1542 1448
f 1016 1543 1544
f 1545 739 738
f 1422 1546 1547
f 1366 1548 1549
f 1550 1551 1552
f 1553 1554 751
f 1555 1556 1502
f 1557 1558 950
f 775 880 1559
f 1317 461 460
f 751 1222 1553
f 1560 1561 1562
f 1563 1127 1564
f 1565 1566 1567
f 741 1568 1569
f 1570 1514 1571
f 1572 1122 1573
f 1553 1574 1575
f 1576 1577 1578
f 1579 1580 1581
f 1582 1583 1584
f 849 848 1586
f 1238 1587 938
f 1588 1045 1397
f 821 1589 1590
f 700 1591 701
f 1592 1593 1397
f 1254 1253 1594
f 1504 1595 1502
f 1509 1273 1510
f 1598 1599 1600
f 1601 1602 1603
f 865 1383 509
f 1383 779 509
f 1604 923 925
f 1605 1606 1607
f 1608 1254 808
f 1609 1610 1611
f 1312 1311 1429
f 1612 1613 498
f 901 1614 902
f 1615 1616 1617
f 1602 1618 1619
f 1620 1621 1622
f 814 1623 1624
f 477 1625 761
f 1626 1627 818
f 997 1628 1629
f 1095 1630 1631
f 1516 624 623
f 1238 1237 1632
f 1633 1634 1635
f 552 554 989
f 1636 1637 1638
f 1639 1640 474
f 1592 1641 1642
f 1366 1365 1548
f 1643 1644 1645
f 1646 1647 1648
f 1649 1650 1618
f 1651 1652 1653
f 1030 1654 1655
f 1656 1657 1658
f 1659 646 648
f 1660 1661 1662
f 1663 1664 1665
f 1666 1667 1668
f 990 1669 986
f 1521 1520 1670
f 1671 1672 1673
f 905 904 1674
f 1675 1676 1677
f 1678 1679 1680
f 1681 1682 1683
f 1684 850 1685
f 1061 1658 1686
f 1687 1006 1688
f 844 523 522
f 849 1690 1691
f 1242 1241 1692
f 1693 1694 1695
f 1696 925 924
f 1697 1698 1443
f 1699 1700 1701
f 1702 1703 651
f 1282 538 537
f 1704 1705 1706
f 1707 1708 1709
f 948 953 949
f 1710 1711 1712
f 1713 1714 1715
f 748 747 1716
f 1717 1718 1719
f 1720 1721 1488
f 1722 1723 1724
f 603 1725 1113
f 1726 1727 1728
f 1729 1307 1306
f 1730 1050 960
f 1731 1732 1733
f 1413 1734 1148
f 1735 1736 931
f 1604 1737 1738
f 759 1739 1740
f 532 1741 1185
f 853 1742 1743
f 1744 1558 1745
f 1746 1747 1748
f 1749 863 1750
f 1751 543 1752
f 1753 1754 1755
f 1756 1757 1758
f 1759 1760 1761
f 1762 1158 699
f 467 1667 1471
f 586 1763 1170
f 1764 1470 1765
f 1766 1767 1768
f 1242 1769 1770
f 1771 1772 1773
f 957 1774 1775
f 1776 1777 712
f 1778 1779 1780
f 1781 1459 1458
f 1201 588 1202
f 1392 1391 1546
f 1782 1535 1534
f 859 1783 860
f 1784 1785 1786
f 1787 1788 1789
f 485 1790 1791
f 1792 1793 1794
f 1795 1796 1797
f 896 1798 1799
f 1800 1801 1802
f 1803 1804 1805
f 1806 1284 1283
f 1807 1808 1809
f 1810 1811 1757
f 1223 541 1812
f 1813 1676 1814
f 659 1815 1816
f 1817 598 1818
f 1442 1437 1819
f 1224 1226 1820
f 1821 1454 1822
f 1823 1232 547
f 1824 1441 1440
f 1418 582 581
f 1388 1002 1001
f 1825 1826 1827
f 1405 1828 1829
f 1314 1313 1830
f 1831 514 1832
f 1833 1834 1835
f 1551 1836 1552
f 1837 1838 950
f 1839 1840 1841
f 696 1842 1551
f 1843 1844 1845
f 1846 1847 1727
f 506 508 1848
f 1849 1850 1851
f 1852 1771 1853
f 1854 1461 1560
f 1855 1856 1857
f 1218 1858 1859
f 1860 1771 1773
f 1277 1861 1278
f 1773 1772 1610
f 1862 728 1863
f 1524 1523 1864
f 728 1526 745
f 1865 1866 1867
f 1868 1869 1870
f 1741 1871 1872
f 1735 930 1873
f 1792 1874 1793
f 1875 1876 1877
f 1878 1879 1880
f 1881 1882 1883
f 738 1884 1545
f 1177 1792 1143
f 1885 1886 1887
f 1888 1889 1890
f 1161 1891 1892
f 1893 1894 1895
f 576 575 1896
f 1590 1689 1897
f 1351 1552 749
f 1898 1899 1900
f 851 1901 1050
f 1902 1903 1904
f 1267 1905 1906
f 1907 1908 1909
f 838 1910 1497
f 1253 1909 1908
f 1911 1912 1863
f 1333 1914 1915
f 1916 1459 1781
f 1049 1917 1048
f 1587 1238 754
f 1918 1919 1920
f 1921 1922 1923
f 1239 1632 1240
f 1239 1045 1588
f 1924 1925 521
f 1387 888 1926
f 1588 1397 1593
f 1927 1928 1929
f 1930 1931 1932
f 936 1933 937
f 1740 1935 759
f 936 938 1587
f 1936 1937 1938
f 1155 1282 1153
f 1939 1940 1941
f 1024 1831 1832
f 660 1942 1943
f 1944 779 781
f 1945 1946 1947
f 1948 1324 1211
f 1949 572 571
f 1950 1951 1952
f 1430 1429 1311
f 1953 1954 1955
f 917 1007 940
f 1956 1957 1958
f 1959 1960 1961
f 481 1962 1963
f 1964 1965 1966
f 1967 1968 1969
f 1970 1971 1972
f 1973 1974 1770
f 1975 1976 1977
f 1978 1979 1242
f 1087 1980 1981
f 1155 1154 1982
f 983 982 1755
f 1983 1984 1974
f 1985 1986 1085
f 573 1987 1988
f 1989 1808 1990
f 1322 1647 1323
f 1962 481 1991
f 1992 1993 1994
f 1995 1996 1997
f 1998 504 529
f 1999 2000 2001
f 1846 1727 2002
f 1416 1415 2003
f 2004 2005 2006
f 1107 1119 2007
f 2008 2009 2010
f 2011 1435 2012
f 2013 2014 1717
f 2015 827 2016
f 2017 2018 1541
f 2019 1257 1256
f 2020 2021 2022
f 2023 1347 2024
f 1379 631 2025
f 1497 1052 838
f 2026 1599 1884
f 783 983 1755
f 1700 880 1701
f 838 1053 836
f 2027 2028 2029
f 1590 982 821
f 2030 2031 1481
f 2032 550 549
f 1240 1632 2033
f 2034 1546 2035
f 2036 2027 2029
f 2037 1336 2038
f 926 1121 927
f 537 1077 1282
f 2039 2040 969
f 770 1787 2041
f 2042 1549 2043
f 2044 2045 2046
f 2031 2047 2048
f 1789 2049 1787
f 2050 2051 652
f 1933 2052 1775
f 2053 2054 1126
f 1036 1592 1642
f 1358 1357 2056
f 1305 2057 1304
f 1637 1636 2058
f 772 2059 2060
f 1030 2061 1028
f 1879 2062 2063
f 2064 2065 2066
f 646 1659 2067
f 2068 2069 2070
f 2071 2072 1732
f 2038 2073 957
f 2074 2075 2076
f 2077 2078 454
f 2079 1011 1010
f 2080 518 2081
f 2082 2083 2084
f 2085 2086 2087
f 2088 2089 2090
f 2091 2092 2093
f 2094 1185 2095
f 2096 2027 1154
f 1754 1753 2097
f 1400 1399 2098
f 653 2051 2099
f 2100 2101 2102
f 1747 2103 2104
f 2105 1385 2106
f 1044 2107 2108
f 2109 1506 2110
f 2111 2112 2113
f 2114 2115 1214
f 2116 2117 576
f 2118 1782 1534
f 1453 842 693
f 1754 2119 1755
f 1805 1102 2120
f 2121 1312 2122
f 2123 2124 2125
f 2022 2126 2020
f 1694 2127 2128
f 621 757 2129
f 2130 1915 2131
f 2132 1484 2133
f 2134 2135 1320
f 1228 1761 1760
f 2136 2137 2138
f 2139 724 723
f 2140 2141 2142
f 2143 2144 2145
f 1591 620 701
f 1719 2146 2147
f 2148 2149 2150
f 2151 2152 2153
f 2154 649 2155
f 2107 1044 1425
f 1546 1422 1392
f 2156 2157 2158
f 2159 2160 616
f 2161 2162 1533
f 612 2163 2164
f 1202 1134 1136
f 2165 2166 2167
f 2086 2168 2087
f 2169 2170 2171
f 2172 695 2173
f 2174 2175 2176
f 2177 2178 2179
f 2180 1255 2181
f 2182 2183 2184
f 2185 2186 2187
f 2188 1685 2189
f 1482 2190 2191
f 2192 1193 1442
f 1787 770 1788
f 2038 957 959
f 2193 2194 2195
f 2196 2144 2197
f 1270 675 2198
f 910 909 2199
f 2200 2201 2202
f 2203 1674 2204
f 2205 859 2206
f 2207 2208 2209
f 1836 2210 1552
f 2211 2005 2004
f 2212 740 1426
f 1786 1432 1434
f 2213 2214 2215
f 2216 2217 2172
f 2218 1998 2219
f 2220 2221 2222
f 568 2223 569
f 2224 1691 1690
f 534 536 2225
f 2226 2216 2172
f 2227 2228 2229
f 1724 2230 1722
f 2137 2136 2231
f 522 953 2007
f 2232 482 2233
f 2234 540 2235
f 2236 680 679
f 2237 1543 1862
f 2238 2239 2240
f 2241 2242 2243
f 2244 2245 2219
f 699 698 1762
f 1884 738 2026
f 754 2246 1587
f 2247 862 1207
f 1002 637 1017
f 2210 753 1552
f 2248 1664 2249
f 1708 2250 1709
f 2251 1146 1437
f 2252 2253 1494
f 2254 1917 2255
f 2256 2257 2258
f 2259 471 2260
f 2261 2262 2263
f 2264 1553 2265
f 521 1925 2266
f 1937 1936 2267
f 2268 786 785
f 1577 2269 1578
f 2270 568 785
f 1632 1239 1238
f 2271 1588 1593
f 2272 2273 2274
f 2275 2276 2052
f 858 2277 1395
f 936 1587 2246
f 1906 793 1133
f 2202 2201 866
f 1670 2278 1521
f 1382 923 1738
f 2279 1737 1292
f 942 1155 2280
f 1108 1107 1613
f 2281 2282 1750
f 1448 1447 1450
f 569 2223 2283
f 1220 2284 2285
f 2286 862 2287
f 2288 2161 720
f 2289 1769 872
f 2290 822 2291
f 2292 1005 809
f 2293 2294 2295
f 2296 2297 2298
f 1669 1998 2218
f 2225 2299 534
f 932 941 2300
f 2301 580 2302
f 529 2303 1998
f 2304 1103 1105
f 2305 983 783
f 1159 743 476
f 1630 1463 1631
f 2306 1710 2307
f 2308 2309 1468
f 809 1004 810
f 2007 843 522
f 1688 2310 685
f 998 1336 2037
f 2311 1616 2312
f 1025 908 2313
f 1282 1077 1154
f 2314 1958 1957
f 1775 2052 957
f 989 2315 988
f 2316 626 1352
f 2317 2318 2319
f 2320 2321 1547
f 2322 479 506
f 2323 2104 2324
f 2325 2326 2327
f 1672 2328 1651
f 2329 1963 507
f 1135 2330 1136
f 1152 1963 1962
f 930 929 1873
f 637 889 2331
f 1799 784 2119
f 2332 2333 1637
f 891 1928 2334
f 1122 2335 2336
f 1366 1549 2337
f 1241 1140 1142
f 2338 2339 2340
f 2341 2342 2343
f 2344 1612 780
f 2345 2346 2347
f 1009 817 2348
f 2330 1135 782
f 1353 1900 2349
f 1117 2350 1745
f 1164 1018 1017
f 737 2026 2351
f 819 818 1627
f 2210 1836 2352
f 2353 1610 1772
f 1749 2354 864
f 2355 1529 2143
f 2356 2357 2358
f 2359 2360 2361
f 2220 2222 2362
f 1147 2251 2363
f 2302 1070 2301
f 1354 1571 2364
f 2235 2325 2234
f 1915 1056 2365
f 2074 2366 2367
f 753 2210 2368
f 2264 2265 1909
f 2369 2370 2371
f 2372 2373 609
f 670 2374 2375
f 2376 2333 2377
f 1656 1658 1060
f 2378 2379 2380
f 2383 1134 2384
f 2385 2386 2387
f 1000 2388 978
f 1253 1908 2389
f 2313 1639 1026
f 2163 612 611
f 2388 1018 473
f 1573 1122 2390
f 2391 754 1238
f 1808 2392 1990
f 2393 2394 1325
f 2395 2396 1997
f 2391 1238 1239
f 2397 2398 2399
f 2400 2401 2402
f 2403 2404 2405
f 2406 641 2407
f 2408 1904 2138
f 2347 964 2409
f 2062 2410 2063
f 1133 1594 1906
f 844 1998 2303
f 2411 2412 2413
f 645 1933 936
f 1382 1431 1430
f 2414 2415 2416
f 2033 2417 1774
f 2418 1707 2419
f 2420 2320 1547
f 2421 2121 2422
f 2423 2424 2425
f 1353 626 1898
f 2135 829 1320
f 2426 1187 1512
f 2030 2427 2031
f 2428 2333 2376
f 2429 2430 2431
f 2432 549 2433
f 2434 2252 1494
f 2435 2162 2436
f 2007 1119 1118
f 2437 1672 1651
f 2438 2439 2440
f 2441 1439 1438
f 2228 2442 2229
f 1564 1127 546
f 2443 2444 1446
f 717 2225 718
f 1766 2131 1055
f 2445 1246 1248
f 2446 1649 1607
f 1637 2333 2428
f 543 545 2447
f 2127 2448 1313
f 2449 2450 1600
f 2451 1734 2452
f 2453 2151 1914
f 1787 2049 2041
f 459 620 2454
f 2455 2456 2457
f 2458 1310 619
f 911 1151 2459
f 1047 1642 1641
f 954 1126 2460
f 2363 2251 2461
f 2462 2463 2464
f 719 1565 2465
f 2260 483 2259
f 2466 814 813
f 2467 2116 2468
f 1339 2469 2470
f 1991 2471 1962
f 1704 1706 1603
f 1763 2471 1991
f 1422 1547 2472
f 1201 1203 1959
f 2473 2474 2475
f 2476 1410 2477
f 1309 701 620
f 1117 2478 2350
f 1251 1250 2479
f 2113 2112 2480
f 974 1964 2481
f 2482 2483 2150
f 2484 2296 2485
f 1218 2359 2361
f 1844 1570 1845
f 2486 2487 2488
f 713 2489 714
f 2330 2490 2491
f 2105 1495 1449
f 2492 2493 1701
f 2494 2256 2495
f 2476 2477 2496
f 782 2490 2330
f 2059 772 771
f 2497 2498 2499
f 2500 2501 946
f 1255 1254 1608
f 1609 2502 2503
f 2504 2067 2505
f 1936 2506 2267
f 2507 1599 1598
f 2508 2509 2192
f 1474 737 1396
f 2510 2511 2512
f 1260 688 2101
f 1217 1207 2286
f 1474 1396 2513
f 2514 2274 2026
f 2515 2352 1836
f 653 652 2051
f 2516 1065 2517
f 2518 1743 2519
f 2520 2521 2216
f 2217 2521 2522
f 2523 2524 2525
f 2359 1498 2360
f 2526 490 2527
f 2528 1598 2526
f 1598 2528 1862
f 1706 1305 2115
f 1843 495 2529
f 2246 754 756
f 2076 2366 2074
f 2530 2531 1111
f 979 980 1584
f 2153 2459 1151
f 1673 2532 2533
f 753 2368 676
f 2534 2535 2536
f 2537 1971 1970
f 1435 1070 2538
f 2162 2161 2288
f 2389 1594 1253
f 2539 2540 2541
f 2163 2175 1261
f 1239 2542 2391
f 1905 2271 1377
f 2543 2395 1997
f 793 1906 1377
f 1585 2050 652
f 578 480 1412
f 2544 2545 2546
f 2547 1894 2043
f 2548 2549 770
f 689 688 1260
f 1963 2329 479
f 2275 645 2550
f 2551 2552 2553
f 964 2347 2346
f 1594 1133 1254
f 848 847 2123
f 1585 2554 1764
f 2279 2280 2555
f 1984 2556 2438
f 817 1008 2557
f 1572 2334 1049
f 2284 2421 2250
f 2558 2422 2122
f 1261 704 2559
f 746 453 2560
f 1705 1704 1409
f 2561 1348 2562
f 2563 1943 1596
f 1840 2564 2565
f 1598 1862 2507
f 2462 1646 2463
f 1835 1954 2566
f 1455 1291 1952
f 2568 2569 2570
f 2571 1300 2572
f 2185 2573 2574
f 2023 2575 2570
f 1403 1782 857
f 1680 2090 1678
f 2576 2577 2578
f 2579 1600 2272
f 2454 2580 2581
f 2582 2583 2584
f 2585 2348 819
f 2586 2587 1359
f 2194 1989 1882
f 1383 865 1381
f 1878 1880 455
f 2588 2589 2590
f 2289 2591 2592
f 2593 2594 2595
f 2596 2022 2021
f 2309 2308 1034
f 844 2597 2219
f 845 2598 2599
f 1452 2585 781
f 1771 1852 2600
f 2601 1826 1870
f 2602 2603 2604
f 2605 2037 2148
f 2606 2607 1479
f 1479 1478 2537
f 1186 2608 1342
f 2148 2037 2609
f 2610 2611 1472
f 2612 958 2613
f 957 2613 958
f 1395 1778 1780
f 2614 1596 2615
f 2592 2616 2617
f 2618 1616 2619
f 1544 715 1016
f 2620 2621 1023
f 2622 2623 2624
f 2626 1675 2627
f 2628 2629 2439
f 1729 1306 1277
f 1919 1941 2630
f 2631 2632 2633
f 2634 1411 2476
f 2635 2636 2637
f 2047 2031 2427
f 1075 2638 1076
f 731 1818 2639
f 2640 2260 672
f 1988 733 2641
f 1135 783 782
f 2642 630 629
f 2643 2644 2645
f 1972 1780 1970
f 777 2646 1402
f 1144 1143 1792
f 1375 2631 2647
f 1585 1764 2050
f 2599 2648 2649
f 2150 2650 2651
f 1175 2652 1176
f 2154 2653 2654
f 2557 1008 2655
f 2649 2648 2656
f 2030 1481 1480
f 2657 1596 2658
f 1315 2128 2127
f 2003 2659 2660
f 1220 1106 2661
f 1488 2386 2662
f 506 2329 507
f 1541 2018 1539
f 2663 1670 1520
f 2664 1326 1995
f 2665 2666 2610
f 2667 815 816
f 2668 2669 2380
f 1763 1961 2471
f 1700 878 880
f 2670 2671 2089
f 1957 1956 2091
f 1688 685 687
f 1418 1518 582
f 2672 1335 1643
f 1440 2673 2191
f 599 598 2674
f 1380 2675 2676
f 1185 1872 2677
f 2678 2453 1332
f 2654 2679 649
f 1744 2350 2478
f 1569 1568 2680
f 1769 2681 873
f 986 505 990
f 2640 671 484
f 471 2682 472
f 2683 2684 2208
f 2478 1117 2076
f 2685 2686 2687
f 2193 2688 2194
f 2530 1111 1110
f 948 950 802
f 2689 2690 1725
f 2691 2692 2693
f 2239 2694 2695
f 2696 2697 1654
f 671 670 2375
f 2698 2699 2700
f 1566 2701 1567
f 2513 1445 2702
f 2703 2108 2011
f 677 676 2368
f 1965 869 871
f 2704 1794 2705
f 2352 2515 2706
f 812 2524 2646
f 2637 2621 2707
f 2708 2709 2710
f 1902 2525 2431
f 1930 1299 2712
f 2069 2068 2522
f 457 1851 944
f 2713 2157 1717
f 2273 2026 2274
f 1768 742 741
f 1541 591 2714
f 1978 2464 2463
f 832 831 2155
f 489 2527 490
f 2715 633 632
f 837 2716 835
f 1582 980 1301
f 2717 2718 2372
f 761 478 477
f 490 2526 1598
f 2398 1938 2377
f 2042 2719 1549
f 623 2720 1516
f 2273 1599 2026
f 1774 957 2721
f 2280 1292 1294
f 2722 1663 2723
f 2724 2725 2726
f 1283 1285 2727
f 1657 2008 2728
f 2729 2730 2731
f 2272 2274 630
f 1908 1560 2389
f 2732 537 539
f 1424 2733 2734
f 756 1233 2735
f 1732 2736 2737
f 2738 2467 2468
f 1838 1557 950
f 2739 2276 2740
f 2741 1717 2742
f 1033 2743 1031
f 613 1253 2180
f 2746 1184 1183
f 2740 2550 1340
f 1421 1307 2747
f 1004 809 1005
f 2603 2369 2748
f 1105 1104 2749
f 691 2750 692
f 2555 1155 1982
f 2198 2751 2509
f 2752 2753 2754
f 2755 765 2756
f 2410 2757 2063
f 2758 2759 2760
f 2754 2761 2752
f 2762 2763 1504
f 1337 1338 2764
f 2765 2644 2766
f 2767 2152 2151
f 1044 1384 1425
f 1737 2279 2768
f 636 2769 634
f 2555 2768 2279
f 2770 2771 2772
f 455 1880 2773
f 2774 2775 2776
f 2777 2778 487
f 2779 985 984
f 712 2780 1159
f 1678 2090 2781
f 2782 2229 2783
f 744 2784 729
f 2479 2785 1251
f 2151 2453 2767
f 2027 2786 2028
f 611 610 2787
f 2554 1585 472
f 2788 2569 1343
f 2789 2790 2791
f 1165 2792 1162
f 1956 1968 1967
f 2793 2794 2795
f 1494 627 626
f 2796 1841 1840
f 2797 1374 1463
f 2799 2800 2801
f 1406 1405 2537
f 2631 2802 2647
f 2414 2803 2804
f 2467 2805 2117
f 2806 2301 1069
f 1756 1525 1810
f 1562 1906 1594
f 1771 1860 2807
f 2808 2746 1183
f 1154 2809 1982
f 2810 2186 1911
f 2811 2812 2813
f 1456 1956 1958
f 1856 2518 2519
f 2813 2814 2561
f 2815 2816 2817
f 2070 2515 2068
f 2818 2819 1038
f 2040 2820 2821
f 2567 2745 2822
f 1490 673 1204
f 2823 2717 2824
f 2825 2085 2826
f 2827 1905 2828
f 2829 2830 2831
f 2167 2166 2832
f 1978 2833 1979
f 2834 950 1558
f 2835 557 2836
f 2403 2837 2838
f 2693 2839 2691
f 2840 2841 2842
f 792 791 1316
f 2843 2826 2085
f 1270 2702 1445
f 2844 2845 2846
f 1298 2847 2369
f 2621 2636 2848
f 2254 1227 2849
f 1359 2587 1357
f 2040 2821 969
f 2832 2850 2167
f 1354 2349 1570
f 2514 952 2274
f 1994 2851 1992
f 2852 2853 2854
f 1950 2855 2856
f 918 2175 2174
f 2108 2703 2857
f 2858 1409 1411
f 557 556 2859
f 2630 2628 1920
f 1575 2860 1554
f 2861 2862 2294
f 2863 2675 1274
f 2483 2864 2150
f 738 737 2351
f 2865 2089 2866
f 2867 2868 2869
f 2396 2870 1997
f 1121 2335 1122
f 1023 1831 1024
f 2871 2242 2872
f 2873 2874 2875
f 2876 2877 2194
f 1869 2878 654
f 1132 808 1254
f 2879 2880 2680
f 2881 2882 2883
f 2884 2452 2885
f 2884 2886 2111
f 2887 2330 2888
f 2371 2748 2369
f 1468 1467 2889
f 2101 508 1260
f 1196 2890 2757
f 1203 2887 1959
f 2891 1678 1191
f 1113 947 946
f 704 1262 702
f 2892 901 2893
f 1233 755 2894
f 1884 1599 2507
f 2895 2268 568
f 2896 980 632
f 2897 977 985
f 2899 2386 1721
f 1798 2900 2491
f 2508 2901 2902
f 2524 1624 2431
f 1081 1061 1082
f 2513 2702 1474
f 2008 2010 2728
f 2839 2001 2691
f 2901 1272 2902
f 2903 466 465
f 737 1474 2514
f 2368 2904 677
f 2905 1611 2906
f 677 2907 678
f 2908 2706 2515
f 2909 2520 2910
f 1650 1649 2911
f 2192 1442 1819
f 1193 1195 1442
f 2912 749 753
f 2913 2914 2265
f 2915 2542 2827
f 2916 2917 1286
f 2174 2176 2918
f 479 2329 506
f 2919 2920 2921
f 2922 2923 2924
f 1797 1796 2575
f 1377 1906 1905
f 2925 1749 2282
f 1971 2926 2927
f 2928 1149 910
f 762 2240 2695
f 1066 2929 1067
f 1007 2930 940
f 2278 2422 1521
f 2931 2932 1693
f 1106 1120 1119
f 2933 2934 2935
f 2661 1106 1108
f 2284 2661 2421
f 1692 2936 2937
f 2938 2939 2940
f 2822 2745 2941
f 2218 2942 2943
f 2944 2945 2946
f 1975 2947 1519
f 2948 2949 1576
f 2950 2937 2951
f 2952 2404 2953
f 2142 2673 1440
f 2903 2363 466
f 1077 537 1075
f 1806 1314 2954
f 1684 2955 2956
f 1944 2207 510
f 843 2957 2958
f 2148 2651 2605
f 2516 2517 2222
f 2959 1800 2960
f 2088 2961 2670
f 2962 2963 2964
f 2965 1679 2891
f 1608 2966 2181
f 2967 2968 2969
f 683 2970 2971
f 1259 508 507
f 1960 1959 2887
f 1611 2826 2906
f 2972 2973 2974
f 1637 2428 2975
f 1187 2426 2976
f 2316 2978 626
f 2959 2060 2059
f 1784 2878 1869
f 962 1871 963
f 1666 2906 2979
f 2980 2981 1393
f 1333 2982 1329
f 2088 2670 2089
f 2129 2622 621
f 1468 2983 2308
f 2927 1972 1971
f 774 2984 880
f 1595 1504 2763
f 2985 2986 2987
f 2252 2443 2253
f 2232 1202 588
f 2900 2888 2491
f 1150 2151 2153
f 2988 2323 2989
f 2990 1967 1969
f 1222 749 1553
f 2813 2991 2992
f 1420 2993 2994
f 1615 2995 2996
f 1093 1092 2997
f 2385 2387 1100
f 2998 1216 931
f 2999 3000 1360
f 2423 2425 3001
f 2316 2872 2978
f 2025 1380 1379
f 660 689 1260
f 2364 1825 1827
f 3002 2939 3003
f 1693 3004 2931
f 598 2639 1818
f 1049 2334 1917
f 2106 3005 2105
f 2328 1671 1652
f 2119 1754 1799
f 3006 3007 799
f 3008 565 3009
f 1362 1361 1244
f 2521 2909 3010
f 655 3011 656
f 1498 2359 2764
f 1354 2364 3012
f 715 726 1016
f 1296 3013 1327
f 742 1767 3014
f 1361 2169 1244
f 3015 2955 3016
f 3017 3018 3019
f 1827 3020 3021
f 1603 3022 1704
f 1657 1656 3023
f 1736 3024 2998
f 514 1901 1832
f 2900 896 2614
f 1276 2767 2678
f 2433 549 3026
f 970 3027 3028
f 607 1350 608
f 3029 677 2904
f 2339 1485 3030
f 1733 1732 2737
f 868 3010 2909
f 2069 3010 867
f 3031 2738 2468
f 2639 598 731
f 3032 2827 2828
f 2129 3033 2600
f 3034 3035 1865
f 612 1407 610
f 1306 1308 1519
f 1955 500 502
f 1157 2783 3036
f 767 3037 768
f 2456 2461 3038
f 657 3039 1425
f 817 2698 818
f 3040 645 2246
f 1057 2743 1033
f 2632 2230 1724
f 2228 2227 3041
f 3042 1565 1567
f 2913 2912 753
f 1953 1924 1954
f 3043 3044 3045
f 2816 2114 3046
f 747 750 1716
f 2510 3047 3040
f 2439 3048 3049
f 638 908 1025
f 906 1057 1033
f 2608 1186 1185
f 1954 1835 1955
f 1795 1523 1758
f 3050 3051 3052
f 2785 2601 656
f 2265 2914 3053
f 2673 1482 2191
f 3054 2071 3055
f 1880 1879 3056
f 1148 3057 1437
f 1521 2422 2558
f 3059 2733 734
f 2534 2466 813
f 3060 2894 2391
f 1643 1335 2306
f 2951 2937 3061
f 654 2601 1869
f 3054 3062 3063
f 2031 2048 1481
f 3064 3065 456
f 2112 1804 3066
f 1145 1144 3067
f 2255 2334 1928
f 3068 3062 3069
f 3070 2919 2215
f 3071 3028 3072
f 1703 3073 649
f 1600 1599 3074
f 2688 2590 1989
f 1434 1682 3075
f 3076 3077 2213
f 745 729 728
f 3078 1499 1338
f 1301 1303 2947
f 860 3077 3079
f 2353 3080 2086
f 2920 3081 1032
f 3082 3083 2874
f 723 3084 3085
f 2926 3086 1404
f 2085 1610 2353
f 2306 1335 3087
f 3088 3089 3090
f 3091 1923 2248
f 3092 2576 2167
f 3093 3094 3095
f 3040 2735 2511
f 1853 2455 1852
f 1188 833 1790
f 2171 1245 1244
f 965 3096 971
f 1912 1490 739
f 1736 1735 3097
f 1952 1951 1455
f 3098 585 584
f 3099 3100 3101
f 3079 861 860
f 3102 3103 3104
f 1339 2740 1340
f 1822 705 691
f 1306 1519 1861
f 2929 1066 1521
f 3105 2416 3106
f 498 1613 953
f 786 2268 3107
f 1007 1229 1228
f 3108 1709 2278
f 3109 3110 2478
f 1752 2447 1890
f 3111 1536 2081
f 919 918 2174
f 3112 627 1495
f 2600 1852 3113
f 3114 2066 2065
f 988 2188 552
f 2773 972 455
f 737 2514 2026
f 3115 2099 2051
f 1446 1448 1542
f 1653 1652 2179
f 711 2492 2780
f 2809 3116 1982
f 2027 2809 1154
f 2530 3117 3031
f 505 987 503
f 2859 2576 2578
f 3118 2831 2830
f 3119 3120 959
f 1559 773 775
f 1919 1918 3121
f 2098 1811 3122
f 1581 2595 2594
f 3084 2372 3085
f 1554 1553 1575
f 1074 1073 1443
f 533 3124 1083
f 913 912 3125
f 2195 2877 3126
f 2757 2410 1941
f 3127 2742 3128
f 2753 2752 3129
f 3080 3130 2086
f 1372 2910 3131
f 1610 2085 2825
f 481 480 1991
f 3132 1387 1388
f 1599 2273 3074
f 1943 1961 1960
f 2238 3133 2694
f 2887 2888 1960
f 1052 1497 3134
f 2582 2516 2222
f 1166 804 3135
f 502 3136 1955
f 1191 1190 2891
f 3138 3139 3140
f 1350 1455 1531
f 706 2868 2750
f 2472 1547 909
f 1259 661 1260
f 2460 3141 3142
f 1319 1318 3143
f 3144 2747 3145
f 1863 1912 1545
f 1754 3123 1799
f 1311 1383 1430
f 3147 3148 3149
f 1449 1450 1385
f 1474 3150 1472
f 3151 3126 1072
f 998 922 1334
f 2868 3152 2750
f 826 3048 3153
f 613 1634 1633
f 1042 2140 1440
f 2761 2716 3154
f 1748 2893 1746
f 3155 653 2099
f 2904 1234 3029
f 2086 2085 2353
f 833 2761 2754
f 672 671 2640
f 2091 3156 3157
f 1336 2073 2038
f 3029 1236 2907
f 3158 3159 3160
f 3161 946 3162
f 2676 2675 2863
f 3163 3164 3165
f 586 3166 1201
f 1500 1499 3078
f 2494 1536 3167
f 1763 1201 1959
f 3168 3169 2367
f 2043 1894 2861
f 2051 2906 2826
f 2498 2497 3170
f 3171 2966 650
f 3173 1596 1943
f 2539 2432 3174
f 1600 3175 1598
f 2860 752 1554
f 3176 3177 3178
f 1066 3179 1522
f 2064 2110 3180
f 1943 2563 660
f 645 3040 643
f 1454 560 3181
f 2410 2062 2630
f 715 714 3182
f 2414 2804 3183
f 2265 2912 2913
f 3016 988 2315
f 1560 1594 2389
f 3184 2914 2913
f 3185 564 3183
f 1244 2169 2171
f 3186 1225 3187
f 1686 1658 2728
f 3188 790 2512
f 1950 1813 1814
f 1750 2282 1749
f 2319 3189 2317
f 3190 3191 2347
f 853 3142 3192
f 1147 2903 1413
f 2041 2049 3193
f 1461 1854 2914
f 1182 1181 3194
f 2716 2761 835
f 891 2334 1572
f 2146 2727 3195
f 778 3196 3183
f 2370 2847 2571
f 3060 2915 2894
f 2669 3197 3198
f 3199 3200 3201
f 2579 3044 3202
f 873 872 1769
f 2827 3032 2915
f 2828 1905 1267
f 2427 3203 3204
f 3205 733 732
f 1561 1560 1268
f 3114 2109 2066
f 1438 1327 2664
f 2258 3206 3207
f 2735 1233 2894
f 2911 2446 2141
f 2510 3040 2511
f 1072 3126 2877
f 1081 1062 1061
f 1979 2093 2092
f 3208 3209 3210
f 3211 2470 2505
f 1990 1882 1989
f 2382 2291 2374
f 1340 645 644
f 1982 3116 2445
f 1802 595 1800
f 779 2344 780
f 3212 1807 3213
f 1213 3046 2114
f 837 3214 838
f 3215 815 2667
f 1940 1939 3216
f 2169 1361 3217
f 3218 2283 2437
f 1898 626 625
f 3219 2250 1708
f 2817 851 2815
f 2587 2626 1357
f 1174 2285 3219
f 2285 1174 1220
f 3220 541 2234
f 2564 3221 3222
f 3223 2795 3221
f 3224 3225 1757
f 1298 2802 1299
f 3226 2818 1040
f 2198 675 2751
f 2420 1547 2034
f 2268 2895 3107
f 791 495 3227
f 508 3228 1848
f 3130 3080 757
f 3229 2997 2373
f 1386 539 538
f 1436 998 2605
f 2768 1068 1737
f 769 500 2616
f 2957 1118 1120
f 1228 1227 2254
f 1649 1618 1607
f 2958 2957 2597
f 3230 2727 1976
f 2808 1183 3231
f 986 1669 3232
f 953 1613 1107
f 3116 2809 3233
f 2957 2007 1118
f 3234 3235 3236
f 3237 3238 1849
f 3239 3240 3199
f 1139 1997 1996
f 553 961 3241
f 3243 3244 3245
f 1460 1199 2751
f 3165 3246 3163
f 1091 1441 1003
f 1556 1503 1502
f 813 812 2646
f 733 1988 1987
f 3248 3009 3249
f 660 2657 689
f 2901 2111 2113
f 3250 2015 1398
f 703 3251 704
f 2660 2635 2003
f 3228 3252 1848
f 2843 2085 3253
f 830 832 3254
f 3039 3255 1425
f 2676 1378 1380
f 1272 2901 2480
f 718 2225 531
f 3256 1507 2295
f 628 2481 629
f 2481 1964 629
f 1276 1331 1729
f 1986 1985 3099
f 757 759 3130
f 3257 3089 3088
f 3258 3259 3260
f 1483 1234 3261
f 2682 471 2259
f 3262 1975 1308
f 1236 3029 1234
f 2142 3203 2030
f 3263 2133 3261
f 2226 2360 2910
f 481 1963 479
f 1685 850 2189
f 3264 1697 1443
f 2432 2539 3265
f 3075 3011 3266
f 2498 3267 3268
f 3269 1899 2179
f 3270 488 3175
f 2731 3271 2729
f 3272 3004 1693
f 2117 2116 2467
f 1301 980 3273
f 3145 3274 2130
f 2836 3275 3276
f 1353 1352 626
f 2642 629 1966
f 2083 3277 3278
f 2913 3259 3184
f 2052 2276 2613
f 611 2787 2176
f 2598 2648 2599
f 1175 1104 1103
f 1404 858 1972
f 2894 2915 3032
f 773 3279 3134
f 996 2828 1267
f 1287 2602 1288
f 1436 531 1083
f 2765 3036 3067
f 2434 3280 3281
f 2709 617 2160
f 1128 1932 935
f 1756 1810 1757
f 857 1782 3282
f 1063 607 1092
f 3283 3284 3285
f 3286 2876 1881
f 607 2997 1092
f 1375 2230 2631
f 1341 2469 1339
f 2768 3179 1066
f 3287 2866 2089
f 2768 2445 1248
f 3053 1854 1560
f 2629 454 3288
f 455 971 453
f 1574 1553 2264
f 1393 3289 1391
f 479 2322 1412
f 2572 1564 3290
f 491 3291 492
f 3155 2099 2798
f 3292 1928 891
f 2910 1500 3131
f 3293 2036 2029
f 2376 2975 2428
f 2179 2974 3294
f 3295 2843 3253
f 3233 2027 2036
f 2443 2252 3281
f 3296 935 1932
f 2864 2650 2150
f 1968 1244 1243
f 3297 3298 1258
f 685 2940 1491
f 2384 1202 2233
f 3299 2783 3300
f 2978 2872 3280
f 3301 2683 3302
f 2921 1032 3076
f 3280 2434 2978
f 501 2858 502
f 2212 2318 2317
f 958 897 3119
f 1123 1865 3035
f 2449 2579 3202
f 2703 2011 3303
f 2960 2078 2959
f 3225 1796 1757
f 698 3304 1762
f 1103 2304 3305
f 1662 2190 2873
f 2867 3186 3306
f 2358 2965 2356
f 2656 2779 984
f 610 1406 3307
f 840 3308 1221
f 803 2348 499
f 2056 3309 2584
f 3310 3311 1510
f 1897 982 1590
f 2404 2952 3312
f 3313 1253 615
f 3314 3315 2948
f 465 1171 2903
f 2355 1527 1529
f 2830 3316 3317
f 3278 2084 2083
f 3286 2832 2064
f 2946 2945 1584
f 3318 2378 3244
f 2869 3319 622
f 3250 3056 3320
f 1813 1952 1677
f 3321 1635 3322
f 1895 2805 1893
f 1204 1445 1490
f 2747 1330 3145
f 1348 3052 2562
f 2965 1505 1507
f 2181 1255 1608
f 624 2867 2869
f 2824 1810 1525
f 1721 1720 2227
f 1350 1531 608
f 3323 2868 3306
f 2589 2725 1808
f 1562 1561 1267
f 2658 690 2657
f 3136 1953 1955
f 1922 2208 2684
f 782 784 2490
f 3324 3325 1047
f 3326 1178 1939
f 2217 2522 2068
f 3327 2960 595
f 2237 3328 1544
f 1332 1331 2678
f 3326 1939 1919
f 3329 1661 1004
f 1652 1671 2972
f 3024 1736 3330
f 3331 1531 1455
f 3304 698 1496
f 2335 2124 2336
f 2888 2615 3173
f 977 2897 978
f 1744 2478 3110
f 3332 898 3333
f 1713 3334 3335
f 2488 3139 3138
f 1372 1371 3336
f 2790 3129 3337
f 3121 3338 1178
f 3042 3339 1565
f 861 3079 3339
f 2765 1144 1792
f 2698 817 2699
f 779 1944 510
f 3340 697 2644
f 2645 2765 2704
f 2215 3341 3070
f 2405 2404 697
f 2702 1272 3150
f 3050 3052 1348
f 2382 2374 670
f 3062 3068 3063
f 786 3342 1269
f 1235 2338 1236
f 3343 731 3344
f 2235 537 3345
f 1404 3346 1403
f 3142 3158 2460
f 3347 3348 1097
f 3349 3350 585
f 2344 779 1312
f 827 1197 1356
f 951 1473 2611
f 3200 2886 3201
f 2438 2462 2464
f 2673 2142 1480
f 879 878 1028
f 1378 2676 2896
f 609 3085 2372
f 3351 1987 3352
f 3353 2248 2249
f 1332 1329 1331
f 766 765 2755
f 2570 3354 1712
f 815 3215 2017
f 2087 3172 3253
f 474 1018 1164
f 1014 2547 1015
f 1374 2797 1375
f 2290 2291 2381
f 732 600 3355
f 1312 1429 2122
f 2619 1616 3356
f 2165 2167 556
f 3228 683 3252
f 1596 2657 2563
f 813 2646 2534
f 2856 1951 1950
f 1791 2754 2753
f 1813 1950 1952
f 1790 2778 1188
f 3084 3096 967
f 3357 1000 978
f 3358 1093 3359
f 2924 3360 1324
f 976 2388 473
f 704 2459 2559
f 2277 858 3282
f 1791 833 2754
f 2845 1648 2846
f 2111 3199 2112
f 2779 2648 2598
f 1401 3231 1183
f 3361 1503 2895
f 1465 1095 1631
f 2087 3317 3316
f 2266 3338 1918
f 2168 759 2145
f 3341 3362 1465
f 2065 2043 3114
f 2886 2884 2885
f 1600 2579 2449
f 2746 3363 1625
f 1926 888 889
f 2079 1621 1620
f 2111 2886 3200
f 557 2835 555
f 921 3364 1342
f 3357 1001 1000
f 3010 868 867
f 3365 3366 2408
f 2142 2030 1480
f 1817 3367 3368
f 951 2481 628
f 3369 3370 3371
f 2225 536 3372
f 1476 1686 2728
f 2768 2555 2445
f 1070 1069 2301
f 593 1995 1326
f 2452 2884 2451
f 1057 3373 3374
f 1002 1387 1926
f 624 1516 1408
f 1484 3261 2133
f 2489 713 3328
f 1026 1025 2313
f 3375 1602 1619
f 1484 2132 1485
f 3376 790 3188
f 1371 866 3336
f 3377 866 2201
f 1258 3378 767
f 2673 1480 1482
f 3223 3379 3380
f 854 1388 1001
f 3381 1904 2408
f 3382 743 1159
f 3089 3257 3377
f 1813 1677 1676
f 3384 3385 1839
f 2540 2539 3386
f 2739 2612 2276
f 3387 2277 2934
f 2943 2942 3388
f 2934 2277 3389
f 967 3096 965
f 3390 1140 3391
f 2131 3392 3144
f 3393 3386 3270
f 2540 3386 3393
f 3270 3175 3393
f 909 3251 2472
f 1191 2781 1189
f 1124 3394 1125
f 2174 2918 3395
f 656 3011 2785
f 3396 3234 3397
f 2600 3398 2129
f 1646 2462 1647
f 1186 3124 533
f 3154 634 2769
f 1506 2109 3399
f 3311 1511 1510
f 623 622 3181
f 3207 3213 2724
f 939 915 917
f 1965 1964 869
f 3400 766 1716
f 3401 773 1559
f 3215 3402 2018
f 1197 736 3403
f 3404 3004 3405
f 1497 1910 824
f 1519 1308 1975
f 962 2354 2925
f 1862 1543 1526
f 814 2524 812
f 3406 2465 3077
f 3047 643 3040
f 2235 1075 537
f 2982 3274 1329
f 2829 3172 2087
f 2747 3144 1419
f 1479 1405 1829
f 1421 3262 1308
f 3096 2560 971
f 666 594 664
f 3407 2067 3408
f 2953 3409 3410
f 631 1379 1378
f 3411 1674 2203
f 2774 2776 3412
f 2550 2740 2275
f 2417 937 1933
f 1528 3413 1529
f 1698 1444 1443
f 3414 3415 2701
f 2307 1644 1643
f 1640 3416 3417
f 1698 1697 1849
f 2263 773 3401
f 1763 586 1201
f 3006 2485 3418
f 1255 2180 1253
f 2529 1844 1843
f 1761 2255 1927
f 1829 1276 3311
f 1171 578 2903
f 1089 1639 2313
f 1258 3298 3378
f 2226 2520 2216
f 3389 2296 2298
f 1066 1068 2768
f 832 2155 3073
f 3419 991 993
f 2322 3284 1413
f 3103 2349 3104
f 1129 3420 3421
f 2436 2162 2288
f 2263 3279 773
f 1551 2515 1836
f 3422 2039 3423
f 913 2415 914
f 3374 2436 2743
f 1417 1728 665
f 3424 3425 3426
f 501 500 768
f 1933 2275 2052
f 2546 1712 3427
f 1444 1698 3151
f 2260 484 483
f 3428 634 3429
f 2461 1367 2363
f 1767 1054 3430
f 1903 2136 2138
f 2062 454 2629
f 3431 1478 1477
f 1156 1721 1157
f 1441 1091 1042
f 959 2609 2037
f 3432 3385 3384
f 3433 2091 1956
f 582 2756 580
f 3434 2193 2195
f 2633 2662 2712
f 2245 3388 2942
f 3435 3342 3107
f 2588 525 577
f 2803 2414 3436
f 3196 778 3437
f 2361 2360 1517
f 476 3438 1160
f 3439 3440 2134
f 822 982 981
f 2592 2591 2616
f 3441 3258 2338
f 3442 1687 1688
f 1661 3329 1662
f 724 2139 3443
f 2746 1625 477
f 636 3337 2752
f 3365 2408 3444
f 622 3319 1822
f 2901 2113 2480
f 2087 3316 2829
f 3317 2168 2145
f 3258 3184 3259
f 645 2275 1933
f 2914 3184 3445
f 509 511 865
f 3412 3446 3447
f 3448 3449 2538
f 2454 620 1591
f 2576 3213 2577
f 2646 2535 2534
f 3104 3269 3294
f 1051 960 1050
f 1653 3450 1651
f 1357 2626 2627
f 881 1538 3451
f 3452 2655 3169
f 2443 1542 2253
f 2352 2368 2210
f 2615 1596 3173
f 3454 1021 1020
f 3455 1992 3456
f 1919 3121 3326
f 2552 2990 1245
f 966 3084 967
f 996 3032 2828
f 834 833 1188
f 1075 2235 2638
f 1893 3457 2862
f 2071 1346 3458
f 3358 1525 2992
f 3288 3153 2629
f 3459 3460 3461
f 2463 3462 3463
f 2833 3463 2093
f 1772 1771 3033
f 454 2078 3288
f 2427 2030 3203
f 2047 2427 3204
f 3392 1569 3464
f 3465 3136 2634
f 1910 3168 797
f 2511 2735 3466
f 1175 1143 3467
f 833 835 2761
f 1695 2401 1693
f 2511 3466 2512
f 3468 3469 2583
f 2445 3116 1246
f 2577 3207 3206
f 946 2501 1113
f 2078 2960 3327
f 2370 2571 3470
f 700 494 496
f 3471 2281 2562
f 1248 3179 2768
f 2997 609 2373
f 3219 1708 1174
f 2862 3457 2294
f 3472 2108 3473
f 1782 800 3007
f 1625 3474 761
f 1116 1115 3475
f 3358 3476 1093
f 3224 2098 3477
f 1858 616 618
f 2057 1409 2858
f 3401 1655 2263
f 1349 2575 2024
f 2197 3242 2977
f 1302 3478 3479
f 3176 2864 2483
f 2718 2823 3229
f 3193 1916 2041
f 3233 3480 3116
f 2746 2808 3363
f 2505 2470 2504
f 3011 3481 1252
f 3134 1497 823
f 1426 2318 2212
f 2056 2584 3469
f 1559 3482 3401
f 1707 3108 1670
f 2973 2972 1671
f 2505 3332 3211
f 1458 3483 3484
f 3111 3485 3167
f 2410 2630 1941
f 586 465 707
f 897 3486 3119
f 3487 664 594
f 2936 1131 1130
f 3267 3476 3268
f 1726 1728 2637
f 1055 1054 1767
f 1028 3482 1559
f 1064 2362 2517
f 2354 962 2345
f 1986 3099 3101
f 3156 3488 3157
f 3489 2411 2413
f 3490 3491 3442
f 3429 3492 2261
f 3493 1802 3494
f 2561 2811 2813
f 3198 1579 2669
f 1923 3495 2248
f 2697 3496 3497
f 1207 862 2286
f 3498 2406 3499
f 2722 2723 3500
f 684 3501 3201
f 478 3438 476
f 944 2120 943
f 1921 1923 3091
f 521 2266 1918
f 3449 3502 2538
f 1780 1779 1970
f 3000 3217 1361
f 3503 3504 2343
f 2741 3078 550
f 2740 2276 2275
f 1146 2251 1147
f 2938 2088 2090
f 969 2776 970
f 2895 568 570
f 1254 1133 1132
f 606 2092 604
f 2906 1764 2979
f 2098 3224 1757
f 3114 3505 2109
f 1484 1483 3261
f 3506 1219 884
f 3507 1958 2314
f 3509 2112 3240
f 617 3510 3511
f 3280 2872 2241
f 1123 3035 3512
f 3513 3514 3515
f 3261 2908 2070
f 3515 3516 2708
f 3364 1186 1342
f 717 2028 2786
f 3517 3134 2262
f 2663 3518 3519
f 2061 1655 3482
f 3445 1461 2914
f 810 1004 1661
f 3520 2411 3489
f 3492 3154 1192
f 1216 1207 1217
f 3521 3522 3523
f 2059 771 1801
f 3114 2043 2861
f 3497 3428 2697
f 1148 2451 3057
f 1315 2127 1313
f 3047 3524 3525
f 3526 1321 826
f 1394 1780 1972
f 1919 1939 1941
f 2061 3482 1028
f 2263 3527 2261
f 3167 1536 3111
f 1647 2462 2440
f 3430 3014 1767
f 1052 3528 1053
f 3517 3528 1052
f 2967 3529 3530
f 3531 2883 3195
f 940 3532 939
f 2289 1770 1769
f 1788 770 2549
f 2084 3093 3533
f 663 3534 3535
f 748 3536 582
f 1804 2595 1805
f 2490 1798 2491
f 3517 2262 3528
f 2699 2557 2655
f 2298 3537 2934
f 1876 1875 1825
f 1063 1092 1064
f 2916 3094 3424
f 3538 1843 1845
f 2067 3407 2505
f 3528 2262 2261
f 3346 1782 1403
f 3001 2425 515
f 1782 2161 1535
f 3539 1786 1785
f 1447 3315 3314
f 1371 1373 2202
f 2108 3472 2011
f 3540 2362 3476
f 2500 1619 3303
f 3240 2112 3199
f 525 563 526
f 1351 749 694
f 2727 3230 1283
f 2241 3281 3280
f 1875 1826 1825
f 1571 1354 1570
f 3281 2444 2443
f 2116 576 1896
f 2424 3541 925
f 1511 3478 1509
f 1494 626 2434
f 2141 2446 2142
f 3147 2999 3148
f 2816 2815 3542
f 2829 1913 3172
f 1924 2566 1954
f 3420 1129 3543
f 2859 2167 2576
f 2217 2216 2521
f 1346 3544 1344
f 2926 721 720
f 551 3078 1338
f 1799 1798 2490
f 2572 3470 2571
f 2581 459 2454
f 1654 3527 1655
f 2261 3527 3545
f 1137 3546 3391
f 2261 3492 3528
f 3547 1290 3314
f 3339 3415 3548
f 1972 2927 1404
f 1827 1826 3020
f 1877 3549 3550
f 1309 620 619
f 2458 619 2624
f 2880 1419 3464
f 3457 3551 2294
f 2570 3051 3050
f 1388 854 3132
f 3552 2461 2251
f 3553 814 2466
f 1315 2402 2128
f 2665 2610 1472
f 3194 1062 3554
f 1473 1472 2611
f 657 1425 1289
f 3539 1785 2623
f 2909 3336 868
f 2481 951 3555
f 1485 1235 1483
f 2738 1893 2467
f 3263 3088 2954
f 2528 3328 2237
f 680 1181 681
f 2202 1373 3556
f 2607 1477 1479
f 866 1371 2202
f 3011 3075 3481
f 807 888 799
f 3377 2201 3089
f 3557 3558 884
f 3078 2741 3131
f 1411 2634 3136
f 1930 1563 2572
f 2604 3095 2602
f 3245 2669 1579
f 1236 3260 2907
f 2517 2362 2222
f 3514 3523 3522
f 1055 1767 1766
f 1539 3559 2183
f 3028 3071 968
f 3127 3556 1372
f 1168 1924 1953
f 2156 3265 2541
f 2697 3545 3527
f 3560 3138 3561
f 3527 1654 2697
f 1333 1915 2982
f 2142 1440 2140
f 3393 3175 1600
f 2773 1398 3562
f 1340 644 1341
f 874 2591 872
f 871 3563 1965
f 3555 974 2481
f 459 3215 2667
f 1808 2725 1809
f 2581 460 459
f 3514 3564 3516
f 3445 3184 3565
f 3466 2894 3032
f 3032 996 995
f 3566 1205 3567
f 1935 2143 2145
f 1246 3116 3480
f 2405 697 2837
f 2203 3519 2046
f 1670 3568 1707
f 1029 3569 1030
f 3492 1053 3528
f 3570 3542 2815
f 605 1241 606
f 3490 3571 3491
f 3284 2452 1734
f 2204 3572 3573
f 3574 3560 1120
f 2261 3428 3429
f 3575 3576 3577
f 2528 3523 3328
f 1449 1385 2105
f 1859 1337 1218
f 2890 2063 2757
f 1842 696 2217
f 1957 3462 2619
f 3331 3578 3461
f 1025 639 638
f 3121 1178 3326
f 3471 2562 3052
f 3343 3344 3530
f 2597 2957 3140
f 971 455 972
f 3567 583 2242
f 3579 3177 2149
f 2482 2149 3177
f 1558 1744 2834
f 2483 2482 3176
f 3293 3580 2036
f 3581 3582 594
f 3253 2085 2087
f 3183 564 914
f 2036 3583 3233
f 3480 3233 3583
f 3511 618 617
f 1669 990 1998
f 2954 1830 2133
f 3407 3332 2505
f 2489 3328 3523
f 3264 1073 2357
f 2766 3584 3036
f 2678 1331 1276
f 3585 3218 1651
f 3586 3587 3255
f 2178 2177 2292
f 2280 1155 2555
f 3588 489 488
f 3589 2623 3113
f 3046 3590 3298
f 1949 3055 3458
f 1321 3048 826
f 2236 3591 680
f 1010 3592 3593
f 1380 1190 2675
f 2674 485 2753
f 2677 2095 1185
f 2961 2088 2938
f 1791 2753 485
f 3594 2892 2211
f 746 724 454
f 2499 2498 863
f 2674 2753 599
f 1043 1384 1044
f 3002 1492 2939
f 1891 1163 3595
f 1076 2638 3596
f 2408 3366 3381
f 666 1728 1727
f 3402 3215 459
f 646 2067 2504
f 3114 2861 3505
f 2138 3444 2408
f 3597 2564 3222
f 2286 2287 2103
f 3598 2971 3599
f 1741 1872 1185
f 3600 2277 3387
f 2143 1935 589
f 2701 3415 3042
f 2931 3004 3601
f 1623 814 3553
f 3602 1846 2002
f 1140 3582 1141
f 684 3201 2886
f 1030 1655 2061
f 2989 3603 3604
f 3240 3239 3605
f 2858 3136 502
f 1812 541 3220
f 3240 2593 3509
f 3415 3339 3042
f 1362 1968 1456
f 2940 2310 2729
f 1481 2048 3606
f 1360 3607 2999
f 2657 690 689
f 1087 1086 1980
f 861 3339 3548
f 1465 2917 3070
f 1726 2002 1727
f 3608 742 3014
f 3182 714 2986
f 1784 1786 1434
f 1531 994 608
f 3609 2734 1249
f 1711 2306 3087
f 3458 1346 1345
f 2910 3336 2909
f 3582 3581 1846
f 1996 1995 592
f 1360 3507 3607
f 2665 2480 2112
f 1901 851 3046
f 3610 3611 2659
f 3612 1602 1601
f 2214 3341 2215
f 3402 461 3559
f 1244 1968 1362
f 3331 3613 1530
f 2973 1845 3102
f 2500 946 3161
f 842 1454 1821
f 1436 718 531
f 2314 3607 3507
f 1290 1289 1450
f 943 492 457
f 2338 3614 3441
f 601 3615 3448
f 3379 3223 3616
f 3469 1358 2056
f 2339 2338 1235
f 2196 2197 2830
f 2518 3617 3618
f 3556 3619 2202
f 3620 2853 3621
f 2976 837 1187
f 3257 3088 3263
f 3452 1910 3214
f 2197 3118 2830
f 3089 2201 3090
f 3425 3424 3277
f 1446 2444 3315
f 3556 3127 3622
f 1475 1686 1476
f 2741 2742 3131
f 1372 2742 3127
f 2158 2157 2713
f 3563 3623 2642
f 3175 490 1598
f 837 2976 3214
f 973 869 1964
f 3168 3624 797
f 3184 3258 3441
f 798 3625 1401
f 1348 2561 1349
f 3626 3562 1400
f 3445 1462 1461
f 3424 3426 2916
f 2144 2196 2145
f 1462 997 1268
f 2908 2515 2070
f 900 2286 2103
f 1684 1685 2188
f 3032 995 3466
f 1710 1712 2546
f 2320 3430 1054
f 2504 2470 2469
f 3627 2469 1341
f 1095 1465 3362
f 3552 1195 1194
f 3431 1971 1478
f 1495 2253 1542
f 1174 3573 3628
f 1677 1291 3629
f 2010 623 3181
f 3375 1603 1602
f 3630 2949 3631
f 3573 1174 2418
f 628 2274 952
f 3522 3632 3564
f 2073 3633 2721
f 1708 2418 1174
f 1015 3634 1013
f 924 865 1696
f 1670 2663 3568
f 3635 2375 2374
f 1620 3636 2079
f 2098 3122 1400
f 3620 3218 3637
f 1273 3638 2865
f 923 1604 1738
f 1797 1864 1795
f 3454 3639 3640
f 2114 1601 1603
f 2247 1206 2497
f 1710 2306 1711
f 461 1317 3559
f 3242 2197 2144
f 1996 592 3390
f 3641 2144 3642
f 2005 2231 2136
f 2714 591 590
f 1214 1305 1212
f 629 1964 1966
f 1653 2179 2178
f 3574 3558 3560
f 3558 3574 3506
f 845 3533 846
f 3558 3506 884
f 818 2698 1626
f 3643 2655 1008
f 2696 1654 1030
f 3644 1659 3645
f 1200 1199 674
f 3177 3176 2482
f 3646 2864 3176
f 885 884 1219
f 2060 2959 2077
f 3457 1893 2738
f 3085 609 994
f 2650 2864 3647
f 3647 3580 3293
f 3345 2732 3648
f 3097 3330 1736
f 3294 3649 3104
f 846 3369 3371
f 1824 1440 2191
f 1355 828 827
f 1141 3650 1142
f 3451 3651 882
f 2582 2222 2221
f 3130 2168 2086
f 2965 2358 1072
f 3569 3209 3208
f 3129 3652 599
f 3653 3586 3039
f 657 1290 3547
f 2036 3580 3583
f 3654 3653 1816
f 1098 3655 566
f 3533 2599 2082
f 1566 721 3431
f 2779 2656 2648
f 2024 1347 1349
f 2135 827 829
f 3342 3435 3656
f 1575 1574 2690
f 2082 2649 2083
f 557 3275 2836
f 2572 3290 3657
f 3658 2709 3564
f 3266 3011 655
f 1274 1189 1275
f 962 3659 2677
f 2619 3607 2314
f 898 897 3333
f 2948 3547 3314
f 2759 2573 2455
f 1564 546 3290
f 2575 3225 3354
f 2985 3660 3661
f 2896 3662 3273
f 699 3584 2644
f 1030 3569 2696
f 2218 3663 1669
f 3289 1393 2981
f 2150 2149 2482
f 1490 1911 3664
f 2851 3665 3666
f 2073 2721 957
f 2697 3428 3545
f 2071 3458 3055
f 3571 3667 3668
f 2146 1718 3043
f 561 3291 491
f 1929 1928 3292
f 3669 3422 2387
f 897 899 3486
f 1865 1867 3670
f 1868 1877 3550
f 3303 2012 2500
f 825 826 3153
f 621 2622 619
f 3671 3672 979
f 3303 2011 2012
f 1913 2829 2831
f 752 751 1554
f 3009 3673 3674
f 2991 2812 3476
f 925 3541 1604
f 460 496 791
f 2582 2221 2583
f 3328 713 1544
f 2379 3199 3201
f 2325 2327 3675
f 3227 875 877
f 915 2730 916
f 3676 2533 875
f 3501 684 2971
f 3118 2197 2977
f 3162 1410 1409
f 3240 3605 3318
f 3318 3677 2593
f 1971 2537 1478
f 3504 3503 3678
f 2100 3228 2101
f 2421 2661 1108
f 3679 3655 3348
f 1300 1299 1930
f 1703 3680 3073
f 546 2054 1823
f 2479 3021 3020
f 2601 2785 1826
f 1026 1639 474
f 1137 1139 1996
f 3644 3645 3681
f 1188 837 834
f 2488 2487 3388
f 1820 3682 1328
f 3683 3684 3497
f 596 595 3493
f 3173 1960 2888
f 935 934 1128
f 2334 2255 1917
f 3548 2206 861
f 2442 3300 2229
f 3304 3422 3669
f 3685 3686 3515
f 3010 2069 2522
f 886 3577 3687
f 3496 2697 2696
f 635 3428 3497
f 1705 1305 1706
f 1904 2525 1902
f 2814 1864 1797
f 2694 2239 2238
f 2015 3320 2890
f 3688 3689 1645
f 2726 577 527
f 3390 3582 1140
f 1110 3690 463
f 2696 3208 3210
f 1511 3311 1278
f 2749 3691 3692
f 1078 870 3693
f 3561 1120 3560
f 3467 1143 3694
f 2103 1747 900
f 2246 645 936
f 1317 1316 1508
f 2817 2816 3046
f 2401 3695 2994
f 2132 1830 1313
f 2041 771 770
f 635 3497 3684
f 2018 2017 3215
f 1800 2059 1801
f 3696 3674 3366
f 1316 3227 877
f 1019 1733 1020
f 951 2611 3555
f 2039 3304 2040
f 2525 3248 3437
f 1423 1393 1392
f 2249 3697 3353
f 1245 2553 2552
f 3533 2082 2084
f 1167 1179 1925
f 636 3698 2791
f 1158 1157 3036
f 3497 3496 3683
f 3699 3700 2617
f 3210 3683 3496
f 3701 3702 973
f 1677 1952 1291
f 3276 3058 2836
f 2135 2016 827
f 1363 788 3703
f 1269 3342 3656
f 3417 3416 3425
f 2125 1586 848
f 3689 2721 3633
f 2879 2680 3189
f 2340 3614 2338
f 1961 1763 1959
f 3090 2201 3704
f 2091 2093 3705
f 3297 1257 1024
f 1467 3706 2889
f 3351 3352 1665
f 2541 2540 2013
f 511 1921 3707
f 862 2247 2497
f 873 2681 3708
f 1273 2865 1510
f 2205 1929 859
f 3623 3563 3709
f 3061 3710 2951
f 1770 2289 1973
f 1978 1242 1770
f 3028 3027 3681
f 3556 1373 1372
f 973 870 869
f 1065 3711 1291
f 1000 1018 2388
f 2060 3443 772
f 2173 695 1518
f 3683 3712 3684
f 3693 973 3702
f 3702 3701 2596
f 3713 913 2737
f 3011 1251 2785
f 2574 2758 3664
f 3295 2099 2843
f 3563 871 1080
f 3525 789 644
f 1842 2515 1551
f 644 789 3627
f 3024 1208 2998
f 3714 3710 1022
f 3248 3381 3673
f 3184 3441 3565
f 777 776 3715
f 776 887 3715
f 3164 3716 2578
f 3717 3718 3715
f 1582 2947 1583
f 997 1462 3719
f 3720 2512 790
f 3466 995 3188
f 3081 3721 906
f 3637 2474 2853
f 997 1629 995
f 1438 1296 1327
f 668 2300 3722
f 3188 2512 3466
f 750 752 1716
f 3214 2976 3452
f 3148 3607 2619
f 777 3715 3718
f 3723 887 2804
f 3518 2663 1520
f 2146 2883 2882
f 1675 3629 3309
f 2371 3370 3369
f 2388 976 978
f 801 2118 3724
f 2469 646 2504
f 3715 887 3723
f 899 898 3407
f 3725 2650 895
f 462 3002 3003
f 3723 2804 2803
f 3726 3414 2701
f 3723 3727 3715
f 3723 3728 3727
f 2361 1418 1218
f 977 976 984
f 2220 2362 3170
f 777 3718 2535
f 3169 3168 3729
f 2469 3627 3666
f 3730 3460 3459
f 3731 3728 2803
f 2183 1508 876
f 3732 3666 3627
f 1671 2328 1672
f 1423 1422 703
f 708 707 1470
f 1248 1247 3179
f 863 1749 864
f 3728 3731 3727
f 2819 1885 1012
f 2041 3494 1801
f 666 665 1728
f 1102 491 493
f 953 1107 2007
f 1246 3480 1247
f 3712 3733 3684
f 3734 589 1636
f 3340 3735 2838
f 3014 3430 1981
f 1636 591 2058
f 2399 591 1540
f 3684 3733 635
f 3625 798 3624
f 3736 2844 3526
f 3487 3682 3737
f 2367 3624 3168
f 2653 1953 3465
f 3147 3149 2996
f 3568 2663 2419
f 3628 3572 1172
f 1568 741 3738
f 3002 462 464
f 3624 1401 3625
f 2876 3180 2877
f 2026 738 2351
f 2811 3739 1750
f 2266 1925 3338
f 984 1263 2656
f 1293 3541 3499
f 3723 2803 3728
f 2792 3560 3558
f 914 2415 2414
f 3163 3740 3716
f 1320 829 1318
f 2910 1372 3336
f 1374 1286 1464
f 3557 884 3687
f 3741 1036 3143
f 3543 3602 2002
f 918 702 1262
f 1017 1000 1002
f 3225 3224 3742
f 2950 1769 1692
f 3743 3648 3744
f 840 486 3367
f 2535 3718 3717
f 3416 1279 1281
f 3745 2623 1785
f 3733 3712 3698
f 3480 3746 3747
f 1465 1631 1463
f 2990 2552 2543
f 1057 908 2331
f 461 3402 459
f 750 747 751
f 2459 2153 3748
f 1551 1550 1351
f 3408 2067 1659
f 3000 1361 1360
f 1531 3331 1530
f 464 1492 3002
f 997 996 1267
f 887 778 3183
f 3749 3750 2033
f 2277 3600 1395
f 2535 3717 2536
f 2743 2436 719
f 3751 1902 2430
f 1715 3752 3753
f 1122 2336 2390
f 2176 2175 611
f 2782 1157 1721
f 1941 1940 2757
f 2575 1349 1797
f 3285 3252 3283
f 3245 1579 3243
f 2271 1593 1376
f 2294 3551 2295
f 1296 2441 3754
f 3260 3259 678
f 489 3632 3521
f 1615 3356 1616
f 1758 1523 1756
f 3627 1341 644
f 1545 1862 1863
f 1874 3236 1793
f 1756 1523 1525
f 2183 2397 1539
f 3755 3756 1438
f 2464 3757 1984
f 1171 579 578
f 2532 1672 3758
f 1064 1093 2362
f 3759 1386 3744
f 2719 2042 2065
f 3578 1951 2856
f 2533 2532 3760
f 3145 2131 3144
f 3068 3069 2416
f 2149 3119 3579
f 2380 3598 3651
f 1223 1812 535
f 1096 1098 566
f 3761 2184 2533
f 1346 2071 1731
f 2919 3076 2215
f 3469 2584 2583
f 907 906 3721
f 3753 3460 3730
f 2379 3201 3501
f 1351 696 1551
f 3713 2415 913
f 1512 2778 1626
f 3762 3763 3489
f 2356 2891 2357
f 3764 1803 1805
f 2213 860 1783
f 3288 2078 3327
f 469 3765 3413
f 1556 3435 1503
f 2137 3444 2138
f 1662 3329 1824
f 830 1169 831
f 3765 469 3766
f 1084 2786 2096
f 1540 2397 2399
f 3767 1037 828
f 3768 3423 3141
f 2214 3362 3341
f 3073 3059 3254
f 3598 882 3651
f 2595 3509 2593
f 2971 2970 3599
f 2366 1117 1116
f 3752 1714 3613
f 3356 3149 3148
f 1795 1758 1796
f 2658 2898 690
f 1903 1902 3751
f 3097 3769 3770
f 1110 462 2530
f 3662 3478 3273
f 3076 2213 2215
f 3771 3632 3588
f 2160 617 616
f 1003 1005 1091
f 3772 1743 1742
f 3578 3331 1951
f 2013 2156 2541
f 3580 3647 3646
f 1491 2940 1492
f 2628 2630 2629
f 2948 658 3547
f 3477 2098 1399
f 2731 3415 3414
f 3270 3386 3588
f 2011 3472 1435
f 2889 2983 1468
f 3255 3039 3586
f 1783 3362 2214
f 2991 2813 2812
f 3773 3774 1634
f 1733 3544 1731
f 3351 2968 3530
f 3775 2964 2963
f 2610 3776 2611
f 3777 1510 2865
f 2863 1509 3478
f 2378 3605 3239
f 649 2679 1467
f 2885 2452 682
f 2542 1588 2827
f 2365 2131 1915
f 2106 1385 1043
f 3776 975 3555
f 3778 973 975
f 3479 1303 1302
f 1920 1983 1973
f 1537 2494 2495
f 1788 2549 3779
f 1637 3780 3781
f 2172 696 695
f 1294 941 942
f 1762 3669 3782
f 3614 2340 3783
f 2919 3784 1088
f 2709 2708 3516
f 1234 1483 1235
f 3229 2824 3359
f 3785 2044 3519
f 694 1518 695
f 3124 999 1083
f 3680 1703 1702
f 3513 2987 714
f 2318 3100 3783
f 638 2331 908
f 1469 1471 1667
f 657 1816 3653
f 3090 1390 1389
f 2949 2444 3631
f 3632 3771 3658
f 3618 3132 1743
f 3021 2479 1250
f 3619 3622 2881
f 2202 3619 3531
f 2357 2891 1380
f 1089 3786 1639
f 948 802 499
f 2201 2200 3704
f 1757 1796 1758
f 3373 1057 2331
f 1094 1722 1630
f 929 3787 1873
f 1390 3090 3704
f 3220 2234 3675
f 1208 3024 2221
f 2871 3567 2242
f 2153 1151 1150
f 2742 1719 3128
f 1542 2443 1446
f 2034 1087 2420
f 2747 1331 1330
f 2184 2183 876
f 3788 2341 2784
f 1560 1461 1268
f 1827 3021 3012
f 3630 3349 1577
f 3758 3760 2532
f 1360 1958 3507
f 2524 814 1624
f 2540 2014 2013
f 3131 2742 1372
f 3789 3308 839
f 2450 2014 2540
f 2516 2582 2584
f 739 1489 1396
f 3790 1891 3595
f 1321 3526 1322
f 803 3643 1009
f 2450 2540 3393
f 3704 3791 3195
f 930 1735 931
f 2450 3393 1600
f 1489 1490 1445
f 3006 799 3617
f 3202 2450 2449
f 758 621 620
f 2371 2370 3370
f 870 973 3693
f 3702 2596 3693
f 3057 2451 1819
f 1387 3132 3618
f 1080 871 1078
f 3525 3524 789
f 1474 1473 2514
f 1363 3793 1124
f 2687 726 3182
f 1035 1410 946
f 589 1740 590
f 3673 3009 3248
f 905 1794 1793
f 3770 3330 3097
f 900 1746 901
f 1193 2192 1199
f 789 3732 3627
f 1426 1986 3101
f 2258 2257 3165
f 1298 1300 2847
f 3441 3099 3565
f 2790 3337 636
f 1990 2392 2850
f 3794 3795 3796
f 997 3719 1628
f 1597 1596 2614
f 3645 1659 3797
f 3798 2342 2922
f 648 647 3797
f 2624 2623 3745
f 3747 1247 3480
f 3638 3799 2089
f 3179 1247 3518
f 889 1002 1926
f 3167 3453 2256
f 3085 3800 723
f 2245 2942 2219
f 3264 2357 1380
f 1051 514 513
f 3633 2672 3801
f 2663 3519 2419
f 2856 3461 3578
f 3464 3144 3392
f 494 2529 495
f 3575 1172 3572
f 3128 2147 3622
f 3570 3203 1605
f 3012 2364 1827
f 3687 884 886
f 1314 2799 1315
f 1011 1039 1038
f 3558 3802 2792
f 3125 3655 3679
f 1165 3560 2792
f 3619 3556 3622
f 1493 2025 631
f 3457 2738 3031
f 2816 3612 2114
f 2139 723 3800
f 474 1164 1026
f 2486 2693 2487
f 892 1095 3803
f 3506 3804 1219
f 2371 3093 2604
f 3312 3805 1496
f 2951 2681 2950
f 3065 3126 3151
f 3768 1099 3423
f 1552 1351 1550
f 770 772 3334
f 2114 1214 1213
f 1152 1259 507
f 3806 3807 2634
f 2077 454 724
f 3760 2506 3808
f 3761 3760 3808
f 1953 2653 1168
f 2184 3761 2182
f 1725 2690 1114
f 2681 2951 3710
f 1637 2058 2332
f 1253 613 615
f 1634 3809 3773
f 2812 3810 3268
f 1488 1721 2386
f 2965 1507 1679
f 1260 661 660
f 2435 3374 3811
f 2992 2991 3358
f 2594 2593 3677
f 2076 2075 3812
f 1514 1570 1844
f 1957 3705 3462
f 1326 2664 1327
f 664 1889 1888
f 3580 3746 3480
f 2572 1300 1930
f 2274 628 630
f 899 3813 3579
f 3814 1534 2162
f 3407 2774 899
f 3484 3815 2845
f 2609 3120 2149
f 1998 990 504
f 3061 1023 1022
f 828 1355 3816
f 3691 3300 3817
f 3344 3351 3530
f 2165 2337 2719
f 3147 2996 2995
f 2141 2108 2857
f 3320 2015 3250
f 1339 2470 2739
f 3567 1205 583
f 2089 2671 3287
f 1948 1211 1210
f 3164 3163 3716
f 1266 3818 3410
f 2027 3233 2809
f 3642 3413 3765
f 1665 2968 3351
f 2947 1975 3819
f 3194 1060 3820
f 2403 2953 2404
f 2709 3516 3564
f 2093 3463 3462
f 3461 3460 3331
f 2772 3646 2770
f 2709 3821 3510
f 2974 2179 2972
f 1709 2250 2278
f 2093 1979 2833
f 2111 3822 2884
f 3777 2606 1510
f 1179 1178 3338
f 1942 1962 2471
f 1464 2917 1465
f 1477 2607 3726
f 660 2563 2657
f 2723 642 3500
f 2440 2462 2438
f 462 1110 463
f 1170 1763 1414
f 3410 3178 1266
f 3823 3658 3771
f 3514 3513 3523
f 2100 3824 2970
f 1606 2446 1607
f 2230 2797 3825
f 3711 3629 1291
f 2100 2102 3824
f 699 2644 697
f 3811 3814 2435
f 3690 1492 463
f 3286 3180 2876
f 1779 1406 1970
f 2506 3758 2437
f 3252 3285 1848
f 988 2955 2188
f 1278 3479 1511
f 3362 1783 859
f 859 861 2206
f 3826 468 3413
f 1479 3310 2606
f 2163 2559 1828
f 2990 3433 1967
f 1615 2996 3149
f 2713 550 2032
f 3516 3515 3514
f 3564 3632 3658
f 3074 2272 1600
f 3691 3299 3300
f 1192 3154 2716
f 3827 536 535
f 3303 2857 2703
f 2439 2629 3048
f 3015 1481 3606
f 3174 3386 2539
f 2416 3105 3436
f 891 1572 1573
f 3366 3365 3696
f 1616 3828 1617
f 1875 1877 1870
f 3460 3753 3752
f 636 2791 2790
f 1304 2057 2858
f 3468 3829 3330
f 1743 3132 854
f 3772 1856 2519
f 3760 3758 2506
f 2992 1525 1524
f 2112 3066 2666
f 876 2533 2184
f 2283 2506 2437
f 2610 2666 3776
f 3511 3830 3174
f 1406 1779 3307
f 2200 2202 3791
f 975 3776 3831
f 1007 1006 1229
f 3183 2804 887
f 3831 3778 975
f 2303 523 844
f 597 825 595
f 973 3778 3701
f 3306 3832 3323
f 2957 1120 3561
f 2474 2854 2853
f 2440 3049 1323
f 1863 2810 1911
f 1344 1665 3352
f 2158 3265 2156
f 2510 3720 3047
f 2976 2700 3452
f 2022 2596 3701
f 2340 3833 3783
f 870 1078 871
f 2976 2426 2700
f 1773 1609 3834
f 3296 1932 1931
f 3835 2340 2339
f 3392 1768 1569
f 3783 3836 2318
f 2940 685 2310
f 2346 2345 962
f 763 1838 1837
f 1847 3581 1727
f 1802 3493 595
f 3837 1648 1647
f 1091 1005 2292
f 1614 3787 929
f 3460 3752 3331
f 1781 1458 3494
f 3277 2083 1263
f 3838 1386 669
f 1232 2598 845
f 2788 2608 2569
f 2448 1485 2132
f 3839 890 3803
f 3662 2676 2863
f 1790 833 1791
f 3840 2192 1819
f 805 1501 3841
f 923 1381 924
f 3323 3152 2868
f 3030 3404 2339
f 2881 3622 2147
f 2756 3448 580
f 3659 962 2925
f 1273 1275 3638
f 3594 1614 2892
f 2860 603 602
f 2554 708 3842
f 3510 3821 3658
f 3531 3791 2202
f 731 598 732
f 1219 1173 885
f 3791 3704 2200
f 1793 903 905
f 2021 2020 979
f 3704 3195 1390
f 2946 3043 3045
f 2147 3128 1719
f 1595 3843 1502
f 2023 3050 1347
f 3245 2380 2669
f 1717 1719 2742
f 1563 1930 1932
f 2318 1426 3101
f 3844 2596 2021
f 3256 1680 1507
f 1506 2295 1507
f 913 3125 2737
f 3674 3696 3845
f 1283 2799 1806
f 1139 1138 1997
f 516 511 3707
f 618 3511 3174
f 3732 789 3846
f 1323 3048 1321
f 1713 3335 1714
f 1876 3549 1877
f 3732 3846 3456
f 3847 2390 2336
f 3447 3446 3813
f 1798 896 2900
f 1638 3734 1636
f 3769 3097 1735
f 3771 3386 3823
f 2281 1750 3739
f 2766 3036 2765
f 3565 3099 1985
f 794 1249 3848
f 3366 3673 3381
f 1667 467 1230
f 2500 3161 3375
f 1757 1811 2098
f 3090 1389 3088
f 2327 2324 3849
f 3056 2063 2890
f 542 1223 1084
f 1771 2600 3033
f 2331 807 3724
f 3607 3148 2999
f 1684 2956 850
f 3721 1088 907
f 2989 2893 1748
f 1666 2905 2906
f 1093 2997 3229
f 1682 729 1683
f 2255 1761 2254
f 2437 1651 3218
f 3719 1462 3565
f 1773 3834 1860
f 601 603 3850
f 892 3803 890
f 1071 3586 3653
f 3472 3587 1435
f 3851 2544 1642
f 3018 1071 3653
f 3852 2429 3795
f 3814 3724 2118
f 921 1343 1335
f 3411 2203 2046
f 3018 3653 3019
f 647 3645 3797
f 929 1215 1614
f 519 521 1918
f 3572 3628 3573
f 3680 3059 3073
f 1991 480 1414
f 2418 2419 3573
f 885 3575 886
f 3591 3853 1181
f 2243 3350 3631
f 585 3350 2242
f 3589 2455 2573
f 1380 2025 3264
f 3373 2331 3724
f 3687 3854 3557
f 1900 1899 3269
f 3658 3823 3830
f 3318 2594 3677
f 2293 3505 2294
f 2694 3133 3855
f 1137 1996 3546
f 3856 3446 3805
f 2079 1010 3593
f 3679 3857 3454
f 2248 3495 1664
f 3518 1522 3179
f 3658 3511 3510
f 3098 3349 585
f 3587 3472 3473
f 2693 2692 2487
f 910 2199 2928
f 2422 2121 2122
f 2014 3202 3043
f 1452 781 780
f 2968 1665 3495
f 830 1179 1167
f 3647 895 2650
f 3631 3350 3630
f 2386 2385 1931
f 3017 1370 1325
f 2417 1933 1775
f 3564 3514 3522
f 3579 3813 1264
f 946 1410 3162
f 881 1536 1538
f 2872 3021 1250
f 3664 1911 2574
f 2910 2360 1498
f 3536 2756 582
f 2446 2911 1649
f 1815 1209 3019
f 797 824 1910
f 3858 3575 3572
f 1124 1866 3394
f 3850 3502 3615
f 978 3159 3357
f 3484 3483 2311
f 3616 3223 3432
f 2142 2446 1606
f 3596 1077 1076
f 2372 3859 2717
f 2472 703 1422
f 1059 3384 1839
f 2278 1670 3108
f 2231 2893 3860
f 1164 639 1027
f 1335 1343 3087
f 741 740 3738
f 2616 2591 3861
f 3795 3862 3796
f 3005 1091 2292
f 1727 594 666
f 3746 3863 3747
f 2838 2771 3864
f 2283 3218 3620
f 3166 586 588
f 2106 1091 3005
f 2248 3707 3091
f 3225 3742 3354
f 1447 3314 1450
f 3865 3866 1638
f 2235 540 2638
f 3282 858 857
f 2300 941 3347
f 3174 2433 618
f 2423 3697 2722
f 2739 2470 2612
f 3720 2510 2512
f 3866 3867 1527
f 2134 1320 3439
f 2665 2112 2666
f 1942 2471 1943
f 3117 3457 3031
f 3868 3867 3869
f 840 3367 841
f 2313 907 1089
f 1578 3798 2922
f 2407 1294 1293
f 1847 1846 3581
f 3823 3386 3174
f 2892 1614 901
f 1179 3338 1925
f 2107 3255 3473
f 3094 2602 3095
f 2775 2774 3408
f 694 749 748
f 850 3204 851
f 2775 1659 3644
f 3644 3027 2775
f 3870 1595 1501
f 1828 1405 2164
f 563 525 2590
f 3255 3587 3473
f 1638 1637 3865
f 3654 3019 3653
f 2287 3191 2103
f 573 572 1987
f 1528 1527 3868
f 2523 1402 2646
f 557 2859 3716
f 2378 3239 2379
f 1032 2921 2920
f 682 3283 3871
f 2509 1270 2198
f 1180 1179 830
f 3376 1629 1628
f 2009 2008 1657
f 3864 2403 2838
f 1084 2299 717
f 3487 1889 664
f 2594 3318 3244
f 1324 1948 2924
f 2915 2391 2542
f 2378 2380 3244
f 2532 1673 1672
f 2378 3318 3605
f 3061 2620 1023
f 3278 3093 2084
f 1505 1072 2877
f 2327 2326 2324
f 3872 1637 3781
f 3873 3468 3330
f 1501 1595 3841
f 3243 2594 3244
f 2967 3874 3529
f 536 3827 1741
f 1665 1664 3495
f 1739 759 758
f 1909 1253 3313
f 1630 3825 2797
f 1650 2857 1619
f 2729 2961 2940
f 1984 3757 1974
f 2701 3042 1567
f 1904 3381 2525
f 1156 1158 3782
f 3875 475 3417
f 2956 2047 850
f 1455 1951 3331
f 3094 2916 1288
f 1435 2538 3502
f 3050 2023 2570
f 3034 3876 3512
f 2265 3053 1907
f 1215 929 1216
f 851 3204 3570
f 487 1790 485
f 1947 3877 1945
f 1114 614 1112
f 2664 1995 2870
f 1562 1267 1906
f 3033 2129 3080
f 3869 3843 3878
f 2870 3755 1438
f 457 1698 3879
f 2723 1344 3544
f 715 3182 726
f 2235 2326 2325
f 1674 2705 905
f 2024 2575 2023
f 1083 999 1436
f 3056 3250 1880
f 2708 3685 3515
f 856 1403 857
f 2955 3015 3606
f 2923 3360 2924
f 2876 2194 1881
f 3630 1576 2949
f 3511 3658 3830
f 1370 3017 3019
f 3570 2815 851
f 1648 3837 2846
f 1168 2653 3880
f 2802 1298 2647
f 3881 3882 1945
f 2032 2158 2713
f 3679 3454 1020
f 826 597 3736
f 1420 1419 2880
f 2686 2393 3360
f 3592 2874 2873
f 2027 2096 2786
f 3878 3868 3869
f 3588 3386 3771
f 3757 2464 1770
f 3631 3281 2243
f 1304 2858 501
f 2706 1234 2904
f 3650 3602 1131
f 2002 1726 3420
f 1925 1924 1168
f 3585 3637 3218
f 2974 3649 3294
f 2719 2166 2165
f 2166 2064 2832
f 1346 1731 3544
f 2157 2156 2013
f 3860 2137 2231
f 1140 3156 3391
f 3697 2249 1663
f 2407 1293 2406
f 982 1897 1753
f 3883 3762 3884
f 3885 1661 1660
f 1752 3886 1751
f 2057 1305 1705
f 3690 3667 687
f 2029 893 3293
f 1097 3348 1098
f 3104 3649 3102
f 3366 3674 3673
f 1746 2893 901
f 3649 2973 3102
f 457 3879 1851
f 3470 3370 2370
f 2683 3301 3789
f 595 825 3327
f 1053 3492 836
f 839 2684 2683
f 1845 2973 3538
f 3689 3801 1645
f 3867 3865 3869
f 2075 2367 3169
f 1018 474 473
f 3363 2808 2963
f 1818 731 3343
f 3705 1957 2091
f 2141 2857 2911
f 3533 2371 846
f 2725 2724 1809
f 1120 3804 3574
f 1986 1428 3887
f 2622 2624 619
f 2438 2556 2439
f 1835 2566 3699
f 912 566 3125
f 1204 675 1270
f 3744 3838 3845
f 1049 927 1572
f 809 2178 2292
f 488 3270 3588
f 764 763 1837
f 2902 2509 2508
f 3034 993 3876
f 465 467 1471
f 2604 2603 2748
f 3096 722 746
f 532 536 1741
f 1381 923 1382
f 3759 3744 3648
f 1749 2925 2354
f 1989 2589 1808
f 3483 3889 2311
f 3632 489 3588
f 811 810 1661
f 1017 637 639
f 2842 3838 669
f 2988 2989 1748
f 3066 3776 2666
f 1261 2559 2163
f 1662 2873 1660
f 1592 1037 1593
f 1986 1426 1428
f 3348 3639 3857
f 3748 1828 2559
f 3701 3778 3890
f 3891 3778 3831
f 1747 2104 2988
f 735 2734 3816
f 3836 3783 3833
f 1612 497 1452
f 1495 2105 3005
f 3835 2339 3404
f 3835 3405 3833
f 2554 2682 708
f 2448 3601 1485
f 3404 3030 3601
f 1915 2130 2982
f 1675 3309 2627
f 3418 2277 3282
f 2799 1314 1806
f 2982 2130 3274
f 1574 3313 615
f 1666 1668 2502
f 3570 1605 1607
f 2882 2881 2147
f 2459 704 911
f 2265 1553 2912
f 3195 1284 1390
f 475 3875 473
f 1604 3541 1293
f 2893 2005 2892
f 3531 2881 2883
f 3292 890 3839
f 1717 2014 1718
f 3709 3044 2579
f 2353 1772 3033
f 1668 2503 2502
f 1078 3693 3892
f 3455 3456 3846
f 2079 3593 1621
f 993 3034 2933
f 3823 3174 3830
f 2730 915 2731
f 2867 1225 3186
f 2409 964 963
f 3893 545 3894
f 1615 1617 2995
f 1004 1003 1441
f 1313 2448 2132
f 3778 3891 3890
f 2596 3844 3693
f 3586 1435 3587
f 1985 3719 3565
f 3007 3418 3282
f 657 3547 658
f 3637 3585 3885
f 1628 3719 3895
f 3551 3003 3256
f 3524 790 789
f 1660 2875 3885
f 3661 2394 2393
f 3136 2858 1411
f 618 2433 3026
f 1629 3376 3188
f 2731 939 3415
f 1427 3887 1428
f 3666 3665 646
f 1315 2801 2402
f 1796 3225 2575
f 3666 3456 2851
f 2419 3519 2204
f 2205 2206 3896
f 3858 903 3575
f 2558 2929 1521
f 1816 657 659
f 701 2529 494
f 1370 3019 1209
f 1209 1815 659
f 3577 886 3575
f 820 822 2290
f 1858 1218 709
f 3576 3575 903
f 583 585 2242
f 3676 1671 1673
f 1869 2601 1870
f 2037 2038 959
f 514 2848 512
f 1868 3745 1869
f 3729 3452 3169
f 2500 2012 2501
f 3897 2686 2923
f 3054 3063 2072
f 2954 3088 1389
f 506 3285 2322
f 3802 3557 3854
f 668 932 2300
f 841 3898 2684
f 1467 3171 650
f 2477 1410 2983
f 1945 3882 3899
f 839 3308 840
f 1165 1161 2839
f 3674 3838 2841
f 2770 3646 3176
f 3580 3646 2772
f 3746 3580 2772
f 3120 2609 959
f 1723 3900 1487
f 2686 3897 2687
f 2421 1108 2121
f 2709 3658 3821
f 598 600 732
f 2012 3850 2501
f 2308 1410 1035
f 2280 2279 1292
f 3559 2018 3402
f 3774 3901 3322
f 1044 2108 2141
f 899 3579 3486
f 1410 2476 1411
f 3535 3534 2720
f 655 2878 3266
f 3522 3521 3632
f 2624 3745 2458
f 2096 3596 1084
f 1630 1722 3825
f 3354 3427 1712
f 1454 3181 622
f 974 973 1964
f 1314 1830 2954
f 2288 719 2436
f 3455 3846 789
f 3220 2409 1812
f 2618 2619 3462
f 2545 1710 2546
f 3027 3644 3681
f 581 2159 616
f 2296 3389 3418
f 2436 3374 2435
f 3681 3902 3028
f 2775 3027 970
f 1609 1611 2905
f 606 1242 2092
f 2065 2064 2166
f 882 3598 3599
f 1256 874 3708
f 2683 2208 2207
f 1707 3568 2419
f 3397 1177 1176
f 1245 1969 1243
f 3792 2102 3903
f 1593 1249 1376
f 3847 892 891
f 1097 3904 3347
f 3620 570 569
f 2755 1716 766
f 994 3905 3085
f 1368 3906 3907
f 3275 557 3716
f 517 2248 3353
f 3379 1058 3908
f 753 749 1552
f 2015 2890 827
f 2637 2003 2635
f 3909 3904 2840
f 2994 2993 2401
f 3756 3754 2441
f 3084 723 3096
f 2190 1481 3015
f 3161 3162 3022
f 2133 3263 2954
f 532 531 3372
f 2899 2387 2386
f 937 1237 938
f 626 2978 2434
f 3885 2475 3637
f 3016 2315 3910
f 3905 1530 3613
f 3841 1595 2763
f 2015 2016 1398
f 2128 2402 1695
f 3805 2820 2040
f 1056 1915 1149
f 3334 772 3443
f 3896 1760 2205
f 1661 3585 811
f 2300 3347 3904
f 2134 3911 2135
f 3780 2975 3912
f 2841 3838 2842
f 1487 1724 1723
f 1804 1803 3066
f 566 565 1096
f 3335 3334 3443
f 2326 2235 3345
f 2470 3211 2612
f 3776 3066 3831
f 2653 3465 3807
f 736 1196 3216
f 3657 3370 3470
f 3031 2468 2531
f 1920 2628 1983
f 3311 3310 1829
f 759 1935 2145
f 3913 3914 3870
f 1714 3800 3905
f 3443 2139 3335
f 1178 1180 3216
f 2637 1416 2003
f 1714 3905 3613
f 1539 2018 3559
f 1067 1738 1737
f 797 3624 798
f 1517 2172 2173
f 1606 1605 3203
f 1762 3304 3669
f 3800 3335 2139
f 958 3333 897
f 2748 2371 2604
f 2312 1616 2618
f 2525 3437 2523
f 2005 2136 2006
f 2414 3183 914
f 1488 2662 2633
f 2631 2633 2712
f 487 2778 1790
f 3249 3009 565
f 1241 605 1140
f 3772 3072 1857
f 3831 2126 3891
f 2270 2975 2376
f 3699 2566 3700
f 3845 3838 3674
f 3849 3191 3190
f 3518 1520 1522
f 2509 1271 1270
f 3452 2699 2655
f 3269 2349 1900
f 3037 767 3378
f 3753 3883 3884
f 1573 2390 891
f 2929 2558 1431
f 3405 3836 3833
f 1217 900 902
f 2879 2993 1420
f 701 1309 3915
f 2972 2179 1652
f 2212 3738 740
f 2319 2318 3836
f 2567 3554 3025
f 2075 3169 3812
f 1165 2839 3560
f 2617 1920 1973
f 3601 2448 2931
f 3601 3004 3404
f 2688 561 2590
f 3595 1176 2652
f 1512 1188 2778
f 2932 2127 1694
f 2962 3775 2694
f 2963 2962 3363
f 3869 3872 1556
f 3738 3189 1568
f 1131 2936 3650
f 1842 2068 2515
f 1530 3905 994
f 3273 3478 1302
f 3800 1714 3335
f 3439 3742 3440
f 3916 1095 3362
f 1242 1692 1769
f 2988 2104 2323
f 3529 3343 3530
f 1719 1718 2146
f 3878 3826 1528
f 1079 3044 3709
f 3257 2070 2069
f 3161 3022 3375
f 960 553 2189
f 3087 2568 1712
f 1369 1860 3834
f 2789 3652 2790
f 1467 650 649
f 2824 1525 3359
f 2441 1438 3756
f 1672 2437 3758
f 1665 1344 1663
f 1023 2848 1831
f 1157 2782 2783
f 2129 757 3080
f 3262 3695 1976
f 809 3917 2178
f 3162 1409 3022
f 3918 1079 1078
f 556 2337 2165
f 1651 3450 3917
f 1095 1094 1630
f 3892 3693 3672
f 2963 3231 1116
f 2153 2152 3748
f 1435 3586 1071
f 715 1544 713
f 3737 3919 1890
f 1956 1456 1968
f 1427 1426 740
f 1413 1148 1147
f 1209 1211 1370
f 2898 3903 688
f 1210 1209 659
f 3671 979 1584
f 3678 584 3566
f 1576 658 2948
f 1869 3745 1785
f 2623 3589 3539
f 3676 495 1843
f 2841 2840 3674
f 1339 2739 2740
f 588 587 482
f 1945 3899 3920
f 875 3227 3676
f 1086 3887 1980
f 3660 3686 3685
f 2871 2872 1252
f 1276 2152 2767
f 2020 1532 979
f 2986 2687 3182
f 1427 1980 3887
f 3902 3681 991
f 1568 3189 2680
f 2477 3921 3806
f 2496 2477 3806
f 2544 2546 3427
f 3865 1637 3872
f 2093 3462 3705
f 3781 1556 3872
f 2622 2129 2623
f 3665 647 646
f 3866 3865 3867
f 2395 2543 2551
f 2151 1150 1914
f 779 510 509
f 2175 1262 1261
f 1946 1945 3920
f 2347 2287 3922
f 1180 3254 3923
f 3362 859 3916
f 2161 3086 720
f 3694 1143 1145
f 2509 2751 1199
f 1342 2608 2788
f 453 971 2560
f 954 2460 3924
f 992 3645 647
f 1318 3741 3143
f 3422 3304 2039
f 3785 3519 3518
f 3500 2423 2722
f 1041 524 950
f 2465 2743 719
f 3206 2578 2577
f 1549 1015 2547
f 1882 1881 2194
f 3925 2946 3819
f 3061 1022 3710
f 912 564 566
f 2496 2634 2476
f 762 1838 763
f 3896 2206 3548
f 3433 1137 3156
f 1331 2747 1729
f 3641 3642 3765
f 1131 3543 1129
f 2717 3859 3122
f 2558 1429 1431
f 3345 3648 2326
f 3170 2497 2220
f 1943 1960 3173
f 2906 2050 1764
f 2773 3562 972
f 2475 2474 3637
f 2506 2283 2267
f 687 686 3690
f 2204 3519 2203
f 862 3926 2287
f 3572 1674 3858
f 2398 2397 2182
f 3143 3439 1319
f 3549 1514 1513
f 3795 3794 3852
f 2090 1680 2938
f 1207 1206 2247
f 724 3443 2060
f 1910 3452 3729
f 2730 2729 2310
f 3577 3854 3687
f 617 2709 3510
f 3544 1733 1019
f 2070 3257 3263
f 2190 1662 2191
f 3380 2852 2854
f 3708 2681 2019
f 1084 717 2786
f 1527 3867 3868
f 2480 2665 1272
f 1242 1979 2092
f 2684 839 841
f 3722 2842 669
f 2272 2642 3623
f 1200 3927 1198
f 473 1263 976
f 2218 2219 2942
f 2332 2058 2399
f 2398 2377 2333
f 956 2598 1232
f 3659 2925 2282
f 2399 2398 2332
f 1288 2602 3094
f 597 596 2844
f 3538 2973 1671
f 1892 2839 1161
f 2245 3139 3388
f 2770 3176 3178
f 2797 2230 1375
f 3863 2044 3785
f 1642 2544 3928
f 1199 2192 2509
f 1735 1873 3769
f 3863 3746 2772
f 1040 1182 3226
f 1359 3873 2586
f 3922 2354 2347
f 2333 2332 2398
f 3440 3911 2134
f 780 1612 1452
f 3603 2326 3648
f 2114 3612 1601
f 2954 1284 1806
f 2671 3726 2607
f 2406 3498 641
f 1299 2802 2712
f 2054 2053 1823
f 486 840 487
f 3922 3926 864
f 1382 1067 2929
f 3156 2091 3433
f 2217 696 2172
f 3301 2777 1221
f 1860 3907 2807
f 3453 3167 3485
f 1820 3919 3737
f 3360 2923 2686
f 1074 3151 1072
f 3266 2878 3075
f 590 1740 816
f 3292 3916 1929
f 753 678 3259
f 1359 3468 3873
f 2168 3317 2087
f 1069 1071 3929
f 1303 1519 2947
f 1071 3018 3929
f 3018 3017 3929
f 3349 3098 2269
f 1801 771 2041
f 3524 3720 790
f 1578 658 1576
f 2269 3098 3678
f 3468 2583 3829
f 850 1730 2189
f 3421 2707 1129
f 2660 567 3241
f 3110 802 3931
f 688 2102 2101
f 1555 3869 1556
f 1886 2473 1887
f 3829 2583 3024
f 1963 1152 507
f 1901 3046 1832
f 3156 1137 3391
f 981 983 2305
f 3689 3688 1774
f 1680 1679 1507
f 3615 3449 3448
f 1915 1914 1149
f 1094 892 3847
f 1706 2115 1603
f 2271 1905 1588
f 2533 3676 1673
f 1580 2595 1581
f 1219 3804 1106
f 733 3205 2641
f 3834 2503 1369
f 663 3932 3894
f 2832 3286 1883
f 3933 3934 3935
f 2355 3734 3866
f 1726 2707 3420
f 2698 2700 1512
f 3792 3936 3824
f 2661 2284 1220
f 624 2869 622
f 1853 1771 2807
f 716 3725 894
f 2312 3815 2311
f 3344 1987 3351
f 3783 3100 3614
f 3141 934 933
f 945 2309 1034
f 2357 1073 2358
f 883 518 2080
f 3440 3742 3224
f 3139 2488 3388
f 2547 2043 1549
f 2000 3937 2001
f 3129 599 2753
f 1410 2308 2983
f 1093 3229 3359
f 2037 2605 998
f 2292 3112 3005
f 831 1168 3880
f 517 516 3707
f 1835 1834 1955
f 2990 1137 3433
f 3885 3585 1661
f 3377 2069 867
f 2147 2146 2882
f 767 2591 874
f 3938 3910 2315
f 3854 3234 3396
f 456 458 3064
f 2576 3092 3212
f 3939 1691 2224
f 2498 3940 3267
f 3938 2315 989
f 3868 3878 1528
f 1720 1487 3900
f 3594 3787 1614
f 1094 2336 3941
f 1131 3602 3543
f 3288 3327 825
f 2821 2776 969
f 3912 785 787
f 3843 3869 1555
f 1577 1576 3630
f 1041 950 949
f 2426 1512 2700
f 536 532 3372
f 2869 706 1822
f 3905 3800 3085
f 2692 3937 3305
f 2812 1750 3810
f 2736 2072 3942
f 2326 2323 2324
f 942 932 667
f 1993 1123 3512
f 1011 679 681
f 3923 3216 1180
f 1429 2558 2122
f 3807 3943 2654
f 3904 3909 2300
f 1101 1100 3944
f 3275 3740 3276
f 3100 3441 3614
f 2603 2602 1287
f 485 2674 486
f 3059 3923 3254
f 1271 2509 2902
f 3009 3674 2840
f 1365 1015 1548
f 2278 2421 2422
f 2267 2376 1937
f 2250 2421 2278
f 2343 3504 1683
f 864 3926 862
f 2284 3219 2285
f 582 1518 748
f 2282 3471 2095
f 1775 1774 2417
f 1295 3832 3306
f 551 1337 1859
f 3945 3304 1496
f 894 717 716
f 3764 1805 2120
f 3403 1355 1197
f 2698 1512 1626
f 2707 2621 2620
f 2347 2354 2345
f 3037 1304 768
f 3312 1496 697
f 3696 3444 3743
f 3232 1669 3663
f 3045 2944 2946
f 1290 1450 3314
f 844 843 2958
f 3667 1110 3668
f 484 2260 2640
f 577 2726 2725
f 3878 3843 3946
f 1987 3344 733
f 3196 3185 3183
f 2478 2076 3109
f 2099 3115 2843
f 3306 3186 3013
f 570 3620 3621
f 2788 1343 1342
f 3582 1846 1141
f 3811 3374 3373
f 562 1102 2595
f 2859 556 2167
f 1077 3596 2096
f 3052 2095 3471
f 3437 3249 3185
f 3316 2830 2829
f 3168 1910 3729
f 1506 2293 2295
f 2998 1207 1216
f 978 2897 3160
f 1200 2457 3927
f 2989 3604 2137
f 1834 500 1955
f 2671 2606 3287
f 2844 3736 597
f 1707 2418 1708
f 3726 2671 3271
f 3603 3648 3743
f 3203 3570 3204
f 2567 2822 2818
f 3295 3253 3172
f 1479 2537 1405
f 915 939 2731
f 3659 2282 2677
f 2270 3912 2975
f 1376 1377 2271
f 1421 2994 3262
f 1737 1604 1292
f 1021 3454 3640
f 1899 625 627
f 1803 3831 3066
f 1682 730 729
f 1476 2728 3947
f 2282 2281 3471
f 2094 3051 2569
f 3679 1020 3125
f 1227 1229 2849
f 3633 1336 2672
f 3515 3686 3513
f 3380 2795 3223
f 1506 1505 2110
f 3433 1956 1967
f 3948 2870 2396
f 3936 3599 3824
f 3468 1359 1358
f 3764 2120 944
f 3426 1281 1280
f 955 2779 2598
f 2007 2957 843
f 1636 589 591
f 3398 2623 2129
f 1101 3422 3423
f 3681 3645 992
f 1072 1505 2965
f 627 2177 1899
f 2126 3831 3949
f 3890 2022 3701
f 1516 3950 1226
f 2230 2632 2631
f 1277 1306 1861
f 2886 2885 682
f 1001 3357 855
f 3412 3447 2774
f 3950 1516 2720
f 1007 1228 1760
f 2465 1565 3079
f 2600 3113 2623
f 1264 3446 3856
f 1202 2887 1203
f 2414 2416 3436
f 3447 899 2774
f 2068 1842 2217
f 2606 3310 1510
f 2805 2467 1893
f 2578 3165 3164
f 1138 1137 2990
f 491 1102 561
f 3077 860 2213
f 1822 1454 622
f 1717 2741 2713
f 2528 2237 1862
f 3540 3267 2362
f 3921 3943 3806
f 3836 3405 2319
f 2665 3150 1272
f 691 1821 1822
f 2461 2456 3906
f 1689 2097 1897
f 490 3175 488
f 1369 1368 1860
f 1463 1630 2797
f 3738 2212 2317
f 1320 1319 3439
f 1153 1282 1154
f 1492 2940 2939
f 866 3377 867
f 2590 561 563
f 3562 3626 972
f 1563 1564 2572
f 1280 2917 2916
f 2889 3921 2477
f 3785 3747 3863
f 1574 1909 3313
f 1801 3494 1802
f 1458 596 3493
f 2307 1643 2306
f 1298 2603 2647
f 3149 3356 1615
f 844 2219 1998
f 2842 3722 3909
f 500 1834 2616
f 2866 3777 2865
f 2352 2904 2368
f 3394 1123 1125
f 1853 2807 3907
f 2491 2888 2330
f 1680 3256 2939
f 662 1152 1962
f 3950 1751 3886
f 2317 3189 3738
f 1519 1278 1861
f 2773 1880 3250
f 1768 3392 1766
f 2799 1283 2800
f 1189 2781 3638
f 1085 2035 3951
f 3195 2883 2146
f 1666 2502 2905
f 1695 1694 2128
f 2834 802 950
f 2400 2402 2801
f 3826 3878 3933
f 1635 3321 614
f 2232 2233 1202
f 3465 1953 3136
f 3442 1688 3490
f 2891 1679 1678
f 1658 1061 1060
f 1285 1284 3195
f 3592 2873 3952
f 2659 3953 554
f 2894 755 2391
f 3153 3288 825
f 3113 1852 3589
f 3764 944 1803
f 2394 3929 3017
f 2269 1577 3349
f 584 3678 3098
f 1205 3566 584
f 1868 2458 3745
f 3038 2461 1198
f 1848 3285 506
f 3021 2316 3012
f 1720 3900 2227
f 2852 3954 2853
f 3555 975 974
f 3839 3916 3292
f 2679 3921 3706
f 3774 2309 945
f 1271 2902 1272
f 1225 1224 3187
f 3191 3849 2104
f 2654 2653 3807
f 2141 1042 1044
f 3774 945 3901
f 3946 3843 1595
f 3350 2243 2242
f 2243 3281 2241
f 1154 1077 2096
f 3523 2527 3521
f 1457 3483 1458
f 3672 3693 3844
f 2847 2370 2369
f 3083 2475 2875
f 1250 1252 2872
f 877 876 1508
f 3892 3918 1078
f 1476 3947 559
f 2895 3435 3107
f 1671 3676 3538
f 3918 2944 1079
f 3486 3579 3119
f 3455 789 788
f 1543 725 1526
f 3928 2544 3427
f 1890 3893 1888
f 3915 1844 2529
f 3946 3933 3878
f 2401 1695 2402
f 3296 1931 2385
f 1264 3856 1265
f 3418 2485 2296
f 1584 1583 2946
f 2679 3943 3921
f 3035 3034 3512
f 3714 2019 2681
f 1085 3887 1086
f 2391 2915 3060
f 3593 3592 3910
f 564 3185 565
f 2874 1010 3082
f 3812 3169 2655
f 1545 2507 1862
f 1128 934 1126
f 744 729 745
f 3695 3262 2994
f 1986 3887 1085
f 1985 3703 3895
f 3928 3427 3439
f 1251 3011 1252
f 3376 3895 788
f 919 2981 2980
f 790 3376 788
f 736 3216 3923
f 2946 3955 3819
f 858 1394 1972
f 1980 1427 3608
f 3542 3956 2816
f 736 735 3816
f 3071 3142 3141
f 1237 2417 2033
f 1866 1124 2918
f 2259 708 2682
f 2733 1249 2734
f 3882 3881 3957
f 1557 3958 3475
f 3902 991 3419
f 898 3332 3407
f 2171 2553 1245
f 497 2348 1451
f 1479 1829 3310
f 1687 1229 1006
f 804 806 1058
f 1883 1990 2832
f 3242 2144 3641
f 1883 3286 1881
f 3898 2967 2969
f 895 3647 893
f 2989 2323 3603
f 1762 3782 1158
f 3815 2312 1648
f 2423 3500 642
f 3367 486 3368
f 3804 1120 1106
f 2520 2909 2521
f 3793 3395 1124
f 2848 1023 2621
f 3694 3299 3691
f 2500 3375 1619
f 3456 1992 2851
f 2174 3395 919
f 1107 1106 1119
f 1903 3751 2006
f 965 3122 966
f 1688 916 2310
f 2310 916 2730
f 3959 2493 3960
f 837 835 834
f 3532 940 2930
f 2205 1927 1929
f 3935 3826 3933
f 3206 3165 2578
f 992 647 3665
f 3368 598 1817
f 2195 3065 3064
f 1307 1729 2747
f 518 883 3936
f 3944 3422 1101
f 3321 947 1112
f 2860 2689 1725
f 2508 3840 3822
f 3008 3009 2840
f 3330 3829 3024
f 1517 2173 1518
f 779 1383 1311
f 1595 3870 3946
f 2933 3670 3387
f 2045 2044 2772
f 3437 3248 3249
f 3752 1715 1714
f 3212 3213 2576
f 3196 3437 3185
f 2861 1894 2862
f 1704 3022 1409
f 3666 646 2469
f 565 1097 1096
f 1029 878 3961
f 3933 3946 3934
f 3419 3072 3902
f 3643 3812 2655
f 2717 1810 2824
f 3211 3332 3333
f 3962 2493 2492
f 3825 1722 2230
f 2834 3931 802
f 903 3858 1674
f 1358 3469 3468
f 2619 3356 3148
f 2699 817 2557
f 1588 1905 2827
f 1674 3572 2204
f 822 981 2305
f 3815 3484 2311
f 2493 3962 3960
f 2870 1438 2664
f 1149 2928 2321
f 3138 2839 2486
f 1662 1824 2191
f 3730 3883 3753
f 3532 3415 939
f 764 530 503
f 1810 2717 1811
f 3577 3576 3236
f 2638 542 3596
f 3435 2895 1503
f 2599 3533 845
f 3016 2955 988
f 2239 2695 2240
f 3913 1501 3888
f 3963 3957 3964
f 3307 2787 610
f 922 921 1334
f 1783 2214 2213
f 920 999 1186
f 3475 1558 1557
f 2080 881 883
f 3854 3577 3235
f 1252 3567 2871
f 3144 3464 1419
f 3165 3206 2258
f 3748 2559 2459
f 477 1184 2746
f 3494 1458 3493
f 3492 634 3154
f 2149 2148 2609
f 3898 1923 1922
f 3428 635 634
f 3576 903 3236
f 2095 2677 2282
f 3087 1343 2569
f 2025 1493 3264
f 2234 541 540
f 3458 1345 572
f 1089 1088 3784
f 1104 1175 3467
f 1249 793 1376
f 2771 2838 3735
f 2764 1499 1498
f 1892 2001 2839
f 3965 3966 3967
f 3968 1776 3969
f 2431 1624 2429
f 2181 3809 1634
f 2029 894 893
f 3820 1060 1062
f 2677 1871 962
f 2651 1436 2605
f 2072 3068 3942
f 2776 2821 2820
f 3970 3683 3210
f 3294 3269 2179
f 1889 3487 3737
f 2953 3410 3818
f 3178 3410 2770
f 2429 1624 3795
f 1050 1901 514
f 958 2612 3211
f 1447 1446 3315
f 503 530 504
f 1212 1304 3037
f 1808 1807 2392
f 2044 3863 2772
f 1666 2979 1469
f 1264 3813 3446
f 3647 2864 3646
f 2899 3782 2387
f 716 2651 3725
f 3103 3102 1845
f 3965 3971 3961
f 1667 1666 1469
f 1194 1198 3552
f 1849 3879 1698
f 3682 1820 3737
f 1265 2952 3818
f 642 1021 640
f 1032 3081 1033
f 920 1186 3364
f 1278 1303 3479
f 2671 2729 3271
f 3065 2195 3126
f 570 3972 2895
f 2659 554 567
f 1765 2979 1764
f 3881 3877 3957
f 2474 2794 2854
f 1494 2253 1495
f 1860 1368 3907
f 1622 1621 3938
f 1399 2135 3911
f 2916 3426 1280
f 2193 3434 3291
f 2881 3531 3619
f 3781 1269 3656
f 3267 3940 3170
f 1560 1908 3053
f 970 2776 2775
f 2219 2597 2244
f 1876 1571 1514
f 970 3028 968
f 907 2313 908
f 1976 1975 3262
f 1325 2394 3017
f 3371 547 846
f 3929 3973 1069
f 602 766 2860
f 3244 2380 3245
f 1725 1114 1113
f 3243 1579 1581
f 1894 1014 1895
f 3974 3963 3975
f 1369 2503 1230
f 2220 1208 2221
f 1015 1549 1548
f 2721 3689 1774
f 486 2674 3368
f 2055 1166 1934
f 2611 3776 3555
f 3765 3766 3641
f 3952 3910 3592
f 3210 3209 3977
f 3936 3792 3976
f 3285 3284 2322
f 3970 3978 3683
f 3030 1485 3601
f 3979 3980 3967
f 1522 1521 1066
f 3481 3567 1252
f 1354 3012 1352
f 1458 3484 2845
f 2872 2242 2241
f 2967 3530 2968
f 2269 3503 3798
f 2223 2267 2283
f 1310 1513 1515
f 677 3029 2907
f 1916 1781 2041
f 2743 1057 3374
f 1623 3795 1624
f 551 1859 3026
f 2185 3539 2573
f 3981 3982 3983
f 590 815 2714
f 1993 3455 1364
f 1786 3539 2185
f 2381 2291 2382
f 2209 510 2207
f 1536 881 2080
f 1570 2349 3103
f 1680 2939 2938
f 3056 2890 3320
f 1804 3509 2595
f 1958 1360 1456
f 2706 2908 3261
f 680 3591 1181
f 3305 3937 2000
f 3602 3650 1141
f 1241 3650 1692
f 659 658 1210
f 2649 2082 2599
f 3049 3048 1323
f 3831 1803 3949
f 1019 2723 3544
f 3560 2839 3138
f 2567 2818 3554
f 2714 2017 1541
f 3949 1850 2126
f 2741 550 2713
f 3211 3333 958
f 3267 3170 2362
f 2022 3890 2126
f 2554 3842 1764
f 2932 1694 1693
f 2138 1904 1903
f 603 1113 2501
f 3043 1718 2014
f 769 2591 767
f 2868 2867 3306
f 2974 2973 3649
f 2338 3258 3260
f 3966 3959 3979
f 2010 3535 2720
f 3706 3921 2889
f 3984 3209 3985
f 3044 3043 3202
f 2056 1357 2627
f 649 2154 2654
f 3959 3986 3987
f 2527 489 3521
f 3988 2021 979
f 2330 2887 1202
f 3892 2945 3918
f 3672 3671 3892
f 2003 3989 2659
f 788 1364 3455
f 2644 2765 2645
f 3297 1024 1832
f 1363 3289 3793
f 3675 2327 3849
f 1854 3053 2914
f 3889 3828 2311
f 2895 3972 3361
f 3016 3952 3015
f 841 1817 3874
f 3951 3703 1985
f 3872 3869 3865
f 3691 3817 3692
f 3703 788 3895
f 742 3608 740
f 1217 902 1215
f 2893 2231 2005
f 3403 3816 1355
f 3230 3695 2800
f 2854 2793 3380
f 3990 2794 2474
f 1797 1349 2561
f 2802 2631 2712
f 2270 2267 568
f 3083 3082 2473
f 3608 1981 1980
f 1231 3768 933
f 2083 2649 2656
f 3010 2522 2521
f 1473 952 2514
f 1612 2344 1613
f 3082 1010 1012
f 3991 3961 3971
f 3512 3876 1993
f 2778 3301 1626
f 3199 2379 3239
f 595 2960 1800
f 1882 1990 1883
f 2452 3284 3283
f 723 722 3096
f 3780 1637 2975
f 3923 3059 736
f 3992 3993 3991
f 3993 1029 3991
f 3914 3913 3508
f 1221 3308 3789
f 1994 3665 2851
f 2240 3994 2238
f 2046 3519 2044
f 811 3585 3917
f 1163 3396 1176
f 2832 1990 2850
f 3653 3039 657
f 3656 1556 3781
f 1009 2348 803
f 3951 1391 3289
f 3229 2373 2718
f 2373 2372 2718
f 2848 2636 512
f 593 1326 3682
f 2355 2143 589
f 3820 1062 3194
f 3448 2756 601
f 3995 3965 3961
f 3995 1699 3996
f 3910 1621 3593
f 2737 3125 1733
f 2562 2281 2561
f 1674 904 903
f 607 609 2997
f 3509 1804 2112
f 3979 3959 3987
f 512 2636 3241
f 3289 1363 3703
f 1091 2106 1043
f 3235 3577 3236
f 3396 1163 3802
f 3961 878 3995
f 3971 3992 3991
f 2499 862 2497
f 642 2723 1019
f 1302 1301 3273
f 910 1151 911
f 1161 1163 1891
f 705 1822 706
f 3235 3234 3854
f 2692 2691 2001
f 2465 3079 3077
f 1640 3417 475
f 544 543 1751
f 3993 3992 3985
f 3857 3679 3348
f 2001 1892 1999
f 3069 3106 2416
f 2619 2314 1957
f 687 3667 3571
f 3665 1994 992
f 3934 3946 3870
f 3494 2041 1781
f 3881 1945 3877
f 3078 551 550
f 1381 865 924
f 523 529 528
f 3298 3590 1213
f 688 3903 2102
f 3735 2643 2045
f 758 816 1739
f 895 894 3725
f 2077 724 2060
f 1684 2188 2955
f 2952 2953 3818
f 3140 2244 2597
f 3477 3911 3224
f 1610 2825 1611
f 3383 1476 559
f 531 2225 3372
f 643 3047 3525
f 1097 565 3008
f 1713 1715 3753
f 3780 787 1269
f 2770 3410 3864
f 643 3525 644
f 863 2498 3810
f 1838 2695 2694
f 537 2732 3345
f 3409 3864 3410
f 2003 1415 3989
f 1770 1974 3757
f 1865 3394 1866
f 730 1682 1434
f 2743 2465 1031
f 1224 1820 1328
f 2922 2924 1948
f 3837 3526 2846
f 687 3490 1688
f 2682 2554 472
f 807 2331 889
f 3997 3985 3992
f 777 2535 2646
f 3816 3403 736
f 1837 950 528
f 3837 1647 1322
f 3446 3412 2820
f 2095 3052 2094
f 2356 2965 2891
f 3856 2952 1265
f 3998 3296 2385
f 1453 2711 1454
f 801 3724 807
f 3151 1074 1444
f 3975 3969 3974
f 1886 3990 2474
f 3408 1659 2775
f 3082 1012 1887
f 2312 3462 1648
f 3985 1029 3993
f 1751 3950 2720
f 3974 3982 3957
f 3518 1247 3785
f 3876 993 1993
f 2850 3092 2167
f 1660 2873 2875
f 3243 1581 2594
f 2055 3888 1501
f 559 3947 560
f 3072 3772 1742
f 1545 1884 2507
f 1274 2675 1190
f 3985 3209 3569
f 2959 2078 2077
f 3261 1234 2706
f 2280 1294 942
f 3412 2776 2820
f 3371 3657 548
f 2379 3501 3598
f 2195 2194 2877
f 3654 1815 3019
f 2904 2352 2706
f 1839 3385 1840
f 1663 1344 2723
f 3610 3989 3932
f 3134 823 773
f 3973 3929 2394
f 3935 3934 3930
f 2994 1421 1420
f 560 2010 3181
f 3051 2570 2569
f 721 1565 719
f 3072 3192 3071
f 2771 3735 2772
f 3197 1537 3999
f 482 2232 588
f 872 2591 2289
f 2453 2678 2767
f 928 927 1049
f 2970 3824 3599
f 2720 623 2010
f 2379 3598 2380
f 579 1170 1414
f 1367 1369 1230
f 2752 2769 636
f 3822 1819 2884
f 2923 2342 3897
f 1862 1526 728
f 2668 2380 3651
f 3448 2538 580
f 1609 2503 3834
f 3736 3526 826
f 2164 2163 1828
f 3991 1029 3961
f 580 2538 2302
f 1625 3363 2962
f 3973 4000 1069
f 741 1569 1768
f 3212 3092 2850
f 858 1404 856
f 1948 1578 2922
f 1932 1128 1563
f 1571 1876 1825
f 3321 3322 3901
f 604 3157 3488
f 1834 1833 2616
f 3666 3732 3456
f 526 2595 1580
f 3919 1226 1752
f 2495 2256 2258
f 2961 2729 2670
f 882 3936 883
f 3927 2456 1198
f 3719 1985 3895
f 1398 2135 1399
f 2177 627 3112
f 3959 3966 3996
f 852 1050 1730
f 2734 735 1424
f 2257 3247 3058
f 3657 3290 548
f 882 881 3451
f 3976 518 3936
f 2870 1995 1997
f 2877 2110 1505
f 2638 540 542
f 3678 3566 3504
f 3567 1681 3566
f 1817 1818 3874
f 1692 3650 2936
f 3188 995 1629
f 1413 3284 1734
f 1681 3504 3566
f 2625 1686 1475
f 3691 2749 3467
f 2091 3157 2092
f 2110 2877 3180
f 1202 2384 1134
f 2375 482 484
f 3481 1681 3567
f 3969 3983 3974
f 3498 3541 2424
f 1386 3759 539
f 3075 2878 1784
f 2542 1239 1588
f 2693 2486 2839
f 2397 2183 2182
f 1434 3075 1784
f 548 547 3371
f 1745 2350 1744
f 2143 3642 2144
f 3072 3028 3902
f 2343 3798 3503
f 762 2695 1838
f 2240 4001 3994
f 947 1113 1112
f 2143 3413 3642
f 2001 3937 2692
f 1477 1566 3431
f 2161 1782 3346
f 3861 2591 769
f 3020 1826 2479
f 943 2120 1102
f 859 1929 3916
f 2058 591 2399
f 1994 993 992
f 1258 767 874
f 602 601 2756
f 1681 3481 1682
f 1893 2862 1894
f 2094 2608 1185
f 2092 3157 604
f 2905 2502 1609
f 2270 785 3912
f 2371 3533 3093
f 1102 1805 2595
f 1619 1618 1650
f 1232 2053 956
f 959 958 3119
f 765 602 2756
f 678 2907 3260
f 3542 1618 3956
f 526 562 2595
f 1803 1851 3949
f 2852 3908 3972
f 510 2209 511
f 2806 2160 2159
f 1468 2309 3773
f 1872 1871 2677
f 548 3290 546
f 2319 3004 3272
f 2451 1148 1734
f 3094 3093 3278
f 934 3141 2460
f 3626 965 972
f 1969 1968 1243
f 3773 2309 3774
f 816 758 2667
f 3990 2795 2794
f 2447 3893 1890
f 3956 3612 2816
f 3380 2793 2795
f 3272 3189 2319
f 1213 1212 3037
f 2884 1819 2451
f 2400 2800 3695
f 3031 2531 2530
f 2824 3229 2823
f 1416 1728 1417
f 3930 468 3935
f 2900 2615 2888
f 1285 3195 2727
f 1914 1333 1332
f 3986 4002 3987
f 3505 2861 2294
f 2545 2307 1710
f 2944 3045 3044
f 1503 3361 806
f 3574 3804 3506
f 1653 2178 3450
f 3635 2383 2384
f 2544 3851 2545
f 3918 2945 2944
f 3671 2945 3892
f 2034 2035 4003
f 1502 3843 1555
f 3072 1742 3192
f 3413 468 469
f 2452 3283 682
f 1363 1124 1123
f 3657 3371 3370
f 3014 1981 3608
f 2541 3265 2539
f 1109 3668 1110
f 2485 4004 2484
f 1855 1857 3419
f 2628 2439 2556
f 3140 3139 2244
f 1697 3237 1849
f 3870 1501 3913
f 3411 2046 2045
f 3046 851 2817
f 3827 1871 1741
f 3895 3376 1628
f 3059 734 736
f 2837 3340 2838
f 3934 3914 3930
f 1935 1740 589
f 3199 2111 3200
f 2720 3534 1751
f 3139 2245 2244
f 1500 2910 1498
f 1407 1406 610
f 1891 3790 1892
f 3985 3569 1029
f 3966 3965 3995
f 3914 3934 3870
f 3358 3359 1525
f 655 654 2878
f 648 3797 1659
f 3384 1058 3379
f 2552 2551 2543
f 3942 3713 2736
f 1496 3805 3945
f 4005 3982 4006
f 2651 2148 2150
f 2971 3598 3501
f 947 3901 945
f 1002 889 637
f 3409 2403 3864
f 2115 1305 1214
f 3977 3209 3984
f 1732 1731 2071
f 3013 1296 1295
f 819 2348 817
f 2725 2589 2588
f 2249 1664 1663
f 3848 3680 4007
f 850 2047 3204
f 513 3241 961
f 4008 4009 4010
f 3655 3125 566
f 1144 2765 3067
f 1944 3302 2683
f 1759 1927 2205
f 3435 1556 3656
f 2585 819 1627
f 3636 4011 2236
f 641 2423 642
f 3643 803 3110
f 2652 3790 3595
f 1803 944 1851
f 460 792 1317
f 3826 3935 468
f 3643 3110 3109
f 3624 2366 3231
f 2187 1432 1786
f 3241 513 512
f 1073 3264 1443
f 2045 2772 4012
f 1116 3475 3958
f 768 500 769
f 638 637 2331
f 1579 3198 1580
f 4013 3395 3793
f 2707 1726 2637
f 2617 2616 3699
f 1182 3554 2818
f 3977 3970 3210
f 3264 1493 1697
f 3875 1263 473
f 3006 3617 4004
f 703 702 1423
f 2970 683 3228
f 721 1971 3431
f 3166 588 1201
f 1885 1887 1012
f 2969 1923 3898
f 1158 3036 3584
f 3538 3676 1843
f 1401 3624 3231
f 1117 1745 1115
f 2457 2760 2759
f 2081 1536 2080
f 3979 3967 3966
f 3338 3121 1918
f 947 3321 3901
f 3886 1226 3950
f 3949 1851 1850
f 1193 1199 1194
f 3068 2072 3063
f 949 953 1041
f 3105 3731 3436
f 3067 2783 3299
f 1336 1335 2672
f 3305 2000 1103
f 1557 3775 3958
f 1532 3237 2715
f 2094 2569 2608
f 1106 1220 1219
f 2932 2931 2448
f 3197 527 3198
f 2057 1705 1409
f 528 950 524
f 3979 3987 4014
f 3160 3159 978
f 2956 2955 3606
f 3989 3894 3932
f 1822 3319 2869
f 685 1491 686
f 754 2391 755
f 1367 1230 466
f 539 3759 2732
f 2927 2926 1404
f 2448 2127 2932
f 3908 2852 3380
f 1281 3425 3416
f 1470 1469 2979
f 2051 2050 2906
f 3048 2629 3153
f 1996 3390 3546
f 2732 3759 3648
f 1275 1189 3638
f 2043 2065 2042
f 3840 2508 2192
f 3990 1886 3597
f 2252 2434 3281
f 3561 3140 2957
f 1400 3122 3626
f 3160 2897 3158
f 3906 2456 3907
f 1011 2079 3636
f 2604 3093 3095
f 2069 3377 3257
f 2456 2455 1853
f 1977 2146 3043
f 2758 2573 2759
f 3799 3638 2781
f 3871 683 682
f 3652 3129 2790
f 591 1541 1540
f 697 3340 2837
f 952 1473 951
f 979 3672 3988
f 1868 3550 2458
f 4002 4014 3987
f 3713 2737 2736
f 2758 2574 2573
f 1513 1310 2458
f 2801 1315 2799
f 2064 2066 2110
f 515 517 3697
f 2897 3924 2460
f 4000 2806 1069
f 1274 1273 1509
f 1618 3542 1607
f 4015 4008 4010
f 2875 2874 3083
f 1166 2055 1501
f 2945 3671 1584
f 3301 1221 3789
f 1269 3781 3780
f 2393 2686 3661
f 935 3998 1231
f 3995 878 1700
f 1816 1815 3654
f 3974 3983 3982
f 496 460 4016
f 458 3434 2195
f 1270 1272 2702
f 3798 2343 2342
f 3302 1627 3301
f 1786 2185 2187
f 3768 3141 933
f 4016 2581 2580
f 2580 700 4016
f 1174 3628 1172
f 2581 4016 460
f 2686 2685 3661
f 1784 1869 1785
f 496 4016 700
f 1542 1449 1495
f 3773 3809 1468
f 1123 1993 1364
f 1264 1266 3177
f 1042 2141 2140
f 1509 2863 1274
f 3774 3322 1635
f 3159 855 3357
f 3985 3997 3984
f 1620 4015 4011
f 2455 2457 2759
f 2779 955 3924
f 2034 4003 1087
f 2035 1085 4003
f 2584 3711 2516
f 683 2971 684
f 1012 1038 2819
f 1506 3399 2293
f 2164 1405 1407
f 4014 3980 3979
f 2844 2846 3526
f 3856 3805 3312
f 2724 2726 3999
f 3966 3995 3996
f 2265 1907 1909
f 3904 3008 2840
f 3541 3498 3499
f 3951 1546 1391
f 2556 1983 2628
f 3432 3221 3385
f 3995 1700 1699
f 827 2890 1196
f 3143 3928 3439
f 3655 1098 3348
f 1663 2722 3697
f 2305 2383 2291
f 3951 3289 3703
f 3722 2300 3909
f 2190 3952 2873
f 3259 2913 753
f 3924 2897 985
f 1981 2420 1087
f 1973 2289 2592
f 624 1408 2867
f 1278 3311 1276
f 1994 1993 993
f 3034 3670 2933
f 3001 515 3697
f 3696 3365 3444
f 3968 3969 3975
f 3845 3743 3744
f 587 483 482
f 2062 1879 454
f 3122 965 3626
f 3996 2493 3959
f 3697 2423 3001
f 3077 3076 3406
f 1855 3419 2484
f 2933 2935 993
f 2660 2659 567
f 3424 3278 3277
f 2009 4010 4009
f 1289 1385 1450
f 1894 2547 1014
f 1586 1690 849
f 1817 841 3367
f 1900 1353 1898
f 1019 1021 642
f 4002 3980 4014
f 2777 487 1221
f 2744 4017 2941
f 1839 1841 1059
f 2934 3389 2298
f 3430 2320 2420
f 3143 1642 3928
f 2705 3411 2045
f 2493 3996 1699
f 1828 3748 1829
f 3791 3531 3195
f 3904 1097 3008
f 2665 1472 3150
f 2707 3421 3420
f 1257 3297 1258
f 3982 3981 4006
f 3349 3630 3350
f 3963 3974 3957
f 1287 2647 2603
f 3952 3016 3910
f 1115 1745 3475
f 3954 570 3621
f 1534 1533 2162
f 3236 903 1793
f 1162 2792 3802
f 3986 3959 3960
f 3312 697 2404
f 3582 3390 592
f 2234 2325 3675
f 1326 1328 3682
f 3389 2277 3418
f 1224 1328 1327
f 3908 806 3361
f 2763 2762 805
f 854 853 1743
f 3038 1198 2456
f 1912 739 1545
f 3597 2795 3990
f 1286 1374 1287
f 1547 2321 2928
f 3805 3446 2820
f 1999 3790 2000
f 3298 1832 3046
f 3094 3278 3424
f 3441 3100 3099
f 1178 3216 1939
f 1819 3822 3840
f 1056 2321 1054
f 3156 1140 3488
f 1648 3462 2463
f 3986 4018 4002
f 1648 2845 3815
f 3962 3986 3960
f 4002 4018 3964
f 710 3986 3962
f 841 3874 3898
f 1294 2407 941
f 4002 3964 3877
f 1336 3633 2073
f 3963 3964 4018
f 3986 710 4018
f 1824 3329 1441
f 2736 1732 2072
f 4018 710 4019
f 4011 3636 1620
f 3115 2051 2826
f 778 1402 2523
f 3417 3277 3875
f 1011 1038 1012
f 3877 3964 3957
f 1231 2385 1100
f 3409 2953 2403
f 3713 2416 2415
f 1747 1746 900
f 3241 2635 2660
f 2349 1354 1353
f 2899 1721 1156
f 3354 2570 2575
f 3380 3379 3908
f 535 2409 963
f 2409 3220 3190
f 2683 2207 1944
f 1910 838 3214
f 3498 2423 641
f 1454 2711 558
f 475 474 1640
f 2498 3268 3810
f 3315 2444 2949
f 631 1378 2896
f 542 1084 3596
f 3777 3287 2606
f 2580 2454 1591
f 2177 2179 1899
f 821 982 822
f 3301 1627 1626
f 3906 1367 2461
f 2710 4000 2708
f 2573 3539 3589
f 4018 3975 3963
f 3423 1099 1101
f 3968 4018 4019
f 2130 2131 3145
f 1713 3753 3884
f 4018 3968 3975
f 937 2417 1237
f 2806 4000 2710
f 3866 3734 1638
f 526 563 562
f 3884 3762 3489
f 2760 1200 674
f 2365 1056 1055
f 2394 3661 3660
f 3859 2372 966
f 2963 1116 3775
f 2123 3941 2336
f 1717 2157 2013
f 3006 3418 3007
f 3973 3660 3685
f 3451 1538 2668
f 1832 3298 3297
f 1033 3081 906
f 2429 3852 2430
f 1777 4019 710
f 1408 1225 2867
f 2047 2956 2048
f 3968 4019 1777
f 2305 783 2383
f 1619 2857 3303
f 3982 3882 3957
f 675 674 1460
f 2627 3309 2056
f 2186 2185 2574
f 558 560 1454
f 1549 2719 2337
f 4001 2240 4020
f 1902 2431 2430
f 2716 837 1192
f 2366 1116 3231
f 3595 1163 1176
f 1776 3968 1777
f 1870 1877 1868
f 3882 3982 4005
f 3198 526 1580
f 3536 2755 2756
f 1035 946 945
f 3452 2700 2699
f 1547 2928 2199
f 603 2860 1725
f 3774 1635 1634
f 2439 3049 2440
f 1536 2494 1537
f 2584 3309 3711
f 1040 1039 1182
f 2199 909 1547
f 1644 2545 4021
f 2805 1013 3634
f 2966 3171 2181
f 1166 3135 1934
f 2475 3083 2473
f 593 3682 3487
f 3064 458 2195
f 549 2432 2032
f 2950 1692 2937
f 1466 1468 3809
f 2159 580 2301
f 3561 3138 3140
f 935 3296 3998
f 2383 783 1135
f 1198 2461 3552
f 1751 3534 544
f 4022 2548 770
f 2912 1553 749
f 3480 3583 3580
f 3726 1566 1477
f 1651 3917 3585
f 3932 663 4009
f 3146 2614 896
f 829 828 3741
f 3440 3224 3911
f 785 568 2268
f 3722 669 668
f 2728 2010 560
f 1532 2126 3238
f 1879 2063 3056
f 3190 3220 3675
f 2416 3942 3068
f 3076 1032 3406
f 3635 482 2375
f 1116 3958 3775
f 3502 3449 3615
f 2193 561 2688
f 1235 1485 2339
f 3263 3261 2070
f 1857 3072 3419
f 1327 3013 3186
f 547 546 1823
f 2656 1263 2083
f 3237 1532 3238
f 3813 899 3447
f 3760 3761 2533
f 2267 2223 568
f 3906 1368 1367
f 2383 1135 1134
f 1747 2988 1748
f 3237 633 2715
f 1159 2780 3382
f 3691 3467 3694
f 712 1777 710
f 3604 3603 3743
f 3487 594 593
f 3054 2072 2071
f 3397 1176 3396
f 3395 4013 919
f 1065 2516 3711
f 3482 1655 3401
f 1701 2493 1699
f 2993 1693 2401
f 3611 4008 4015
f 1407 612 2164
f 3110 3931 1744
f 1067 1737 1068
f 528 764 1837
f 3880 2653 2154
f 3989 4023 3894
f 2949 2948 3315
f 2897 2460 3158
f 1558 3475 1745
f 1657 2728 1658
f 2288 720 719
f 4023 3989 1415
f 702 919 2980
f 1909 1574 2264
f 1160 1159 476
f 3545 3428 2261
f 2441 1296 1439
f 3884 3489 4022
f 2825 2826 1611
f 3128 3622 3127
f 2870 3948 3755
f 3492 3429 634
f 1145 3067 3299
f 3819 1975 3925
f 2918 1124 3395
f 3057 1819 1437
f 2133 1830 2132
f 1977 3043 3925
f 3955 2947 3819
f 1876 1514 3549
f 2240 764 4020
f 3523 3513 2489
f 1977 3925 1975
f 2233 3635 2384
f 3853 2236 3023
f 1983 2556 1984
f 2017 2714 815
f 3222 2795 3597
f 3947 2728 560
f 1864 1523 1795
f 764 503 4020
f 969 3423 2039
f 3222 3221 2795
f 2218 2943 3663
f 1457 1459 4024
f 3190 2347 2409
f 3527 2263 1655
f 2385 1231 3998
f 1885 3597 1886
f 2597 844 2958
f 1186 999 3124
f 3489 3763 3520
f 2684 3898 1922
f 565 3185 3249
f 1004 1441 3329
f 2534 2536 3553
f 2135 1398 2016
f 3884 4022 1713
f 1928 1927 2255
f 1327 3186 3187
f 3473 2108 2107
f 710 3962 711
f 2453 1914 1332
f 3810 1750 863
f 2956 3606 2048
f 3744 1386 3838
f 3604 3444 2137
f 3610 2659 3989
f 1995 593 592
f 760 761 3474
f 3476 3358 2991
f 1375 2647 1287
f 3891 2126 3890
f 3922 2287 3926
f 2818 1038 1040
f 2353 3033 3080
f 960 513 961
f 1864 2814 1524
f 2880 2879 1420
f 1614 1215 902
f 960 2189 1730
f 2705 1674 3411
f 1644 4025 3688
f 3476 2812 3268
f 1851 3879 1849
f 3540 3476 3267
f 2636 2635 3241
f 714 2489 3513
f 1183 743 3382
f 1697 1493 3237
f 4009 4008 3610
f 1645 1644 3688
f 679 1011 3636
f 2833 1978 2463
f 2363 1367 466
f 874 1256 1258
f 3999 1537 2495
f 2694 3855 2962
f 1445 2513 1489
f 1090 1532 2715
f 1773 1610 1609
f 1470 1764 3842
f 527 3197 3999
f 3603 2323 2326
f 2701 1566 3726
f 2667 758 459
f 2963 2808 3231
f 2964 3775 2962
f 2220 1206 1208
f 1513 3550 3549
f 2322 1413 1412
f 712 1160 1776
f 3602 1141 1846
f 2400 3695 2401
f 2154 831 3880
f 1936 3808 2506
f 3690 1110 3667
f 2014 2450 3202
f 3661 2685 2985
f 498 948 499
f 2773 3250 1398
f 3246 3276 3740
f 594 1727 3581
f 4015 1622 3611
f 2186 2574 1911
f 2146 1977 2727
f 920 3364 921
f 3565 1462 3445
f 1557 2694 3775
f 3210 3496 2696
f 604 3488 605
f 1046 1240 2033
f 1090 2715 632
f 3110 803 802
f 3122 1811 2717
f 2102 3792 3824
f 3192 3142 3071
f 3812 3643 3109
f 4025 1644 4021
f 2780 712 711
f 1061 1686 2625
f 1138 2990 2543
f 3325 2545 3851
f 1149 1914 1150
f 535 1084 1223
f 1364 1363 1123
f 1578 2269 3798
f 3951 1985 1085
f 1151 910 1149
f 3851 1642 3325
f 3458 572 1949
f 3546 3390 3391
f 2175 2163 611
f 651 650 2966
f 3875 3277 1263
f 639 1025 1027
f 3812 3109 2076
f 828 1036 3741
f 2782 2227 2229
f 2525 3381 3248
f 3430 2420 1981
f 3808 1938 3761
f 2620 3061 2936
f 885 1172 3575
f 3419 993 2297
f 855 4026 853
f 3291 3434 458
f 2256 3453 3247
f 3477 1399 3911
f 1417 4023 1415
f 2297 2484 3419
f 2254 1761 1228
f 3954 3972 570
f 3346 1404 3086
f 1534 3814 2118
f 1602 3612 3956
f 2760 674 673
f 3816 3767 828
f 1177 3397 1874
f 3227 1316 791
f 1350 1063 1455
f 3767 3816 2734
f 1752 1890 3919
f 3059 3680 2733
f 4027 968 3141
f 853 3192 1742
f 2709 2160 2710
f 1487 1720 1488
f 734 2733 1424
f 3236 1874 3234
f 3037 3378 3298
f 1922 1921 2208
f 731 733 3344
f 980 1582 1584
f 2765 1792 2704
f 3299 3694 1145
f 4022 770 3334
f 3802 3854 3396
f 4023 1417 1888
f 1324 3360 2393
f 3999 2495 2724
f 3247 2257 2256
f 4012 2772 3735
f 787 3780 3912
f 3091 3707 1921
f 2889 2477 2983
f 1887 2473 3082
f 3801 3689 3633
f 516 515 2425
f 1010 2874 3592
f 3499 2406 1293
f 2762 1503 806
f 863 862 2499
f 2930 1007 1760
f 2707 2620 1129
f 2585 3302 781
f 1504 1503 2762
f 1031 3406 1032
f 2564 3597 2565
f 3216 2757 1940
f 1257 1022 1024
f 2236 4015 3023
f 1039 1011 681
f 667 1282 942
f 4009 3610 3932
f 2984 774 796
f 2629 2630 2062
f 3051 2094 3052
f 2849 1917 2254
f 1082 1061 2625
f 3808 1936 1938
f 3498 2424 2423
f 2617 3700 519
f 2642 2272 630
f 641 640 2407
f 2424 925 1696
f 3558 3557 3802
f 3505 3399 2109
f 1750 2812 2811
f 941 2407 640
f 1122 1572 927
f 551 3026 549
f 2923 2922 2342
f 553 2188 2189
f 2785 2479 1826
f 1202 1136 2330
f 1831 2848 514
f 554 3953 1622
f 2780 2492 796
f 3696 3743 3845
f 1338 1499 2764
f 1618 1602 3956
f 962 964 2346
f 3779 2549 2412
f 1108 1613 2121
f 3191 2287 2347
f 3749 3688 4025
f 2196 2830 3317
f 707 1471 1470
f 1067 1382 1738
f 478 760 3438
f 513 960 1051
f 3279 2263 2262
f 3621 2853 3954
f 3803 1095 3916
f 3213 3207 2577
f 3713 3942 2416
f 3252 683 3871
f 2176 4028 2918
f 1167 1169 830
f 3382 2780 798
f 4028 2176 2787
f 3685 4000 3973
f 2162 2435 3814
f 4029 4030 4028
f 1435 3502 3850
f 1431 1382 2929
f 3036 2783 3067
f 2457 2456 3927
f 2758 2760 673
f 3563 1966 1965
f 985 2779 3924
f 1919 2630 1920
f 2806 2159 2301
f 1515 3915 1309
f 931 1736 2998
f 2986 2985 2685
f 671 2375 484
f 2607 2606 2671
f 2710 2160 2806
f 2343 1683 729
f 3897 2342 2341
f 1430 1383 1382
f 1911 1490 1912
f 706 2750 691
f 2634 3807 3465
f 2987 3513 3686
f 2343 2784 2341
f 3047 3720 3524
f 2810 2187 2186
f 2780 796 798
f 824 797 796
f 799 3007 800
f 1938 2182 3761
f 3408 2774 3407
f 1325 1324 2393
f 1559 879 1028
f 2336 1094 3847
f 3660 3973 2394
f 1867 1866 4030
f 3071 3141 968
f 3189 3272 2879
f 2158 2032 3265
f 1416 2637 1728
f 2187 2810 1432
f 3896 3532 1760
f 3660 2985 3686
f 3455 1993 1992
f 1127 1126 2054
f 2118 801 800
f 1433 730 1434
f 2690 2689 1575
f 2495 2258 3207
f 3187 1224 1327
f 823 796 774
f 1716 2755 3536
f 3352 1987 572
f 2944 3044 1079
f 1514 1844 3915
f 2066 2109 2110
f 3529 3874 1818
f 479 1412 480
f 969 968 4027
f 1886 2474 2473
f 3208 2696 3569
f 2970 3228 2100
f 2860 766 3400
f 1693 2993 3272
f 3795 1623 3862
f 3945 2040 3304
f 2463 3463 2833
f 1701 2984 2492
f 4030 1866 4028
f 1466 3809 2181
f 839 2683 3789
f 1563 1128 1127
f 1620 1622 4015
f 2115 2114 1603
f 3706 1467 2679
f 3790 2652 2000
f 2947 1582 1301
f 3260 1236 2338
f 2729 2671 2670
f 2181 1634 613
f 1858 3026 1859
f 3662 2863 3478
f 3324 4021 2545
f 3714 2681 3710
f 2771 2770 3864
f 462 3003 3117
f 3256 3003 2939
f 1213 3037 3298
f 4010 3023 4015
f 2747 1419 1421
f 3750 3749 4025
f 1508 2183 3559
f 2433 3174 2432
f 3697 517 3353
f 1739 816 1740
f 1172 885 1173
f 4022 3489 2413
f 1897 2097 1753
f 1760 3532 2930
f 1173 1220 1174
f 3325 3324 2545
f 2387 3422 3944
f 3256 2295 3551
f 1657 4010 2009
f 2941 2745 2744
f 1210 658 1578
f 1607 3542 3570
f 4028 2787 4029
f 1046 1045 1239
f 4031 1778 4032
f 2392 1807 3212
f 3387 3670 1867
f 3893 3894 4023
f 679 3636 2236
f 1231 1099 3768
f 980 2896 3273
f 3325 1642 1047
f 2508 3822 2901
f 3415 3532 3896
f 2257 3058 3276
f 561 2193 3291
f 2181 3171 1466
f 1337 2764 2359
f 918 1262 2175
f 1571 1825 2364
f 3309 3629 3711
f 3637 2853 3620
f 3003 3551 3117
f 665 1888 1417
f 2857 1650 2911
f 3307 4033 2787
f 523 2303 529
f 3550 1513 2458
f 527 3999 2726
f 2800 2400 2801
f 3600 4032 1778
f 2374 2383 3635
f 3103 1845 1570
f 3107 3342 786
f 651 2966 1702
f 3806 3943 3807
f 1942 660 662
f 2687 2986 2685
f 4033 4029 2787
f 1642 3143 1036
f 2850 2392 3212
f 645 1340 2550
f 3548 3415 3896
f 874 873 3708
f 768 1304 501
f 1712 2568 2570
f 3680 3848 2733
f 520 3700 2566
f 3680 1702 795
f 1143 1175 1177
f 1297 1296 3754
f 4034 4035 2553
f 2935 3537 993
f 2208 1921 2209
f 989 1622 3938
f 4035 4034 4036
f 2616 1833 3699
f 3046 1213 3590
f 3782 2899 1156
f 3951 2035 1546
f 4029 4033 4032
f 614 3321 1112
f 4035 4036 4037
f 3754 4038 4039
f 2396 4040 3948
f 806 805 2762
f 454 1879 1878
f 1696 2425 2424
f 2340 3835 3833
f 2297 3537 2298
f 2211 2892 2005
f 4028 1866 2918
f 3643 1008 1009
f 2819 2818 2822
f 2826 2843 3115
f 1482 1481 2190
f 640 1021 3640
f 3436 3731 2803
f 2496 3806 2634
f 2805 1895 1013
f 4036 2170 4037
f 2256 2494 3167
f 2869 2868 706
f 2170 4036 2171
f 1759 2205 1760
f 4041 3755 4042
f 3925 3043 2946
f 1488 2633 1486
f 4043 4040 4044
f 890 3292 891
f 4035 2551 2553
f 3675 3849 3190
f 4040 4042 3948
f 3125 1020 1733
f 3334 1713 4022
f 4017 2565 3597
f 2632 1486 2633
f 1613 2344 2121
f 4035 4037 4045
f 2553 2171 4034
f 4045 2551 4035
f 3194 3554 1182
f 3814 3811 3724
f 4039 4038 4041
f 3100 2318 3101
f 4038 3754 3756
f 3784 2919 3070
f 2354 3922 864
f 2396 2395 4040
f 4044 2551 4045
f 4042 3755 3948
f 4042 4040 4043
f 2395 2551 4040
f 3755 4041 3756
f 4046 4039 4041
f 4044 4040 2551
f 2220 2497 1206
f 1279 3784 3070
f 4041 4042 4046
f 4036 4034 2171
f 966 3122 3859
f 3756 4041 4038
f 2561 2281 3739
f 3635 2233 482
f 2938 2940 2961
f 2585 1452 1451
f 1060 3194 3853
f 1088 2920 2919
f 1625 2962 3855
f 3300 2783 2229
f 2397 1540 1539
f 3916 3839 3803
f 3709 2579 3623
f 3931 2834 1744
f 4032 4030 4029
f 3743 3444 3604
f 1471 707 465
f 3004 2319 3405
f 1060 3853 1656
f 564 912 914
f 1284 2954 1389
f 3318 2593 3240
f 1334 1336 998
f 2941 1885 2819
f 3505 2293 3399
f 2520 2226 2910
f 520 519 3700
f 543 2447 1752
f 1276 1829 2152
f 1167 1925 1168
f 2276 2612 2613
f 3623 2579 2272
f 3198 527 526
f 2126 1850 1849
f 3721 3081 2920
f 1918 1920 2617
f 686 1492 3690
f 3191 2104 2103
f 3317 2145 2196
f 2009 663 3535
f 3850 603 2501
f 2920 1088 3721
f 1867 4030 4047
f 2413 2412 2549
f 2694 1557 1838
f 2383 2374 2291
f 3609 1037 3767
f 2993 2879 3272
f 578 1413 2903
f 1645 3801 2672
f 3504 1681 1683
f 535 963 1871
f 3535 2010 2009
f 1780 1394 1395
f 1138 2543 1997
f 3254 1180 830
f 4027 3141 3423
f 2053 1126 956
f 1761 1927 1759
f 1729 1277 1276
f 805 3841 2763
f 1149 2321 1056
f 1724 1486 2632
f 1318 829 3741
f 1779 4031 3307
f 4033 3307 4031
f 1622 989 554
f 2617 519 1918
f 3462 2312 2618
f 682 684 2886
f 2674 598 3368
f 3427 3354 3742
f 1711 3087 1712
f 1923 2969 3495
f 2757 3216 1196
f 1085 1087 4003
f 1126 934 2460
f 3227 495 3676
f 4031 1779 1778
f 2990 1969 1245
f 3439 3427 3742
f 2727 1977 1976
f 3850 2012 1435
f 1999 1892 3790
f 3908 3361 3972
f 3651 3451 2668
f 993 3537 2297
f 1054 2321 2320
f 3394 1865 1123
f 4004 3617 2518
f 1384 1043 1385
f 3978 3712 3683
f 1724 1487 1486
f 2484 2297 2296
f 3772 2519 1743
f 1916 4024 1459
f 1867 4047 3600
f 4047 4030 4032
f 3786 1279 3416
f 3158 3142 4026
f 1743 2518 3618
f 3413 1528 3826
f 4004 1855 2484
f 673 3664 2758
f 2358 1073 1072
f 2518 1856 1855
f 3425 1281 3426
f 4032 3600 4047
f 3898 3874 2967
f 1924 521 520
f 720 3086 2926
f 2045 2643 2705
f 2059 1800 2959
f 891 2390 3847
f 798 1183 3382
f 581 580 2159
f 3735 2045 4012
f 1794 905 2705
f 2413 2548 4022
f 2236 3853 3591
f 2074 2367 2075
f 3688 3749 1774
f 2987 3686 2985
f 1266 1265 3818
f 4031 4032 4033
f 3013 1295 3306
f 4017 3597 1885
f 2784 2343 729
f 725 727 745
f 2837 2403 2405
f 1292 1604 1293
f 2644 3735 3340
f 1857 1856 3772
f 2341 3788 3897
f 1794 2704 1792
f 3735 2644 2643
f 4010 1657 3023
f 1874 3397 3234
f 545 663 3894
f 726 2687 3897
f 3282 1782 3007
f 3536 748 1716
f 614 1114 2690
f 545 3893 2447
f 664 1888 665
f 3324 4025 4021
f 1888 3893 4023
f 2590 525 2588
f 3197 1538 1537
f 2766 2644 3584
f 2564 3385 3221
f 3639 3454 3857
f 3137 2565 4017
f 3312 2952 3856
f 4048 599 3652
f 1612 498 497
f 2752 3337 3129
f 2778 2777 3301
f 3740 3163 3246
f 1345 3352 572
f 1182 1039 681
f 1451 2348 2585
f 3650 1241 1142
f 1931 2662 2386
f 2117 574 576
f 3026 1858 618
f 3251 911 704
f 2966 1608 1702
f 2377 1937 2376
f 2143 1529 3413
f 2668 1538 3197
f 3609 3767 2734
f 635 3733 636
f 795 4007 3680
f 2669 2668 3197
f 966 2372 3084
f 492 458 457
f 3786 1089 3784
f 1616 2311 3828
f 1849 3238 2126
f 1052 3134 3517
f 1230 2503 1668
f 1855 4004 2518
f 3437 778 2523
f 1593 3609 1249
f 2793 2854 2794
f 2209 1921 511
f 1463 1374 1464
f 2549 2548 2413
f 1006 916 1688
f 2752 3154 2769
f 2662 1930 2712
f 2111 2901 3822
f 1517 2226 2172
f 1569 2680 2880
f 1696 516 2425
f 4025 3324 1046
f 3302 1944 781
f 1778 1395 3600
f 1870 1826 1875
f 3672 3844 3988
f 3850 3615 601
f 3709 3563 1080
f 2580 1591 700
f 3669 2387 3782
f 3457 3117 3551
f 3281 3631 2444
f 3074 2273 2272
f 3915 1515 1514
f 1989 2194 2688
f 3228 508 2101
f 1583 3955 2946
f 796 2492 2984
f 1820 1226 3919
f 592 594 3582
f 3944 1100 2387
f 2718 2717 2823
f 3640 3639 941
f 2488 3138 2486
f 911 3251 909
f 703 2472 3251
f 1646 1648 2463
f 3617 799 888
f 2034 1547 1546
f 4013 3289 2981
f 3793 3289 4013
f 2131 2365 1055
f 524 523 528
f 1867 3600 3387
f 2934 2933 3387
f 2781 1191 1678
f 3343 3529 1818
f 4026 3142 853
f 1931 1930 2662
f 3639 3347 941
f 640 3640 941
f 3562 1398 1400
f 2676 3662 2896
f 900 1217 2286
f 4026 3159 3158
f 615 614 1574
f 1983 1974 1973
f 708 1470 3842
f 2645 2705 2643
f 1059 1058 3384
f 1907 3053 1908
f 3379 3616 3384
f 888 3618 3617
f 2564 1840 3385
f 2020 2126 1532
f 2819 2822 2941
f 725 1543 1016
f 3618 888 1387
f 2348 497 499
f 3086 2161 3346
f 1028 878 1029
f 2936 3061 2937
f 3478 1511 3479
f 3226 1182 2818
f 1103 2000 2652
f 2367 2366 3624
f 1355 1356 1197
f 3130 759 2168
f 2440 1323 1647
f 2155 831 2154
f 3936 882 3599
f 2432 3265 2032
f 894 2028 717
f 1231 933 935
f 1755 982 1753
f 942 1282 1155
f 2842 3909 2840
f 1799 2490 784
f 2523 2646 2524
f 809 811 3917
f 530 764 528
f 756 3040 2246
f 532 1185 533
f 620 459 758
f 1129 2620 1130
f 1286 1288 2916
f 3553 2466 2534
f 2652 1175 1103
f 3737 1890 1889
f 1140 605 3488
f 496 495 791
f 1352 3012 2316
f 2898 688 690
f 3908 1058 806
f 2028 894 2029
f 2524 2431 2525
f 2936 1130 2620
f 1267 1561 1268
f 3131 1500 3078
f 1335 1334 921
f 1013 1895 1014
f 3230 2800 1283
f 3827 535 1871
f 1812 2409 535
f 3277 3417 3425
f 2598 956 955
f 2921 3076 2919
f 2182 1938 2398
f 757 621 758
f 1465 3070 3341
f 3414 3726 3271
f 3274 3145 1330
f 3117 2530 462
f 3302 2585 1627
f 3695 3230 1976
f 1280 3070 2917
f 2299 2225 717
f 992 991 3681
f 1418 2361 1517
f 2847 1300 2571
f 956 1126 954
f 1256 3708 2019
f 2363 2903 1147
f 4027 3423 969
f 3552 2251 1195
f 3563 2642 1966
f 880 879 1559
f 740 3608 1427
f 3799 2090 2089
f 3151 456 3065
f 1807 2724 3213
f 636 3733 3698
f 3861 769 2616
f 1978 1770 2464
f 2941 4017 1885
f 2986 714 2987
f 2119 784 1755
f 2781 2090 3799
f 1079 3709 1080
f 2149 3120 3119
f 1560 1562 1594
f 691 842 1821
f 3788 727 3897
f 1508 3559 1317
f 2221 3024 2583
f 2089 2865 3638
f 2784 744 3788
f 1645 2672 1643
f 2240 762 764
f 1578 1948 1210
f 2002 3420 3543
f 3246 3165 2257
f 1432 2810 1433
f 850 852 1730
f 2875 2475 3885
f 1863 730 1433
f 2561 2814 1797
f 3400 752 2860
f 2142 1606 3203
f 3400 1716 752
f 2121 2344 1312
f 1460 2751 675
f 2992 1524 2814
f 3940 2498 3170
f 577 2725 2588
f 3405 3835 3404
f 3177 3579 1264
f 3339 3079 1565
f 2860 1575 2689
f 3255 2107 1425
f 1470 2979 1765
f 465 1170 1171
f 2659 3611 1622
f 2064 3180 3286
f 783 1755 784
f 3972 3954 2852
f 3406 1031 2465
f 2569 2568 3087
f 1308 1307 1421
f 3154 2752 2761
f 1489 2513 1396
f 709 616 1858
f 3254 832 3073
f 4025 1046 3750
f 721 1566 1565
f 1192 836 3492
f 517 3707 2248
f 3276 3246 2257
f 2445 2555 1982
f 2998 1208 1207
f 1641 1397 1047
f 3476 2362 1093
f 656 2601 654
f 3747 3785 1247
f 3470 2572 3657
f 2376 2267 2270
f 1257 3714 1022
f 1190 1380 2891
f 1037 1592 1036
f 1633 1635 613
f 3291 458 492
f 2637 2636 2621
f 2305 2291 822
f 3613 3331 3752
f 2227 2782 1721
f 4007 794 3848
f 625 1899 1898
f 2733 3848 1249
f 3005 3112 1495
f 2456 1853 3907
f 3178 3177 1266
f 1280 1279 3070
f 613 1635 614
f 1515 1309 1310
f 3629 1675 1677
f 795 1702 808
f 2019 3714 1257
f 3805 2040 3945
f 3134 3279 2262
f 2123 2125 848
f 483 587 2259
f 3295 2798 2099
f 1177 1874 1792
f 1436 716 718
f 4048 600 599
f 3369 846 2371
f 3685 2708 4000
f 3252 3871 3283
f 3748 2152 1829
f 2893 2989 3860
f 3611 3610 4008
f 1458 2845 2844
f 3392 2131 1766
f 3221 3432 3223
f 3432 3384 3616
f 2566 1924 520
f 663 2009 4009
f 1117 2366 2076
f 2369 2603 1298
f 3464 1569 2880
f 880 2984 1701
f 2917 1464 1286
f 631 2896 632
f 2749 1104 3467
f 2731 3414 3271
f 865 516 1696
f 1651 2328 1652
f 1406 2537 1970
f 1622 3953 2659
f 1583 2947 3955
f 2517 1065 1064
f 1852 2455 3589
f 3021 2872 2316
f 2021 3988 3844
f 1393 1423 2980
f 2259 587 708
f 1046 3324 1047
f 2155 649 3073
f 2981 919 4013
f 2178 3917 3450
f 661 1259 1152
f 1835 3699 1833
f 3416 1640 3786
f 3749 2033 1774
f 2529 701 3915
f 2308 1035 1034
f 2592 2617 1973
f 1423 702 2980
f 3015 3952 2190
f 1535 2161 1533
f 567 553 3241
f 3724 3811 3373
f 3534 663 544
f 4015 2236 4011
f 1807 1809 2724
f 2336 2124 2123
f 3571 3490 687
f 3108 1707 1709
f 1414 1763 1991
f 456 3151 1698
f 1937 2377 1938
f 2590 2589 1989
f 749 1222 747
f 1527 2355 3866
f 2359 1218 1337
f 1984 2438 2464
f 1961 1943 2471
f 2226 1517 2360
f 2251 1437 1195
f 1436 2651 716
f 2681 1769 2950
f 1682 3481 3075
f 1656 3853 3023
f 3853 3194 1181
f 2457 1200 2760
f 2137 3860 2989
f 673 1490 3664
f 1164 1027 1026
f 694 748 1518
f 589 3734 2355
f 1330 1329 3274
f 866 868 3336
f 2844 596 1458
f 3647 3293 893
f 2419 2204 3573
f 2136 1903 2006
f 3040 756 2735
f 3537 2935 2934
f 1865 3670 3034
f 2545 1644 2307
f 800 1782 2118
f 1162 3802 1163
f 3716 3740 3275
f 1640 1639 3786
f 3897 727 726
f 1347 3050 1348
f 742 1768 1767
f 730 1863 728
f 955 954 3924
f 727 3788 744
f 1863 1433 2810
f 3347 3639 3348
f 3849 2324 2104
f 3137 4017 2744
f 2227 3900 3041
f 2813 2992 2814
f 4026 855 3159
f 546 1127 2054
f 1703 649 651
f 2690 1574 614
f 3219 2284 2250
f 1493 633 3237
f 1041 953 522
f 3112 2292 2177
f 613 2180 2181
f 2679 2654 3943
f 534 2299 1084
f 3232 987 986
f 4004 2485 3006
f 3784 1279 3786
f 3739 2811 2561
f 2033 1632 1237
f 3022 1603 3375
f 3886 1752 1226
f 3207 2724 2495
f 2166 2719 2065
f 2053 1232 1823
f 957 2052 2613
f 456 1698 457
f 876 875 2533
f 3938 1621 3910
f 2651 2650 3725
f 2623 3398 2600
f 1962 1942 662
f 721 2926 1971
f 2705 2645 2704
f 3962 2492 711
f 1046 2033 3750
f 2565 3137 1840
f 1344 3352 1345
f 2866 3287 3777
f 569 2283 3620
f 3096 746 2560
f 2527 3523 2526
f 1592 1397 1641
f 553 552 2188
f 1230 1668 1667
f 1544 1543 2237
f 1608 808 1702
f 1158 3584 699
f 3526 3837 1322
f 1467 1466 3171
f 1593 1037 3609
f 3495 2969 2968
f 2615 2900 2614
f 3150 1474 2702
f 795 794 4007
f 1878 455 454
f 2528 2526 3523
f 3503 2269 3678
f 3466 2735 2894
f 1386 667 669
f 2578 3716 2859
f 562 561 1102
f 3269 3104 2349
f 2538 1070 2302
f 4052 4053 4054
f 4051 4055 4056
f 4055 4059 4058
f 4054 4049 4052
f 4059 4057 4058
f 4057 4053 4052
f 4058 4056 4055
f 4057 4059 4053
f 4055 4051 4050
f 4060 4054 4061
f 4062 4060 4061
f 4049 4054 4060
f 4054 4053 4061
f 4063 4064 4065
f 4066 4067 4068
f 4069 4070 4071
f 4072 4073 4074
f 4075 4076 4077
f 4078 4079 4080
f 4073 4081 4074
f 4082 4081 4083
f 4083 4084 4085
f 4086 4087 4075
f 4088 4089 4090
f 4091 4092 4093
f 4073 4094 4081
f 4095 4087 4086
f 4091 4086 4092
f 4078 4096 4079
f 4097 4098 4099
f 4100 4101 4102
f 4103 4104 4078
f 4105 4106 4107
f 4108 4109 4110
f 4084 4083 4066
f 4111 4112 4113
f 4104 4085 4084
f 4114 4115 4116
f 4096 4078 4104
f 4109 4098 4110
f 4104 4084 4117
f 4118 4119 4108
f 4120 4078 4080
f 4116 4121 4122
f 4123 4095 4124
f 4125 4126 4127
f 4128 4123 4129
f 4130 4120 4080
f 4089 4087 4128
f 4131 4126 4132
f 4070 4133 4086
f 4134 4077 4076
f 4092 4086 4063
f 4135 4125 4136
f 4137 4093 4138
f 4139 4096 4104
f 4140 4141 4142
f 4136 4143 4135
f 4089 4088 4076
f 4101 4144 4134
f 4067 4145 4146
f 4147 4094 4114
f 4088 4134 4076
f 4148 4109 4119
f 4138 4127 4137
f 4114 4149 4150
f 4066 4117 4084
f 4093 4151 4091
f 4152 4153 4154
f 4155 4156 4133
f 4157 4111 4158
f 4097 4110 4098
f 4075 4087 4076
f 4159 4123 4124
f 4160 4161 4162
f 4077 4134 4144
f 4125 4138 4136
f 4120 4130 4109
f 4163 4164 4153
f 4094 4165 4066
f 4125 4135 4139
f 4166 4167 4168
f 4087 4089 4076
f 4085 4160 4162
f 4068 4117 4066
f 4126 4151 4127
f 4087 4095 4123
f 4089 4128 4169
f 4091 4170 4086
f 4171 4139 4117
f 4130 4099 4098
f 4166 4168 4082
f 4109 4130 4098
f 4147 4150 4165
f 4133 4124 4086
f 4141 4172 4142
f 4133 4173 4124
f 4113 4112 4174
f 4142 4172 4161
f 4083 4081 4094
f 4102 4175 4100
f 4149 4116 4176
f 4063 4093 4092
f 4116 4122 4176
f 4101 4134 4102
f 4139 4104 4117
f 4170 4071 4070
f 4177 4159 4173
f 4143 4136 4138
f 4158 4097 4157
f 4083 4162 4082
f 4159 4178 4123
f 4085 4104 4103
f 4152 4179 4180
f 4125 4127 4138
f 4128 4129 4179
f 4124 4173 4159
f 4161 4172 4167
f 4129 4123 4181
f 4169 4090 4089
f 4094 4066 4083
f 4063 4086 4075
f 4117 4068 4171
f 4142 4161 4148
f 4179 4182 4128
f 4179 4152 4182
f 4116 4115 4121
f 4126 4131 4069
f 4063 4075 4077
f 4183 4125 4139
f 4108 4184 4118
f 4179 4181 4180
f 4126 4125 4132
f 4114 4150 4147
f 4086 4124 4095
f 4165 4094 4147
f 4065 4093 4063
f 4080 4099 4130
f 4065 4138 4093
f 4178 4181 4123
f 4128 4182 4169
f 4126 4069 4071
f 4181 4179 4129
f 4087 4123 4128
f 4142 4148 4119
f 4150 4067 4165
f 4108 4110 4184
f 4173 4185 4177
f 4155 4070 4069
f 4064 4063 4077
f 4090 4186 4187
f 4186 4090 4188
f 4151 4071 4170
f 4167 4172 4168
f 4156 4155 4189
f 4127 4093 4137
f 4190 4159 4177
f 4191 4182 4154
f 4183 4139 4171
f 4116 4149 4114
f 4182 4152 4154
f 4132 4125 4183
f 4188 4192 4186
f 4146 4183 4171
f 4193 4072 4074
f 4067 4146 4068
f 4119 4140 4142
f 4194 4192 4188
f 4169 4195 4090
f 4153 4191 4154
f 4195 4196 4188
f 4191 4196 4182
f 4134 4090 4102
f 4126 4071 4151
f 4193 4168 4172
f 4156 4189 4185
f 4102 4187 4175
f 4069 4189 4155
f 4183 4146 4132
f 4170 4070 4086
f 4083 4085 4162
f 4134 4088 4090
f 4197 4164 4198
f 4173 4133 4156
f 4199 4200 4201
f 4066 4165 4067
f 4199 4196 4200
f 4202 4203 4204
f 4133 4070 4155
f 4205 4194 4202
f 4148 4161 4160
f 4191 4153 4196
f 4090 4195 4188
f 4162 4161 4167
f 4188 4196 4203
f 4196 4153 4200
f 4148 4160 4206
f 4106 4069 4131
f 4160 4103 4206
f 4196 4195 4182
f 4201 4153 4164
f 4132 4107 4131
f 4108 4119 4109
f 4206 4103 4120
f 4160 4085 4103
f 4153 4201 4200
f 4141 4193 4172
f 4185 4173 4156
f 4203 4196 4199
f 4203 4202 4194
f 4074 4082 4168
f 4159 4190 4178
f 4091 4151 4170
f 4182 4195 4169
f 4194 4188 4203
f 4120 4109 4206
f 4082 4162 4166
f 4187 4102 4090
f 4199 4204 4203
f 4207 4201 4164
f 4110 4097 4158
f 4207 4164 4197
f 4205 4192 4194
f 4069 4106 4189
f 4146 4107 4132
f 4162 4167 4166
f 4208 4145 4067
f 4103 4078 4120
f 4148 4206 4109
f 4193 4074 4168
f 4189 4177 4185
f 4198 4164 4163
f 4189 4106 4105
f 4151 4093 4127
f 4106 4131 4107
f 4081 4082 4074
f 4171 4068 4146
f 4209 4177 4189
f 4158 4111 4113
f 4107 4145 4208
f 4189 4105 4209
f 4107 4146 4145
f 4210 4211 4212
f 4213 4212 4214
f 4215 4216 4214
f 4215 4217 4218
f 4218 4219 4220
f 4221 4220 4219
f 4219 4218 4217
f 4214 4222 4215
f 4223 4224 4215
f 4222 4223 4215
f 4219 4217 4225
f 4226 4217 4224
f 4223 4222 4227
f 4228 4229 4230
f 4231 4232 4233
f 4214 4216 4213
f 4218 4234 4215
f 4220 4234 4218
f 4221 4235 4220
f 4225 4236 4219
f 4225 4217 4237
f 4217 4226 4237
f 4238 4226 4224
f 4227 4222 4214
f 4238 4224 4223
f 4239 4214 4212
f 4240 4241 4242
f 4243 4236 4244
f 4245 4246 4247
f 4248 4237 4226
f 4226 4238 4232
f 4214 4239 4227
f 4223 4233 4238
f 4233 4223 4249
f 4237 4236 4225
f 4237 4248 4250
f 4226 4232 4248
f 4233 4232 4238
f 4249 4231 4233
f 4244 4251 4252
f 4250 4251 4237
f 4248 4253 4250
f 4248 4232 4254
f 4231 4249 4255
f 4256 4210 4257
f 4258 4213 4259
f 4213 4216 4260
f 4216 4215 4234
f 4241 4240 4244
f 4261 4234 4220
f 4241 4244 4252
f 4252 4251 4262
f 4251 4250 4253
f 4253 4248 4254
f 4261 4220 4235
f 4257 4258 4263
f 4260 4259 4213
f 4254 4232 4264
f 4265 4231 4255
f 4258 4257 4210
f 4241 4229 4228
f 4260 4216 4234
f 4257 4263 4266
f 4234 4261 4267
f 4259 4260 4268
f 4269 4263 4258
f 4234 4270 4260
f 4270 4234 4267
f 4269 4268 4271
f 4272 4268 4260
f 4227 4273 4223
f 4274 4266 4263
f 4271 4263 4269
f 4275 4276 4261
f 4272 4260 4270
f 4267 4277 4270
f 4267 4261 4278
f 4263 4271 4279
f 4276 4278 4261
f 4277 4272 4270
f 4277 4267 4278
f 4280 4271 4281
f 4241 4252 4282
f 4262 4282 4252
f 4271 4280 4279
f 4283 4281 4272
f 4251 4253 4262
f 4254 4264 4282
f 4231 4265 4264
f 4279 4284 4274
f 4247 4285 4245
f 4275 4286 4276
f 4255 4287 4265
f 4283 4272 4277
f 4288 4277 4278
f 4289 4286 4275
f 4288 4278 4286
f 4277 4288 4283
f 4290 4291 4283
f 4241 4228 4242
f 4264 4292 4282
f 4292 4264 4265
f 4281 4283 4291
f 4284 4279 4293
f 4280 4294 4293
f 4286 4290 4288
f 4241 4282 4295
f 4295 4282 4292
f 4265 4296 4292
f 4210 4213 4258
f 4296 4265 4287
f 4294 4280 4291
f 4273 4249 4223
f 4212 4213 4210
f 4284 4293 4297
f 4290 4289 4298
f 4247 4246 4296
f 4295 4292 4296
f 4299 4296 4287
f 4300 4301 4302
f 4301 4228 4230
f 4242 4301 4300
f 4232 4231 4264
f 4303 4229 4295
f 4303 4295 4296
f 4246 4229 4303
f 4296 4246 4303
f 4259 4269 4258
f 4304 4230 4229
f 4254 4282 4253
f 4302 4301 4305
f 4266 4256 4257
f 4300 4240 4242
f 4251 4244 4236
f 4286 4278 4276
f 4229 4306 4304
f 4306 4229 4246
f 4253 4282 4262
f 4269 4259 4268
f 4251 4236 4237
f 4228 4301 4242
f 4299 4247 4296
f 4245 4306 4246
f 4293 4279 4280
f 4289 4290 4286
f 4281 4268 4272
f 4294 4297 4293
f 4211 4210 4256
f 4279 4274 4263
f 4304 4301 4230
f 4280 4281 4291
f 4255 4249 4273
f 4224 4217 4215
f 4271 4268 4281
f 4288 4290 4283
f 4295 4229 4241
f 4307 4308 4309
f 4310 4311 4312
f 4313 4314 4315
f 4316 4317 4318
f 4319 4311 4320
f 4321 4322 4323
f 4324 4325 4326
f 4312 4311 4319
f 4327 4328 4329
f 4330 4309 4331
f 4332 4333 4334
f 4335 4336 4337
f 4307 4312 4308
f 4338 4339 4317
f 4312 4340 4310
f 4341 4342 4327
f 4340 4343 4310
f 4344 4345 4346
f 4347 4348 4349
f 4308 4312 4319
f 4350 4351 4352
f 4329 4353 4341
f 4343 4347 4354
f 4328 4315 4331
f 4355 4356 4357
f 4320 4311 4358
f 4358 4311 4359
f 4360 4361 4362
f 4358 4353 4320
f 4363 4364 4365
f 4308 4366 4353
f 4367 4368 4322
f 4331 4315 4330
f 4369 4370 4371
f 4372 4373 4374
f 4353 4366 4320
f 4375 4376 4377
f 4378 4379 4380
f 4381 4382 4383
f 4384 4385 4386
f 4387 4388 4389
f 4390 4391 4375
f 4392 4379 4393
f 4380 4394 4378
f 4395 4396 4391
f 4391 4397 4375
f 4398 4399 4400
f 4399 4398 4401
f 4402 4403 4404
f 4405 4377 4376
f 4377 4406 4375
f 4407 4392 4393
f 4395 4365 4408
f 4378 4409 4379
f 4396 4410 4411
f 4396 4412 4413
f 4402 4408 4365
f 4414 4334 4333
f 4408 4415 4395
f 4411 4397 4391
f 4387 4416 4388
f 4417 4418 4414
f 4419 4420 4421
f 4422 4423 4424
f 4425 4426 4400
f 4427 4412 4416
f 4385 4428 4429
f 4422 4430 4431
f 4432 4433 4434
f 4435 4389 4436
f 4437 4438 4427
f 4439 4440 4441
f 4408 4402 4415
f 4442 4443 4325
f 4377 4405 4406
f 4365 4395 4406
f 4444 4425 4400
f 4382 4445 4383
f 4394 4446 4378
f 4396 4388 4412
f 4447 4448 4449
f 4450 4451 4452
f 4429 4453 4451
f 4396 4413 4410
f 4438 4454 4427
f 4455 4456 4457
f 4458 4375 4397
f 4459 4460 4441
f 4437 4461 4462
f 4388 4416 4412
f 4463 4395 4415
f 4464 4433 4465
f 4457 4456 4466
f 4467 4385 4384
f 4421 4468 4425
f 4469 4470 4461
f 4386 4451 4471
f 4432 4472 4473
f 4456 4455 4474
f 4383 4445 4475
f 4422 4431 4476
f 4399 4364 4477
f 4478 4479 4480
f 4477 4481 4399
f 4459 4441 4440
f 4482 4433 4468
f 4433 4482 4465
f 4313 4315 4483
f 4402 4365 4364
f 4414 4467 4417
f 4484 4485 4486
f 4487 4339 4488
f 4464 4489 4434
f 4426 4398 4400
f 4433 4432 4473
f 4328 4353 4329
f 4409 4404 4403
f 4390 4395 4391
f 4490 4491 4444
f 4436 4492 4404
f 4425 4444 4421
f 4489 4472 4434
f 4493 4494 4495
f 4421 4420 4468
f 4496 4497 4498
f 4452 4459 4450
f 4449 4448 4458
f 4477 4364 4363
f 4412 4427 4454
f 4499 4500 4501
f 4502 4503 4504
f 4505 4506 4507
f 4508 4509 4510
f 4370 4511 4371
f 4512 4513 4514
f 4515 4501 4516
f 4500 4517 4516
f 4507 4500 4371
f 4518 4519 4520
f 4323 4322 4368
f 4521 4522 4369
f 4523 4316 4524
f 4525 4507 4371
f 4526 4527 4528
f 4372 4529 4530
f 4531 4532 4533
f 4510 4519 4518
f 4534 4535 4530
f 4536 4537 4538
f 4539 4474 4373
f 4540 4536 4538
f 4486 4541 4542
f 4503 4529 4504
f 4355 4322 4513
f 4543 4544 4502
f 4545 4518 4349
f 4543 4314 4313
f 4516 4527 4515
f 4546 4547 4548
f 4500 4507 4517
f 4317 4339 4318
f 4525 4371 4511
f 4549 4550 4542
f 4374 4551 4485
f 4485 4529 4374
f 4552 4424 4553
f 4318 4550 4316
f 4528 4337 4336
f 4554 4555 4472
f 4346 4345 4522
f 4556 4557 4558
f 4326 4559 4560
f 4492 4436 4389
f 4510 4549 4508
f 4561 4562 4563
f 4385 4429 4386
f 4421 4553 4564
f 4332 4334 4461
f 4565 4562 4566
f 4404 4409 4436
f 4567 4568 4569
f 4570 4571 4572
f 4573 4475 4574
f 4334 4414 4462
f 4575 4572 4576
f 4446 4381 4378
f 4577 4578 4579
f 4453 4429 4428
f 4458 4397 4449
f 4398 4393 4403
f 4413 4412 4454
f 4381 4436 4409
f 4580 4453 4333
f 4421 4564 4419
f 4558 4557 4581
f 4582 4583 4481
f 4573 4469 4461
f 4584 4585 4586
f 4433 4464 4434
f 4587 4588 4338
f 4333 4453 4428
f 4405 4477 4363
f 4440 4450 4459
f 4413 4589 4410
f 4332 4470 4580
f 4430 4491 4590
f 4406 4390 4375
f 4379 4392 4380
f 4475 4435 4383
f 4468 4420 4482
f 4478 4490 4583
f 4478 4480 4490
f 4411 4391 4396
f 4591 4592 4593
f 4453 4452 4451
f 4373 4455 4457
f 4430 4424 4552
f 4423 4422 4476
f 4594 4595 4504
f 4596 4597 4598
f 4444 4400 4399
f 4388 4492 4389
f 4599 4600 4601
f 4572 4575 4602
f 4413 4603 4589
f 4576 4604 4575
f 4605 4606 4566
f 4520 4585 4518
f 4504 4595 4607
f 4584 4522 4354
f 4491 4430 4552
f 4579 4608 4557
f 4609 4493 4356
f 4480 4590 4491
f 4610 4611 4612
f 4539 4613 4614
f 4615 4526 4569
f 4564 4424 4423
f 4348 4616 4617
f 4521 4369 4499
f 4373 4372 4618
f 4516 4517 4527
f 4619 4620 4621
f 4525 4505 4507
f 4541 4486 4546
f 4565 4622 4562
f 4623 4624 4625
f 4553 4421 4444
f 4582 4376 4583
f 4484 4442 4485
f 4452 4460 4459
f 4481 4583 4490
f 4626 4604 4627
f 4374 4546 4551
f 4501 4628 4499
f 4557 4556 4626
f 4629 4630 4534
f 4491 4552 4444
f 4582 4481 4405
f 4534 4613 4535
f 4372 4530 4618
f 4477 4405 4481
f 4631 4632 4612
f 4499 4628 4521
f 4619 4572 4620
f 4374 4373 4633
f 4463 4396 4395
f 4517 4634 4527
f 4349 4518 4585
f 4632 4563 4482
f 4568 4350 4615
f 4370 4586 4520
f 4611 4635 4631
f 4314 4559 4330
f 4485 4442 4594
f 4337 4528 4636
f 4637 4638 4639
f 4640 4641 4342
f 4344 4359 4311
f 4642 4638 4643
f 4315 4314 4330
f 4509 4519 4510
f 4570 4572 4602
f 4517 4507 4506
f 4633 4546 4374
f 4644 4457 4466
f 4508 4549 4542
f 4561 4605 4645
f 4364 4401 4398
f 4543 4483 4357
f 4630 4613 4534
f 4406 4395 4390
f 4594 4325 4595
f 4327 4323 4368
f 4397 4410 4589
f 4560 4324 4326
f 4646 4350 4647
f 4648 4526 4350
f 4429 4451 4386
f 4649 4558 4597
f 4646 4648 4350
f 4650 4564 4423
f 4603 4454 4651
f 4373 4618 4539
f 4625 4652 4538
f 4603 4653 4589
f 4572 4619 4654
f 4655 4653 4603
f 4656 4454 4438
f 4657 4658 4454
f 4656 4418 4657
f 4655 4659 4660
f 4652 4625 4624
f 4515 4660 4501
f 4657 4661 4658
f 4662 4661 4657
f 4651 4661 4659
f 4418 4417 4657
f 4663 4659 4661
f 4628 4659 4663
f 4662 4657 4417
f 4628 4664 4346
f 4665 4570 4602
f 4661 4666 4663
f 4628 4663 4664
f 4666 4664 4663
f 4467 4667 4417
f 4668 4662 4417
f 4669 4670 4419
f 4344 4346 4664
f 4671 4666 4662
f 4664 4666 4671
f 4671 4344 4664
f 4502 4544 4503
f 4668 4671 4662
f 4672 4384 4673
f 4359 4668 4674
f 4675 4604 4676
f 4471 4673 4384
f 4677 4672 4673
f 4633 4373 4457
f 4668 4417 4674
f 4656 4657 4454
f 4661 4662 4666
f 4644 4466 4678
f 4679 4596 4680
f 4681 4682 4683
f 4684 4471 4440
f 4585 4520 4586
f 4641 4640 4685
f 4681 4686 4687
f 4685 4640 4687
f 4359 4682 4358
f 4684 4440 4439
f 4660 4515 4688
f 4404 4415 4402
f 4686 4689 4687
f 4683 4686 4681
f 4684 4439 4690
f 4665 4571 4570
f 4357 4544 4543
f 4691 4687 4689
f 4692 4693 4694
f 4695 4637 4679
f 4693 4696 4694
f 4596 4598 4592
f 4398 4407 4393
f 4579 4697 4577
f 4359 4344 4671
f 4359 4671 4668
f 4634 4636 4528
f 4573 4437 4435
f 4463 4492 4388
f 4656 4462 4414
f 4684 4689 4686
f 4549 4616 4550
f 4552 4553 4444
f 4512 4356 4513
f 4698 4443 4361
f 4672 4417 4384
f 4423 4599 4699
f 4532 4531 4362
f 4700 4606 4605
f 4403 4364 4398
f 4441 4460 4439
f 4471 4384 4386
f 4544 4701 4503
f 4588 4340 4312
f 4697 4619 4621
f 4689 4702 4691
f 4689 4690 4497
f 4617 4549 4510
f 4487 4484 4486
f 4538 4703 4695
f 4357 4356 4493
f 4396 4463 4388
f 4327 4368 4328
f 4704 4705 4577
f 4504 4529 4594
f 4617 4510 4545
f 4527 4634 4528
f 4440 4471 4450
f 4471 4677 4673
f 4653 4655 4688
f 4336 4567 4569
f 4443 4362 4361
f 4645 4566 4562
f 4336 4526 4528
f 4670 4650 4601
f 4665 4480 4479
f 4635 4625 4561
f 4592 4598 4593
f 4706 4693 4692
f 4696 4693 4566
f 4372 4374 4529
f 4545 4510 4518
f 4611 4624 4623
f 4692 4554 4706
f 4698 4325 4443
f 4435 4436 4383
f 4539 4618 4535
f 4640 4342 4681
f 4545 4348 4617
f 4703 4624 4643
f 4349 4585 4347
f 4532 4488 4339
f 4467 4384 4667
f 4355 4367 4322
f 4683 4677 4471
f 4586 4370 4584
f 4683 4684 4686
f 4563 4562 4707
f 4708 4613 4709
f 4500 4499 4369
f 4621 4704 4697
f 4710 4711 4323
f 4551 4486 4485
f 4701 4712 4534
f 4634 4517 4506
f 4524 4340 4523
f 4472 4489 4706
f 4341 4358 4682
f 4607 4502 4504
f 4713 4714 4554
f 4713 4715 4714
f 4716 4685 4691
f 4714 4555 4554
f 4554 4692 4713
f 4715 4713 4694
f 4324 4595 4325
f 4547 4644 4548
f 4531 4533 4307
f 4692 4694 4713
f 4442 4484 4487
f 4684 4690 4689
f 4554 4472 4706
f 4497 4702 4689
f 4592 4680 4596
f 4706 4489 4622
f 4565 4693 4706
f 4548 4644 4678
f 4606 4696 4566
f 4550 4318 4486
f 4489 4464 4622
f 4622 4565 4706
f 4486 4318 4487
f 4566 4693 4565
f 4369 4522 4370
f 4717 4622 4464
f 4566 4645 4605
f 4717 4464 4465
f 4476 4604 4626
f 4622 4717 4707
f 4707 4562 4622
f 4700 4605 4625
f 4717 4465 4482
f 4650 4670 4669
f 4707 4717 4563
f 4562 4561 4645
f 4700 4625 4537
f 4625 4605 4561
f 4717 4482 4563
f 4346 4521 4628
f 4625 4538 4537
f 4454 4658 4651
f 4635 4561 4563
f 4697 4676 4619
f 4685 4716 4641
f 4632 4482 4718
f 4563 4632 4631
f 4631 4635 4563
f 4482 4420 4718
f 4419 4632 4718
f 4624 4703 4652
f 4538 4652 4703
f 4623 4625 4635
f 4718 4420 4419
f 4419 4612 4632
f 4611 4631 4612
f 4538 4695 4540
f 4635 4611 4623
f 4543 4502 4607
f 4474 4455 4373
f 4431 4575 4604
f 4612 4419 4670
f 4644 4547 4457
f 4624 4611 4643
f 4638 4703 4643
f 4638 4695 4703
f 4679 4540 4695
f 4611 4610 4643
f 4638 4637 4695
f 4447 4589 4653
f 4719 4610 4612
f 4610 4642 4643
f 4638 4642 4639
f 4679 4637 4596
f 4669 4419 4564
f 4384 4417 4667
f 4492 4415 4404
f 4670 4601 4612
f 4601 4719 4612
f 4719 4642 4610
f 4639 4642 4720
f 4597 4637 4639
f 4637 4597 4596
f 4616 4348 4721
f 4719 4601 4600
f 4642 4719 4720
f 4582 4405 4376
f 4719 4600 4720
f 4649 4597 4639
f 4564 4650 4669
f 4601 4650 4599
f 4535 4618 4530
f 4639 4720 4649
f 4598 4597 4558
f 4506 4636 4634
f 4543 4607 4722
f 4600 4649 4720
f 4558 4649 4556
f 4723 4680 4592
f 4598 4558 4581
f 4423 4699 4650
f 4599 4650 4699
f 4626 4600 4599
f 4348 4545 4349
f 4649 4600 4556
f 4600 4626 4556
f 4576 4676 4604
f 4592 4591 4723
f 4593 4598 4608
f 4608 4598 4581
f 4476 4626 4599
f 4578 4593 4608
f 4591 4593 4578
f 4608 4581 4557
f 4656 4414 4418
f 4476 4599 4423
f 4336 4569 4526
f 4534 4712 4629
f 4608 4579 4578
f 4578 4705 4591
f 4354 4347 4585
f 4557 4626 4627
f 4578 4577 4705
f 4431 4604 4476
f 4627 4579 4557
f 4584 4354 4585
f 4604 4675 4627
f 4675 4579 4627
f 4697 4579 4675
f 4590 4575 4431
f 4424 4430 4422
f 4704 4577 4697
f 4352 4724 4725
f 4675 4676 4697
f 4575 4590 4602
f 4307 4360 4531
f 4576 4654 4676
f 4654 4619 4676
f 4617 4616 4549
f 4654 4576 4572
f 4357 4483 4355
f 4726 4361 4360
f 4651 4659 4655
f 4602 4590 4665
f 4682 4359 4674
f 4442 4325 4594
f 4571 4620 4572
f 4628 4501 4659
f 4573 4435 4475
f 4712 4493 4495
f 4317 4316 4523
f 4435 4427 4389
f 4486 4542 4550
f 4468 4473 4425
f 4444 4481 4490
f 4546 4633 4547
f 4490 4480 4491
f 4471 4684 4683
f 4683 4682 4677
f 4353 4328 4331
f 4340 4524 4343
f 4727 4324 4560
f 4316 4616 4721
f 4721 4348 4524
f 4368 4367 4315
f 4362 4443 4488
f 4660 4688 4655
f 4548 4541 4546
f 4710 4323 4641
f 4677 4682 4674
f 4445 4382 4446
f 4722 4607 4727
f 4426 4407 4398
f 4323 4327 4641
f 4503 4701 4534
f 4633 4457 4547
f 4401 4364 4399
f 4461 4437 4573
f 4567 4728 4351
f 4488 4443 4442
f 4324 4727 4607
f 4674 4672 4677
f 4361 4326 4698
f 4339 4487 4318
f 4701 4544 4493
f 4370 4522 4584
f 4500 4516 4501
f 4350 4526 4615
f 4367 4483 4315
f 4414 4333 4467
f 4344 4311 4345
f 4487 4488 4442
f 4534 4530 4503
f 4483 4543 4313
f 4543 4722 4314
f 4532 4362 4488
f 4493 4712 4701
f 4613 4539 4535
f 4521 4346 4522
f 4438 4437 4656
f 4529 4485 4594
f 4343 4354 4310
f 4497 4439 4498
f 4524 4316 4721
f 4436 4381 4383
f 4354 4522 4310
f 4651 4658 4661
f 4367 4355 4483
f 4314 4560 4559
f 4660 4659 4501
f 4360 4362 4531
f 4532 4339 4338
f 4724 4729 4725
f 4569 4568 4615
f 4323 4711 4321
f 4527 4526 4515
f 4317 4587 4338
f 4316 4550 4616
f 4587 4317 4523
f 4385 4467 4333
f 4614 4613 4708
f 4335 4728 4567
f 4371 4500 4369
f 4513 4356 4355
f 4327 4342 4641
f 4461 4470 4332
f 4567 4336 4335
f 4690 4439 4497
f 4361 4726 4559
f 4603 4651 4655
f 4588 4587 4340
f 4589 4449 4397
f 4328 4368 4315
f 4353 4331 4308
f 4341 4681 4342
f 4325 4698 4326
f 4309 4330 4726
f 4512 4514 4609
f 4568 4567 4351
f 4345 4311 4310
f 4357 4493 4544
f 4338 4588 4533
f 4568 4351 4350
f 4319 4366 4308
f 4469 4573 4574
f 4722 4727 4560
f 4730 4647 4725
f 4522 4345 4310
f 4341 4682 4681
f 4332 4580 4333
f 4385 4333 4428
f 4338 4533 4532
f 4691 4685 4687
f 4687 4640 4681
f 4603 4413 4454
f 4494 4493 4609
f 4329 4341 4327
f 4524 4348 4347
f 4647 4350 4725
f 4411 4410 4397
f 4417 4672 4674
f 4426 4425 4473
f 4334 4462 4461
f 4726 4307 4309
f 4402 4364 4403
f 4449 4589 4447
f 4409 4393 4379
f 4513 4322 4321
f 4406 4405 4365
f 4340 4587 4523
f 4533 4588 4312
f 4726 4360 4307
f 4590 4431 4430
f 4314 4722 4560
f 4347 4343 4524
f 4424 4564 4553
f 4352 4725 4350
f 4450 4471 4451
f 4341 4353 4358
f 4609 4514 4494
f 4444 4399 4481
f 4590 4480 4665
f 4331 4309 4308
f 4716 4710 4641
f 4324 4607 4595
f 4326 4361 4559
f 4498 4439 4460
f 4529 4503 4530
f 4330 4559 4726
f 4437 4427 4435
f 4409 4403 4393
f 4486 4551 4546
f 4446 4382 4381
f 4609 4356 4512
f 4533 4312 4307
f 4472 4432 4434
f 4366 4319 4320
f 4363 4365 4405
f 4387 4427 4416
f 4389 4427 4387
f 4378 4381 4409
f 4433 4473 4468
f 4462 4656 4437
f 4463 4415 4492
f 4732 4733 4734
f 4735 4736 4737
f 4738 4739 4740
f 4741 4742 4743
f 4744 4745 4746
f 4747 4746 4748
f 4749 4737 4750
f 4751 4752 4753
f 4743 4754 4755
f 4735 4756 4736
f 4755 4736 4757
f 4758 4759 4739
f 4739 4760 4758
f 4750 4736 4762
f 4744 4763 4745
f 4764 4765 4766
f 4736 4756 4757
f 4745 4767 4768
f 4741 4766 4742
f 4754 4736 4755
f 4769 4765 4770
f 4759 4758 4771
f 4763 4772 4767
f 4773 4755 4757
f 4743 4742 4752
f 4763 4774 4772
f 4735 4749 4774
f 4746 4745 4775
f 4772 4768 4767
f 4766 4765 4769
f 4749 4735 4737
f 4732 4772 4774
f 4774 4749 4762
f 4754 4762 4736
f 4775 4745 4768
f 4746 4775 4748
f 4774 4762 4732
f 4776 4753 4769
f 4771 4777 4776
f 4775 4768 4732
f 4775 4732 4748
f 4778 4748 4779
f 4733 4732 4762
f 4780 4753 4776
f 4781 4778 4779
f 4782 4783 4781
f 4748 4732 4784
f 4756 4735 4763
f 4784 4732 4734
f 4785 4741 4773
f 4754 4752 4786
f 4769 4753 4742
f 4782 4787 4783
f 4785 4766 4741
f 4785 4764 4766
f 4788 4789 4790
f 4762 4749 4750
f 4793 4794 4795
f 4796 4797 4798
f 4761 4793 4800
f 4801 4802 4803
f 4804 4799 4805
f 4789 4788 4806
f 4798 4797 4806
f 4794 4793 4761
f 4806 4788 4798
f 4795 4790 4789
f 4810 4811 4812
f 4813 4814 4815
f 4791 4788 4816
f 4817 4818 4819
f 4796 4821 4797
f 4804 4821 4799
f 4795 4822 4793
f 4823 4824 4825
f 4826 4827 4828
f 4829 4830 4792
f 4811 4823 4812
f 4831 4832 4833
f 4834 4835 4836
f 4837 4804 4805
f 4800 4793 4822
f 4798 4788 4791
f 4758 4838 4839
f 4826 4840 4824
f 4841 4842 4843
f 4733 4762 4786
f 4820 4805 4799
f 4823 4846 4847
f 4822 4795 4789
f 4781 4779 4848
f 4849 4850 4851
f 4835 4824 4811
f 4788 4790 4816
f 4831 4833 4835
f 4731 4829 4792
f 4780 4777 4839
f 4831 4854 4853
f 4800 4829 4731
f 4761 4800 4731
f 4838 4760 4856
f 4796 4799 4821
f 4857 4787 4858
f 4860 4858 4848
f 4857 4860 4861
f 4853 4832 4831
f 4780 4862 4863
f 4864 4862 4839
f 4760 4838 4758
f 4865 4832 4866
f 4792 4830 4867
f 4866 4869 4865
f 4859 4870 4845
f 4871 4786 4872
f 4873 4814 4813
f 4873 4849 4814
f 4809 4850 4808
f 4838 4842 4868
f 4846 4823 4825
f 4823 4811 4824
f 4874 4851 4875
f 4876 4875 4851
f 4792 4867 4877
f 4878 4861 4860
f 4857 4861 4879
f 4864 4838 4868
f 4810 4812 4853
f 4839 4838 4864
f 4853 4869 4866
f 4846 4881 4847
f 4824 4882 4825
f 4846 4883 4881
f 4852 4884 4863
f 4832 4853 4866
f 4854 4810 4853
f 4844 4845 4870
f 4810 4854 4835
f 4865 4833 4832
f 4854 4831 4835
f 4844 4870 4865
f 4886 4827 4834
f 4870 4833 4865
f 4810 4835 4811
f 4836 4833 4870
f 4818 4886 4819
f 4835 4833 4836
f 4836 4870 4887
f 4888 4863 4884
f 4834 4819 4886
f 4846 4825 4883
f 4835 4834 4826
f 4870 4859 4887
f 4873 4808 4849
f 4888 4884 4753
f 4863 4888 4780
f 4851 4814 4849
f 4856 4842 4838
f 4883 4825 4882
f 4824 4835 4826
f 4803 4802 4889
f 4817 4807 4890
f 4834 4836 4885
f 4751 4884 4872
f 4753 4884 4751
f 4888 4753 4780
f 4862 4780 4839
f 4862 4864 4868
f 4733 4786 4871
f 4837 4841 4843
f 4882 4824 4840
f 4834 4885 4880
f 4834 4827 4826
f 4815 4851 4874
f 4840 4828 4882
f 4777 4758 4839
f 4840 4826 4828
f 4819 4834 4880
f 4891 4892 4893
f 4850 4849 4808
f 4774 4763 4735
f 4894 4827 4886
f 4872 4752 4751
f 4819 4880 4807
f 4860 4848 4779
f 4820 4841 4805
f 4873 4890 4807
f 4765 4740 4770
f 4842 4856 4843
f 4805 4841 4837
f 4781 4783 4778
f 4819 4807 4817
f 4886 4895 4894
f 4886 4818 4895
f 4763 4767 4745
f 4779 4748 4784
f 4896 4809 4802
f 4740 4759 4771
f 4897 4867 4830
f 4879 4861 4878
f 4814 4851 4815
f 4848 4787 4782
f 4802 4801 4896
f 4896 4850 4809
f 4898 4803 4889
f 4867 4897 4899
f 4851 4850 4876
f 4876 4896 4801
f 4897 4900 4899
f 4803 4901 4801
f 4891 4874 4875
f 4876 4891 4875
f 4776 4777 4780
f 4901 4902 4801
f 4891 4876 4902
f 4743 4752 4754
f 4771 4769 4770
f 4747 4744 4746
f 4783 4747 4778
f 4902 4892 4891
f 4771 4758 4777
f 4736 4750 4737
f 4753 4752 4742
f 4786 4752 4872
f 4755 4773 4743
f 4764 4738 4765
f 4741 4743 4773
f 4740 4765 4738
f 4776 4769 4771
f 4899 4855 4867
f 4902 4876 4801
f 4759 4740 4739
f 4748 4778 4747
f 4857 4858 4860
f 4771 4770 4740
f 4762 4754 4786
f 4772 4732 4768
f 4769 4742 4766
f 4781 4848 4782
f 4896 4876 4850
f 4848 4858 4787
f 4903 4904 4905
f 4906 4907 4908
f 4909 4910 4911
f 4912 4913 4914
f 4915 4916 4917
f 4918 4919 4920
f 4904 4921 4922
f 4923 4924 4925
f 4926 4914 4927
f 4905 4928 4929
f 4927 4930 4931
f 4932 4908 4933
f 4934 4935 4936
f 4917 4937 4938
f 4932 4939 4908
f 4904 4928 4905
f 4940 4941 4942
f 4934 4943 4944
f 4945 4946 4947
f 4948 4913 4912
f 4949 4925 4924
f 4950 4951 4952
f 4931 4953 4954
f 4951 4937 4917
f 4930 4927 4914
f 4955 4956 4957
f 4944 4943 4958
f 4953 4936 4935
f 4953 4935 4929
f 4959 4913 4948
f 4952 4959 4948
f 4960 4905 4929
f 4958 4943 4915
f 4943 4934 4936
f 4904 4954 4928
f 4908 4927 4931
f 4933 4908 4954
f 4929 4954 4953
f 4961 4962 4963
f 4964 4965 4966
f 4967 4968 4969
f 4931 4954 4908
f 4954 4904 4933
f 4952 4951 4917
f 4916 4943 4970
f 4971 4972 4973
f 4974 4975 4976
f 4977 4905 4960
f 4927 4908 4907
f 4960 4929 4935
f 4954 4929 4928
f 4915 4943 4916
f 4930 4959 4970
f 4978 4974 4945
f 4907 4926 4927
f 4979 4978 4969
f 4980 4923 4981
f 4916 4959 4952
f 4982 4914 4983
f 4943 4936 4970
f 4948 4950 4952
f 4959 4930 4913
f 4917 4938 4915
f 4983 4926 4984
f 4913 4930 4914
f 4953 4931 4930
f 4922 4933 4904
f 4924 4923 4980
f 4923 4973 4981
f 4974 4985 4981
f 4970 4953 4930
f 4907 4906 4986
f 4936 4953 4970
f 4970 4959 4916
f 4987 4983 4984
f 4972 4925 4988
f 4961 4941 4962
f 4909 4919 4918
f 4965 4989 4990
f 4965 4990 4949
f 4926 4987 4984
f 4965 4964 4989
f 4926 4907 4987
f 4991 4992 4919
f 4993 4994 4995
f 4957 4996 4986
f 4997 4987 4907
f 4998 4996 4957
f 4971 4973 4925
f 4949 4988 4925
f 4999 4990 4989
f 4920 4919 4972
f 4955 4957 4986
f 4968 5000 5001
f 4945 4974 5002
f 4992 4975 4973
f 4910 4993 4911
f 4975 5003 4976
f 4997 4986 5004
f 4911 4995 5005
f 4968 4979 4969
f 5006 4998 4957
f 4988 5007 4920
f 5008 5009 5010
f 4985 4980 4981
f 4976 5003 5002
f 4996 4998 5004
f 4994 5011 5012
f 4909 5003 4991
f 4978 4985 4974
f 4988 4999 5007
f 4996 5004 4986
f 4975 4991 5003
f 4968 5001 4985
f 4910 4909 4918
f 4925 4972 4971
f 4919 4909 4991
f 5008 5010 5013
f 4965 4949 4924
f 4911 5003 4909
f 4981 4973 4975
f 5003 4911 5002
f 4956 4955 5014
f 4986 4906 5015
f 5002 4974 4976
f 4995 5016 5005
f 4975 4974 4981
f 5002 4911 5005
f 4997 4907 4986
f 5017 5014 5015
f 5015 4955 4986
f 4963 4962 5018
f 5019 4964 4966
f 4978 4947 4969
f 4963 4946 5011
f 5015 5020 5017
f 4988 4990 4999
f 5016 5012 5002
f 4955 5015 5014
f 4906 4939 5021
f 4942 4941 4961
f 5002 5005 5016
f 5020 4962 4940
f 4957 4956 5006
f 4973 4923 4925
f 5018 4962 5020
f 4906 5021 5015
f 4994 5022 4942
f 5015 5018 5020
f 5015 5021 5013
f 5012 5011 4945
f 4988 4949 4990
f 4992 4973 4972
f 4980 4985 5001
f 4939 4922 5008
f 4946 5018 5013
f 4978 4945 4947
f 4945 5002 5012
f 4939 5013 5021
f 5018 5015 5013
f 4993 4995 4911
f 4975 4992 4991
f 4963 5018 4946
f 4979 4968 4985
f 5010 5009 4947
f 4922 5023 5008
f 5008 5013 4939
f 5016 4995 5012
f 5019 4965 4924
f 4926 4983 4914
f 4919 4992 4972
f 4942 4961 4994
f 4947 4946 5010
f 4961 5011 4994
f 5019 4966 4965
f 4963 5011 4961
f 4908 4939 4906
f 5019 4924 4980
f 5008 5023 5009
f 4993 5022 4994
f 4979 4985 4978
f 4939 4932 4922
f 4904 4903 5024
f 4916 4952 4917
f 5024 4921 4904
f 5013 5010 4946
f 5017 5020 4940
f 4972 4988 4920
f 4995 4994 5012
f 4914 4982 4912
f 4962 4941 4940
f 4946 4945 5011
f 4933 4922 4932
f 5025 5026 5027
f 5028 5029 5030
f 5031 5032 5033
f 5034 5035 5036
f 5037 5038 5026
f 5039 5040 5041
f 5025 5027 5039
f 5042 5025 5039
f 5026 5043 5036
f 5044 5045 5046
f 5047 5043 5038
f 5042 5048 5049
f 5050 5032 5046
f 5038 5051 5047
f 5040 5039 5027
f 5044 5046 5031
f 5031 5046 5032
f 5044 5029 5045
f 5035 5034 5052
f 5040 5027 5052
f 5041 5048 5039
f 5047 5030 5053
f 5030 5029 5053
f 5054 5055 5048
f 5043 5047 5053
f 5035 5052 5027
f 5056 5034 5036
f 5051 5028 5057
f 5058 5054 5041
f 5047 5051 5057
f 5041 5054 5048
f 5047 5057 5030
f 5059 5058 5041
f 5030 5057 5028
f 5026 5035 5027
f 5026 5036 5035
f 5032 5050 5033
f 5036 5031 5056
f 5044 5031 5036
f 5043 5026 5038
f 5060 5054 5058
f 5060 5061 5055
f 5061 5060 5062
f 5054 5060 5055
f 5062 5060 5063
f 5063 5060 5058
f 5044 5036 5043
f 5050 5064 5033
f 5041 5040 5059
f 5044 5053 5029
f 5044 5043 5053
f 5049 5048 5055
f 5039 5048 5042
f 5037 5026 5025
f 5065 5066 5067
f 5068 5069 5070
f 5071 5072 5073
f 5070 5069 5074
f 5075 5076 5077
f 5078 5079 5080
f 5081 5082 5083
f 5084 5072 5071
f 5085 5081 5072
f 5086 5081 5083
f 5076 5075 5087
f 5088 5089 5090
f 5091 5092 5093
f 5094 5074 5095
f 5096 5081 5085
f 5097 5098 5099
f 5100 5101 5102
f 5103 5086 5104
f 5105 5106 5107
f 5108 5089 5109
f 5076 5084 5110
f 5074 5069 5111
f 5084 5112 5113
f 5107 5112 5105
f 5114 5115 5085
f 5116 5117 5118
f 5072 5084 5114
f 5119 5079 5120
f 5084 5115 5114
f 5121 5107 5106
f 5115 5084 5122
f 5080 5123 5078
f 5083 5097 5124
f 5125 5126 5127
f 5094 5121 5070
f 5128 5070 5129
f 5130 5103 5116
f 5128 5129 5105
f 5131 5094 5091
f 5086 5103 5132
f 5133 5134 5116
f 5132 5103 5130
f 5128 5068 5070
f 5132 5135 5136
f 5131 5091 5093
f 5137 5138 5139
f 5115 5096 5085
f 5140 5095 5111
f 5095 5074 5111
f 5091 5095 5092
f 5113 5112 5107
f 5091 5094 5095
f 5094 5070 5074
f 5121 5129 5070
f 5128 5105 5141
f 5131 5121 5094
f 5129 5121 5106
f 5093 5122 5131
f 5121 5131 5113
f 5105 5129 5106
f 5132 5130 5135
f 5115 5122 5093
f 5122 5113 5131
f 5113 5107 5121
f 5113 5122 5084
f 5072 5132 5073
f 5142 5143 5144
f 5130 5118 5135
f 5103 5133 5116
f 5145 5135 5118
f 5116 5134 5117
f 5117 5125 5145
f 5146 5147 5137
f 5110 5084 5071
f 5148 5149 5150
f 5112 5084 5151
f 5073 5132 5136
f 5152 5153 5154
f 5155 5156 5157
f 5078 5120 5079
f 5158 5159 5160
f 5118 5117 5145
f 5161 5162 5163
f 5086 5132 5081
f 5075 5164 5087
f 5165 5166 5065
f 5142 5167 5168
f 5101 5169 5158
f 5159 5170 5160
f 5088 5171 5172
f 5173 5174 5175
f 5126 5117 5134
f 5159 5176 5177
f 5077 5076 5110
f 5130 5116 5118
f 5072 5114 5085
f 5178 5161 5144
f 5169 5179 5180
f 5158 5160 5101
f 5168 5080 5108
f 5110 5071 5077
f 5162 5089 5088
f 5156 5181 5182
f 5079 5108 5080
f 5065 5183 5066
f 5081 5132 5072
f 5168 5167 5080
f 5171 5088 5090
f 5141 5102 5101
f 5160 5184 5141
f 5185 5100 5105
f 5141 5105 5100
f 5170 5184 5160
f 5138 5137 5147
f 5090 5186 5171
f 5187 5152 5154
f 5101 5160 5141
f 5081 5096 5082
f 5073 5188 5077
f 5150 5189 5148
f 5187 5190 5191
f 5123 5167 5192
f 5190 5139 5191
f 5101 5179 5169
f 5154 5190 5187
f 5139 5138 5191
f 5172 5193 5194
f 5169 5173 5158
f 5183 5166 5150
f 5176 5159 5175
f 5191 5138 5156
f 5182 5181 5138
f 5143 5178 5144
f 5194 5193 5127
f 5105 5151 5185
f 5104 5083 5124
f 5115 5093 5195
f 5127 5126 5194
f 5150 5149 5183
f 5100 5185 5087
f 5194 5163 5172
f 5166 5165 5164
f 5165 5179 5087
f 5175 5159 5158
f 5183 5065 5166
f 5088 5172 5163
f 5125 5117 5126
f 5141 5100 5102
f 5100 5087 5101
f 5196 5067 5066
f 5082 5096 5197
f 5093 5092 5198
f 5150 5166 5189
f 5199 5200 5067
f 5182 5157 5156
f 5151 5076 5087
f 5126 5161 5194
f 5157 5066 5155
f 5197 5201 5098
f 5165 5067 5202
f 5201 5197 5096
f 5073 5077 5071
f 5194 5161 5163
f 5169 5180 5173
f 5161 5126 5134
f 5185 5151 5087
f 5098 5082 5197
f 5163 5162 5088
f 5174 5176 5175
f 5179 5165 5202
f 5089 5162 5109
f 5090 5089 5203
f 5196 5182 5204
f 5090 5119 5186
f 5133 5161 5134
f 5198 5092 5205
f 5104 5133 5103
f 5143 5109 5162
f 5089 5108 5203
f 5119 5090 5203
f 5120 5186 5119
f 5162 5161 5178
f 5133 5104 5161
f 5182 5196 5157
f 5158 5173 5175
f 5084 5076 5151
f 5143 5108 5109
f 5136 5188 5073
f 5067 5200 5202
f 5138 5147 5182
f 5206 5195 5198
f 5087 5164 5165
f 5178 5143 5162
f 5108 5079 5203
f 5096 5195 5206
f 5155 5207 5156
f 5203 5079 5119
f 5198 5195 5093
f 5124 5161 5104
f 5138 5181 5156
f 5202 5200 5208
f 5115 5195 5096
f 5180 5179 5208
f 5147 5146 5182
f 5179 5202 5208
f 5209 5199 5196
f 5183 5149 5066
f 5168 5108 5143
f 5144 5161 5124
f 5201 5096 5206
f 5099 5098 5192
f 5204 5209 5196
f 5207 5155 5066
f 5204 5182 5146
f 5065 5067 5165
f 5066 5149 5207
f 5143 5142 5168
f 5159 5177 5170
f 5210 5144 5124
f 5179 5101 5087
f 5083 5104 5086
f 5077 5188 5075
f 5192 5167 5099
f 5112 5151 5105
f 5196 5066 5157
f 5210 5142 5144
f 5124 5097 5210
f 5211 5097 5083
f 5164 5189 5166
f 5199 5067 5196
f 5211 5083 5082
f 5082 5098 5211
f 5097 5099 5212
f 5123 5080 5167
f 5099 5167 5212
f 5212 5167 5142
f 5142 5210 5212
f 5097 5212 5210
f 5098 5097 5211
f 5213 5214 5215
f 5216 5217 5218
f 5219 5220 5221
f 5222 5223 5224
f 5221 5225 5226
f 5227 5217 5228
f 5226 5225 5218
f 5229 5230 5231
f 5232 5230 5229
f 5213 5233 5232
f 5219 5234 5235
f 5227 5226 5218
f 5236 5237 5238
f 5239 5240 5241
f 5242 5221 5243
f 5244 5236 5245
f 5225 5221 5246
f 5215 5228 5213
f 5228 5215 5227
f 5242 5247 5221
f 5232 5229 5213
f 5217 5227 5218
f 5231 5241 5229
f 5245 5240 5244
f 5219 5235 5248
f 5224 5232 5233
f 5221 5247 5219
f 5235 5234 5249
f 5233 5250 5224
f 5219 5248 5220
f 5251 5227 5238
f 5240 5245 5229
f 5250 5222 5224
f 5238 5214 5236
f 5252 5233 5213
f 5253 5222 5250
f 5254 5255 5256
f 5255 5254 5257
f 5217 5216 5258
f 5214 5213 5229
f 5259 5250 5252
f 5260 5243 5251
f 5238 5237 5260
f 5220 5246 5221
f 5213 5261 5252
f 5261 5228 5217
f 5262 5257 5263
f 5258 5264 5217
f 5251 5226 5227
f 5265 5266 5267
f 5252 5261 5259
f 5214 5238 5215
f 5217 5264 5261
f 5214 5229 5236
f 5238 5260 5251
f 5250 5233 5252
f 5243 5226 5251
f 5259 5266 5253
f 5215 5238 5227
f 5223 5232 5224
f 5258 5263 5266
f 5261 5213 5228
f 5254 5268 5267
f 5223 5230 5232
f 5229 5245 5236
f 5261 5264 5259
f 5258 5269 5263
f 5243 5260 5242
f 5243 5221 5226
f 5265 5267 5268
f 5258 5216 5269
f 5266 5259 5258
f 5259 5264 5258
f 5259 5253 5250
f 5263 5267 5266
f 5265 5253 5266
f 5257 5267 5263
f 5262 5255 5257
f 5263 5269 5262
f 5219 5247 5234
f 5254 5267 5257
f 5240 5229 5241
f 5270 5271 5272
f 5270 5273 5274
f 5275 5276 5277
f 5278 5276 5279
f 5279 5280 5278
f 5273 5270 5281
f 5282 5283 5284
f 5285 5286 5287
f 5277 5278 5288
f 5282 5289 5290
f 5291 5292 5293
f 5290 5294 5295
f 5296 5297 5288
f 5276 5298 5279
f 5299 5288 5297
f 5300 5286 5285
f 5301 5302 5271
f 5281 5272 5303
f 5273 5281 5303
f 5286 5304 5305
f 5306 5307 5308
f 5309 5300 5310
f 5283 5282 5290
f 5284 5296 5288
f 5277 5299 5275
f 5311 5312 5313
f 5314 5297 5315
f 5293 5300 5285
f 5279 5311 5313
f 5316 5297 5296
f 5283 5290 5295
f 5280 5284 5278
f 5284 5312 5282
f 5305 5284 5283
f 5289 5282 5312
f 5303 5317 5273
f 5274 5301 5271
f 5305 5287 5286
f 5318 5319 5292
f 5320 5300 5309
f 5294 5290 5289
f 5278 5277 5276
f 5304 5320 5316
f 5309 5321 5322
f 5323 5309 5310
f 5270 5272 5281
f 5287 5283 5295
f 5280 5279 5313
f 5288 5299 5277
f 5287 5295 5291
f 5315 5320 5309
f 5295 5318 5292
f 5306 5321 5323
f 5304 5284 5305
f 5312 5301 5289
f 5284 5313 5312
f 5309 5322 5315
f 5299 5297 5314
f 5323 5310 5324
f 5304 5316 5296
f 5271 5270 5274
f 5285 5291 5293
f 5322 5314 5315
f 5289 5325 5294
f 5287 5305 5283
f 5311 5302 5301
f 5312 5311 5301
f 5296 5284 5304
f 5324 5300 5293
f 5322 5321 5314
f 5320 5297 5316
f 5288 5278 5284
f 5321 5306 5308
f 5320 5286 5300
f 5292 5291 5295
f 5304 5286 5320
f 5321 5309 5323
f 5289 5301 5274
f 5325 5289 5274
f 5300 5324 5310
f 5297 5320 5315
f 5280 5313 5284
f 5291 5285 5287
f 5326 5327 5328
f 5329 5330 5331
f 5332 5333 5334
f 5335 5336 5337
f 5338 5339 5340
f 5341 5342 5343
f 5344 5345 5346
f 5347 5348 5349
f 5343 5350 5351
f 5352 5353 5354
f 5353 5352 5355
f 5356 5357 5358
f 5359 5360 5361
f 5362 5363 5364
f 5365 5366 5367
f 5368 5369 5370
f 5371 5372 5373
f 5374 5375 5376
f 5366 5377 5378
f 5379 5347 5380
f 5381 5352 5382
f 5383 5384 5385
f 5386 5387 5388
f 5347 5389 5380
f 5346 5345 5390
f 5391 5392 5385
f 5370 5393 5394
f 5395 5396 5397
f 5398 5357 5399
f 5362 5364 5400
f 5401 5402 5403
f 5404 5405 5398
f 5406 5356 5396
f 5407 5408 5363
f 5409 5410 5411
f 5394 5393 5412
f 5413 5389 5408
f 5414 5415 5416
f 5376 5401 5374
f 5401 5376 5402
f 5358 5409 5417
f 5349 5418 5419
f 5420 5421 5422
f 5392 5339 5385
f 5423 5392 5391
f 5424 5425 5426
f 5427 5428 5429
f 5344 5430 5431
f 5432 5433 5434
f 5394 5368 5370
f 5435 5394 5412
f 5436 5437 5438
f 5439 5367 5440
f 5340 5441 5338
f 5353 5423 5438
f 5442 5443 5421
f 5428 5427 5444
f 5371 5373 5445
f 5446 5447 5391
f 5388 5448 5449
f 5450 5357 5356
f 5362 5451 5452
f 5383 5453 5384
f 5346 5390 5454
f 5392 5355 5455
f 5456 5366 5378
f 5422 5393 5370
f 5373 5457 5458
f 5391 5385 5459
f 5435 5368 5394
f 5460 5420 5370
f 5368 5435 5369
f 5412 5429 5415
f 5422 5421 5443
f 5376 5461 5462
f 5380 5463 5379
f 5463 5440 5379
f 5442 5410 5443
f 5464 5348 5347
f 5342 5341 5400
f 5340 5455 5465
f 5433 5443 5410
f 5458 5365 5466
f 5455 5381 5465
f 5426 5360 5467
f 5400 5341 5468
f 5456 5378 5469
f 5410 5409 5433
f 5470 5375 5421
f 5471 5369 5435
f 5472 5426 5425
f 5473 5329 5327
f 5433 5432 5443
f 5374 5442 5375
f 5422 5370 5420
f 5460 5370 5369
f 5440 5367 5379
f 5471 5474 5473
f 5327 5460 5473
f 5423 5355 5392
f 5411 5442 5374
f 5423 5353 5355
f 5427 5429 5412
f 5348 5464 5456
f 5475 5371 5425
f 5427 5476 5444
f 5448 5335 5333
f 5383 5385 5339
f 5467 5424 5426
f 5477 5399 5450
f 5372 5457 5373
f 5347 5379 5464
f 5435 5478 5471
f 5327 5329 5331
f 5416 5345 5344
f 5425 5440 5472
f 5454 5338 5441
f 5352 5381 5355
f 5335 5479 5333
f 5330 5380 5461
f 5376 5328 5461
f 5445 5466 5439
f 5480 5481 5336
f 5373 5466 5445
f 5410 5442 5411
f 5376 5462 5402
f 5331 5461 5328
f 5336 5335 5448
f 5481 5337 5336
f 5398 5399 5482
f 5326 5328 5375
f 5380 5483 5402
f 5389 5413 5402
f 5412 5415 5435
f 5428 5345 5429
f 5409 5453 5433
f 5458 5377 5365
f 5484 5479 5335
f 5434 5453 5383
f 5485 5486 5487
f 5365 5367 5466
f 5407 5363 5452
f 5488 5484 5335
f 5381 5455 5355
f 5361 5463 5329
f 5388 5449 5417
f 5402 5483 5389
f 5339 5392 5455
f 5448 5333 5332
f 5432 5434 5393
f 5480 5407 5452
f 5362 5452 5363
f 5472 5360 5426
f 5476 5434 5383
f 5469 5348 5456
f 5399 5357 5450
f 5419 5342 5364
f 5489 5454 5390
f 5490 5400 5468
f 5415 5414 5435
f 5409 5358 5453
f 5436 5423 5447
f 5491 5367 5366
f 5427 5412 5393
f 5411 5417 5409
f 5413 5408 5387
f 5387 5403 5413
f 5487 5337 5481
f 5397 5492 5395
f 5361 5473 5359
f 5400 5490 5451
f 5464 5379 5367
f 5469 5351 5350
f 5434 5476 5427
f 5411 5386 5417
f 5440 5425 5371
f 5437 5353 5438
f 5367 5439 5466
f 5418 5469 5350
f 5380 5402 5462
f 5460 5470 5420
f 5332 5334 5493
f 5421 5420 5470
f 5443 5432 5393
f 5373 5458 5466
f 5472 5463 5360
f 5433 5453 5434
f 5326 5375 5470
f 5419 5418 5350
f 5462 5461 5380
f 5416 5415 5429
f 5435 5414 5494
f 5398 5453 5357
f 5389 5419 5408
f 5388 5417 5386
f 5358 5357 5453
f 5348 5418 5349
f 5411 5374 5401
f 5335 5337 5488
f 5452 5495 5480
f 5336 5496 5480
f 5497 5397 5396
f 5483 5380 5389
f 5444 5338 5428
f 5361 5329 5473
f 5360 5463 5361
f 5471 5473 5369
f 5398 5384 5453
f 5464 5367 5491
f 5495 5481 5480
f 5411 5401 5403
f 5451 5495 5452
f 5481 5485 5487
f 5332 5493 5497
f 5336 5448 5496
f 5498 5481 5495
f 5372 5371 5475
f 5416 5344 5431
f 5474 5359 5473
f 5487 5486 5488
f 5371 5439 5440
f 5383 5339 5444
f 5328 5376 5375
f 5372 5499 5457
f 5377 5366 5365
f 5387 5408 5407
f 5369 5473 5460
f 5497 5358 5417
f 5386 5403 5387
f 5348 5469 5418
f 5463 5472 5440
f 5364 5363 5408
f 5338 5489 5428
f 5339 5338 5444
f 5485 5481 5498
f 5478 5435 5494
f 5405 5459 5384
f 5423 5391 5447
f 5417 5449 5497
f 5362 5400 5451
f 5496 5387 5407
f 5326 5460 5327
f 5491 5456 5464
f 5386 5411 5403
f 5400 5364 5342
f 5405 5384 5398
f 5397 5497 5493
f 5474 5471 5478
f 5358 5396 5356
f 5342 5419 5350
f 5389 5347 5349
f 5396 5358 5497
f 5448 5388 5496
f 5337 5487 5488
f 5495 5490 5498
f 5463 5330 5329
f 5461 5331 5330
f 5364 5408 5419
f 5342 5350 5343
f 5443 5393 5422
f 5429 5345 5416
f 5406 5396 5395
f 5445 5439 5371
f 5449 5332 5497
f 5385 5384 5459
f 5388 5387 5496
f 5491 5366 5456
f 5421 5375 5442
f 5331 5328 5327
f 5427 5393 5434
f 5414 5416 5431
f 5490 5495 5451
f 5398 5482 5404
f 5436 5438 5423
f 5340 5339 5455
f 5360 5359 5467
f 5403 5402 5413
f 5419 5389 5349
f 5448 5332 5449
f 5428 5390 5345
f 5463 5380 5330
f 5460 5326 5470
f 5489 5338 5454
f 5444 5476 5383
f 5437 5354 5353
f 5480 5496 5407
f 5428 5489 5390
f 5500 5501 5502
f 5503 5504 5505
f 5506 5507 5508
f 5509 5510 5511
f 5512 5513 5514
f 5515 5500 5502
f 5516 5517 5518
f 5519 5503 5520
f 5505 5521 5522
f 5523 5524 5525
f 5526 5527 5528
f 5520 5505 5529
f 5530 5504 5506
f 5511 5531 5509
f 5532 5510 5509
f 5533 5503 5519
f 5511 5518 5531
f 5534 5516 5525
f 5535 5536 5537
f 5538 5532 5539
f 5540 5513 5528
f 5521 5541 5542
f 5543 5532 5509
f 5544 5517 5541
f 5514 5513 5540
f 5503 5533 5507
f 5545 5546 5547
f 5548 5522 5521
f 5529 5505 5522
f 5521 5549 5544
f 5529 5546 5520
f 5538 5550 5551
f 5527 5544 5549
f 5542 5548 5521
f 5551 5510 5538
f 5529 5552 5547
f 5512 5509 5513
f 5553 5511 5510
f 5528 5554 5540
f 5531 5513 5509
f 5528 5513 5531
f 5555 5530 5536
f 5544 5527 5517
f 5525 5516 5523
f 5504 5503 5506
f 5517 5516 5534
f 5536 5530 5537
f 5554 5528 5527
f 5531 5518 5528
f 5516 5518 5523
f 5503 5505 5520
f 5556 5536 5535
f 5551 5550 5524
f 5526 5518 5517
f 5518 5553 5523
f 5510 5551 5553
f 5509 5512 5543
f 5523 5553 5557
f 5546 5545 5519
f 5546 5519 5520
f 5555 5504 5530
f 5554 5514 5540
f 5517 5527 5526
f 5529 5522 5548
f 5523 5557 5524
f 5546 5529 5547
f 5503 5507 5506
f 5504 5555 5521
f 5554 5536 5556
f 5549 5554 5527
f 5532 5538 5510
f 5558 5525 5524
f 5559 5560 5561
f 5551 5557 5553
f 5554 5556 5514
f 5526 5528 5518
f 5541 5521 5544
f 5518 5511 5553
f 5548 5542 5552
f 5521 5554 5549
f 5501 5500 5562
f 5545 5501 5562
f 5501 5545 5547
f 5515 5561 5560
f 5505 5504 5521
f 5521 5555 5554
f 5551 5524 5557
f 5555 5536 5554
f 5548 5552 5529
f 5561 5515 5502
f 5508 5530 5506
f 5563 5564 5565
f 5566 5567 5568
f 5569 5570 5563
f 5564 5563 5571
f 5572 5573 5574
f 5575 5576 5577
f 5563 5578 5571
f 5579 5580 5581
f 5582 5583 5584
f 5585 5586 5587
f 5588 5589 5590
f 5591 5575 5592
f 5593 5594 5595
f 5596 5597 5574
f 5598 5599 5600
f 5601 5602 5603
f 5604 5605 5606
f 5571 5578 5607
f 5607 5608 5589
f 5609 5610 5611
f 5612 5591 5588
f 5613 5614 5610
f 5615 5616 5617
f 5573 5618 5619
f 5620 5599 5621
f 5580 5579 5622
f 5623 5624 5625
f 5626 5627 5584
f 5595 5628 5629
f 5630 5631 5608
f 5632 5633 5634
f 5635 5636 5637
f 5622 5612 5590
f 5638 5639 5610
f 5640 5619 5641
f 5579 5576 5622
f 5642 5643 5644
f 5584 5645 5646
f 5647 5643 5648
f 5647 5649 5650
f 5567 5651 5568
f 5625 5587 5623
f 5575 5591 5612
f 5651 5637 5652
f 5653 5654 5655
f 5656 5576 5657
f 5566 5568 5658
f 5603 5624 5623
f 5586 5599 5598
f 5659 5660 5661
f 5565 5662 5569
f 5663 5664 5665
f 5666 5667 5668
f 5669 5571 5607
f 5666 5668 5654
f 5630 5622 5590
f 5618 5670 5658
f 5585 5621 5599
f 5602 5617 5624
f 5665 5671 5663
f 5625 5672 5587
f 5660 5591 5592
f 5580 5622 5648
f 5574 5597 5572
f 5629 5573 5640
f 5620 5640 5673
f 5652 5586 5651
f 5589 5669 5607
f 5674 5613 5610
f 5650 5649 5615
f 5667 5675 5676
f 5677 5589 5678
f 5667 5594 5593
f 5653 5655 5625
f 5679 5654 5680
f 5584 5627 5645
f 5670 5681 5682
f 5591 5660 5659
f 5596 5574 5628
f 5577 5656 5664
f 5634 5644 5643
f 5665 5683 5671
f 5684 5685 5686
f 5588 5590 5612
f 5600 5641 5598
f 5663 5671 5687
f 5688 5666 5679
f 5639 5638 5689
f 5573 5619 5640
f 5685 5684 5654
f 5643 5642 5648
f 5667 5593 5675
f 5631 5590 5589
f 5648 5642 5580
f 5579 5657 5576
f 5569 5563 5565
f 5691 5571 5669
f 5568 5651 5692
f 5668 5655 5654
f 5603 5693 5601
f 5587 5636 5623
f 5665 5694 5646
f 5651 5586 5692
f 5614 5601 5693
f 5573 5572 5681
f 5589 5588 5695
f 5632 5602 5601
f 5565 5564 5696
f 5584 5646 5582
f 5630 5697 5622
f 5656 5577 5576
f 5577 5698 5575
f 5680 5686 5696
f 5619 5618 5641
f 5570 5630 5608
f 5600 5673 5641
f 5660 5698 5663
f 5654 5684 5680
f 5625 5655 5672
f 5670 5618 5681
f 5577 5664 5698
f 5660 5687 5661
f 5668 5667 5676
f 5676 5675 5621
f 5570 5569 5647
f 5676 5672 5655
f 5608 5631 5589
f 5625 5616 5653
f 5617 5616 5624
f 5687 5660 5663
f 5645 5683 5646
f 5629 5574 5573
f 5654 5679 5666
f 5585 5599 5586
f 5633 5632 5601
f 5610 5609 5638
f 5666 5688 5699
f 5582 5646 5694
f 5664 5582 5694
f 5624 5603 5602
f 5647 5650 5632
f 5617 5650 5615
f 5570 5647 5648
f 5637 5651 5567
f 5565 5696 5686
f 5628 5700 5596
f 5684 5686 5680
f 5597 5596 5700
f 5595 5620 5593
f 5563 5570 5578
f 5681 5618 5573
f 5662 5565 5686
f 5650 5617 5602
f 5615 5685 5653
f 5700 5628 5701
f 5662 5685 5615
f 5647 5569 5649
f 5665 5646 5683
f 5685 5654 5653
f 5662 5686 5685
f 5575 5698 5592
f 5621 5585 5676
f 5601 5614 5633
f 5659 5695 5588
f 5609 5605 5638
f 5689 5690 5639
f 5634 5643 5632
f 5642 5581 5580
f 5589 5702 5669
f 5583 5664 5703
f 5666 5699 5594
f 5648 5622 5697
f 5567 5635 5637
f 5697 5570 5648
f 5692 5586 5598
f 5652 5636 5587
f 5662 5615 5649
f 5611 5610 5693
f 5692 5598 5641
f 5673 5640 5641
f 5657 5579 5581
f 5612 5576 5575
f 5655 5668 5676
f 5656 5703 5664
f 5568 5641 5658
f 5643 5647 5632
f 5615 5653 5616
f 5605 5604 5638
f 5699 5628 5594
f 5637 5636 5652
f 5667 5666 5594
f 5628 5574 5629
f 5608 5578 5570
f 5599 5620 5673
f 5570 5697 5630
f 5640 5620 5629
f 5662 5649 5569
f 5625 5624 5616
f 5594 5628 5595
f 5664 5583 5582
f 5675 5593 5620
f 5621 5675 5620
f 5660 5592 5698
f 5578 5608 5607
f 5665 5664 5694
f 5672 5676 5585
f 5602 5632 5650
f 5588 5591 5659
f 5604 5689 5638
f 5618 5658 5641
f 5587 5586 5652
f 5688 5701 5699
f 5673 5600 5599
f 5622 5576 5612
f 5587 5672 5585
f 5702 5589 5677
f 5620 5595 5629
f 5699 5701 5628
f 5664 5663 5698
f 5695 5678 5589
f 5614 5693 5610
f 5630 5590 5631
f 5568 5692 5641
f 5639 5674 5610
f 5704 5705 5706
f 5707 5708 5709
f 5710 5711 5712
f 5713 5714 5715
f 5708 5707 5716
f 5717 5718 5719
f 5719 5720 5717
f 5721 5722 5723
f 5724 5725 5726
f 5713 5712 5714
f 5722 5721 5709
f 5727 5728 5729
f 5727 5729 5730
f 5731 5732 5733
f 5734 5735 5736
f 5709 5737 5738
f 5739 5720 5733
f 5740 5741 5742
f 5743 5739 5732
f 5719 5718 5720
f 5730 5744 5745
f 5708 5716 5746
f 5747 5748 5749
f 5749 5748 5720
f 5745 5750 5730
f 5751 5729 5728
f 5752 5753 5754
f 5755 5756 5757
f 5752 5758 5759
f 5760 5752 5754
f 5761 5762 5763
f 5723 5711 5710
f 5762 5764 5763
f 5744 5730 5729
f 5712 5713 5710
f 5763 5765 5766
f 5767 5768 5769
f 5770 5743 5771
f 5772 5773 5774
f 5766 5775 5761
f 5711 5776 5712
f 5723 5777 5721
f 5717 5778 5779
f 5780 5767 5761
f 5730 5750 5764
f 5755 5712 5776
f 5781 5721 5782
f 5770 5783 5784
f 5761 5785 5786
f 5780 5761 5786
f 5787 5767 5769
f 5767 5754 5788
f 5768 5788 5753
f 5768 5776 5769
f 5780 5789 5760
f 5720 5718 5731
f 5790 5784 5791
f 5754 5767 5760
f 5787 5769 5738
f 5792 5793 5794
f 5791 5795 5790
f 5738 5769 5711
f 5796 5790 5795
f 5797 5757 5714
f 5798 5758 5799
f 5756 5755 5759
f 5800 5801 5771
f 5754 5753 5788
f 5732 5802 5800
f 5756 5803 5757
f 5789 5780 5786
f 5747 5804 5805
f 5797 5712 5755
f 5735 5806 5807
f 5721 5781 5707
f 5802 5801 5800
f 5752 5759 5753
f 5722 5711 5723
f 5789 5786 5808
f 5775 5785 5761
f 5809 5801 5802
f 5773 5734 5810
f 5811 5735 5812
f 5757 5797 5755
f 5767 5762 5761
f 5728 5813 5751
f 5814 5805 5796
f 5717 5736 5778
f 5800 5743 5732
f 5744 5724 5745
f 5752 5760 5799
f 5742 5745 5815
f 5762 5787 5816
f 5720 5748 5736
f 5735 5811 5778
f 5768 5767 5788
f 5803 5705 5714
f 5771 5743 5800
f 5770 5789 5808
f 5776 5759 5755
f 5802 5732 5817
f 5795 5808 5786
f 5749 5793 5804
f 5799 5760 5789
f 5764 5816 5727
f 5774 5773 5818
f 5758 5798 5706
f 5777 5782 5721
f 5789 5770 5799
f 5776 5768 5759
f 5819 5704 5798
f 5820 5777 5723
f 5724 5726 5815
f 5783 5770 5808
f 5786 5785 5795
f 5798 5799 5770
f 5767 5780 5760
f 5714 5712 5797
f 5798 5704 5706
f 5794 5790 5792
f 5713 5715 5710
f 5771 5801 5798
f 5821 5705 5704
f 5743 5770 5784
f 5706 5756 5758
f 5796 5785 5814
f 5771 5798 5770
f 5808 5791 5783
f 5822 5772 5774
f 5784 5794 5743
f 5785 5796 5795
f 5823 5773 5810
f 5791 5784 5783
f 5767 5787 5762
f 5758 5756 5759
f 5763 5766 5761
f 5784 5790 5794
f 5823 5734 5748
f 5706 5803 5756
f 5753 5759 5768
f 5819 5801 5809
f 5762 5816 5764
f 5818 5823 5824
f 5750 5825 5826
f 5722 5738 5711
f 5796 5804 5790
f 5757 5803 5714
f 5796 5805 5804
f 5785 5775 5814
f 5827 5822 5828
f 5746 5829 5708
f 5769 5776 5711
f 5830 5821 5704
f 5824 5747 5805
f 5793 5749 5739
f 5709 5721 5707
f 5735 5734 5806
f 5804 5792 5790
f 5806 5734 5773
f 5734 5736 5748
f 5748 5747 5823
f 5810 5734 5823
f 5772 5822 5806
f 5772 5806 5773
f 5823 5818 5773
f 5826 5765 5750
f 5804 5793 5792
f 5793 5739 5794
f 5758 5752 5799
f 5739 5733 5732
f 5727 5816 5728
f 5798 5801 5819
f 5794 5739 5743
f 5738 5722 5709
f 5823 5747 5824
f 5813 5737 5709
f 5708 5829 5709
f 5709 5829 5813
f 5791 5808 5795
f 5828 5822 5774
f 5804 5747 5749
f 5831 5766 5765
f 5705 5803 5706
f 5832 5813 5816
f 5779 5778 5833
f 5735 5807 5812
f 5710 5715 5820
f 5749 5720 5739
f 5834 5781 5782
f 5731 5817 5732
f 5815 5745 5724
f 5830 5704 5819
f 5727 5730 5764
f 5717 5720 5736
f 5832 5737 5813
f 5750 5765 5764
f 5745 5742 5825
f 5745 5825 5750
f 5728 5816 5813
f 5825 5741 5826
f 5832 5787 5738
f 5778 5736 5735
f 5723 5710 5820
f 5738 5737 5832
f 5765 5826 5831
f 5765 5763 5764
f 5742 5815 5740
f 5787 5832 5816
f 5813 5835 5751
f 5742 5741 5825
f 5779 5718 5717
f 5835 5813 5829
f 5720 5731 5733
f 5836 5837 5838
f 5839 5840 5841
f 5842 5843 5844
f 5845 5846 5847
f 5848 5849 5850
f 5851 5836 5852
f 5853 5843 5854
f 5855 5856 5857
f 5858 5844 5859
f 5860 5861 5862
f 5852 5863 5864
f 5865 5849 5866
f 5863 5867 5868
f 5869 5870 5871
f 5872 5873 5874
f 5875 5876 5877
f 5878 5879 5880
f 5878 5875 5879
f 5881 5842 5882
f 5883 5865 5884
f 5851 5871 5885
f 5840 5886 5841
f 5887 5888 5889
f 5861 5890 5887
f 5891 5850 5892
f 5893 5894 5895
f 5896 5897 5898
f 5899 5900 5901
f 5902 5903 5904
f 5901 5905 5899
f 5898 5897 5906
f 5907 5893 5839
f 5908 5854 5842
f 5862 5894 5909
f 5910 5851 5852
f 5861 5911 5912
f 5859 5844 5843
f 5913 5906 5897
f 5842 5881 5908
f 5875 5878 5914
f 5914 5876 5875
f 5893 5907 5894
f 5915 5916 5901
f 5917 5918 5919
f 5874 5903 5872
f 5913 5897 5920
f 5921 5922 5923
f 5924 5898 5925
f 5924 5896 5898
f 5907 5909 5894
f 5838 5867 5836
f 5900 5926 5927
f 5928 5929 5930
f 5931 5932 5855
f 5873 5933 5874
f 5839 5934 5840
f 5935 5862 5861
f 5919 5900 5917
f 5881 5882 5891
f 5916 5936 5937
f 5849 5858 5847
f 5861 5938 5911
f 5939 5940 5941
f 5929 5942 5930
f 5936 5943 5944
f 5931 5857 5934
f 5945 5946 5947
f 5843 5948 5859
f 5934 5857 5840
f 5949 5950 5951
f 5876 5925 5877
f 5848 5844 5858
f 5849 5865 5883
f 5844 5848 5842
f 5947 5935 5915
f 5933 5873 5871
f 5878 5865 5866
f 5932 5931 5908
f 5952 5907 5953
f 5954 5955 5956
f 5881 5957 5958
f 5853 5895 5946
f 5895 5894 5946
f 5882 5848 5891
f 5956 5959 5960
f 5920 5918 5913
f 5914 5896 5924
f 5931 5893 5854
f 5920 5897 5961
f 5902 5869 5903
f 5962 5904 5903
f 5912 5963 5964
f 5931 5934 5893
f 5888 5965 5944
f 5966 5967 5968
f 5914 5924 5876
f 5893 5895 5853
f 5969 5970 5971
f 5926 5961 5897
f 5888 5890 5971
f 5857 5886 5840
f 5870 5972 5871
f 5894 5862 5946
f 5973 5949 5951
f 5915 5943 5916
f 5876 5924 5925
f 5881 5958 5922
f 5952 5974 5975
f 5858 5859 5847
f 5921 5855 5932
f 5878 5866 5914
f 5907 5952 5975
f 5951 5959 5973
f 5975 5974 5976
f 5973 5977 5978
f 5946 5862 5947
f 5977 5959 5955
f 5973 5959 5977
f 5896 5866 5846
f 5935 5947 5862
f 5843 5842 5854
f 5927 5939 5901
f 5967 5905 5968
f 5871 5873 5869
f 5900 5919 5926
f 5890 5969 5971
f 5863 5836 5867
f 5885 5837 5851
f 5925 5906 5979
f 5933 5851 5856
f 5896 5926 5897
f 5845 5941 5980
f 5935 5861 5887
f 5866 5896 5914
f 5859 5941 5845
f 5849 5883 5850
f 5946 5945 5939
f 5886 5981 5841
f 5982 5948 5946
f 5900 5899 5967
f 5983 5963 5911
f 5848 5858 5849
f 5856 5851 5910
f 5853 5854 5893
f 5889 5888 5943
f 5888 5887 5890
f 5969 5930 5970
f 5900 5967 5917
f 5953 5907 5981
f 5869 5873 5872
f 5926 5919 5961
f 5933 5856 5874
f 5961 5919 5920
f 5982 5946 5939
f 5850 5891 5848
f 5982 5941 5859
f 5841 5907 5839
f 5857 5931 5855
f 5885 5871 5972
f 5905 5967 5899
f 5923 5984 5921
f 5879 5985 5986
f 5986 5955 5954
f 5908 5922 5932
f 5956 5884 5954
f 5970 5930 5942
f 5987 5945 5947
f 5851 5933 5871
f 5886 5910 5864
f 5836 5851 5837
f 5981 5907 5841
f 5859 5845 5847
f 5959 5988 5960
f 5960 5884 5956
f 5968 5989 5990
f 5866 5849 5847
f 5882 5842 5848
f 5985 5879 5991
f 5981 5886 5864
f 5982 5939 5941
f 5978 5977 5955
f 5978 5986 5985
f 5864 5910 5852
f 5975 5938 5860
f 5938 5975 5976
f 5992 5938 5976
f 5953 5981 5993
f 5865 5878 5880
f 5942 5971 5970
f 5989 5916 5937
f 5936 5916 5943
f 5926 5940 5927
f 5884 5880 5954
f 5969 5890 5861
f 5922 5921 5932
f 5874 5855 5921
f 5975 5860 5909
f 5863 5852 5836
f 5939 5945 5987
f 5907 5975 5909
f 5939 5927 5940
f 5854 5908 5931
f 5884 5960 5988
f 5980 5941 5940
f 5922 5908 5881
f 5926 5896 5980
f 5856 5855 5874
f 5901 5900 5927
f 5869 5872 5903
f 5906 5913 5994
f 5906 5925 5898
f 5938 5995 5911
f 5889 5943 5887
f 5911 5995 5983
f 5930 5969 5912
f 5955 5959 5956
f 5879 5875 5877
f 5987 5947 5915
f 5969 5861 5912
f 5917 5967 5966
f 5987 5901 5939
f 5874 5921 5984
f 5877 5991 5879
f 5847 5846 5866
f 5862 5909 5860
f 5860 5938 5861
f 5911 5963 5912
f 5892 5881 5891
f 5987 5915 5901
f 5880 5879 5954
f 5992 5995 5938
f 5993 5981 5864
f 5903 5874 5984
f 5846 5980 5896
f 5880 5884 5865
f 5988 5892 5850
f 5845 5980 5846
f 5979 5906 5994
f 5893 5934 5839
f 5982 5859 5948
f 5943 5888 5944
f 5853 5946 5948
f 5843 5853 5948
f 5884 5850 5883
f 5935 5943 5915
f 5905 5901 5916
f 5905 5916 5989
f 5968 5990 5966
f 5968 5905 5989
f 5857 5856 5910
f 5850 5884 5988
f 5923 5922 5958
f 5887 5943 5935
f 5912 5964 5930
f 5919 5918 5920
f 5928 5930 5964
f 5881 5892 5957
f 5910 5886 5857
f 5954 5879 5986
f 5971 5965 5888
f 5955 5986 5978
f 5926 5980 5940
f 5996 5997 5998
f 5999 6000 6001
f 5998 5997 6002
f 6003 6004 6005
f 6006 6007 6008
f 6009 6010 6011
f 6012 5996 6005
f 6013 6014 6015
f 6016 6017 6018
f 6019 5998 6002
f 6020 6021 6022
f 6023 5999 6001
f 6024 6025 6026
f 5997 6027 6007
f 6028 6007 6006
f 6026 6029 6009
f 6030 6031 6032
f 6025 6024 6001
f 6033 6005 6034
f 6001 6000 6025
f 6013 6015 6035
f 6036 6037 6038
f 6019 6024 6026
f 6002 5997 6039
f 6006 6040 6028
f 5996 6012 6027
f 6001 6039 6041
f 6041 6028 6040
f 6032 6009 6011
f 6005 5996 6034
f 6042 5999 6043
f 6024 6002 6039
f 6041 6023 6001
f 6043 6014 6044
f 6021 6045 6022
f 6046 6016 6047
f 6030 6047 6016
f 6007 6048 5997
f 6049 6050 6045
f 6004 6012 6005
f 6051 6022 6052
f 6053 6042 6043
f 6052 6050 6054
f 6009 6032 6018
f 6029 6026 6025
f 6045 6055 6049
f 6021 6020 6056
f 6008 6007 6057
f 6008 6027 6012
f 6016 6031 6030
f 6058 6044 6014
f 6005 6033 6017
f 6034 5998 6019
f 6039 6001 6024
f 6019 6033 6034
f 6048 6007 6028
f 5997 6048 6039
f 6033 6018 6017
f 6045 6050 6022
f 6029 6025 6000
f 6059 6043 6044
f 5998 6034 5996
f 6002 6024 6019
f 6028 6041 6060
f 6061 6062 5999
f 6061 6035 6062
f 6009 6033 6026
f 6054 6051 6052
f 6018 6033 6009
f 6009 6059 6010
f 6063 6064 6044
f 6026 6033 6019
f 6000 6042 6029
f 6053 6059 6029
f 6018 6032 6031
f 6053 6029 6042
f 6050 6052 6022
f 6055 6035 6061
f 6057 6007 6027
f 6065 6041 6040
f 6043 6059 6053
f 6066 6054 6023
f 6016 6003 6017
f 6062 6043 5999
f 6023 6049 5999
f 6027 6008 6057
f 6061 5999 6049
f 6029 6059 6009
f 6027 5997 5996
f 6014 6043 6062
f 6010 6059 6044
f 6020 6037 6056
f 6060 6041 6039
f 6054 6050 6023
f 6018 6031 6016
f 6032 6067 6030
f 6023 6041 6066
f 6066 6065 6054
f 6044 6064 6010
f 6058 6014 6068
f 6015 6062 6035
f 6041 6065 6066
f 6056 6037 6036
f 6060 6039 6048
f 6042 6000 5999
f 6044 6058 6063
f 6017 6003 6005
f 6049 6055 6061
f 6062 6015 6014
f 6028 6060 6048
f 6046 6003 6016
f 6049 6023 6050
f 6013 6068 6014
f 6069 6070 6071
f 6069 6072 6070
f 6073 6074 6075
f 6069 6071 6077
f 6078 6070 6072
f 6079 6072 6069
f 6080 6081 6075
f 6081 6080 6082
f 6083 6084 6076
f 6085 6086 6087
f 6088 6086 6089
f 6090 6073 6075
f 6074 6091 6092
f 6076 6073 6090
f 6071 6082 6077
f 6074 6077 6075
f 6074 6093 6094
f 6095 6096 6097
f 6098 6099 6096
f 6069 6074 6094
f 6079 6069 6094
f 6092 6093 6074
f 6090 6083 6076
f 6078 6087 6086
f 6098 6070 6078
f 6086 6099 6098
f 6086 6098 6078
f 6077 6074 6069
f 6100 6096 6099
f 6089 6101 6102
f 6085 6089 6086
f 6101 6089 6085
f 6088 6089 6102
f 6097 6096 6100
f 6100 6099 6103
f 6103 6088 6102
f 6078 6072 6087
f 6073 6076 6091
f 6090 6075 6081
f 6074 6073 6091
f 6103 6099 6088
f 6077 6080 6075
f 6098 6096 6095
f 6088 6099 6086
f 6082 6080 6077
f 6104 6105 6106
f 6107 6108 6109
f 6110 6111 6112
f 6113 6114 6108
f 6115 6116 6117
f 6118 6119 6120
f 6121 6122 6123
f 6124 6125 6126
f 6108 6121 6109
f 6127 6128 6129
f 6130 6131 6132
f 6123 6133 6134
f 6135 6127 6136
f 6137 6138 6139
f 6134 6121 6123
f 6140 6141 6142
f 6119 6114 6120
f 6143 6144 6145
f 6115 6146 6116
f 6124 6147 6125
f 6129 6128 6148
f 6149 6150 6140
f 6117 6116 6151
f 6148 6146 6129
f 6152 6153 6112
f 6128 6107 6148
f 6109 6121 6134
f 6149 6140 6142
f 6126 6125 6154
f 6138 6137 6155
f 6151 6156 6117
f 6134 6157 6109
f 6104 6131 6105
f 6134 6141 6140
f 6158 6159 6143
f 6152 6160 6106
f 6161 6155 6137
f 6162 6133 6163
f 6114 6119 6164
f 6130 6132 6159
f 6165 6166 6154
f 6160 6167 6168
f 6108 6107 6128
f 6169 6170 6150
f 6151 6171 6156
f 6168 6106 6160
f 6110 6164 6172
f 6170 6171 6157
f 6119 6172 6164
f 6171 6151 6116
f 6107 6109 6157
f 6134 6133 6141
f 6159 6154 6144
f 6164 6122 6121
f 6124 6149 6147
f 6173 6174 6175
f 6123 6145 6133
f 6108 6128 6113
f 6116 6146 6148
f 6126 6154 6166
f 6116 6148 6171
f 6143 6153 6158
f 6148 6107 6171
f 6142 6147 6149
f 6176 6111 6172
f 6122 6110 6112
f 6165 6154 6132
f 6177 6167 6178
f 6142 6162 6147
f 6171 6107 6157
f 6130 6159 6105
f 6161 6137 6166
f 6157 6134 6140
f 6179 6112 6111
f 6106 6168 6104
f 6143 6123 6153
f 6121 6114 6164
f 6143 6159 6144
f 6159 6158 6105
f 6166 6165 6161
f 6127 6113 6128
f 6127 6135 6118
f 6176 6177 6178
f 6147 6162 6125
f 6178 6179 6111
f 6152 6112 6179
f 6133 6162 6141
f 6158 6152 6106
f 6179 6178 6160
f 6106 6105 6158
f 6129 6136 6127
f 6176 6118 6180
f 6127 6114 6113
f 6133 6145 6163
f 6178 6111 6176
f 6114 6127 6120
f 6144 6163 6145
f 6163 6144 6125
f 6108 6114 6121
f 6181 6182 6174
f 6181 6183 6182
f 6144 6154 6125
f 6163 6125 6162
f 6120 6127 6118
f 6145 6123 6143
f 6140 6170 6157
f 6131 6130 6105
f 6180 6118 6174
f 6178 6167 6160
f 6166 6137 6184
f 6175 6174 6135
f 6158 6153 6152
f 6164 6110 6122
f 6170 6169 6156
f 6154 6159 6132
f 6126 6166 6185
f 6141 6162 6142
f 6112 6153 6123
f 6156 6171 6170
f 6135 6136 6175
f 6166 6184 6185
f 6119 6118 6176
f 6119 6176 6172
f 6181 6174 6173
f 6152 6179 6160
f 6117 6186 6115
f 6172 6111 6110
f 6123 6122 6112
f 6135 6174 6118
f 6150 6170 6140
f 6187 6188 6189
f 6190 6191 6192
f 6193 6194 6195
f 6196 6197 6198
f 6199 6200 6201
f 6202 6203 6204
f 6205 6206 6207
f 6208 6209 6210
f 6211 6212 6213
f 6210 6214 6215
f 6216 6217 6218
f 6219 6220 6221
f 6191 6203 6205
f 6222 6223 6224
f 6225 6224 6226
f 6227 6228 6229
f 6230 6231 6232
f 6233 6234 6227
f 6235 6236 6237
f 6200 6238 6239
f 6240 6241 6242
f 6214 6243 6244
f 6245 6246 6247
f 6248 6246 6245
f 6249 6189 6188
f 6250 6244 6243
f 6251 6252 6253
f 6254 6196 6198
f 6255 6246 6248
f 6213 6256 6211
f 6257 6258 6259
f 6205 6219 6191
f 6225 6222 6224
f 6204 6241 6260
f 6261 6262 6263
f 6264 6204 6260
f 6228 6265 6266
f 6231 6267 6233
f 6190 6268 6203
f 6267 6234 6233
f 6203 6241 6204
f 6269 6264 6260
f 6270 6271 6272
f 6237 6273 6274
f 6219 6221 6191
f 6275 6269 6276
f 6277 6278 6279
f 6248 6280 6281
f 6282 6283 6250
f 6284 6282 6285
f 6269 6260 6240
f 6286 6217 6287
f 6288 6289 6256
f 6221 6290 6291
f 6241 6240 6260
f 6256 6292 6288
f 6293 6208 6242
f 6294 6295 6222
f 6235 6237 6296
f 6297 6278 6298
f 6266 6265 6299
f 6300 6301 6302
f 6303 6304 6305
f 6267 6306 6234
f 6307 6230 6274
f 6308 6273 6236
f 6309 6310 6311
f 6268 6241 6203
f 6280 6312 6281
f 6313 6245 6314
f 6249 6315 6197
f 6221 6291 6191
f 6284 6316 6249
f 6317 6318 6274
f 6232 6231 6233
f 6249 6188 6284
f 6319 6320 6192
f 6321 6322 6323
f 6269 6240 6276
f 6292 6256 6213
f 6324 6289 6288
f 6222 6225 6324
f 6293 6242 6241
f 6325 6294 6222
f 6326 6327 6299
f 6328 6265 6234
f 6190 6192 6329
f 6328 6234 6330
f 6226 6224 6223
f 6234 6306 6330
f 6331 6332 6333
f 6191 6291 6192
f 6334 6214 6335
f 6274 6336 6337
f 6335 6214 6338
f 6308 6336 6273
f 6276 6240 6339
f 6240 6340 6339
f 6341 6342 6343
f 6342 6341 6344
f 6340 6242 6215
f 6340 6334 6339
f 6242 6208 6210
f 6215 6242 6210
f 6345 6204 6264
f 6340 6215 6214
f 6342 6344 6346
f 6347 6348 6349
f 6350 6200 6199
f 6351 6352 6353
f 6285 6282 6243
f 6222 6354 6355
f 6356 6357 6358
f 6250 6243 6282
f 6339 6334 6335
f 6359 6213 6360
f 6216 6361 6287
f 6254 6362 6196
f 6363 6288 6292
f 6324 6325 6222
f 6364 6214 6210
f 6210 6209 6243
f 6364 6243 6214
f 6200 6239 6365
f 6327 6326 6366
f 6367 6327 6366
f 6368 6369 6370
f 6371 6187 6372
f 6367 6370 6369
f 6373 6374 6375
f 6265 6328 6326
f 6376 6377 6378
f 6379 6328 6330
f 6306 6379 6330
f 6207 6380 6205
f 6337 6336 6381
f 6382 6383 6384
f 6385 6386 6368
f 6387 6388 6373
f 6389 6390 6279
f 6391 6245 6313
f 6344 6392 6346
f 6315 6249 6316
f 6393 6394 6198
f 6315 6395 6393
f 6321 6214 6244
f 6396 6397 6398
f 6268 6293 6241
f 6292 6213 6359
f 6399 6297 6400
f 6297 6361 6400
f 6295 6361 6216
f 6288 6325 6324
f 6401 6402 6403
f 6404 6294 6325
f 6405 6283 6372
f 6197 6189 6249
f 6406 6399 6407
f 6326 6408 6366
f 6320 6409 6410
f 6306 6411 6379
f 6220 6219 6380
f 6264 6275 6345
f 6412 6413 6236
f 6411 6307 6381
f 6203 6414 6206
f 6344 6341 6415
f 6416 6417 6341
f 6391 6313 6418
f 6419 6420 6421
f 6284 6285 6422
f 6423 6424 6383
f 6315 6316 6425
f 6412 6236 6235
f 6426 6310 6427
f 6325 6288 6428
f 6429 6430 6431
f 6274 6318 6296
f 6406 6407 6389
f 6408 6326 6432
f 6366 6433 6367
f 6370 6433 6385
f 6434 6432 6328
f 6434 6379 6411
f 6435 6436 6437
f 6376 6438 6377
f 6318 6317 6439
f 6202 6204 6345
f 6233 6227 6440
f 6441 6203 6202
f 6227 6229 6440
f 6414 6442 6206
f 6345 6238 6443
f 6444 6201 6365
f 6445 6381 6446
f 6447 6448 6385
f 6229 6449 6440
f 6450 6451 6452
f 6453 6454 6451
f 6455 6226 6456
f 6355 6223 6222
f 6457 6341 6417
f 6458 6459 6209
f 6460 6209 6208
f 6461 6462 6293
f 6403 6302 6301
f 6463 6464 6465
f 6466 6395 6425
f 6393 6467 6331
f 6467 6332 6331
f 6212 6468 6252
f 6393 6395 6466
f 6461 6293 6268
f 6469 6470 6471
f 6294 6472 6295
f 6468 6212 6211
f 6252 6473 6394
f 6474 6475 6476
f 6399 6400 6407
f 6404 6325 6428
f 6203 6191 6190
f 6408 6433 6366
f 6433 6447 6385
f 6432 6434 6477
f 6478 6296 6479
f 6480 6481 6482
f 6318 6479 6296
f 6454 6452 6451
f 6454 6483 6484
f 6312 6485 6486
f 6486 6487 6445
f 6266 6262 6228
f 6317 6488 6439
f 6489 6490 6491
f 6393 6492 6467
f 6439 6493 6318
f 6494 6333 6332
f 6495 6461 6268
f 6363 6333 6496
f 6488 6233 6440
f 6497 6407 6400
f 6400 6361 6295
f 6428 6498 6404
f 6235 6499 6412
f 6404 6500 6472
f 6447 6433 6501
f 6477 6434 6502
f 6503 6484 6483
f 6504 6487 6486
f 6391 6418 6505
f 6506 6507 6508
f 6435 6437 6509
f 6510 6440 6449
f 6335 6511 6512
f 6388 6322 6405
f 6513 6455 6456
f 6466 6425 6514
f 6515 6271 6516
f 6495 6329 6517
f 6518 6519 6520
f 6428 6496 6521
f 6522 6523 6524
f 6497 6503 6407
f 6447 6525 6526
f 6502 6527 6477
f 6339 6528 6276
f 6464 6463 6529
f 6433 6527 6501
f 6275 6430 6530
f 6526 6525 6531
f 6532 6533 6415
f 6534 6535 6458
f 6468 6536 6252
f 6537 6538 6539
f 6540 6452 6484
f 6473 6252 6362
f 6499 6478 6541
f 6295 6472 6400
f 6217 6216 6287
f 6542 6505 6418
f 6443 6199 6345
f 6543 6544 6545
f 6467 6492 6546
f 6332 6467 6546
f 6221 6220 6290
f 6499 6547 6412
f 6548 6549 6550
f 6551 6552 6553
f 6517 6554 6495
f 6327 6367 6263
f 6488 6440 6555
f 6556 6557 6558
f 6200 6365 6201
f 6559 6521 6496
f 6350 6199 6443
f 6497 6560 6561
f 6472 6562 6400
f 6499 6563 6547
f 6258 6564 6565
f 6500 6566 6472
f 6500 6498 6521
f 6567 6503 6568
f 6569 6525 6447
f 6502 6501 6527
f 6414 6441 6570
f 6501 6571 6569
f 6572 6502 6573
f 6573 6574 6572
f 6532 6457 6540
f 6505 6504 6485
f 6505 6487 6504
f 6505 6542 6575
f 6574 6487 6576
f 6555 6440 6510
f 6290 6220 6577
f 6442 6201 6206
f 6511 6338 6321
f 6187 6371 6188
f 6189 6578 6187
f 6579 6580 6581
f 6582 6546 6492
f 6513 6456 6583
f 6584 6468 6211
f 6559 6585 6586
f 6362 6252 6536
f 6587 6588 6553
f 6566 6562 6472
f 6589 6590 6591
f 6592 6593 6562
f 6594 6568 6503
f 6382 6595 6596
f 6572 6574 6597
f 6598 6525 6599
f 6380 6219 6205
f 6386 6600 6557
f 6576 6487 6505
f 6601 6602 6603
f 6356 6604 6605
f 6606 6533 6607
f 6300 6608 6609
f 6534 6461 6610
f 6495 6611 6612
f 6463 6465 6613
f 6460 6462 6461
f 6571 6502 6572
f 6554 6517 6614
f 6566 6500 6615
f 6566 6592 6562
f 6500 6521 6615
f 6599 6569 6571
f 6542 6616 6575
f 6617 6618 6597
f 6449 6619 6620
f 6458 6621 6579
f 6600 6622 6557
f 6535 6621 6458
f 6623 6534 6610
f 6624 6223 6625
f 6612 6623 6610
f 6559 6586 6626
f 6582 6627 6628
f 6410 6614 6517
f 6561 6629 6594
f 6605 6405 6372
f 6615 6630 6566
f 6300 6631 6608
f 6632 6633 6568
f 6634 6572 6597
f 6463 6613 6635
f 6540 6636 6637
f 6357 6356 6362
f 6388 6638 6322
f 6434 6411 6502
f 6206 6205 6203
f 6639 6640 6565
f 6576 6505 6641
f 6214 6334 6340
f 6220 6380 6577
f 6414 6203 6441
f 6286 6297 6298
f 6616 6533 6606
f 6591 6303 6305
f 6354 6295 6216
f 6458 6642 6534
f 6503 6390 6389
f 6412 6565 6643
f 6628 6627 6489
f 6644 6489 6627
f 6591 6305 6589
f 6645 6582 6628
f 6606 6607 6646
f 6647 6648 6649
f 6554 6650 6611
f 6322 6244 6405
f 6328 6432 6326
f 6615 6521 6651
f 6594 6629 6632
f 6258 6547 6259
f 6652 6653 6654
f 6634 6599 6572
f 6636 6568 6655
f 6656 6657 6658
f 6659 6641 6575
f 6618 6576 6424
f 6279 6390 6453
f 6575 6384 6659
f 6616 6606 6660
f 6454 6453 6390
f 6525 6598 6531
f 6201 6577 6380
f 6612 6661 6623
f 6644 6579 6489
f 6412 6547 6258
f 6507 6479 6662
f 6340 6240 6242
f 6663 6353 6664
f 6491 6628 6489
f 6579 6665 6489
f 6611 6650 6612
f 6666 6667 6668
f 6649 6669 6647
f 6670 6671 6672
f 6673 6563 6674
f 6200 6350 6238
f 6675 6441 6202
f 6521 6676 6651
f 6563 6499 6541
f 6529 6304 6464
f 6629 6561 6592
f 6615 6651 6630
f 6479 6493 6662
f 6439 6662 6493
f 6677 6545 6577
f 6654 6599 6634
f 6355 6625 6223
f 6195 6322 6638
f 6582 6644 6627
f 6278 6399 6406
f 6450 6452 6416
f 6633 6655 6568
f 6400 6562 6593
f 6641 6424 6576
f 6483 6454 6390
f 6612 6610 6495
f 6424 6678 6618
f 6661 6535 6623
f 6679 6628 6680
f 6571 6572 6599
f 6612 6650 6681
f 6682 6683 6684
f 6201 6442 6570
f 6685 6686 6687
f 6629 6688 6632
f 6405 6250 6283
f 6648 6689 6649
f 6527 6433 6408
f 6614 6409 6650
f 6690 6691 6692
f 6412 6258 6565
f 6693 6694 6695
f 6696 6662 6439
f 6365 6239 6444
f 6616 6384 6575
f 6629 6592 6697
f 6697 6592 6630
f 6698 6654 6634
f 6641 6659 6384
f 6541 6674 6563
f 6311 6699 6309
f 6345 6275 6238
f 6624 6584 6583
f 6424 6641 6383
f 6595 6616 6660
f 6618 6700 6634
f 6612 6701 6661
f 6489 6621 6398
f 6641 6505 6575
f 6676 6702 6703
f 6704 6626 6705
f 6702 6626 6704
f 6679 6680 6706
f 6573 6445 6574
f 6707 6708 6709
f 6710 6676 6711
f 6535 6396 6398
f 6570 6441 6201
f 6197 6196 6356
f 6712 6637 6655
f 6713 6595 6646
f 6466 6644 6582
f 6390 6503 6483
f 6675 6202 6345
f 6641 6384 6383
f 6714 6634 6700
f 6681 6701 6612
f 6398 6715 6489
f 6491 6490 6680
f 6704 6705 6716
f 6717 6716 6705
f 6679 6706 6717
f 6364 6210 6243
f 6682 6551 6709
f 6718 6719 6518
f 6720 6629 6697
f 6721 6720 6697
f 6192 6722 6319
f 6633 6688 6723
f 6724 6490 6725
f 6214 6321 6338
f 6661 6701 6726
f 6706 6680 6724
f 6727 6728 6710
f 6698 6714 6729
f 6730 6319 6722
f 6699 6731 6732
f 6733 6734 6712
f 6586 6585 6626
f 6729 6714 6700
f 6681 6735 6701
f 6736 6725 6715
f 6737 6738 6739
f 6740 6652 6654
f 6706 6724 6741
f 6579 6581 6458
f 6272 6700 6678
f 6742 6734 6733
f 6743 6744 6745
f 6387 6638 6388
f 6746 6747 6748
f 6423 6749 6272
f 6272 6729 6700
f 6337 6381 6307
f 6750 6751 6752
f 6725 6490 6715
f 6654 6653 6598
f 6753 6374 6754
f 6657 6702 6716
f 6576 6617 6574
f 6755 6756 6757
f 6565 6640 6643
f 6369 6758 6367
f 6231 6307 6267
f 6759 6760 6761
f 6762 6685 6687
f 6426 6723 6720
f 6515 6698 6729
f 6763 6259 6547
f 6749 6270 6272
f 6280 6485 6312
f 6633 6712 6655
f 6764 6765 6766
f 6596 6767 6382
f 6768 6769 6770
f 6662 6508 6507
f 6199 6441 6675
f 6271 6515 6729
f 6677 6444 6545
f 6536 6357 6362
f 6726 6735 6736
f 6725 6741 6724
f 6657 6771 6658
f 6208 6462 6460
f 6772 6755 6691
f 6773 6774 6775
f 6776 6506 6674
f 6411 6573 6502
f 6567 6484 6503
f 6766 6765 6775
f 6207 6206 6201
f 6505 6485 6391
f 6727 6721 6728
f 6777 6767 6596
f 6360 6253 6331
f 6278 6406 6279
f 6519 6725 6520
f 6778 6476 6779
f 6609 6780 6781
f 6225 6455 6324
f 6310 6759 6427
f 6767 6777 6757
f 6742 6761 6734
f 6782 6757 6777
f 6783 6782 6777
f 6784 6785 6741
f 6648 6647 6786
f 6759 6787 6760
f 6788 6789 6608
f 6787 6759 6310
f 6547 6563 6790
f 6791 6783 6761
f 6686 6792 6687
f 6793 6749 6756
f 6767 6757 6756
f 6735 6794 6795
f 6795 6518 6520
f 6518 6796 6519
f 6360 6333 6359
f 6784 6741 6797
f 6561 6594 6497
f 6646 6798 6713
f 6682 6799 6683
f 6606 6646 6595
f 6800 6801 6587
f 6802 6773 6803
f 6426 6721 6804
f 6428 6288 6363
f 6805 6804 6727
f 6806 6448 6531
f 6661 6726 6736
f 6749 6793 6270
f 6807 6808 6809
f 6782 6791 6757
f 6719 6797 6796
f 6758 6263 6367
f 6698 6810 6740
f 6342 6346 6314
f 6270 6793 6811
f 6497 6400 6593
f 6270 6811 6812
f 6381 6445 6573
f 6384 6595 6382
f 6813 6698 6515
f 6814 6815 6695
f 6457 6417 6540
f 6816 6817 6649
f 6755 6791 6818
f 6760 6791 6761
f 6795 6718 6518
f 6305 6819 6820
f 6763 6547 6790
f 6595 6713 6596
f 6693 6809 6821
f 6698 6740 6654
f 6443 6238 6350
f 6752 6803 6822
f 6823 6824 6825
f 6826 6787 6309
f 6248 6391 6280
f 6255 6746 6748
f 6827 6746 6255
f 6441 6199 6201
f 6809 6808 6784
f 6804 6352 6351
f 6828 6664 6353
f 6811 6793 6829
f 6755 6829 6793
f 6501 6569 6447
f 6593 6560 6497
f 6607 6533 6532
f 6784 6830 6831
f 6236 6413 6308
f 6743 6792 6481
f 6306 6267 6307
f 6832 6833 6834
f 6835 6836 6837
f 6775 6816 6766
f 6814 6771 6815
f 6351 6311 6804
f 6838 6584 6624
f 6481 6686 6839
f 6692 6826 6309
f 6728 6840 6710
f 6841 6842 6811
f 6822 6803 6739
f 6718 6843 6844
f 6718 6762 6719
f 6745 6664 6695
f 6845 6846 6847
f 6848 6849 6696
f 6723 6427 6742
f 6646 6637 6798
f 6821 6694 6693
f 6746 6419 6850
f 6567 6636 6484
f 6831 6694 6821
f 6771 6809 6815
f 6752 6802 6803
f 6692 6309 6699
f 6662 6696 6508
f 6851 6778 6779
f 6555 6439 6488
f 6333 6363 6359
f 6818 6691 6755
f 6275 6264 6269
f 6711 6656 6710
f 6637 6636 6655
f 6811 6829 6841
f 6405 6244 6250
f 6718 6844 6762
f 6633 6632 6688
f 6830 6719 6762
f 6299 6265 6326
f 6755 6772 6829
f 6303 6852 6464
f 6736 6396 6661
f 6802 6774 6773
f 6808 6706 6785
f 6745 6744 6664
f 6664 6744 6663
f 6278 6277 6298
f 6444 6677 6201
f 6830 6687 6831
f 6694 6743 6745
f 6792 6694 6687
f 6292 6359 6363
f 6607 6637 6646
f 6426 6311 6310
f 6656 6658 6710
f 6243 6209 6285
f 6311 6351 6823
f 6188 6371 6283
f 6404 6472 6294
f 6787 6826 6760
f 6830 6762 6687
f 6495 6268 6190
f 6696 6555 6848
f 6739 6738 6822
f 6853 6854 6855
f 6855 6822 6738
f 6765 6764 6845
f 6856 6857 6858
f 6784 6808 6785
f 6694 6792 6743
f 6585 6559 6859
f 6711 6703 6656
f 6357 6536 6476
f 6559 6676 6860
f 6308 6861 6446
f 6691 6826 6692
f 6617 6597 6574
f 6351 6353 6862
f 6862 6823 6351
f 6661 6396 6535
f 6432 6527 6408
f 6587 6747 6850
f 6856 6861 6308
f 6814 6658 6771
f 6695 6815 6693
f 6446 6861 6445
f 6353 6663 6862
f 6856 6308 6413
f 6360 6213 6251
f 6863 6861 6856
f 6833 6832 6691
f 6864 6829 6772
f 6750 6752 6865
f 6391 6248 6245
f 6745 6695 6694
f 6484 6636 6540
f 6456 6226 6624
f 6426 6427 6723
f 6804 6311 6426
f 6413 6643 6857
f 6854 6752 6822
f 6481 6744 6743
f 6712 6734 6783
f 6705 6626 6645
f 6866 6867 6868
f 6807 6706 6808
f 6480 6663 6744
f 6281 6312 6863
f 6833 6690 6732
f 6760 6691 6818
f 6732 6731 6869
f 6834 6732 6869
f 6486 6445 6861
f 6759 6761 6427
f 6481 6480 6744
f 6413 6857 6856
f 6858 6746 6827
f 6686 6481 6792
f 6699 6732 6692
f 6870 6855 6738
f 6694 6831 6687
f 6587 6850 6800
f 6578 6356 6605
f 6540 6637 6607
f 6397 6736 6715
f 6856 6858 6863
f 6519 6741 6725
f 6353 6352 6828
f 6823 6862 6824
f 6862 6663 6824
f 6834 6833 6732
f 6869 6731 6871
f 6807 6771 6657
f 6872 6533 6542
f 6783 6777 6713
f 6290 6577 6873
f 6606 6595 6660
f 6560 6592 6561
f 6795 6794 6718
f 6735 6795 6520
f 6311 6823 6699
f 6794 6843 6718
f 6355 6354 6218
f 6663 6480 6874
f 6861 6312 6486
f 6663 6874 6824
f 6420 6857 6643
f 6731 6825 6871
f 6731 6699 6823
f 6875 6781 6673
f 6481 6839 6482
f 6844 6876 6762
f 6448 6806 6386
f 6877 6878 6879
f 6420 6858 6857
f 6777 6596 6713
f 6251 6213 6252
f 6782 6783 6791
f 6476 6536 6779
f 6251 6253 6360
f 6746 6858 6419
f 6880 6383 6382
f 6703 6702 6657
f 6637 6712 6798
f 6874 6480 6881
f 6874 6882 6824
f 6383 6880 6423
f 6209 6642 6458
f 6398 6621 6535
f 6645 6628 6679
f 6870 6738 6737
f 6847 6765 6845
f 6874 6881 6882
f 6256 6289 6455
f 6813 6810 6698
f 6823 6825 6731
f 6337 6307 6274
f 6299 6327 6262
f 6803 6773 6739
f 6346 6392 6313
f 6341 6343 6416
f 6513 6256 6455
f 6832 6772 6691
f 6864 6841 6829
f 6476 6358 6357
f 6778 6851 6672
f 6840 6728 6630
f 6370 6367 6433
f 6227 6234 6265
f 6245 6247 6314
f 6455 6289 6324
f 6747 6746 6850
f 6333 6859 6496
f 6605 6388 6405
f 6479 6318 6493
f 6570 6442 6414
f 6585 6494 6332
f 6394 6331 6253
f 6211 6513 6584
f 6507 6478 6479
f 6486 6485 6504
f 6536 6468 6779
f 6826 6691 6760
f 6336 6274 6273
f 6521 6860 6676
f 6488 6317 6232
f 6628 6491 6680
f 6855 6883 6853
f 6884 6864 6772
f 6526 6531 6448
f 6858 6827 6863
f 6847 6846 6870
f 6885 6603 6886
f 6534 6642 6461
f 6861 6863 6312
f 6531 6887 6835
f 6888 6747 6587
f 6643 6640 6889
f 6626 6585 6546
f 6854 6853 6865
f 6750 6890 6751
f 6300 6609 6891
f 6385 6368 6370
f 6409 6614 6410
f 6309 6787 6310
f 6231 6230 6307
f 6624 6226 6223
f 6455 6225 6226
f 6621 6489 6665
f 6685 6762 6876
f 6270 6516 6271
f 6358 6892 6604
f 6802 6752 6751
f 6889 6420 6643
f 6577 6201 6677
f 6313 6392 6418
f 6639 6565 6564
f 6893 6608 6789
f 6394 6393 6331
f 6717 6807 6716
f 6492 6393 6466
f 6216 6218 6354
f 6473 6198 6394
f 6344 6415 6392
f 6594 6503 6497
f 6466 6582 6492
f 6642 6209 6460
f 6692 6732 6690
f 6514 6580 6644
f 6282 6284 6283
f 6197 6356 6578
f 6737 6847 6870
f 6847 6737 6765
f 6729 6272 6271
f 6555 6696 6439
f 6658 6727 6710
f 6894 6895 6896
f 6248 6281 6255
f 6778 6672 6474
f 6265 6228 6227
f 6825 6824 6882
f 6765 6737 6775
f 6263 6758 6897
f 6380 6207 6201
f 6880 6382 6767
f 6623 6535 6534
f 6674 6875 6673
f 6199 6675 6345
f 6329 6495 6190
f 6546 6645 6626
f 6495 6554 6611
f 6727 6352 6805
f 6832 6884 6772
f 6830 6784 6719
f 6859 6494 6585
f 6842 6516 6812
f 6520 6736 6735
f 6846 6883 6855
f 6422 6514 6425
f 6898 6631 6899
f 6735 6726 6701
f 6688 6629 6720
f 6381 6336 6446
f 6645 6546 6582
f 6398 6397 6715
f 6674 6506 6875
f 6891 6781 6875
f 6461 6495 6610
f 6812 6516 6270
f 6900 6508 6849
f 6452 6454 6484
f 6901 6902 6897
f 6827 6255 6281
f 6237 6236 6273
f 6604 6373 6388
f 6592 6560 6593
f 6719 6784 6797
f 6609 6903 6780
f 6578 6605 6187
f 6424 6423 6678
f 6736 6397 6396
f 6197 6578 6189
f 6295 6354 6222
f 6760 6818 6791
f 6904 6300 6891
f 6645 6679 6705
f 6831 6821 6784
f 6563 6673 6790
f 6293 6462 6208
f 6905 6671 6670
f 6797 6741 6796
f 6252 6213 6212
f 6564 6258 6868
f 6259 6763 6906
f 6477 6527 6432
f 6404 6498 6500
f 6616 6542 6533
f 6696 6849 6508
f 6284 6422 6316
f 6419 6421 6800
f 6430 6429 6907
f 6308 6446 6336
f 6742 6733 6633
f 6643 6413 6412
f 6333 6494 6859
f 6811 6842 6812
f 6654 6598 6599
f 6906 6257 6259
f 6721 6697 6728
f 6676 6559 6626
f 6496 6859 6559
f 6230 6317 6274
f 6908 6349 6348
f 6546 6585 6332
f 6286 6287 6297
f 6783 6798 6712
f 6814 6828 6352
f 6581 6285 6459
f 6722 6192 6291
f 6721 6727 6804
f 6285 6580 6422
f 6622 6600 6909
f 6508 6910 6506
f 6790 6673 6763
f 6799 6708 6668
f 6385 6448 6386
f 6349 6911 6912
f 6604 6356 6358
f 6703 6657 6656
f 6195 6323 6322
f 6849 6848 6913
f 6478 6499 6235
f 6333 6360 6331
f 6702 6704 6716
f 6553 6888 6587
f 6848 6555 6913
f 6490 6724 6680
f 6914 6640 6639
f 6193 6387 6375
f 6915 6889 6640
f 6865 6752 6854
f 6456 6624 6583
f 6379 6434 6328
f 6420 6889 6707
f 6872 6418 6392
f 6283 6284 6188
f 6916 6538 6347
f 6426 6720 6721
f 6316 6422 6425
f 6209 6459 6285
f 6917 6766 6816
f 6564 6914 6639
f 6918 6910 6900
f 6327 6263 6262
f 6634 6597 6618
f 6296 6237 6274
f 6395 6315 6425
f 6321 6244 6322
f 6867 6564 6868
f 6748 6246 6255
f 6457 6532 6415
f 6341 6457 6415
f 6664 6828 6695
f 6668 6683 6799
f 6372 6283 6371
f 6809 6771 6807
f 6707 6889 6668
f 6780 6906 6763
f 6673 6780 6763
f 6604 6388 6605
f 6697 6630 6728
f 6889 6915 6786
f 6420 6419 6858
f 6411 6381 6573
f 6919 6920 6921
f 6417 6416 6452
f 6733 6712 6633
f 6571 6501 6502
f 6187 6605 6372
f 6254 6473 6362
f 6915 6648 6786
f 6774 6666 6922
f 6420 6707 6421
f 6914 6564 6867
f 6626 6702 6676
f 6776 6507 6506
f 6423 6272 6678
f 6907 6878 6923
f 6875 6506 6910
f 6592 6566 6630
f 6602 6601 6924
f 6602 6924 6925
f 6399 6278 6297
f 6496 6428 6363
f 6781 6780 6673
f 6197 6315 6198
f 6474 6476 6778
f 6475 6892 6476
f 6914 6648 6915
f 6892 6374 6604
f 6581 6459 6458
f 6906 6866 6868
f 6375 6926 6193
f 6423 6880 6756
f 6233 6488 6232
f 6855 6870 6846
f 6927 6921 6928
f 6281 6863 6827
f 6906 6780 6903
f 6541 6478 6776
f 6913 6555 6510
f 6773 6737 6739
f 6928 6622 6909
f 6929 6930 6931
f 6770 6600 6768
f 6931 6932 6933
f 6389 6407 6503
f 6754 6374 6934
f 6706 6807 6717
f 6905 6670 6851
f 6588 6709 6553
f 6587 6801 6588
f 6920 6469 6935
f 6741 6519 6796
f 6822 6855 6854
f 6838 6905 6584
f 6761 6742 6427
f 6228 6449 6229
f 6816 6649 6917
f 6648 6914 6936
f 6889 6786 6666
f 6800 6421 6707
f 6657 6716 6807
f 6866 6906 6903
f 6866 6893 6867
f 6671 6474 6672
f 6900 6910 6508
f 6580 6579 6644
f 6937 6938 6939
f 6892 6475 6934
f 6904 6891 6875
f 6622 6921 6925
f 6551 6553 6709
f 6689 6648 6936
f 6589 6940 6941
f 6557 6556 6386
f 6786 6647 6666
f 6779 6468 6851
f 6819 6304 6529
f 6942 6836 6943
f 6518 6719 6796
f 6944 6620 6619
f 6670 6672 6851
f 6377 6438 6722
f 6945 6946 6846
f 6473 6254 6198
f 6801 6800 6707
f 6666 6668 6889
f 6528 6431 6430
f 6449 6620 6510
f 6668 6708 6707
f 6753 6947 6926
f 6640 6914 6915
f 6925 6924 6930
f 6903 6893 6866
f 6621 6665 6579
f 6785 6706 6741
f 6228 6262 6619
f 6948 6590 6944
f 6402 6401 6949
f 6936 6950 6689
f 6944 6590 6620
f 6669 6549 6647
f 6647 6922 6666
f 6756 6880 6767
f 6707 6709 6801
f 6910 6918 6875
f 6257 6906 6868
f 6346 6313 6314
f 6617 6576 6618
f 6937 6939 6951
f 6391 6485 6280
f 6620 6941 6510
f 6903 6609 6893
f 6801 6709 6588
f 6513 6583 6584
f 6195 6638 6193
f 6917 6950 6524
f 6584 6851 6468
f 6574 6445 6487
f 6920 6935 6602
f 6851 6584 6905
f 6774 6667 6666
f 6549 6548 6922
f 6608 6893 6609
f 6471 6952 6886
f 6953 6951 6952
f 6520 6725 6736
f 6676 6703 6711
f 6373 6604 6374
f 6638 6387 6193
f 6868 6258 6257
f 6415 6872 6392
f 6948 6601 6591
f 6651 6840 6630
f 6804 6805 6352
f 6954 6955 6471
f 6667 6774 6802
f 6715 6490 6489
f 6951 6464 6852
f 6507 6776 6478
f 6514 6644 6466
f 6287 6361 6297
f 6526 6448 6447
f 6658 6814 6727
f 6548 6774 6922
f 6594 6632 6568
f 6833 6691 6690
f 6211 6256 6513
f 6727 6814 6352
f 6296 6478 6235
f 6798 6783 6713
f 6551 6682 6956
f 6723 6742 6633
f 6198 6315 6393
f 6323 6957 6321
f 6279 6406 6389
f 6737 6773 6775
f 6384 6616 6595
f 6860 6521 6559
f 6958 6631 6959
f 6932 6930 6924
f 6419 6800 6850
f 6708 6682 6709
f 6688 6720 6723
f 6941 6590 6589
f 6649 6817 6669
f 6542 6418 6872
f 6549 6669 6817
f 6540 6417 6452
f 6650 6554 6614
f 6230 6232 6317
f 6651 6676 6710
f 6922 6647 6549
f 6538 6916 6539
f 6757 6791 6755
f 6607 6532 6540
f 6899 6302 6402
f 6618 6678 6700
f 6667 6751 6668
f 6608 6958 6788
f 6747 6246 6748
f 6356 6196 6362
f 6956 6552 6551
f 6533 6872 6415
f 6766 6917 6523
f 6705 6679 6717
f 6634 6714 6698
f 6793 6756 6755
f 6950 6917 6649
f 6514 6422 6580
f 6461 6642 6460
f 6768 6837 6942
f 6521 6498 6428
f 6550 6774 6548
f 6783 6734 6761
f 6921 6622 6928
f 6674 6541 6776
f 6285 6581 6580
f 6817 6550 6549
f 6567 6568 6636
f 6960 6939 6961
f 6962 6963 6938
f 6964 6961 6965
f 6961 6966 6965
f 6967 6968 6969
f 6964 6960 6961
f 6667 6802 6751
f 6569 6599 6525
f 6683 6668 6751
f 6948 6970 6601
f 6682 6708 6799
f 6950 6649 6689
f 6966 6963 6962
f 6971 6972 6973
f 6306 6307 6411
f 6970 6262 6261
f 6335 6512 6974
f 6975 6916 6912
f 6976 6969 6968
f 6961 6963 6966
f 6867 6893 6977
f 6749 6423 6756
f 6940 6305 6978
f 6774 6550 6775
f 6816 6550 6817
f 6683 6751 6890
f 6979 6966 6962
f 6979 6976 6966
f 6262 6266 6299
f 6684 6980 6956
f 6952 6885 6886
f 6963 6961 6938
f 6901 6897 6758
f 6684 6956 6682
f 6902 6261 6897
f 6893 6789 6977
f 6529 6300 6904
f 6981 6967 6969
f 6329 6320 6517
f 6403 6463 6635
f 6937 6955 6982
f 6933 6901 6758
f 6968 6966 6976
f 6894 6376 6378
f 6524 6523 6917
f 6982 6938 6937
f 6512 6429 6431
f 6932 6901 6933
f 6984 6982 6955
f 6948 6944 6619
f 6512 6985 6986
f 6904 6918 6820
f 6820 6918 6900
f 6940 6987 6849
f 6900 6978 6820
f 6987 6900 6849
f 6875 6918 6904
f 6987 6978 6900
f 6930 6929 6925
f 6816 6775 6550
f 6968 6965 6966
f 6940 6978 6987
f 6302 6899 6300
f 6924 6902 6901
f 6402 6949 6898
f 6347 6538 6348
f 6349 6916 6347
f 6349 6912 6916
f 6556 6558 6929
f 6602 6935 6603
f 6972 6971 6946
f 6878 6429 6986
f 6538 6543 6983
f 6907 6923 6530
f 6911 6894 6912
f 6912 6894 6975
f 6635 6401 6403
f 6539 6916 6537
f 6939 6938 6961
f 6916 6975 6537
f 6883 6846 6988
f 6537 6544 6538
f 6543 6538 6544
f 6304 6303 6464
f 6444 6983 6543
f 6958 6608 6631
f 6921 6927 6919
f 6852 6952 6951
f 6764 6523 6522
f 6989 6436 6957
f 6894 6911 6895
f 6975 6894 6378
f 6544 6537 6975
f 6925 6920 6602
f 6543 6545 6444
f 6904 6820 6819
f 6984 6979 6962
f 6990 6879 6991
f 6601 6970 6902
f 6303 6591 6992
f 6952 6471 6953
f 6901 6932 6924
f 6378 6873 6975
f 6544 6975 6873
f 6529 6301 6300
f 6544 6873 6545
f 6376 6894 6896
f 6577 6545 6873
f 6952 6852 6303
f 6764 6522 6845
f 6920 6470 6469
f 6238 6923 6239
f 6435 6993 6994
f 6378 6290 6873
f 6985 6512 6995
f 6878 6877 6923
f 6940 6589 6305
f 6815 6809 6693
f 6339 6335 6974
f 6896 6438 6376
f 6989 6957 6323
f 6885 6952 6303
f 6291 6378 6377
f 6378 6291 6290
f 6238 6530 6923
f 6438 6896 6730
f 6730 6722 6438
f 6558 6925 6929
f 6530 6238 6275
f 6429 6878 6907
f 6377 6722 6291
f 6877 6879 6996
f 6430 6907 6530
f 6511 6993 6995
f 6879 6990 6996
f 6591 6603 6992
f 6556 6929 6368
f 6897 6261 6263
f 6977 6914 6867
f 6275 6528 6430
f 6997 6998 6999
f 6429 6512 6986
f 6879 6878 6986
f 6320 6319 6409
f 6528 6275 6276
f 6985 6879 6986
f 6991 6879 6985
f 6410 6517 6320
f 6919 6470 6920
f 6990 6991 6509
f 6463 6301 6529
f 6899 6631 6300
f 6512 6431 6974
f 6985 6995 6991
f 6329 6192 6320
f 6933 6369 6931
f 6991 6435 6509
f 6431 6528 6974
f 6991 6995 6435
f 7000 6999 6939
f 6528 6339 6974
f 6338 6511 6335
f 6512 6511 6995
f 6601 6902 6924
f 6435 6995 6993
f 6935 6471 6886
f 6511 6994 6993
f 6994 6511 6321
f 6435 6994 6436
f 6989 6437 6436
f 6321 6436 6994
f 7001 6998 6997
f 6436 6321 6957
f 6970 6948 6619
f 6989 6323 6195
f 6892 6934 6374
f 6194 6926 6947
f 6781 6891 6609
f 6194 6989 6195
f 6471 6470 6954
f 6591 6590 6948
f 6369 6933 6758
f 6926 6194 6193
f 6926 6375 6753
f 6375 6374 6753
f 6373 6375 6387
f 6463 6403 6301
f 6510 6941 6940
f 6510 6940 6913
f 6252 6394 6253
f 6898 6949 7002
f 6971 6973 7003
f 6369 6368 6931
f 6982 6984 6962
f 6469 6471 6935
f 6261 6902 6970
f 6846 6845 6945
f 6631 6898 7002
f 6971 7003 6988
f 6982 6962 6938
f 6613 6465 7001
f 6368 6929 6931
f 6603 6935 6886
f 6558 6557 6622
f 6927 6928 6909
f 6999 6998 6951
f 6590 6941 6620
f 6523 6764 6766
f 7004 6909 6600
f 6358 6476 6892
f 6946 6971 6846
f 6939 6960 7000
f 6603 6885 6303
f 6695 6828 6814
f 6809 6784 6821
f 6303 6992 6603
f 6939 6999 6951
f 6465 6998 7001
f 6603 6591 6601
f 6471 6955 6937
f 6913 6940 6849
f 6262 6970 6619
f 6846 6971 6988
f 6953 6937 6951
f 6840 6651 6710
f 6305 6304 6819
f 7005 6652 6740
f 6837 6531 6835
f 6529 6904 6819
f 6622 6925 6558
f 6386 6556 6368
f 6600 7006 6768
f 6820 6978 6305
f 6769 7004 6770
f 6932 6931 6930
f 6386 6806 7006
f 6653 7007 6887
f 7007 6835 6887
f 7000 6997 6999
f 7007 6836 6835
f 6403 6402 6302
f 6943 7007 6652
f 6386 7006 6600
f 6652 7008 6943
f 6953 6471 6937
f 7004 6600 6770
f 6769 6768 6942
f 6810 7005 6740
f 7005 7008 6652
f 6943 6836 7007
f 6998 6464 6951
f 7007 6653 6652
f 6887 6598 6653
f 6836 6942 6837
f 6619 6449 6228
f 6921 6920 6925
f 6531 6598 6887
f 6531 6837 6806
f 6837 6768 7006
f 6959 6631 7002
f 7006 6806 6837
f 6998 6465 6464
f 6402 6898 6899
f 7009 7010 7011
f 7012 7013 7014
f 7015 7016 7017
f 7012 7018 7019
f 7020 7021 7022
f 7023 7024 7025
f 7026 7027 7023
f 7027 7026 7028
f 7025 7029 7030
f 7016 7020 7017
f 7031 7027 7028
f 7032 7033 7034
f 7009 7035 7036
f 7037 7038 7039
f 7011 7031 7040
f 7041 7042 7043
f 7021 7044 7033
f 7023 7030 7039
f 7045 7012 7014
f 7046 7042 7047
f 7030 7023 7025
f 7042 7048 7047
f 7027 7047 7049
f 7044 7009 7036
f 7038 7040 7026
f 7040 7009 7011
f 7009 7021 7010
f 7049 7024 7023
f 7009 7040 7038
f 7022 7033 7032
f 7046 7031 7050
f 7021 7033 7022
f 7010 7051 7031
f 7021 7009 7044
f 7021 7020 7016
f 7031 7028 7040
f 7048 7049 7047
f 7038 7035 7009
f 7026 7040 7028
f 7014 7052 7045
f 7031 7046 7027
f 7047 7027 7046
f 7015 7051 7016
f 7053 7054 7055
f 7056 7057 7058
f 7010 7016 7051
f 7059 7057 7060
f 7056 7061 7062
f 7063 7064 7055
f 7051 7013 7031
f 7059 7032 7065
f 7039 7038 7026
f 7037 7066 7035
f 7013 7051 7014
f 7051 7052 7014
f 7042 7041 7048
f 7026 7023 7039
f 7015 7052 7051
f 7039 7030 7066
f 7035 7038 7037
f 7060 7057 7054
f 7066 7037 7039
f 7019 7042 7046
f 7013 7012 7050
f 7067 7068 7061
f 7050 7019 7046
f 7021 7016 7010
f 7012 7045 7018
f 7042 7019 7043
f 7031 7013 7050
f 7059 7020 7022
f 7060 7017 7020
f 7032 7059 7022
f 7069 7064 7070
f 7011 7010 7031
f 7060 7020 7059
f 7017 7060 7054
f 7019 7050 7012
f 7049 7023 7027
f 7019 7018 7043
f 7057 7059 7065
f 7065 7034 7071
f 7055 7064 7053
f 7064 7063 7070
f 7070 7072 7073
f 7054 7015 7017
f 7074 7015 7054
f 7052 7015 7074
f 7052 7074 7075
f 7045 7052 7075
f 7053 7076 7075
f 7075 7077 7045
f 7078 7043 7079
f 7018 7079 7043
f 7080 7075 7076
f 7081 7082 7083
f 7064 7069 7084
f 7085 7080 7076
f 7080 7086 7018
f 7076 7084 7085
f 7073 7087 7070
f 7018 7086 7079
f 7069 7088 7084
f 7086 7080 7085
f 7089 7065 7071
f 7090 7091 7092
f 7092 7093 7079
f 7088 7086 7085
f 7092 7079 7094
f 7095 7096 7097
f 7097 7096 7098
f 7090 7092 7099
f 7072 7070 7063
f 7100 7090 7099
f 7101 7073 7072
f 7102 7073 7101
f 7103 7073 7102
f 7076 7053 7064
f 7054 7053 7074
f 7086 7094 7079
f 7034 7065 7032
f 7104 7094 7105
f 7087 7069 7070
f 7098 7096 7106
f 7107 7073 7103
f 7095 7097 7100
f 7103 7081 7083
f 7105 7108 7106
f 7080 7018 7077
f 7087 7108 7086
f 7109 7095 7099
f 7099 7104 7109
f 7075 7074 7053
f 7095 7109 7096
f 7078 7079 7093
f 7108 7105 7094
f 7108 7087 7106
f 7083 7082 7106
f 7106 7087 7107
f 7099 7095 7100
f 7087 7088 7069
f 7096 7109 7105
f 7083 7107 7103
f 7084 7076 7064
f 7097 7098 7110
f 7077 7075 7080
f 7111 7112 7113
f 7061 7112 7111
f 7093 7092 7091
f 7073 7107 7087
f 7110 7114 7097
f 7089 7057 7065
f 7084 7088 7085
f 7115 7106 7082
f 7077 7018 7045
f 7078 7093 7091
f 7104 7099 7092
f 7086 7108 7094
f 7105 7109 7104
f 7111 7067 7061
f 7098 7106 7115
f 7113 7112 7116
f 7094 7104 7092
f 7061 7056 7112
f 7105 7106 7096
f 7086 7088 7087
f 7106 7107 7083
f 7056 7116 7112
f 7068 7067 7117
f 7068 7062 7061
f 7116 7056 7058
f 7062 7057 7056
f 7117 7072 7068
f 7063 7062 7068
f 7089 7116 7058
f 7055 7057 7062
f 7072 7117 7101
f 7063 7068 7072
f 7062 7063 7055
f 7057 7089 7058
f 7057 7055 7054
f 7120 7121 7122
f 7120 7123 7124
f 7119 7118 7125
f 7126 7127 7128
f 7128 7129 7130
f 7131 7132 7133
f 7133 7132 7134
f 7125 7126 7119
f 7121 7124 7136
f 7137 7138 7139
f 7131 7133 7122
f 7124 7140 7136
f 7122 7126 7128
f 7141 7136 7138
f 7129 7128 7127
f 7126 7135 7119
f 7142 7143 7144
f 7142 7145 7139
f 7140 7124 7146
f 7142 7147 7145
f 7148 7149 7150
f 7139 7145 7151
f 7152 7153 7147
f 7154 7155 7149
f 7147 7153 7145
f 7145 7156 7151
f 7147 7157 7152
f 7126 7122 7133
f 7158 7159 7151
f 7160 7159 7161
f 7136 7141 7121
f 7120 7128 7130
f 7130 7123 7120
f 7144 7147 7142
f 7144 7163 7147
f 7126 7133 7134
f 7147 7163 7157
f 7122 7128 7120
f 7121 7120 7124
f 7123 7130 7129
f 7150 7155 7163
f 7138 7160 7164
f 7157 7163 7155
f 7149 7155 7150
f 7140 7143 7139
f 7122 7121 7131
f 7152 7157 7155
f 7162 7131 7121
f 7142 7139 7143
f 7140 7138 7136
f 7155 7154 7152
f 7143 7140 7146
f 7125 7127 7126
f 7166 7161 7165
f 7161 7159 7167
f 7137 7139 7151
f 7156 7158 7151
f 7159 7158 7167
f 7141 7164 7162
f 7141 7162 7121
f 7138 7164 7141
f 7160 7161 7166
f 7139 7138 7140
f 7138 7159 7160
f 7159 7138 7137
f 7137 7151 7159
f 7168 7169 7170
f 7171 7172 7173
f 7174 7175 7176
f 7177 7178 7176
f 7179 7180 7181
f 7182 7176 7179
f 7176 7182 7177
f 7183 7184 7185
f 7183 7185 7186
f 7183 7188 7184
f 7189 7190 7191
f 7181 7192 7182
f 7193 7194 7187
f 7195 7196 7197
f 7198 7173 7172
f 7194 7193 7181
f 7181 7199 7192
f 7186 7189 7183
f 7188 7183 7191
f 7179 7176 7175
f 7176 7178 7173
f 7175 7200 7180
f 7199 7181 7193
f 7200 7201 7202
f 7199 7203 7192
f 7203 7199 7193
f 7191 7190 7204
f 7175 7205 7206
f 7207 7208 7206
f 7194 7181 7180
f 7209 7210 7211
f 7181 7182 7179
f 7206 7212 7213
f 7197 7187 7194
f 7171 7169 7168
f 7214 7209 7211
f 7173 7174 7176
f 7187 7197 7196
f 7215 7216 7217
f 7213 7212 7218
f 7202 7195 7197
f 7175 7180 7179
f 7197 7180 7202
f 7218 7212 7220
f 7180 7197 7194
f 7221 7220 7212
f 7221 7208 7222
f 7223 7219 7195
f 7173 7198 7174
f 7224 7200 7175
f 7195 7202 7223
f 7211 7213 7218
f 7168 7225 7172
f 7218 7220 7214
f 7213 7210 7201
f 7206 7172 7225
f 7216 7226 7217
f 7225 7227 7228
f 7218 7214 7211
f 7213 7200 7224
f 7170 7227 7168
f 7228 7229 7225
f 7222 7208 7207
f 7230 7225 7229
f 7221 7212 7208
f 7224 7175 7206
f 7170 7231 7227
f 7213 7224 7206
f 7231 7228 7227
f 7232 7233 7234
f 7235 7236 7229
f 7237 7238 7239
f 7235 7229 7228
f 7213 7201 7200
f 7231 7233 7232
f 7180 7200 7202
f 7209 7214 7240
f 7231 7232 7235
f 7241 7242 7243
f 7210 7213 7211
f 7212 7206 7208
f 7172 7171 7168
f 7205 7172 7206
f 7229 7244 7230
f 7174 7205 7175
f 7205 7198 7172
f 7232 7245 7235
f 7236 7244 7229
f 7174 7198 7205
f 7246 7230 7247
f 7248 7219 7223
f 7201 7249 7223
f 7250 7251 7223
f 7250 7252 7251
f 7250 7253 7252
f 7230 7244 7254
f 7250 7249 7253
f 7255 7249 7256
f 7255 7256 7210
f 7210 7256 7201
f 7249 7255 7253
f 7245 7232 7234
f 7207 7246 7222
f 7201 7223 7202
f 7236 7257 7258
f 7209 7255 7210
f 7250 7223 7249
f 7255 7209 7240
f 7256 7249 7201
f 7248 7223 7251
f 7235 7259 7257
f 7260 7243 7261
f 7227 7225 7168
f 7184 7262 7263
f 7244 7260 7254
f 7259 7245 7264
f 7264 7234 7265
f 7258 7241 7243
f 7264 7266 7259
f 7267 7216 7215
f 7207 7230 7246
f 7258 7244 7236
f 7257 7266 7268
f 7258 7268 7241
f 7269 7266 7270
f 7244 7258 7243
f 7259 7266 7257
f 7264 7271 7270
f 7272 7239 7238
f 7241 7237 7273
f 7242 7241 7273
f 7254 7274 7275
f 7272 7238 7276
f 7268 7237 7241
f 7277 7278 7279
f 7270 7271 7226
f 7225 7230 7207
f 7280 7276 7267
f 7273 7237 7239
f 7237 7269 7281
f 7260 7274 7254
f 7273 7239 7242
f 7267 7281 7216
f 7282 7243 7242
f 7277 7283 7284
f 7284 7261 7282
f 7278 7284 7282
f 7285 7274 7261
f 7286 7287 7288
f 7191 7183 7189
f 7269 7270 7226
f 7263 7215 7186
f 7259 7235 7245
f 7257 7268 7258
f 7242 7289 7282
f 7263 7280 7267
f 7228 7231 7235
f 7261 7243 7282
f 7215 7263 7267
f 7280 7263 7262
f 7262 7286 7280
f 7216 7269 7226
f 7234 7264 7245
f 7287 7283 7288
f 7265 7271 7264
f 7266 7290 7268
f 7289 7242 7239
f 7237 7268 7290
f 7288 7279 7276
f 7276 7281 7267
f 7290 7269 7237
f 7243 7260 7244
f 7257 7236 7235
f 7283 7279 7288
f 7186 7185 7263
f 7279 7272 7276
f 7279 7278 7272
f 7237 7281 7238
f 7266 7269 7290
f 7238 7281 7276
f 7264 7270 7266
f 7233 7231 7170
f 7247 7230 7254
f 7288 7276 7280
f 7284 7285 7261
f 7274 7260 7261
f 7283 7285 7284
f 7207 7206 7225
f 7279 7283 7277
f 7289 7278 7282
f 7286 7288 7280
f 7185 7184 7263
f 7272 7278 7289
f 7239 7272 7289
f 7254 7275 7247
f 7186 7215 7217
f 7216 7281 7269
f 7277 7284 7278
f 7297 7294 7298
f 7294 7295 7296
f 7299 7294 7296
f 7299 7298 7294
f 7300 7301 7302
f 7301 7300 7303
f 7304 7305 7306
f 7308 7307 7309
f 7307 7310 7309
f 7311 7312 7313
f 7314 7315 7316
f 7318 7301 7303
f 7304 7318 7320
f 7315 7321 7312
f 7322 7323 7292
f 7327 7328 7329
f 7330 7297 7298
f 7323 7331 7310
f 7332 7333 7334
f 7330 7335 7304
f 7336 7337 7338
f 7322 7292 7293
f 7339 7340 7324
f 7341 7334 7342
f 7342 7302 7345
f 7342 7334 7346
f 7339 7347 7340
f 7304 7348 7337
f 7349 7317 7326
f 7350 7338 7351
f 7309 7321 7308
f 7321 7315 7308
f 7315 7314 7308
f 7310 7331 7321
f 7331 7312 7321
f 7352 7301 7318
f 7291 7292 7310
f 7292 7323 7310
f 7319 7354 7353
f 7355 7312 7311
f 7319 7314 7316
f 7311 7316 7315
f 7331 7356 7312
f 7315 7312 7355
f 7315 7355 7311
f 7313 7316 7311
f 7336 7356 7331
f 7312 7356 7357
f 7348 7306 7338
f 7338 7337 7348
f 7336 7350 7356
f 7354 7319 7316
f 7312 7357 7313
f 7322 7331 7323
f 7358 7313 7357
f 7337 7336 7331
f 7294 7322 7293
f 7349 7325 7317
f 7343 7345 7301
f 7326 7359 7349
f 7337 7331 7322
f 7351 7357 7350
f 7318 7360 7320
f 7358 7316 7313
f 7330 7337 7297
f 7358 7354 7316
f 7304 7337 7330
f 7357 7361 7358
f 7322 7294 7337
f 7361 7357 7351
f 7330 7298 7335
f 7309 7310 7321
f 7294 7297 7337
f 7338 7350 7336
f 7338 7306 7351
f 7357 7356 7350
f 7351 7362 7361
f 7351 7306 7362
f 7304 7306 7348
f 7306 7305 7362
f 7352 7363 7301
f 7352 7304 7335
f 7320 7305 7304
f 7335 7363 7352
f 7342 7329 7341
f 7304 7352 7318
f 7364 7365 7366
f 7363 7344 7343
f 7363 7343 7301
f 7318 7303 7360
f 7301 7345 7302
f 7341 7332 7334
f 7346 7302 7342
f 7341 7329 7328
f 7328 7332 7341
f 7365 7367 7366
f 7364 7333 7368
f 7333 7364 7334
f 7365 7368 7333
f 7333 7369 7365
f 7365 7369 7367
f 7369 7333 7332
f 7370 7369 7332
f 7365 7364 7368
f 7370 7367 7369
f 7371 7372 7373
f 7377 7378 7379
f 7380 7381 7382
f 7383 7384 7375
f 7385 7386 7387
f 7388 7389 7381
f 7386 7390 7387
f 7384 7383 7391
f 7392 7393 7394
f 7371 7395 7372
f 7396 7385 7387
f 7372 7397 7398
f 7399 7400 7401
f 7402 7403 7391
f 7404 7405 7374
f 7383 7399 7391
f 7406 7398 7407
f 7408 7409 7410
f 7411 7412 7413
f 7414 7415 7400
f 7416 7417 7408
f 7408 7418 7419
f 7420 7408 7417
f 7421 7422 7423
f 7378 7404 7424
f 7410 7400 7425
f 7426 7427 7419
f 7399 7409 7428
f 7422 7429 7423
f 7430 7424 7404
f 7428 7409 7431
f 7408 7420 7431
f 7383 7432 7412
f 7393 7433 7394
f 7434 7430 7404
f 7413 7412 7432
f 7423 7429 7397
f 7415 7437 7406
f 7390 7438 7387
f 7415 7407 7425
f 7400 7415 7425
f 7392 7432 7393
f 7402 7417 7439
f 7440 7386 7385
f 7382 7393 7432
f 7441 7442 7435
f 7423 7397 7372
f 7396 7440 7385
f 7434 7404 7374
f 7410 7443 7418
f 7386 7405 7404
f 7437 7415 7414
f 7418 7443 7444
f 7414 7399 7412
f 7434 7439 7430
f 7436 7435 7442
f 7387 7438 7396
f 7439 7424 7430
f 7386 7404 7390
f 7422 7421 7443
f 7392 7411 7413
f 7390 7404 7377
f 7440 7405 7386
f 7407 7415 7406
f 7423 7372 7395
f 7397 7407 7398
f 7383 7376 7432
f 7414 7411 7437
f 7381 7393 7382
f 7445 7437 7411
f 7425 7407 7397
f 7411 7392 7445
f 7382 7432 7376
f 7404 7378 7377
f 7438 7390 7377
f 7414 7400 7399
f 7401 7400 7410
f 7429 7425 7397
f 7429 7410 7425
f 7392 7413 7432
f 7410 7429 7422
f 7422 7443 7410
f 7421 7444 7443
f 7376 7383 7375
f 7410 7418 7408
f 7401 7409 7399
f 7412 7399 7383
f 7419 7418 7444
f 7391 7399 7428
f 7431 7409 7408
f 7408 7419 7427
f 7431 7420 7428
f 7440 7441 7405
f 7384 7391 7403
f 7428 7420 7391
f 7381 7380 7388
f 7378 7427 7426
f 7391 7420 7417
f 7391 7417 7402
f 7379 7378 7426
f 7427 7424 7416
f 7378 7424 7427
f 7414 7412 7411
f 7439 7417 7416
f 7393 7381 7433
f 7410 7409 7401
f 7424 7439 7416
f 7381 7389 7433
f 7416 7408 7427
f 7379 7438 7377
f 7446 7447 7448
f 7449 7450 7451
f 7452 7453 7454
f 7455 7456 7457
f 7458 7459 7460
f 7461 7462 7463
f 7464 7465 7466
f 7457 7467 7468
f 7469 7462 7470
f 7471 7464 7472
f 7473 7474 7475
f 7476 7477 7478
f 7479 7480 7481
f 7482 7483 7484
f 7485 7486 7487
f 7488 7489 7490
f 7491 7492 7493
f 7455 7494 7495
f 7448 7496 7474
f 7458 7497 7488
f 7473 7448 7474
f 7452 7462 7498
f 7446 7499 7500
f 7501 7466 7502
f 7503 7500 7499
f 7475 7474 7496
f 7472 7464 7504
f 7492 7505 7493
f 7485 7506 7507
f 7508 7495 7509
f 7485 7510 7480
f 7459 7465 7460
f 7496 7448 7478
f 7511 7512 7513
f 7514 7447 7515
f 7448 7473 7446
f 7484 7512 7482
f 7473 7516 7517
f 7466 7518 7502
f 7519 7471 7520
f 7521 7522 7509
f 7523 7511 7513
f 7502 7518 7524
f 7525 7450 7517
f 7526 7527 7489
f 7517 7450 7528
f 7478 7529 7496
f 7530 7531 7532
f 7494 7455 7533
f 7534 7452 7498
f 7535 7536 7537
f 7453 7538 7539
f 7523 7540 7511
f 7510 7535 7480
f 7541 7542 7525
f 7543 7544 7545
f 7546 7475 7547
f 7463 7532 7493
f 7548 7479 7549
f 7550 7447 7551
f 7489 7497 7526
f 7552 7469 7543
f 7537 7536 7553
f 7501 7532 7552
f 7537 7446 7500
f 7554 7472 7545
f 7555 7456 7455
f 7556 7489 7527
f 7543 7472 7552
f 7557 7558 7559
f 7503 7549 7500
f 7560 7461 7505
f 7561 7535 7510
f 7543 7469 7544
f 7461 7463 7493
f 7533 7482 7494
f 7562 7563 7485
f 7446 7473 7499
f 7499 7517 7528
f 7491 7532 7531
f 7448 7476 7478
f 7557 7544 7558
f 7564 7509 7494
f 7565 7509 7566
f 7479 7548 7507
f 7567 7568 7547
f 7458 7488 7459
f 7488 7569 7459
f 7483 7482 7533
f 7463 7462 7469
f 7570 7540 7523
f 7571 7534 7572
f 7479 7507 7506
f 7551 7453 7571
f 7549 7481 7500
f 7570 7569 7490
f 7553 7515 7537
f 7527 7526 7573
f 7475 7567 7547
f 7541 7568 7542
f 7485 7480 7506
f 7574 7551 7514
f 7468 7492 7491
f 7569 7488 7490
f 7470 7575 7469
f 7576 7498 7462
f 7503 7499 7528
f 7505 7492 7568
f 7554 7545 7557
f 7529 7461 7560
f 7524 7530 7502
f 7551 7571 7550
f 7484 7531 7530
f 7577 7549 7503
f 7451 7467 7456
f 7545 7544 7557
f 7572 7578 7550
f 7489 7556 7490
f 7515 7553 7514
f 7502 7530 7501
f 7578 7477 7476
f 7509 7495 7494
f 7514 7553 7579
f 7560 7496 7529
f 7531 7468 7491
f 7535 7537 7481
f 7472 7520 7471
f 7572 7550 7571
f 7544 7575 7558
f 7580 7581 7508
f 7501 7552 7504
f 7447 7514 7551
f 7505 7461 7493
f 7558 7575 7454
f 7582 7508 7565
f 7525 7517 7516
f 7503 7528 7583
f 7580 7584 7581
f 7560 7567 7496
f 7497 7489 7488
f 7585 7586 7464
f 7571 7453 7534
f 7567 7560 7505
f 7460 7465 7586
f 7545 7472 7543
f 7552 7472 7504
f 7525 7516 7541
f 7568 7567 7505
f 7538 7587 7539
f 7539 7454 7453
f 7504 7466 7501
f 7588 7482 7511
f 7462 7452 7470
f 7578 7576 7477
f 7459 7518 7465
f 7583 7577 7503
f 7547 7568 7589
f 7475 7546 7473
f 7447 7476 7448
f 7471 7585 7464
f 7516 7546 7589
f 7516 7473 7546
f 7465 7518 7466
f 7536 7535 7561
f 7479 7506 7480
f 7542 7451 7525
f 7568 7541 7589
f 7583 7528 7590
f 7580 7591 7584
f 7564 7482 7521
f 7459 7569 7518
f 7567 7475 7496
f 7477 7461 7529
f 7517 7499 7473
f 7452 7575 7470
f 7492 7468 7542
f 7531 7484 7483
f 7457 7483 7533
f 7493 7532 7491
f 7536 7579 7553
f 7576 7462 7461
f 7453 7452 7534
f 7446 7515 7447
f 7521 7482 7588
f 7556 7540 7570
f 7572 7498 7578
f 7586 7465 7464
f 7501 7530 7532
f 7522 7566 7509
f 7589 7546 7547
f 7592 7514 7579
f 7572 7534 7498
f 7593 7583 7590
f 7487 7562 7485
f 7550 7476 7447
f 7513 7569 7570
f 7450 7449 7590
f 7455 7457 7533
f 7486 7485 7507
f 7483 7468 7531
f 7570 7490 7556
f 7492 7542 7568
f 7484 7530 7524
f 7451 7584 7449
f 7569 7513 7518
f 7512 7511 7482
f 7554 7520 7472
f 7551 7587 7538
f 7587 7551 7574
f 7552 7463 7469
f 7542 7468 7467
f 7592 7574 7514
f 7516 7589 7541
f 7509 7564 7521
f 7581 7584 7555
f 7528 7450 7590
f 7512 7484 7524
f 7457 7468 7483
f 7529 7478 7477
f 7467 7451 7542
f 7467 7457 7456
f 7525 7451 7450
f 7524 7518 7513
f 7584 7591 7590
f 7513 7512 7524
f 7578 7498 7576
f 7564 7494 7482
f 7532 7463 7552
f 7479 7481 7549
f 7582 7591 7580
f 7508 7509 7565
f 7593 7590 7591
f 7453 7551 7538
f 7495 7508 7581
f 7495 7555 7455
f 7575 7452 7454
f 7570 7523 7513
f 7469 7575 7544
f 7584 7590 7449
f 7537 7500 7481
f 7588 7522 7521
f 7581 7555 7495
f 7451 7555 7584
f 7454 7559 7558
f 7461 7477 7576
f 7480 7535 7481
f 7446 7537 7515
f 7476 7550 7578
f 7555 7451 7456
f 7464 7466 7504
f 7580 7508 7582
f 7594 7595 7596
f 7597 7598 7599
f 7595 7594 7600
f 7601 7602 7596
f 7603 7604 7605
f 7606 7607 7601
f 7608 7609 7610
f 7611 7612 7608
f 7613 7597 7614
f 7607 7602 7601
f 7606 7601 7615
f 7612 7616 7617
f 7618 7619 7620
f 7621 7622 7623
f 7624 7625 7626
f 7627 7622 7628
f 7629 7630 7631
f 7604 7632 7606
f 7605 7604 7615
f 7605 7615 7633
f 7634 7635 7636
f 7602 7594 7596
f 7604 7637 7632
f 7606 7615 7604
f 7603 7637 7604
f 7610 7618 7620
f 7638 7597 7639
f 7605 7633 7603
f 7640 7637 7603
f 7641 7610 7609
f 7594 7638 7600
f 7625 7642 7643
f 7644 7645 7646
f 7607 7606 7647
f 7639 7600 7638
f 7648 7649 7642
f 7648 7629 7649
f 7650 7651 7652
f 7641 7609 7612
f 7612 7611 7616
f 7653 7654 7655
f 7656 7654 7653
f 7643 7657 7658
f 7626 7643 7658
f 7659 7645 7660
f 7627 7628 7661
f 7630 7662 7663
f 7657 7664 7658
f 7665 7666 7667
f 7668 7669 7640
f 7670 7671 7672
f 7622 7621 7673
f 7674 7675 7676
f 7659 7660 7677
f 7678 7612 7679
f 7616 7611 7680
f 7681 7619 7682
f 7671 7683 7666
f 7684 7685 7686
f 7629 7631 7635
f 7687 7658 7664
f 7657 7642 7688
f 7683 7689 7627
f 7617 7616 7652
f 7690 7691 7692
f 7650 7663 7651
f 7621 7693 7673
f 7619 7681 7620
f 7674 7676 7693
f 7612 7694 7641
f 7665 7667 7695
f 7621 7623 7696
f 7662 7697 7663
f 7649 7629 7635
f 7698 7630 7663
f 7683 7661 7699
f 7648 7630 7629
f 7694 7685 7618
f 7627 7661 7683
f 7699 7700 7701
f 7702 7672 7691
f 7618 7641 7694
f 7676 7620 7681
f 7703 7704 7680
f 7705 7646 7659
f 7703 7680 7706
f 7669 7632 7637
f 7627 7623 7622
f 7641 7618 7610
f 7628 7632 7669
f 7652 7704 7650
f 7673 7707 7647
f 7675 7708 7709
f 7694 7686 7685
f 7661 7700 7699
f 7614 7710 7613
f 7690 7711 7702
f 7707 7607 7647
f 7683 7712 7667
f 7683 7699 7712
f 7679 7612 7617
f 7713 7676 7681
f 7649 7714 7688
f 7661 7668 7700
f 7613 7713 7682
f 7707 7602 7607
f 7684 7682 7685
f 7689 7671 7696
f 7713 7613 7710
f 7691 7672 7666
f 7597 7638 7614
f 7715 7617 7652
f 7598 7613 7682
f 7608 7610 7670
f 7623 7627 7689
f 7716 7717 7718
f 7628 7669 7661
f 7719 7720 7721
f 7722 7687 7720
f 7723 7705 7722
f 7597 7613 7598
f 7680 7611 7608
f 7720 7664 7717
f 7665 7691 7666
f 7720 7719 7722
f 7721 7716 7724
f 7725 7719 7726
f 7721 7717 7716
f 7610 7620 7675
f 7660 7662 7624
f 7705 7723 7646
f 7722 7725 7723
f 7722 7705 7687
f 7727 7711 7728
f 7729 7670 7672
f 7659 7687 7705
f 7720 7717 7721
f 7664 7720 7687
f 7644 7656 7653
f 7646 7645 7659
f 7730 7598 7684
f 7664 7731 7717
f 7725 7722 7719
f 7675 7674 7696
f 7659 7658 7687
f 7678 7694 7612
f 7732 7711 7690
f 7701 7695 7712
f 7655 7645 7653
f 7718 7717 7733
f 7717 7731 7733
f 7664 7657 7731
f 7658 7659 7677
f 7711 7727 7702
f 7731 7734 7733
f 7731 7657 7734
f 7672 7671 7666
f 7702 7727 7680
f 7682 7713 7681
f 7710 7676 7713
f 7728 7680 7727
f 7735 7706 7728
f 7692 7691 7665
f 7677 7626 7658
f 7684 7598 7682
f 7614 7594 7602
f 7695 7667 7712
f 7655 7660 7645
f 7663 7650 7698
f 7619 7618 7685
f 7661 7669 7668
f 7736 7714 7635
f 7614 7638 7594
f 7712 7699 7701
f 7666 7683 7667
f 7610 7675 7709
f 7634 7736 7635
f 7677 7660 7626
f 7689 7696 7623
f 7737 7738 7739
f 7631 7630 7698
f 7654 7662 7655
f 7739 7740 7706
f 7632 7628 7647
f 7729 7680 7608
f 7707 7676 7710
f 7738 7737 7636
f 7598 7730 7599
f 7622 7673 7628
f 7738 7635 7631
f 7670 7709 7671
f 7647 7628 7673
f 7739 7706 7735
f 7738 7740 7739
f 7669 7637 7640
f 7696 7671 7708
f 7741 7726 7742
f 7741 7742 7743
f 7657 7688 7734
f 7655 7662 7660
f 7744 7743 7742
f 7602 7710 7614
f 7738 7636 7635
f 7645 7644 7653
f 7724 7745 7721
f 7746 7741 7743
f 7673 7693 7707
f 7631 7740 7738
f 7706 7740 7703
f 7747 7748 7746
f 7740 7631 7698
f 7709 7708 7671
f 7703 7740 7650
f 7742 7726 7745
f 7698 7650 7740
f 7719 7745 7726
f 7714 7649 7635
f 7626 7660 7624
f 7650 7704 7703
f 7743 7744 7747
f 7746 7743 7747
f 7648 7625 7630
f 7624 7630 7625
f 7625 7648 7642
f 7719 7721 7745
f 7728 7711 7735
f 7649 7688 7642
f 7675 7620 7676
f 7749 7735 7711
f 7710 7602 7707
f 7707 7693 7676
f 7709 7670 7610
f 7706 7680 7728
f 7662 7630 7624
f 7697 7662 7654
f 7616 7704 7652
f 7702 7680 7729
f 7663 7697 7651
f 7704 7616 7680
f 7734 7688 7714
f 7682 7619 7685
f 7612 7609 7608
f 7702 7691 7690
f 7608 7670 7729
f 7732 7749 7711
f 7643 7626 7625
f 7683 7671 7689
f 7632 7647 7606
f 7643 7642 7657
f 7675 7696 7708
f 7674 7621 7696
f 7672 7702 7729
f 7693 7621 7674
f 7751 7752 7753
f 7757 7758 7755
f 7759 7760 7761
f 7755 7762 7763
f 7757 7756 7764
f 7765 7766 7752
f 7761 7767 7768
f 7752 7766 7753
f 7769 7770 7771
f 7750 7772 7773
f 7777 7765 7752
f 7776 7755 7763
f 7778 7771 7779
f 7776 7763 7760
f 7780 7781 7782
f 7760 7767 7761
f 7783 7784 7785
f 7785 7782 7781
f 7754 7786 7787
f 7767 7769 7777
f 7788 7773 7772
f 7790 7781 7780
f 7778 7769 7771
f 7769 7778 7792
f 7771 7770 7789
f 7792 7793 7777
f 7761 7751 7759
f 7793 7765 7777
f 7752 7761 7777
f 7756 7757 7755
f 7789 7790 7771
f 7774 7794 7772
f 7766 7775 7753
f 7772 7794 7788
f 7786 7791 7787
f 7761 7768 7777
f 7769 7792 7777
f 7768 7767 7777
f 7771 7790 7779
f 7781 7790 7789
f 7755 7758 7762
f 7781 7783 7785
f 7752 7751 7761
f 7759 7776 7760
f 7795 7796 7797
f 7798 7799 7800
f 7801 7802 7803
f 7804 7805 7806
f 7806 7807 7808
f 7809 7810 7811
f 7799 7796 7812
f 7813 7802 7805
f 7814 7815 7816
f 7817 7818 7819
f 7802 7801 7820
f 7821 7820 7822
f 7821 7823 7820
f 7824 7825 7826
f 7827 7828 7825
f 7800 7829 7798
f 7809 7813 7830
f 7831 7812 7826
f 7796 7811 7810
f 7811 7832 7809
f 7833 7834 7835
f 7836 7837 7838
f 7836 7826 7837
f 7799 7811 7796
f 7831 7825 7829
f 7802 7807 7805
f 7839 7840 7841
f 7842 7841 7840
f 7812 7795 7843
f 7844 7801 7845
f 7796 7810 7797
f 7825 7831 7826
f 7829 7846 7798
f 7825 7824 7827
f 7845 7803 7798
f 7825 7828 7829
f 7809 7830 7839
f 7799 7831 7800
f 7798 7832 7799
f 7803 7813 7832
f 7829 7800 7831
f 7802 7813 7803
f 7798 7846 7845
f 7847 7848 7849
f 7833 7850 7834
f 7850 7833 7851
f 7852 7848 7853
f 7803 7845 7801
f 7819 7818 7842
f 7854 7855 7847
f 7814 7816 7852
f 7856 7857 7858
f 7828 7846 7829
f 7859 7860 7861
f 7861 7862 7863
f 7864 7865 7866
f 7855 7867 7847
f 7863 7868 7869
f 7870 7871 7868
f 7871 7872 7873
f 7874 7869 7873
f 7875 7876 7859
f 7850 7877 7834
f 7878 7863 7862
f 7875 7859 7869
f 7860 7876 7879
f 7876 7860 7859
f 7861 7869 7859
f 7880 7841 7842
f 7881 7882 7795
f 7883 7884 7885
f 7841 7833 7835
f 7863 7869 7861
f 7872 7871 7886
f 7887 7879 7876
f 7888 7854 7847
f 7889 7890 7891
f 7892 7886 7871
f 7893 7894 7895
f 7813 7805 7830
f 7818 7817 7896
f 7895 7884 7897
f 7883 7898 7899
f 7889 7891 7900
f 7814 7856 7815
f 7831 7799 7812
f 7808 7896 7806
f 7840 7819 7842
f 7819 7804 7817
f 7826 7812 7843
f 7841 7901 7839
f 7892 7878 7836
f 7839 7804 7840
f 7902 7898 7903
f 7843 7837 7826
f 7797 7810 7901
f 7810 7809 7839
f 7865 7814 7904
f 7858 7898 7905
f 7890 7889 7906
f 7806 7817 7804
f 7804 7819 7840
f 7907 7844 7908
f 7823 7808 7807
f 7909 7884 7910
f 7795 7812 7796
f 7893 7906 7911
f 7912 7879 7913
f 7893 7890 7906
f 7845 7828 7914
f 7911 7915 7893
f 7890 7893 7895
f 7911 7916 7915
f 7899 7898 7857
f 7917 7918 7827
f 7900 7891 7919
f 7915 7894 7893
f 7920 7921 7922
f 7923 7924 7849
f 7925 7909 7910
f 7884 7883 7897
f 7857 7891 7890
f 7915 7910 7894
f 7926 7888 7847
f 7897 7899 7895
f 7890 7895 7857
f 7910 7895 7894
f 7867 7853 7847
f 7910 7884 7895
f 7895 7899 7857
f 7898 7858 7857
f 7899 7897 7883
f 7927 7864 7928
f 7847 7849 7926
f 7885 7884 7909
f 7851 7833 7841
f 7904 7852 7853
f 7908 7912 7913
f 7917 7827 7824
f 7848 7847 7853
f 7881 7835 7834
f 7929 7878 7862
f 7862 7917 7929
f 7910 7915 7925
f 7925 7916 7930
f 7931 7918 7932
f 7814 7865 7856
f 7902 7816 7933
f 7855 7934 7867
f 7926 7849 7924
f 7869 7868 7871
f 7935 7821 7822
f 7907 7936 7937
f 7938 7939 7940
f 7852 7904 7814
f 7856 7865 7864
f 7913 7941 7942
f 7904 7934 7943
f 7944 7945 7921
f 7867 7904 7853
f 7937 7822 7907
f 7925 7915 7916
f 7939 7946 7940
f 7871 7870 7892
f 7868 7863 7878
f 7838 7892 7836
f 7945 7848 7852
f 7914 7828 7918
f 7804 7830 7805
f 7815 7856 7858
f 7892 7870 7878
f 7902 7920 7816
f 7845 7914 7844
f 7835 7797 7841
f 7918 7828 7827
f 7923 7849 7848
f 7837 7795 7882
f 7933 7816 7815
f 7867 7934 7904
f 7858 7905 7815
f 7924 7923 7944
f 7887 7876 7875
f 7902 7903 7920
f 7891 7856 7919
f 7797 7881 7795
f 7921 7920 7947
f 7922 7852 7816
f 7904 7943 7865
f 7919 7948 7900
f 7888 7926 7936
f 7935 7822 7949
f 7837 7843 7795
f 7933 7898 7902
f 7869 7874 7875
f 7880 7851 7841
f 7865 7943 7950
f 7820 7907 7822
f 7920 7922 7816
f 7947 7920 7903
f 7873 7869 7871
f 7929 7917 7824
f 7807 7802 7823
f 7803 7832 7798
f 7945 7852 7922
f 7926 7937 7936
f 7932 7918 7917
f 7903 7898 7883
f 7933 7905 7898
f 7860 7879 7912
f 7826 7836 7824
f 7822 7937 7949
f 7926 7924 7937
f 7928 7864 7866
f 7914 7931 7860
f 7801 7844 7951
f 7922 7921 7945
f 7881 7797 7835
f 7815 7905 7933
f 7806 7896 7817
f 7941 7888 7942
f 7951 7907 7820
f 7832 7813 7809
f 7924 7935 7949
f 7950 7866 7865
f 7799 7832 7811
f 7908 7936 7907
f 7948 7940 7946
f 7856 7891 7857
f 7824 7836 7929
f 7936 7942 7888
f 7918 7931 7914
f 7806 7805 7807
f 7931 7861 7860
f 7844 7914 7912
f 7845 7846 7828
f 7870 7868 7878
f 7862 7931 7932
f 7844 7907 7951
f 7942 7908 7913
f 7924 7949 7937
f 7924 7944 7935
f 7936 7908 7942
f 7901 7841 7797
f 7844 7912 7908
f 7940 7864 7927
f 7952 7940 7948
f 7932 7917 7862
f 7848 7945 7923
f 7929 7836 7878
f 7931 7862 7861
f 7804 7839 7830
f 7801 7951 7820
f 7856 7864 7952
f 7810 7839 7901
f 7945 7944 7923
f 7854 7888 7941
f 7860 7912 7914
f 7952 7864 7940
f 7919 7856 7952
f 7823 7802 7820
f 7948 7919 7952
f 7953 7954 7955
f 7956 7957 7958
f 7959 7960 7961
f 7962 7963 7964
f 7965 7962 7966
f 7967 7966 7968
f 7969 7957 7970
f 7971 7960 7972
f 7964 7973 7974
f 7975 7976 7977
f 7978 7979 7956
f 7980 7981 7982
f 7973 7983 7984
f 7985 7986 7987
f 7975 7977 7988
f 7989 7990 7991
f 7992 7993 7994
f 7974 7995 7962
f 7996 7997 7998
f 7999 8000 8001
f 8002 7978 8003
f 8004 8005 8006
f 8007 8008 7969
f 8009 8010 8011
f 8012 7980 7982
f 8013 7989 7981
f 8014 8015 7984
f 7966 8016 7968
f 7992 7994 8003
f 8017 8018 8019
f 7993 7996 7994
f 7958 7959 7961
f 8020 7974 8015
f 8021 7953 7955
f 8022 8023 8024
f 8022 7968 8016
f 8025 7962 7995
f 8025 8016 7966
f 8026 8027 8028
f 8022 8029 8023
f 8029 8022 8016
f 8003 7978 7992
f 8020 8025 7995
f 8029 8016 8025
f 8020 8030 8031
f 7971 8032 8033
f 8034 8023 8035
f 8036 8037 8038
f 8039 8040 8041
f 8038 8042 8043
f 8044 8009 8011
f 8044 8045 8043
f 7984 7983 8046
f 8030 8003 8047
f 8003 7994 8047
f 8020 8031 8029
f 7995 7974 8020
f 8048 8049 8050
f 8051 8052 8053
f 8054 7981 8055
f 8056 8057 8010
f 8041 8058 8039
f 8035 8059 8060
f 7999 8001 8027
f 8035 8061 8062
f 8059 8023 8063
f 8029 8031 8063
f 8056 8010 8009
f 8064 8065 8066
f 7957 7969 7958
f 7969 7970 8007
f 8045 8067 8038
f 8047 7994 8017
f 8017 7994 8068
f 8067 8011 8069
f 8031 8030 8070
f 8071 8040 8039
f 8072 8073 8000
f 8074 7977 7976
f 8075 7977 8062
f 8063 8076 8059
f 8068 7994 7998
f 8005 7975 7988
f 8059 8061 8060
f 8039 8014 8071
f 8077 8046 8078
f 8019 8053 8017
f 8031 8070 8076
f 8050 8049 8079
f 7990 7989 8080
f 8081 7975 8082
f 8062 8074 8034
f 8076 8063 8031
f 8074 7976 8083
f 7977 8075 8084
f 8053 8059 8076
f 8061 8059 8052
f 7991 8079 8049
f 8071 8085 8086
f 8087 8088 8089
f 8090 7956 7958
f 8057 8091 8092
f 8091 8057 8056
f 8038 8067 8036
f 7977 8084 7988
f 8093 7953 8021
f 8094 8033 8065
f 7980 8072 8013
f 8027 8095 7999
f 8051 8005 8084
f 7969 8008 7959
f 7970 7957 8096
f 7984 8097 8014
f 8052 8084 8075
f 8053 8052 8059
f 7998 8018 8068
f 8005 7986 8006
f 8017 8070 8047
f 7975 8081 7976
f 8059 8035 8023
f 8072 7999 8013
f 8017 8076 8070
f 8095 8026 7990
f 8029 8025 8020
f 8017 8068 8018
f 8053 8076 8017
f 8023 8034 8024
f 8009 8044 8056
f 7983 8044 8043
f 8000 7999 8072
f 7966 7967 7965
f 8085 7984 8046
f 8081 8087 7976
f 7980 8013 7981
f 7986 8051 8053
f 8053 7987 7986
f 8027 8089 8088
f 8098 8069 8011
f 8099 8088 8100
f 8071 8014 8097
f 8100 8087 8081
f 7984 8085 8097
f 8018 8101 8019
f 8036 8067 8069
f 7971 8102 7997
f 8030 8015 8002
f 8019 7987 8053
f 8084 8005 7988
f 8082 8004 8081
f 8004 8100 8081
f 8026 8095 8027
f 7987 8019 8101
f 8004 8099 8100
f 8073 7980 8103
f 8099 8028 8088
f 7986 7985 8006
f 8099 8004 8104
f 8028 8099 8104
f 8104 8004 8105
f 8006 7985 8105
f 7985 7987 8106
f 8055 7989 8107
f 8089 8027 8001
f 8103 7980 8012
f 8106 7987 8064
f 8064 7987 8101
f 8028 8104 8105
f 8065 8064 8101
f 8026 8028 8108
f 8108 8028 8105
f 8106 8108 7985
f 8064 8066 8050
f 8050 8106 8064
f 7961 7960 7997
f 8050 8079 8106
f 8108 8106 7991
f 7991 8106 8079
f 8109 8066 8065
f 8080 8095 7990
f 8073 8072 7980
f 7991 8107 7989
f 8049 8107 7991
f 8110 8107 8049
f 8095 8013 7999
f 8055 8107 8054
f 8071 8086 8040
f 7981 8054 7982
f 8096 7957 8111
f 7990 8026 8108
f 8085 8046 8077
f 7954 7959 8008
f 7954 8008 7955
f 8041 8040 8086
f 7979 8058 8111
f 8033 8109 8065
f 8007 8112 8008
f 8089 8001 8000
f 7998 7994 7996
f 8044 8011 8067
f 7966 7962 8025
f 7958 7969 7959
f 8045 8038 8043
f 8036 8069 8098
f 8061 8052 8075
f 7997 7996 8090
f 7971 7997 7960
f 8105 7985 8108
f 8038 8037 8042
f 8024 7968 8022
f 8035 8060 8061
f 7961 7997 8090
f 8044 7983 8056
f 8056 7973 8091
f 8102 7998 7997
f 8091 7963 8092
f 7991 7990 8108
f 8094 8065 8101
f 8102 8018 7998
f 7983 8043 8042
f 8048 8110 8049
f 8005 8004 8082
f 8094 7971 8033
f 7978 7956 7993
f 7956 7979 7957
f 7975 8005 8082
f 8062 8061 8075
f 8013 8095 8080
f 8078 7983 8042
f 8034 8035 8062
f 7981 7989 8055
f 8063 8023 8029
f 7965 7967 8092
f 8051 7986 8005
f 8077 8086 8085
f 8047 8070 8030
f 7983 7973 8056
f 7956 8090 7993
f 7963 8091 7973
f 8088 8087 8100
f 8084 8052 8051
f 8045 8044 8067
f 7962 7964 7974
f 7977 8074 8062
f 8094 8018 8102
f 8092 7963 7965
f 7959 7954 7960
f 8039 8058 7979
f 7954 7953 7960
f 7983 8078 8046
f 8093 7972 7953
f 7984 8015 7973
f 8039 7978 8014
f 7962 7965 7963
f 8094 8102 7971
f 8090 7958 7961
f 7963 7973 7964
f 7996 7993 8090
f 8028 8027 8088
f 8032 7972 8093
f 8113 8089 8000
f 8087 8083 7976
f 7989 8013 8080
f 8087 8113 8083
f 8089 8113 8087
f 8094 8101 8018
f 8015 8030 8020
f 7960 7953 7972
f 8039 7979 7978
f 8071 8097 8085
f 8111 7957 7979
f 8105 8004 8006
f 8002 8003 8030
f 7974 7973 8015
f 8002 8015 8014
f 8032 7971 7972
f 8002 8014 7978
f 7978 7993 7992
f 8114 8115 8116
f 8117 8118 8119
f 8120 8121 8122
f 8123 8124 8125
f 8126 8127 8128
f 8114 8129 8130
f 8131 8132 8133
f 8126 8128 8134
f 8135 8136 8137
f 8138 8139 8140
f 8141 8142 8143
f 8144 8145 8146
f 8147 8148 8149
f 8150 8151 8152
f 8153 8151 8154
f 8155 8156 8157
f 8158 8136 8159
f 8160 8156 8155
f 8161 8162 8163
f 8148 8164 8165
f 8166 8167 8168
f 8169 8170 8171
f 8137 8136 8172
f 8173 8152 8151
f 8174 8175 8176
f 8177 8178 8179
f 8160 8180 8181
f 8182 8183 8184
f 8151 8185 8173
f 8185 8151 8153
f 8186 8187 8188
f 8159 8136 8150
f 8173 8185 8171
f 8150 8152 8159
f 8153 8189 8185
f 8190 8191 8192
f 8193 8194 8195
f 8196 8197 8198
f 8199 8200 8121
f 8201 8202 8203
f 8204 8130 8205
f 8206 8207 8208
f 8140 8149 8209
f 8210 8211 8212
f 8213 8214 8133
f 8173 8159 8152
f 8164 8215 8165
f 8216 8185 8190
f 8170 8173 8171
f 8216 8171 8185
f 8135 8217 8150
f 8218 8219 8163
f 8217 8146 8145
f 8220 8221 8179
f 8159 8173 8208
f 8157 8222 8223
f 8220 8179 8178
f 8207 8206 8224
f 8138 8140 8225
f 8146 8226 8184
f 8156 8227 8157
f 8211 8210 8228
f 8229 8230 8138
f 8231 8232 8233
f 8132 8131 8234
f 8189 8218 8185
f 8235 8131 8133
f 8191 8190 8218
f 8236 8228 8182
f 8237 8186 8188
f 8186 8238 8121
f 8239 8122 8240
f 8193 8205 8202
f 8241 8216 8190
f 8217 8226 8146
f 8242 8184 8226
f 8144 8123 8181
f 8124 8183 8210
f 8243 8244 8245
f 8158 8207 8136
f 8192 8191 8246
f 8182 8228 8183
f 8130 8204 8115
f 8121 8200 8240
f 8221 8247 8214
f 8236 8212 8211
f 8147 8248 8116
f 8119 8206 8208
f 8167 8249 8215
f 8140 8139 8248
f 8219 8250 8161
f 8232 8251 8252
f 8161 8163 8219
f 8200 8199 8253
f 8114 8248 8139
f 8230 8223 8176
f 8232 8231 8191
f 8246 8191 8254
f 8187 8186 8255
f 8169 8171 8256
f 8242 8198 8197
f 8220 8247 8221
f 8257 8172 8207
f 8258 8259 8260
f 8261 8262 8141
f 8256 8241 8192
f 8255 8121 8120
f 8129 8176 8175
f 8166 8215 8164
f 8140 8248 8147
f 8125 8263 8200
f 8261 8141 8143
f 8193 8202 8194
f 8248 8114 8116
f 8167 8193 8195
f 8155 8157 8264
f 8265 8169 8117
f 8228 8236 8211
f 8140 8209 8225
f 8227 8156 8201
f 8120 8266 8255
f 8122 8267 8120
f 8263 8240 8200
f 8268 8269 8270
f 8162 8161 8250
f 8247 8220 8235
f 8136 8135 8150
f 8241 8190 8192
f 8191 8231 8254
f 8218 8232 8191
f 8224 8257 8207
f 8271 8214 8213
f 8124 8123 8144
f 8272 8157 8223
f 8135 8127 8217
f 8273 8233 8234
f 8196 8274 8275
f 8276 8196 8275
f 8151 8264 8223
f 8129 8139 8176
f 8246 8277 8192
f 8163 8162 8251
f 8131 8235 8278
f 8271 8221 8214
f 8147 8116 8148
f 8136 8207 8172
f 8135 8137 8134
f 8279 8280 8169
f 8198 8242 8226
f 8275 8274 8244
f 8223 8222 8176
f 8274 8281 8282
f 8257 8224 8283
f 8251 8232 8163
f 8126 8143 8127
f 8277 8279 8192
f 8284 8224 8206
f 8149 8140 8147
f 8274 8245 8244
f 8235 8220 8259
f 8145 8285 8264
f 8268 8270 8277
f 8124 8144 8146
f 8217 8127 8226
f 8119 8286 8284
f 8176 8138 8230
f 8127 8143 8142
f 8205 8166 8204
f 8277 8270 8279
f 8180 8155 8264
f 8162 8252 8251
f 8260 8287 8118
f 8166 8168 8215
f 8139 8129 8114
f 8157 8174 8222
f 8260 8118 8258
f 8267 8266 8120
f 8166 8164 8204
f 8157 8227 8174
f 8146 8184 8124
f 8233 8232 8288
f 8246 8268 8277
f 8289 8127 8142
f 8119 8284 8206
f 8204 8164 8115
f 8196 8182 8197
f 8290 8125 8200
f 8154 8291 8219
f 8134 8257 8292
f 8124 8263 8125
f 8208 8265 8119
f 8121 8293 8199
f 8240 8210 8294
f 8263 8124 8210
f 8253 8290 8200
f 8148 8116 8164
f 8269 8259 8258
f 8232 8218 8163
f 8187 8255 8266
f 8117 8119 8265
f 8175 8174 8227
f 8295 8130 8175
f 8296 8126 8134
f 8240 8122 8121
f 8263 8210 8240
f 8282 8245 8274
f 8203 8205 8130
f 8208 8158 8159
f 8297 8118 8117
f 8225 8250 8229
f 8298 8126 8296
f 8292 8296 8134
f 8142 8299 8289
f 8250 8219 8229
f 8219 8291 8230
f 8184 8242 8197
f 8231 8233 8254
f 8269 8258 8297
f 8264 8272 8223
f 8278 8268 8246
f 8176 8222 8174
f 8230 8291 8154
f 8297 8280 8270
f 8157 8272 8264
f 8224 8284 8283
f 8169 8297 8117
f 8280 8297 8169
f 8283 8292 8257
f 8199 8300 8253
f 8173 8170 8208
f 8122 8239 8267
f 8227 8295 8175
f 8299 8142 8281
f 8160 8155 8180
f 8261 8143 8126
f 8298 8262 8261
f 8289 8198 8226
f 8286 8292 8283
f 8218 8189 8219
f 8153 8154 8189
f 8137 8172 8134
f 8134 8128 8135
f 8150 8217 8145
f 8145 8151 8150
f 8278 8269 8268
f 8260 8259 8220
f 8201 8295 8227
f 8273 8278 8246
f 8256 8216 8241
f 8233 8288 8234
f 8215 8249 8165
f 8167 8215 8168
f 8269 8297 8270
f 8274 8196 8198
f 8115 8164 8116
f 8166 8193 8167
f 8145 8144 8285
f 8178 8287 8260
f 8178 8260 8220
f 8121 8238 8293
f 8212 8239 8294
f 8183 8228 8210
f 8198 8299 8274
f 8171 8216 8256
f 8273 8254 8233
f 8280 8279 8270
f 8210 8212 8294
f 8180 8144 8181
f 8264 8151 8145
f 8239 8212 8267
f 8276 8236 8196
f 8115 8114 8130
f 8247 8133 8214
f 8141 8281 8142
f 8256 8279 8169
f 8230 8229 8219
f 8234 8278 8273
f 8238 8186 8237
f 8289 8226 8127
f 8286 8283 8284
f 8282 8281 8301
f 8256 8192 8279
f 8169 8265 8208
f 8202 8205 8203
f 8118 8297 8258
f 8269 8278 8259
f 8118 8287 8119
f 8300 8199 8293
f 8193 8166 8205
f 8170 8169 8208
f 8128 8127 8135
f 8172 8257 8134
f 8176 8139 8138
f 8261 8126 8298
f 8138 8225 8229
f 8254 8273 8246
f 8232 8252 8288
f 8198 8289 8299
f 8264 8285 8180
f 8197 8182 8184
f 8295 8201 8203
f 8239 8240 8294
f 8141 8301 8281
f 8235 8259 8278
f 8144 8180 8285
f 8183 8124 8184
f 8130 8129 8175
f 8130 8295 8203
f 8286 8119 8287
f 8154 8151 8223
f 8190 8185 8218
f 8300 8293 8238
f 8154 8219 8189
f 8281 8274 8299
f 8196 8236 8182
f 8207 8158 8208
f 8131 8278 8234
f 8154 8223 8230
f 8247 8235 8133
f 8302 8195 8194
f 8121 8255 8186
f 8303 8304 8305
f 8307 8308 8309
f 8310 8313 8314
f 8315 8316 8317
f 8318 8319 8320
f 8316 8315 8321
f 8322 8307 8323
f 8324 8325 8326
f 8329 8330 8331
f 8332 8333 8334
f 8322 8335 8307
f 8304 8303 8336
f 8337 8338 8339
f 8329 8340 8330
f 8334 8333 8323
f 8341 8342 8343
f 8311 8310 8344
f 8345 8346 8325
f 8309 8323 8307
f 8348 8349 8350
f 8351 8336 8338
f 8352 8353 8340
f 8337 8351 8338
f 8319 8318 8333
f 8355 8356 8339
f 8335 8322 8318
f 8336 8357 8358
f 8319 8332 8360
f 8309 8334 8323
f 8332 8361 8362
f 8329 8352 8340
f 8347 8314 8313
f 8304 8359 8305
f 8317 8316 8363
f 8311 8344 8358
f 8314 8364 8324
f 8336 8351 8304
f 8331 8330 8342
f 8343 8330 8360
f 8327 8316 8321
f 8332 8362 8360
f 8324 8364 8365
f 8314 8347 8366
f 8366 8347 8306
f 8326 8325 8368
f 8342 8369 8331
f 8317 8370 8371
f 8360 8372 8343
f 8373 8331 8369
f 8322 8333 8318
f 8367 8371 8370
f 8369 8342 8341
f 8375 8373 8369
f 8357 8311 8358
f 8359 8304 8376
f 8317 8371 8377
f 8344 8310 8314
f 8358 8344 8368
f 8337 8339 8354
f 8336 8303 8357
f 8377 8349 8378
f 8356 8355 8349
f 8339 8371 8367
f 8335 8348 8307
f 8378 8348 8335
f 8340 8374 8328
f 8325 8379 8368
f 8379 8325 8346
f 8330 8343 8342
f 8377 8371 8356
f 8362 8372 8360
f 8326 8314 8324
f 8344 8314 8326
f 8311 8357 8312
f 8344 8326 8368
f 8355 8350 8349
f 8378 8315 8377
f 8321 8335 8320
f 8379 8358 8368
f 8338 8379 8346
f 8339 8338 8346
f 8380 8348 8350
f 8371 8339 8356
f 8338 8336 8358
f 8346 8355 8339
f 8378 8335 8315
f 8345 8355 8346
f 8367 8354 8339
f 8308 8307 8380
f 8380 8307 8348
f 8321 8328 8327
f 8335 8321 8315
f 8360 8330 8319
f 8366 8364 8314
f 8338 8358 8379
f 8340 8353 8374
f 8333 8332 8319
f 8349 8377 8356
f 8345 8325 8324
f 8365 8350 8355
f 8340 8319 8330
f 8303 8312 8357
f 8377 8315 8317
f 8324 8355 8345
f 8320 8328 8321
f 8318 8320 8335
f 8365 8355 8324
f 8319 8340 8320
f 8378 8349 8348
f 8320 8340 8328
f 8361 8332 8334
f 8323 8333 8322
f 8381 8382 8383
f 8384 8385 8386
f 8387 8388 8389
f 8390 8391 8392
f 8393 8394 8395
f 8396 8397 8398
f 8399 8400 8401
f 8388 8387 8402
f 8403 8404 8405
f 8402 8387 8406
f 8407 8408 8409
f 8410 8411 8412
f 8388 8413 8414
f 8415 8416 8417
f 8418 8419 8420
f 8421 8422 8397
f 8423 8424 8425
f 8426 8427 8428
f 8429 8430 8431
f 8432 8433 8434
f 8435 8433 8436
f 8437 8438 8439
f 8440 8441 8442
f 8443 8444 8445
f 8446 8447 8448
f 8449 8450 8451
f 8452 8407 8409
f 8427 8443 8445
f 8453 8454 8455
f 8456 8451 8383
f 8456 8383 8457
f 8458 8410 8412
f 8459 8460 8461
f 8462 8401 8400
f 8455 8463 8453
f 8464 8465 8466
f 8467 8440 8468
f 8424 8469 8425
f 8392 8470 8390
f 8471 8472 8462
f 8440 8442 8468
f 8414 8391 8388
f 8468 8473 8467
f 8474 8475 8418
f 8476 8467 8473
f 8424 8477 8469
f 8478 8464 8479
f 8407 8452 8465
f 8480 8481 8482
f 8483 8484 8470
f 8453 8485 8454
f 8486 8487 8488
f 8466 8465 8399
f 8487 8489 8490
f 8491 8492 8493
f 8417 8494 8495
f 8496 8497 8498
f 8448 8499 8500
f 8501 8459 8502
f 8503 8504 8505
f 8506 8507 8508
f 8489 8509 8510
f 8489 8511 8466
f 8496 8512 8513
f 8491 8514 8507
f 8493 8496 8513
f 8509 8488 8513
f 8515 8509 8516
f 8506 8508 8517
f 8518 8519 8520
f 8507 8521 8491
f 8505 8504 8462
f 8521 8522 8492
f 8487 8514 8488
f 8512 8496 8498
f 8478 8479 8458
f 8515 8510 8509
f 8504 8399 8401
f 8487 8490 8399
f 8488 8489 8486
f 8466 8511 8410
f 8517 8514 8487
f 8438 8411 8516
f 8512 8516 8509
f 8489 8487 8486
f 8503 8487 8399
f 8509 8489 8488
f 8504 8503 8399
f 8477 8523 8469
f 8435 8436 8524
f 8508 8507 8514
f 8466 8399 8490
f 8515 8410 8511
f 8507 8522 8521
f 8488 8493 8513
f 8492 8491 8521
f 8514 8517 8508
f 8411 8410 8515
f 8498 8438 8512
f 8462 8504 8401
f 8514 8491 8493
f 8489 8466 8490
f 8487 8503 8517
f 8496 8493 8492
f 8511 8489 8510
f 8389 8497 8492
f 8424 8525 8477
f 8526 8425 8476
f 8510 8515 8511
f 8512 8509 8513
f 8411 8515 8516
f 8492 8497 8496
f 8527 8419 8418
f 8493 8488 8514
f 8492 8522 8389
f 8528 8529 8530
f 8516 8512 8438
f 8497 8389 8498
f 8474 8530 8485
f 8531 8532 8533
f 8525 8534 8535
f 8479 8466 8410
f 8529 8528 8500
f 8447 8446 8420
f 8536 8442 8393
f 8537 8475 8538
f 8484 8483 8412
f 8408 8407 8539
f 8540 8518 8541
f 8542 8455 8454
f 8532 8543 8533
f 8470 8392 8483
f 8544 8382 8381
f 8418 8500 8474
f 8545 8546 8426
f 8438 8437 8411
f 8547 8548 8549
f 8418 8420 8446
f 8527 8550 8551
f 8481 8519 8552
f 8523 8432 8394
f 8430 8429 8545
f 8544 8538 8475
f 8537 8418 8475
f 8553 8420 8554
f 8555 8556 8533
f 8557 8456 8423
f 8381 8415 8544
f 8557 8425 8555
f 8430 8558 8559
f 8560 8397 8422
f 8386 8561 8562
f 8456 8543 8451
f 8500 8446 8448
f 8563 8554 8419
f 8418 8537 8527
f 8450 8415 8381
f 8381 8451 8450
f 8469 8476 8425
f 8474 8500 8528
f 8523 8394 8441
f 8551 8563 8419
f 8383 8564 8457
f 8557 8533 8456
f 8456 8533 8543
f 8446 8500 8418
f 8560 8422 8538
f 8519 8546 8520
f 8391 8565 8392
f 8537 8538 8422
f 8453 8534 8485
f 8537 8422 8527
f 8495 8566 8560
f 8494 8567 8445
f 8495 8494 8566
f 8449 8543 8532
f 8449 8568 8450
f 8390 8484 8439
f 8569 8385 8443
f 8525 8424 8457
f 8570 8384 8386
f 8394 8393 8441
f 8524 8463 8455
f 8422 8421 8550
f 8384 8571 8572
f 8533 8556 8531
f 8431 8430 8573
f 8432 8477 8574
f 8553 8447 8420
f 8539 8465 8464
f 8476 8469 8467
f 8459 8461 8502
f 8450 8568 8416
f 8560 8566 8397
f 8481 8569 8519
f 8400 8399 8465
f 8531 8556 8558
f 8524 8455 8542
f 8390 8498 8388
f 8538 8495 8560
f 8456 8424 8423
f 8400 8465 8452
f 8415 8495 8538
f 8428 8545 8426
f 8565 8483 8392
f 8501 8460 8459
f 8576 8417 8577
f 8577 8428 8576
f 8500 8499 8529
f 8578 8452 8563
f 8578 8421 8547
f 8539 8407 8465
f 8539 8464 8478
f 8577 8568 8430
f 8430 8532 8531
f 8494 8398 8397
f 8541 8518 8579
f 8428 8567 8576
f 8545 8428 8577
f 8416 8415 8450
f 8547 8396 8572
f 8386 8480 8561
f 8462 8400 8548
f 8398 8445 8444
f 8458 8479 8410
f 8433 8432 8574
f 8483 8458 8412
f 8443 8384 8444
f 8462 8548 8571
f 8480 8386 8385
f 8479 8464 8466
f 8433 8580 8434
f 8474 8564 8382
f 8545 8577 8430
f 8451 8381 8383
f 8387 8389 8406
f 8520 8429 8579
f 8427 8445 8567
f 8550 8421 8578
f 8569 8426 8519
f 8579 8429 8541
f 8435 8580 8433
f 8384 8572 8444
f 8457 8564 8485
f 8467 8441 8440
f 8457 8485 8534
f 8449 8451 8543
f 8523 8477 8432
f 8419 8554 8420
f 8570 8571 8384
f 8530 8529 8454
f 8463 8535 8453
f 8384 8443 8385
f 8546 8545 8429
f 8546 8429 8520
f 8471 8462 8570
f 8426 8546 8519
f 8501 8536 8460
f 8570 8462 8571
f 8563 8452 8409
f 8481 8552 8482
f 8439 8484 8437
f 8422 8550 8527
f 8532 8430 8568
f 8412 8411 8437
f 8567 8417 8576
f 8579 8518 8520
f 8495 8415 8417
f 8528 8530 8474
f 8394 8581 8395
f 8417 8416 8577
f 8518 8540 8582
f 8419 8527 8551
f 8397 8396 8421
f 8519 8518 8552
f 8583 8480 8482
f 8570 8562 8471
f 8443 8427 8426
f 8470 8484 8390
f 8454 8485 8530
f 8561 8480 8583
f 8549 8548 8400
f 8385 8569 8480
f 8475 8474 8382
f 8456 8457 8424
f 8542 8435 8524
f 8477 8525 8535
f 8563 8409 8554
f 8443 8426 8569
f 8568 8449 8532
f 8432 8434 8394
f 8572 8571 8547
f 8562 8570 8386
f 8541 8429 8431
f 8402 8413 8388
f 8549 8452 8578
f 8477 8535 8463
f 8436 8433 8574
f 8547 8571 8548
f 8558 8430 8531
f 8535 8534 8453
f 8438 8498 8439
f 8494 8397 8566
f 8559 8573 8430
f 8390 8439 8498
f 8578 8551 8550
f 8388 8391 8390
f 8582 8552 8518
f 8428 8427 8567
f 8388 8498 8389
f 8415 8538 8544
f 8555 8533 8557
f 8457 8534 8525
f 8484 8412 8437
f 8475 8382 8544
f 8568 8577 8416
f 8400 8452 8549
f 8569 8481 8480
f 8393 8395 8581
f 8382 8564 8383
f 8460 8393 8581
f 8396 8398 8572
f 8580 8394 8434
f 8541 8431 8573
f 8441 8467 8523
f 8574 8524 8436
f 8423 8425 8557
f 8442 8441 8393
f 8547 8549 8578
f 8421 8396 8547
f 8472 8505 8462
f 8477 8463 8524
f 8398 8494 8445
f 8567 8494 8417
f 8526 8476 8473
f 8469 8523 8467
f 8444 8572 8398
f 8536 8393 8460
f 8564 8474 8485
f 8551 8578 8563
f 8524 8574 8477
f 8406 8575 8402
f 8584 8585 8586
f 8587 8588 8589
f 8590 8591 8592
f 8593 8594 8595
f 8596 8597 8598
f 8599 8600 8601
f 8602 8603 8604
f 8605 8606 8607
f 8608 8609 8610
f 8611 8612 8613
f 8614 8615 8616
f 8617 8618 8619
f 8620 8621 8622
f 8623 8624 8625
f 8626 8586 8585
f 8627 8628 8617
f 8629 8630 8631
f 8632 8633 8634
f 8635 8636 8615
f 8637 8601 8638
f 8639 8640 8641
f 8637 8642 8643
f 8633 8644 8645
f 8646 8647 8648
f 8644 8632 8649
f 8606 8650 8651
f 8643 8642 8644
f 8652 8653 8654
f 8584 8655 8656
f 8657 8658 8659
f 8660 8590 8661
f 8662 8592 8663
f 8664 8665 8666
f 8584 8656 8585
f 8667 8668 8629
f 8639 8641 8669
f 8622 8670 8671
f 8668 8667 8671
f 8672 8620 8622
f 8671 8667 8672
f 8673 8674 8675
f 8676 8672 8667
f 8621 8670 8622
f 8676 8677 8672
f 8641 8621 8657
f 8678 8587 8589
f 8679 8680 8681
f 8654 8682 8652
f 8622 8671 8672
f 8618 8628 8683
f 8684 8685 8686
f 8601 8637 8687
f 8688 8624 8689
f 8690 8691 8692
f 8693 8694 8695
f 8632 8644 8633
f 8610 8696 8658
f 8638 8642 8637
f 8697 8698 8699
f 8600 8594 8700
f 8701 8646 8683
f 8594 8702 8700
f 8703 8620 8704
f 8604 8705 8706
f 8707 8600 8599
f 8663 8697 8699
f 8685 8708 8695
f 8608 8709 8607
f 8710 8675 8674
f 8600 8707 8594
f 8666 8711 8698
f 8712 8637 8643
f 8713 8714 8715
f 8713 8716 8717
f 8718 8585 8656
f 8719 8643 8649
f 8696 8659 8658
f 8645 8642 8638
f 8720 8625 8721
f 8653 8722 8654
f 8723 8724 8725
f 8586 8686 8685
f 8726 8677 8676
f 8727 8625 8720
f 8728 8702 8594
f 8715 8729 8730
f 8731 8732 8733
f 8656 8598 8718
f 8734 8675 8735
f 8736 8737 8738
f 8739 8668 8639
f 8740 8599 8687
f 8683 8741 8742
f 8590 8743 8744
f 8745 8746 8747
f 8705 8604 8736
f 8748 8612 8749
f 8742 8750 8683
f 8746 8692 8737
f 8683 8646 8751
f 8589 8752 8753
f 8608 8754 8635
f 8629 8755 8630
f 8756 8757 8758
f 8687 8759 8760
f 8761 8689 8724
f 8615 8762 8645
f 8687 8637 8759
f 8616 8615 8636
f 8728 8763 8744
f 8762 8633 8645
f 8601 8608 8764
f 8765 8733 8766
f 8767 8768 8769
f 8770 8771 8744
f 8721 8772 8773
f 8700 8709 8774
f 8619 8692 8746
f 8763 8770 8744
f 8749 8591 8771
f 8749 8612 8591
f 8775 8767 8776
f 8707 8777 8778
f 8779 8772 8721
f 8650 8660 8661
f 8613 8612 8780
f 8772 8779 8681
f 8699 8662 8663
f 8665 8664 8731
f 8698 8711 8781
f 8769 8768 8782
f 8781 8711 8630
f 8771 8770 8749
f 8733 8765 8731
f 8758 8630 8756
f 8740 8687 8679
f 8631 8741 8629
f 8651 8650 8783
f 8784 8785 8786
f 8782 8768 8775
f 8741 8751 8629
f 8593 8787 8694
f 8788 8643 8719
f 8713 8789 8714
f 8738 8790 8782
f 8761 8597 8779
f 8598 8656 8655
f 8740 8777 8599
f 8791 8684 8723
f 8744 8771 8590
f 8761 8724 8597
f 8671 8670 8639
f 8783 8659 8696
f 8683 8750 8618
f 8648 8647 8726
f 8781 8699 8698
f 8755 8781 8630
f 8717 8710 8674
f 8792 8766 8793
f 8757 8792 8776
f 8611 8591 8612
f 8590 8660 8743
f 8759 8637 8712
f 8667 8629 8751
f 8630 8711 8756
f 8758 8776 8767
f 8794 8758 8767
f 8612 8748 8780
f 8679 8760 8680
f 8686 8586 8626
f 8795 8773 8772
f 8728 8594 8593
f 8796 8797 8722
f 8724 8626 8585
f 8775 8798 8705
f 8799 8604 8714
f 8764 8638 8601
f 8630 8758 8794
f 8792 8765 8766
f 8800 8762 8753
f 8694 8787 8685
f 8584 8593 8595
f 8785 8793 8786
f 8776 8792 8793
f 8706 8798 8785
f 8801 8682 8802
f 8599 8777 8707
f 8791 8725 8708
f 8597 8681 8779
f 8690 8618 8750
f 8788 8712 8643
f 8591 8611 8803
f 8789 8717 8674
f 8609 8608 8607
f 8804 8805 8669
f 8799 8736 8604
f 8661 8592 8806
f 8797 8654 8722
f 8707 8778 8655
f 8683 8628 8701
f 8639 8670 8640
f 8729 8604 8603
f 8700 8606 8605
f 8794 8631 8630
f 8724 8686 8626
f 8596 8679 8681
f 8655 8595 8707
f 8714 8789 8807
f 8808 8665 8765
f 8732 8613 8809
f 8810 8608 8610
f 8677 8811 8620
f 8812 8621 8813
f 8681 8597 8596
f 8693 8814 8763
f 8685 8787 8586
f 8815 8747 8816
f 8808 8792 8757
f 8629 8668 8755
f 8673 8801 8802
f 8817 8727 8720
f 8621 8641 8640
f 8818 8749 8814
f 8673 8675 8801
f 8694 8693 8728
f 8659 8641 8657
f 8671 8639 8668
f 8694 8728 8593
f 8586 8787 8584
f 8750 8819 8790
f 8790 8819 8769
f 8682 8801 8652
f 8686 8724 8723
f 8604 8706 8784
f 8625 8624 8688
f 8618 8690 8619
f 8665 8711 8666
f 8806 8650 8661
f 8608 8601 8600
f 8655 8778 8596
f 8780 8809 8613
f 8779 8688 8761
f 8738 8690 8790
f 8813 8621 8820
f 8595 8655 8584
f 8670 8621 8640
f 8774 8600 8700
f 8606 8700 8702
f 8716 8675 8717
f 8727 8821 8623
f 8659 8804 8669
f 8759 8822 8760
f 8749 8818 8748
f 8713 8717 8789
f 8669 8641 8659
f 8746 8816 8747
f 8715 8823 8713
f 8714 8729 8715
f 8679 8777 8740
f 8742 8819 8750
f 8823 8715 8730
f 8592 8662 8806
f 8773 8720 8721
f 8824 8815 8674
f 8705 8782 8775
f 8794 8819 8742
f 8728 8744 8702
f 8823 8825 8716
f 8754 8608 8812
f 8620 8703 8587
f 8810 8812 8608
f 8826 8652 8801
f 8743 8660 8650
f 8798 8706 8705
f 8751 8676 8667
f 8708 8685 8791
f 8797 8682 8654
f 8650 8806 8783
f 8763 8728 8693
f 8777 8679 8778
f 8609 8783 8696
f 8814 8693 8818
f 8590 8771 8591
f 8627 8701 8628
f 8785 8776 8793
f 8601 8687 8599
f 8824 8747 8815
f 8647 8646 8701
f 8604 8729 8714
f 8827 8724 8689
f 8718 8597 8724
f 8685 8684 8791
f 8756 8711 8808
f 8828 8680 8822
f 8675 8710 8717
f 8651 8609 8607
f 8741 8683 8751
f 8628 8618 8617
f 8819 8794 8767
f 8690 8750 8790
f 8762 8615 8614
f 8829 8824 8674
f 8746 8830 8619
f 8769 8782 8790
f 8749 8770 8814
f 8760 8679 8687
f 8631 8794 8742
f 8831 8602 8784
f 8596 8598 8655
f 8696 8610 8609
f 8770 8763 8814
f 8623 8625 8727
f 8602 8831 8603
f 8741 8631 8742
f 8605 8607 8709
f 8758 8757 8776
f 8816 8736 8799
f 8673 8829 8674
f 8832 8703 8704
f 8716 8713 8823
f 8712 8833 8759
f 8813 8616 8636
f 8811 8704 8620
f 8798 8776 8785
f 8688 8721 8625
f 8813 8636 8754
f 8762 8800 8633
f 8804 8806 8662
f 8816 8737 8736
f 8662 8699 8805
f 8753 8678 8589
f 8705 8736 8782
f 8676 8648 8726
f 8743 8606 8702
f 8731 8765 8665
f 8594 8707 8595
f 8635 8638 8764
f 8704 8811 8832
f 8642 8645 8644
f 8798 8775 8776
f 8649 8643 8644
f 8702 8744 8743
f 8588 8587 8703
f 8767 8769 8819
f 8609 8651 8783
f 8699 8781 8805
f 8725 8791 8723
f 8830 8746 8745
f 8812 8813 8754
f 8610 8658 8810
f 8751 8646 8648
f 8621 8812 8810
f 8820 8614 8616
f 8755 8739 8781
f 8614 8753 8762
f 8616 8813 8820
f 8822 8834 8828
f 8697 8591 8803
f 8634 8633 8800
f 8807 8816 8799
f 8662 8805 8804
f 8666 8803 8611
f 8602 8604 8784
f 8613 8732 8664
f 8725 8724 8827
f 8795 8772 8680
f 8585 8718 8724
f 8765 8792 8808
f 8734 8801 8675
f 8801 8734 8826
f 8822 8680 8760
f 8621 8810 8658
f 8772 8681 8680
f 8815 8807 8789
f 8751 8648 8676
f 8688 8779 8721
f 8761 8688 8689
f 8607 8606 8651
f 8621 8620 8587
f 8764 8608 8635
f 8818 8693 8695
f 8615 8638 8635
f 8743 8650 8606
f 8815 8789 8674
f 8678 8614 8820
f 8678 8753 8614
f 8816 8807 8815
f 8754 8636 8635
f 8706 8785 8784
f 8752 8634 8800
f 8665 8808 8711
f 8675 8825 8735
f 8605 8709 8700
f 8746 8737 8816
f 8596 8778 8679
f 8685 8695 8694
f 8638 8615 8645
f 8753 8752 8800
f 8592 8591 8663
f 8799 8714 8807
f 8666 8611 8664
f 8690 8692 8619
f 8727 8817 8821
f 8593 8584 8787
f 8598 8597 8718
f 8691 8738 8737
f 8767 8775 8768
f 8757 8756 8808
f 8804 8659 8783
f 8805 8781 8739
f 8658 8657 8621
f 8834 8822 8833
f 8709 8600 8774
f 8820 8587 8678
f 8677 8620 8672
f 8591 8697 8663
f 8587 8820 8621
f 8613 8664 8611
f 8698 8697 8803
f 8652 8826 8653
f 8739 8669 8805
f 8588 8752 8589
f 8690 8738 8691
f 8600 8709 8608
f 8590 8592 8661
f 8669 8739 8639
f 8723 8684 8686
f 8803 8666 8698
f 8759 8833 8822
f 8795 8680 8828
f 8692 8691 8737
f 8732 8731 8664
f 8806 8804 8783
f 8739 8755 8668
f 8736 8738 8782
f 8675 8716 8825
f 8836 8837 8838
f 8839 8840 8841
f 8842 8843 8844
f 8845 8846 8847
f 8848 8849 8850
f 8851 8852 8853
f 8854 8855 8856
f 8857 8858 8859
f 8860 8861 8862
f 8863 8864 8865
f 8866 8867 8868
f 8869 8870 8871
f 8862 8872 8860
f 8873 8874 8875
f 8876 8877 8878
f 8879 8880 8881
f 8884 8850 8849
f 8885 8886 8887
f 8888 8889 8890
f 8891 8892 8893
f 8858 8857 8894
f 8895 8896 8853
f 8837 8854 8856
f 8897 8896 8898
f 8899 8900 8901
f 8887 8842 8902
f 8903 8888 8904
f 8863 8865 8906
f 8858 8907 8887
f 8898 8844 8897
f 8889 8891 8893
f 8872 8868 8908
f 8909 8910 8840
f 8911 8912 8913
f 8914 8915 8916
f 8842 8844 8902
f 8919 8871 8870
f 8920 8840 8910
f 8921 8881 8880
f 8919 8922 8861
f 8872 8924 8860
f 8925 8926 8927
f 8874 8898 8928
f 8859 8835 8857
f 8856 8864 8863
f 8929 8930 8914
f 8888 8931 8876
f 8862 8861 8922
f 8932 8933 8934
f 8935 8890 8936
f 8879 8895 8853
f 8896 8895 8937
f 8938 8939 8859
f 8940 8941 8942
f 8850 8926 8848
f 8943 8929 8914
f 8851 8853 8896
f 8887 8886 8938
f 8944 8923 8945
f 8858 8894 8907
f 8922 8919 8870
f 8920 8946 8947
f 8921 8933 8881
f 8888 8948 8889
f 8937 8895 8879
f 8903 8876 8949
f 8872 8862 8868
f 8851 8950 8951
f 8896 8937 8928
f 8951 8852 8851
f 8952 8953 8954
f 8908 8924 8872
f 8955 8940 8942
f 8948 8886 8885
f 8849 8900 8899
f 8874 8956 8957
f 8898 8957 8958
f 8942 8959 8960
f 8901 8884 8899
f 8916 8961 8962
f 8963 8860 8880
f 8964 8947 8946
f 8965 8966 8892
f 8870 8869 8967
f 8913 8912 8952
f 8955 8961 8968
f 8946 8913 8964
f 8841 8840 8920
f 8925 8927 8836
f 8864 8924 8865
f 8933 8921 8854
f 8970 8971 8972
f 8845 8847 8930
f 8972 8971 8912
f 8939 8886 8903
f 8973 8933 8854
f 8873 8933 8956
f 8973 8854 8836
f 8948 8965 8891
f 8970 8848 8974
f 8971 8952 8912
f 8930 8915 8914
f 8858 8887 8938
f 8947 8841 8920
f 8908 8868 8867
f 8924 8864 8855
f 8972 8912 8911
f 8948 8888 8886
f 8975 8976 8977
f 8978 8867 8866
f 8913 8954 8964
f 8927 8934 8973
f 8934 8933 8973
f 8971 8980 8952
f 8913 8946 8911
f 8924 8855 8860
f 8892 8847 8893
f 8887 8902 8885
f 8861 8963 8981
f 8876 8878 8945
f 8903 8886 8888
f 8926 8974 8848
f 8850 8934 8927
f 8900 8849 8848
f 8845 8930 8929
f 8927 8926 8850
f 8847 8846 8893
f 8911 8970 8972
f 8960 8982 8961
f 8921 8855 8854
f 8983 8843 8907
f 8911 8920 8984
f 8869 8985 8967
f 8868 8862 8922
f 8934 8850 8968
f 8949 8939 8903
f 8902 8844 8898
f 8846 8890 8893
f 8986 8987 8916
f 8962 8961 8982
f 8884 8849 8899
f 8900 8970 8910
f 8883 8919 8861
f 8873 8956 8874
f 8980 8953 8952
f 8986 8916 8962
f 8889 8948 8891
f 8965 8957 8956
f 8871 8905 8869
f 8853 8918 8879
f 8956 8933 8932
f 8988 8975 8989
f 8977 8917 8989
f 8886 8939 8938
f 8914 8987 8943
f 8844 8851 8896
f 8873 8937 8881
f 8956 8932 8965
f 8990 8869 8905
f 8925 8836 8838
f 8985 8869 8975
f 8907 8842 8887
f 8975 8977 8989
f 8836 8927 8973
f 8892 8891 8965
f 8907 8843 8842
f 8836 8854 8837
f 8987 8914 8916
f 8851 8844 8843
f 8869 8990 8975
f 8876 8903 8904
f 8918 8981 8963
f 8960 8961 8942
f 8990 8905 8969
f 8982 8960 8991
f 8984 8920 8910
f 8882 8861 8981
f 8848 8970 8900
f 8856 8855 8864
f 8940 8901 8909
f 8975 8990 8976
f 8933 8873 8881
f 8861 8882 8883
f 8945 8949 8876
f 8949 8945 8923
f 8955 8901 8940
f 8941 8909 8840
f 8885 8902 8958
f 8890 8931 8888
f 8968 8915 8932
f 8959 8942 8941
f 8968 8961 8916
f 8955 8942 8961
f 8928 8937 8875
f 8839 8941 8840
f 8958 8957 8965
f 8991 8986 8982
f 8892 8930 8847
f 8945 8979 8944
f 8931 8890 8935
f 8965 8948 8885
f 8936 8890 8846
f 8865 8908 8906
f 8952 8954 8913
f 8984 8970 8911
f 8893 8890 8889
f 8865 8924 8908
f 8877 8876 8931
f 8937 8873 8875
f 8879 8918 8963
f 8898 8896 8928
f 8921 8860 8855
f 8939 8949 8835
f 8921 8880 8860
f 8868 8922 8978
f 8930 8892 8966
f 8988 8985 8975
f 8881 8937 8879
f 8966 8965 8932
f 8898 8958 8902
f 8968 8884 8955
f 8943 8987 8992
f 8858 8938 8859
f 8918 8882 8981
f 8966 8915 8930
f 8917 8988 8989
f 8920 8911 8946
f 8870 8967 8922
f 8939 8835 8859
f 8852 8918 8853
f 8928 8875 8874
f 8970 8984 8910
f 8843 8950 8851
f 8986 8992 8987
f 8949 8923 8835
f 8897 8844 8896
f 8884 8968 8850
f 8884 8901 8955
f 8932 8934 8968
f 8900 8910 8901
f 8916 8915 8968
f 8991 8992 8986
f 8963 8880 8879
f 8909 8941 8940
f 8978 8866 8868
f 8874 8957 8898
f 8846 8845 8936
f 8915 8966 8932
f 8969 8976 8990
f 8962 8982 8986
f 8965 8885 8958
f 8877 8931 8935
f 8876 8904 8888
f 8978 8922 8967
f 8861 8860 8963
f 8843 8983 8950
f 8901 8910 8909
f 8993 8994 8995
f 8996 8997 8998
f 8999 9000 9001
f 9002 9003 9004
f 9005 9006 9007
f 9008 9009 9010
f 9011 9012 9013
f 9014 9015 8998
f 9016 9017 9018
f 9002 9004 8994
f 9019 9003 9020
f 9021 9022 9023
f 9024 9025 9026
f 9027 9028 9011
f 9029 9030 9031
f 9032 9027 9033
f 9034 9035 9027
f 9036 9037 9038
f 9039 9010 9040
f 9041 9042 9043
f 8993 8995 9044
f 9045 9046 9047
f 8998 9048 9049
f 9050 9051 9052
f 9016 9053 9054
f 9055 9056 9057
f 9058 9043 9042
f 8996 9059 9060
f 9061 9062 9063
f 9064 9065 9066
f 9067 9068 9069
f 9070 9006 9071
f 9016 9072 9039
f 9073 9036 9074
f 9075 9076 9077
f 9032 9078 9079
f 9019 9080 9003
f 9046 9081 9047
f 9032 9079 9082
f 9059 9083 9060
f 9084 9085 9080
f 9086 9087 9088
f 9089 9010 9090
f 9091 9092 9093
f 9032 9094 9095
f 9096 9097 9098
f 9030 9059 9099
f 9100 9101 9102
f 8995 9010 9009
f 9103 9104 9017
f 9105 9106 9052
f 9107 9108 9109
f 9069 9110 9067
f 9111 9107 9061
f 9112 9084 9113
f 9114 9062 9115
f 9040 9053 9016
f 9116 9117 9118
f 9119 9067 9110
f 9120 8996 9060
f 9019 9052 9106
f 9121 9081 9046
f 9024 9026 9122
f 9123 9104 9103
f 9030 9083 9059
f 9102 9099 9015
f 9016 9054 9017
f 9124 9051 9125
f 9126 9005 9007
f 9127 9128 9129
f 9130 9084 9080
f 9131 9132 9133
f 9134 9135 9123
f 9136 9002 8994
f 9137 8994 9138
f 9139 9140 9038
f 9141 9142 9033
f 9110 9069 9122
f 9143 9144 9145
f 9146 9147 9087
f 9116 9129 9128
f 9148 9122 9026
f 9114 9149 9150
f 9151 9122 9148
f 9135 9134 9152
f 9153 9154 9133
f 9116 9134 9129
f 9155 9156 9157
f 9048 9158 9049
f 9051 9056 9055
f 9159 9149 9160
f 9152 9134 9161
f 9134 9116 9161
f 9162 9038 9140
f 9083 9163 9164
f 9110 9165 9119
f 9166 9164 9065
f 9121 9167 9168
f 9169 9044 9009
f 9170 9171 9172
f 9173 9049 9158
f 9015 8996 8998
f 9094 9032 9082
f 8999 9035 9034
f 9174 9111 9063
f 9091 9093 9175
f 9116 9118 9161
f 9031 9102 9101
f 9129 9134 9123
f 9176 9055 9057
f 9177 9078 9178
f 9155 9179 9156
f 9057 9124 9180
f 8995 9137 9090
f 9181 9136 8993
f 9083 9182 9060
f 9090 9159 9040
f 9062 9150 9174
f 9055 9176 9183
f 9046 9045 9184
f 9185 9090 9137
f 9186 9035 9165
f 9164 9182 9083
f 9179 9187 9160
f 9180 9124 9125
f 9188 9189 9148
f 9050 9125 9051
f 9190 9167 9191
f 9090 9010 8995
f 9083 9030 9029
f 9014 8998 9191
f 9094 9192 9001
f 9050 9020 9193
f 9004 9138 8994
f 9086 9154 9153
f 9194 9195 9142
f 9039 9040 9016
f 9196 9197 9021
f 9141 9194 9142
f 9091 9198 9024
f 9080 9085 9003
f 9182 9166 9199
f 9200 9120 9060
f 9010 9089 9040
f 9201 9009 9008
f 9202 9203 9058
f 9032 9095 9027
f 9185 9159 9090
f 9061 9081 9062
f 9102 9031 9099
f 9003 9085 9004
f 9201 9169 9009
f 9204 9139 9037
f 9041 9043 9205
f 9206 9158 9048
f 9207 9067 8999
f 9208 9209 9210
f 9211 9157 9168
f 9081 9212 9115
f 9213 9200 9182
f 8999 9119 9035
f 9116 9214 9117
f 9149 9159 9185
f 9146 9086 9153
f 9031 9163 9029
f 9215 9067 9022
f 8999 9001 9207
f 9051 9124 9056
f 9155 9173 9209
f 9212 9156 9114
f 9166 9065 9064
f 9086 9131 9154
f 9216 9006 9005
f 9213 9182 9199
f 9040 9160 9187
f 9069 9217 9218
f 9040 9089 9090
f 9015 9059 8996
f 9096 9219 9097
f 9045 9107 9109
f 9028 9027 9035
f 9031 9030 9099
f 9163 9083 9029
f 9107 9111 9220
f 9221 9041 9222
f 9158 9209 9173
f 9155 9209 9208
f 9175 9198 9091
f 9035 9186 9028
f 9150 9062 9114
f 9055 9183 9132
f 9061 9063 9111
f 9223 9121 9168
f 9074 9224 9044
f 8994 8993 9136
f 9088 9041 9108
f 9165 9151 9186
f 9167 9190 9168
f 9156 9212 9223
f 9120 9171 9170
f 9040 9159 9160
f 9114 9115 9212
f 9011 9013 9033
f 9210 9158 9206
f 9032 9033 9078
f 9076 9070 9071
f 9138 9085 9225
f 9202 9058 9042
f 9013 9194 9141
f 9210 9127 9226
f 9081 9061 9047
f 9086 9088 9131
f 9227 9107 9220
f 9228 9202 9196
f 9128 9214 9116
f 9225 9112 9174
f 9138 9185 9137
f 9193 9020 9002
f 9229 9230 9231
f 9181 9125 9193
f 9112 9085 9084
f 9121 9223 9212
f 9228 9203 9202
f 9074 9044 9073
f 9189 9232 9186
f 9038 9037 9139
f 9195 9233 9142
f 9054 9103 9017
f 9045 9109 9234
f 9137 8995 8994
f 9232 9188 9012
f 9104 9123 9135
f 9034 9000 8999
f 9185 9138 9225
f 9067 9119 8999
f 9235 9144 9219
f 9022 9207 9023
f 9024 9122 9091
f 9002 9020 9003
f 9208 9053 9187
f 9208 9187 9155
f 9169 9073 9044
f 9121 9236 9167
f 9222 9088 9087
f 9237 9184 9100
f 9225 9149 9185
f 9204 9169 9201
f 9207 9001 9192
f 9229 9238 9230
f 9115 9062 9081
f 9204 9073 9169
f 9226 9053 9208
f 9022 9021 9197
f 9062 9174 9063
f 9208 9210 9226
f 9232 9189 9188
f 9239 9231 9008
f 9068 9221 9217
f 9036 9204 9037
f 9240 9200 9241
f 9196 9202 9042
f 9242 9237 9100
f 9065 9163 9066
f 9155 9157 9173
f 9096 9235 9219
f 9107 9227 9108
f 9221 9068 9215
f 9012 9194 9013
f 9093 9092 9087
f 9171 9243 9048
f 9111 9174 9113
f 9052 9051 9055
f 9209 9158 9210
f 9243 9127 9206
f 9094 9001 9000
f 9048 8997 9172
f 9066 9163 9101
f 9171 9120 9244
f 9181 9224 9245
f 9127 9210 9206
f 9216 9246 9145
f 9247 9248 9249
f 9012 9028 9232
f 9017 9250 9018
f 9251 9106 9105
f 9252 9058 9253
f 9184 9254 9058
f 9091 9069 9092
f 9213 9241 9200
f 9135 9152 9126
f 9058 9252 9184
f 9129 9054 9127
f 9255 9256 9257
f 9193 9136 9181
f 9234 9254 9045
f 9095 9094 9000
f 9258 9259 9247
f 9234 9058 9254
f 9250 9007 9070
f 9054 9226 9127
f 9260 9248 9261
f 9255 9127 9243
f 9045 9047 9107
f 9200 9240 9244
f 9130 9227 9220
f 9109 9205 9234
f 9186 9151 9189
f 9243 9256 9255
f 9157 9211 9173
f 9041 9221 9042
f 9105 9132 9131
f 9227 9130 9251
f 9240 9171 9244
f 9018 9077 9262
f 9237 9046 9184
f 9053 9226 9054
f 9235 9260 9144
f 9263 9214 9128
f 9156 9179 9114
f 9066 9101 9253
f 9240 9256 9171
f 9132 9183 9133
f 9131 9108 9227
f 9162 9140 9264
f 9264 9140 9265
f 9249 9248 9266
f 9251 9105 9131
f 9258 9262 9077
f 9044 9181 8993
f 9019 9106 9130
f 9128 9127 9255
f 9263 9117 9214
f 9128 9255 9263
f 9179 9160 9149
f 9200 9244 9120
f 9204 9036 9073
f 9130 9106 9251
f 9234 9043 9058
f 9205 9109 9108
f 9229 9239 9072
f 9139 9204 9201
f 9021 9228 9196
f 9254 9184 9045
f 9252 9101 9184
f 9240 9257 9256
f 9220 9111 9113
f 9101 9100 9184
f 9154 9131 9133
f 9267 9177 9178
f 9256 9243 9171
f 9140 9230 9265
f 9259 9258 9077
f 9253 9101 9252
f 9139 9201 9231
f 9257 9263 9255
f 9007 9104 9126
f 9172 9171 9048
f 9113 9174 9112
f 9070 9018 9250
f 9028 9012 9011
f 9033 9013 9141
f 9157 9156 9223
f 9170 8996 9120
f 9000 9034 9095
f 9251 9131 9227
f 8997 9048 8998
f 9020 9052 9019
f 9243 9206 9048
f 9078 9142 9178
f 9144 9071 9145
f 9230 9140 9139
f 9229 9072 9258
f 9234 9205 9043
f 9262 9016 9018
f 9188 9148 9025
f 9006 9216 9071
f 9079 9078 9177
f 9071 9261 9076
f 9248 9235 9266
f 9087 9147 9093
f 9008 9231 9201
f 9049 9168 9190
f 8998 9049 9190
f 9126 9104 9135
f 9258 9249 9229
f 9174 9150 9225
f 9237 9167 9236
f 9139 9231 9230
f 9093 9147 9175
f 9266 9096 9268
f 9110 9151 9165
f 9167 9242 9191
f 9261 9248 9076
f 9014 9100 9102
f 9193 9002 9136
f 9047 9061 9107
f 9075 9070 9076
f 9052 9055 9105
f 9148 9026 9025
f 9071 9144 9261
f 9132 9105 9055
f 9067 9207 9022
f 9098 9269 9096
f 9044 9224 9181
f 9231 9239 9229
f 9249 9238 9229
f 9052 9020 9050
f 9046 9237 9236
f 9191 9242 9014
f 9181 9245 9125
f 9121 9046 9236
f 9121 9212 9081
f 9042 9221 9196
f 9269 9268 9096
f 9150 9149 9225
f 9072 9008 9010
f 9247 9249 9258
f 9101 9163 9031
f 9041 9088 9222
f 9178 9142 9233
f 9019 9130 9080
f 9239 9008 9072
f 9164 9163 9065
f 9170 9172 8996
f 9122 9151 9110
f 9144 9260 9261
f 9168 9049 9211
f 9108 9131 9088
f 9102 9015 9014
f 9049 9173 9211
f 9266 9269 9249
f 9067 9215 9068
f 9099 9059 9015
f 9266 9268 9269
f 9039 9072 9010
f 9104 9007 9017
f 9068 9217 9069
f 9011 9033 9027
f 9218 9092 9069
f 9149 9114 9179
f 9222 9218 9217
f 9217 9221 9222
f 9146 9087 9086
f 9147 9146 9175
f 9076 9259 9077
f 9130 9220 9113
f 9172 8997 8996
f 9122 9069 9091
f 9082 9079 9177
f 9223 9168 9157
f 9187 9053 9040
f 9197 9196 9215
f 9182 9164 9166
f 9177 9267 9082
f 9113 9084 9130
f 9142 9078 9033
f 9007 9006 9070
f 9215 9196 9221
f 9129 9103 9054
f 9075 9018 9070
f 9108 9041 9205
f 9235 9096 9266
f 9218 9087 9092
f 9056 9124 9057
f 9119 9165 9035
f 9262 9258 9072
f 9034 9027 9095
f 9050 9193 9125
f 9151 9148 9189
f 9250 9017 9007
f 9232 9028 9186
f 9125 9245 9180
f 9259 9248 9247
f 9071 9216 9145
f 9145 9246 9143
f 9009 9044 8995
f 9190 9191 8998
f 9072 9016 9262
f 9215 9022 9197
f 9087 9218 9222
f 9085 9138 9004
f 9077 9018 9075
f 9237 9242 9167
f 9260 9235 9248
f 9123 9103 9129
f 9112 9225 9085
f 9182 9200 9060
f 9187 9179 9155
f 9259 9076 9248
f 9242 9100 9014
f 9270 9271 9272
f 9273 9274 9275
f 9277 9278 9279
f 9280 9281 9282
f 9283 9284 9276
f 9285 9286 9287
f 9288 9289 9290
f 9291 9292 9293
f 9294 9295 9296
f 9297 9298 9294
f 9299 9300 9301
f 9302 9303 9304
f 9305 9306 9307
f 9280 9308 9309
f 9270 9272 9310
f 9311 9306 9312
f 9313 9300 9314
f 9315 9316 9301
f 9317 9318 9319
f 9320 9321 9322
f 9298 9297 9324
f 9325 9326 9327
f 9328 9329 9330
f 9331 9332 9333
f 9322 9334 9335
f 9273 9336 9337
f 9294 9338 9295
f 9333 9332 9335
f 9339 9340 9341
f 9344 9345 9346
f 9296 9347 9348
f 9349 9350 9351
f 9352 9353 9354
f 9324 9355 9298
f 9274 9273 9337
f 9297 9294 9356
f 9357 9320 9322
f 9358 9359 9360
f 9361 9309 9308
f 9315 9362 9363
f 9364 9365 9366
f 9367 9368 9369
f 9370 9367 9360
f 9371 9343 9372
f 9373 9290 9289
f 9328 9374 9375
f 9376 9377 9378
f 9273 9275 9379
f 9380 9350 9381
f 9297 9317 9382
f 9383 9384 9286
f 9335 9385 9357
f 9386 9387 9388
f 9389 9271 9390
f 9346 9391 9364
f 9297 9356 9317
f 9319 9292 9392
f 9393 9334 9394
f 9385 9287 9395
f 9384 9383 9396
f 9363 9309 9397
f 9398 9399 9381
f 9398 9400 9399
f 9350 9349 9381
f 9379 9392 9401
f 9402 9355 9374
f 9403 9371 9314
f 9314 9404 9313
f 9315 9301 9362
f 9360 9367 9406
f 9277 9407 9408
f 9275 9409 9410
f 9397 9368 9411
f 9285 9366 9412
f 9365 9286 9412
f 9413 9401 9392
f 9339 9289 9414
f 9404 9371 9372
f 9361 9369 9368
f 9295 9415 9416
f 9387 9271 9388
f 9304 9378 9302
f 9417 9318 9317
f 9396 9418 9419
f 9402 9329 9420
f 9421 9342 9353
f 9410 9317 9319
f 9312 9305 9422
f 9284 9283 9341
f 9328 9303 9302
f 9390 9423 9389
f 9424 9294 9298
f 9331 9336 9364
f 9306 9397 9425
f 9349 9427 9357
f 9324 9297 9382
f 9418 9383 9391
f 9366 9365 9412
f 9308 9406 9369
f 9428 9286 9429
f 9429 9286 9430
f 9278 9408 9391
f 9347 9416 9415
f 9283 9339 9341
f 9431 9273 9401
f 9408 9419 9418
f 9329 9402 9330
f 9432 9431 9433
f 9415 9284 9347
f 9302 9378 9329
f 9321 9334 9322
f 9364 9336 9432
f 9434 9415 9295
f 9414 9289 9288
f 9435 9436 9437
f 9323 9284 9434
f 9280 9438 9281
f 9314 9300 9389
f 9291 9439 9440
f 9382 9410 9409
f 9361 9308 9369
f 9441 9400 9398
f 9377 9427 9442
f 9388 9271 9389
f 9282 9406 9308
f 9393 9443 9334
f 9375 9374 9444
f 9445 9359 9351
f 9368 9309 9361
f 9446 9387 9386
f 9300 9363 9362
f 9396 9447 9384
f 9346 9364 9432
f 9420 9329 9437
f 9301 9300 9362
f 9332 9331 9366
f 9376 9378 9321
f 9356 9348 9448
f 9432 9273 9431
f 9380 9381 9399
f 9351 9358 9449
f 9372 9342 9421
f 9283 9289 9339
f 9375 9303 9328
f 9282 9442 9358
f 9353 9352 9421
f 9275 9450 9409
f 9386 9299 9451
f 9408 9278 9277
f 9452 9363 9311
f 9329 9378 9435
f 9341 9340 9347
f 9450 9375 9444
f 9428 9453 9395
f 9401 9454 9325
f 9416 9296 9295
f 9420 9355 9402
f 9392 9292 9413
f 9303 9394 9304
f 9404 9280 9363
f 9443 9333 9335
f 9280 9309 9363
f 9451 9299 9301
f 9441 9453 9455
f 9319 9275 9410
f 9451 9301 9316
f 9279 9456 9277
f 9405 9426 9289
f 9397 9309 9368
f 9438 9457 9435
f 9447 9396 9419
f 9337 9331 9274
f 9420 9424 9355
f 9341 9347 9284
f 9321 9394 9334
f 9444 9458 9409
f 9295 9338 9323
f 9459 9352 9420
f 9439 9291 9340
f 9357 9460 9349
f 9432 9433 9461
f 9369 9406 9367
f 9459 9420 9437
f 9352 9459 9421
f 9346 9278 9391
f 9382 9317 9410
f 9306 9305 9312
f 9394 9303 9393
f 9327 9401 9325
f 9427 9349 9442
f 9395 9453 9460
f 9324 9374 9355
f 9462 9368 9367
f 9368 9462 9411
f 9391 9365 9364
f 9367 9370 9462
f 9312 9422 9452
f 9427 9320 9357
f 9282 9308 9280
f 9291 9440 9413
f 9436 9421 9459
f 9313 9363 9300
f 9448 9347 9340
f 9376 9321 9427
f 9274 9375 9450
f 9273 9379 9401
f 9396 9383 9418
f 9426 9373 9289
f 9423 9314 9389
f 9385 9285 9287
f 9431 9401 9327
f 9430 9455 9428
f 9300 9299 9389
f 9280 9404 9457
f 9443 9335 9334
f 9360 9406 9358
f 9460 9441 9398
f 9330 9374 9328
f 9363 9313 9404
f 9443 9274 9333
f 9384 9430 9286
f 9351 9442 9349
f 9397 9311 9363
f 9356 9448 9417
f 9363 9452 9315
f 9390 9271 9270
f 9442 9282 9377
f 9316 9463 9451
f 9463 9386 9451
f 9464 9419 9407
f 9314 9371 9404
f 9281 9435 9378
f 9335 9332 9385
f 9419 9408 9407
f 9342 9354 9353
f 9420 9352 9424
f 9273 9432 9336
f 9356 9417 9317
f 9372 9343 9342
f 9391 9383 9365
f 9359 9358 9351
f 9404 9436 9457
f 9357 9322 9335
f 9347 9296 9416
f 9287 9428 9395
f 9351 9449 9442
f 9453 9428 9455
f 9461 9433 9466
f 9338 9294 9424
f 9307 9306 9425
f 9366 9285 9332
f 9303 9443 9393
f 9389 9299 9388
f 9281 9438 9435
f 9372 9421 9436
f 9271 9387 9465
f 9295 9323 9434
f 9382 9458 9324
f 9318 9417 9448
f 9270 9371 9423
f 9356 9294 9348
f 9281 9377 9282
f 9312 9452 9311
f 9285 9385 9332
f 9371 9270 9310
f 9465 9272 9271
f 9391 9408 9418
f 9430 9428 9429
f 9413 9440 9454
f 9374 9324 9444
f 9407 9277 9456
f 9461 9466 9344
f 9385 9395 9460
f 9338 9424 9352
f 9314 9423 9403
f 9358 9442 9449
f 9329 9435 9437
f 9364 9366 9331
f 9400 9441 9455
f 9340 9339 9414
f 9330 9402 9374
f 9318 9292 9319
f 9386 9463 9446
f 9289 9283 9405
f 9337 9336 9331
f 9452 9422 9315
f 9385 9460 9357
f 9415 9434 9284
f 9293 9340 9291
f 9444 9324 9458
f 9302 9329 9328
f 9303 9375 9443
f 9388 9299 9386
f 9378 9377 9281
f 9436 9404 9372
f 9414 9439 9340
f 9441 9460 9453
f 9287 9286 9428
f 9460 9381 9349
f 9296 9348 9294
f 9457 9436 9435
f 9375 9274 9443
f 9370 9360 9359
f 9351 9350 9445
f 9318 9340 9293
f 9321 9378 9304
f 9358 9406 9282
f 9413 9454 9401
f 9318 9448 9340
f 9291 9413 9292
f 9423 9390 9270
f 9458 9382 9409
f 9311 9397 9306
f 9459 9437 9436
f 9427 9321 9320
f 9318 9293 9292
f 9432 9461 9344
f 9355 9424 9298
f 9397 9411 9425
f 9354 9338 9352
f 9344 9346 9432
f 9333 9274 9331
f 9379 9275 9392
f 9409 9450 9444
f 9412 9286 9285
f 9304 9394 9321
f 9274 9450 9275
f 9278 9346 9345
f 9326 9431 9327
f 9398 9381 9460
f 9427 9377 9376
f 9392 9275 9319
f 9403 9423 9371
f 9365 9383 9286
f 9438 9280 9457
f 9315 9422 9316
f 9448 9348 9347
f 9467 9468 9469
f 9470 9471 9472
f 9473 9474 9475
f 9477 9478 9479
f 9480 9481 9482
f 9483 9484 9485
f 9487 9488 9489
f 9490 9491 9483
f 9492 9493 9494
f 9495 9496 9497
f 9498 9499 9500
f 9501 9502 9503
f 9478 9504 9505
f 9506 9507 9508
f 9509 9510 9511
f 9512 9513 9514
f 9515 9516 9517
f 9518 9519 9520
f 9521 9522 9523
f 9524 9525 9526
f 9527 9528 9529
f 9478 9477 9530
f 9533 9534 9535
f 9536 9537 9524
f 9526 9525 9538
f 9539 9540 9500
f 9541 9542 9543
f 9544 9471 9470
f 9545 9546 9543
f 9547 9521 9523
f 9470 9505 9548
f 9549 9550 9551
f 9552 9553 9554
f 9555 9477 9479
f 9501 9556 9557
f 9558 9533 9559
f 9543 9542 9560
f 9561 9562 9563
f 9564 9565 9566
f 9504 9478 9567
f 9505 9470 9472
f 9568 9539 9495
f 9569 9524 9570
f 9489 9571 9487
f 9473 9572 9573
f 9574 9571 9572
f 9468 9575 9576
f 9487 9571 9574
f 9564 9577 9578
f 9579 9572 9541
f 9580 9581 9582
f 9583 9584 9510
f 9573 9585 9586
f 9587 9588 9589
f 9592 9593 9594
f 9595 9567 9478
f 9596 9568 9495
f 9559 9535 9597
f 9598 9599 9600
f 9601 9602 9585
f 9602 9601 9603
f 9474 9473 9604
f 9553 9528 9554
f 9605 9542 9521
f 9596 9514 9540
f 9600 9557 9602
f 9475 9574 9473
f 9606 9516 9607
f 9608 9503 9502
f 9609 9610 9518
f 9611 9612 9613
f 9614 9615 9480
f 9618 9526 9619
f 9579 9541 9620
f 9552 9621 9565
f 9529 9622 9623
f 9624 9625 9536
f 9536 9625 9537
f 9474 9626 9627
f 9628 9629 9511
f 9501 9630 9502
f 9604 9573 9586
f 9622 9631 9632
f 9633 9523 9522
f 9632 9634 9635
f 9491 9484 9483
f 9516 9555 9607
f 9603 9637 9600
f 9638 9502 9639
f 9589 9561 9640
f 9641 9541 9571
f 9570 9640 9569
f 9599 9632 9631
f 9588 9642 9613
f 9473 9573 9604
f 9586 9556 9626
f 9479 9478 9505
f 9581 9643 9644
f 9537 9625 9645
f 9583 9646 9647
f 9644 9648 9582
f 9480 9570 9481
f 9649 9625 9650
f 9645 9570 9537
f 9651 9630 9501
f 9652 9574 9475
f 9653 9654 9655
f 9509 9656 9561
f 9657 9577 9658
f 9659 9588 9612
f 9660 9504 9567
f 9498 9661 9647
f 9655 9646 9510
f 9662 9663 9578
f 9547 9523 9664
f 9501 9503 9556
f 9665 9477 9555
f 9537 9570 9524
f 9574 9652 9488
f 9519 9615 9614
f 9667 9563 9562
f 9656 9538 9525
f 9612 9611 9562
f 9668 9669 9497
f 9563 9494 9561
f 9580 9670 9671
f 9570 9480 9615
f 9672 9673 9594
f 9674 9609 9481
f 9566 9565 9675
f 9676 9677 9508
f 9525 9569 9640
f 9642 9679 9558
f 9572 9579 9573
f 9571 9541 9572
f 9530 9680 9595
f 9589 9640 9587
f 9538 9656 9509
f 9681 9549 9682
f 9683 9510 9509
f 9684 9685 9686
f 9475 9474 9687
f 9591 9688 9590
f 9626 9503 9627
f 9518 9482 9609
f 9554 9528 9575
f 9520 9614 9480
f 9655 9510 9683
f 9637 9660 9598
f 9557 9651 9501
f 9490 9497 9639
f 9690 9578 9663
f 9656 9640 9561
f 9574 9572 9473
f 9675 9682 9658
f 9691 9637 9603
f 9644 9553 9648
f 9583 9510 9646
f 9635 9634 9692
f 9672 9689 9673
f 9588 9587 9615
f 9621 9575 9467
f 9566 9658 9577
f 9693 9647 9694
f 9484 9695 9629
f 9634 9660 9696
f 9531 9693 9532
f 9592 9671 9670
f 9685 9684 9697
f 9698 9699 9517
f 9538 9509 9511
f 9562 9561 9659
f 9594 9636 9617
f 9672 9594 9593
f 9663 9662 9697
f 9700 9491 9486
f 9669 9701 9639
f 9695 9484 9700
f 9699 9515 9517
f 9639 9497 9669
f 9676 9516 9606
f 9657 9697 9662
f 9595 9692 9634
f 9644 9643 9616
f 9659 9561 9589
f 9665 9516 9515
f 9628 9513 9512
f 9703 9704 9705
f 9683 9706 9653
f 9575 9527 9623
f 9655 9683 9653
f 9477 9665 9707
f 9648 9553 9552
f 9515 9551 9665
f 9602 9603 9600
f 9708 9674 9649
f 9578 9580 9582
f 9678 9599 9631
f 9709 9647 9654
f 9472 9471 9605
f 9494 9493 9509
f 9694 9647 9709
f 9503 9608 9710
f 9711 9627 9503
f 9706 9492 9712
f 9569 9525 9524
f 9699 9682 9551
f 9581 9671 9713
f 9627 9711 9687
f 9487 9574 9488
f 9714 9715 9716
f 9577 9657 9662
f 9698 9717 9718
f 9700 9486 9476
f 9485 9512 9514
f 9612 9562 9659
f 9540 9719 9500
f 9633 9606 9523
f 9703 9720 9721
f 9707 9530 9477
f 9679 9588 9519
f 9695 9618 9619
f 9716 9658 9682
f 9716 9685 9657
f 9469 9722 9467
f 9511 9629 9619
f 9698 9714 9699
f 9681 9675 9565
f 9680 9530 9469
f 9704 9717 9506
f 9550 9681 9722
f 9706 9712 9723
f 9565 9621 9722
f 9555 9724 9607
f 9530 9550 9469
f 9722 9469 9550
f 9670 9580 9725
f 9505 9472 9726
f 9700 9484 9491
f 9520 9519 9614
f 9722 9681 9565
f 9530 9707 9550
f 9727 9690 9663
f 9596 9497 9514
f 9658 9566 9675
f 9498 9647 9693
f 9567 9595 9634
f 9704 9703 9717
f 9675 9681 9682
f 9518 9558 9519
f 9619 9526 9538
f 9484 9629 9485
f 9712 9492 9494
f 9564 9552 9565
f 9616 9529 9528
f 9662 9578 9577
f 9597 9535 9728
f 9468 9692 9680
f 9606 9724 9523
f 9649 9590 9688
f 9729 9686 9730
f 9729 9718 9703
f 9598 9600 9637
f 9665 9551 9707
f 9613 9642 9559
f 9536 9526 9618
f 9683 9493 9492
f 9510 9584 9628
f 9649 9650 9590
f 9731 9481 9645
f 9575 9528 9527
f 9703 9718 9717
f 9538 9511 9619
f 9610 9533 9558
f 9617 9616 9643
f 9543 9544 9545
f 9605 9521 9547
f 9731 9649 9674
f 9551 9515 9699
f 9702 9536 9666
f 9551 9550 9707
f 9730 9685 9715
f 9701 9638 9639
f 9638 9608 9502
f 9505 9726 9479
f 9711 9503 9710
f 9726 9724 9479
f 9512 9629 9628
f 9645 9625 9731
f 9497 9490 9483
f 9713 9671 9592
f 9499 9498 9531
f 9576 9692 9468
f 9513 9540 9514
f 9541 9543 9620
f 9544 9603 9545
f 9542 9641 9521
f 9580 9690 9725
f 9531 9732 9733
f 9699 9714 9682
f 9592 9670 9593
f 9703 9721 9729
f 9485 9629 9512
f 9617 9643 9713
f 9576 9623 9635
f 9676 9517 9516
f 9612 9588 9613
f 9558 9679 9519
f 9666 9618 9700
f 9602 9556 9586
f 9625 9649 9731
f 9705 9720 9703
f 9698 9718 9715
f 9533 9535 9559
f 9476 9666 9700
f 9734 9613 9559
f 9514 9497 9483
f 9542 9605 9560
f 9656 9525 9640
f 9517 9676 9507
f 9633 9676 9606
f 9568 9596 9539
f 9729 9730 9718
f 9469 9468 9680
f 9584 9647 9661
f 9613 9734 9611
f 9520 9482 9518
f 9577 9564 9566
f 9615 9519 9588
f 9634 9632 9660
f 9647 9655 9654
f 9548 9544 9470
f 9496 9668 9497
f 9480 9482 9520
f 9588 9659 9589
f 9639 9502 9630
f 9676 9508 9507
f 9637 9504 9660
f 9591 9735 9688
f 9507 9506 9698
f 9623 9622 9632
f 9494 9509 9561
f 9736 9732 9531
f 9544 9548 9691
f 9498 9500 9661
f 9492 9706 9683
f 9582 9648 9578
f 9706 9723 9653
f 9592 9617 9713
f 9663 9737 9727
f 9621 9552 9554
f 9544 9543 9471
f 9735 9591 9689
f 9616 9528 9553
f 9478 9530 9595
f 9526 9536 9524
f 9680 9692 9595
f 9505 9504 9548
f 9674 9481 9731
f 9633 9677 9676
f 9657 9658 9716
f 9696 9660 9567
f 9733 9732 9499
f 9674 9708 9609
f 9575 9623 9576
f 9575 9621 9554
f 9575 9468 9467
f 9494 9563 9712
f 9730 9686 9685
f 9615 9640 9570
f 9550 9549 9681
f 9552 9564 9648
f 9685 9716 9715
f 9536 9618 9666
f 9620 9543 9546
f 9562 9611 9667
f 9615 9587 9640
f 9692 9576 9635
f 9628 9584 9513
f 9637 9691 9504
f 9580 9578 9690
f 9536 9702 9624
f 9543 9560 9471
f 9719 9661 9500
f 9673 9636 9594
f 9509 9493 9683
f 9724 9726 9664
f 9623 9527 9529
f 9555 9516 9665
f 9635 9623 9632
f 9608 9638 9701
f 9642 9588 9679
f 9685 9697 9657
f 9617 9592 9594
f 9664 9726 9547
f 9715 9714 9698
f 9599 9598 9660
f 9585 9573 9579
f 9483 9485 9514
f 9479 9724 9555
f 9734 9559 9597
f 9586 9585 9602
f 9693 9531 9498
f 9632 9599 9660
f 9521 9641 9489
f 9629 9695 9619
f 9578 9648 9564
f 9558 9559 9642
f 9689 9672 9735
f 9732 9736 9738
f 9620 9585 9579
f 9644 9616 9553
f 9556 9602 9557
f 9511 9510 9628
f 9671 9581 9580
f 9605 9471 9560
f 9610 9558 9518
f 9506 9717 9698
f 9581 9644 9582
f 9596 9495 9497
f 9682 9714 9716
f 9733 9499 9531
f 9523 9724 9664
f 9583 9647 9584
f 9482 9481 9609
f 9726 9605 9547
f 9585 9620 9546
f 9624 9650 9625
f 9715 9718 9730
f 9600 9599 9678
f 9626 9556 9503
f 9696 9567 9634
f 9584 9661 9719
f 9738 9499 9732
f 9581 9713 9643
f 9584 9719 9513
f 9698 9517 9507
f 9737 9663 9697
f 9641 9571 9489
f 9474 9627 9687
f 9534 9728 9535
f 9549 9551 9682
f 9467 9722 9621
f 9513 9719 9540
f 9618 9695 9700
f 9500 9499 9738
f 9738 9539 9500
f 9474 9586 9626
f 9645 9481 9570
f 9607 9724 9606
f 9691 9548 9504
f 9586 9474 9604
f 9540 9539 9596
f 9646 9655 9647
f 9691 9603 9544
f 9605 9726 9472
f 9546 9545 9603
f 9546 9601 9585
f 9641 9542 9541
f 9727 9725 9690
f 9603 9601 9546
f 9739 9740 9741
f 9742 9743 9744
f 9745 9746 9747
f 9748 9749 9750
f 9751 9752 9753
f 9754 9755 9749
f 9756 9757 9758
f 9759 9760 9761
f 9762 9763 9764
f 9765 9766 9767
f 9768 9769 9770
f 9771 9772 9773
f 9774 9775 9776
f 9777 9739 9741
f 9778 9779 9780
f 9781 9782 9783
f 9747 9784 9785
f 9786 9787 9788
f 9789 9790 9791
f 9792 9757 9756
f 9793 9792 9756
f 9794 9792 9795
f 9796 9797 9798
f 9799 9800 9782
f 9801 9802 9803
f 9804 9781 9783
f 9747 9800 9745
f 9805 9806 9807
f 9753 9752 9807
f 9747 9808 9800
f 9809 9810 9811
f 9809 9788 9812
f 9813 9814 9815
f 9816 9817 9740
f 9750 9818 9819
f 9801 9820 9821
f 9822 9823 9786
f 9751 9804 9824
f 9825 9826 9827
f 9785 9828 9747
f 9829 9830 9831
f 9832 9785 9833
f 9819 9748 9750
f 9834 9835 9836
f 9833 9837 9829
f 9825 9838 9839
f 9748 9840 9841
f 9810 9809 9812
f 9842 9786 9823
f 9817 9843 9844
f 9841 9749 9748
f 9845 9805 9807
f 9846 9847 9848
f 9849 9750 9850
f 9851 9852 9853
f 9854 9855 9856
f 9857 9858 9743
f 9859 9860 9861
f 9770 9862 9863
f 9864 9851 9865
f 9866 9867 9868
f 9869 9870 9871
f 9872 9799 9873
f 9874 9875 9876
f 9784 9837 9785
f 9838 9849 9877
f 9878 9879 9880
f 9870 9869 9878
f 9881 9882 9883
f 9874 9884 9885
f 9886 9887 9888
f 9880 9879 9889
f 9890 9836 9891
f 9892 9870 9878
f 9745 9800 9872
f 9758 9757 9893
f 9747 9894 9824
f 9811 9895 9788
f 9805 9823 9822
f 9848 9896 9897
f 9828 9894 9747
f 9898 9850 9755
f 9829 9899 9833
f 9900 9895 9811
f 9772 9901 9811
f 9775 9774 9902
f 9845 9823 9805
f 9845 9894 9823
f 9806 9822 9895
f 9784 9903 9904
f 9905 9906 9907
f 9850 9898 9908
f 9909 9877 9908
f 9910 9911 9912
f 9747 9913 9784
f 9914 9900 9811
f 9822 9806 9805
f 9747 9746 9913
f 9915 9858 9916
f 9917 9918 9794
f 9900 9919 9806
f 9808 9747 9824
f 9807 9752 9845
f 9824 9894 9752
f 9920 9921 9814
f 9800 9783 9782
f 9922 9823 9828
f 9808 9824 9804
f 9752 9751 9824
f 9814 9813 9920
f 9900 9914 9919
f 9773 9772 9811
f 9844 9848 9897
f 9923 9806 9919
f 9848 9882 9846
f 9914 9923 9919
f 9924 9923 9914
f 9816 9843 9817
f 9740 9739 9816
f 9804 9783 9808
f 9925 9753 9807
f 9926 9821 9927
f 9928 9794 9929
f 9872 9746 9745
f 9879 9878 9930
f 9880 9890 9835
f 9830 9931 9932
f 9908 9877 9850
f 9933 9798 9934
f 9925 9807 9806
f 9753 9925 9935
f 9796 9798 9780
f 9804 9751 9753
f 9794 9928 9917
f 9893 9936 9937
f 9938 9939 9940
f 9941 9872 9873
f 9923 9924 9942
f 9943 9944 9945
f 9806 9942 9946
f 9935 9947 9753
f 9823 9894 9828
f 9753 9947 9804
f 9948 9906 9949
f 9772 9950 9945
f 9757 9936 9893
f 9951 9802 9801
f 9746 9941 9913
f 9942 9924 9946
f 9874 9952 9953
f 9826 9825 9954
f 9889 9955 9956
f 9946 9957 9925
f 9800 9799 9872
f 9958 9782 9781
f 9959 9856 9960
f 9961 9957 9962
f 9864 9852 9851
f 9850 9749 9755
f 9757 9792 9918
f 9935 9926 9947
f 9804 9947 9781
f 9936 9757 9963
f 9784 9904 9837
f 9935 9925 9957
f 9945 9944 9765
f 9951 9940 9802
f 9952 9876 9937
f 9964 9965 9940
f 9924 9966 9946
f 9958 9781 9947
f 9843 9882 9848
f 9739 9763 9816
f 9965 9964 9962
f 9792 9793 9795
f 9967 9795 9968
f 9969 9965 9962
f 9934 9881 9933
f 9968 9970 9967
f 9798 9971 9780
f 9961 9962 9964
f 9779 9796 9780
f 9765 9966 9924
f 9966 9767 9972
f 9851 9973 9739
f 9951 9964 9940
f 9944 9766 9765
f 9777 9741 9974
f 9975 9948 9949
f 9961 9935 9957
f 9918 9873 9757
f 9890 9880 9956
f 9873 9975 9886
f 9976 9777 9974
f 9948 9975 9799
f 9854 9977 9978
f 9979 9741 9740
f 9872 9941 9746
f 9980 9782 9958
f 9818 9825 9827
f 9835 9890 9891
f 9926 9961 9964
f 9981 9973 9853
f 9851 9739 9777
f 9982 9983 9984
f 9880 9835 9861
f 9757 9873 9963
f 9886 9963 9873
f 9848 9844 9843
f 9963 9886 9888
f 9782 9907 9948
f 9969 9957 9946
f 9934 9797 9776
f 9985 9986 9987
f 9782 9980 9907
f 9817 9979 9740
f 9987 9986 9988
f 9756 9758 9989
f 9811 9810 9773
f 9990 9991 9959
f 9992 9993 9844
f 9994 9915 9916
f 9992 9844 9897
f 9972 9995 9965
f 9951 9926 9964
f 9790 9885 9996
f 9862 9868 9863
f 9846 9775 9847
f 9856 9959 9997
f 9808 9783 9800
f 9998 9999 9905
f 9888 9887 10000
f 10001 9927 9980
f 9907 9980 9998
f 9965 10002 9938
f 9883 9882 10003
f 9982 10004 9983
f 10005 9959 10006
f 9984 9983 9977
f 9793 9756 10007
f 10008 9856 9855
f 10000 9949 10009
f 9929 9898 9903
f 9838 9825 9849
f 10010 9882 9843
f 9905 9907 9998
f 9975 10000 9887
f 9905 10011 9949
f 9912 9989 9910
f 9903 9898 9755
f 9816 9763 10010
f 10011 9905 9999
f 9868 9971 9933
f 9881 9866 9933
f 9911 9955 10012
f 9971 9778 9780
f 9789 9998 9927
f 10013 10012 9889
f 10014 9821 9820
f 9947 9926 10001
f 9893 9937 9910
f 9836 10015 9982
f 9967 9815 9794
f 9939 9990 9960
f 10014 9789 9927
f 9960 9802 9939
f 9820 10016 10014
f 9838 9877 9909
f 9960 9856 10008
f 9759 9761 10017
f 9763 9973 9764
f 10018 10019 9897
f 9973 9851 9853
f 10020 9979 10017
f 9909 9929 9921
f 9943 9945 9950
f 9973 9763 9739
f 9802 9940 9939
f 9761 9760 10020
f 10011 9885 10009
f 10016 9789 10014
f 9999 9996 10011
f 9937 9955 9910
f 9960 10008 9802
f 9910 9955 9911
f 9885 10015 9874
f 10011 9996 9885
f 9760 10021 10020
f 9790 10015 9885
f 10016 9790 9789
f 9839 9838 9921
f 9803 10016 9820
f 9889 9930 10013
f 9999 9789 9791
f 9963 10022 9936
f 10023 10024 10025
f 9976 10026 10027
f 9876 9956 9955
f 10027 9865 9976
f 9741 10020 9974
f 9982 10015 10004
f 9974 10026 9976
f 9803 10015 9790
f 10012 9955 9889
f 10025 10028 10023
f 9979 10020 9741
f 10029 9867 9866
f 10015 9803 10004
f 10030 9881 9883
f 9915 10031 9744
f 9979 9817 10032
f 9965 9969 9972
f 10032 9817 9993
f 9993 9992 10033
f 9902 9847 9775
f 9775 9846 9776
f 9969 9966 9972
f 9799 9975 9873
f 9876 9952 9874
f 9949 9906 9905
f 10022 9963 9888
f 10000 9975 9949
f 9946 9966 9969
f 9777 9976 9851
f 9970 9813 9967
f 10009 9885 9884
f 9927 10001 9926
f 9924 9945 9765
f 9924 9901 9945
f 9762 10010 9763
f 9862 9971 9868
f 10034 9766 9944
f 9868 9933 9866
f 9944 10035 10034
f 9996 9999 9791
f 9944 9943 10035
f 9862 9770 9769
f 9778 9971 9769
f 9851 9976 9865
f 9910 9989 9893
f 9955 9937 9876
f 9953 9884 9874
f 9779 9778 10036
f 10035 9950 10037
f 9764 9973 9762
f 10035 9943 9950
f 9979 10032 10017
f 10018 9896 9902
f 9918 9792 9794
f 9980 9958 10001
f 10038 10028 10025
f 9811 9901 9914
f 10037 9772 9771
f 9867 9959 10005
f 9769 9971 9862
f 10039 9921 9920
f 9795 9967 9794
f 9901 9924 9914
f 9936 9952 9937
f 9791 9790 9996
f 9847 9902 9896
f 9953 9936 10022
f 9815 9967 9813
f 9971 9798 9933
f 10040 9768 10006
f 9969 9962 9957
f 9821 10014 9927
f 9917 9928 9941
f 10021 10027 10026
f 9794 9815 10041
f 10034 10042 9766
f 9821 9951 9801
f 10043 9853 9852
f 9855 9978 10008
f 9926 9935 9961
f 9776 9797 9774
f 9832 9899 9922
f 9890 9956 9875
f 10003 9882 10010
f 9991 9858 10040
f 9882 9881 9934
f 9758 9893 9989
f 9835 9859 9861
f 10004 9803 9802
f 10042 9767 9766
f 9767 9995 9972
f 9846 9934 9776
f 9888 9884 10022
f 10017 10032 10044
f 10033 10044 10032
f 9875 9836 9890
f 9835 9891 9836
f 9861 9860 10045
f 9875 9956 9876
f 10018 10046 10019
f 9998 9789 9999
f 9997 9854 9856
f 9834 9982 9984
f 9986 10047 9883
f 9896 10018 9897
f 10010 9762 10003
f 9881 10030 9866
f 9743 10036 9778
f 9790 10016 9803
f 9879 9930 9889
f 9938 10002 9990
f 10033 10032 9993
f 9994 10002 9995
f 9846 9882 9934
f 9785 9837 9833
f 9990 9959 9960
f 9916 10002 9994
f 9806 9895 9900
f 9750 9749 9850
f 10005 10006 9768
f 9892 9861 9870
f 9884 10000 10009
f 10021 10026 10020
f 9982 9834 9836
f 10020 10017 9761
f 10048 10049 9834
f 9858 9991 9916
f 9981 10045 9973
f 9983 10008 9978
f 9853 10043 9871
f 10004 10008 9983
f 10044 9759 10017
f 9916 9991 10002
f 10044 10033 10019
f 9878 9880 9892
f 9968 9795 9793
f 10015 9836 9875
f 9834 9977 10048
f 9941 9873 9917
f 9994 9767 10042
f 9907 9906 9948
f 9765 9767 9966
f 9886 9975 9887
f 9995 9767 9994
f 9859 9834 10049
f 10006 9959 10040
f 9940 9965 9938
f 9892 9880 9861
f 9901 9772 9945
f 9921 9838 9909
f 10037 9950 9772
f 9853 9870 9981
f 9990 9939 9938
f 9977 9983 9978
f 9858 9768 10040
f 9754 9749 9932
f 9880 9889 9956
f 10002 9965 9995
f 9822 9786 9895
f 9869 9930 9878
f 9980 9927 9998
f 9834 9984 9977
f 9897 10019 9992
f 9931 9904 9755
f 9932 9841 9830
f 9859 9835 9834
f 10040 9959 9991
f 9978 9855 9854
f 9991 9990 10002
f 9854 10048 9977
f 10008 10004 9802
f 9993 9817 9844
f 9867 9997 9959
f 10009 9949 10011
f 9832 9922 9828
f 9828 9785 9832
f 9903 9913 9941
f 9904 9903 9755
f 10050 9859 10049
f 9748 9819 9840
f 10022 9884 9953
f 9798 9797 9934
f 9825 9839 9954
f 10041 9929 9794
f 9837 9904 9830
f 9948 9799 9782
f 10020 10026 9974
f 10048 10029 10049
f 10050 9988 9859
f 9932 9931 9754
f 9941 9928 9903
f 10048 9854 10029
f 9860 9859 9988
f 10049 10029 10050
f 10050 9985 9987
f 9988 10050 9987
f 9759 10044 10051
f 9921 9954 9839
f 10038 10044 10019
f 9863 9768 9770
f 9928 9929 9903
f 10046 10038 10019
f 9953 9952 9936
f 9825 9750 9849
f 9873 9918 9917
f 9875 9874 10015
f 9858 9915 9744
f 9786 9788 9895
f 9768 9858 9857
f 9769 9768 9857
f 9768 9863 10005
f 9997 10029 9854
f 9860 9988 9986
f 9925 9806 9946
f 9833 9899 9832
f 9847 9896 9848
f 9986 10003 9762
f 9899 9829 9831
f 9829 9837 9830
f 10001 9958 9947
f 9743 9858 9744
f 9818 9750 9825
f 9857 9743 9769
f 9913 9903 9784
f 9863 9867 10005
f 9811 9788 9809
f 9867 10029 9997
f 9788 9787 9812
f 9860 9986 9762
f 10047 9985 10029
f 9850 9877 9849
f 9985 10047 9986
f 9830 9904 9931
f 9749 9841 9932
f 9989 10007 9756
f 9921 10039 9954
f 10045 9860 9762
f 9870 9861 10045
f 9754 9931 9755
f 9744 10031 9742
f 10029 9985 10050
f 9752 9894 9845
f 9922 9842 9823
f 9801 9803 9820
f 9867 9863 9868
f 10047 10029 10030
f 9929 10041 9921
f 9909 9908 9929
f 10051 10038 10025
f 9810 9771 9773
f 9898 9929 9908
f 10051 10025 10024
f 10041 9814 9921
f 9806 9923 9942
f 10044 10038 10051
f 9926 9951 9821
f 9843 9816 10010
f 9787 9786 9842
f 9762 9973 10045
f 10045 9981 9870
f 9888 10000 9884
f 9871 9870 9853
f 9743 9742 10036
f 9769 9743 9778
f 10041 9815 9814
f 10029 9866 10030
f 9883 10047 10030
f 9759 10051 10024
f 10003 9986 9883
f 10019 10033 9992
f 10052 10053 10054
f 10055 10056 10057
f 10058 10059 10060
f 10062 10063 10064
f 10065 10066 10067
f 10068 10069 10070
f 10071 10063 10062
f 10072 10073 10074
f 10075 10076 10077
f 10078 10079 10080
f 10081 10064 10082
f 10083 10084 10085
f 10081 10082 10066
f 10086 10087 10088
f 10091 10092 10093
f 10095 10096 10097
f 10081 10066 10098
f 10099 10100 10101
f 10102 10103 10104
f 10095 10105 10106
f 10108 10109 10110
f 10064 10081 10062
f 10073 10111 10112
f 10113 10083 10085
f 10090 10114 10115
f 10116 10056 10117
f 10097 10118 10095
f 10119 10079 10120
f 10098 10075 10081
f 10121 10055 10122
f 10055 10057 10122
f 10123 10064 10063
f 10082 10124 10067
f 10073 10072 10111
f 10125 10062 10081
f 10118 10076 10075
f 10126 10127 10080
f 10128 10076 10129
f 10075 10130 10095
f 10077 10081 10075
f 10078 10080 10131
f 10076 10128 10077
f 10124 10117 10067
f 10111 10104 10103
f 10072 10104 10111
f 10083 10113 10129
f 10083 10129 10076
f 10127 10126 10089
f 10082 10067 10066
f 10134 10135 10136
f 10118 10083 10076
f 10082 10064 10123
f 10063 10071 10137
f 10123 10124 10082
f 10077 10125 10081
f 10069 10068 10136
f 10097 10096 10138
f 10124 10123 10139
f 10073 10140 10141
f 10144 10145 10146
f 10147 10061 10148
f 10054 10053 10149
f 10120 10139 10151
f 10112 10140 10073
f 10152 10153 10154
f 10130 10105 10095
f 10155 10156 10157
f 10159 10160 10058
f 10155 10161 10162
f 10075 10095 10118
f 10101 10163 10070
f 10164 10073 10141
f 10115 10165 10127
f 10127 10090 10115
f 10070 10166 10101
f 10149 10167 10168
f 10109 10108 10078
f 10109 10116 10110
f 10091 10121 10088
f 10169 10170 10171
f 10170 10169 10172
f 10159 10173 10174
f 10099 10175 10176
f 10175 10177 10176
f 10132 10126 10119
f 10079 10119 10126
f 10101 10166 10099
f 10056 10055 10093
f 10090 10127 10089
f 10079 10078 10108
f 10152 10169 10171
f 10127 10165 10131
f 10165 10115 10114
f 10177 10100 10176
f 10180 10181 10140
f 10182 10183 10103
f 10136 10068 10134
f 10184 10185 10186
f 10139 10120 10110
f 10109 10078 10187
f 10186 10094 10103
f 10100 10188 10189
f 10107 10143 10191
f 10192 10167 10193
f 10194 10142 10179
f 10195 10143 10142
f 10094 10158 10112
f 10196 10197 10198
f 10187 10131 10191
f 10199 10096 10106
f 10184 10182 10198
f 10197 10185 10184
f 10200 10144 10146
f 10059 10201 10060
f 10114 10107 10191
f 10195 10142 10194
f 10162 10202 10155
f 10143 10195 10203
f 10187 10057 10109
f 10134 10189 10204
f 10156 10052 10157
f 10106 10105 10205
f 10191 10143 10203
f 10194 10086 10195
f 10109 10057 10116
f 10203 10187 10191
f 10207 10088 10121
f 10184 10198 10197
f 10177 10167 10192
f 10207 10203 10195
f 10117 10124 10208
f 10122 10057 10187
f 10112 10158 10140
f 10065 10092 10091
f 10103 10112 10111
f 10195 10086 10207
f 10131 10080 10127
f 10079 10108 10120
f 10208 10116 10117
f 10122 10203 10207
f 10056 10116 10057
f 10149 10193 10167
f 10192 10193 10209
f 10103 10094 10112
f 10207 10121 10122
f 10178 10180 10140
f 10210 10162 10161
f 10157 10054 10155
f 10110 10120 10108
f 10084 10083 10097
f 10154 10211 10152
f 10146 10145 10166
f 10159 10058 10173
f 10088 10207 10086
f 10187 10078 10131
f 10201 10084 10138
f 10092 10067 10117
f 10117 10056 10092
f 10093 10055 10121
f 10121 10091 10093
f 10088 10087 10059
f 10088 10059 10212
f 10160 10065 10091
f 10213 10178 10206
f 10211 10169 10152
f 10145 10144 10214
f 10197 10196 10215
f 10213 10180 10178
f 10175 10210 10161
f 10091 10088 10212
f 10160 10217 10065
f 10103 10183 10186
f 10212 10160 10091
f 10138 10084 10097
f 10201 10138 10060
f 10217 10160 10159
f 10217 10066 10065
f 10145 10210 10175
f 10212 10058 10160
f 10060 10173 10058
f 10060 10138 10173
f 10217 10159 10174
f 10070 10069 10219
f 10184 10186 10183
f 10220 10173 10138
f 10173 10220 10221
f 10220 10138 10096
f 10161 10155 10054
f 10174 10173 10221
f 10096 10199 10220
f 10222 10174 10221
f 10161 10149 10175
f 10205 10098 10222
f 10205 10222 10221
f 10130 10098 10205
f 10130 10075 10098
f 10157 10052 10054
f 10192 10209 10223
f 10106 10096 10095
f 10205 10199 10106
f 10118 10097 10083
f 10217 10222 10066
f 10205 10105 10130
f 10149 10168 10175
f 10147 10148 10211
f 10206 10216 10213
f 10219 10166 10070
f 10213 10224 10180
f 10140 10181 10141
f 10171 10225 10226
f 10216 10153 10213
f 10227 10224 10213
f 10093 10092 10056
f 10222 10098 10066
f 10180 10224 10181
f 10227 10213 10153
f 10053 10228 10193
f 10204 10141 10181
f 10203 10122 10187
f 10175 10099 10145
f 10099 10166 10145
f 10225 10135 10229
f 10181 10224 10229
f 10139 10110 10208
f 10190 10133 10230
f 10148 10190 10230
f 10153 10216 10154
f 10231 10202 10162
f 10229 10224 10227
f 10120 10214 10119
f 10145 10214 10151
f 10230 10119 10200
f 10227 10153 10152
f 10232 10139 10123
f 10120 10151 10214
f 10165 10191 10131
f 10226 10229 10227
f 10137 10162 10233
f 10191 10165 10114
f 10134 10204 10181
f 10133 10119 10230
f 10135 10134 10181
f 10135 10181 10229
f 10232 10063 10137
f 10162 10210 10233
f 10151 10233 10145
f 10139 10232 10151
f 10144 10200 10214
f 10212 10059 10058
f 10150 10147 10154
f 10227 10152 10226
f 10137 10071 10231
f 10065 10067 10092
f 10164 10223 10073
f 10189 10141 10204
f 10231 10162 10137
f 10145 10233 10210
f 10233 10151 10232
f 10124 10139 10208
f 10214 10200 10119
f 10225 10229 10226
f 10234 10134 10068
f 10230 10200 10148
f 10232 10123 10063
f 10232 10137 10233
f 10223 10235 10073
f 10164 10141 10189
f 10103 10102 10182
f 10136 10135 10225
f 10166 10219 10146
f 10070 10234 10068
f 10175 10168 10177
f 10184 10183 10182
f 10073 10235 10074
f 10164 10192 10223
f 10080 10079 10126
f 10134 10234 10189
f 10189 10188 10164
f 10136 10225 10069
f 10172 10200 10146
f 10170 10225 10171
f 10192 10164 10188
f 10179 10218 10194
f 10069 10225 10219
f 10146 10170 10172
f 10169 10211 10172
f 10172 10211 10148
f 10176 10100 10099
f 10101 10100 10163
f 10054 10149 10161
f 10177 10168 10167
f 10222 10217 10174
f 10053 10193 10149
f 10200 10172 10148
f 10189 10163 10100
f 10170 10219 10225
f 10234 10070 10163
f 10147 10211 10154
f 10221 10220 10199
f 10228 10209 10193
f 10219 10170 10146
f 10192 10188 10177
f 10148 10061 10190
f 10199 10205 10221
f 10226 10152 10171
f 10132 10119 10133
f 10163 10189 10234
f 10110 10116 10208
f 10188 10100 10177
f 10236 10237 10238
f 10239 10240 10241
f 10242 10239 10243
f 10244 10245 10246
f 10241 10240 10247
f 10248 10249 10250
f 10251 10252 10253
f 10254 10255 10256
f 10240 10257 10247
f 10258 10259 10260
f 10261 10262 10263
f 10264 10265 10266
f 10267 10268 10269
f 10270 10271 10272
f 10238 10273 10236
f 10274 10275 10276
f 10277 10278 10279
f 10280 10278 10277
f 10281 10282 10283
f 10284 10285 10286
f 10287 10242 10288
f 10289 10290 10291
f 10292 10293 10294
f 10265 10264 10259
f 10295 10296 10297
f 10298 10299 10300
f 10301 10302 10303
f 10283 10282 10304
f 10305 10306 10307
f 10308 10309 10310
f 10311 10312 10313
f 10314 10315 10316
f 10317 10318 10319
f 10320 10321 10322
f 10323 10311 10324
f 10325 10326 10253
f 10327 10328 10329
f 10330 10331 10332
f 10333 10334 10305
f 10335 10336 10337
f 10338 10339 10340
f 10341 10342 10327
f 10343 10344 10345
f 10336 10346 10316
f 10347 10348 10349
f 10350 10310 10351
f 10352 10353 10320
f 10354 10355 10356
f 10357 10287 10288
f 10358 10359 10360
f 10361 10362 10363
f 10364 10365 10279
f 10239 10248 10250
f 10323 10366 10367
f 10368 10239 10241
f 10369 10298 10370
f 10266 10371 10264
f 10372 10373 10374
f 10375 10376 10377
f 10378 10379 10380
f 10381 10359 10340
f 10298 10369 10372
f 10338 10340 10257
f 10382 10323 10383
f 10384 10385 10306
f 10386 10387 10382
f 10247 10257 10388
f 10349 10389 10390
f 10391 10256 10392
f 10393 10394 10395
f 10330 10283 10331
f 10252 10396 10253
f 10268 10397 10299
f 10354 10307 10355
f 10349 10290 10347
f 10398 10399 10400
f 10401 10402 10403
f 10362 10404 10363
f 10315 10310 10316
f 10405 10406 10373
f 10255 10407 10408
f 10404 10325 10409
f 10410 10314 10346
f 10411 10275 10274
f 10412 10299 10397
f 10247 10388 10273
f 10413 10414 10415
f 10416 10380 10417
f 10418 10405 10373
f 10261 10419 10330
f 10420 10421 10422
f 10423 10379 10378
f 10424 10345 10425
f 10300 10412 10426
f 10331 10283 10304
f 10427 10371 10428
f 10400 10319 10398
f 10281 10394 10429
f 10430 10428 10431
f 10362 10432 10404
f 10433 10434 10401
f 10244 10379 10435
f 10430 10436 10428
f 10437 10438 10439
f 10319 10293 10292
f 10440 10349 10390
f 10238 10441 10247
f 10286 10442 10443
f 10385 10384 10444
f 10382 10383 10386
f 10445 10294 10446
f 10442 10245 10244
f 10447 10448 10449
f 10450 10259 10264
f 10305 10354 10333
f 10319 10292 10398
f 10307 10327 10451
f 10452 10453 10454
f 10336 10316 10337
f 10329 10339 10455
f 10456 10457 10458
f 10459 10315 10294
f 10348 10347 10317
f 10411 10460 10461
f 10450 10260 10259
f 10428 10436 10427
f 10339 10329 10462
f 10463 10305 10344
f 10276 10275 10461
f 10464 10465 10361
f 10420 10361 10465
f 10420 10362 10361
f 10358 10466 10467
f 10468 10264 10371
f 10469 10355 10451
f 10453 10470 10410
f 10256 10391 10254
f 10471 10274 10376
f 10287 10357 10339
f 10336 10335 10472
f 10473 10404 10297
f 10317 10347 10474
f 10327 10342 10328
f 10475 10278 10476
f 10466 10360 10477
f 10474 10478 10317
f 10479 10433 10260
f 10357 10455 10339
f 10433 10401 10260
f 10246 10245 10415
f 10374 10373 10480
f 10481 10482 10483
f 10484 10400 10448
f 10485 10486 10291
f 10319 10318 10293
f 10251 10253 10487
f 10403 10372 10369
f 10452 10446 10453
f 10351 10310 10309
f 10455 10327 10329
f 10326 10488 10487
f 10489 10417 10380
f 10377 10430 10375
f 10438 10396 10252
f 10482 10324 10313
f 10490 10489 10380
f 10491 10492 10493
f 10494 10495 10416
f 10496 10442 10244
f 10266 10265 10497
f 10498 10270 10272
f 10291 10457 10456
f 10434 10499 10500
f 10501 10456 10502
f 10503 10422 10421
f 10488 10504 10505
f 10478 10506 10256
f 10376 10274 10507
f 10508 10421 10465
f 10509 10510 10511
f 10343 10312 10512
f 10513 10514 10515
f 10461 10275 10411
f 10465 10464 10508
f 10307 10354 10305
f 10508 10461 10516
f 10517 10518 10296
f 10476 10280 10362
f 10478 10474 10506
f 10519 10520 10263
f 10521 10489 10522
f 10274 10276 10523
f 10434 10524 10499
f 10346 10336 10525
f 10371 10285 10428
f 10501 10506 10289
f 10318 10459 10293
f 10443 10428 10285
f 10370 10401 10369
f 10434 10403 10402
f 10526 10475 10422
f 10527 10528 10406
f 10318 10308 10459
f 10322 10492 10529
f 10477 10360 10359
f 10250 10243 10239
f 10390 10389 10530
f 10531 10407 10255
f 10532 10484 10447
f 10513 10509 10514
f 10371 10266 10342
f 10280 10432 10362
f 10361 10363 10473
f 10317 10533 10348
f 10405 10500 10534
f 10389 10535 10536
f 10486 10457 10291
f 10415 10286 10413
f 10272 10537 10538
f 10539 10345 10424
f 10468 10479 10264
f 10498 10272 10538
f 10471 10375 10393
f 10505 10365 10540
f 10280 10505 10504
f 10435 10379 10423
f 10319 10533 10317
f 10541 10486 10530
f 10403 10405 10418
f 10464 10276 10461
f 10245 10442 10415
f 10315 10314 10470
f 10542 10429 10423
f 10466 10477 10370
f 10259 10381 10265
f 10543 10362 10420
f 10476 10362 10543
f 10258 10477 10381
f 10394 10544 10395
f 10545 10516 10461
f 10379 10546 10547
f 10532 10400 10484
f 10310 10315 10459
f 10419 10544 10548
f 10545 10520 10519
f 10370 10298 10300
f 10290 10349 10440
f 10444 10413 10549
f 10469 10451 10357
f 10440 10390 10530
f 10437 10405 10534
f 10504 10488 10326
f 10506 10249 10256
f 10496 10435 10375
f 10406 10528 10480
f 10236 10467 10237
f 10361 10276 10464
f 10299 10298 10269
f 10253 10396 10325
f 10550 10551 10495
f 10344 10305 10334
f 10421 10420 10465
f 10476 10543 10422
f 10543 10420 10422
f 10345 10312 10343
f 10313 10539 10483
f 10496 10430 10431
f 10530 10536 10541
f 10356 10333 10354
f 10496 10244 10435
f 10377 10436 10430
f 10552 10246 10414
f 10408 10318 10478
f 10507 10518 10553
f 10334 10554 10344
f 10328 10497 10381
f 10238 10237 10441
f 10542 10281 10429
f 10415 10414 10246
f 10325 10280 10504
f 10382 10522 10366
f 10282 10281 10550
f 10547 10552 10490
f 10375 10429 10393
f 10487 10253 10326
f 10514 10509 10511
f 10555 10330 10332
f 10445 10292 10294
f 10552 10547 10246
f 10532 10348 10533
f 10444 10414 10413
f 10554 10334 10556
f 10503 10421 10508
f 10502 10458 10288
f 10557 10554 10556
f 10347 10290 10474
f 10515 10389 10513
f 10278 10280 10476
f 10405 10437 10558
f 10295 10404 10409
f 10312 10345 10539
f 10454 10537 10448
f 10250 10288 10243
f 10512 10552 10384
f 10414 10444 10384
f 10482 10383 10324
f 10491 10270 10498
f 10261 10559 10544
f 10279 10475 10560
f 10449 10561 10447
f 10260 10450 10479
f 10511 10447 10514
f 10469 10457 10486
f 10293 10459 10294
f 10451 10455 10357
f 10536 10562 10541
f 10563 10447 10561
f 10344 10343 10463
f 10366 10490 10552
f 10371 10427 10468
f 10334 10333 10562
f 10394 10281 10544
f 10564 10565 10540
f 10505 10540 10488
f 10392 10248 10566
f 10330 10419 10548
f 10486 10356 10355
f 10412 10300 10299
f 10368 10241 10441
f 10425 10345 10554
f 10291 10290 10485
f 10337 10350 10567
f 10323 10382 10366
f 10249 10248 10392
f 10312 10311 10512
f 10535 10389 10568
f 10406 10405 10558
f 10448 10447 10484
f 10517 10296 10499
f 10569 10302 10539
f 10470 10314 10410
f 10271 10481 10483
f 10530 10485 10440
f 10562 10556 10334
f 10534 10409 10396
f 10264 10479 10450
f 10466 10300 10570
f 10447 10563 10514
f 10388 10257 10273
f 10277 10571 10280
f 10524 10517 10499
f 10572 10248 10368
f 10531 10255 10254
f 10404 10295 10297
f 10252 10439 10438
f 10271 10302 10272
f 10535 10556 10562
f 10355 10469 10486
f 10265 10381 10497
f 10302 10569 10303
f 10240 10339 10338
f 10537 10272 10301
f 10380 10416 10378
f 10447 10511 10532
f 10385 10573 10341
f 10551 10378 10416
f 10427 10436 10468
f 10547 10546 10574
f 10243 10288 10242
f 10302 10483 10539
f 10480 10373 10406
f 10340 10339 10462
f 10460 10411 10559
f 10575 10576 10408
f 10286 10285 10573
f 10498 10538 10577
f 10271 10270 10493
f 10379 10547 10380
f 10461 10460 10520
f 10359 10381 10477
f 10406 10558 10527
f 10534 10500 10499
f 10357 10458 10469
f 10339 10240 10287
f 10449 10448 10537
f 10385 10341 10306
f 10496 10443 10442
f 10303 10515 10563
f 10257 10240 10338
f 10389 10349 10509
f 10460 10261 10263
f 10532 10533 10319
f 10320 10353 10321
f 10377 10376 10553
f 10327 10307 10341
f 10479 10524 10433
f 10286 10573 10549
f 10286 10415 10442
f 10389 10515 10578
f 10455 10451 10327
f 10508 10516 10503
f 10348 10532 10510
f 10246 10574 10244
f 10546 10244 10574
f 10529 10352 10320
f 10571 10277 10365
f 10453 10446 10579
f 10273 10238 10247
f 10482 10481 10321
f 10573 10385 10444
f 10550 10423 10551
f 10365 10505 10571
f 10346 10314 10316
f 10372 10418 10373
f 10579 10470 10453
f 10436 10553 10517
f 10467 10236 10358
f 10557 10556 10535
f 10329 10328 10462
f 10328 10340 10462
f 10324 10383 10323
f 10299 10269 10268
f 10360 10466 10358
f 10573 10285 10371
f 10458 10457 10469
f 10524 10479 10468
f 10250 10502 10288
f 10482 10321 10383
f 10482 10313 10483
f 10481 10322 10321
f 10471 10376 10375
f 10250 10249 10501
f 10559 10395 10544
f 10580 10454 10346
f 10538 10537 10454
f 10312 10539 10313
f 10302 10271 10483
f 10286 10549 10413
f 10569 10515 10303
f 10364 10560 10526
f 10425 10569 10424
f 10578 10425 10568
f 10467 10466 10581
f 10426 10570 10300
f 10289 10456 10501
f 10371 10342 10573
f 10240 10239 10242
f 10276 10361 10473
f 10260 10477 10258
f 10515 10425 10578
f 10336 10472 10525
f 10273 10359 10358
f 10296 10518 10297
f 10236 10273 10358
f 10340 10273 10257
f 10311 10323 10367
f 10422 10503 10582
f 10526 10422 10582
f 10401 10403 10369
f 10517 10468 10436
f 10553 10518 10517
f 10350 10316 10310
f 10510 10349 10348
f 10554 10557 10425
f 10359 10273 10340
f 10477 10260 10370
f 10458 10502 10456
f 10287 10240 10242
f 10256 10255 10478
f 10320 10322 10529
f 10313 10324 10311
f 10416 10417 10494
f 10429 10435 10423
f 10380 10547 10490
f 10458 10357 10288
f 10451 10355 10307
f 10374 10267 10372
f 10541 10562 10356
f 10521 10522 10382
f 10485 10530 10486
f 10520 10460 10263
f 10269 10372 10267
f 10454 10577 10538
f 10297 10507 10473
f 10502 10250 10501
f 10453 10410 10454
f 10551 10416 10495
f 10539 10424 10569
f 10356 10486 10541
f 10330 10555 10261
f 10510 10509 10349
f 10269 10298 10372
f 10290 10506 10474
f 10443 10284 10286
f 10505 10280 10571
f 10574 10246 10547
f 10271 10322 10481
f 10559 10274 10471
f 10463 10384 10305
f 10294 10315 10446
f 10534 10438 10437
f 10426 10412 10397
f 10554 10345 10344
f 10283 10548 10281
f 10515 10569 10425
f 10295 10499 10296
f 10407 10575 10408
f 10279 10560 10364
f 10351 10567 10350
f 10401 10434 10402
f 10387 10386 10583
f 10429 10375 10435
f 10270 10491 10493
f 10460 10559 10261
f 10583 10321 10353
f 10506 10290 10289
f 10399 10445 10452
f 10414 10384 10552
f 10559 10411 10274
f 10432 10280 10325
f 10461 10520 10545
f 10367 10512 10311
f 10563 10515 10514
f 10381 10259 10258
f 10584 10445 10399
f 10401 10370 10260
f 10321 10583 10386
f 10389 10509 10513
f 10576 10308 10318
f 10322 10271 10493
f 10456 10289 10291
f 10579 10446 10315
f 10573 10342 10341
f 10523 10507 10274
f 10507 10523 10473
f 10536 10530 10389
f 10485 10290 10440
f 10279 10365 10277
f 10461 10508 10464
f 10490 10366 10522
f 10310 10459 10308
f 10585 10558 10437
f 10526 10560 10475
f 10562 10536 10535
f 10555 10262 10261
f 10278 10475 10279
f 10431 10443 10496
f 10558 10586 10527
f 10249 10392 10256
f 10284 10443 10285
f 10330 10548 10283
f 10507 10297 10518
f 10266 10328 10342
f 10587 10494 10417
f 10489 10490 10522
f 10248 10572 10566
f 10521 10587 10489
f 10542 10550 10281
f 10534 10396 10438
f 10524 10434 10433
f 10248 10239 10368
f 10383 10321 10386
f 10561 10449 10301
f 10580 10577 10454
f 10437 10439 10585
f 10586 10558 10585
f 10446 10452 10445
f 10417 10489 10587
f 10393 10429 10394
f 10399 10398 10584
f 10266 10497 10328
f 10564 10540 10365
f 10333 10356 10562
f 10563 10561 10303
f 10307 10306 10341
f 10507 10553 10376
f 10395 10559 10471
f 10292 10584 10398
f 10568 10557 10535
f 10300 10466 10370
f 10340 10328 10381
f 10492 10322 10493
f 10372 10403 10418
f 10384 10463 10512
f 10249 10506 10501
f 10581 10237 10467
f 10511 10510 10532
f 10367 10552 10512
f 10534 10499 10409
f 10403 10434 10500
f 10378 10551 10423
f 10301 10303 10561
f 10318 10408 10576
f 10557 10568 10425
f 10579 10315 10470
f 10577 10580 10498
f 10445 10584 10292
f 10500 10405 10403
f 10247 10441 10241
f 10552 10367 10366
f 10268 10267 10374
f 10384 10306 10305
f 10576 10309 10308
f 10436 10377 10553
f 10523 10276 10473
f 10428 10443 10431
f 10396 10409 10325
f 10272 10302 10301
f 10449 10537 10301
f 10422 10475 10476
f 10478 10318 10317
f 10496 10375 10430
f 10379 10244 10546
f 10319 10400 10532
f 10444 10549 10573
f 10570 10581 10466
f 10578 10568 10389
f 10550 10542 10423
f 10387 10521 10382
f 10473 10363 10404
f 10343 10512 10463
f 10408 10478 10255
f 10495 10282 10550
f 10350 10337 10316
f 10517 10524 10468
f 10395 10471 10393
f 10504 10326 10325
f 10544 10419 10261
f 10441 10572 10368
f 10432 10325 10404
f 10454 10448 10452
f 10544 10281 10548
f 10399 10448 10400
f 10399 10452 10448
f 10410 10346 10454
f 10499 10295 10409
f 10588 10589 10590
f 10591 10592 10593
f 10594 10595 10596
f 10597 10598 10599
f 10600 10601 10602
f 10603 10604 10605
f 10606 10607 10608
f 10609 10610 10611
f 10612 10613 10614
f 10615 10616 10617
f 10618 10619 10620
f 10621 10622 10623
f 10624 10625 10626
f 10627 10628 10629
f 10630 10631 10632
f 10633 10634 10635
f 10636 10637 10638
f 10639 10629 10628
f 10640 10641 10642
f 10643 10644 10645
f 10646 10647 10648
f 10649 10650 10615
f 10651 10652 10653
f 10654 10630 10655
f 10656 10657 10658
f 10659 10660 10661
f 10662 10663 10664
f 10598 10597 10665
f 10612 10657 10666
f 10612 10667 10668
f 10669 10670 10618
f 10671 10672 10673
f 10589 10591 10593
f 10674 10602 10675
f 10615 10676 10632
f 10677 10613 10668
f 10678 10667 10666
f 10679 10680 10681
f 10668 10682 10683
f 10677 10684 10685
f 10686 10687 10688
f 10689 10690 10691
f 10692 10693 10694
f 10695 10696 10697
f 10698 10699 10700
f 10701 10682 10702
f 10703 10704 10692
f 10705 10642 10641
f 10706 10707 10708
f 10706 10709 10597
f 10636 10710 10711
f 10712 10707 10713
f 10714 10715 10716
f 10588 10717 10676
f 10718 10719 10720
f 10721 10696 10695
f 10722 10723 10724
f 10725 10726 10721
f 10727 10728 10729
f 10603 10730 10731
f 10730 10732 10733
f 10667 10682 10668
f 10734 10735 10736
f 10737 10738 10739
f 10740 10741 10742
f 10743 10744 10745
f 10624 10693 10746
f 10744 10747 10748
f 10632 10676 10717
f 10749 10600 10674
f 10750 10751 10752
f 10640 10753 10754
f 10755 10630 10654
f 10756 10736 10757
f 10755 10654 10758
f 10759 10739 10639
f 10717 10760 10632
f 10761 10699 10698
f 10760 10717 10762
f 10673 10763 10764
f 10765 10740 10766
f 10767 10768 10624
f 10769 10770 10771
f 10772 10773 10774
f 10651 10775 10652
f 10677 10668 10753
f 10677 10640 10642
f 10776 10777 10778
f 10691 10779 10689
f 10780 10781 10782
f 10683 10753 10668
f 10783 10653 10690
f 10784 10785 10786
f 10787 10788 10789
f 10790 10595 10791
f 10714 10637 10773
f 10792 10707 10669
f 10793 10794 10795
f 10696 10627 10697
f 10646 10645 10644
f 10796 10797 10798
f 10760 10762 10655
f 10745 10799 10743
f 10800 10801 10802
f 10803 10648 10804
f 10783 10805 10653
f 10657 10656 10806
f 10807 10808 10809
f 10810 10755 10811
f 10710 10812 10813
f 10655 10630 10760
f 10642 10614 10684
f 10693 10775 10746
f 10636 10800 10710
f 10814 10815 10816
f 10601 10600 10771
f 10691 10817 10818
f 10616 10819 10686
f 10660 10820 10821
f 10704 10653 10652
f 10716 10715 10811
f 10658 10822 10656
f 10641 10640 10823
f 10824 10825 10826
f 10817 10694 10827
f 10828 10746 10829
f 10716 10755 10758
f 10799 10830 10831
f 10760 10630 10632
f 10663 10832 10744
f 10742 10833 10834
f 10835 10660 10795
f 10758 10801 10836
f 10837 10592 10838
f 10839 10840 10841
f 10787 10749 10842
f 10662 10664 10742
f 10843 10844 10845
f 10846 10847 10848
f 10844 10849 10805
f 10850 10851 10649
f 10611 10850 10617
f 10743 10740 10742
f 10746 10828 10767
f 10852 10775 10651
f 10853 10831 10854
f 10735 10821 10855
f 10688 10687 10856
f 10857 10814 10776
f 10858 10834 10833
f 10627 10859 10697
f 10801 10758 10847
f 10860 10797 10861
f 10862 10631 10630
f 10605 10733 10603
f 10755 10795 10794
f 10862 10630 10755
f 10673 10672 10763
f 10859 10863 10786
f 10845 10739 10759
f 10603 10864 10604
f 10813 10857 10711
f 10812 10710 10802
f 10865 10866 10867
f 10868 10869 10670
f 10596 10790 10766
f 10762 10621 10623
f 10780 10782 10854
f 10747 10870 10871
f 10872 10595 10854
f 10620 10873 10874
f 10676 10615 10650
f 10742 10664 10743
f 10830 10854 10831
f 10809 10808 10838
f 10688 10875 10609
f 10625 10876 10877
f 10878 10839 10841
f 10613 10612 10668
f 10879 10723 10880
f 10741 10838 10592
f 10830 10799 10881
f 10603 10733 10732
f 10662 10742 10834
f 10714 10773 10715
f 10679 10681 10804
f 10731 10730 10851
f 10747 10871 10748
f 10600 10749 10882
f 10818 10883 10884
f 10681 10763 10885
f 10775 10692 10652
f 10701 10810 10811
f 10802 10886 10812
f 10887 10624 10888
f 10820 10889 10821
f 10716 10836 10638
f 10771 10600 10882
f 10682 10701 10715
f 10890 10891 10705
f 10611 10617 10616
f 10646 10648 10892
f 10893 10862 10794
f 10589 10650 10733
f 10893 10894 10862
f 10631 10895 10819
f 10799 10853 10743
f 10822 10658 10705
f 10885 10672 10896
f 10617 10850 10649
f 10897 10898 10621
f 10592 10858 10741
f 10899 10900 10901
f 10789 10749 10787
f 10902 10734 10736
f 10824 10903 10825
f 10857 10776 10778
f 10904 10905 10906
f 10907 10748 10908
f 10675 10842 10674
f 10711 10710 10813
f 10762 10909 10655
f 10877 10626 10625
f 10824 10864 10731
f 10850 10910 10851
f 10819 10895 10686
f 10609 10611 10686
f 10711 10857 10778
f 10911 10912 10913
f 10806 10914 10678
f 10816 10815 10754
f 10655 10915 10654
f 10667 10678 10702
f 10604 10901 10900
f 10632 10616 10615
f 10710 10800 10802
f 10595 10594 10853
f 10853 10799 10831
f 10907 10799 10745
f 10641 10823 10705
f 10801 10886 10802
f 10743 10664 10663
f 10871 10916 10748
f 10868 10669 10707
f 10803 10634 10633
f 10815 10890 10823
f 10915 10655 10909
f 10917 10766 10918
f 10774 10816 10754
f 10868 10670 10669
f 10713 10919 10719
f 10834 10858 10604
f 10815 10920 10754
f 10921 10851 10910
f 10711 10778 10777
f 10834 10922 10662
f 10850 10923 10910
f 10924 10888 10925
f 10825 10926 10826
f 10611 10610 10923
f 10825 10729 10926
f 10856 10794 10734
f 10851 10927 10903
f 10928 10912 10908
f 10903 10824 10731
f 10595 10872 10791
f 10747 10832 10929
f 10930 10931 10622
f 10734 10794 10793
f 10890 10705 10823
f 10744 10743 10663
f 10932 10933 10934
f 10856 10687 10935
f 10936 10874 10937
f 10736 10756 10902
f 10909 10938 10840
f 10928 10748 10916
f 10784 10863 10737
f 10847 10909 10848
f 10939 10782 10781
f 10708 10792 10940
f 10790 10596 10595
f 10920 10815 10823
f 10941 10942 10943
f 10797 10910 10923
f 10944 10881 10934
f 10816 10774 10777
f 10609 10686 10688
f 10895 10687 10686
f 10927 10851 10921
f 10882 10749 10634
f 10789 10635 10749
f 10911 10913 10934
f 10727 10903 10927
f 10881 10908 10911
f 10838 10765 10809
f 10867 10945 10859
f 10895 10893 10935
f 10887 10876 10625
f 10882 10634 10769
f 10935 10893 10794
f 10687 10895 10935
f 10907 10745 10744
f 10654 10915 10758
f 10946 10849 10844
f 10593 10590 10589
f 10799 10907 10908
f 10917 10809 10765
f 10894 10895 10631
f 10864 10824 10899
f 10594 10596 10740
f 10777 10776 10816
f 10714 10638 10637
f 10896 10672 10671
f 10937 10688 10856
f 10648 10647 10804
f 10797 10923 10610
f 10610 10861 10797
f 10801 10847 10846
f 10846 10886 10801
f 10794 10856 10935
f 10777 10636 10711
f 10922 10947 10663
f 10734 10793 10735
f 10872 10854 10948
f 10895 10894 10893
f 10922 10751 10947
f 10797 10949 10798
f 10765 10838 10741
f 10631 10862 10894
f 10901 10864 10899
f 10763 10681 10680
f 10588 10898 10897
f 10656 10950 10806
f 10631 10616 10632
f 10810 10835 10795
f 10629 10639 10738
f 10948 10854 10782
f 10881 10799 10908
f 10951 10728 10927
f 10853 10594 10743
f 10870 10747 10952
f 10854 10595 10853
f 10751 10900 10899
f 10839 10878 10931
f 10600 10602 10674
f 10916 10673 10764
f 10589 10733 10605
f 10795 10755 10810
f 10772 10774 10753
f 10858 10592 10591
f 10861 10953 10860
f 10627 10629 10859
f 10953 10861 10954
f 10588 10897 10717
f 10943 10942 10887
f 10801 10800 10836
f 10874 10688 10937
f 10874 10873 10875
f 10603 10732 10730
f 10660 10821 10735
f 10592 10837 10593
f 10833 10742 10741
f 10695 10945 10725
f 10663 10947 10832
f 10675 10722 10955
f 10747 10744 10832
f 10748 10928 10908
f 10800 10636 10638
f 10863 10784 10786
f 10908 10912 10911
f 10807 10809 10956
f 10957 10752 10826
f 10623 10878 10938
f 10834 10604 10900
f 10792 10620 10940
f 10798 10958 10796
f 10650 10730 10733
f 10927 10921 10951
f 10611 10923 10850
f 10949 10797 10860
f 10728 10727 10927
f 10937 10856 10936
f 10750 10947 10751
f 10709 10665 10597
f 10769 10896 10770
f 10959 10808 10807
f 10636 10777 10960
f 10961 10860 10953
f 10841 10840 10938
f 10947 10750 10832
f 10826 10962 10957
f 10752 10700 10750
f 10844 10805 10739
f 10640 10920 10823
f 10635 10789 10963
f 10604 10858 10605
f 10860 10961 10949
f 10929 10832 10750
f 10731 10851 10903
f 10842 10955 10787
f 10689 10822 10964
f 10779 10884 10965
f 10957 10962 10966
f 10692 10775 10693
f 10826 10752 10824
f 10934 10913 10932
f 10774 10773 10960
f 10966 10967 10700
f 10798 10949 10968
f 10608 10817 10606
f 10969 10736 10735
f 10821 10607 10855
f 10822 10786 10964
f 10763 10672 10885
f 10912 10970 10913
f 10644 10647 10646
f 10827 10606 10817
f 10637 10636 10960
f 10847 10758 10915
f 10938 10878 10841
f 10621 10971 10959
f 10943 10887 10888
f 10928 10970 10912
f 10916 10972 10928
f 10964 10786 10785
f 10972 10970 10928
f 10766 10740 10596
f 10741 10858 10833
f 10909 10762 10938
f 10718 10869 10712
f 10958 10798 10973
f 10974 10972 10680
f 10667 10612 10666
f 10951 10958 10975
f 10873 10619 10954
f 10753 10640 10677
f 10611 10616 10686
f 10910 10797 10796
f 10884 10779 10818
f 10822 10705 10976
f 10735 10793 10660
f 10861 10875 10954
f 10953 10905 10961
f 10917 10956 10809
f 10767 10624 10746
f 10803 10804 10681
f 10753 10683 10772
f 10874 10936 10977
f 10606 10626 10978
f 10874 10977 10620
f 10979 10866 10976
f 10980 10976 10705
f 10981 10982 10597
f 10721 10695 10725
f 10665 10941 10598
f 10980 10979 10976
f 10642 10705 10983
f 10807 10984 10959
f 10634 10985 10769
f 10730 10650 10649
f 10776 10814 10816
f 10898 10971 10621
f 10971 10838 10808
f 10986 10618 10670
f 10987 10822 10976
f 10756 10757 10709
f 10736 10969 10757
f 10865 10987 10866
f 10876 10942 10988
f 10855 10989 10969
f 10599 10598 10924
f 10607 10989 10855
f 10959 10622 10621
f 10990 10932 10913
f 10773 10637 10960
f 10673 10870 10952
f 10761 10671 10673
f 10871 10870 10916
f 10929 10750 10700
f 10715 10701 10811
f 10656 10822 10991
f 10972 10916 10764
f 10796 10958 10921
f 10690 10964 10783
f 10882 10769 10771
f 10773 10772 10683
f 10734 10902 10936
f 10889 10992 10821
f 10859 10695 10697
f 10713 10707 10706
f 10642 10684 10677
f 10638 10836 10800
f 10967 10698 10700
f 10597 10982 10706
f 10973 10798 10968
f 10983 10705 10658
f 10866 10945 10867
f 10781 10830 10944
f 10922 10663 10662
f 10619 10906 10954
f 10983 10657 10612
f 10605 10591 10589
f 10905 10953 10906
f 10794 10862 10755
f 10971 10898 10590
f 10969 10988 10757
f 10855 10969 10735
f 10971 10837 10838
f 10989 10607 10978
f 10887 10942 10876
f 10773 10683 10715
f 10769 10885 10896
f 10690 10704 10993
f 10960 10777 10774
f 10787 10955 10788
f 10984 10930 10959
f 10881 10911 10934
f 10879 10880 10994
f 10859 10945 10695
f 10899 10824 10752
f 10631 10819 10616
f 10992 10607 10821
f 10907 10744 10748
f 10854 10830 10780
f 10700 10957 10966
f 10738 10639 10739
f 10991 10779 10950
f 10650 10589 10588
f 10627 10696 10628
f 10941 10943 10888
f 10873 10620 10619
f 10889 10659 10965
f 10694 10703 10692
f 10727 10729 10825
f 10971 10590 10593
f 10682 10667 10702
f 10675 10955 10842
f 10898 10588 10590
f 10747 10929 10995
f 10955 10724 10996
f 10762 10717 10897
f 10708 10707 10792
f 10762 10623 10938
f 10609 10861 10610
f 10997 10849 10946
f 10955 10722 10724
f 10718 10712 10719
f 10588 10676 10650
f 10722 10880 10723
f 10638 10714 10716
f 10633 10635 10963
f 10622 10959 10930
f 10741 10740 10765
f 10981 10597 10998
f 10614 10642 10983
f 10968 10949 10961
f 10739 10845 10844
f 10648 10963 10892
f 10738 10863 10629
f 10995 10952 10747
f 10685 10614 10613
f 10753 10774 10754
f 10944 10939 10781
f 10737 10785 10784
f 10709 10706 10940
f 10936 10856 10734
f 10996 10724 10723
f 10990 10974 10647
f 10699 10929 10700
f 10851 10730 10649
f 10618 10906 10619
f 10620 10999 10940
f 10623 10622 10878
f 10615 10617 10649
f 10651 10849 10828
f 10969 11000 10988
f 10980 10705 10891
f 10942 10757 10988
f 10902 10756 10977
f 10971 10593 10837
f 10790 10918 10766
f 10689 10964 10690
f 10900 10751 10922
f 11001 10932 10643
f 10990 10647 10644
f 10918 10956 10917
f 10990 10913 10970
f 10932 10990 10643
f 10712 10713 10719
f 10660 10659 10820
f 10953 10954 10906
f 10614 10983 10612
f 10859 10786 10867
f 10699 10995 10929
f 10865 10867 10786
f 10972 10764 10680
f 10897 10621 10762
f 10613 10677 10685
f 10847 10915 10909
f 10759 10639 10628
f 10868 10707 10712
f 10792 10618 10620
f 10918 10790 10956
f 10977 10756 10999
f 10844 10843 10946
f 10622 10931 10878
f 10635 10634 10749
f 11000 10969 10989
f 10766 10917 10765
f 10990 10644 10643
f 10786 10822 10987
f 10970 10974 10990
f 10673 10952 10761
f 10931 10930 10984
f 10901 10604 10864
f 10987 10865 10786
f 10752 10751 10899
f 10758 10836 10716
f 10875 10873 10954
f 10868 10712 10869
f 10737 10863 10738
f 10793 10795 10660
f 10761 10995 10699
f 10924 10925 11002
f 10682 10715 10683
f 10817 10883 10818
f 10689 10991 10822
f 10618 10986 10906
f 10684 10614 10685
f 10983 10658 10657
f 10921 10958 10951
f 10906 10986 10904
f 10739 10805 10737
f 10999 10756 10709
f 10594 10740 10743
f 11001 10933 10932
f 10861 10609 10875
f 10709 10940 10999
f 10902 10977 10936
f 10834 10900 10922
f 10933 10944 10934
f 10951 10975 10728
f 10757 10941 10709
f 10805 10849 10651
f 10988 11000 10876
f 10885 10769 10985
f 10825 10903 10727
f 10978 11000 10989
f 10651 10653 10805
f 10688 10874 10875
f 10888 10598 10941
f 10876 11000 10877
f 10805 10785 10737
f 10755 10716 10811
f 10666 10657 10806
f 10700 10752 10957
f 10952 10995 10761
f 10625 10624 10887
f 10974 10680 10679
f 10618 10792 10669
f 10999 10620 10977
f 10826 10926 10962
f 10842 10749 10674
f 10648 10803 10633
f 10940 10706 10708
f 10634 10803 10985
f 10870 10673 10916
f 10757 10942 10941
f 10806 10678 10666
f 10810 10701 10702
f 10950 10656 10991
f 10859 10629 10863
f 10633 10963 10648
f 10941 10665 10709
f 10829 10746 10775
f 10920 10640 10754
f 10706 10919 10713
f 10599 10998 10597
f 10864 10603 10731
f 10806 10950 10779
f 10704 10703 10993
f 10796 10921 10910
f 10768 11002 10925
f 10974 10679 10804
f 10779 10991 10689
f 10888 10768 10925
f 10914 10661 10678
f 10888 10924 10598
f 11002 10768 10767
f 10888 10624 10768
f 10914 10806 10965
f 10693 10624 10626
f 10828 10829 10852
f 10702 10835 10810
f 10965 10806 10779
f 10828 10852 10651
f 10678 10661 10702
f 11000 10978 10877
f 10775 10852 10829
f 10607 10606 10978
f 10764 10763 10680
f 10978 10626 10877
f 10681 10985 10803
f 10661 10914 10659
f 10965 10659 10914
f 10817 10691 10703
f 10785 10783 10964
f 10985 10681 10885
f 10606 10693 10626
f 10661 10835 10702
f 10605 10858 10591
f 10691 10818 10779
f 10835 10661 10660
f 10982 11003 10706
f 10808 10959 10971
f 10693 10606 10827
f 10987 10976 10866
f 10690 10993 10691
f 10997 10828 10849
f 10804 10647 10974
f 10608 10607 10992
f 10827 10694 10693
f 10830 10881 10944
f 10659 10889 10820
f 10691 10993 10703
f 10785 10805 10783
f 10817 10608 10992
f 10692 10704 10652
f 10830 10781 10780
f 10706 11003 10919
f 10883 10817 10992
f 10884 10992 10889
f 10889 10965 10884
f 10992 10884 10883
f 10694 10817 10703
f 10653 10704 10690
f 10974 10970 10972
f 11004 11005 11006
f 11007 11008 11009
f 11010 11011 11012
f 11013 11014 11015
f 11016 11013 11015
f 11017 11018 11019
f 11020 11021 11022
f 11023 11024 11025
f 11026 11027 11028
f 11029 11030 11031
f 11032 11033 11034
f 11035 11036 11037
f 11038 11027 11026
f 11039 11040 11041
f 11042 11043 11044
f 11045 11046 11047
f 11048 11032 11049
f 11050 11051 11031
f 11052 11053 11054
f 11028 11027 11053
f 11055 11056 11057
f 11058 11059 11060
f 11061 11062 11018
f 11063 11064 11061
f 11065 11066 11067
f 11029 11031 11068
f 11034 11069 11032
f 11051 11050 11070
f 11071 11072 11073
f 11019 11074 11067
f 11074 11019 11075
f 11076 11077 11078
f 11079 11020 11080
f 11081 11082 11083
f 11062 11075 11018
f 11084 11085 11086
f 11087 11088 11089
f 11090 11091 11092
f 11093 11094 11076
f 11091 11090 11095
f 11079 11096 11072
f 11082 11089 11093
f 11097 11098 11099
f 11066 11100 11101
f 11095 11090 11102
f 11103 11104 11100
f 11105 11055 11057
f 11026 11106 11038
f 11105 11107 11108
f 11083 11109 11081
f 11082 11093 11076
f 11110 11111 11112
f 11017 11113 11018
f 11114 11115 11116
f 11102 11109 11117
f 11083 11076 11078
f 11064 11063 11118
f 11119 11047 11046
f 11054 11027 11038
f 11065 11016 11066
f 11120 11121 11122
f 11106 11123 11038
f 11068 11118 11029
f 11069 11124 11032
f 11081 11125 11126
f 11087 11127 11088
f 11128 11129 11130
f 11131 11132 11122
f 11133 11086 11134
f 11125 11087 11126
f 11090 11125 11081
f 11088 11039 11135
f 11082 11081 11126
f 11014 11013 11117
f 11121 11120 11136
f 11137 11138 11139
f 11017 11019 11140
f 11040 11141 11021
f 11083 11078 11109
f 11121 11093 11089
f 11094 11139 11142
f 11087 11125 11092
f 11140 11143 11144
f 11147 11148 11149
f 11143 11150 11144
f 11151 11048 11025
f 11138 11137 11152
f 11153 11144 11150
f 11136 11139 11093
f 11070 11050 11154
f 11091 11080 11022
f 11105 11155 11107
f 11054 11038 11097
f 11139 11138 11156
f 11087 11089 11126
f 11102 11090 11081
f 11157 11158 11159
f 11160 11094 11142
f 11034 11033 11042
f 11152 11149 11161
f 11091 11127 11092
f 11162 11163 11030
f 11125 11090 11092
f 11063 11061 11164
f 11135 11122 11089
f 11065 11165 11115
f 11093 11121 11136
f 11089 11122 11121
f 11162 11029 11118
f 11092 11127 11087
f 11166 11167 11168
f 11135 11039 11169
f 11170 11117 11109
f 11135 11089 11088
f 11043 11042 11171
f 11122 11135 11131
f 11148 11147 11172
f 11173 11102 11114
f 11049 11032 11174
f 11175 11137 11120
f 11176 11177 11178
f 11119 11106 11047
f 11142 11179 11160
f 11058 11050 11031
f 11179 11142 11180
f 11095 11102 11173
f 11108 11181 11182
f 11175 11120 11132
f 11019 11018 11075
f 11165 11096 11116
f 11183 11184 11185
f 11160 11077 11094
f 11047 11026 11045
f 11102 11117 11114
f 11067 11140 11019
f 11186 11078 11077
f 11139 11094 11093
f 11033 11171 11042
f 11179 11077 11160
f 11080 11091 11095
f 11141 11127 11022
f 11187 11005 11004
f 11145 11178 11177
f 11085 11084 11014
f 11096 11079 11095
f 11032 11124 11188
f 11119 11046 11189
f 11070 11128 11051
f 11190 11191 11192
f 11076 11094 11077
f 11046 11045 11193
f 11039 11088 11194
f 11041 11169 11039
f 11195 11164 11061
f 11196 11153 11182
f 11169 11041 11197
f 11148 11198 11161
f 11199 11073 11072
f 11200 11201 11156
f 11201 11180 11156
f 11131 11197 11132
f 11202 11185 11184
f 11172 11202 11203
f 11169 11197 11131
f 11204 11056 11104
f 11138 11200 11156
f 11078 11186 11170
f 11180 11139 11156
f 11016 11065 11115
f 11186 11077 11205
f 11114 11117 11013
f 11180 11206 11179
f 11191 11017 11144
f 11198 11148 11207
f 11042 11208 11069
f 11209 11167 11210
f 11067 11211 11065
f 11056 11143 11101
f 11212 11151 11154
f 11074 11211 11067
f 11200 11198 11201
f 11201 11213 11180
f 11022 11080 11020
f 11184 11214 11202
f 11154 11050 11215
f 11216 11217 11157
f 11055 11150 11056
f 11177 11010 11146
f 11068 11218 11064
f 11099 11054 11097
f 11075 11062 11219
f 11109 11078 11170
f 11180 11213 11206
f 11220 11198 11207
f 11221 11198 11220
f 11073 11211 11075
f 11163 11162 11222
f 11195 11113 11190
f 11223 11224 11189
f 11224 11225 11119
f 11214 11184 11226
f 11085 11117 11170
f 11227 11225 11228
f 11229 11225 11227
f 11173 11114 11116
f 11118 11068 11064
f 11056 11150 11143
f 11230 11231 11232
f 11196 11182 11181
f 11113 11191 11190
f 11123 11106 11119
f 11233 11226 11184
f 11203 11214 11234
f 11223 11235 11224
f 11228 11225 11224
f 11134 11085 11170
f 11219 11236 11237
f 11218 11238 11236
f 11239 11240 11241
f 11242 11243 11244
f 11245 11147 11149
f 11174 11246 11235
f 11186 11134 11170
f 11247 11248 11178
f 11120 11122 11132
f 11088 11127 11194
f 11249 11205 11206
f 11250 11213 11201
f 11056 11251 11057
f 11174 11231 11246
f 11252 11253 11254
f 11227 11255 11229
f 11256 11072 11257
f 11246 11242 11244
f 11258 11228 11224
f 11205 11249 11259
f 11206 11260 11249
f 11261 11226 11233
f 11262 11214 11226
f 11263 11220 11203
f 11264 11230 11265
f 11134 11259 11133
f 11259 11249 11133
f 11249 11260 11266
f 11267 11230 11264
f 11166 11268 11269
f 11266 11260 11270
f 11271 11272 11273
f 11238 11218 11274
f 11262 11226 11261
f 11270 11275 11266
f 11276 11263 11277
f 11244 11258 11246
f 11278 11145 11239
f 11118 11063 11162
f 11279 11280 11281
f 11222 11162 11063
f 11279 11263 11234
f 11164 11222 11063
f 11145 11177 11146
f 11282 11283 11284
f 11283 11282 11222
f 11163 11222 11282
f 11164 11283 11222
f 11228 11258 11244
f 11266 11275 11285
f 11286 11287 11288
f 11289 11270 11290
f 11264 11242 11267
f 11243 11291 11244
f 11275 11292 11285
f 11277 11263 11293
f 11240 11171 11033
f 11294 11295 11289
f 11243 11255 11291
f 11119 11189 11224
f 11296 11196 11297
f 11298 11280 11299
f 11300 11264 11265
f 11130 11301 11274
f 11242 11264 11302
f 11062 11064 11236
f 11285 11086 11133
f 11293 11303 11277
f 11193 11129 11128
f 11192 11304 11190
f 11235 11246 11258
f 11305 11104 11056
f 11289 11306 11307
f 11308 11044 11216
f 11155 11309 11107
f 11310 11250 11290
f 11295 11311 11292
f 11255 11312 11313
f 11303 11281 11314
f 11244 11291 11228
f 11264 11300 11302
f 11197 11041 11313
f 11305 11100 11104
f 11315 11316 11317
f 11048 11049 11223
f 11269 11318 11006
f 11285 11319 11086
f 11221 11201 11198
f 11292 11311 11320
f 11213 11250 11310
f 11321 11294 11307
f 11322 11323 11324
f 11022 11021 11141
f 11191 11153 11325
f 11314 11281 11298
f 11326 11313 11312
f 11207 11203 11220
f 11316 11327 11328
f 11263 11203 11234
f 11132 11197 11329
f 11330 11331 11324
f 11279 11281 11303
f 11272 11324 11273
f 11332 11333 11334
f 11289 11307 11294
f 11335 11275 11270
f 11320 11336 11319
f 11321 11337 11315
f 11148 11172 11207
f 11321 11338 11311
f 11315 11337 11316
f 11188 11339 11231
f 11312 11340 11341
f 11062 11061 11064
f 11314 11334 11333
f 11185 11202 11342
f 11299 11343 11344
f 11344 11345 11299
f 11059 11163 11346
f 11300 11347 11302
f 11041 11255 11313
f 11334 11314 11348
f 11341 11349 11350
f 11082 11076 11083
f 11351 11287 11286
f 11323 11352 11353
f 11060 11278 11215
f 11329 11175 11132
f 11280 11261 11299
f 11103 11084 11354
f 11032 11241 11033
f 11336 11320 11354
f 11333 11355 11306
f 11317 11338 11321
f 11347 11356 11302
f 11100 11305 11101
f 11024 11193 11128
f 11357 11358 11354
f 11309 11155 11359
f 11352 11322 11350
f 11360 11361 11362
f 11218 11068 11363
f 11240 11033 11241
f 11150 11055 11153
f 11274 11363 11130
f 11344 11348 11345
f 11364 11163 11282
f 11329 11197 11313
f 11256 11257 11360
f 11295 11275 11335
f 11287 11365 11329
f 11034 11042 11069
f 11116 11095 11173
f 11366 11277 11367
f 11336 11086 11319
f 11061 11113 11195
f 11299 11345 11298
f 11153 11055 11182
f 11359 11110 11112
f 11317 11321 11315
f 11368 11333 11332
f 11316 11337 11355
f 11164 11195 11304
f 11004 11369 11370
f 11290 11366 11289
f 11346 11060 11059
f 11178 11371 11247
f 11073 11075 11071
f 11372 11373 11374
f 11044 11375 11208
f 11218 11363 11274
f 11053 11052 11362
f 11374 11338 11317
f 11376 11377 11304
f 11270 11310 11290
f 11060 11371 11278
f 11239 11212 11278
f 11200 11152 11161
f 11304 11377 11164
f 11075 11219 11071
f 11218 11236 11064
f 11361 11360 11257
f 11341 11288 11326
f 11021 11098 11040
f 11216 11157 11308
f 11219 11237 11361
f 11062 11236 11219
f 11091 11022 11127
f 11236 11238 11237
f 11357 11378 11379
f 11214 11203 11202
f 11380 11381 11382
f 11318 11369 11006
f 11075 11211 11074
f 11383 11346 11364
f 11362 11361 11237
f 11348 11314 11345
f 11207 11172 11203
f 11339 11188 11037
f 11384 11231 11339
f 11284 11364 11282
f 11283 11377 11209
f 11316 11355 11368
f 11385 11152 11137
f 11287 11329 11326
f 11386 11238 11274
f 11163 11364 11346
f 11193 11189 11046
f 11189 11023 11223
f 11240 11239 11145
f 11023 11189 11024
f 11268 11166 11387
f 11388 11389 11382
f 11340 11390 11341
f 11334 11391 11332
f 11221 11250 11201
f 11392 11393 11394
f 11350 11286 11288
f 11301 11045 11026
f 11235 11223 11049
f 11045 11129 11193
f 11390 11395 11349
f 11347 11300 11396
f 11262 11280 11279
f 11385 11149 11152
f 11137 11139 11136
f 11289 11366 11306
f 11310 11260 11213
f 11278 11154 11215
f 11255 11243 11312
f 11357 11394 11378
f 11371 11060 11383
f 11165 11199 11096
f 11397 11398 11399
f 11326 11312 11341
f 11308 11400 11401
f 11402 11343 11299
f 11165 11065 11211
f 11288 11341 11350
f 11049 11174 11235
f 11360 11403 11256
f 11397 11069 11208
f 11404 11405 11406
f 11213 11260 11206
f 11191 11325 11009
f 11390 11340 11356
f 11349 11341 11390
f 11141 11040 11039
f 11253 11407 11408
f 11229 11255 11041
f 11139 11180 11142
f 11016 11015 11066
f 11408 11407 11396
f 11409 11183 11185
f 11399 11398 11410
f 11322 11272 11350
f 11411 11412 11413
f 11354 11373 11357
f 11410 11415 11404
f 11243 11242 11356
f 11326 11288 11287
f 11097 11038 11123
f 11032 11151 11241
f 11200 11161 11198
f 11165 11211 11199
f 11291 11227 11228
f 11104 11416 11204
f 11209 11210 11284
f 11212 11241 11151
f 11187 11004 11370
f 11361 11071 11219
f 11131 11135 11169
f 11167 11187 11176
f 11196 11417 11297
f 11411 11316 11368
f 11191 11009 11192
f 11324 11323 11330
f 11418 11399 11419
f 11163 11059 11030
f 11005 11187 11167
f 11044 11043 11216
f 11409 11342 11388
f 11414 11146 11012
f 11247 11371 11383
f 11351 11365 11287
f 11420 11397 11401
f 11086 11336 11084
f 11399 11410 11419
f 11247 11383 11421
f 11297 11009 11296
f 11323 11389 11330
f 11398 11415 11410
f 11128 11070 11024
f 11008 11268 11387
f 11365 11175 11329
f 11422 11365 11351
f 11328 11392 11374
f 11283 11209 11284
f 11332 11391 11423
f 11220 11263 11276
f 11405 11404 11420
f 11188 11124 11418
f 11350 11349 11352
f 11230 11267 11246
f 11418 11419 11035
f 11040 11098 11097
f 11248 11176 11178
f 11424 11407 11253
f 11262 11261 11280
f 11241 11212 11239
f 11425 11297 11417
f 11151 11025 11024
f 11366 11221 11276
f 11192 11008 11304
f 11395 11390 11347
f 11415 11398 11420
f 11172 11147 11342
f 11350 11272 11286
f 11025 11223 11023
f 11115 11013 11016
f 11278 11212 11154
f 11144 11153 11191
f 11031 11363 11068
f 11426 11237 11238
f 11154 11151 11070
f 11418 11035 11188
f 11395 11352 11349
f 11161 11149 11148
f 11424 11427 11407
f 11404 11415 11420
f 11238 11386 11426
f 11018 11113 11061
f 11307 11306 11337
f 11035 11037 11188
f 11221 11220 11276
f 11193 11024 11189
f 11362 11237 11426
f 11045 11301 11129
f 11262 11279 11234
f 11285 11292 11319
f 11007 11009 11297
f 11263 11279 11293
f 11425 11269 11268
f 11242 11246 11267
f 11050 11058 11215
f 11040 11229 11041
f 11313 11326 11329
f 11353 11395 11407
f 11095 11116 11096
f 11376 11008 11387
f 11008 11192 11009
f 11412 11411 11428
f 11429 11107 11309
f 11405 11420 11430
f 11252 11431 11424
f 11354 11358 11104
f 11385 11271 11245
f 11252 11424 11253
f 11371 11178 11145
f 11211 11073 11199
f 11269 11005 11166
f 11020 11098 11021
f 11205 11259 11186
f 11130 11129 11301
f 11356 11347 11390
f 11418 11124 11397
f 11119 11225 11123
f 11432 11389 11353
f 11304 11008 11376
f 11398 11397 11420
f 11179 11206 11205
f 11009 11325 11296
f 11420 11433 11430
f 11342 11202 11172
f 11101 11305 11056
f 11059 11058 11030
f 11030 11058 11031
f 11079 11256 11434
f 11434 11403 11054
f 11098 11020 11434
f 11376 11168 11209
f 11327 11316 11411
f 11299 11261 11435
f 11251 11056 11204
f 11436 11251 11110
f 11386 11028 11426
f 11272 11351 11286
f 11085 11014 11117
f 11403 11434 11256
f 11256 11079 11072
f 11106 11026 11047
f 11437 11389 11432
f 11072 11096 11199
f 11428 11332 11423
f 11384 11339 11438
f 11271 11385 11351
f 11124 11069 11397
f 11433 11420 11401
f 11089 11082 11126
f 11354 11084 11336
f 11353 11352 11395
f 11037 11438 11339
f 11386 11301 11028
f 11431 11439 11424
f 11079 11434 11020
f 11401 11397 11375
f 11357 11392 11394
f 11403 11360 11052
f 11027 11054 11053
f 11014 11103 11015
f 11412 11428 11423
f 11392 11328 11327
f 11210 11364 11284
f 11186 11259 11134
f 11353 11427 11432
f 11322 11352 11323
f 11356 11340 11243
f 11103 11014 11084
f 11426 11053 11362
f 11271 11273 11245
f 11413 11327 11411
f 11322 11324 11272
f 11372 11374 11392
f 11079 11080 11095
f 11368 11355 11333
f 11359 11436 11110
f 11052 11054 11403
f 11099 11098 11434
f 11123 11040 11097
f 11225 11229 11123
f 11266 11285 11133
f 11191 11113 11017
f 11053 11426 11028
f 11419 11440 11035
f 11431 11252 11380
f 11437 11380 11382
f 11410 11440 11419
f 11373 11372 11357
f 11217 11158 11157
f 11425 11007 11297
f 11208 11375 11397
f 11274 11301 11386
f 11377 11376 11209
f 11418 11397 11399
f 11011 11010 11370
f 11380 11252 11254
f 11067 11066 11143
f 11296 11153 11196
f 11373 11354 11320
f 11400 11433 11401
f 11268 11008 11007
f 11401 11375 11308
f 11345 11314 11298
f 11030 11029 11162
f 11431 11437 11439
f 11302 11356 11242
f 11110 11251 11416
f 11231 11174 11188
f 11436 11057 11251
f 11229 11040 11123
f 11407 11395 11396
f 11331 11330 11388
f 11149 11385 11245
f 11400 11308 11159
f 11396 11300 11408
f 11271 11351 11272
f 11374 11317 11328
f 11422 11137 11175
f 11104 11358 11416
f 11431 11380 11437
f 11248 11247 11210
f 11389 11437 11382
f 11042 11044 11208
f 11168 11376 11387
f 11036 11438 11037
f 11281 11280 11298
f 11357 11416 11358
f 11383 11364 11421
f 11277 11303 11367
f 11227 11291 11255
f 11026 11028 11301
f 11365 11422 11175
f 11143 11140 11067
f 11409 11388 11381
f 11331 11245 11273
f 11140 11144 11017
f 11060 11346 11383
f 11427 11424 11439
f 11311 11374 11320
f 11066 11015 11100
f 11366 11367 11306
f 11025 11048 11223
f 11010 11187 11370
f 11127 11141 11194
f 11151 11024 11070
f 11058 11060 11215
f 11055 11105 11108
f 11338 11374 11311
f 11157 11159 11308
f 11147 11388 11342
f 11270 11289 11335
f 11270 11260 11310
f 11258 11224 11235
f 11066 11101 11143
f 11005 11269 11006
f 11010 11177 11187
f 11100 11015 11103
f 11210 11167 11248
f 11388 11382 11381
f 11051 11130 11363
f 11103 11354 11104
f 11177 11176 11187
f 11102 11081 11109
f 11318 11269 11425
f 11268 11007 11425
f 11151 11032 11048
f 11320 11374 11373
f 11387 11166 11168
f 11247 11421 11210
f 11136 11120 11137
f 11360 11362 11052
f 11010 11012 11146
f 11167 11166 11005
f 11031 11051 11363
f 11283 11164 11377
f 11436 11359 11155
f 11072 11071 11257
f 11153 11296 11325
f 11167 11176 11248
f 11308 11375 11044
f 11393 11441 11394
f 11422 11351 11385
f 11320 11319 11292
f 11355 11337 11306
f 11384 11232 11231
f 11221 11366 11250
f 11436 11155 11057
f 11243 11340 11312
f 11311 11295 11294
f 11416 11111 11110
f 11245 11331 11147
f 11085 11134 11086
f 11234 11214 11262
f 11190 11304 11195
f 11108 11182 11055
f 11188 11174 11032
f 11246 11231 11230
f 11257 11071 11361
f 11357 11379 11416
f 11141 11039 11194
f 11357 11372 11392
f 11115 11114 11013
f 11333 11367 11303
f 11295 11292 11275
f 11266 11133 11249
f 11167 11209 11168
f 11333 11306 11367
f 11413 11441 11393
f 11437 11432 11439
f 11179 11205 11077
f 11333 11303 11314
f 11379 11111 11416
f 11152 11200 11138
f 11327 11413 11392
f 11371 11145 11278
f 11353 11389 11323
f 11321 11311 11294
f 11204 11416 11251
f 11317 11316 11328
f 11290 11250 11366
f 11393 11392 11413
f 11331 11388 11147
f 11422 11385 11137
f 11381 11442 11409
f 11368 11428 11411
f 11439 11432 11427
f 11364 11210 11421
f 11368 11332 11428
f 11057 11155 11105
f 11366 11276 11277
f 11185 11342 11409
f 11321 11307 11337
f 11116 11115 11165
f 11295 11335 11289
f 11369 11004 11006
f 11435 11402 11299
f 11442 11183 11409
f 11130 11051 11128
f 11395 11347 11396
f 11434 11054 11099
f 11353 11407 11427
f 11273 11324 11331
f 11389 11388 11330
f 11303 11293 11279
f 11443 11444 11445
f 11446 11447 11448
f 11449 11450 11451
f 11449 11452 11453
f 11454 11455 11456
f 11457 11458 11459
f 11460 11461 11462
f 11463 11464 11465
f 11466 11450 11467
f 11468 11469 11451
f 11470 11471 11472
f 11467 11473 11474
f 11470 11472 11475
f 11476 11477 11478
f 11479 11480 11481
f 11449 11482 11477
f 11483 11484 11485
f 11485 11486 11487
f 11488 11489 11490
f 11491 11468 11466
f 11492 11493 11494
f 11495 11496 11473
f 11492 11497 11493
f 11495 11460 11462
f 11498 11499 11500
f 11470 11475 11501
f 11479 11459 11502
f 11503 11504 11505
f 11507 11493 11508
f 11509 11498 11500
f 11510 11465 11487
f 11468 11511 11512
f 11513 11514 11515
f 11516 11517 11518
f 11513 11515 11518
f 11520 11521 11522
f 11508 11497 11519
f 11488 11490 11523
f 11445 11444 11524
f 11525 11493 11507
f 11526 11495 11527
f 11528 11529 11491
f 11514 11530 11515
f 11512 11511 11444
f 11502 11459 11458
f 11474 11473 11496
f 11483 11489 11488
f 11531 11486 11532
f 11478 11507 11476
f 11534 11448 11501
f 11501 11475 11534
f 11535 11475 11456
f 11536 11515 11537
f 11459 11479 11481
f 11488 11516 11538
f 11499 11498 11459
f 11539 11535 11540
f 11538 11541 11488
f 11464 11542 11543
f 11496 11544 11474
f 11469 11542 11545
f 11546 11468 11547
f 11536 11538 11516
f 11541 11548 11483
f 11500 11549 11509
f 11550 11520 11476
f 11499 11551 11540
f 11552 11463 11465
f 11538 11536 11553
f 11493 11525 11494
f 11462 11505 11527
f 11538 11554 11541
f 11484 11483 11548
f 11555 11534 11475
f 11556 11485 11487
f 11482 11469 11545
f 11445 11517 11523
f 11527 11495 11462
f 11482 11451 11469
f 11455 11559 11500
f 11525 11531 11560
f 11510 11561 11465
f 11562 11560 11531
f 11563 11564 11565
f 11471 11454 11472
f 11541 11554 11548
f 11566 11529 11528
f 11553 11554 11538
f 11552 11561 11478
f 11558 11492 11494
f 11460 11450 11453
f 11487 11531 11510
f 11540 11500 11499
f 11474 11466 11467
f 11456 11455 11500
f 11567 11540 11551
f 11467 11450 11460
f 11567 11539 11540
f 11507 11508 11476
f 11486 11531 11487
f 11454 11471 11568
f 11446 11566 11447
f 11501 11448 11447
f 11569 11557 11533
f 11565 11564 11452
f 11556 11464 11443
f 11570 11527 11571
f 11464 11556 11465
f 11495 11470 11496
f 11524 11444 11511
f 11571 11454 11568
f 11572 11535 11539
f 11477 11452 11449
f 11503 11462 11564
f 11454 11571 11455
f 11450 11466 11451
f 11542 11464 11463
f 11460 11495 11473
f 11543 11443 11464
f 11525 11560 11494
f 11476 11563 11565
f 11544 11496 11470
f 11521 11506 11564
f 11508 11550 11476
f 11556 11443 11574
f 11476 11520 11563
f 11477 11482 11545
f 11468 11491 11547
f 11557 11569 11505
f 11559 11576 11500
f 11570 11571 11568
f 11461 11453 11564
f 11542 11469 11512
f 11533 11559 11569
f 11571 11527 11505
f 11461 11460 11453
f 11503 11505 11462
f 11574 11445 11490
f 11522 11521 11564
f 11526 11527 11471
f 11505 11569 11571
f 11520 11522 11563
f 11468 11451 11466
f 11566 11544 11447
f 11500 11540 11456
f 11443 11543 11444
f 11457 11459 11498
f 11443 11445 11574
f 11516 11518 11536
f 11570 11471 11527
f 11463 11545 11542
f 11543 11512 11444
f 11486 11485 11577
f 11456 11540 11535
f 11489 11556 11574
f 11487 11465 11556
f 11478 11477 11552
f 11474 11544 11528
f 11508 11519 11550
f 11459 11480 11551
f 11483 11556 11489
f 11556 11483 11485
f 11555 11535 11572
f 11575 11504 11503
f 11480 11459 11481
f 11541 11483 11488
f 11490 11489 11574
f 11475 11535 11555
f 11569 11559 11455
f 11455 11571 11569
f 11544 11470 11447
f 11552 11545 11463
f 11523 11490 11445
f 11525 11507 11561
f 11510 11531 11525
f 11532 11562 11531
f 11486 11577 11532
f 11467 11460 11473
f 11546 11511 11468
f 11466 11528 11491
f 11528 11544 11566
f 11520 11550 11573
f 11536 11518 11515
f 11564 11462 11461
f 11564 11563 11522
f 11449 11451 11482
f 11510 11525 11561
f 11573 11521 11520
f 11512 11543 11542
f 11501 11447 11470
f 11452 11476 11565
f 11472 11454 11456
f 11452 11564 11453
f 11515 11530 11537
f 11497 11508 11493
f 11478 11561 11507
f 11576 11549 11500
f 11470 11526 11471
f 11459 11551 11499
f 11495 11526 11470
f 11568 11471 11570
f 11552 11477 11545
f 11503 11506 11575
f 11472 11456 11475
f 11561 11552 11465
f 11523 11516 11488
f 11450 11449 11453
f 11523 11517 11516
f 11452 11477 11476
f 11528 11466 11474
f 11469 11468 11512
f 11503 11564 11506
f 11557 11505 11504
f 11578 11579 11580
f 11581 11582 11583
f 11584 11585 11586
f 11587 11588 11589
f 11590 11591 11592
f 11593 11594 11595
f 11596 11597 11598
f 11599 11583 11600
f 11601 11602 11603
f 11604 11605 11606
f 11607 11608 11609
f 11610 11611 11612
f 11613 11614 11611
f 11615 11616 11617
f 11618 11619 11620
f 11621 11580 11622
f 11623 11624 11625
f 11626 11627 11628
f 11629 11630 11631
f 11632 11633 11634
f 11635 11636 11637
f 11638 11639 11640
f 11641 11642 11643
f 11644 11645 11646
f 11647 11648 11649
f 11650 11651 11647
f 11652 11653 11654
f 11655 11656 11657
f 11658 11659 11660
f 11661 11662 11663
f 11664 11665 11666
f 11667 11608 11668
f 11639 11669 11640
f 11670 11647 11651
f 11627 11671 11672
f 11673 11674 11658
f 11675 11676 11661
f 11677 11678 11679
f 11644 11680 11681
f 11682 11649 11648
f 11650 11683 11684
f 11685 11686 11687
f 11688 11689 11670
f 11690 11691 11692
f 11693 11694 11695
f 11696 11697 11588
f 11698 11699 11700
f 11669 11677 11640
f 11701 11702 11703
f 11665 11669 11666
f 11596 11598 11704
f 11705 11706 11707
f 11708 11583 11582
f 11709 11710 11711
f 11684 11712 11651
f 11713 11630 11714
f 11715 11716 11662
f 11677 11665 11688
f 11717 11718 11719
f 11720 11721 11722
f 11723 11688 11724
f 11725 11587 11726
f 11702 11727 11703
f 11688 11665 11689
f 11677 11669 11665
f 11712 11684 11635
f 11651 11712 11688
f 11678 11709 11679
f 11684 11683 11635
f 11728 11729 11730
f 11683 11682 11636
f 11635 11683 11636
f 11688 11712 11724
f 11731 11732 11733
f 11637 11734 11712
f 11735 11736 11734
f 11688 11723 11677
f 11737 11738 11739
f 11740 11741 11742
f 11649 11683 11650
f 11743 11744 11693
f 11745 11746 11747
f 11712 11736 11724
f 11748 11734 11637
f 11723 11724 11735
f 11678 11677 11723
f 11676 11749 11750
f 11636 11599 11751
f 11752 11753 11754
f 11755 11756 11757
f 11758 11748 11637
f 11759 11760 11707
f 11600 11751 11599
f 11734 11748 11761
f 11762 11750 11618
f 11763 11733 11585
f 11748 11605 11761
f 11642 11764 11765
f 11766 11634 11767
f 11605 11758 11708
f 11612 11768 11610
f 11769 11770 11771
f 11761 11772 11773
f 11728 11730 11774
f 11775 11776 11777
f 11586 11772 11605
f 11606 11605 11708
f 11763 11731 11733
f 11647 11649 11650
f 11778 11779 11582
f 11727 11780 11579
f 11781 11782 11783
f 11583 11599 11581
f 11627 11659 11674
f 11615 11784 11785
f 11786 11787 11602
f 11788 11643 11770
f 11764 11789 11765
f 11615 11617 11784
f 11708 11582 11779
f 11584 11604 11790
f 11682 11599 11636
f 11770 11769 11791
f 11792 11793 11794
f 11773 11772 11585
f 11676 11762 11661
f 11624 11795 11796
f 11797 11798 11799
f 11659 11672 11660
f 11708 11758 11751
f 11753 11708 11779
f 11762 11618 11715
f 11800 11801 11673
f 11802 11803 11804
f 11805 11806 11807
f 11808 11604 11606
f 11645 11809 11646
f 11762 11676 11750
f 11736 11735 11724
f 11625 11810 11623
f 11811 11790 11812
f 11583 11708 11600
f 11813 11814 11815
f 11601 11786 11602
f 11790 11811 11763
f 11618 11716 11715
f 11771 11770 11815
f 11605 11772 11761
f 11813 11789 11816
f 11817 11752 11818
f 11585 11819 11773
f 11758 11605 11748
f 11820 11821 11822
f 11753 11808 11606
f 11694 11823 11824
f 11651 11650 11684
f 11754 11753 11778
f 11825 11716 11775
f 11586 11604 11584
f 11620 11619 11826
f 11753 11752 11808
f 11812 11827 11811
f 11731 11763 11811
f 11655 11828 11829
f 11751 11637 11636
f 11735 11678 11723
f 11743 11693 11830
f 11831 11832 11833
f 11700 11834 11698
f 11752 11817 11812
f 11827 11731 11811
f 11736 11712 11734
f 11754 11778 11818
f 11835 11613 11616
f 11836 11837 11838
f 11827 11839 11731
f 11826 11776 11620
f 11819 11733 11840
f 11812 11817 11841
f 11732 11731 11839
f 11773 11734 11761
f 11842 11760 11591
f 11843 11768 11612
f 11637 11751 11758
f 11839 11827 11841
f 11841 11817 11771
f 11708 11753 11606
f 11813 11844 11732
f 11661 11762 11662
f 11839 11813 11732
f 11813 11839 11814
f 11604 11808 11790
f 11815 11814 11771
f 11817 11769 11771
f 11845 11846 11847
f 11848 11840 11844
f 11849 11850 11851
f 11812 11808 11752
f 11764 11852 11848
f 11844 11789 11848
f 11853 11643 11788
f 11808 11812 11790
f 11833 11854 11855
f 11848 11789 11764
f 11778 11753 11779
f 11775 11620 11776
f 11825 11662 11716
f 11856 11849 11857
f 11639 11666 11669
f 11813 11816 11844
f 11791 11858 11770
f 11859 11749 11676
f 11732 11844 11840
f 11770 11858 11788
f 11642 11765 11643
f 11733 11732 11840
f 11860 11678 11735
f 11817 11818 11769
f 11860 11710 11678
f 11585 11733 11819
f 11861 11834 11862
f 11789 11844 11816
f 11864 11865 11866
f 11675 11641 11853
f 11619 11618 11750
f 11858 11859 11788
f 11814 11839 11841
f 11775 11716 11620
f 11661 11641 11675
f 11764 11868 11852
f 11815 11770 11643
f 11869 11870 11590
f 11832 11871 11833
f 11632 11685 11687
f 11584 11763 11585
f 11853 11859 11675
f 11789 11813 11765
f 11586 11585 11772
f 11643 11853 11641
f 11825 11775 11777
f 11872 11873 11874
f 11649 11682 11683
f 11675 11859 11676
f 11875 11876 11877
f 11735 11734 11878
f 11860 11735 11878
f 11815 11765 11813
f 11859 11858 11749
f 11812 11841 11827
f 11788 11859 11853
f 11661 11663 11880
f 11860 11773 11819
f 11777 11776 11881
f 11771 11814 11841
f 11882 11883 11884
f 11582 11580 11778
f 11878 11734 11773
f 11662 11762 11715
f 11885 11886 11887
f 11621 11769 11818
f 11716 11618 11620
f 11825 11663 11662
f 11677 11679 11640
f 11773 11860 11878
f 11868 11888 11852
f 11665 11664 11689
f 11889 11867 11890
f 11891 11892 11893
f 11855 11894 11895
f 11699 11896 11700
f 11897 11713 11589
f 11634 11633 11767
f 11898 11899 11900
f 11756 11901 11902
f 11903 11904 11905
f 11737 11739 11906
f 11907 11908 11909
f 11727 11910 11780
f 11911 11912 11913
f 11690 11914 11915
f 11783 11916 11710
f 11612 11893 11738
f 11847 11846 11917
f 11918 11855 11854
f 11613 11835 11919
f 11872 11874 11719
f 11920 11836 11838
f 11617 11921 11784
f 11919 11922 11614
f 11923 11924 11925
f 11698 11746 11926
f 11766 11653 11927
f 11928 11929 11930
f 11931 11932 11877
f 11907 11909 11933
f 11934 11923 11935
f 11936 11937 11888
f 11921 11940 11941
f 11686 11942 11687
f 11943 11890 11944
f 11945 11780 11910
f 11946 11947 11948
f 11785 11929 11928
f 11941 11940 11949
f 11767 11633 11680
f 11951 11685 11952
f 11954 11740 11955
f 11680 11646 11956
f 11668 11784 11941
f 11668 11941 11953
f 11935 11745 11957
f 11632 11958 11681
f 11634 11959 11960
f 11961 11962 11756
f 11963 11780 11750
f 11964 11680 11956
f 11966 11967 11968
f 11969 11970 11971
f 11972 11973 11974
f 11798 11975 11976
f 11694 11977 11823
f 11978 11979 11980
f 11981 11982 11983
f 11921 11941 11784
f 11928 11645 11958
f 11630 11629 11984
f 11985 11979 11838
f 11810 11986 11987
f 11988 11989 11913
f 11895 11862 11855
f 11990 11918 11991
f 11932 11824 11823
f 11993 11994 11856
f 11995 11700 11896
f 11799 11628 11797
f 11996 11997 11998
f 11802 11631 11657
f 11660 11999 12000
f 11901 11962 11660
f 12003 11864 11866
f 11946 12004 11704
f 11861 12005 12006
f 11970 11701 11971
f 12007 12008 12009
f 12011 12012 12013
f 12014 12015 12016
f 11911 11989 12001
f 11922 11891 11893
f 11867 11863 11890
f 11631 11630 11602
f 11718 12017 12018
f 11781 11860 11819
f 12019 11967 11966
f 12020 12000 12021
f 11700 12022 11831
f 11739 12023 11906
f 12024 11968 11595
f 12025 12026 11909
f 12027 11722 11721
f 12028 11948 12029
f 12030 12031 12032
f 12033 12034 12035
f 12036 11785 11928
f 11807 12037 11805
f 12038 12012 11970
f 12014 12039 11944
f 11903 12041 11904
f 12042 12043 11655
f 11703 11727 11579
f 12044 12045 12046
f 12047 12048 11796
f 12049 12050 12039
f 12051 12052 11729
f 11682 11648 12053
f 12054 12055 12056
f 11692 11914 11690
f 12055 11933 12026
f 11668 11785 11784
f 12025 12057 12037
f 11883 11882 11876
f 11795 11845 11796
f 11933 11909 12026
f 12037 12055 12026
f 12043 12042 11596
f 12059 12060 12061
f 11833 11871 11854
f 12062 11881 12063
f 11707 11842 11705
f 11918 11990 11894
f 11982 12064 12065
f 11889 11943 12050
f 12037 11807 12056
f 11960 11952 11634
f 11695 11694 12066
f 12020 12021 12067
f 11703 11971 11701
f 11911 11992 11912
f 12047 11983 12068
f 11658 11660 12000
f 11946 11597 11947
f 11739 11738 12069
f 11920 12070 11961
f 11983 12013 12071
f 12068 12072 12048
f 11804 11998 12073
f 11781 12074 11782
f 11997 11741 11998
f 12001 11871 12002
f 12075 12011 12076
f 11898 12077 11899
f 11973 11985 12078
f 11848 12079 12080
f 12059 11623 12060
f 12081 11870 12082
f 11578 11971 11703
f 11900 11899 11951
f 11977 12083 12022
f 11946 11704 11598
f 11742 11991 11740
f 12077 12063 12084
f 11742 12085 11991
f 12084 11899 12077
f 11694 11693 11744
f 11704 12086 11596
f 11593 11937 11936
f 12087 12088 11891
f 11910 11727 12075
f 12013 12012 12071
f 11957 12089 11799
f 11885 12090 11886
f 11855 11862 11831
f 11700 11862 11834
f 11978 11980 12091
f 11884 12010 11695
f 11837 12006 12004
f 12092 11857 11851
f 11916 11711 11710
f 12093 12067 11980
f 11871 11955 11918
f 12084 11951 11899
f 11745 11747 12094
f 12095 11864 12003
f 11884 12096 11931
f 11996 12086 11997
f 12067 12093 12097
f 11590 11876 11869
f 12065 11983 11982
f 12028 12098 12004
f 11837 12098 11838
f 11617 11616 11613
f 12078 11985 12029
f 11626 11671 11627
f 11629 12045 11984
f 12076 12099 12100
f 11737 12101 11612
f 12102 11845 12100
f 11990 11991 12085
f 12103 11994 11721
f 11610 11940 11613
f 11755 11885 11887
f 11964 12104 11767
f 11719 12105 11872
f 11959 11900 11952
f 11832 11831 11743
f 11776 12063 11881
f 11952 11900 11951
f 11797 11628 11798
f 11819 11840 12074
f 11900 11927 11898
f 11990 12085 12004
f 11652 11654 12106
f 11881 12062 12077
f 11882 11931 11877
f 11793 12107 11729
f 11706 12108 12056
f 12109 12024 11595
f 11624 11796 12048
f 11837 12004 12098
f 12111 11603 11588
f 11852 11888 11937
f 12096 12066 11824
f 11917 11864 11847
f 12096 11932 11931
f 11918 11894 11855
f 12073 11998 11954
f 12087 11891 11922
f 11918 11854 11871
f 12029 11838 12112
f 12005 11894 11990
f 11991 11918 11740
f 11959 11952 11960
f 12113 11804 12073
f 11917 11846 12114
f 11673 11628 11674
f 12115 12116 12090
f 12093 11980 11985
f 11954 11741 11740
f 12117 12018 11623
f 12107 11793 12118
f 12057 11964 12119
f 11959 11927 11900
f 12085 11704 12004
f 11961 11756 11920
f 12120 12059 12061
f 11713 11726 11589
f 12073 11913 11912
f 12121 12122 12109
f 12123 12124 11596
f 11907 12125 11654
f 12126 12034 12033
f 11901 11756 11962
f 11866 11615 12127
f 12043 12086 11996
f 11919 11614 11613
f 12120 12069 12128
f 11985 12129 12093
f 11947 12078 12029
f 11624 11623 12059
f 11795 12130 12088
f 11845 12087 11846
f 12048 12047 12068
f 11703 11579 11578
f 11935 11926 11745
f 12131 11896 12132
f 11837 11886 12006
f 12115 11885 11747
f 12113 12073 12045
f 11928 11930 11645
f 11690 12133 11691
f 11873 11872 12134
f 12025 11766 12104
f 12044 11912 11992
f 12076 12100 11847
f 11870 11705 11842
f 12135 12003 12136
f 11924 11923 11934
f 11809 11805 11956
f 12137 11873 12138
f 11621 11818 11778
f 12139 12140 12027
f 12141 11910 12075
f 12077 12142 11881
f 12143 11966 12035
f 11694 12083 11977
f 12068 11983 12072
f 11934 11799 11792
f 11923 11925 11722
f 12005 11990 12004
f 11804 12113 11802
f 12045 11912 12046
f 12022 11700 11995
f 12073 11954 11913
f 11871 11989 11988
f 12047 12144 11983
f 12145 12146 12123
f 11973 12078 11974
f 12145 12123 11828
f 11580 11579 11622
f 11920 11756 11887
f 11964 11956 12119
f 11686 11951 12084
f 11958 11644 11681
f 11961 11999 11962
f 12089 11626 11799
f 11864 12095 11847
f 12147 11872 12117
f 12108 11705 12081
f 12058 12110 11883
f 11875 11869 11876
f 11974 12148 12149
f 11579 11780 11963
f 11916 11728 11774
f 12128 11892 12130
f 11579 11963 11622
f 12047 12102 12144
f 11974 11947 12148
f 12150 12033 12035
f 11846 12087 11922
f 12002 11743 11830
f 12149 11972 11974
f 12151 11710 11860
f 11713 11897 11602
f 12104 11766 11767
f 11983 12099 12013
f 12012 11701 11970
f 11653 11652 12152
f 11591 11760 12153
f 12056 12108 12054
f 11996 11998 11804
f 12116 11861 12090
f 11588 11897 11589
f 11625 12064 11986
f 11949 11940 11610
f 12136 12003 12127
f 11986 11810 11625
f 12131 11995 11896
f 11883 12110 11884
f 11706 11705 12108
f 11869 12106 11870
f 12133 11828 11691
f 11988 11954 11955
f 12124 12148 11597
f 11828 12133 12145
f 11934 11957 11799
f 11875 11993 12154
f 11861 11862 11895
f 11624 12059 11795
f 11646 11680 11644
f 12035 12155 12150
f 11923 12156 11935
f 11603 11602 11897
f 11869 12157 12106
f 12158 12159 12160
f 12098 12028 12112
f 12105 12117 11872
f 11886 11837 11836
f 12141 12075 12135
f 11861 11894 12005
f 12076 11847 12095
f 12017 12060 12018
f 11709 11678 11710
f 11870 12106 12082
f 11591 12153 11592
f 12074 11840 12080
f 11952 11632 11634
f 12116 11834 11861
f 12037 12057 11805
f 11594 12121 12109
f 12056 12055 12037
f 11865 11917 11919
f 12162 12019 12143
f 11590 11870 11591
f 11705 11870 12081
f 11898 12126 12142
f 11994 12027 11721
f 11757 11756 11902
f 11836 11887 11886
f 12161 11725 11726
f 12108 12081 11933
f 12060 12017 12061
f 12018 12060 11623
f 11933 12055 12054
f 11580 12053 11578
f 12147 12117 11987
f 11983 12071 11981
f 11671 11901 11672
f 12028 11946 11948
f 12029 11948 11947
f 11871 11832 12002
f 11691 11601 11692
f 11587 11696 11588
f 11835 11616 11615
f 12074 11851 11782
f 11850 12103 12165
f 11996 11804 11803
f 12024 12155 11966
f 12093 12129 12097
f 12115 11747 11746
f 11750 11780 11619
f 12127 11615 12036
f 11653 11908 11654
f 11898 12142 12077
f 11674 11659 11658
f 11963 11858 11622
f 12166 11938 11590
f 11746 11834 12115
f 12167 11967 11857
f 11691 12168 11786
f 11714 11950 11713
f 12169 12021 12000
f 12169 12000 11999
f 12006 11886 12090
f 11927 11959 11766
f 11842 11707 11760
f 12051 11782 12052
f 11828 11655 12168
f 11628 11673 11801
f 11787 11657 11602
f 11793 11729 12052
f 11628 12170 11798
f 11695 12066 11884
f 11726 12164 12161
f 12171 12061 11904
f 12020 11658 12000
f 11845 11847 12100
f 11848 12080 11840
f 12168 11691 11828
f 12172 11699 11698
f 11924 11794 12173
f 11580 11621 11778
f 11742 11704 12085
f 11999 11660 11962
f 12122 12142 12150
f 11794 11782 12173
f 12150 12126 12033
f 12174 11826 11945
f 12025 11909 11908
f 12134 11872 12175
f 12176 11692 12111
f 12091 11999 11978
f 11868 11880 11888
f 12155 12122 12150
f 12177 11892 12128
f 11823 12132 11932
f 11892 11891 12088
f 12067 12021 12091
f 11626 11628 11799
f 12163 11713 11950
f 11957 11934 11935
f 11902 12089 11957
f 11838 12098 12112
f 12090 11885 12115
f 11892 12177 11893
f 11745 12094 11957
f 11888 11663 11936
f 11967 11856 11857
f 12129 11985 11973
f 11993 11932 12139
f 11842 11591 11870
f 12069 12041 11739
f 11955 11871 11988
f 11713 12164 11726
f 11882 11877 11876
f 11901 11660 11672
f 11861 12006 12090
f 12034 11898 11927
f 12143 12035 12152
f 11698 11834 11746
f 11939 12166 11590
f 11713 12163 12164
f 11865 11919 11615
f 11963 11749 11858
f 11663 11825 12178
f 11657 11656 11802
f 11932 12096 11824
f 11598 11597 11946
f 11809 11956 11646
f 11686 12084 11942
f 11979 11978 12070
f 11846 11922 12114
f 11766 11959 11634
f 11945 11619 11780
f 12179 11982 11981
f 11626 12089 11671
f 11869 12154 12180
f 11850 11849 12103
f 11865 11615 11866
f 11836 11920 11887
f 12004 11946 12028
f 12148 12124 12181
f 11617 11940 11921
f 11803 11802 12043
f 11663 11888 11880
f 11730 11729 12160
f 11954 11998 11741
f 11907 11654 11908
f 11580 11582 12053
f 11936 11663 12178
f 12182 12141 12136
f 12183 11945 12141
f 12180 12154 12162
f 11702 12075 11727
f 11632 11952 11685
f 11593 11936 12178
f 11623 11987 12117
f 11902 11957 12094
f 12142 12122 11881
f 11792 12118 11793
f 11728 12051 11729
f 12012 12038 12071
f 12094 12184 11757
f 12160 11729 12107
f 12127 11958 12136
f 11799 11976 12118
f 12178 11825 12185
f 11593 12178 12185
f 12148 11947 11597
f 12027 11994 12139
f 12080 12092 11851
f 11851 11850 11782
f 12162 11856 11967
f 11728 11916 12051
f 12107 11976 12186
f 11799 11798 11976
f 11595 11594 12109
f 11628 12187 12170
f 12121 11593 12185
f 11794 12052 11782
f 11659 11627 11672
f 11831 11833 11855
f 12188 12159 12158
f 12160 12186 12158
f 12136 11632 11687
f 11831 12022 12083
f 11633 11632 11681
f 11750 11749 11963
f 12053 11582 11581
f 12183 12141 12182
f 11904 12189 12171
f 11722 11925 11720
f 12121 12185 11825
f 11645 11644 11958
f 11714 11630 11984
f 12153 11759 11863
f 11777 12122 12121
f 12122 11777 11881
f 12190 11807 11806
f 11896 12139 12132
f 11807 12190 12016
f 12016 12015 11807
f 12071 12038 11981
f 12015 11706 12056
f 11805 11809 11806
f 12191 12190 11806
f 12192 12016 12190
f 12190 12191 12193
f 12183 12194 12174
f 12192 12014 12016
f 11806 11809 12191
f 12193 12192 12190
f 12015 11707 11706
f 12191 12195 12193
f 12014 12008 12007
f 12191 11930 12195
f 12196 12008 12193
f 12039 12014 12007
f 12121 11825 11777
f 11707 12014 11944
f 12008 12196 12009
f 12049 12039 12007
f 11944 12039 11943
f 12007 12197 12049
f 11687 12182 12136
f 11759 11707 11944
f 11930 11929 12195
f 11996 11803 12043
f 12197 12007 11820
f 12198 12199 12197
f 11875 11877 11932
f 11910 12141 11945
f 11821 12196 12195
f 12165 12200 11850
f 12196 11820 12009
f 12198 12030 12199
f 12039 12050 11943
f 11929 11821 12195
f 12061 12017 11904
f 11820 12198 12197
f 11820 12196 11821
f 11720 11925 12200
f 11809 11930 12191
f 12030 12032 12199
f 12030 12198 12201
f 12032 12050 12049
f 11943 11889 11890
f 11929 11785 11821
f 11822 12198 11820
f 11686 11685 11951
f 12198 11607 12201
f 12065 11625 12072
f 11907 12082 12125
f 12030 12201 12031
f 12120 12061 12171
f 11889 12050 12202
f 11607 12198 11822
f 11905 11718 11717
f 11668 11822 11821
f 12069 11738 12177
f 12105 12018 12117
f 12032 12031 12203
f 12014 11707 12015
f 12031 12201 12040
f 12028 12029 12112
f 11867 11889 12202
f 11668 11607 11822
f 12201 11609 12204
f 11965 12032 12203
f 12201 12204 12040
f 12202 11965 11867
f 12011 11701 12012
f 11740 11918 11955
f 11608 11607 11668
f 12153 11863 11592
f 11890 11759 11944
f 11802 11656 12043
f 11860 11781 12151
f 11590 11592 11879
f 11866 12127 12003
f 12144 12102 12100
f 11924 11934 11794
f 11624 12048 12072
f 11682 12053 11581
f 11617 11613 11940
f 11895 11894 11861
f 12099 11983 12144
f 11872 12147 12175
f 11595 11937 11593
f 12136 11958 11632
f 11774 11730 12160
f 11956 11805 12057
f 11997 11742 11741
f 11987 11623 11810
f 11742 11997 11704
f 11781 11783 12151
f 12091 12169 11999
f 11612 12101 11843
f 11976 12107 12118
f 12107 12186 12160
f 11767 11680 11964
f 11801 12187 11628
f 11597 11596 12124
f 12173 11782 12200
f 12045 12073 11912
f 12079 11848 11852
f 12205 12172 11935
f 12007 12009 11820
f 12200 11925 12173
f 11692 12176 11914
f 12036 11958 12127
f 12051 11783 11782
f 11852 11937 12079
f 12008 12192 12193
f 11966 12143 12019
f 12171 12069 12120
f 12183 12174 11945
f 11655 11657 11787
f 11655 12043 11656
f 11718 12105 11719
f 11905 11904 11718
f 12194 11942 12084
f 12124 12146 12181
f 12014 12192 12008
f 11602 11657 11631
f 12045 12044 11984
f 11611 11922 11893
f 12188 11975 12170
f 11629 12113 12045
f 11975 12188 11976
f 12170 11975 11798
f 11757 11902 12094
f 11901 11671 12089
f 11908 11766 12025
f 12005 12004 12006
f 11744 11743 12083
f 11838 11979 11920
f 11774 12160 12159
f 11908 11653 11766
f 11917 12114 11919
f 12130 11892 12088
f 12034 11927 11653
f 12156 11923 11722
f 12095 12075 12076
f 11938 12058 11883
f 12184 11755 11757
f 11993 11856 12154
f 11849 11851 11857
f 12099 12076 12011
f 12184 11747 11885
f 12123 11596 12042
f 11858 11791 11622
f 12099 12011 12013
f 11611 11893 11612
f 11595 11968 12092
f 11863 11759 11890
f 11652 12106 12157
f 11835 11615 11919
f 12034 11653 12152
f 12156 11722 12205
f 12035 12034 12152
f 12041 12069 12189
f 11939 11590 11879
f 11702 11701 12011
f 11871 12001 11989
f 12015 12056 11807
f 12103 11721 11720
f 12051 11916 11783
f 12186 11976 12158
f 11977 11995 11823
f 12035 11966 12155
f 12082 12106 12125
f 12128 12069 12177
f 12036 11615 11785
f 11851 12074 12080
f 11819 12074 11781
f 12149 12148 12181
f 12168 11655 11787
f 11787 11786 12168
f 12158 11976 12188
f 11922 11611 11614
f 12108 11933 12054
f 12130 11795 12120
f 11922 11919 12114
f 11856 12162 12154
f 11826 11619 11945
f 11794 11934 11792
f 12086 11704 11997
f 12125 12106 11654
f 12091 11980 12067
f 12119 11956 12057
f 12079 11937 11595
f 12046 11912 12044
f 11968 12024 11966
f 12082 11907 11933
f 12182 11687 11942
f 12109 12155 12024
f 11668 11953 11667
f 11823 12131 12132
f 11760 11759 12153
f 11994 11993 12139
f 11699 12205 12140
f 12143 12157 12162
f 11857 12092 12167
f 11967 12167 11968
f 11793 12052 11794
f 11768 11949 11610
f 11913 11989 11911
f 11964 12057 12104
f 12194 12084 12063
f 12102 12047 11845
f 12124 12123 12146
f 11625 12065 12064
f 11747 12184 12094
f 12070 11978 11999
f 12183 12182 12194
f 11972 12149 12181
f 11968 12167 12092
f 12200 12165 11720
f 12199 12032 12049
f 11782 11850 12200
f 11795 12088 11845
f 11930 11809 11645
f 11856 11994 11849
f 11709 11640 11679
f 11673 11658 11800
f 12065 12072 11983
f 12171 12189 12069
f 11629 11802 12113
f 11652 12143 12152
f 12022 11995 11977
f 11869 12180 12157
f 11938 11883 12206
f 11845 12088 12087
f 12121 11594 11593
f 11745 11926 11746
f 12010 11884 12110
f 11995 12131 11823
f 11718 12018 12105
f 12109 12122 12155
f 12157 12143 11652
f 12070 11999 11961
f 11783 11710 12151
f 12162 11967 12019
f 12083 11694 11744
f 12206 11590 11938
f 12103 11720 12165
f 12172 11926 11935
f 11896 12140 12139
f 12140 11722 12027
f 11709 11638 11640
f 11933 12081 12082
f 11722 12140 12205
f 11628 11627 11674
f 12130 12120 12128
f 12083 11743 11831
f 12029 11985 11838
f 11821 11785 11668
f 12173 11925 11924
f 12132 12139 11932
f 11603 12111 11601
f 11691 11786 11601
f 11829 12123 12042
f 12050 12032 12202
f 12063 12077 12062
f 11791 11769 11621
f 11631 11802 11629
f 11655 11829 12042
f 12099 12144 12100
f 11897 11588 11603
f 12041 11903 11739
f 12206 11883 11876
f 11898 12034 12126
f 12140 11896 11699
f 11893 12177 11738
f 12095 12003 12135
f 12169 12091 12021
f 12120 11795 12059
f 12194 12063 11776
f 11884 11931 11882
f 11609 12201 11607
f 11697 12176 12111
f 11994 12103 11849
f 11595 12092 12079
f 12070 11920 11979
f 12066 12096 11884
f 11865 11864 11917
f 11926 12172 11698
f 12089 11902 11901
f 11829 11828 12123
f 11776 12174 12194
f 11624 12072 11625
f 12111 11692 11601
f 12194 12182 11942
f 12195 12196 12193
f 11697 12111 11588
f 11700 11831 11862
f 11699 12172 12205
f 11988 11913 11954
f 12115 11834 12116
f 12017 11718 11904
f 11969 11971 11578
f 12092 12080 12079
f 12142 12126 12150
f 11875 12154 11869
f 11726 11587 11589
f 12075 12095 12135
f 12053 11969 11578
f 12104 12057 12025
f 12157 12180 12162
f 11799 12118 11792
f 11756 11755 11887
f 11642 11868 11764
f 11993 11875 11932
f 11979 11985 11980
f 11641 11868 11642
f 12032 11965 12202
f 11581 11599 11682
f 12206 11876 11590
f 11641 11661 11880
f 12134 12138 11873
f 11751 11600 11708
f 11630 11713 11602
f 11958 12036 11928
f 11947 11974 12078
f 11651 11688 11670
f 11584 11790 11763
f 11818 11752 11754
f 12179 11981 12038
f 11610 11613 11611
f 12141 12135 12136
f 11635 11637 11712
f 11815 11643 11765
f 11832 11743 12002
f 11605 11604 11586
f 12174 11776 11826
f 11800 11658 12020
f 11824 12066 11694
f 12026 12025 12037
f 11680 11633 11681
f 12086 12043 11596
f 11755 12184 11885
f 11612 11738 11737
f 11880 11868 11641
f 11796 11845 12047
f 11622 11791 11621
f 12189 11904 12041
f 12156 12205 11935
f 11702 12011 12075
f 12197 12199 12049
f 12207 12208 12209
f 12210 12211 12212
f 12211 12213 12212
f 12216 12217 12218
f 12219 12216 12220
f 12221 12222 12223
f 12224 12225 12226
f 12228 12229 12230
f 12232 12233 12223
f 12234 12235 12236
f 12237 12231 12229
f 12238 12239 12230
f 12234 12240 12235
f 12241 12208 12225
f 12242 12234 12218
f 12213 12211 12224
f 12243 12244 12242
f 12225 12208 12207
f 12242 12221 12246
f 12210 12247 12248
f 12227 12245 12212
f 12249 12238 12207
f 12215 12214 12250
f 12246 12221 12223
f 12233 12249 12209
f 12215 12229 12231
f 12228 12230 12239
f 12223 12222 12232
f 12251 12209 12208
f 12252 12253 12220
f 12254 12241 12255
f 12227 12250 12214
f 12229 12250 12256
f 12226 12250 12213
f 12249 12233 12232
f 12242 12218 12221
f 12207 12209 12249
f 12257 12258 12259
f 12249 12232 12238
f 12227 12261 12250
f 12253 12262 12220
f 12241 12254 12263
f 12239 12238 12232
f 12236 12218 12234
f 12244 12234 12242
f 12231 12237 12228
f 12232 12222 12217
f 12221 12217 12222
f 12236 12264 12265
f 12241 12263 12251
f 12256 12207 12238
f 12217 12221 12218
f 12224 12211 12255
f 12218 12236 12265
f 12226 12225 12207
f 12244 12266 12234
f 12232 12217 12239
f 12255 12241 12225
f 12256 12238 12230
f 12216 12218 12265
f 12265 12264 12267
f 12207 12250 12226
f 12235 12264 12236
f 12240 12234 12266
f 12225 12224 12255
f 12254 12255 12248
f 12256 12230 12229
f 12237 12229 12228
f 12207 12256 12250
f 12265 12267 12216
f 12241 12251 12208
f 12255 12211 12248
f 12250 12261 12213
f 12216 12228 12217
f 12229 12215 12250
f 12226 12213 12224
f 12247 12210 12212
f 12228 12239 12217
f 12267 12220 12216
f 12212 12213 12261
f 12210 12248 12211
f 12216 12258 12228
f 12258 12216 12219
f 12252 12220 12267
f 12220 12262 12219
f 12258 12231 12228
f 12259 12219 12262
f 12247 12212 12245
f 12260 12231 12258
f 12259 12258 12219
f 12261 12227 12212
f 12258 12257 12260
f 12269 12270 12271
f 12270 12269 12272
f 12272 12269 12273
f 12243 12272 12244
f 12274 12273 12275
f 12273 12276 12277
f 12272 12274 12244
f 12278 12274 12275
f 12273 12277 12275
f 12266 12244 12274
f 12275 12277 12278
f 12266 12279 12240
f 12280 12278 12281
f 12240 12279 12282
f 12280 12279 12266
f 12282 12283 12240
f 12240 12283 12235
f 12284 12264 12235
f 12285 12264 12284
f 12268 12281 12278
f 12286 12279 12280
f 12282 12287 12288
f 12235 12283 12284
f 12268 12286 12281
f 12288 12287 12289
f 12290 12288 12289
f 12283 12288 12290
f 12284 12283 12291
f 12292 12293 12264
f 12294 12293 12292
f 12295 12293 12294
f 12289 12286 12296
f 12297 12290 12289
f 12290 12297 12291
f 12294 12292 12298
f 12298 12291 12299
f 12300 12295 12294
f 12297 12289 12296
f 12301 12298 12299
f 12300 12294 12302
f 12295 12300 12303
f 12297 12304 12299
f 12294 12301 12302
f 12304 12301 12299
f 12300 12302 12303
f 12305 12306 12303
f 12304 12302 12301
f 12307 12304 12296
f 12304 12308 12302
f 12309 12310 12305
f 12309 12305 12311
f 12308 12304 12307
f 12311 12308 12312
f 12313 12253 12252
f 12314 12313 12310
f 12308 12307 12312
f 12310 12315 12316
f 12307 12317 12312
f 12253 12314 12318
f 12318 12314 12319
f 12320 12314 12321
f 12316 12322 12321
f 12316 12312 12317
f 12323 12318 12319
f 12319 12314 12324
f 12322 12320 12321
f 12316 12317 12322
f 12262 12318 12323
f 12325 12323 12319
f 12326 12319 12324
f 12326 12324 12320
f 12322 12317 12327
f 12303 12302 12311
f 12328 12323 12325
f 12326 12325 12319
f 12329 12328 12325
f 12328 12259 12323
f 12330 12331 12332
f 12326 12329 12325
f 12322 12333 12326
f 12293 12303 12306
f 12332 12331 12259
f 12334 12335 12331
f 12330 12332 12336
f 12331 12330 12334
f 12335 12334 12337
f 12329 12333 12336
f 12259 12331 12257
f 12336 12338 12330
f 12330 12337 12334
f 12337 12339 12335
f 12340 12336 12333
f 12333 12327 12341
f 12338 12337 12330
f 12327 12342 12341
f 12292 12285 12343
f 12345 12346 12338
f 12341 12345 12333
f 12252 12305 12313
f 12253 12313 12314
f 12291 12297 12299
f 12264 12285 12292
f 12279 12287 12282
f 12285 12284 12343
f 12266 12274 12280
f 12274 12272 12273
f 12280 12274 12278
f 12264 12293 12267
f 12293 12306 12267
f 12343 12284 12291
f 12286 12280 12281
f 12309 12315 12310
f 12309 12312 12315
f 12315 12312 12316
f 12340 12338 12336
f 12313 12305 12310
f 12267 12306 12252
f 12243 12270 12272
f 12347 12270 12243
f 12270 12347 12271
f 12278 12277 12268
f 12262 12253 12318
f 12298 12301 12294
f 12328 12332 12259
f 12314 12310 12321
f 12279 12286 12287
f 12338 12340 12333
f 12311 12312 12309
f 12320 12322 12326
f 12305 12252 12306
f 12290 12291 12283
f 12288 12283 12282
f 12346 12337 12338
f 12273 12269 12271
f 12296 12304 12297
f 12344 12346 12345
f 12286 12289 12287
f 12298 12343 12291
f 12310 12316 12321
f 12345 12338 12333
f 12346 12339 12337
f 12293 12295 12303
f 12259 12262 12323
f 12328 12329 12336
f 12311 12305 12303
f 12328 12336 12332
f 12298 12292 12343
f 12339 12346 12344
f 12333 12322 12327
f 12311 12302 12308
f 12314 12320 12324
f 12271 12276 12273
f 12329 12326 12333
