# wall_x_pos of bin.obj (continuous mesh)
# 11063 vertices, 19156 faces

v 0.213548 0.016015 -0.072805
v 0.213147 0.017153 -0.072569
v 0.213012 0.016156 -0.071731
v 0.207665 0.023933 -0.065866
v 0.207755 0.027158 -0.066333
v 0.206336 0.025629 -0.064013
v 0.203515 0.022228 -0.059588
v 0.204400 0.023886 -0.061109
v 0.203065 0.025818 -0.059279
v 0.210553 0.020806 -0.069824
v 0.210082 0.022530 -0.069745
v 0.209248 0.021769 -0.067842
v 0.200971 0.019188 -0.054832
v 0.200733 0.021538 -0.055103
v 0.199389 0.021425 -0.053047
v 0.205845 0.023410 -0.063030
v 0.204909 0.025489 -0.061986
v 0.203563 0.017588 -0.058139
v 0.202779 0.016099 -0.056965
v 0.204088 0.016223 -0.058687
v 0.211723 0.019387 -0.071568
v 0.211835 0.019642 -0.072348
v 0.211387 0.020599 -0.071782
v 0.208378 0.016531 -0.064483
v 0.206407 0.015963 -0.061762
v 0.208076 0.019495 -0.064855
v 0.208319 0.018253 -0.064726
v 0.209301 0.019193 -0.066571
v 0.205568 0.016529 -0.060867
v 0.205802 0.017454 -0.061220
v 0.204739 0.016952 -0.059818
v 0.212446 0.015827 -0.070671
v 0.211671 0.016078 -0.069697
v 0.198020 0.042674 -0.051411
v 0.199067 0.043803 -0.052987
v 0.197993 0.046058 -0.051138
v 0.201609 0.023187 -0.056911
v 0.202372 0.020047 -0.057163
v 0.212173 0.018857 -0.072065
v 0.212127 0.018519 -0.071640
v 0.200807 0.028695 -0.055803
v 0.200868 0.026210 -0.055851
v 0.201800 0.027608 -0.057369
v 0.210723 0.015558 -0.067978
v 0.205004 0.015744 -0.060021
v 0.202189 0.017874 -0.056306
v 0.201250 0.017074 -0.054774
v 0.209670 0.017122 -0.066488
v 0.209569 0.015529 -0.066321
v 0.213935 0.017961 -0.074305
v 0.214322 0.016392 -0.074142
v 0.204773 0.022588 -0.061372
v 0.205570 0.020886 -0.061940
v 0.199038 0.037906 -0.052878
v 0.200216 0.032974 -0.054771
v 0.201409 0.039850 -0.056268
v 0.203649 0.032499 -0.059646
v 0.205362 0.028706 -0.062501
v 0.206013 0.032795 -0.063176
v 0.199932 0.023935 -0.054292
v 0.212704 0.018335 -0.072144
v 0.212590 0.019096 -0.072546
v 0.200405 0.016231 -0.053325
v 0.195557 0.038241 -0.047758
v 0.197001 0.035353 -0.049986
v 0.197523 0.039808 -0.050690
v 0.212412 0.016991 -0.070853
v 0.199436 0.041499 -0.053399
v 0.207500 0.021237 -0.064765
v 0.207150 0.019242 -0.063444
v 0.207016 0.017711 -0.062799
v 0.195985 0.029223 -0.048618
v 0.213382 0.018280 -0.073291
v 0.210772 0.021601 -0.070876
v 0.211296 0.020279 -0.071008
v 0.211598 0.018795 -0.070514
v 0.210954 0.017650 -0.068795
v 0.213177 0.018534 -0.072692
v 0.213099 0.017850 -0.072514
v 0.213061 0.019658 -0.073311
v 0.205056 0.036374 -0.061359
v 0.212583 0.017841 -0.071717
v 0.198819 0.027079 -0.052771
v 0.205972 0.018901 -0.061804
v 0.202800 0.035943 -0.058359
v 0.210336 0.019705 -0.068760
v 0.198457 0.023532 -0.051964
v 0.199546 0.018247 -0.052492
v 0.210375 0.023415 -0.070812
v 0.209197 0.024623 -0.068690
v 0.204576 0.019027 -0.059944
v 0.202460 0.029403 -0.058215
v 0.200614 0.045020 -0.055114
v 0.196271 0.042380 -0.048733
v 0.196344 0.050620 -0.048481
v 0.194475 0.046621 -0.045729
v 0.164892 0.034674 -0.001376
v 0.167334 0.033411 -0.005194
v 0.168052 0.037029 -0.006043
v 0.169238 0.020994 -0.008166
v 0.168736 0.023717 -0.007843
v 0.166765 0.022936 -0.004804
v 0.164527 0.026613 -0.001463
v 0.167316 0.029892 -0.005292
v 0.160509 0.019097 0.005554
v 0.161480 0.020632 0.003609
v 0.159817 0.020530 0.006225
v 0.167336 0.025766 -0.005661
v 0.162643 0.023300 0.001329
v 0.164650 0.022839 -0.001520
v 0.159278 0.018183 0.007699
v 0.168476 0.018468 -0.006284
v 0.167582 0.020772 -0.005622
v 0.165916 0.020577 -0.003102
v 0.170457 0.016457 -0.008609
v 0.164062 0.017771 0.000565
v 0.161585 0.017114 0.004657
v 0.163159 0.015532 0.002623
v 0.166261 0.015942 -0.002352
v 0.166286 0.018149 -0.003105
v 0.164980 0.019414 -0.001362
v 0.169085 0.032335 -0.007822
v 0.169528 0.027078 -0.008992
v 0.169653 0.015825 -0.007221
v 0.163814 0.020733 -0.000079
v 0.167862 0.016330 -0.004972
v 0.105690 0.015849 0.018497
v 0.110340 0.015838 0.020202
v 0.107842 0.015888 0.016191
v 0.137017 0.021407 0.035083
v 0.137089 0.019399 0.034890
v 0.135769 0.019558 0.036695
v 0.107384 0.015970 0.013064
v 0.129587 0.015856 0.043472
v 0.127971 0.015544 0.043555
v 0.128400 0.015725 0.044902
v 0.111499 0.017156 0.074303
v 0.111254 0.018037 0.074859
v 0.112407 0.017663 0.073345
v 0.121576 0.016001 0.056747
v 0.120862 0.016309 0.058639
v 0.121697 0.016824 0.057918
v 0.112476 0.016102 0.007072
v 0.115043 0.016172 0.005077
v 0.111365 0.016140 0.003347
v 0.108770 0.016101 0.009926
v 0.123242 0.017243 0.055920
v 0.123035 0.016460 0.055580
v 0.122563 0.017188 0.056907
v 0.146631 0.023588 0.021059
v 0.143562 0.026469 0.024990
v 0.145450 0.028053 0.021477
v 0.114057 0.020371 0.071197
v 0.110989 0.022204 0.075659
v 0.111570 0.025808 0.074464
v 0.123985 0.015718 0.053045
v 0.123282 0.015867 0.054399
v 0.111383 0.016049 0.014442
v 0.113511 0.016394 0.071204
v 0.112010 0.016185 0.072932
v 0.122693 0.018223 0.057401
v 0.123469 0.017976 0.056127
v 0.129225 0.015586 0.042503
v 0.130172 0.015726 0.041884
v 0.117912 0.036092 0.064393
v 0.120832 0.033806 0.059782
v 0.119589 0.030870 0.061590
v 0.120730 0.017183 0.059950
v 0.120121 0.016261 0.060004
v 0.112329 0.019426 0.073579
v 0.126677 0.017702 0.051178
v 0.125649 0.016378 0.051784
v 0.125632 0.017424 0.052770
v 0.107157 0.016073 0.002391
v 0.109411 0.016133 0.006271
v 0.119585 0.021521 0.062551
v 0.120687 0.019833 0.060788
v 0.119383 0.020022 0.062925
v 0.133318 0.019768 0.041517
v 0.133170 0.017833 0.041217
v 0.132317 0.017835 0.042772
v 0.127544 0.017816 0.049877
v 0.127180 0.016725 0.049726
v 0.131132 0.016176 0.042378
v 0.132410 0.016831 0.041716
v 0.132045 0.016217 0.041029
v 0.114117 0.016042 0.019555
v 0.119330 0.017025 0.062506
v 0.119904 0.017257 0.061502
v 0.119419 0.016312 0.061648
v 0.119668 0.015755 0.058857
v 0.120399 0.015725 0.057521
v 0.112575 0.031354 0.072447
v 0.109568 0.030266 0.077156
v 0.120971 0.022514 0.060206
v 0.120338 0.016452 0.009729
v 0.117904 0.016262 0.007240
v 0.117989 0.016348 0.010429
v 0.117793 0.029054 0.064353
v 0.115448 0.031580 0.068036
v 0.109582 0.034405 0.076979
v 0.110727 0.016116 0.008424
v 0.130596 0.015657 0.040662
v 0.128965 0.015558 0.040980
v 0.129375 0.016202 0.045281
v 0.131333 0.018801 0.044723
v 0.131489 0.021255 0.044549
v 0.109968 0.017749 0.076495
v 0.110583 0.016117 0.074816
v 0.109372 0.016356 0.076550
v 0.110811 0.019482 0.075741
v 0.108882 0.019749 0.078456
v 0.108811 0.021917 0.078802
v 0.115476 0.025515 0.068366
v 0.116241 0.016283 0.016307
v 0.127175 0.015520 0.045784
v 0.127942 0.015828 0.046612
v 0.137918 0.017049 0.032946
v 0.138896 0.016709 0.031565
v 0.136939 0.016319 0.032545
v 0.124594 0.017946 0.054602
v 0.125758 0.018860 0.053124
v 0.105731 0.039256 0.083318
v 0.134119 0.018579 0.039685
v 0.128690 0.017695 0.048372
v 0.129738 0.017415 0.046537
v 0.129098 0.016883 0.047103
v 0.108060 0.026115 0.079954
v 0.130271 0.016955 0.045323
v 0.130572 0.017781 0.045590
v 0.111856 0.016124 0.010287
v 0.107058 0.015775 0.022604
v 0.114918 0.016473 0.069343
v 0.114268 0.017624 0.070745
v 0.117421 0.018161 0.065941
v 0.115871 0.018044 0.068291
v 0.116116 0.020422 0.068089
v 0.113388 0.018184 0.072037
v 0.119128 0.018215 0.063182
v 0.118029 0.021066 0.064991
v 0.114478 0.035195 0.069532
v 0.115290 0.016257 0.010949
v 0.118555 0.016398 0.012970
v 0.131851 0.015949 0.039753
v 0.133194 0.016931 0.040046
v 0.114889 0.017757 0.069806
v 0.115464 0.017034 0.068769
v 0.118117 0.015703 0.062310
v 0.119083 0.015836 0.060549
v 0.129546 0.016747 0.046128
v 0.128898 0.016359 0.046555
v 0.125546 0.023402 0.053213
v 0.127164 0.022312 0.050804
v 0.125593 0.021215 0.053491
v 0.120076 0.016758 0.060858
v 0.122303 0.015638 0.055225
v 0.118591 0.016468 0.063508
v 0.130610 0.016501 0.043995
v 0.129888 0.018468 0.046809
v 0.129514 0.020188 0.047594
v 0.118197 0.017185 0.064629
v 0.120528 0.018173 0.060781
v 0.107986 0.036714 0.079620
v 0.123872 0.017250 0.055136
v 0.131605 0.016851 0.043093
v 0.121688 0.018310 0.058978
v 0.122063 0.017614 0.058042
v 0.131213 0.017410 0.044233
v 0.126852 0.015553 0.047131
v 0.128960 0.018852 0.048289
v 0.131198 0.015846 0.041141
v 0.111127 0.015902 0.026014
v 0.116690 0.017107 0.066942
v 0.122069 0.029433 0.057747
v 0.123832 0.034921 0.054888
v 0.125875 0.026915 0.052057
v 0.124443 0.016624 0.053849
v 0.117300 0.016297 0.065580
v 0.112005 0.036551 0.073276
v 0.123373 0.019910 0.056737
v 0.126792 0.015734 0.048508
v 0.129342 0.023204 0.047622
v 0.107952 0.016902 0.078425
v 0.123311 0.024160 0.056432
v 0.127602 0.019276 0.050237
v 0.120312 0.026747 0.060578
v 0.128172 0.016452 0.047880
v 0.121132 0.016341 0.005369
v 0.120511 0.015630 0.056539
v 0.135601 0.015847 0.031737
v 0.134757 0.016270 0.033813
v 0.116602 0.015574 0.064469
v 0.117650 0.015874 0.064012
v 0.118496 0.024217 0.063736
v 0.143995 0.015556 0.019730
v 0.146045 0.015630 0.017468
v 0.144405 0.015574 0.017382
v 0.133188 0.016411 0.038131
v 0.131318 0.015797 0.037853
v 0.115108 0.015869 0.067919
v 0.114088 0.015776 0.069173
v 0.125964 0.015880 0.023424
v 0.127526 0.015771 0.028171
v 0.131441 0.015810 0.025228
v 0.114445 0.015936 0.046976
v 0.112276 0.015890 0.042901
v 0.109891 0.015856 0.045594
v 0.118071 0.015783 0.048444
v 0.116219 0.015717 0.051233
v 0.120911 0.015780 0.026730
v 0.124596 0.015789 0.026191
v 0.126009 0.015810 0.050356
v 0.110241 0.040273 0.076291
v 0.132616 0.015699 0.029021
v 0.136119 0.015558 0.029560
v 0.117918 0.015835 0.044812
v 0.117124 0.015902 0.039192
v 0.115055 0.015902 0.042774
v 0.130267 0.015686 0.039297
v 0.128020 0.015710 0.037178
v 0.111022 0.015726 0.073319
v 0.111206 0.015616 0.072064
v 0.139527 0.015577 0.027609
v 0.122260 0.016434 0.012269
v 0.138324 0.015925 0.030277
v 0.132859 0.015886 0.033669
v 0.131394 0.015804 0.035620
v 0.133220 0.016102 0.035446
v 0.148056 0.016063 0.016477
v 0.147204 0.015810 0.014871
v 0.133989 0.015925 0.032757
v 0.122776 0.015756 0.038543
v 0.121425 0.015621 0.043210
v 0.134564 0.016720 0.035734
v 0.133577 0.016369 0.036766
v 0.134421 0.016994 0.037081
v 0.136094 0.017040 0.034607
v 0.136108 0.016550 0.033706
v 0.115948 0.015766 0.066554
v 0.134531 0.017889 0.038199
v 0.135691 0.017978 0.036117
v 0.133560 0.015772 0.031599
v 0.131165 0.015929 0.021556
v 0.133916 0.016009 0.018467
v 0.128696 0.016103 0.017813
v 0.135224 0.015744 0.022402
v 0.132626 0.015983 0.036865
v 0.125244 0.015713 0.031895
v 0.130163 0.015700 0.032655
v 0.112346 0.015787 0.071526
v 0.119799 0.015873 0.023616
v 0.121296 0.015917 0.021992
v 0.118066 0.015998 0.021438
v 0.116007 0.016460 0.067708
v 0.124693 0.015503 0.051305
v 0.107582 0.018713 0.079806
v 0.121427 0.017285 0.058713
v 0.144243 0.015536 0.021868
v 0.144922 0.015741 0.022248
v 0.145584 0.015738 0.020349
v 0.111317 0.015731 0.050960
v 0.109394 0.015680 0.075752
v 0.123459 0.015778 0.034968
v 0.138627 0.015727 0.019429
v 0.121425 0.015744 0.031959
v 0.112553 0.015503 0.069877
v 0.123969 0.016053 0.019096
v 0.124973 0.016262 0.014861
v 0.142726 0.015538 0.024620
v 0.142102 0.015792 0.026399
v 0.113737 0.015970 0.029962
v 0.115458 0.015897 0.027547
v 0.143923 0.015617 0.023550
v 0.137289 0.016111 0.015050
v 0.133887 0.016404 0.012378
v 0.132828 0.016227 0.015268
v 0.126779 0.016571 0.010718
v 0.129588 0.016382 0.013168
v 0.131976 0.016672 0.009468
v 0.120431 0.015578 0.047106
v 0.141673 0.016066 0.012280
v 0.136990 0.016528 0.010411
v 0.112615 0.016015 0.039750
v 0.147060 0.015959 0.018521
v 0.148119 0.016680 0.018448
v 0.143776 0.016256 0.025003
v 0.144818 0.016158 0.023399
v 0.119556 0.015837 0.034919
v 0.135389 0.020731 0.037558
v 0.134560 0.020202 0.039105
v 0.134956 0.023290 0.038261
v 0.120409 0.016233 0.017188
v 0.143123 0.016854 0.026427
v 0.142034 0.016725 0.027689
v 0.115017 0.016060 0.033601
v 0.142070 0.015711 0.017083
v 0.119497 0.015527 0.056941
v 0.145652 0.016113 0.021864
v 0.146810 0.016422 0.020414
v 0.117579 0.015830 0.030784
v 0.124206 0.016634 0.007701
v 0.149548 0.021774 0.016480
v 0.148481 0.020526 0.018634
v 0.114792 0.015952 0.023695
v 0.129348 0.026570 0.046949
v 0.112235 0.016098 0.035865
v 0.141934 0.017783 0.028331
v 0.143110 0.018128 0.026975
v 0.139115 0.022133 0.032436
v 0.138234 0.024910 0.033073
v 0.144936 0.015723 0.014870
v 0.139994 0.017744 0.031070
v 0.139432 0.018673 0.032121
v 0.140413 0.019058 0.030866
v 0.110205 0.016044 0.031181
v 0.145447 0.017795 0.023497
v 0.146270 0.018746 0.022281
v 0.146891 0.017581 0.021094
v 0.107870 0.015925 0.035083
v 0.110404 0.015925 0.037444
v 0.106127 0.015957 0.031135
v 0.108834 0.015834 0.040312
v 0.131292 0.028764 0.043663
v 0.132641 0.025086 0.042034
v 0.131252 0.026047 0.044118
v 0.105735 0.015880 0.026846
v 0.105462 0.015750 0.053510
v 0.110001 0.015555 0.055295
v 0.106376 0.015859 0.048376
v 0.142995 0.023768 0.026644
v 0.141129 0.026221 0.028759
v 0.131343 0.023973 0.044487
v 0.109570 0.015565 0.058151
v 0.107310 0.015618 0.056979
v 0.140353 0.033267 0.029177
v 0.141038 0.031432 0.028144
v 0.139582 0.029597 0.030495
v 0.149373 0.017059 0.016486
v 0.137077 0.018113 0.034520
v 0.134856 0.019377 0.038297
v 0.144556 0.021532 0.024920
v 0.146491 0.020497 0.021996
v 0.144802 0.019215 0.024719
v 0.147774 0.018701 0.019921
v 0.141221 0.015991 0.027663
v 0.140630 0.016176 0.028685
v 0.142479 0.029633 0.025993
v 0.145473 0.031872 0.020796
v 0.132947 0.022419 0.042027
v 0.137225 0.017351 0.033946
v 0.137937 0.017811 0.033459
v 0.138896 0.020101 0.032886
v 0.148403 0.026749 0.016941
v 0.147484 0.029305 0.017796
v 0.149799 0.028806 0.014132
v 0.147531 0.017012 0.019794
v 0.138322 0.018739 0.033395
v 0.138867 0.017740 0.032501
v 0.150339 0.023718 0.014653
v 0.136847 0.016794 0.033629
v 0.149295 0.018614 0.017166
v 0.128000 0.031142 0.048410
v 0.144851 0.016892 0.024077
v 0.144198 0.017525 0.025249
v 0.133715 0.027299 0.039893
v 0.150371 0.019599 0.015452
v 0.138314 0.033296 0.032298
v 0.136231 0.028805 0.035590
v 0.140708 0.023160 0.030076
v 0.150583 0.017846 0.014939
v 0.143228 0.021663 0.026830
v 0.141045 0.017833 0.029630
v 0.140191 0.016738 0.029988
v 0.142043 0.021498 0.028472
v 0.148674 0.017690 0.018172
v 0.147897 0.017532 0.019444
v 0.133588 0.031310 0.039869
v 0.141760 0.019322 0.028837
v 0.140580 0.020931 0.030613
v 0.143240 0.020306 0.026947
v 0.141278 0.016937 0.028852
v 0.145899 0.016803 0.022424
v 0.130913 0.034037 0.044060
v 0.154074 0.050796 0.015887
v 0.154490 0.046250 0.015018
v 0.155335 0.049330 0.013842
v 0.154228 0.056612 0.015776
v 0.152459 0.052737 0.018440
v 0.140914 0.033791 0.035379
v 0.142041 0.029157 0.033251
v 0.143667 0.034847 0.031207
v 0.121643 0.044738 0.065559
v 0.122459 0.047729 0.064542
v 0.119805 0.047288 0.068451
v 0.124498 0.047968 0.061296
v 0.123814 0.043142 0.062036
v 0.125852 0.046138 0.059102
v 0.152651 0.040998 0.017624
v 0.156906 0.039083 0.011033
v 0.155319 0.042336 0.013639
v 0.149976 0.064483 0.022461
v 0.151157 0.056995 0.020474
v 0.152422 0.061017 0.018664
v 0.143459 0.015513 0.032454
v 0.142286 0.016539 0.034068
v 0.139868 0.024834 0.036417
v 0.139054 0.030490 0.037981
v 0.137149 0.026093 0.040680
v 0.141351 0.038370 0.034999
v 0.126863 0.042588 0.057303
v 0.125401 0.039187 0.059541
v 0.127479 0.037845 0.056197
v 0.159817 0.020530 0.006225
v 0.158491 0.021910 0.007973
v 0.159278 0.018183 0.007699
v 0.123233 0.037297 0.062752
v 0.157408 0.047872 0.010667
v 0.156178 0.052349 0.012767
v 0.146458 0.034571 0.026860
v 0.145298 0.037796 0.028868
v 0.139687 0.056317 0.038098
v 0.138882 0.053705 0.039128
v 0.140397 0.053965 0.036829
v 0.130732 0.055202 0.052072
v 0.130554 0.049610 0.051979
v 0.132155 0.052464 0.049786
v 0.151948 0.046262 0.018888
v 0.152560 0.049172 0.018047
v 0.150576 0.050829 0.021098
v 0.158227 0.066288 0.009802
v 0.156411 0.065241 0.012694
v 0.156869 0.061179 0.011848
v 0.159978 0.023178 0.005442
v 0.161106 0.023408 0.003644
v 0.161296 0.026297 0.003355
v 0.149385 0.059400 0.023251
v 0.120697 0.022365 0.065564
v 0.119927 0.023361 0.066765
v 0.120203 0.021492 0.066509
v 0.157937 0.016366 0.010377
v 0.154496 0.072554 0.015786
v 0.156640 0.068859 0.012342
v 0.157143 0.074664 0.011801
v 0.128907 0.040596 0.054026
v 0.128450 0.043351 0.054821
v 0.148939 0.055170 0.023698
v 0.161007 0.055012 0.005324
v 0.162389 0.050339 0.003014
v 0.163998 0.053863 0.000681
v 0.152869 0.065168 0.017990
v 0.147317 0.045001 0.025985
v 0.149514 0.043255 0.022434
v 0.149656 0.046453 0.022323
v 0.147575 0.050279 0.025603
v 0.138705 0.036699 0.038870
v 0.155177 0.015650 0.014675
v 0.136329 0.036951 0.042661
v 0.136098 0.031511 0.042550
v 0.158429 0.070575 0.009683
v 0.128026 0.047459 0.055663
v 0.128670 0.051268 0.054869
v 0.126912 0.053077 0.057771
v 0.161408 0.061517 0.004609
v 0.159778 0.063461 0.007333
v 0.159712 0.058688 0.007359
v 0.147620 0.058493 0.025868
v 0.148267 0.061948 0.025000
v 0.150963 0.027978 0.019546
v 0.151091 0.032449 0.019786
v 0.148574 0.031385 0.023460
v 0.153688 0.025445 0.015226
v 0.151720 0.024559 0.018316
v 0.152393 0.022489 0.017486
v 0.154193 0.020712 0.014809
v 0.155723 0.017496 0.013317
v 0.155940 0.020706 0.012089
v 0.121269 0.023835 0.064862
v 0.152341 0.019420 0.018156
v 0.153814 0.016962 0.016374
v 0.156036 0.027001 0.011454
v 0.155217 0.023263 0.012818
v 0.135261 0.047845 0.044637
v 0.135612 0.044123 0.043909
v 0.137557 0.046516 0.040940
v 0.151875 0.035938 0.018807
v 0.148794 0.040472 0.023464
v 0.160961 0.031109 0.004273
v 0.162823 0.029722 0.001288
v 0.164892 0.034674 -0.001376
v 0.143771 0.039794 0.031324
v 0.145985 0.041225 0.027787
v 0.144307 0.045325 0.030559
v 0.154823 0.067462 0.015089
v 0.155022 0.063858 0.014743
v 0.141834 0.052200 0.034702
v 0.141984 0.047554 0.034263
v 0.144527 0.052194 0.030565
v 0.160574 0.037559 0.005276
v 0.157347 0.019273 0.010450
v 0.149590 0.024617 0.021375
v 0.150771 0.022709 0.019726
v 0.153879 0.031429 0.015323
v 0.158523 0.026462 0.007631
v 0.139825 0.016520 0.037903
v 0.137342 0.017274 0.041290
v 0.125241 0.019461 0.059094
v 0.126889 0.018407 0.056645
v 0.126338 0.020517 0.056837
v 0.157082 0.043430 0.010866
v 0.159115 0.041414 0.007674
v 0.158251 0.054864 0.009527
v 0.158894 0.052514 0.008457
v 0.158967 0.055682 0.008384
v 0.162643 0.023300 0.001329
v 0.149088 0.021914 0.022191
v 0.147378 0.023092 0.024609
v 0.147291 0.026586 0.024865
v 0.133087 0.044789 0.047806
v 0.145750 0.048482 0.028418
v 0.156840 0.022975 0.010212
v 0.146992 0.054895 0.026731
v 0.145705 0.055919 0.028751
v 0.119036 0.021794 0.068141
v 0.136923 0.051504 0.042180
v 0.134286 0.052191 0.046545
v 0.120531 0.041009 0.066961
v 0.130046 0.044228 0.052320
v 0.154232 0.061657 0.015990
v 0.120107 0.019486 0.067216
v 0.117248 0.020623 0.070946
v 0.132731 0.049322 0.048592
v 0.125409 0.016452 0.059745
v 0.142603 0.018550 0.032822
v 0.143921 0.019910 0.030346
v 0.142218 0.020851 0.032557
v 0.149055 0.035598 0.023037
v 0.147295 0.038018 0.025723
v 0.137095 0.056817 0.042133
v 0.135862 0.054397 0.044098
v 0.145332 0.030502 0.028244
v 0.151609 0.015849 0.020195
v 0.122654 0.022551 0.062629
v 0.122907 0.018786 0.063006
v 0.123984 0.021328 0.060600
v 0.159044 0.044456 0.007872
v 0.146588 0.057035 0.027256
v 0.160675 0.069610 0.006129
v 0.145977 0.058548 0.028334
v 0.137715 0.021655 0.039750
v 0.139249 0.022204 0.037473
v 0.145598 0.017089 0.028854
v 0.147807 0.017647 0.025400
v 0.150331 0.018782 0.021318
v 0.150155 0.021011 0.020953
v 0.151412 0.020990 0.019220
v 0.117974 0.024022 0.069713
v 0.120672 0.016553 0.067082
v 0.157302 0.056067 0.010971
v 0.162842 0.046267 0.002319
v 0.163552 0.048190 0.001173
v 0.160408 0.047459 0.005981
v 0.161257 0.043067 0.004550
v 0.162095 0.065152 0.003664
v 0.144302 0.026797 0.029299
v 0.146040 0.021680 0.026670
v 0.147445 0.020716 0.024819
v 0.130617 0.026122 0.050345
v 0.129495 0.022738 0.051875
v 0.131384 0.021963 0.049003
v 0.155119 0.035717 0.013724
v 0.128977 0.054906 0.054669
v 0.121254 0.021386 0.064891
v 0.132511 0.057089 0.049402
v 0.149057 0.019902 0.022829
v 0.146386 0.062134 0.027776
v 0.162562 0.058535 0.002772
v 0.144098 0.017049 0.031253
v 0.128010 0.020948 0.054394
v 0.126602 0.022651 0.056321
v 0.120221 0.027620 0.066640
v 0.141368 0.020206 0.034098
v 0.141361 0.021388 0.033862
v 0.122588 0.016118 0.064283
v 0.123789 0.016103 0.062369
v 0.146031 0.019609 0.027353
v 0.141451 0.022572 0.033743
v 0.142655 0.021936 0.031713
v 0.134415 0.034758 0.045415
v 0.132912 0.037018 0.047874
v 0.132621 0.033013 0.048055
v 0.117792 0.016941 0.071284
v 0.125754 0.035008 0.058828
v 0.134780 0.040073 0.045161
v 0.131625 0.015817 0.050396
v 0.144324 0.060422 0.030964
v 0.141930 0.057571 0.034595
v 0.144555 0.056883 0.030486
v 0.144946 0.023755 0.028108
v 0.144824 0.021423 0.028495
v 0.120145 0.034283 0.067333
v 0.123236 0.031203 0.062295
v 0.128781 0.017885 0.053870
v 0.149387 0.015938 0.023472
v 0.125976 0.049421 0.059030
v 0.153053 0.069325 0.017798
v 0.157609 0.032794 0.009569
v 0.135865 0.020376 0.042609
v 0.139791 0.043376 0.037512
v 0.124233 0.051623 0.061863
v 0.121539 0.052068 0.066105
v 0.153542 0.036137 0.016197
v 0.142235 0.042805 0.033668
v 0.159239 0.073924 0.008525
v 0.160920 0.076292 0.006022
v 0.133078 0.040350 0.047706
v 0.142602 0.024454 0.031794
v 0.131251 0.030505 0.049893
v 0.133205 0.029242 0.046776
v 0.137221 0.041332 0.041516
v 0.140727 0.018609 0.035833
v 0.138963 0.018829 0.038603
v 0.128158 0.033904 0.054982
v 0.130757 0.034367 0.050932
v 0.129277 0.037311 0.053240
v 0.122666 0.026219 0.062809
v 0.134827 0.057187 0.045840
v 0.165029 0.047668 -0.001042
v 0.125737 0.025091 0.057809
v 0.124099 0.024182 0.060364
v 0.125227 0.022118 0.058417
v 0.129292 0.029828 0.052915
v 0.127890 0.025220 0.054467
v 0.147444 0.065370 0.026297
v 0.130067 0.019860 0.051489
v 0.161480 0.020632 0.003609
v 0.141304 0.016101 0.035898
v 0.143740 0.022208 0.030073
v 0.163606 0.041807 0.000967
v 0.135763 0.023058 0.042486
v 0.139675 0.049881 0.037847
v 0.139352 0.020545 0.037539
v 0.134437 0.025459 0.044541
v 0.134646 0.018780 0.044854
v 0.133118 0.020563 0.046767
v 0.132468 0.018186 0.048392
v 0.164527 0.026613 -0.001463
v 0.117961 0.030209 0.070499
v 0.139321 0.059562 0.038711
v 0.132430 0.024979 0.047552
v 0.118074 0.027022 0.069895
v 0.124366 0.027412 0.060141
v 0.143141 0.016895 0.032595
v 0.166187 0.041815 -0.003057
v 0.166714 0.038680 -0.003988
v 0.133088 0.022696 0.046519
v 0.134275 0.021691 0.044706
v 0.133865 0.048318 0.046875
v 0.140412 0.021578 0.035587
v 0.131184 0.039512 0.050514
v 0.130557 0.017434 0.051434
v 0.151192 0.069037 0.020556
v 0.126384 0.029816 0.057412
v 0.140824 0.059666 0.036438
v 0.168052 0.037029 -0.006043
v 0.188175 0.111580 -0.034408
v 0.187273 0.110886 -0.033077
v 0.187655 0.109967 -0.033604
v 0.187527 0.108743 -0.033559
v 0.188367 0.109696 -0.034738
v 0.186730 0.109383 -0.032272
v 0.140106 0.015911 -0.130113
v 0.160588 0.018083 -0.114927
v 0.161560 0.020841 -0.114571
v 0.161790 0.018741 -0.114144
v 0.145286 0.070259 -0.127374
v 0.146390 0.070125 -0.126700
v 0.145982 0.069445 -0.127439
v 0.150442 0.043367 -0.123480
v 0.152097 0.041438 -0.122416
v 0.149841 0.041212 -0.123886
v 0.121978 0.017943 -0.139674
v 0.120799 0.018999 -0.140659
v 0.122246 0.018843 -0.139929
v 0.158351 0.049722 -0.118552
v 0.156896 0.053549 -0.119627
v 0.160577 0.052577 -0.117242
v 0.148803 0.069602 -0.125289
v 0.147619 0.069900 -0.125990
v 0.148456 0.070699 -0.125506
v 0.168362 0.040682 -0.111768
v 0.170784 0.037420 -0.110077
v 0.167503 0.036394 -0.112232
v 0.128577 0.021185 -0.136199
v 0.126842 0.019729 -0.136894
v 0.126049 0.022156 -0.138089
v 0.160775 0.033342 -0.116302
v 0.164498 0.037357 -0.114150
v 0.165135 0.032813 -0.113614
v 0.168564 0.033890 -0.111376
v 0.167897 0.030336 -0.111637
v 0.138137 0.043121 -0.131500
v 0.137011 0.039078 -0.132131
v 0.135862 0.042598 -0.132979
v 0.139713 0.016823 -0.129280
v 0.140842 0.017152 -0.128613
v 0.140754 0.016927 -0.129360
v 0.121003 0.017767 -0.140582
v 0.143790 0.044847 -0.127943
v 0.141035 0.046034 -0.129716
v 0.145187 0.048692 -0.127146
v 0.123896 0.017269 -0.139572
v 0.123300 0.016567 -0.140821
v 0.121514 0.017383 -0.141350
v 0.149560 0.070117 -0.124802
v 0.154521 0.049583 -0.121106
v 0.152941 0.053824 -0.122318
v 0.135349 0.026020 -0.132739
v 0.137085 0.023316 -0.131312
v 0.134159 0.023272 -0.133063
v 0.159142 0.043446 -0.117919
v 0.161659 0.042680 -0.116213
v 0.160502 0.040625 -0.116954
v 0.140211 0.058200 -0.130566
v 0.142251 0.060630 -0.129322
v 0.142876 0.057135 -0.128802
v 0.152365 0.067811 -0.123314
v 0.151806 0.068911 -0.123926
v 0.153216 0.068776 -0.122904
v 0.157299 0.016971 -0.118416
v 0.159692 0.016516 -0.117381
v 0.156871 0.016454 -0.119189
v 0.171179 0.017371 -0.107802
v 0.172839 0.018152 -0.106688
v 0.172171 0.017055 -0.107550
v 0.148107 0.074003 -0.125853
v 0.148384 0.075100 -0.125324
v 0.149169 0.073983 -0.125079
v 0.164951 0.027609 -0.113346
v 0.161363 0.025337 -0.115395
v 0.162423 0.029475 -0.115045
v 0.147102 0.070928 -0.126394
v 0.145823 0.070965 -0.127063
v 0.146125 0.071933 -0.126876
v 0.160683 0.037560 -0.116691
v 0.162936 0.040592 -0.115275
v 0.149500 0.071463 -0.124591
v 0.147798 0.071930 -0.125993
v 0.148639 0.073008 -0.125401
v 0.139067 0.028477 -0.130562
v 0.137723 0.025555 -0.131197
v 0.150390 0.066475 -0.124289
v 0.150045 0.068564 -0.124719
v 0.151469 0.067579 -0.123812
v 0.148498 0.064617 -0.125538
v 0.150679 0.062215 -0.123919
v 0.147611 0.061649 -0.125925
v 0.131633 0.025496 -0.134998
v 0.131575 0.021683 -0.134390
v 0.128187 0.023908 -0.137052
v 0.135296 0.017416 -0.131460
v 0.135183 0.016638 -0.132561
v 0.134064 0.017387 -0.132442
v 0.155064 0.067673 -0.121334
v 0.152607 0.065965 -0.122903
v 0.115185 0.017287 -0.144703
v 0.114784 0.018134 -0.144350
v 0.116027 0.017385 -0.143533
v 0.159453 0.060992 -0.118129
v 0.161336 0.064466 -0.117007
v 0.162746 0.060623 -0.116064
v 0.163186 0.052561 -0.115578
v 0.161858 0.055938 -0.116435
v 0.165011 0.054351 -0.114323
v 0.135118 0.051514 -0.133706
v 0.136708 0.047822 -0.132415
v 0.133804 0.049897 -0.134483
v 0.164979 0.057937 -0.114427
v 0.116166 0.018833 -0.143735
v 0.114059 0.019261 -0.145183
v 0.115436 0.021103 -0.144982
v 0.142940 0.016545 -0.128403
v 0.134815 0.020883 -0.132133
v 0.133099 0.019149 -0.132727
v 0.125818 0.015624 -0.138717
v 0.126658 0.016770 -0.138317
v 0.157087 0.019392 -0.117539
v 0.156549 0.018576 -0.117973
v 0.155230 0.019449 -0.118860
v 0.164655 0.047234 -0.114419
v 0.162004 0.045640 -0.116111
v 0.162247 0.049335 -0.116167
v 0.168342 0.016575 -0.111237
v 0.170604 0.017032 -0.109035
v 0.170788 0.016727 -0.109499
v 0.150685 0.053484 -0.123697
v 0.150493 0.050199 -0.123730
v 0.148429 0.054712 -0.125215
v 0.136864 0.032217 -0.132028
v 0.137643 0.035322 -0.131547
v 0.139458 0.033392 -0.130385
v 0.143050 0.028713 -0.127916
v 0.141566 0.024639 -0.128566
v 0.148133 0.041716 -0.124950
v 0.148053 0.038501 -0.125009
v 0.157257 0.021927 -0.117684
v 0.140371 0.021713 -0.128747
v 0.137765 0.020302 -0.130190
v 0.139205 0.022905 -0.129770
v 0.169650 0.017336 -0.108956
v 0.168017 0.017740 -0.109982
v 0.155140 0.061746 -0.121095
v 0.156981 0.046264 -0.119418
v 0.159505 0.046952 -0.117757
v 0.168308 0.019458 -0.109880
v 0.169604 0.018582 -0.108860
v 0.134814 0.039844 -0.133627
v 0.132959 0.043351 -0.134869
v 0.144746 0.046316 -0.127288
v 0.145961 0.045539 -0.126548
v 0.119058 0.016391 -0.143590
v 0.118810 0.015759 -0.143625
v 0.117599 0.016456 -0.144387
v 0.175047 0.016931 -0.105956
v 0.176935 0.016502 -0.104918
v 0.173370 0.016289 -0.107898
v 0.153982 0.016762 -0.121080
v 0.153562 0.016166 -0.121750
v 0.152396 0.017059 -0.122067
v 0.175112 0.017691 -0.104967
v 0.173672 0.017084 -0.106313
v 0.131171 0.019515 -0.134007
v 0.170851 0.041023 -0.110040
v 0.151448 0.020526 -0.121605
v 0.153421 0.024913 -0.120701
v 0.154842 0.056834 -0.121073
v 0.136801 0.018023 -0.130569
v 0.138263 0.018486 -0.129811
v 0.137745 0.017377 -0.129958
v 0.148409 0.044068 -0.124893
v 0.148195 0.046768 -0.125093
v 0.143996 0.059582 -0.128054
v 0.144977 0.061793 -0.127528
v 0.145944 0.058029 -0.126773
v 0.114824 0.017178 -0.145780
v 0.116278 0.016421 -0.145272
v 0.114647 0.016487 -0.146348
v 0.153468 0.018430 -0.120024
v 0.179939 0.015634 -0.102637
v 0.155757 0.016925 -0.119558
v 0.148677 0.067055 -0.125499
v 0.116389 0.017056 -0.144948
v 0.119205 0.018888 -0.141674
v 0.119721 0.020634 -0.141968
v 0.148666 0.058676 -0.125104
v 0.147621 0.057359 -0.125671
v 0.141341 0.050951 -0.129664
v 0.144505 0.053927 -0.127702
v 0.175515 0.020144 -0.105244
v 0.171505 0.020388 -0.108072
v 0.132160 0.016967 -0.134711
v 0.130713 0.017631 -0.134825
v 0.132796 0.017458 -0.133549
v 0.125778 0.017510 -0.138145
v 0.126989 0.017840 -0.136924
v 0.127225 0.017338 -0.137723
v 0.168278 0.045864 -0.111988
v 0.171006 0.043513 -0.109989
v 0.139538 0.016837 -0.129938
v 0.140415 0.016608 -0.129994
v 0.138275 0.016484 -0.130715
v 0.154408 0.017054 -0.120403
v 0.153568 0.017008 -0.120235
v 0.154697 0.017004 -0.119734
v 0.142885 0.018305 -0.127039
v 0.141247 0.018461 -0.128047
v 0.143107 0.020754 -0.126977
v 0.151002 0.045690 -0.123268
v 0.152561 0.047665 -0.122196
v 0.154072 0.045028 -0.121211
v 0.150834 0.037639 -0.123087
v 0.149794 0.024473 -0.123262
v 0.170785 0.015729 -0.110186
v 0.157594 0.015885 -0.119029
v 0.119256 0.017590 -0.141570
v 0.117818 0.018517 -0.142429
v 0.178856 0.016089 -0.103376
v 0.177055 0.015650 -0.104982
v 0.159469 0.019640 -0.116010
v 0.143985 0.034590 -0.127518
v 0.141657 0.036089 -0.129080
v 0.144742 0.037797 -0.127088
v 0.139879 0.019410 -0.128780
v 0.155295 0.016630 -0.120092
v 0.155314 0.016272 -0.120271
v 0.178665 0.017622 -0.102174
v 0.180595 0.018515 -0.101062
v 0.180321 0.017222 -0.101036
v 0.134809 0.015695 -0.132719
v 0.145626 0.068481 -0.127648
v 0.144515 0.069670 -0.128366
v 0.154605 0.070106 -0.121760
v 0.169410 0.026165 -0.110330
v 0.172624 0.029046 -0.108319
v 0.173877 0.024325 -0.107014
v 0.135337 0.018818 -0.131405
v 0.158177 0.066430 -0.119101
v 0.155159 0.065407 -0.121185
v 0.178804 0.016710 -0.102871
v 0.160440 0.017056 -0.116103
v 0.162148 0.016609 -0.115280
v 0.166324 0.017298 -0.111773
v 0.146390 0.015960 -0.126506
v 0.145788 0.042026 -0.126533
v 0.141408 0.040898 -0.129405
v 0.164660 0.017209 -0.112977
v 0.165460 0.017781 -0.111692
v 0.156852 0.017813 -0.117814
v 0.156210 0.017299 -0.118236
v 0.155642 0.018111 -0.118696
v 0.117728 0.020149 -0.143122
v 0.117472 0.017484 -0.142520
v 0.166654 0.018326 -0.110713
v 0.117827 0.016952 -0.144105
v 0.139299 0.017647 -0.129100
v 0.153731 0.076269 -0.121782
v 0.152847 0.077540 -0.122480
v 0.154899 0.078201 -0.121386
v 0.157742 0.057344 -0.119204
v 0.165153 0.018856 -0.112194
v 0.164821 0.020736 -0.112523
v 0.166557 0.019721 -0.111230
v 0.116594 0.017351 -0.144266
v 0.117795 0.017225 -0.143430
v 0.113257 0.017105 -0.146853
v 0.159361 0.054605 -0.118130
v 0.152143 0.076078 -0.122979
v 0.151075 0.077580 -0.123663
v 0.182383 0.016216 -0.100814
v 0.180575 0.016402 -0.101821
v 0.151515 0.074662 -0.123675
v 0.152384 0.073468 -0.123128
v 0.150494 0.073125 -0.124165
v 0.170672 0.023301 -0.109118
v 0.168010 0.022093 -0.110607
v 0.151957 0.071199 -0.122933
v 0.151938 0.070128 -0.123303
v 0.150979 0.071376 -0.123590
v 0.149980 0.074894 -0.124583
v 0.165713 0.041668 -0.113532
v 0.153854 0.073533 -0.121982
v 0.153070 0.072383 -0.122512
v 0.149229 0.029101 -0.123980
v 0.145731 0.025337 -0.125944
v 0.145949 0.029548 -0.126085
v 0.154395 0.071897 -0.121635
v 0.151772 0.072185 -0.123144
v 0.161984 0.017124 -0.114740
v 0.162052 0.017619 -0.113812
v 0.163217 0.017271 -0.113494
v 0.163401 0.016980 -0.114214
v 0.164735 0.016808 -0.113626
v 0.155994 0.076124 -0.120598
v 0.154487 0.074955 -0.121387
v 0.155873 0.071473 -0.120668
v 0.132552 0.016060 -0.134349
v 0.155723 0.073677 -0.120647
v 0.157822 0.074951 -0.119464
v 0.163269 0.016262 -0.115006
v 0.163951 0.015707 -0.114695
v 0.157732 0.028071 -0.118024
v 0.150727 0.070133 -0.124213
v 0.150828 0.075890 -0.123909
v 0.149141 0.076709 -0.124818
v 0.130016 0.020191 -0.135007
v 0.141794 0.066781 -0.130017
v 0.144269 0.067857 -0.128528
v 0.144365 0.066110 -0.128328
v 0.142143 0.032237 -0.128553
v 0.145629 0.064571 -0.127430
v 0.146573 0.067029 -0.126911
v 0.146573 0.068543 -0.126839
v 0.153914 0.070998 -0.122008
v 0.153132 0.070552 -0.122550
v 0.153395 0.071478 -0.122346
v 0.152646 0.071611 -0.122687
v 0.119582 0.016914 -0.143173
v 0.157790 0.072543 -0.119415
v 0.160627 0.074471 -0.117539
v 0.159644 0.070592 -0.118097
v 0.156822 0.069768 -0.120078
v 0.112999 0.016132 -0.147407
v 0.153110 0.074886 -0.122574
v 0.158534 0.078096 -0.119042
v 0.164312 0.044113 -0.114437
v 0.161638 0.068855 -0.116882
v 0.163019 0.071786 -0.116034
v 0.140683 0.054657 -0.130127
v 0.176880 0.017001 -0.103913
v 0.166082 0.018631 -0.111520
v 0.177278 0.018308 -0.103474
v 0.157965 0.017957 -0.116881
v 0.157381 0.017149 -0.117530
v 0.150951 0.055036 -0.123620
v 0.147839 0.018796 -0.123800
v 0.147189 0.021340 -0.124526
v 0.157932 0.039438 -0.118496
v 0.156143 0.036688 -0.119600
v 0.155033 0.040148 -0.120459
v 0.154977 0.017687 -0.119079
v 0.170411 0.029347 -0.109927
v 0.155816 0.086545 -0.121110
v 0.156286 0.084039 -0.120739
v 0.153201 0.086237 -0.122695
v 0.132854 0.017746 -0.132502
v 0.151255 0.017212 -0.121869
v 0.152968 0.017112 -0.121107
v 0.150579 0.064949 -0.124053
v 0.138430 0.016710 -0.129784
v 0.144489 0.031754 -0.127058
v 0.146785 0.033614 -0.125694
v 0.146399 0.017965 -0.124679
v 0.145607 0.019185 -0.125310
v 0.173157 0.016903 -0.107552
v 0.142490 0.054017 -0.129016
v 0.164246 0.017752 -0.112470
v 0.156705 0.088202 -0.120442
v 0.158343 0.085878 -0.119344
v 0.119527 0.017372 -0.142490
v 0.153512 0.083020 -0.122409
v 0.131695 0.048353 -0.135821
v 0.133846 0.047487 -0.134265
v 0.158763 0.017152 -0.117236
v 0.129226 0.016560 -0.136526
v 0.125862 0.035359 -0.139241
v 0.128185 0.036830 -0.137736
v 0.129456 0.033180 -0.136898
v 0.156593 0.032866 -0.119127
v 0.153417 0.035432 -0.121265
v 0.155783 0.080902 -0.120944
v 0.152453 0.079928 -0.122965
v 0.121670 0.020408 -0.140641
v 0.137939 0.055506 -0.132001
v 0.151483 0.026624 -0.122271
v 0.146866 0.069317 -0.126422
v 0.139397 0.037454 -0.130582
v 0.147838 0.068515 -0.125798
v 0.159267 0.018346 -0.116069
v 0.158282 0.019360 -0.116778
v 0.142793 0.063955 -0.129097
v 0.151440 0.034647 -0.122594
v 0.171091 0.016442 -0.109277
v 0.136676 0.016740 -0.130603
v 0.113240 0.017739 -0.145484
v 0.163127 0.066654 -0.115913
v 0.164024 0.063792 -0.115234
v 0.149535 0.018464 -0.122784
v 0.146749 0.063176 -0.126546
v 0.123750 0.025126 -0.140225
v 0.121042 0.022704 -0.141530
v 0.119638 0.025178 -0.142911
v 0.133965 0.035590 -0.134024
v 0.132304 0.031082 -0.134911
v 0.171813 0.016991 -0.108592
v 0.115584 0.015641 -0.145626
v 0.128340 0.045365 -0.138037
v 0.130067 0.038915 -0.136684
v 0.127177 0.039669 -0.138569
v 0.123428 0.021635 -0.139697
v 0.146836 0.073407 -0.126545
v 0.164858 0.024015 -0.112996
v 0.121251 0.016139 -0.142152
v 0.166252 0.051106 -0.113533
v 0.165136 0.030054 -0.113347
v 0.150397 0.017046 -0.123230
v 0.161995 0.053510 -0.116262
v 0.172100 0.016637 -0.108673
v 0.145141 0.016937 -0.126910
v 0.143286 0.017220 -0.127227
v 0.142045 0.017391 -0.127812
v 0.161013 0.066741 -0.117339
v 0.153401 0.029753 -0.121107
v 0.160893 0.015821 -0.116801
v 0.134724 0.029747 -0.133339
v 0.133156 0.027667 -0.134190
v 0.151560 0.032331 -0.122525
v 0.151642 0.057841 -0.123221
v 0.164941 0.061092 -0.114556
v 0.155559 0.017128 -0.119060
v 0.121244 0.016883 -0.142087
v 0.123315 0.019600 -0.139382
v 0.139322 0.062349 -0.131332
v 0.131563 0.018242 -0.133480
v 0.117857 0.022777 -0.143714
v 0.171426 0.032531 -0.109342
v 0.157895 0.084053 -0.119595
v 0.123234 0.018106 -0.139036
v 0.170911 0.018315 -0.108006
v 0.154013 0.017354 -0.119642
v 0.159278 0.017455 -0.116043
v 0.139507 0.035482 -0.130459
v 0.137556 0.015617 -0.131301
v 0.138885 0.052280 -0.131270
v 0.127988 0.017520 -0.136108
v 0.132884 0.029028 -0.134553
v 0.127721 0.028099 -0.137802
v 0.131051 0.028802 -0.135674
v 0.134021 0.017917 -0.131845
v 0.144408 0.017530 -0.126189
v 0.127687 0.018466 -0.136022
v 0.163288 0.018697 -0.113253
v 0.125407 0.018495 -0.137581
v 0.124410 0.017711 -0.138339
v 0.149791 0.033989 -0.123706
v 0.138974 0.025055 -0.130260
v 0.152475 0.017449 -0.120679
v 0.122686 0.032659 -0.141190
v 0.123795 0.028882 -0.140479
v 0.120114 0.028968 -0.142844
v 0.156376 0.042990 -0.119609
v 0.124841 0.020048 -0.138317
v 0.124262 0.018682 -0.138435
v 0.125740 0.031238 -0.139224
v 0.128856 0.017955 -0.135415
v 0.128635 0.019444 -0.135657
v 0.130076 0.018779 -0.134622
v 0.147407 0.017369 -0.124050
v 0.136646 0.052452 -0.132686
v 0.159112 0.082621 -0.118726
v 0.151154 0.018183 -0.121605
v 0.135129 0.054523 -0.133636
v 0.137731 0.016151 -0.131471
v 0.144230 0.018725 -0.126114
v 0.147070 0.016374 -0.125802
v 0.158457 0.035756 -0.118038
v 0.147248 0.074699 -0.126247
v 0.145325 0.017969 -0.125406
v 0.146788 0.017121 -0.125305
v 0.148402 0.017734 -0.123462
v 0.148687 0.017112 -0.123572
v 0.149605 0.017424 -0.122716
v 0.148396 0.017205 -0.124279
v 0.151032 0.015697 -0.123430
v 0.148655 0.015666 -0.124911
v 0.148762 0.016348 -0.124781
v 0.148972 0.016924 -0.124509
v 0.150465 0.016430 -0.123735
v 0.149729 0.079560 -0.124760
v 0.199785 0.114394 -0.090882
v 0.197476 0.113154 -0.092650
v 0.197747 0.115887 -0.092124
v 0.177625 0.114576 -0.105978
v 0.176488 0.111550 -0.106755
v 0.173534 0.112591 -0.108709
v 0.174647 0.125360 -0.096951
v 0.175844 0.125659 -0.096768
v 0.174040 0.125736 -0.098389
v 0.177722 0.126145 -0.097857
v 0.178066 0.125786 -0.096133
v 0.180666 0.125963 -0.095619
v 0.178046 0.108658 -0.106030
v 0.178932 0.112021 -0.105196
v 0.187437 0.109342 -0.099353
v 0.183889 0.108266 -0.101863
v 0.184944 0.111528 -0.100967
v 0.176365 0.126191 -0.100347
v 0.178718 0.126165 -0.098389
v 0.169503 0.125465 -0.100768
v 0.168428 0.125301 -0.101018
v 0.169652 0.125138 -0.099988
v 0.191149 0.124446 -0.083894
v 0.190034 0.124535 -0.084927
v 0.189631 0.123993 -0.084204
v 0.200479 0.126122 -0.083339
v 0.199261 0.126081 -0.085101
v 0.197647 0.126093 -0.084900
v 0.202851 0.126179 -0.082348
v 0.203490 0.126030 -0.083206
v 0.201285 0.126067 -0.084466
v 0.174053 0.123943 -0.095483
v 0.172481 0.123740 -0.096388
v 0.173670 0.122977 -0.095051
v 0.171228 0.125711 -0.100313
v 0.172939 0.126004 -0.100418
v 0.171249 0.126151 -0.102295
v 0.179627 0.123842 -0.091391
v 0.180892 0.123333 -0.089905
v 0.181300 0.124228 -0.090300
v 0.201842 0.125399 -0.086532
v 0.200737 0.125789 -0.086096
v 0.201835 0.125764 -0.085376
v 0.177569 0.122012 -0.105572
v 0.178105 0.123928 -0.104491
v 0.179051 0.123265 -0.104107
v 0.169108 0.117186 -0.111578
v 0.168276 0.119453 -0.112018
v 0.169492 0.118263 -0.111343
v 0.174836 0.119342 -0.107703
v 0.174241 0.122495 -0.107633
v 0.179736 0.124465 -0.092112
v 0.178371 0.124186 -0.092774
v 0.204386 0.114361 -0.087861
v 0.203750 0.117253 -0.088062
v 0.205679 0.117128 -0.086659
v 0.182268 0.126053 -0.096938
v 0.182088 0.125812 -0.098505
v 0.180536 0.126063 -0.097899
v 0.180560 0.126086 -0.096947
v 0.204719 0.119998 -0.087070
v 0.172298 0.120997 -0.109254
v 0.172871 0.118900 -0.109070
v 0.170706 0.118818 -0.110467
v 0.177842 0.123120 -0.092199
v 0.172519 0.125355 -0.098431
v 0.179266 0.122591 -0.090888
v 0.190849 0.125999 -0.090643
v 0.191093 0.125868 -0.088783
v 0.192867 0.125999 -0.088660
v 0.202722 0.125899 -0.084498
v 0.178842 0.125403 -0.094455
v 0.180385 0.125714 -0.094524
v 0.206931 0.126322 -0.079417
v 0.206778 0.126072 -0.081117
v 0.205003 0.126193 -0.081517
v 0.169319 0.125982 -0.102654
v 0.169331 0.126189 -0.104142
v 0.167930 0.126115 -0.104081
v 0.172442 0.116481 -0.109329
v 0.175335 0.116282 -0.107382
v 0.204648 0.126208 -0.080584
v 0.205515 0.126172 -0.078893
v 0.187712 0.124665 -0.086901
v 0.186274 0.125003 -0.088580
v 0.185801 0.124623 -0.087726
v 0.172852 0.123976 -0.108111
v 0.171931 0.123368 -0.108976
v 0.184641 0.124269 -0.088040
v 0.186362 0.124206 -0.086764
v 0.188446 0.125250 -0.087936
v 0.191273 0.125507 -0.086959
v 0.189158 0.125638 -0.088938
v 0.176251 0.124957 -0.095229
v 0.175511 0.124439 -0.094996
v 0.177378 0.124841 -0.094160
v 0.172365 0.124712 -0.097414
v 0.174104 0.124777 -0.096292
v 0.173601 0.125288 -0.097356
v 0.201503 0.119374 -0.089328
v 0.202774 0.121208 -0.088192
v 0.198142 0.121510 -0.091375
v 0.200782 0.122154 -0.089362
v 0.199739 0.106633 -0.091325
v 0.196618 0.109156 -0.093244
v 0.200255 0.110706 -0.090795
v 0.180747 0.122723 -0.103087
v 0.180122 0.120044 -0.104012
v 0.175839 0.125995 -0.102168
v 0.173562 0.126111 -0.103110
v 0.165879 0.116044 -0.113790
v 0.166958 0.118221 -0.112963
v 0.196988 0.124174 -0.091436
v 0.199027 0.123665 -0.090121
v 0.178491 0.125912 -0.100861
v 0.181002 0.125625 -0.100338
v 0.179420 0.124923 -0.093055
v 0.184644 0.124790 -0.088948
v 0.184928 0.125145 -0.089840
v 0.183575 0.124930 -0.090250
v 0.169494 0.121267 -0.110988
v 0.193108 0.108515 -0.095607
v 0.194245 0.112299 -0.094715
v 0.195377 0.115722 -0.093849
v 0.191776 0.115332 -0.096309
v 0.204025 0.125768 -0.084000
v 0.205217 0.125950 -0.082664
v 0.205410 0.125629 -0.083572
v 0.175477 0.125168 -0.095908
v 0.176947 0.125329 -0.095509
v 0.181024 0.114388 -0.103685
v 0.181732 0.110689 -0.103356
v 0.199598 0.125810 -0.082006
v 0.199098 0.125188 -0.080367
v 0.200990 0.125557 -0.080018
v 0.166651 0.124266 -0.100594
v 0.167990 0.124811 -0.100463
v 0.166466 0.124770 -0.101360
v 0.167043 0.123226 -0.099867
v 0.168678 0.124138 -0.099377
v 0.168878 0.122281 -0.098312
v 0.169161 0.123304 -0.098502
v 0.184087 0.114343 -0.101476
v 0.175463 0.123429 -0.106569
v 0.176481 0.124106 -0.105555
v 0.178956 0.126067 -0.099262
v 0.173184 0.124311 -0.096321
v 0.190935 0.111009 -0.096930
v 0.185728 0.125938 -0.092646
v 0.183674 0.126054 -0.095072
v 0.183080 0.125755 -0.093096
v 0.170657 0.123944 -0.097767
v 0.170246 0.124699 -0.098841
v 0.168878 0.125621 -0.101658
v 0.191711 0.124810 -0.084493
v 0.199267 0.117601 -0.091020
v 0.196493 0.118871 -0.092874
v 0.202025 0.125868 -0.080225
v 0.171931 0.126202 -0.103084
v 0.170753 0.126224 -0.103609
v 0.167450 0.125430 -0.102059
v 0.165578 0.125179 -0.102693
v 0.167174 0.125057 -0.101486
v 0.175738 0.122458 -0.093378
v 0.176595 0.123826 -0.093601
v 0.175110 0.123542 -0.094351
v 0.174906 0.124419 -0.106426
v 0.202278 0.104914 -0.089776
v 0.202237 0.108018 -0.089668
v 0.182421 0.123733 -0.088809
v 0.184086 0.125358 -0.091167
v 0.186281 0.125534 -0.090414
v 0.176115 0.125986 -0.097724
v 0.187031 0.126049 -0.093409
v 0.192240 0.125233 -0.085234
v 0.193799 0.125650 -0.085367
v 0.181089 0.124870 -0.091636
v 0.180964 0.125412 -0.093148
v 0.183544 0.124485 -0.089264
v 0.189300 0.126025 -0.092945
v 0.188844 0.126040 -0.092011
v 0.174985 0.126139 -0.099465
v 0.190615 0.106839 -0.097307
v 0.182612 0.125259 -0.091665
v 0.203668 0.125934 -0.079334
v 0.202701 0.126092 -0.081016
v 0.203334 0.125527 -0.085389
v 0.189450 0.112801 -0.097878
v 0.188362 0.125907 -0.090993
v 0.180332 0.124408 -0.091388
v 0.193844 0.125124 -0.083786
v 0.196108 0.125727 -0.083796
v 0.187428 0.123844 -0.085417
v 0.188330 0.124314 -0.085592
v 0.195275 0.125975 -0.085673
v 0.193374 0.125899 -0.086976
v 0.167209 0.125805 -0.103239
v 0.169159 0.124688 -0.099670
v 0.190226 0.124912 -0.085947
v 0.193677 0.125919 -0.089872
v 0.173452 0.126163 -0.101467
v 0.182348 0.124924 -0.091059
v 0.183092 0.124185 -0.088935
v 0.184765 0.123661 -0.086967
v 0.182444 0.124510 -0.090266
v 0.175162 0.125780 -0.103843
v 0.189114 0.124532 -0.085820
v 0.195218 0.126084 -0.087392
v 0.171265 0.125167 -0.098911
v 0.170689 0.126132 -0.104703
v 0.165179 0.124456 -0.101846
v 0.202959 0.125553 -0.078465
v 0.201951 0.113232 -0.089433
v 0.201915 0.115876 -0.089383
v 0.174056 0.123972 -0.107272
v 0.204907 0.125074 -0.085273
v 0.204262 0.124472 -0.086171
v 0.203837 0.125091 -0.085879
v 0.206281 0.125341 -0.083915
v 0.206659 0.124588 -0.084623
v 0.205511 0.124240 -0.085601
v 0.203113 0.124976 -0.086496
v 0.204727 0.125439 -0.084490
v 0.207000 0.123452 -0.084861
v 0.202173 0.124462 -0.087484
v 0.182563 0.118710 -0.102267
v 0.184621 0.120636 -0.100628
v 0.185574 0.118207 -0.100246
v 0.195790 0.123646 -0.092609
v 0.194236 0.122147 -0.094066
v 0.194622 0.123923 -0.093368
v 0.198249 0.125637 -0.088399
v 0.198366 0.125186 -0.089346
v 0.197099 0.125378 -0.089684
v 0.200951 0.125019 -0.087762
v 0.199999 0.124840 -0.088674
v 0.199833 0.125331 -0.087928
v 0.189085 0.122714 -0.097294
v 0.190227 0.123740 -0.096316
v 0.191157 0.122419 -0.096057
v 0.174926 0.109632 -0.107925
v 0.183015 0.116248 -0.102080
v 0.196223 0.125833 -0.088747
v 0.191877 0.120336 -0.095912
v 0.190285 0.118398 -0.097128
v 0.189107 0.119863 -0.097736
v 0.188336 0.125383 -0.095840
v 0.187612 0.125732 -0.095391
v 0.188647 0.125559 -0.095117
v 0.195132 0.124966 -0.091968
v 0.194741 0.124583 -0.092883
v 0.193002 0.125068 -0.093193
v 0.183115 0.120653 -0.101645
v 0.182013 0.120874 -0.102487
v 0.183418 0.122195 -0.101318
v 0.185596 0.122612 -0.099697
v 0.195093 0.125320 -0.091220
v 0.195240 0.125580 -0.090413
v 0.196353 0.125107 -0.090862
v 0.199600 0.124347 -0.089368
v 0.200852 0.123991 -0.088702
v 0.187056 0.121368 -0.098930
v 0.193643 0.118628 -0.094843
v 0.195795 0.124460 -0.092258
v 0.191258 0.125292 -0.093853
v 0.191570 0.124967 -0.094514
v 0.189819 0.125446 -0.094875
v 0.197858 0.126007 -0.086811
v 0.193413 0.124331 -0.093937
v 0.199083 0.124805 -0.089382
v 0.198058 0.124797 -0.090253
v 0.200550 0.125476 -0.087043
v 0.193679 0.125514 -0.091634
v 0.204849 0.122877 -0.086438
v 0.199197 0.125189 -0.088709
v 0.187369 0.123278 -0.098256
v 0.191939 0.125514 -0.092888
v 0.190405 0.125676 -0.093525
v 0.191840 0.123987 -0.095184
v 0.199022 0.124445 -0.089836
v 0.188741 0.124067 -0.097084
v 0.187358 0.124278 -0.097821
v 0.187562 0.124945 -0.097078
v 0.199496 0.125742 -0.086981
v 0.191734 0.118074 -0.096160
v 0.189848 0.124851 -0.095908
v 0.191494 0.125836 -0.092027
v 0.185953 0.124034 -0.098976
v 0.188870 0.125780 -0.094445
v 0.169775 0.114028 -0.111261
v 0.199600 0.125940 -0.085886
v 0.202655 0.123023 -0.087835
v 0.184457 0.123527 -0.100303
v 0.185479 0.125238 -0.098030
v 0.184430 0.125073 -0.099186
v 0.183697 0.125366 -0.098860
v 0.184108 0.125521 -0.098214
v 0.186328 0.125705 -0.096574
v 0.186476 0.124718 -0.098087
v 0.182778 0.125209 -0.100157
v 0.182490 0.125484 -0.099417
v 0.185444 0.124744 -0.098874
v 0.182865 0.123583 -0.101355
v 0.184053 0.124581 -0.100207
v 0.181548 0.124571 -0.101895
v 0.187685 0.125968 -0.094340
v 0.184557 0.125611 -0.097547
v 0.184230 0.125888 -0.096676
v 0.180891 0.125281 -0.101296
v 0.186148 0.125970 -0.095269
v 0.181671 0.116562 -0.102970
v 0.170700 0.125334 -0.107770
v 0.169347 0.125438 -0.108245
v 0.169442 0.125829 -0.107143
v 0.168872 0.125276 -0.109132
v 0.170141 0.124966 -0.108876
v 0.169203 0.124942 -0.109670
v 0.171923 0.125175 -0.107399
v 0.171683 0.124781 -0.108234
v 0.172817 0.125172 -0.106704
v 0.174018 0.125113 -0.106033
v 0.173754 0.124748 -0.106868
v 0.172676 0.125723 -0.105432
v 0.172933 0.124729 -0.107511
v 0.174484 0.125419 -0.105160
v 0.175307 0.124909 -0.105523
v 0.165226 0.123661 -0.101187
v 0.171221 0.124374 -0.108915
v 0.177643 0.118223 -0.105897
v 0.203462 0.124061 -0.086947
v 0.196742 0.124789 -0.081263
v 0.196126 0.124316 -0.080520
v 0.197811 0.124596 -0.079844
v 0.187393 0.123342 -0.084723
v 0.171531 0.125543 -0.106808
v 0.179450 0.120646 -0.090368
v 0.180977 0.122164 -0.089498
v 0.194691 0.123958 -0.080893
v 0.196135 0.123780 -0.079587
v 0.197605 0.125413 -0.081987
v 0.194524 0.123675 -0.080445
v 0.194486 0.123247 -0.080119
v 0.180147 0.117012 -0.104159
v 0.189498 0.123369 -0.083475
v 0.189194 0.122567 -0.083165
v 0.188325 0.123666 -0.084455
v 0.189498 0.112158 -0.082536
v 0.186275 0.113020 -0.084751
v 0.186777 0.110835 -0.084295
v 0.192582 0.124464 -0.083473
v 0.191866 0.124107 -0.082985
v 0.194289 0.124482 -0.082058
v 0.178178 0.114681 -0.090985
v 0.175651 0.114590 -0.092415
v 0.176120 0.112260 -0.091962
v 0.185920 0.117925 -0.085012
v 0.184421 0.118396 -0.086209
v 0.185017 0.115869 -0.085735
v 0.191098 0.123622 -0.082779
v 0.182540 0.120247 -0.087943
v 0.185871 0.122178 -0.085417
v 0.182898 0.122757 -0.088012
v 0.194546 0.122185 -0.079506
v 0.191951 0.122930 -0.081672
v 0.193094 0.123743 -0.081509
v 0.189215 0.121244 -0.082787
v 0.191929 0.121818 -0.081161
v 0.171947 0.124163 -0.108627
v 0.201015 0.125051 -0.078679
v 0.193580 0.118781 -0.079612
v 0.194182 0.120855 -0.079347
v 0.191861 0.120511 -0.080935
v 0.182213 0.116070 -0.088078
v 0.189890 0.119276 -0.082120
v 0.175382 0.120552 -0.093032
v 0.173437 0.121359 -0.094578
v 0.190849 0.116498 -0.081404
v 0.195716 0.125219 -0.082566
v 0.179939 0.117908 -0.089909
v 0.176666 0.118139 -0.091964
v 0.171225 0.122666 -0.096668
v 0.203726 0.121796 -0.087463
v 0.186497 0.119663 -0.084592
v 0.187808 0.116675 -0.083641
v 0.177409 0.121450 -0.091856
v 0.181746 0.108951 -0.087944
v 0.183417 0.112740 -0.086875
v 0.180367 0.112638 -0.089320
v 0.183362 0.100914 -0.086448
v 0.185326 0.104940 -0.085252
v 0.180917 0.104492 -0.088359
v 0.173409 0.119155 -0.094158
v 0.175402 0.109538 -0.092235
v 0.174158 0.106357 -0.092866
v 0.178163 0.107997 -0.090424
v 0.170328 0.122903 -0.110208
v 0.181507 0.096837 -0.087554
v 0.179253 0.100074 -0.089338
v 0.177862 0.096079 -0.090197
v 0.170190 0.124276 -0.109784
v 0.167309 0.126170 -0.106507
v 0.207805 0.115227 -0.085490
v 0.179703 0.124101 -0.103331
v 0.177760 0.125427 -0.102699
v 0.179148 0.125432 -0.101889
v 0.178655 0.124919 -0.103262
v 0.176725 0.125277 -0.103821
v 0.176318 0.124869 -0.104898
v 0.175517 0.125304 -0.104663
v 0.177255 0.124653 -0.104486
v 0.176365 0.103063 -0.091482
v 0.172984 0.115663 -0.094154
v 0.170138 0.120556 -0.096921
v 0.170743 0.117662 -0.095922
v 0.180300 0.115366 -0.089584
v 0.184715 0.109912 -0.085763
v 0.180963 0.115025 -0.089064
v 0.207567 0.118662 -0.085276
v 0.186356 0.108488 -0.084557
v 0.188077 0.115382 -0.098671
v 0.183772 0.107143 -0.086392
v 0.177641 0.111408 -0.091037
v 0.190516 0.116894 -0.097038
v 0.166990 0.121283 -0.099380
v 0.173519 0.111786 -0.093461
v 0.172853 0.108596 -0.093749
v 0.170419 0.115436 -0.096014
v 0.170722 0.112896 -0.095488
v 0.168316 0.116139 -0.097777
v 0.167499 0.118484 -0.098614
v 0.180088 0.125074 -0.102218
v 0.179928 0.124754 -0.102747
v 0.176804 0.125740 -0.102671
v 0.177946 0.125709 -0.102001
v 0.207238 0.121458 -0.085146
v 0.115240 0.019610 0.074459
v 0.117792 0.016941 0.071284
v 0.117248 0.020623 0.070946
v 0.114229 0.020951 0.075579
v 0.113950 0.022932 0.075978
v 0.112984 0.020844 0.077664
v 0.115077 0.015945 0.075591
v 0.112498 0.018280 0.078820
v 0.111263 0.015828 0.081599
v 0.111299 0.042322 0.081343
v 0.109016 0.040047 0.084972
v 0.111713 0.037559 0.080510
v 0.110231 0.017716 0.082589
v 0.114895 0.020803 0.074619
v 0.115623 0.022038 0.073399
v 0.108523 0.016582 0.085770
v 0.108771 0.019706 0.084292
v 0.115926 0.026559 0.073274
v 0.118074 0.027022 0.069895
v 0.117961 0.030209 0.070499
v 0.111672 0.020636 0.079675
v 0.110014 0.021625 0.081966
v 0.110703 0.019585 0.081465
v 0.109928 0.016162 0.083690
v 0.115903 0.031225 0.073883
v 0.113530 0.030014 0.077410
v 0.117983 0.038816 0.070826
v 0.120531 0.041009 0.066961
v 0.118464 0.043112 0.070251
v 0.117974 0.024022 0.069713
v 0.113459 0.025761 0.076957
v 0.113682 0.019903 0.076788
v 0.110135 0.024428 0.081930
v 0.111458 0.026765 0.080180
v 0.108619 0.028006 0.084869
v 0.117061 0.034574 0.072063
v 0.114251 0.034910 0.076566
v 0.110825 0.031415 0.081671
v 0.116196 0.042713 0.073696
v 0.112158 0.033843 0.079789
v 0.110299 0.035437 0.082741
v 0.115682 0.038212 0.074385
v 0.108123 0.022915 0.084922
v 0.108329 0.034499 0.085849
v 0.115979 0.020741 0.072950
v 0.119805 0.047288 0.068451
v 0.117424 0.046837 0.072150
v 0.120145 0.034283 0.067333
v 0.114858 0.040813 0.075753
v 0.111940 0.023119 0.079066
v 0.113587 0.039348 0.077633
v 0.114029 0.043652 0.076983
v 0.108191 0.015957 -0.150592
v 0.110736 0.015682 -0.148872
v 0.110925 0.016597 -0.148888
v 0.109656 0.016816 -0.149779
v 0.108607 0.017549 -0.149119
v 0.109476 0.018194 -0.147940
v 0.110445 0.017396 -0.148415
v 0.215883 0.047824 -0.076592
v 0.216577 0.046635 -0.077110
v 0.216584 0.048087 -0.077130
v 0.200555 0.053314 -0.054569
v 0.198996 0.055579 -0.052478
v 0.199693 0.051229 -0.053441
v 0.208194 0.049900 -0.066130
v 0.206147 0.050410 -0.062917
v 0.206094 0.046456 -0.062990
v 0.202406 0.058454 -0.057397
v 0.204983 0.057290 -0.061101
v 0.203431 0.061787 -0.058852
v 0.209369 0.047016 -0.068322
v 0.210324 0.047025 -0.070460
v 0.210069 0.050223 -0.069755
v 0.205854 0.066569 -0.062323
v 0.206087 0.061822 -0.062657
v 0.207659 0.065806 -0.065023
v 0.217093 0.047765 -0.077417
v 0.217289 0.046916 -0.077518
v 0.207221 0.054048 -0.064483
v 0.211206 0.044549 -0.072332
v 0.211608 0.044916 -0.072820
v 0.211571 0.045758 -0.072551
v 0.215448 0.048968 -0.080583
v 0.217104 0.049998 -0.079366
v 0.216537 0.045966 -0.079513
v 0.198209 0.066930 -0.051161
v 0.197625 0.069360 -0.050383
v 0.196198 0.067471 -0.048191
v 0.211530 0.052527 -0.072643
v 0.211275 0.054024 -0.072234
v 0.210951 0.052630 -0.071918
v 0.210087 0.043909 -0.069973
v 0.210556 0.045290 -0.071036
v 0.211643 0.041241 -0.072862
v 0.211776 0.043064 -0.073229
v 0.211202 0.042818 -0.072419
v 0.217482 0.047440 -0.078659
v 0.217193 0.044390 -0.078811
v 0.211605 0.043951 -0.072716
v 0.217415 0.045313 -0.077683
v 0.216278 0.044733 -0.076903
v 0.212072 0.056022 -0.073503
v 0.212284 0.053733 -0.073615
v 0.212872 0.056500 -0.074422
v 0.201251 0.062761 -0.055706
v 0.199676 0.062112 -0.053524
v 0.200591 0.059021 -0.054712
v 0.193683 0.063322 -0.044450
v 0.195513 0.062033 -0.047269
v 0.195080 0.064954 -0.046609
v 0.204318 0.065984 -0.060089
v 0.204397 0.068969 -0.060088
v 0.211154 0.051668 -0.072301
v 0.210710 0.051459 -0.071452
v 0.211014 0.050873 -0.072094
v 0.211705 0.055413 -0.072848
v 0.211118 0.055713 -0.072206
v 0.216189 0.049069 -0.076880
v 0.196888 0.059001 -0.049411
v 0.198049 0.062785 -0.051011
v 0.196549 0.064727 -0.048808
v 0.210674 0.055231 -0.071296
v 0.211476 0.051004 -0.072518
v 0.211362 0.049879 -0.072476
v 0.211847 0.051316 -0.073160
v 0.198872 0.059735 -0.052291
v 0.201695 0.053906 -0.056322
v 0.200591 0.055751 -0.054791
v 0.209582 0.063494 -0.068417
v 0.209078 0.065881 -0.067503
v 0.208386 0.061702 -0.066296
v 0.207213 0.058156 -0.064331
v 0.208939 0.057115 -0.067248
v 0.201885 0.060695 -0.056580
v 0.211983 0.049251 -0.073563
v 0.212767 0.048231 -0.074465
v 0.212565 0.050890 -0.074275
v 0.196344 0.050620 -0.048481
v 0.196461 0.055004 -0.048779
v 0.193978 0.054395 -0.045008
v 0.201569 0.056604 -0.056127
v 0.198544 0.049524 -0.051886
v 0.197993 0.046058 -0.051138
v 0.199842 0.048174 -0.053764
v 0.210509 0.053165 -0.070723
v 0.212460 0.044950 -0.074150
v 0.213779 0.046683 -0.075351
v 0.193559 0.078525 -0.043587
v 0.194519 0.073467 -0.045314
v 0.195617 0.077242 -0.046732
v 0.203602 0.048028 -0.059376
v 0.201343 0.050062 -0.055961
v 0.200614 0.045020 -0.055114
v 0.202320 0.043936 -0.057726
v 0.211866 0.059517 -0.073185
v 0.211207 0.060205 -0.072429
v 0.211184 0.058888 -0.072294
v 0.204724 0.064123 -0.060705
v 0.203748 0.064471 -0.059361
v 0.196356 0.070980 -0.048258
v 0.197445 0.075722 -0.049591
v 0.217502 0.048264 -0.077883
v 0.210646 0.057490 -0.071310
v 0.210056 0.055656 -0.069737
v 0.200125 0.065284 -0.053841
v 0.202490 0.067239 -0.057438
v 0.204694 0.052756 -0.060732
v 0.210741 0.050142 -0.071555
v 0.198062 0.052338 -0.051094
v 0.200250 0.068264 -0.054074
v 0.214007 0.050308 -0.075609
v 0.210805 0.048663 -0.071600
v 0.201409 0.039850 -0.056268
v 0.203921 0.042853 -0.059904
v 0.205764 0.042842 -0.062544
v 0.203234 0.055067 -0.058444
v 0.215102 0.045888 -0.076267
v 0.215171 0.044124 -0.076315
v 0.216865 0.049400 -0.077451
v 0.199196 0.069853 -0.052493
v 0.213815 0.053192 -0.075250
v 0.213995 0.055386 -0.075334
v 0.213188 0.054226 -0.074605
v 0.210755 0.060165 -0.071555
v 0.210996 0.061509 -0.072015
v 0.210615 0.063443 -0.070922
v 0.194361 0.067948 -0.045351
v 0.194141 0.058939 -0.045282
v 0.209266 0.053440 -0.068059
v 0.213142 0.052563 -0.074695
v 0.212015 0.047182 -0.073551
v 0.211501 0.048057 -0.072646
v 0.210734 0.044052 -0.071554
v 0.211036 0.046267 -0.071896
v 0.214877 0.053265 -0.075993
v 0.215852 0.051049 -0.076711
v 0.202973 0.051952 -0.058192
v 0.208034 0.046591 -0.065933
v 0.207297 0.043329 -0.064781
v 0.208828 0.043597 -0.067367
v 0.210360 0.059901 -0.070319
v 0.215325 0.049238 -0.076396
v 0.198728 0.072381 -0.051686
v 0.200910 0.071426 -0.054894
v 0.208186 0.039877 -0.066251
v 0.209624 0.060608 -0.068640
v 0.205007 0.040008 -0.061281
v 0.211819 0.045720 -0.073209
v 0.212345 0.041929 -0.074001
v 0.212182 0.057851 -0.073785
v 0.209920 0.058120 -0.069407
v 0.211532 0.057243 -0.072739
v 0.213840 0.042674 -0.075436
v 0.203655 0.038987 -0.059376
v 0.211617 0.051629 -0.072620
v 0.211866 0.044438 -0.073210
v 0.214805 0.048044 -0.076086
v 0.211674 0.046701 -0.072822
v 0.206475 0.039711 -0.063414
v 0.203812 0.072916 -0.058959
v 0.212019 0.122698 -0.072901
v 0.211479 0.122737 -0.072289
v 0.212082 0.121685 -0.072784
v 0.205515 0.126172 -0.078893
v 0.207763 0.126334 -0.077646
v 0.206931 0.126322 -0.079417
v 0.199409 0.124555 -0.078678
v 0.197860 0.124080 -0.079023
v 0.198984 0.123884 -0.078027
v 0.203005 0.123427 -0.075139
v 0.204234 0.124204 -0.075037
v 0.203113 0.124025 -0.075767
v 0.207565 0.125190 -0.074175
v 0.207117 0.124320 -0.073173
v 0.208280 0.124887 -0.073120
v 0.203518 0.125037 -0.076909
v 0.202533 0.124399 -0.076639
v 0.203928 0.124643 -0.075798
v 0.204881 0.125137 -0.076019
v 0.206390 0.125603 -0.075741
v 0.204819 0.125501 -0.076967
v 0.205482 0.119833 -0.072996
v 0.203964 0.120012 -0.074084
v 0.204362 0.118808 -0.073823
v 0.201552 0.122470 -0.075567
v 0.202183 0.121156 -0.075068
v 0.202808 0.122516 -0.074971
v 0.205295 0.123878 -0.073983
v 0.204536 0.122693 -0.073955
v 0.210332 0.123599 -0.072064
v 0.210955 0.124344 -0.072605
v 0.209979 0.124123 -0.072197
v 0.210589 0.125893 -0.074580
v 0.210924 0.125376 -0.073641
v 0.211669 0.125459 -0.073880
v 0.199857 0.123536 -0.077143
v 0.201592 0.123684 -0.076388
v 0.200682 0.124275 -0.077511
v 0.209231 0.122647 -0.070226
v 0.209033 0.123162 -0.070877
v 0.208623 0.122964 -0.069044
v 0.200501 0.122978 -0.076398
v 0.211224 0.125196 -0.073109
v 0.212077 0.124895 -0.073336
v 0.209254 0.124400 -0.072205
v 0.210144 0.124954 -0.073022
v 0.209184 0.122272 -0.069177
v 0.207742 0.123399 -0.072064
v 0.208050 0.122153 -0.071303
v 0.208299 0.123353 -0.071496
v 0.202701 0.126092 -0.081016
v 0.203668 0.125934 -0.079334
v 0.205035 0.125891 -0.077901
v 0.208548 0.123011 -0.070767
v 0.208477 0.123096 -0.069866
v 0.205744 0.124857 -0.074714
v 0.199462 0.121912 -0.076544
v 0.209008 0.124838 -0.072762
v 0.209061 0.125392 -0.073751
v 0.206591 0.123348 -0.072859
v 0.208321 0.124243 -0.072208
v 0.206615 0.122311 -0.072521
v 0.212032 0.123687 -0.072889
v 0.207066 0.126121 -0.076772
v 0.205959 0.125831 -0.076782
v 0.207416 0.122806 -0.072148
v 0.204254 0.117363 -0.074050
v 0.202652 0.118185 -0.074896
v 0.208795 0.123698 -0.071498
v 0.208462 0.125875 -0.075077
v 0.208372 0.122516 -0.070333
v 0.212608 0.122693 -0.073318
v 0.209164 0.126260 -0.076145
v 0.209685 0.126363 -0.077439
v 0.210722 0.126264 -0.075915
v 0.204891 0.121322 -0.073474
v 0.206824 0.120920 -0.072173
v 0.208350 0.122759 -0.069927
v 0.199813 0.124230 -0.077912
v 0.211142 0.123538 -0.072199
v 0.202077 0.124928 -0.077618
v 0.197811 0.124596 -0.079844
v 0.202959 0.125553 -0.078465
v 0.206848 0.119256 -0.072009
v 0.207962 0.120320 -0.070706
v 0.201015 0.125051 -0.078679
v 0.207944 0.121339 -0.069985
v 0.199098 0.125188 -0.080367
v 0.208002 0.122097 -0.069604
v 0.184039 0.024325 -0.099927
v 0.188420 0.026186 -0.097559
v 0.186408 0.022467 -0.098078
v 0.187381 0.018107 -0.096459
v 0.189739 0.018741 -0.095225
v 0.188542 0.017513 -0.096122
v 0.182636 0.020609 -0.100123
v 0.186574 0.018697 -0.097422
v 0.188561 0.019092 -0.096309
v 0.178665 0.017622 -0.102174
v 0.178804 0.016710 -0.102871
v 0.176880 0.017001 -0.103913
v 0.190541 0.015745 -0.095274
v 0.189645 0.016185 -0.096009
v 0.191581 0.016297 -0.094750
v 0.184454 0.017167 -0.099475
v 0.182419 0.017241 -0.100388
v 0.184224 0.018045 -0.098619
v 0.189747 0.017062 -0.096001
v 0.187518 0.016346 -0.097484
v 0.169881 0.060150 -0.111282
v 0.167339 0.059723 -0.112956
v 0.167879 0.062455 -0.112651
v 0.176244 0.029198 -0.105872
v 0.177795 0.025374 -0.104506
v 0.173877 0.024325 -0.107014
v 0.192949 0.016959 -0.093867
v 0.191470 0.017164 -0.094763
v 0.192958 0.017531 -0.092919
v 0.175968 0.053413 -0.107147
v 0.178467 0.056625 -0.105586
v 0.178810 0.054257 -0.105153
v 0.173600 0.047268 -0.108458
v 0.171006 0.043513 -0.109989
v 0.168278 0.045864 -0.111988
v 0.173873 0.041905 -0.108087
v 0.166383 0.071804 -0.113792
v 0.164894 0.069048 -0.114807
v 0.163019 0.071786 -0.116034
v 0.190830 0.017929 -0.094221
v 0.163127 0.066654 -0.115913
v 0.166617 0.065511 -0.113588
v 0.169273 0.058073 -0.111594
v 0.175515 0.020144 -0.105244
v 0.176430 0.022635 -0.104942
v 0.164979 0.057937 -0.114427
v 0.168031 0.055551 -0.112458
v 0.198611 0.038867 -0.091564
v 0.195059 0.036749 -0.093829
v 0.194024 0.042491 -0.094719
v 0.178208 0.022274 -0.103535
v 0.174363 0.031714 -0.107262
v 0.172624 0.029046 -0.108319
v 0.193018 0.021074 -0.093593
v 0.190410 0.020225 -0.095295
v 0.191851 0.022346 -0.094617
v 0.185263 0.044050 -0.100629
v 0.182254 0.041404 -0.102433
v 0.182548 0.046582 -0.102434
v 0.181544 0.050560 -0.103351
v 0.184379 0.051431 -0.101514
v 0.192328 0.019464 -0.093919
v 0.179623 0.019319 -0.102089
v 0.177278 0.018308 -0.103474
v 0.178238 0.020137 -0.103290
v 0.180917 0.054307 -0.103853
v 0.175187 0.036326 -0.106986
v 0.175927 0.032752 -0.106308
v 0.184597 0.016161 -0.099367
v 0.191603 0.038421 -0.096163
v 0.188909 0.039220 -0.098021
v 0.189857 0.042350 -0.097484
v 0.185631 0.017709 -0.097820
v 0.195078 0.015817 -0.092271
v 0.192614 0.015516 -0.093788
v 0.193907 0.016331 -0.093151
v 0.188730 0.021289 -0.096509
v 0.189729 0.023527 -0.096304
v 0.187912 0.019808 -0.096862
v 0.171848 0.056824 -0.109982
v 0.180595 0.018515 -0.101062
v 0.182312 0.018482 -0.099656
v 0.180321 0.017222 -0.101036
v 0.179159 0.052188 -0.104987
v 0.183523 0.055630 -0.102247
v 0.187633 0.044472 -0.098987
v 0.191139 0.047822 -0.096845
v 0.182312 0.034926 -0.102151
v 0.186483 0.039670 -0.099654
v 0.179963 0.029509 -0.103423
v 0.194393 0.017101 -0.092767
v 0.170869 0.051709 -0.110522
v 0.179416 0.037586 -0.104183
v 0.178440 0.042451 -0.105108
v 0.190543 0.016636 -0.095597
v 0.166040 0.062693 -0.113802
v 0.181235 0.057542 -0.103767
v 0.186449 0.017190 -0.097944
v 0.186604 0.047811 -0.099826
v 0.188292 0.030690 -0.098013
v 0.191505 0.029725 -0.095809
v 0.164024 0.063792 -0.115234
v 0.182383 0.016216 -0.100814
v 0.180575 0.016402 -0.101821
v 0.180859 0.022219 -0.101723
v 0.185384 0.019900 -0.098303
v 0.170444 0.063312 -0.110950
v 0.184222 0.028685 -0.100468
v 0.180628 0.025510 -0.102439
v 0.190396 0.032078 -0.096592
v 0.178847 0.047876 -0.105087
v 0.171426 0.032531 -0.109342
v 0.176306 0.044985 -0.106616
v 0.161638 0.068855 -0.116882
v 0.166252 0.051106 -0.113533
v 0.182453 0.025122 -0.101184
v 0.168319 0.068556 -0.112461
v 0.171349 0.066376 -0.110531
v 0.169160 0.065974 -0.111951
v 0.187798 0.051176 -0.099233
v 0.181256 0.043804 -0.103193
v 0.164941 0.061092 -0.114556
v 0.178231 0.033377 -0.104767
v 0.176415 0.060910 -0.106937
v 0.175596 0.058881 -0.107486
v 0.174990 0.063093 -0.108006
v 0.189119 0.035346 -0.097703
v 0.192783 0.018555 -0.093079
v 0.186029 0.034021 -0.099707
v 0.192201 0.033696 -0.095574
v 0.165011 0.054351 -0.114323
v 0.172542 0.060368 -0.109566
v 0.198432 0.034369 -0.091542
v 0.202609 0.034539 -0.088800
v 0.203037 0.040164 -0.088727
v 0.195656 0.030906 -0.093238
v 0.200289 0.029663 -0.090077
v 0.170784 0.037420 -0.110077
v 0.170851 0.041023 -0.110040
v 0.178769 0.060907 -0.105457
v 0.176935 0.016502 -0.104918
v 0.186427 0.055156 -0.100241
v 0.180452 0.045132 -0.103878
v 0.164498 0.074583 -0.115130
v 0.160627 0.074471 -0.117539
v 0.196135 0.123780 -0.079587
v 0.197611 0.123674 -0.078637
v 0.197860 0.124080 -0.079023
v 0.202652 0.118185 -0.074896
v 0.202183 0.121156 -0.075068
v 0.200048 0.118972 -0.076095
v 0.201978 0.096737 -0.062253
v 0.204741 0.098403 -0.065606
v 0.204347 0.095147 -0.065337
v 0.202633 0.114930 -0.075317
v 0.200392 0.113452 -0.076429
v 0.202212 0.112181 -0.075674
v 0.198653 0.120364 -0.076738
v 0.197015 0.117785 -0.077614
v 0.199213 0.098989 -0.076395
v 0.193593 0.102804 -0.079853
v 0.193312 0.095229 -0.079812
v 0.207380 0.100798 -0.069804
v 0.206372 0.101346 -0.071083
v 0.206781 0.100115 -0.070524
v 0.199462 0.121912 -0.076544
v 0.196891 0.121448 -0.077781
v 0.197586 0.122927 -0.078004
v 0.196303 0.091230 -0.054929
v 0.193683 0.094685 -0.051124
v 0.196603 0.097881 -0.055213
v 0.194182 0.120855 -0.079347
v 0.196091 0.119972 -0.078030
v 0.194546 0.122185 -0.079506
v 0.207260 0.115244 -0.069338
v 0.207559 0.114510 -0.069676
v 0.207149 0.114307 -0.069055
v 0.202878 0.101437 -0.063244
v 0.200927 0.103689 -0.060687
v 0.202491 0.105354 -0.062799
v 0.196948 0.124222 -0.079737
v 0.189457 0.091057 -0.081960
v 0.192071 0.090662 -0.080383
v 0.207426 0.117460 -0.069611
v 0.207742 0.116697 -0.070600
v 0.207422 0.116923 -0.069521
v 0.206951 0.111999 -0.072102
v 0.206179 0.110479 -0.073167
v 0.206703 0.109722 -0.072235
v 0.204362 0.118808 -0.073823
v 0.205608 0.117629 -0.073030
v 0.205482 0.119833 -0.072996
v 0.183362 0.100914 -0.086448
v 0.187778 0.101981 -0.083489
v 0.185326 0.104940 -0.085252
v 0.177862 0.096079 -0.090197
v 0.177625 0.090577 -0.090306
v 0.180228 0.093468 -0.088327
v 0.196543 0.110714 -0.078310
v 0.193294 0.109066 -0.080132
v 0.196972 0.106733 -0.078016
v 0.198984 0.123884 -0.078027
v 0.200501 0.122978 -0.076398
v 0.199857 0.123536 -0.077143
v 0.204254 0.117363 -0.074050
v 0.204713 0.115378 -0.073974
v 0.206550 0.098272 -0.070603
v 0.206170 0.099488 -0.071045
v 0.205188 0.097573 -0.071941
v 0.194486 0.123247 -0.080119
v 0.199636 0.099708 -0.059159
v 0.203710 0.116541 -0.074525
v 0.205155 0.101042 -0.066123
v 0.206397 0.099493 -0.068029
v 0.205056 0.104800 -0.066073
v 0.206627 0.097089 -0.070397
v 0.207190 0.098015 -0.069590
v 0.206316 0.092435 -0.069872
v 0.206173 0.090925 -0.069229
v 0.206276 0.092234 -0.068676
v 0.207213 0.099274 -0.069811
v 0.185605 0.097803 -0.084834
v 0.187566 0.094221 -0.083391
v 0.189892 0.098489 -0.082102
v 0.203949 0.092351 -0.072707
v 0.204985 0.091622 -0.071549
v 0.204789 0.094234 -0.072007
v 0.206577 0.101599 -0.068087
v 0.189400 0.106648 -0.082497
v 0.207823 0.118785 -0.070863
v 0.207599 0.119231 -0.069692
v 0.207962 0.120320 -0.070706
v 0.200862 0.107584 -0.060544
v 0.206625 0.093462 -0.068988
v 0.205437 0.093132 -0.067155
v 0.206561 0.094244 -0.068489
v 0.183476 0.093327 -0.086079
v 0.185160 0.087710 -0.084723
v 0.207347 0.113128 -0.069178
v 0.207050 0.111714 -0.068709
v 0.206745 0.113418 -0.068478
v 0.207726 0.117949 -0.070151
v 0.205677 0.093214 -0.070885
v 0.206165 0.095325 -0.070721
v 0.207350 0.105956 -0.068849
v 0.207812 0.104910 -0.069484
v 0.207337 0.104417 -0.068818
v 0.206848 0.119256 -0.072009
v 0.205820 0.112694 -0.073420
v 0.207517 0.111661 -0.071002
v 0.207757 0.112122 -0.069989
v 0.207619 0.112657 -0.070961
v 0.207621 0.115872 -0.069965
v 0.207457 0.115195 -0.071188
v 0.189498 0.112158 -0.082536
v 0.200769 0.106212 -0.075969
v 0.198900 0.108497 -0.077083
v 0.202963 0.110080 -0.075255
v 0.204093 0.112379 -0.074712
v 0.178436 0.084915 -0.089574
v 0.173730 0.086469 -0.093221
v 0.206453 0.093820 -0.070108
v 0.207064 0.094794 -0.069441
v 0.200820 0.111721 -0.076328
v 0.205613 0.091384 -0.067760
v 0.207022 0.096034 -0.069705
v 0.206389 0.095750 -0.068037
v 0.201337 0.110601 -0.076089
v 0.206980 0.098696 -0.068820
v 0.206553 0.097736 -0.068084
v 0.207844 0.111032 -0.070477
v 0.207403 0.110363 -0.071152
v 0.197710 0.114090 -0.077585
v 0.193857 0.114438 -0.079625
v 0.207793 0.114709 -0.070300
v 0.202909 0.107782 -0.075019
v 0.204014 0.105513 -0.073900
v 0.204848 0.109474 -0.074062
v 0.207075 0.100170 -0.068862
v 0.205968 0.112339 -0.067216
v 0.186356 0.108488 -0.084557
v 0.203122 0.109118 -0.063636
v 0.198879 0.094290 -0.058396
v 0.200051 0.116532 -0.076306
v 0.199368 0.111020 -0.077031
v 0.207578 0.110412 -0.069542
v 0.206637 0.105360 -0.067976
v 0.197811 0.124596 -0.079844
v 0.202733 0.095081 -0.073912
v 0.203090 0.099790 -0.073786
v 0.201192 0.108843 -0.076047
v 0.206367 0.115409 -0.068004
v 0.204897 0.115028 -0.065953
v 0.196126 0.124316 -0.080520
v 0.200159 0.096311 -0.059928
v 0.181507 0.096837 -0.087554
v 0.207786 0.110120 -0.070398
v 0.207069 0.116349 -0.069047
v 0.205928 0.108907 -0.073036
v 0.200655 0.094320 -0.060625
v 0.206801 0.103468 -0.068291
v 0.202113 0.093933 -0.062557
v 0.197892 0.101599 -0.056638
v 0.205419 0.107423 -0.073148
v 0.207384 0.102035 -0.069133
v 0.180959 0.089565 -0.087773
v 0.181467 0.086083 -0.087323
v 0.207331 0.108545 -0.071069
v 0.206385 0.107715 -0.072216
v 0.207196 0.106135 -0.070902
v 0.205846 0.105577 -0.072352
v 0.206697 0.103643 -0.071027
v 0.205587 0.096759 -0.066818
v 0.206894 0.108358 -0.068354
v 0.205286 0.103152 -0.072435
v 0.206104 0.115571 -0.072739
v 0.204328 0.112409 -0.065160
v 0.203064 0.092082 -0.063993
v 0.207819 0.106128 -0.069767
v 0.207684 0.105358 -0.070184
v 0.207129 0.117412 -0.071687
v 0.198855 0.104827 -0.057741
v 0.207640 0.103414 -0.069624
v 0.202744 0.090096 -0.073820
v 0.199221 0.092235 -0.076342
v 0.198751 0.103586 -0.076824
v 0.201648 0.102686 -0.075013
v 0.190232 0.085639 -0.081258
v 0.205766 0.091583 -0.070534
v 0.205135 0.109407 -0.066086
v 0.203921 0.102372 -0.073421
v 0.207211 0.102106 -0.070315
v 0.207771 0.107567 -0.069843
v 0.206828 0.114132 -0.072223
v 0.207004 0.115768 -0.071776
v 0.204968 0.100484 -0.072327
v 0.204512 0.089321 -0.072125
v 0.207793 0.109087 -0.069878
v 0.207623 0.109553 -0.070695
v 0.207497 0.107029 -0.069080
v 0.207513 0.113745 -0.071302
v 0.186777 0.110835 -0.084295
v 0.200873 0.092070 -0.061068
v 0.206687 0.118371 -0.068321
v 0.207085 0.097013 -0.069158
v 0.207778 0.113640 -0.070066
v 0.195307 0.089339 -0.078535
v 0.190849 0.116498 -0.081404
v 0.193580 0.118781 -0.079612
v 0.207463 0.104568 -0.070319
v 0.214889 0.031267 -0.075591
v 0.215659 0.033747 -0.076146
v 0.213656 0.033282 -0.074829
v 0.214121 0.038492 -0.075573
v 0.214992 0.040755 -0.076200
v 0.213840 0.042674 -0.075436
v 0.214993 0.036359 -0.075873
v 0.216000 0.036603 -0.076380
v 0.213344 0.039851 -0.074977
v 0.217416 0.035334 -0.077235
v 0.217085 0.038074 -0.078505
v 0.217366 0.039251 -0.077579
v 0.214208 0.035442 -0.075364
v 0.210992 0.037043 -0.072063
v 0.211232 0.038353 -0.072290
v 0.210615 0.038421 -0.071389
v 0.211553 0.039621 -0.072644
v 0.211861 0.038142 -0.073051
v 0.217428 0.041844 -0.078294
v 0.217426 0.042902 -0.077504
v 0.217467 0.041293 -0.077657
v 0.215821 0.029739 -0.079326
v 0.217123 0.029813 -0.077933
v 0.216769 0.027665 -0.078372
v 0.215170 0.037493 -0.076104
v 0.215315 0.038920 -0.076303
v 0.216924 0.035003 -0.078380
v 0.216043 0.036288 -0.079400
v 0.215448 0.048968 -0.080583
v 0.214792 0.043375 -0.080784
v 0.213337 0.046185 -0.082115
v 0.216802 0.028337 -0.076469
v 0.217447 0.028490 -0.076912
v 0.217067 0.029694 -0.076633
v 0.211847 0.035729 -0.072857
v 0.212152 0.034536 -0.073335
v 0.212178 0.036761 -0.073569
v 0.210754 0.040789 -0.071681
v 0.211643 0.041241 -0.072862
v 0.211202 0.042818 -0.072419
v 0.217435 0.026446 -0.077355
v 0.216043 0.027334 -0.076031
v 0.217033 0.026501 -0.076437
v 0.212751 0.040179 -0.074423
v 0.213846 0.029911 -0.074843
v 0.216741 0.032271 -0.076424
v 0.216881 0.033646 -0.076624
v 0.217365 0.032938 -0.076832
v 0.209704 0.034889 -0.069566
v 0.210798 0.033328 -0.072073
v 0.210483 0.036346 -0.071204
v 0.208828 0.043597 -0.067367
v 0.209760 0.039432 -0.069311
v 0.210087 0.043909 -0.069973
v 0.216754 0.025663 -0.078124
v 0.215853 0.040268 -0.076491
v 0.216231 0.038639 -0.076658
v 0.216467 0.040414 -0.076822
v 0.216479 0.032784 -0.078822
v 0.213742 0.037723 -0.081363
v 0.214572 0.032833 -0.080557
v 0.211897 0.041897 -0.082824
v 0.216299 0.030344 -0.076114
v 0.215194 0.029213 -0.075618
v 0.208186 0.039877 -0.066251
v 0.207160 0.036037 -0.064713
v 0.208593 0.036279 -0.067322
v 0.217206 0.031267 -0.076669
v 0.215754 0.037852 -0.076330
v 0.216282 0.041784 -0.076833
v 0.215505 0.042859 -0.076405
v 0.215764 0.041542 -0.076467
v 0.217307 0.032466 -0.077586
v 0.216940 0.039318 -0.077044
v 0.216988 0.041290 -0.077241
v 0.217011 0.023936 -0.077500
v 0.216982 0.037338 -0.076775
v 0.210734 0.044052 -0.071554
v 0.216759 0.034424 -0.076677
v 0.213060 0.036008 -0.074514
v 0.212893 0.038241 -0.074443
v 0.216635 0.043012 -0.077069
v 0.216133 0.041071 -0.076535
v 0.212413 0.032004 -0.073622
v 0.211316 0.035638 -0.072394
v 0.212303 0.038603 -0.073799
v 0.211995 0.039765 -0.073529
v 0.216316 0.040969 -0.079502
v 0.217060 0.044122 -0.077193
v 0.216537 0.045966 -0.079513
v 0.212345 0.041929 -0.074001
v 0.216679 0.035397 -0.076592
v 0.217411 0.030311 -0.077119
v 0.211739 0.036760 -0.072515
v 0.217193 0.044390 -0.078811
v 0.206475 0.039711 -0.063414
v 0.217415 0.045313 -0.077683
v 0.210019 0.047519 -0.084405
v 0.216278 0.044733 -0.076903
v 0.215171 0.044124 -0.076315
v 0.181830 0.121504 -0.031369
v 0.181090 0.122051 -0.030036
v 0.181962 0.122251 -0.031030
v 0.180984 0.122153 -0.028879
v 0.181722 0.122103 -0.029837
v 0.182441 0.122057 -0.030721
v 0.180145 0.122107 -0.028664
v 0.185502 0.121555 -0.029233
v 0.186262 0.121531 -0.030499
v 0.185722 0.121941 -0.030557
v 0.179235 0.121328 -0.027820
v 0.180652 0.121067 -0.029861
v 0.185190 0.121861 -0.030755
v 0.184616 0.122120 -0.030679
v 0.184703 0.121788 -0.030064
v 0.185892 0.120886 -0.030017
v 0.186935 0.120622 -0.031681
v 0.185031 0.121860 -0.029744
v 0.183485 0.122188 -0.029526
v 0.183489 0.122145 -0.030467
v 0.182638 0.122125 -0.029747
v 0.182940 0.122051 -0.028341
v 0.184223 0.121988 -0.029788
v 0.183902 0.121880 -0.028949
v 0.184474 0.121826 -0.029410
v 0.183973 0.122117 -0.030352
v 0.184169 0.122262 -0.031491
v 0.184540 0.121439 -0.027754
v 0.185058 0.120084 -0.028833
v 0.183738 0.121834 -0.028192
v 0.183445 0.121904 -0.027586
v 0.184010 0.121924 -0.027792
v 0.184475 0.121904 -0.028667
v 0.181748 0.122045 -0.028597
v 0.183172 0.122064 -0.031098
v 0.206232 0.114497 -0.061445
v 0.204960 0.116209 -0.059187
v 0.205208 0.113081 -0.059971
v 0.208770 0.115989 -0.065103
v 0.209552 0.113574 -0.066878
v 0.210195 0.118278 -0.067605
v 0.208789 0.108906 -0.065943
v 0.208096 0.111616 -0.064628
v 0.210590 0.115905 -0.069053
v 0.207406 0.117683 -0.062649
v 0.206137 0.119196 -0.060622
v 0.203821 0.110181 -0.058257
v 0.202872 0.105863 -0.057032
v 0.204059 0.107035 -0.058881
v 0.209649 0.121225 -0.067146
v 0.209119 0.121320 -0.065744
v 0.209736 0.120403 -0.066885
v 0.210476 0.112956 -0.068997
v 0.210317 0.120748 -0.068420
v 0.208945 0.119540 -0.065086
v 0.209330 0.121762 -0.066678
v 0.196351 0.109839 -0.047060
v 0.197182 0.107929 -0.048467
v 0.197762 0.109411 -0.049211
v 0.209658 0.121710 -0.067873
v 0.209010 0.122234 -0.066779
v 0.208699 0.113804 -0.065340
v 0.207973 0.113492 -0.064202
v 0.204659 0.119847 -0.058342
v 0.209918 0.110168 -0.068005
v 0.207451 0.114850 -0.063236
v 0.208770 0.122094 -0.065812
v 0.202384 0.117760 -0.055058
v 0.198201 0.107900 -0.049866
v 0.199062 0.109552 -0.051057
v 0.199135 0.106820 -0.051388
v 0.197821 0.105563 -0.049323
v 0.199166 0.104325 -0.051337
v 0.199060 0.115273 -0.050608
v 0.199917 0.112087 -0.052117
v 0.201162 0.114944 -0.053588
v 0.206364 0.111800 -0.061982
v 0.207039 0.108771 -0.063221
v 0.203142 0.113954 -0.056718
v 0.204234 0.113214 -0.058556
v 0.200096 0.117505 -0.051753
v 0.197245 0.118529 -0.047357
v 0.207840 0.105586 -0.064447
v 0.205534 0.108805 -0.061067
v 0.206153 0.106135 -0.061753
v 0.204796 0.107352 -0.059924
v 0.195305 0.115747 -0.045001
v 0.197078 0.113930 -0.047842
v 0.208244 0.121497 -0.064144
v 0.207349 0.121691 -0.062780
v 0.207674 0.120357 -0.062956
v 0.200379 0.105033 -0.053248
v 0.198095 0.111579 -0.049681
v 0.201886 0.112009 -0.055100
v 0.198601 0.113445 -0.050152
v 0.204771 0.104422 -0.059758
v 0.200114 0.101545 -0.052963
v 0.201710 0.103538 -0.055401
v 0.201126 0.108578 -0.054212
v 0.194173 0.110888 -0.043749
v 0.195289 0.112990 -0.045261
v 0.194353 0.113565 -0.043840
v 0.201475 0.105766 -0.054855
v 0.207117 0.119715 -0.062067
v 0.193309 0.115184 -0.042126
v 0.211149 0.114625 -0.070529
v 0.206791 0.120905 -0.061511
v 0.195108 0.105805 -0.045114
v 0.192740 0.106794 -0.041542
v 0.196593 0.106523 -0.047474
v 0.198194 0.101949 -0.049979
v 0.208493 0.122040 -0.064900
v 0.195361 0.101092 -0.045681
v 0.193714 0.102514 -0.042999
v 0.196697 0.103319 -0.047580
v 0.209095 0.122186 -0.067944
v 0.198233 0.019962 -0.089760
v 0.197581 0.018166 -0.089889
v 0.196315 0.019600 -0.090960
v 0.212099 0.024828 -0.081698
v 0.212698 0.022468 -0.080905
v 0.210555 0.022458 -0.082341
v 0.209863 0.016213 -0.083010
v 0.211955 0.017239 -0.081019
v 0.211784 0.015588 -0.081065
v 0.199154 0.018596 -0.088792
v 0.200996 0.019407 -0.088007
v 0.200325 0.017994 -0.088054
v 0.201564 0.017219 -0.087736
v 0.203050 0.018505 -0.086181
v 0.203409 0.017409 -0.086668
v 0.195439 0.017799 -0.091359
v 0.203478 0.016292 -0.086889
v 0.206341 0.030076 -0.086083
v 0.210706 0.033021 -0.083351
v 0.210043 0.029287 -0.083585
v 0.213866 0.017238 -0.078996
v 0.215092 0.020574 -0.078568
v 0.215202 0.018539 -0.077767
v 0.195195 0.019904 -0.092018
v 0.195010 0.019045 -0.091812
v 0.195837 0.020954 -0.091723
v 0.194394 0.020538 -0.092682
v 0.192328 0.019464 -0.093919
v 0.193018 0.021074 -0.093593
v 0.216198 0.023353 -0.078310
v 0.216159 0.020693 -0.077136
v 0.213751 0.019561 -0.079288
v 0.212542 0.018361 -0.079611
v 0.212785 0.020064 -0.080292
v 0.211827 0.019627 -0.080968
v 0.211977 0.018839 -0.080394
v 0.209137 0.026170 -0.083834
v 0.213097 0.028450 -0.081423
v 0.210941 0.020077 -0.081657
v 0.210374 0.019176 -0.081812
v 0.209375 0.020171 -0.082669
v 0.211062 0.018822 -0.081156
v 0.211303 0.018019 -0.080462
v 0.202609 0.034539 -0.088800
v 0.204973 0.035936 -0.087237
v 0.206357 0.033501 -0.086212
v 0.197913 0.016831 -0.090766
v 0.197282 0.021671 -0.090831
v 0.198202 0.024948 -0.090878
v 0.199643 0.022066 -0.089402
v 0.209850 0.039797 -0.084187
v 0.208993 0.038149 -0.084705
v 0.208662 0.039968 -0.084921
v 0.195656 0.030906 -0.093238
v 0.196969 0.027936 -0.092039
v 0.193630 0.025840 -0.094017
v 0.194932 0.022444 -0.092578
v 0.200289 0.029663 -0.090077
v 0.191505 0.029725 -0.095809
v 0.188420 0.026186 -0.097559
v 0.208649 0.042370 -0.085085
v 0.206718 0.039406 -0.086181
v 0.189729 0.023527 -0.096304
v 0.196949 0.015679 -0.091204
v 0.195078 0.015817 -0.092271
v 0.195959 0.016599 -0.092076
v 0.207080 0.022246 -0.084624
v 0.191851 0.022346 -0.094617
v 0.203358 0.024989 -0.087503
v 0.201479 0.018402 -0.087213
v 0.209810 0.018048 -0.082188
v 0.202985 0.020851 -0.086961
v 0.202454 0.019461 -0.086870
v 0.193907 0.016331 -0.093151
v 0.211897 0.041897 -0.082824
v 0.207711 0.036121 -0.085421
v 0.193931 0.018449 -0.092235
v 0.192783 0.018555 -0.093079
v 0.194064 0.019332 -0.092651
v 0.207035 0.018062 -0.083421
v 0.205537 0.019154 -0.084782
v 0.207398 0.019346 -0.083863
v 0.216754 0.025663 -0.078124
v 0.215629 0.026148 -0.079163
v 0.217011 0.023936 -0.077500
v 0.201763 0.021577 -0.087999
v 0.204157 0.017914 -0.085487
v 0.203862 0.022323 -0.086708
v 0.207820 0.017007 -0.084154
v 0.208043 0.020213 -0.083710
v 0.208437 0.019107 -0.082952
v 0.205524 0.037478 -0.086983
v 0.213742 0.037723 -0.081363
v 0.210747 0.037262 -0.083476
v 0.210019 0.047519 -0.084405
v 0.211873 0.020835 -0.081285
v 0.204735 0.017211 -0.085844
v 0.192958 0.017531 -0.092919
v 0.206840 0.015772 -0.084549
v 0.205000 0.015860 -0.085657
v 0.206932 0.020457 -0.084475
v 0.205620 0.043199 -0.087166
v 0.194393 0.017101 -0.092767
v 0.206370 0.046820 -0.086851
v 0.205633 0.016481 -0.085476
v 0.199894 0.020181 -0.089015
v 0.204132 0.020143 -0.085996
v 0.204824 0.021500 -0.085909
v 0.199547 0.017311 -0.089329
v 0.205802 0.020878 -0.085197
v 0.215078 0.023379 -0.079141
v 0.214033 0.021643 -0.079684
v 0.213922 0.024531 -0.080341
v 0.205234 0.017756 -0.084548
v 0.214572 0.032833 -0.080557
v 0.215821 0.029739 -0.079326
v 0.206131 0.017312 -0.084825
v 0.204619 0.053248 -0.088218
v 0.206193 0.056134 -0.087151
v 0.209212 0.053549 -0.085119
v 0.207238 0.050083 -0.086337
v 0.215151 0.017805 -0.075582
v 0.215253 0.017639 -0.076914
v 0.214803 0.016922 -0.077578
v 0.203037 0.040164 -0.088727
v 0.216769 0.027665 -0.078372
v 0.196315 0.092938 -0.094114
v 0.197114 0.089309 -0.093552
v 0.193235 0.089928 -0.096242
v 0.184717 0.094841 -0.101658
v 0.181945 0.091784 -0.103710
v 0.181987 0.096832 -0.103595
v 0.203613 0.046021 -0.088743
v 0.204959 0.047681 -0.087804
v 0.206370 0.046820 -0.086851
v 0.187562 0.095525 -0.099806
v 0.185502 0.091715 -0.101264
v 0.182902 0.100502 -0.102899
v 0.182264 0.102347 -0.103235
v 0.184849 0.104020 -0.101503
v 0.173194 0.104016 -0.109376
v 0.175142 0.106533 -0.107950
v 0.175447 0.103247 -0.107878
v 0.185800 0.099245 -0.101010
v 0.188659 0.098745 -0.098964
v 0.170714 0.103888 -0.110994
v 0.171740 0.107723 -0.110288
v 0.193682 0.100633 -0.095466
v 0.195345 0.102606 -0.094343
v 0.196404 0.100263 -0.093738
v 0.187992 0.104402 -0.099316
v 0.186716 0.102075 -0.100304
v 0.162860 0.092402 -0.116329
v 0.165748 0.095077 -0.114388
v 0.166902 0.092313 -0.113659
v 0.201876 0.057019 -0.090086
v 0.204619 0.053248 -0.088218
v 0.200561 0.053263 -0.090804
v 0.200131 0.064382 -0.091438
v 0.198398 0.066121 -0.092591
v 0.200614 0.069155 -0.091282
v 0.197398 0.063010 -0.093200
v 0.195247 0.062742 -0.094526
v 0.196426 0.065175 -0.093970
v 0.171676 0.100542 -0.110448
v 0.197371 0.102525 -0.093066
v 0.177960 0.104327 -0.106172
v 0.180451 0.100922 -0.104502
v 0.176934 0.100435 -0.106966
v 0.168211 0.104858 -0.112786
v 0.159112 0.082621 -0.118726
v 0.158343 0.085878 -0.119344
v 0.161326 0.085902 -0.117288
v 0.202716 0.072481 -0.089816
v 0.199899 0.074433 -0.091730
v 0.189130 0.091406 -0.098867
v 0.191132 0.096871 -0.097363
v 0.193000 0.093689 -0.096238
v 0.195751 0.096951 -0.094329
v 0.190389 0.101985 -0.097613
v 0.198053 0.098921 -0.092772
v 0.181435 0.065639 -0.103841
v 0.182636 0.069971 -0.103232
v 0.184629 0.068179 -0.101752
v 0.202582 0.085368 -0.089854
v 0.205842 0.085426 -0.087781
v 0.204404 0.081870 -0.088636
v 0.185230 0.074684 -0.101357
v 0.188102 0.073206 -0.099372
v 0.185880 0.071051 -0.100852
v 0.181312 0.105560 -0.103916
v 0.178046 0.108658 -0.106030
v 0.181732 0.110689 -0.103356
v 0.176151 0.092975 -0.107520
v 0.179025 0.093770 -0.105645
v 0.177821 0.090034 -0.106491
v 0.173966 0.093567 -0.109046
v 0.175031 0.096403 -0.108262
v 0.172913 0.078647 -0.109623
v 0.173660 0.075315 -0.109123
v 0.170016 0.077193 -0.111549
v 0.171219 0.073244 -0.110677
v 0.174568 0.070497 -0.108416
v 0.198611 0.038867 -0.091564
v 0.199099 0.045475 -0.091580
v 0.203037 0.040164 -0.088727
v 0.166172 0.089216 -0.114175
v 0.194601 0.071984 -0.095130
v 0.195908 0.075906 -0.094341
v 0.196928 0.069793 -0.093666
v 0.193245 0.083045 -0.096077
v 0.194737 0.086311 -0.095202
v 0.196424 0.081962 -0.093981
v 0.199739 0.106633 -0.091325
v 0.200516 0.105046 -0.090934
v 0.199462 0.103577 -0.091613
v 0.188073 0.101429 -0.099351
v 0.178451 0.097031 -0.105936
v 0.166546 0.101634 -0.113876
v 0.164549 0.103738 -0.115196
v 0.164739 0.100302 -0.115150
v 0.166616 0.098285 -0.113887
v 0.163244 0.097384 -0.116117
v 0.195400 0.064145 -0.094495
v 0.197186 0.051800 -0.093016
v 0.199828 0.051236 -0.091332
v 0.183889 0.108266 -0.101863
v 0.189376 0.070573 -0.098497
v 0.193220 0.104993 -0.095662
v 0.202278 0.104914 -0.089776
v 0.169049 0.100829 -0.112218
v 0.170399 0.095519 -0.111414
v 0.165605 0.083336 -0.114538
v 0.164969 0.085822 -0.114954
v 0.169672 0.085764 -0.111847
v 0.174571 0.084139 -0.108539
v 0.177655 0.085055 -0.106550
v 0.176806 0.081953 -0.107208
v 0.198398 0.085722 -0.092668
v 0.174156 0.100591 -0.108755
v 0.172837 0.098203 -0.109749
v 0.194956 0.046727 -0.094244
v 0.194024 0.042491 -0.094719
v 0.191139 0.047822 -0.096845
v 0.202179 0.061649 -0.089944
v 0.199036 0.060138 -0.092089
v 0.162673 0.100652 -0.116448
v 0.201656 0.049865 -0.090103
v 0.198901 0.049451 -0.091836
v 0.167659 0.108546 -0.112990
v 0.173449 0.090623 -0.109345
v 0.187345 0.068598 -0.099819
v 0.160627 0.074471 -0.117539
v 0.162579 0.077527 -0.116395
v 0.164498 0.074583 -0.115130
v 0.171593 0.070598 -0.110228
v 0.170636 0.069083 -0.110928
v 0.169305 0.071260 -0.111918
v 0.162775 0.083105 -0.116408
v 0.181951 0.101228 -0.103500
v 0.201968 0.080930 -0.090226
v 0.199460 0.082186 -0.091885
v 0.198719 0.100798 -0.092315
v 0.191493 0.081459 -0.097374
v 0.188093 0.080587 -0.099602
v 0.190192 0.085636 -0.098223
v 0.167194 0.080721 -0.113395
v 0.165933 0.077273 -0.114251
v 0.164363 0.079219 -0.115344
v 0.174926 0.109632 -0.107925
v 0.173534 0.112591 -0.108709
v 0.194895 0.107126 -0.094524
v 0.193108 0.108515 -0.095607
v 0.196618 0.109156 -0.093244
v 0.160575 0.095905 -0.117835
v 0.162787 0.079405 -0.116221
v 0.163814 0.080782 -0.115663
v 0.195313 0.066947 -0.094728
v 0.192966 0.068472 -0.096158
v 0.189375 0.066938 -0.098511
v 0.166058 0.106532 -0.114146
v 0.164184 0.107199 -0.115335
v 0.178912 0.069777 -0.105581
v 0.171316 0.081187 -0.110738
v 0.161521 0.080316 -0.117099
v 0.188307 0.076465 -0.099327
v 0.184510 0.078938 -0.102000
v 0.169775 0.114028 -0.111261
v 0.169975 0.110963 -0.111329
v 0.167187 0.111912 -0.113172
v 0.169403 0.090428 -0.112076
v 0.197982 0.055986 -0.092585
v 0.181826 0.075160 -0.103781
v 0.179749 0.087582 -0.105242
v 0.179990 0.084024 -0.104987
v 0.188167 0.058603 -0.099173
v 0.190961 0.059533 -0.097341
v 0.190824 0.054625 -0.097389
v 0.194316 0.064588 -0.095242
v 0.172431 0.068569 -0.109717
v 0.177333 0.094933 -0.106798
v 0.203650 0.078774 -0.089206
v 0.156705 0.088202 -0.120442
v 0.159515 0.089975 -0.118519
v 0.192163 0.107009 -0.096261
v 0.168014 0.074369 -0.112774
v 0.183341 0.088007 -0.102742
v 0.190821 0.063753 -0.097490
v 0.189240 0.060952 -0.098427
v 0.198238 0.079335 -0.092752
v 0.196599 0.105297 -0.093400
v 0.174691 0.087468 -0.108494
v 0.158534 0.078096 -0.119042
v 0.190615 0.106839 -0.097307
v 0.187437 0.109342 -0.099353
v 0.186360 0.065363 -0.100576
v 0.186166 0.086651 -0.100862
v 0.191856 0.073914 -0.096927
v 0.206193 0.056134 -0.087151
v 0.204378 0.056159 -0.088399
v 0.183168 0.072586 -0.102879
v 0.186107 0.089634 -0.100936
v 0.191058 0.078063 -0.097591
v 0.193401 0.076753 -0.095907
v 0.186211 0.082700 -0.100809
v 0.183105 0.083341 -0.102885
v 0.198468 0.077273 -0.092564
v 0.178005 0.063973 -0.105996
v 0.177106 0.066559 -0.106713
v 0.194760 0.054539 -0.094692
v 0.193496 0.051497 -0.095427
v 0.177877 0.074391 -0.106392
v 0.175705 0.078265 -0.107897
v 0.160072 0.099377 -0.118185
v 0.193169 0.061943 -0.095928
v 0.194833 0.058936 -0.094765
v 0.163080 0.088656 -0.116208
v 0.200013 0.078662 -0.091635
v 0.204687 0.049223 -0.088051
v 0.179774 0.079510 -0.105210
v 0.177044 0.086781 -0.106886
v 0.171349 0.066376 -0.110531
v 0.212561 0.086036 -0.083143
v 0.214171 0.082627 -0.082034
v 0.212818 0.083910 -0.083063
v 0.201770 0.077466 -0.090444
v 0.210396 0.087365 -0.084663
v 0.209831 0.084145 -0.085092
v 0.208305 0.086181 -0.086074
v 0.211828 0.082779 -0.083801
v 0.216425 0.080613 -0.076708
v 0.216730 0.079709 -0.076955
v 0.217033 0.081094 -0.077116
v 0.215332 0.080742 -0.076297
v 0.216569 0.081864 -0.076859
v 0.174156 0.080923 -0.108901
v 0.214371 0.078510 -0.081936
v 0.211925 0.079091 -0.083701
v 0.207377 0.082460 -0.086666
v 0.209381 0.080352 -0.085417
v 0.205620 0.043199 -0.087166
v 0.203019 0.066023 -0.089622
v 0.217411 0.080435 -0.077505
v 0.205976 0.077602 -0.087716
v 0.204864 0.075755 -0.088486
v 0.204953 0.074143 -0.088397
v 0.193711 0.079748 -0.095775
v 0.217545 0.082449 -0.077590
v 0.164702 0.110112 -0.114882
v 0.203578 0.075892 -0.089210
v 0.204672 0.058887 -0.088296
v 0.204606 0.062470 -0.088442
v 0.174990 0.063093 -0.108006
v 0.216735 0.083649 -0.076993
v 0.217526 0.084594 -0.079747
v 0.217542 0.083125 -0.079606
v 0.216562 0.082992 -0.080299
v 0.180606 0.072292 -0.104518
v 0.217678 0.081352 -0.079452
v 0.216466 0.079163 -0.080339
v 0.217671 0.084666 -0.077952
v 0.217910 0.083306 -0.078414
v 0.218034 0.084468 -0.078897
v 0.217940 0.083145 -0.079179
v 0.217789 0.078991 -0.079369
v 0.216100 0.086719 -0.080679
v 0.165686 0.108137 -0.114237
v 0.217995 0.079671 -0.078725
v 0.217932 0.086394 -0.079156
v 0.217043 0.078393 -0.077217
v 0.217890 0.081435 -0.078381
v 0.174231 0.066879 -0.108580
v 0.217702 0.078984 -0.077938
v 0.217851 0.077321 -0.078542
v 0.201952 0.075066 -0.090404
v 0.207032 0.062296 -0.086832
v 0.205893 0.060655 -0.087481
v 0.217580 0.077215 -0.079646
v 0.166383 0.071804 -0.113792
v 0.202910 0.069439 -0.089640
v 0.207238 0.050083 -0.086337
v 0.207927 0.058543 -0.086172
v 0.209966 0.061683 -0.084921
v 0.211592 0.057656 -0.083726
v 0.160730 0.091930 -0.117799
v 0.159689 0.093516 -0.118462
v 0.207042 0.073715 -0.086995
v 0.209325 0.076388 -0.085497
v 0.209212 0.053549 -0.085119
v 0.211542 0.064741 -0.083905
v 0.208385 0.065393 -0.086001
v 0.209383 0.072054 -0.085475
v 0.217523 0.086476 -0.077924
v 0.216869 0.085752 -0.077217
v 0.188714 0.064681 -0.098946
v 0.187878 0.062129 -0.099456
v 0.205763 0.069772 -0.087849
v 0.205608 0.065376 -0.087946
v 0.209201 0.068474 -0.085528
v 0.184113 0.060065 -0.101999
v 0.178769 0.060907 -0.105457
v 0.210002 0.066626 -0.084851
v 0.211730 0.068119 -0.083789
v 0.210559 0.069876 -0.084642
v 0.183523 0.055630 -0.102247
v 0.181235 0.057542 -0.103767
v 0.194750 0.049322 -0.094547
v 0.216012 0.082535 -0.076451
v 0.168319 0.068556 -0.112461
v 0.186090 0.080723 -0.100992
v 0.186427 0.055156 -0.100241
v 0.165879 0.116044 -0.113790
v 0.187798 0.051176 -0.099233
v 0.196932 0.048523 -0.093108
v 0.190888 0.054826 -0.050103
v 0.193686 0.053633 -0.053907
v 0.191441 0.050411 -0.050464
v 0.200254 0.051613 -0.061396
v 0.197346 0.051488 -0.058132
v 0.199202 0.056836 -0.060496
v 0.194596 0.041647 -0.054109
v 0.197392 0.045298 -0.057479
v 0.197465 0.040407 -0.057111
v 0.190830 0.104421 -0.046013
v 0.191411 0.099485 -0.047174
v 0.189806 0.101861 -0.044493
v 0.181320 0.089973 -0.031715
v 0.183212 0.090694 -0.034736
v 0.182246 0.089881 -0.033214
v 0.193732 0.079614 -0.051532
v 0.191417 0.081585 -0.048100
v 0.194061 0.083565 -0.051682
v 0.182093 0.074471 -0.033957
v 0.183953 0.077698 -0.036605
v 0.184522 0.074932 -0.038219
v 0.179868 0.084252 -0.029304
v 0.182211 0.085400 -0.033009
v 0.181002 0.080774 -0.031118
v 0.191279 0.058910 -0.050929
v 0.194636 0.060546 -0.055343
v 0.199228 0.060907 -0.060519
v 0.197360 0.059980 -0.058540
v 0.197809 0.063600 -0.058945
v 0.201515 0.060171 -0.062862
v 0.201329 0.057263 -0.062620
v 0.202853 0.057236 -0.064232
v 0.201641 0.054787 -0.062962
v 0.185462 0.100945 -0.037651
v 0.185320 0.103792 -0.037286
v 0.187808 0.103912 -0.041165
v 0.183060 0.070795 -0.036707
v 0.180401 0.068166 -0.032530
v 0.177860 0.067781 -0.028350
v 0.179849 0.071893 -0.030797
v 0.192059 0.064538 -0.051789
v 0.192257 0.068518 -0.051506
v 0.195135 0.068526 -0.055257
v 0.182434 0.078608 -0.033715
v 0.184436 0.081015 -0.036998
v 0.196254 0.056621 -0.057245
v 0.183772 0.098006 -0.035407
v 0.183094 0.102697 -0.034180
v 0.183489 0.093763 -0.035133
v 0.181275 0.095271 -0.031691
v 0.185014 0.107091 -0.036785
v 0.185012 0.072934 -0.039668
v 0.185953 0.070905 -0.041765
v 0.182590 0.088873 -0.033771
v 0.184160 0.088897 -0.036343
v 0.187020 0.089439 -0.040969
v 0.190348 0.092722 -0.046086
v 0.189102 0.087370 -0.044286
v 0.177569 0.074011 -0.026745
v 0.180310 0.076149 -0.030500
v 0.187099 0.100009 -0.040322
v 0.188676 0.099474 -0.042882
v 0.186997 0.097010 -0.040597
v 0.185829 0.098234 -0.038474
v 0.202627 0.051156 -0.064102
v 0.182890 0.082041 -0.034208
v 0.184587 0.085131 -0.037067
v 0.201349 0.047629 -0.062333
v 0.191506 0.040085 -0.050214
v 0.190951 0.035592 -0.049076
v 0.188509 0.038469 -0.045822
v 0.186779 0.084102 -0.040625
v 0.190861 0.032379 -0.048397
v 0.189157 0.034554 -0.046335
v 0.188449 0.095395 -0.042943
v 0.181173 0.071138 -0.033282
v 0.189591 0.074175 -0.046648
v 0.187770 0.072635 -0.044193
v 0.187007 0.074827 -0.042472
v 0.185703 0.093035 -0.038790
v 0.185274 0.096030 -0.037890
v 0.191044 0.088692 -0.047259
v 0.193257 0.036992 -0.052175
v 0.193468 0.032314 -0.051794
v 0.195105 0.076305 -0.053865
v 0.192164 0.072282 -0.050719
v 0.191878 0.076977 -0.049372
v 0.195550 0.064972 -0.056190
v 0.186510 0.079134 -0.040631
v 0.195664 0.036024 -0.054849
v 0.189696 0.042877 -0.047708
v 0.189192 0.078230 -0.045165
v 0.200454 0.063421 -0.061840
v 0.191966 0.091874 -0.048619
v 0.192023 0.093834 -0.048616
v 0.193683 0.094685 -0.051124
v 0.192553 0.046140 -0.051747
v 0.193961 0.070510 -0.053452
v 0.195910 0.072607 -0.055563
v 0.175538 0.070167 -0.024331
v 0.195195 0.047586 -0.055171
v 0.190367 0.085167 -0.046256
v 0.199156 0.071842 -0.059851
v 0.198272 0.067710 -0.059225
v 0.199416 0.047606 -0.060006
v 0.188842 0.070483 -0.046358
v 0.190264 0.047176 -0.048579
v 0.178809 0.079286 -0.027891
v 0.192142 0.095844 -0.048585
v 0.188988 0.082662 -0.044303
v 0.188692 0.031887 -0.045075
v 0.189879 0.108175 -0.044624
v 0.181223 0.099465 -0.031591
v 0.200973 0.066769 -0.062464
v 0.191808 0.085632 -0.048503
v 0.182109 0.107850 -0.032537
v 0.203304 0.054154 -0.064868
v 0.192832 0.016886 -0.042114
v 0.193978 0.054395 -0.045008
v 0.194141 0.058939 -0.045282
v 0.191317 0.056536 -0.040994
v 0.191671 0.061285 -0.041513
v 0.191858 0.066620 -0.041726
v 0.189804 0.063845 -0.038656
v 0.193683 0.063322 -0.044450
v 0.194350 0.061291 -0.045585
v 0.195513 0.062033 -0.047269
v 0.184495 0.021106 -0.031093
v 0.186273 0.021346 -0.033692
v 0.185681 0.023779 -0.033376
v 0.189621 0.016043 -0.037255
v 0.190680 0.017600 -0.039103
v 0.188362 0.017810 -0.035754
v 0.198708 0.016782 -0.050856
v 0.197486 0.018611 -0.049572
v 0.197443 0.016455 -0.048837
v 0.195751 0.017986 -0.046777
v 0.193626 0.018599 -0.043838
v 0.194479 0.016484 -0.044506
v 0.191529 0.023360 -0.041780
v 0.188506 0.026092 -0.037627
v 0.189618 0.023093 -0.038969
v 0.185337 0.016040 -0.030815
v 0.186829 0.016238 -0.033038
v 0.191658 0.020091 -0.041252
v 0.192856 0.020867 -0.043302
v 0.190242 0.067790 -0.039258
v 0.194192 0.023984 -0.045764
v 0.192486 0.027756 -0.043539
v 0.185841 0.018551 -0.032162
v 0.199389 0.021425 -0.053047
v 0.197820 0.021209 -0.050785
v 0.199546 0.018247 -0.052492
v 0.189475 0.059566 -0.038283
v 0.191599 0.072278 -0.041166
v 0.192999 0.070136 -0.043255
v 0.196829 0.024564 -0.049659
v 0.196069 0.021046 -0.048077
v 0.193510 0.040039 -0.044604
v 0.195557 0.038241 -0.047758
v 0.196271 0.042380 -0.048733
v 0.187655 0.020383 -0.035446
v 0.193746 0.033910 -0.045192
v 0.190725 0.031086 -0.040813
v 0.192821 0.049808 -0.043254
v 0.192134 0.047705 -0.042286
v 0.194475 0.046621 -0.045729
v 0.189161 0.056618 -0.037843
v 0.189389 0.020750 -0.038059
v 0.190468 0.021912 -0.039981
v 0.191460 0.035504 -0.041659
v 0.189774 0.033549 -0.039323
v 0.194307 0.020831 -0.045394
v 0.193252 0.022183 -0.044237
v 0.183635 0.017017 -0.028380
v 0.183666 0.019324 -0.029179
v 0.190674 0.015628 -0.038771
v 0.193716 0.017185 -0.043473
v 0.187436 0.024223 -0.035860
v 0.198457 0.023532 -0.051964
v 0.196344 0.050620 -0.048481
v 0.193916 0.051081 -0.044962
v 0.192254 0.052492 -0.042462
v 0.189674 0.052815 -0.038554
v 0.199584 0.016663 -0.052046
v 0.198819 0.027079 -0.052771
v 0.190147 0.047434 -0.039281
v 0.191609 0.043874 -0.041548
v 0.189383 0.070341 -0.037892
v 0.188387 0.066917 -0.036405
v 0.199565 0.015754 -0.051876
v 0.195985 0.029223 -0.048618
v 0.188068 0.031424 -0.036784
v 0.187796 0.022790 -0.036200
v 0.194361 0.067948 -0.045351
v 0.194519 0.073467 -0.045314
v 0.191314 0.050293 -0.041108
v 0.197001 0.035353 -0.049986
v 0.200405 0.016231 -0.053325
v 0.214201 0.120482 -0.074341
v 0.214814 0.121964 -0.074866
v 0.214053 0.122269 -0.074281
v 0.212047 0.115405 -0.073033
v 0.213092 0.117182 -0.073860
v 0.212127 0.117390 -0.072967
v 0.216219 0.124060 -0.076062
v 0.215700 0.124718 -0.076802
v 0.215498 0.124867 -0.075955
v 0.215373 0.123125 -0.078941
v 0.214175 0.123866 -0.079606
v 0.214924 0.124207 -0.078785
v 0.214813 0.125107 -0.075047
v 0.215376 0.124259 -0.075391
v 0.215358 0.125146 -0.075430
v 0.212788 0.125946 -0.077326
v 0.211958 0.126174 -0.076322
v 0.213397 0.125872 -0.076375
v 0.210205 0.122337 -0.071541
v 0.209693 0.122980 -0.071595
v 0.209518 0.122349 -0.071067
v 0.214315 0.118442 -0.074686
v 0.215365 0.117839 -0.075303
v 0.215234 0.119012 -0.075040
v 0.213876 0.125575 -0.074995
v 0.214082 0.124860 -0.074263
v 0.213307 0.124728 -0.073971
v 0.213073 0.125082 -0.073939
v 0.212845 0.124488 -0.073487
v 0.215869 0.119074 -0.075406
v 0.215886 0.120331 -0.075597
v 0.215524 0.119834 -0.075146
v 0.214730 0.124464 -0.074886
v 0.217263 0.121246 -0.076733
v 0.217296 0.119868 -0.076890
v 0.217058 0.121181 -0.077538
v 0.212077 0.124895 -0.073336
v 0.213434 0.123009 -0.073759
v 0.213247 0.121407 -0.073612
v 0.215796 0.124058 -0.077841
v 0.216232 0.123082 -0.078104
v 0.211957 0.120636 -0.072509
v 0.211619 0.120465 -0.071898
v 0.211854 0.119584 -0.072554
v 0.212082 0.121685 -0.072784
v 0.212481 0.120293 -0.073174
v 0.211321 0.119445 -0.071194
v 0.216312 0.122068 -0.078274
v 0.216654 0.122798 -0.077317
v 0.215330 0.121274 -0.079465
v 0.209826 0.124696 -0.082229
v 0.212406 0.124339 -0.080741
v 0.211038 0.123479 -0.082113
v 0.215905 0.123166 -0.075736
v 0.215113 0.123093 -0.075348
v 0.215744 0.121842 -0.075510
v 0.211949 0.118723 -0.072781
v 0.211647 0.118406 -0.072282
v 0.213880 0.124740 -0.079238
v 0.213641 0.122740 -0.080471
v 0.210393 0.121593 -0.070407
v 0.210132 0.121527 -0.069282
v 0.210775 0.121177 -0.069929
v 0.210590 0.115905 -0.069053
v 0.210958 0.118274 -0.069868
v 0.210195 0.118278 -0.067605
v 0.216978 0.122265 -0.076438
v 0.216641 0.120682 -0.076118
v 0.212418 0.118786 -0.073355
v 0.210893 0.120035 -0.069710
v 0.214222 0.116196 -0.074768
v 0.211206 0.120874 -0.071014
v 0.213486 0.124140 -0.073872
v 0.216485 0.120630 -0.078413
v 0.214074 0.123625 -0.074180
v 0.214511 0.124049 -0.074590
v 0.216421 0.122274 -0.075930
v 0.210999 0.116696 -0.070316
v 0.213210 0.119880 -0.073679
v 0.217177 0.119565 -0.077998
v 0.214747 0.125204 -0.077084
v 0.215137 0.125021 -0.076391
v 0.216565 0.123107 -0.076039
v 0.211669 0.125459 -0.073880
v 0.212537 0.125299 -0.074183
v 0.212469 0.125744 -0.074968
v 0.216292 0.123860 -0.076917
v 0.209324 0.122796 -0.070997
v 0.211236 0.116091 -0.071457
v 0.211149 0.114625 -0.070529
v 0.211443 0.114762 -0.071957
v 0.210317 0.120748 -0.068420
v 0.216724 0.123330 -0.076531
v 0.213426 0.118860 -0.074040
v 0.213246 0.125362 -0.074486
v 0.211262 0.117766 -0.071262
v 0.214832 0.123870 -0.075019
v 0.212894 0.123678 -0.073428
v 0.211633 0.116797 -0.072211
v 0.215220 0.120718 -0.075009
v 0.214909 0.119752 -0.074852
v 0.216332 0.119306 -0.075874
v 0.209658 0.121710 -0.067873
v 0.214790 0.124844 -0.078141
v 0.212608 0.122693 -0.073318
v 0.209049 0.125739 -0.080741
v 0.207898 0.125847 -0.081283
v 0.208755 0.126151 -0.079562
v 0.211651 0.115731 -0.072228
v 0.206575 0.125748 -0.082606
v 0.206778 0.126072 -0.081117
v 0.208112 0.125381 -0.082358
v 0.211588 0.121200 -0.071957
v 0.210663 0.123007 -0.071806
v 0.210332 0.123599 -0.072064
v 0.205217 0.125950 -0.082664
v 0.211377 0.125473 -0.079758
v 0.211036 0.125158 -0.080796
v 0.210306 0.125644 -0.080279
v 0.210040 0.125944 -0.079503
v 0.212064 0.118350 -0.072821
v 0.210917 0.121492 -0.070817
v 0.209767 0.121759 -0.069874
v 0.209648 0.121921 -0.068873
v 0.213905 0.125637 -0.076894
v 0.211001 0.125844 -0.079171
v 0.209184 0.122272 -0.069177
v 0.211208 0.121529 -0.071382
v 0.210741 0.121895 -0.071228
v 0.214511 0.123207 -0.074783
v 0.210948 0.126162 -0.078170
v 0.211479 0.122737 -0.072289
v 0.211401 0.121930 -0.071882
v 0.209942 0.121822 -0.070849
v 0.217097 0.121923 -0.077000
v 0.209364 0.123755 -0.071679
v 0.209760 0.123634 -0.071785
v 0.209979 0.124123 -0.072197
v 0.213366 0.125837 -0.075640
v 0.214595 0.125582 -0.075957
v 0.216056 0.118296 -0.075820
v 0.209685 0.126363 -0.077439
v 0.210999 0.122478 -0.071605
v 0.215279 0.124738 -0.077451
v 0.212032 0.123687 -0.072889
v 0.209478 0.122111 -0.070306
v 0.209231 0.122647 -0.070226
v 0.212126 0.125778 -0.078701
v 0.211142 0.123538 -0.072199
v 0.209601 0.125297 -0.081407
v 0.210722 0.126264 -0.075915
v 0.209370 0.123354 -0.071595
v 0.212549 0.125244 -0.079627
v 0.209033 0.123162 -0.070877
v 0.209254 0.124400 -0.072205
v 0.213592 0.125452 -0.078202
v 0.211587 0.126086 -0.075390
v 0.210589 0.125893 -0.074580
v 0.208795 0.123698 -0.071498
v 0.206931 0.126322 -0.079417
v 0.209095 0.122186 -0.067944
v 0.216794 0.118200 -0.076157
v 0.195553 0.108751 -0.052969
v 0.192564 0.108149 -0.048508
v 0.193445 0.111127 -0.050010
v 0.188275 0.117606 -0.041429
v 0.189694 0.117640 -0.043677
v 0.189782 0.115786 -0.044285
v 0.196720 0.113210 -0.055131
v 0.198291 0.114178 -0.057679
v 0.199141 0.112197 -0.058584
v 0.192850 0.122189 -0.046761
v 0.193822 0.122311 -0.046713
v 0.193896 0.122489 -0.047621
v 0.193788 0.122405 -0.048444
v 0.201721 0.117614 -0.062497
v 0.202409 0.115995 -0.063250
v 0.200851 0.116474 -0.061471
v 0.194473 0.119008 -0.043256
v 0.193313 0.120994 -0.041284
v 0.192563 0.118570 -0.040738
v 0.207944 0.121339 -0.069985
v 0.207406 0.120769 -0.068929
v 0.208002 0.122097 -0.069604
v 0.202035 0.119375 -0.062616
v 0.202811 0.120830 -0.063000
v 0.203843 0.119592 -0.064436
v 0.200967 0.111227 -0.060945
v 0.203122 0.109118 -0.063636
v 0.200862 0.107584 -0.060544
v 0.191411 0.099485 -0.047174
v 0.193903 0.101113 -0.050833
v 0.193195 0.098134 -0.050104
v 0.197458 0.121941 -0.047550
v 0.198343 0.121860 -0.048820
v 0.197726 0.122213 -0.048558
v 0.194161 0.122222 -0.043952
v 0.194907 0.122085 -0.043891
v 0.195514 0.122196 -0.045664
v 0.193284 0.122389 -0.044943
v 0.192588 0.122336 -0.045348
v 0.206230 0.121247 -0.066775
v 0.206687 0.118371 -0.068321
v 0.205348 0.119754 -0.066129
v 0.194532 0.122387 -0.046400
v 0.194899 0.122334 -0.047837
v 0.198880 0.117564 -0.058858
v 0.200335 0.118760 -0.060742
v 0.195839 0.120910 -0.044679
v 0.196992 0.121368 -0.046462
v 0.195999 0.122000 -0.045186
v 0.199999 0.110003 -0.059453
v 0.198551 0.109187 -0.057297
v 0.198855 0.104827 -0.057741
v 0.197520 0.106686 -0.055641
v 0.193622 0.104294 -0.050075
v 0.197029 0.121981 -0.046644
v 0.196914 0.122183 -0.047019
v 0.193026 0.122143 -0.041091
v 0.193953 0.122041 -0.042174
v 0.193313 0.122279 -0.042024
v 0.199611 0.114567 -0.059688
v 0.204328 0.112409 -0.065160
v 0.202231 0.113537 -0.062788
v 0.198085 0.120877 -0.048392
v 0.207924 0.122781 -0.068817
v 0.207442 0.122090 -0.068364
v 0.206986 0.122741 -0.067079
v 0.198834 0.119948 -0.058529
v 0.196198 0.103441 -0.054005
v 0.194493 0.121821 -0.049973
v 0.194795 0.122688 -0.049696
v 0.196388 0.122231 -0.046827
v 0.196897 0.122295 -0.047886
v 0.196002 0.122445 -0.047230
v 0.197650 0.122432 -0.049736
v 0.196843 0.122714 -0.049615
v 0.197271 0.122514 -0.048962
v 0.195943 0.122588 -0.048348
v 0.195365 0.122425 -0.047299
v 0.193166 0.122283 -0.042796
v 0.193419 0.122383 -0.043874
v 0.194374 0.122322 -0.045181
v 0.195215 0.122454 -0.046381
v 0.194685 0.112582 -0.051996
v 0.194933 0.114727 -0.052432
v 0.203953 0.121272 -0.063944
v 0.204632 0.120742 -0.064975
v 0.192965 0.114316 -0.049444
v 0.193771 0.120164 -0.049416
v 0.193269 0.121294 -0.047963
v 0.197658 0.116068 -0.056990
v 0.207962 0.120320 -0.070706
v 0.200552 0.121023 -0.060526
v 0.193354 0.122121 -0.047745
v 0.191759 0.122161 -0.045108
v 0.192456 0.122352 -0.045802
v 0.196999 0.118708 -0.055835
v 0.191166 0.111498 -0.046779
v 0.191022 0.114187 -0.046435
v 0.203568 0.114954 -0.064449
v 0.204897 0.115028 -0.065953
v 0.197245 0.118529 -0.047357
v 0.205191 0.117610 -0.066244
v 0.203436 0.117228 -0.064330
v 0.195305 0.115747 -0.045001
v 0.191866 0.122404 -0.042705
v 0.196131 0.120233 -0.054028
v 0.197653 0.121432 -0.056220
v 0.190830 0.104421 -0.046013
v 0.193903 0.122173 -0.042911
v 0.196555 0.122173 -0.046212
v 0.192538 0.122289 -0.041659
v 0.193683 0.094685 -0.051124
v 0.192142 0.095844 -0.048585
v 0.196603 0.097881 -0.055213
v 0.194761 0.099217 -0.052439
v 0.196647 0.122536 -0.048628
v 0.194557 0.121223 -0.042905
v 0.195246 0.118499 -0.052825
v 0.206367 0.115409 -0.068004
v 0.195637 0.122614 -0.049463
v 0.196875 0.122704 -0.051076
v 0.190135 0.119215 -0.043851
v 0.196325 0.121828 -0.053561
v 0.191793 0.116484 -0.047117
v 0.194599 0.122453 -0.048514
v 0.194321 0.122340 -0.047741
v 0.195861 0.116405 -0.054060
v 0.193606 0.117960 -0.049877
v 0.189879 0.108175 -0.044624
v 0.188842 0.111603 -0.043272
v 0.205505 0.122195 -0.065269
v 0.205273 0.121250 -0.065472
v 0.201771 0.120838 -0.061869
v 0.196354 0.122473 -0.048090
v 0.190923 0.118096 -0.045354
v 0.194900 0.120469 -0.051607
v 0.190227 0.121869 -0.042999
v 0.190997 0.121065 -0.044341
v 0.191932 0.121613 -0.045602
v 0.197291 0.122634 -0.054873
v 0.189269 0.120240 -0.042086
v 0.204779 0.121796 -0.064606
v 0.189748 0.113317 -0.044672
v 0.191858 0.120467 -0.045953
v 0.192572 0.119234 -0.047570
v 0.206966 0.121771 -0.067679
v 0.188346 0.114374 -0.042292
v 0.208350 0.122759 -0.069927
v 0.194418 0.116527 -0.051540
v 0.195418 0.122077 -0.051703
v 0.197892 0.101599 -0.056638
v 0.196022 0.122714 -0.052614
v 0.195674 0.122887 -0.051715
v 0.197906 0.122202 -0.049369
v 0.195108 0.122612 -0.050839
v 0.192353 0.122284 -0.044286
v 0.193309 0.115184 -0.042126
v 0.196725 0.122955 -0.053557
v 0.208623 0.122964 -0.069044
v 0.208477 0.123096 -0.069866
v 0.207710 0.123217 -0.067830
v 0.206177 0.122587 -0.065835
v 0.195797 0.122858 -0.050825
v 0.196549 0.123054 -0.052290
v 0.207395 0.123393 -0.066823
v 0.207599 0.119231 -0.069692
v 0.177349 0.041855 -0.029177
v 0.176513 0.035298 -0.026897
v 0.175315 0.039855 -0.025535
v 0.173204 0.041229 -0.022282
v 0.173101 0.045096 -0.022527
v 0.174872 0.042695 -0.025268
v 0.159920 0.044591 0.000320
v 0.161936 0.043195 -0.003393
v 0.160625 0.041424 -0.001506
v 0.165075 0.041610 -0.008868
v 0.166815 0.040520 -0.011602
v 0.164607 0.039004 -0.008532
v 0.170862 0.043075 -0.018376
v 0.171891 0.039355 -0.019676
v 0.182722 0.035792 -0.036601
v 0.180053 0.033871 -0.032504
v 0.179643 0.038558 -0.032440
v 0.180401 0.068166 -0.032530
v 0.183060 0.070795 -0.036707
v 0.182067 0.065364 -0.035942
v 0.188842 0.070483 -0.046358
v 0.186595 0.066990 -0.043534
v 0.185953 0.070905 -0.041765
v 0.167632 0.016879 -0.015811
v 0.168491 0.016581 -0.017046
v 0.167447 0.016442 -0.016795
v 0.159154 0.040893 0.000749
v 0.157412 0.039126 0.002851
v 0.157966 0.041960 0.002786
v 0.161719 0.040532 -0.003632
v 0.189696 0.042877 -0.047708
v 0.188509 0.038469 -0.045822
v 0.186871 0.042664 -0.043371
v 0.170654 0.017400 -0.017848
v 0.171985 0.017935 -0.019055
v 0.171337 0.017024 -0.019673
v 0.176974 0.062881 -0.027474
v 0.176733 0.057876 -0.027317
v 0.174984 0.061717 -0.024210
v 0.171214 0.018389 -0.017636
v 0.169991 0.018009 -0.016526
v 0.169956 0.069550 -0.015794
v 0.170785 0.064169 -0.017245
v 0.168065 0.065185 -0.012970
v 0.163619 0.048969 -0.005974
v 0.162956 0.054807 -0.005295
v 0.164949 0.052506 -0.008473
v 0.179258 0.062629 -0.031325
v 0.177860 0.067781 -0.028350
v 0.188766 0.051463 -0.046579
v 0.187013 0.056752 -0.044351
v 0.189155 0.056951 -0.047714
v 0.173514 0.049484 -0.023083
v 0.175854 0.046194 -0.026977
v 0.172891 0.070260 -0.020216
v 0.171713 0.067546 -0.018572
v 0.165084 0.044948 -0.008551
v 0.168011 0.045679 -0.013428
v 0.188332 0.046028 -0.045679
v 0.170142 0.026506 -0.015977
v 0.169100 0.025213 -0.014467
v 0.167807 0.026531 -0.013033
v 0.169387 0.018693 -0.015449
v 0.170521 0.018870 -0.016540
v 0.183077 0.044382 -0.037673
v 0.185489 0.040045 -0.041171
v 0.155137 0.052352 0.007276
v 0.158031 0.048622 0.003219
v 0.154947 0.045671 0.007192
v 0.170101 0.019780 -0.015712
v 0.179502 0.056515 -0.031894
v 0.157499 0.044462 0.003817
v 0.170765 0.023716 -0.016185
v 0.171007 0.021208 -0.016373
v 0.172443 0.022086 -0.018388
v 0.167864 0.021653 -0.012919
v 0.169252 0.020879 -0.014491
v 0.167680 0.020304 -0.013015
v 0.169117 0.060980 -0.014738
v 0.166900 0.059755 -0.011424
v 0.174346 0.057480 -0.023411
v 0.156098 0.041394 0.005364
v 0.163503 0.041709 -0.006350
v 0.185775 0.048180 -0.041665
v 0.168618 0.019525 -0.014294
v 0.160936 0.050522 -0.001278
v 0.172606 0.020321 -0.018733
v 0.174671 0.053616 -0.024389
v 0.177289 0.051661 -0.028855
v 0.171624 0.025326 -0.017709
v 0.170737 0.058628 -0.017296
v 0.170302 0.053787 -0.017002
v 0.168868 0.057230 -0.014460
v 0.185555 0.053319 -0.041695
v 0.169514 0.040216 -0.015715
v 0.184343 0.063559 -0.040053
v 0.184289 0.067709 -0.039550
v 0.169098 0.017170 -0.016572
v 0.167537 0.023777 -0.012548
v 0.179247 0.046406 -0.032173
v 0.172365 0.055283 -0.020326
v 0.166479 0.035745 -0.011648
v 0.163328 0.035082 -0.007380
v 0.162053 0.058750 -0.003766
v 0.160548 0.056588 -0.001221
v 0.172348 0.018982 -0.018818
v 0.169200 0.034432 -0.015452
v 0.167947 0.032018 -0.013834
v 0.171398 0.036047 -0.018506
v 0.171589 0.031457 -0.018775
v 0.169764 0.016667 -0.018149
v 0.166084 0.029167 -0.011244
v 0.164086 0.024948 -0.008280
v 0.163427 0.029017 -0.007816
v 0.173774 0.037310 -0.022408
v 0.181877 0.059924 -0.035825
v 0.184621 0.057945 -0.040472
v 0.172784 0.060340 -0.020559
v 0.173331 0.065318 -0.021284
v 0.161999 0.046650 -0.003132
v 0.182136 0.052208 -0.036279
v 0.165786 0.048941 -0.009756
v 0.162303 0.038109 -0.005182
v 0.159815 0.038288 -0.001125
v 0.186011 0.035959 -0.041633
v 0.182966 0.039496 -0.037387
v 0.164723 0.032304 -0.009548
v 0.161363 0.031382 -0.004910
v 0.158219 0.054478 0.002845
v 0.180479 0.042382 -0.033925
v 0.174392 0.068084 -0.022723
v 0.169442 0.022249 -0.014533
v 0.167589 0.052784 -0.012671
v 0.170497 0.048648 -0.017849
v 0.160429 0.035098 -0.002999
v 0.171930 0.051503 -0.020147
v 0.168838 0.037313 -0.014648
v 0.182955 0.032794 -0.036444
v 0.169223 0.029044 -0.015246
v 0.172957 0.024313 -0.019556
v 0.171411 0.019529 -0.017252
v 0.185686 0.032257 -0.040363
v 0.174271 0.075994 -0.021719
v 0.177569 0.074011 -0.026745
v 0.175538 0.070167 -0.024331
v 0.163324 0.045063 -0.005561
v 0.168878 0.017861 -0.015587
v 0.167891 0.018231 -0.014336
v 0.169978 0.016480 -0.019953
v 0.175468 0.065937 -0.024699
v 0.189157 0.034554 -0.046335
v 0.165110 0.064993 -0.008088
v 0.189528 0.066992 -0.047947
v 0.190888 0.054826 -0.050103
v 0.192059 0.064538 -0.051789
v 0.187852 0.061893 -0.045907
v 0.191441 0.050411 -0.050464
v 0.173033 0.052114 -0.021856
v 0.191279 0.058910 -0.050929
v 0.172022 0.027357 -0.018829
v 0.165319 0.055776 -0.009114
v 0.192257 0.068518 -0.051506
v 0.152730 0.048486 0.010448
v 0.164108 0.059441 -0.007057
v 0.190598 0.069524 -0.049101
v 0.190264 0.047176 -0.048579
v 0.188692 0.031887 -0.045075
v 0.192164 0.072282 -0.050719
v 0.188628 0.027720 -0.043657
v 0.130250 0.016533 -0.010082
v 0.127807 0.016535 -0.013548
v 0.126014 0.016345 -0.009376
v 0.144667 0.016643 -0.015260
v 0.143141 0.016750 -0.018419
v 0.140906 0.016643 -0.017219
v 0.144595 0.016985 -0.023381
v 0.145679 0.017091 -0.027085
v 0.141727 0.016775 -0.025660
v 0.151315 0.017393 -0.024623
v 0.150499 0.017154 -0.021342
v 0.154335 0.017226 -0.022384
v 0.114853 0.016322 -0.027506
v 0.110047 0.016255 -0.025048
v 0.114932 0.016312 -0.023429
v 0.165605 0.016197 -0.020768
v 0.164004 0.016219 -0.018153
v 0.166333 0.016196 -0.017750
v 0.110912 0.016275 -0.029571
v 0.116223 0.016322 -0.031630
v 0.111724 0.016224 -0.034438
v 0.139068 0.016557 -0.013515
v 0.122387 0.016338 -0.014597
v 0.123863 0.016353 -0.012707
v 0.124954 0.016424 -0.016824
v 0.142595 0.016563 -0.011104
v 0.144615 0.016580 -0.007954
v 0.146183 0.016599 -0.011711
v 0.128380 0.016328 -0.006629
v 0.143010 0.016847 -0.029701
v 0.105638 0.016119 -0.007964
v 0.109411 0.016210 -0.004994
v 0.111702 0.016192 -0.008881
v 0.117961 0.016353 -0.040193
v 0.114613 0.016331 -0.039153
v 0.117625 0.016355 -0.036360
v 0.119278 0.016439 -0.029104
v 0.121326 0.016459 -0.025887
v 0.123985 0.016654 -0.029065
v 0.168091 0.016223 -0.020166
v 0.127479 0.016615 -0.041397
v 0.124077 0.016401 -0.042078
v 0.125949 0.016545 -0.037329
v 0.165861 0.016662 -0.015000
v 0.167632 0.016879 -0.015811
v 0.167447 0.016442 -0.016795
v 0.169978 0.016480 -0.019953
v 0.168435 0.016249 -0.018278
v 0.163585 0.016395 -0.015361
v 0.161290 0.016386 -0.017150
v 0.160280 0.016397 -0.013825
v 0.122150 0.016182 -0.008436
v 0.130855 0.016719 -0.035418
v 0.126654 0.016646 -0.033684
v 0.124790 0.016110 -0.004881
v 0.115043 0.016172 0.005077
v 0.118269 0.016227 0.002176
v 0.114212 0.016282 0.000129
v 0.115820 0.016262 -0.043903
v 0.109679 0.016214 -0.020015
v 0.104770 0.016168 -0.022540
v 0.117834 0.016401 -0.026251
v 0.168491 0.016581 -0.017046
v 0.105790 0.016108 -0.030992
v 0.128890 0.016728 -0.031742
v 0.131710 0.016391 -0.006317
v 0.128866 0.016265 -0.003354
v 0.143698 0.017046 -0.033955
v 0.145153 0.017020 -0.030346
v 0.120541 0.016228 -0.043738
v 0.147843 0.017202 -0.023786
v 0.107046 0.016022 -0.035997
v 0.140677 0.016741 -0.032578
v 0.106474 0.015872 -0.039867
v 0.139196 0.016452 -0.007572
v 0.126273 0.016544 -0.020518
v 0.129049 0.016539 -0.018513
v 0.108120 0.016193 -0.011979
v 0.109244 0.016244 -0.015627
v 0.136071 0.016622 -0.031241
v 0.135789 0.016579 -0.028209
v 0.139277 0.016603 -0.029263
v 0.169764 0.016667 -0.018149
v 0.112023 0.016199 -0.013373
v 0.115866 0.016091 -0.012320
v 0.114821 0.016188 -0.017676
v 0.106496 0.016137 -0.026696
v 0.138508 0.016639 -0.032175
v 0.135992 0.016511 -0.010221
v 0.135242 0.016411 -0.006327
v 0.110369 0.016146 -0.039004
v 0.123208 0.016394 -0.019946
v 0.119752 0.016235 -0.021270
v 0.121172 0.016251 -0.017142
v 0.131007 0.016864 -0.039932
v 0.128693 0.016709 -0.038459
v 0.108659 0.016057 -0.042167
v 0.141478 0.016785 -0.021134
v 0.146292 0.016931 -0.019794
v 0.150186 0.016494 -0.010522
v 0.120153 0.016182 -0.012690
v 0.116842 0.016311 -0.002401
v 0.113279 0.016298 -0.003951
v 0.118534 0.016161 -0.018027
v 0.105620 0.016105 -0.002381
v 0.111365 0.016140 0.003347
v 0.136834 0.016715 -0.033622
v 0.134459 0.016681 -0.033308
v 0.126059 0.016722 -0.031158
v 0.140071 0.017024 -0.035887
v 0.138601 0.016772 -0.034126
v 0.135940 0.016912 -0.035956
v 0.137628 0.017198 -0.038881
v 0.137406 0.016594 -0.024239
v 0.132314 0.016686 -0.030388
v 0.157879 0.016550 -0.015840
v 0.117741 0.016123 -0.007338
v 0.120620 0.016195 -0.002360
v 0.134395 0.017006 -0.038770
v 0.122105 0.016543 -0.033351
v 0.133179 0.016650 -0.025877
v 0.133331 0.016598 -0.021072
v 0.133427 0.016482 -0.009479
v 0.130907 0.016807 -0.027155
v 0.128985 0.016704 -0.023991
v 0.133364 0.016530 -0.014393
v 0.128211 0.016844 -0.028526
v 0.163626 0.016427 -0.022245
v 0.162532 0.016375 -0.020025
v 0.125462 0.016716 -0.026165
v 0.137274 0.016573 -0.018586
v 0.121389 0.016341 -0.038615
v 0.148926 0.017372 -0.026754
v 0.152084 0.016774 -0.016768
v 0.148492 0.016613 -0.013619
v 0.124427 0.016543 -0.023116
v 0.111986 0.016255 -0.042283
v 0.110316 0.016206 -0.001200
v 0.118487 0.016380 -0.024385
v 0.156057 0.016304 -0.011593
v 0.158120 0.016765 -0.019598
v 0.161067 0.016729 -0.022720
v 0.158064 0.017046 -0.023165
v 0.118208 0.016166 -0.015617
v 0.121114 0.016116 -0.005744
v 0.107157 0.016073 0.002391
v 0.200483 0.122566 -0.054678
v 0.200637 0.122384 -0.053942
v 0.200746 0.122468 -0.054348
v 0.205260 0.121980 -0.059480
v 0.205448 0.122237 -0.060121
v 0.204803 0.122389 -0.059775
v 0.201896 0.122385 -0.056095
v 0.202284 0.122438 -0.056759
v 0.201491 0.122591 -0.056510
v 0.202196 0.122018 -0.054566
v 0.203008 0.122007 -0.055816
v 0.202307 0.122271 -0.055096
v 0.204749 0.122438 -0.060667
v 0.205331 0.122343 -0.061614
v 0.204485 0.122775 -0.061614
v 0.200950 0.120080 -0.052677
v 0.200747 0.121750 -0.052333
v 0.199360 0.121492 -0.050328
v 0.207831 0.122888 -0.065353
v 0.208063 0.122490 -0.065073
v 0.208311 0.122560 -0.065942
v 0.205835 0.120436 -0.060232
v 0.204659 0.119847 -0.058342
v 0.206137 0.119196 -0.060622
v 0.202551 0.122528 -0.057844
v 0.203014 0.122358 -0.057180
v 0.203337 0.122302 -0.058117
v 0.201385 0.122415 -0.055446
v 0.200740 0.122859 -0.055855
v 0.198789 0.122239 -0.050333
v 0.198168 0.122249 -0.050012
v 0.198565 0.122108 -0.049608
v 0.207072 0.122691 -0.063814
v 0.207502 0.122220 -0.063500
v 0.207824 0.122338 -0.064269
v 0.198343 0.121860 -0.048820
v 0.208493 0.122040 -0.064900
v 0.206604 0.123083 -0.064432
v 0.206282 0.122908 -0.063296
v 0.198001 0.122497 -0.050710
v 0.199386 0.122248 -0.051259
v 0.198823 0.122450 -0.051757
v 0.208497 0.122589 -0.066891
v 0.209010 0.122234 -0.066779
v 0.204683 0.122240 -0.058974
v 0.204863 0.121432 -0.058691
v 0.203786 0.122189 -0.057915
v 0.203600 0.122177 -0.057457
v 0.198031 0.122648 -0.051863
v 0.209184 0.122272 -0.069177
v 0.208531 0.122626 -0.067831
v 0.209095 0.122186 -0.067944
v 0.199705 0.122995 -0.055131
v 0.199529 0.123328 -0.055768
v 0.198899 0.123316 -0.055427
v 0.202635 0.123078 -0.059510
v 0.202343 0.123338 -0.060117
v 0.201949 0.123467 -0.059625
v 0.204910 0.122793 -0.062302
v 0.204425 0.121876 -0.058171
v 0.203930 0.121336 -0.057329
v 0.201716 0.122284 -0.054863
v 0.202256 0.122454 -0.055708
v 0.205783 0.121528 -0.060186
v 0.202384 0.120895 -0.054809
v 0.201430 0.122091 -0.053640
v 0.200242 0.122344 -0.052929
v 0.199745 0.122310 -0.052155
v 0.207703 0.123153 -0.066562
v 0.207788 0.122943 -0.066045
v 0.208041 0.122823 -0.066936
v 0.200096 0.117505 -0.051753
v 0.200660 0.118954 -0.052359
v 0.199439 0.119695 -0.050557
v 0.201052 0.122355 -0.054551
v 0.202384 0.117760 -0.055058
v 0.198085 0.120877 -0.048392
v 0.202824 0.122659 -0.058720
v 0.203547 0.122553 -0.059231
v 0.202939 0.123233 -0.060535
v 0.197245 0.118529 -0.047357
v 0.206519 0.122069 -0.061777
v 0.206791 0.120905 -0.061511
v 0.207482 0.122919 -0.064613
v 0.207239 0.123152 -0.065264
v 0.208770 0.122094 -0.065812
v 0.201350 0.122301 -0.054153
v 0.198676 0.122718 -0.052515
v 0.199464 0.122650 -0.053630
v 0.199417 0.122523 -0.052589
v 0.196843 0.122714 -0.049615
v 0.197650 0.122432 -0.049736
v 0.204238 0.122288 -0.059506
v 0.205969 0.122369 -0.061934
v 0.206294 0.122573 -0.062474
v 0.200103 0.123327 -0.056245
v 0.197906 0.122202 -0.049369
v 0.199356 0.123555 -0.056402
v 0.200106 0.123575 -0.057186
v 0.198149 0.122107 -0.049057
v 0.206820 0.122416 -0.062904
v 0.205690 0.122632 -0.062454
v 0.202892 0.123048 -0.061728
v 0.203271 0.122302 -0.062723
v 0.202055 0.121930 -0.061752
v 0.201051 0.123726 -0.059807
v 0.200364 0.123568 -0.059277
v 0.200662 0.123785 -0.058775
v 0.197743 0.123237 -0.055179
v 0.198269 0.123088 -0.056321
v 0.197291 0.122634 -0.054873
v 0.204534 0.122967 -0.062891
v 0.204348 0.122510 -0.063587
v 0.203923 0.122875 -0.062881
v 0.200227 0.122763 -0.059417
v 0.196725 0.122955 -0.053557
v 0.196549 0.123054 -0.052290
v 0.197132 0.123098 -0.053117
v 0.204187 0.122901 -0.062315
v 0.198673 0.123555 -0.056065
v 0.198243 0.123497 -0.055514
v 0.199919 0.123473 -0.058576
v 0.200090 0.123773 -0.058007
v 0.205505 0.122195 -0.065269
v 0.205141 0.122784 -0.064272
v 0.205852 0.123071 -0.064858
v 0.200668 0.123548 -0.058021
v 0.197653 0.121432 -0.056220
v 0.208623 0.122964 -0.069044
v 0.207299 0.123357 -0.065985
v 0.206572 0.123329 -0.065608
v 0.200552 0.121023 -0.060526
v 0.199173 0.121612 -0.058472
v 0.197778 0.122832 -0.052979
v 0.208244 0.121497 -0.064144
v 0.198834 0.119948 -0.058529
v 0.202811 0.120830 -0.063000
v 0.201771 0.120838 -0.061869
v 0.199313 0.123562 -0.057352
v 0.197363 0.123230 -0.054418
v 0.197385 0.123223 -0.053712
v 0.199034 0.122654 -0.057725
v 0.201224 0.122728 -0.060637
v 0.203660 0.123123 -0.061875
v 0.203641 0.122939 -0.062491
v 0.203285 0.122929 -0.062320
v 0.196325 0.121828 -0.053561
v 0.198032 0.123259 -0.054530
v 0.203800 0.122953 -0.061075
v 0.202099 0.123068 -0.061220
v 0.201935 0.123544 -0.060539
v 0.203953 0.121272 -0.063944
v 0.204779 0.121796 -0.064606
v 0.198783 0.123630 -0.056596
v 0.206177 0.122587 -0.065835
v 0.198735 0.122931 -0.054358
v 0.201353 0.123379 -0.058557
v 0.206986 0.122741 -0.067079
v 0.205243 0.122945 -0.063240
v 0.197726 0.122213 -0.048558
v 0.205769 0.123111 -0.063976
v 0.204032 0.122482 -0.060111
v 0.207999 0.123059 -0.067429
v 0.196875 0.122704 -0.051076
v 0.200911 0.123233 -0.057121
v 0.205893 0.122238 -0.061192
v 0.202162 0.123044 -0.058673
v 0.203995 0.121961 -0.057689
v 0.204094 0.122291 -0.058327
v 0.203612 0.121942 -0.056932
v 0.205526 0.122212 -0.060736
v 0.207395 0.123393 -0.066823
v 0.206916 0.123398 -0.066318
v 0.207710 0.123217 -0.067830
v 0.201819 0.122782 -0.057615
v 0.202867 0.122445 -0.056376
v 0.203355 0.122272 -0.056733
v 0.207349 0.121691 -0.062780
v 0.212015 0.028417 -0.073017
v 0.211219 0.028717 -0.072397
v 0.211855 0.027060 -0.072642
v 0.212975 0.023058 -0.074205
v 0.212354 0.023225 -0.073725
v 0.212704 0.022052 -0.073952
v 0.210798 0.033328 -0.072073
v 0.210876 0.030634 -0.072025
v 0.211737 0.031144 -0.072789
v 0.203655 0.038987 -0.059376
v 0.205056 0.036374 -0.061359
v 0.205007 0.040008 -0.061281
v 0.210903 0.026461 -0.071844
v 0.210544 0.027991 -0.071518
v 0.210359 0.025653 -0.071054
v 0.213526 0.020327 -0.074136
v 0.213465 0.021749 -0.074385
v 0.212968 0.020973 -0.073858
v 0.214138 0.020459 -0.074833
v 0.214706 0.021763 -0.075392
v 0.214215 0.022329 -0.074989
v 0.213846 0.029911 -0.074843
v 0.214782 0.027403 -0.075496
v 0.215194 0.029213 -0.075618
v 0.215795 0.020998 -0.075860
v 0.216213 0.022940 -0.075829
v 0.215393 0.022260 -0.075713
v 0.211576 0.026145 -0.072203
v 0.211981 0.024612 -0.072767
v 0.213511 0.024236 -0.074756
v 0.212739 0.024209 -0.073992
v 0.212569 0.026199 -0.073703
v 0.212401 0.024567 -0.073556
v 0.211769 0.029873 -0.072748
v 0.212546 0.029331 -0.073681
v 0.215151 0.017805 -0.075582
v 0.216159 0.020693 -0.077136
v 0.213634 0.027161 -0.074639
v 0.216312 0.024793 -0.076028
v 0.215702 0.023697 -0.075767
v 0.214978 0.020880 -0.075609
v 0.211226 0.022134 -0.072016
v 0.211387 0.020599 -0.071782
v 0.211571 0.020706 -0.072615
v 0.202800 0.035943 -0.058359
v 0.211171 0.025157 -0.072040
v 0.210925 0.023935 -0.071804
v 0.214754 0.023507 -0.075523
v 0.212176 0.020024 -0.072929
v 0.212030 0.021735 -0.073209
v 0.215352 0.025313 -0.075876
v 0.214409 0.025459 -0.075408
v 0.211506 0.024180 -0.072228
v 0.213061 0.019658 -0.073311
v 0.212413 0.032004 -0.073622
v 0.210356 0.029519 -0.071061
v 0.209442 0.028207 -0.069467
v 0.213609 0.019128 -0.074081
v 0.213935 0.017961 -0.074305
v 0.211632 0.023204 -0.072370
v 0.209922 0.031409 -0.070178
v 0.211147 0.027363 -0.072272
v 0.211835 0.019642 -0.072348
v 0.217025 0.023671 -0.076432
v 0.209197 0.024623 -0.068690
v 0.208054 0.031743 -0.066683
v 0.214322 0.016392 -0.074142
v 0.210375 0.023415 -0.070812
v 0.207755 0.027158 -0.066333
v 0.212590 0.019096 -0.072546
v 0.209704 0.034889 -0.069566
v 0.208593 0.036279 -0.067322
v 0.210772 0.021601 -0.070876
v 0.217435 0.026446 -0.077355
v 0.217011 0.023936 -0.077500
v 0.216043 0.027334 -0.076031
v 0.217033 0.026501 -0.076437
v 0.201409 0.039850 -0.056268
v 0.205362 0.028706 -0.062501
v 0.214726 0.019472 -0.075440
v 0.213382 0.018280 -0.073291
v 0.210680 0.029319 -0.071880
v 0.207160 0.036037 -0.064713
v 0.206013 0.032795 -0.063176
v 0.206475 0.039711 -0.063414
v 0.205435 0.073664 -0.068696
v 0.205425 0.074739 -0.069245
v 0.205515 0.073867 -0.069538
v 0.205268 0.072042 -0.068169
v 0.204696 0.074057 -0.067477
v 0.205545 0.076392 -0.069247
v 0.205408 0.075638 -0.069318
v 0.205192 0.075427 -0.068417
v 0.205173 0.074290 -0.070109
v 0.205084 0.075735 -0.070100
v 0.205542 0.072607 -0.069775
v 0.205898 0.070446 -0.069191
v 0.205244 0.076717 -0.068230
v 0.204717 0.075888 -0.067333
v 0.204798 0.077340 -0.067272
v 0.205177 0.069474 -0.067876
v 0.203584 0.075927 -0.065389
v 0.204429 0.074076 -0.071049
v 0.204552 0.065292 -0.066895
v 0.203645 0.067980 -0.065688
v 0.205224 0.067129 -0.067926
v 0.205187 0.074499 -0.068424
v 0.205503 0.071052 -0.070057
v 0.205845 0.069177 -0.068956
v 0.205887 0.068110 -0.068878
v 0.206038 0.066581 -0.068970
v 0.205618 0.065182 -0.068375
v 0.190492 0.060487 -0.080828
v 0.185256 0.059197 -0.084166
v 0.188888 0.054783 -0.081476
v 0.205484 0.069829 -0.070140
v 0.205900 0.068900 -0.069606
v 0.205432 0.061144 -0.067711
v 0.204473 0.063054 -0.066536
v 0.205279 0.063501 -0.067799
v 0.205643 0.067681 -0.070084
v 0.205019 0.071448 -0.070458
v 0.204340 0.070139 -0.071319
v 0.205846 0.065395 -0.069794
v 0.203961 0.059983 -0.065582
v 0.204842 0.066036 -0.070888
v 0.201979 0.072419 -0.063464
v 0.201342 0.074922 -0.062351
v 0.205854 0.063071 -0.069194
v 0.202844 0.073214 -0.072727
v 0.202922 0.068408 -0.072704
v 0.200566 0.072363 -0.074696
v 0.205848 0.058568 -0.068395
v 0.205122 0.058549 -0.067187
v 0.205121 0.063378 -0.070611
v 0.205491 0.064394 -0.070192
v 0.205921 0.060499 -0.069579
v 0.205519 0.061970 -0.070170
v 0.203688 0.063983 -0.072066
v 0.201006 0.064656 -0.074279
v 0.199218 0.076729 -0.059271
v 0.202069 0.077415 -0.062942
v 0.204903 0.061104 -0.070937
v 0.205855 0.058284 -0.069670
v 0.205913 0.056743 -0.069031
v 0.205676 0.057143 -0.069802
v 0.205347 0.059254 -0.070445
v 0.205486 0.056883 -0.067857
v 0.205784 0.055081 -0.068372
v 0.205592 0.053142 -0.068122
v 0.204543 0.051850 -0.066589
v 0.204695 0.055890 -0.066548
v 0.197891 0.070776 -0.076672
v 0.197461 0.065288 -0.076738
v 0.205702 0.056248 -0.069911
v 0.205257 0.057333 -0.070484
v 0.188891 0.065413 -0.082171
v 0.196814 0.080381 -0.055671
v 0.196563 0.083736 -0.055144
v 0.198880 0.083293 -0.058219
v 0.205866 0.055237 -0.069540
v 0.205903 0.053384 -0.069682
v 0.203311 0.059740 -0.072506
v 0.205349 0.054996 -0.070514
v 0.200548 0.069745 -0.061807
v 0.198272 0.067710 -0.059225
v 0.199156 0.071842 -0.059851
v 0.195910 0.072607 -0.055563
v 0.203178 0.079676 -0.064219
v 0.198712 0.059974 -0.075856
v 0.204599 0.058792 -0.071262
v 0.204291 0.055975 -0.071766
v 0.202874 0.055672 -0.073131
v 0.203847 0.071822 -0.066093
v 0.199103 0.052921 -0.075942
v 0.201319 0.057912 -0.074224
v 0.196547 0.056966 -0.077148
v 0.203240 0.051477 -0.073019
v 0.193165 0.056407 -0.079002
v 0.195628 0.053433 -0.077766
v 0.200454 0.063421 -0.061840
v 0.200973 0.066769 -0.062464
v 0.202881 0.064105 -0.064589
v 0.193205 0.088666 -0.050529
v 0.194061 0.083565 -0.051682
v 0.191808 0.085632 -0.048503
v 0.202370 0.069959 -0.064103
v 0.202853 0.057236 -0.064232
v 0.201515 0.060171 -0.062862
v 0.193820 0.069584 -0.079251
v 0.194935 0.062043 -0.078215
v 0.191890 0.065106 -0.080309
v 0.193683 0.094685 -0.051124
v 0.196303 0.091230 -0.054929
v 0.203304 0.054154 -0.064868
v 0.201039 0.081168 -0.061224
v 0.204882 0.052318 -0.071250
v 0.191044 0.088692 -0.047259
v 0.191966 0.091874 -0.048619
v 0.201455 0.078834 -0.062059
v 0.198453 0.086721 -0.057700
v 0.195433 0.086550 -0.053674
v 0.195105 0.076305 -0.053865
v 0.193732 0.079614 -0.051532
v 0.201735 0.053433 -0.074151
v 0.211472 0.085008 -0.071894
v 0.210919 0.083880 -0.070902
v 0.211404 0.083514 -0.072456
v 0.216012 0.082535 -0.076451
v 0.215599 0.083883 -0.076284
v 0.214984 0.082597 -0.075976
v 0.210491 0.082313 -0.069823
v 0.210343 0.080558 -0.069464
v 0.210936 0.081118 -0.070834
v 0.200268 0.089166 -0.053303
v 0.200948 0.091875 -0.054419
v 0.199037 0.089825 -0.051557
v 0.205150 0.082395 -0.060844
v 0.205150 0.085911 -0.060699
v 0.204298 0.084723 -0.059478
v 0.202719 0.095397 -0.057065
v 0.203455 0.091469 -0.058019
v 0.197626 0.087665 -0.049625
v 0.199412 0.087219 -0.052238
v 0.212407 0.089552 -0.074399
v 0.212791 0.087741 -0.074573
v 0.213265 0.089422 -0.075134
v 0.198413 0.093451 -0.050552
v 0.196837 0.090139 -0.048406
v 0.213881 0.087109 -0.075482
v 0.214381 0.084346 -0.075633
v 0.215132 0.085596 -0.076142
v 0.209288 0.081607 -0.067425
v 0.207903 0.084113 -0.065074
v 0.207259 0.081785 -0.064102
v 0.211861 0.082306 -0.073436
v 0.212227 0.084575 -0.073557
v 0.206280 0.096894 -0.062205
v 0.204672 0.099173 -0.059719
v 0.204723 0.095225 -0.059970
v 0.206560 0.084014 -0.062864
v 0.213039 0.084998 -0.074660
v 0.210060 0.084324 -0.068696
v 0.208684 0.086373 -0.066231
v 0.209016 0.084016 -0.066848
v 0.208307 0.089995 -0.065368
v 0.206361 0.092457 -0.062261
v 0.207126 0.088970 -0.063509
v 0.203203 0.099940 -0.057665
v 0.202079 0.100443 -0.055931
v 0.202487 0.098086 -0.056643
v 0.201694 0.087739 -0.055351
v 0.196467 0.080873 -0.047989
v 0.198665 0.083614 -0.051183
v 0.196596 0.085361 -0.048049
v 0.212129 0.088378 -0.073602
v 0.196875 0.095942 -0.048313
v 0.196767 0.099474 -0.047980
v 0.194980 0.096887 -0.045238
v 0.210999 0.082461 -0.071373
v 0.210653 0.088070 -0.070126
v 0.210205 0.090516 -0.068980
v 0.209627 0.088479 -0.067775
v 0.214964 0.087635 -0.076109
v 0.214339 0.089251 -0.075800
v 0.207921 0.095795 -0.064637
v 0.200830 0.098821 -0.054138
v 0.199561 0.088758 -0.052431
v 0.200858 0.080159 -0.054415
v 0.200190 0.082157 -0.053438
v 0.199158 0.079890 -0.052046
v 0.211789 0.086338 -0.072975
v 0.211722 0.085864 -0.072392
v 0.211781 0.085211 -0.072837
v 0.198877 0.098050 -0.051158
v 0.210828 0.085644 -0.070650
v 0.211704 0.087563 -0.072757
v 0.211528 0.086628 -0.072333
v 0.211763 0.088687 -0.072869
v 0.194329 0.089484 -0.044547
v 0.195693 0.093141 -0.046618
v 0.203176 0.083514 -0.057720
v 0.203872 0.078750 -0.058962
v 0.202018 0.090552 -0.055782
v 0.212424 0.080653 -0.074143
v 0.213279 0.079272 -0.074925
v 0.213727 0.081954 -0.075233
v 0.211386 0.081235 -0.072276
v 0.211733 0.080644 -0.073233
v 0.210709 0.092359 -0.069912
v 0.210770 0.091055 -0.070238
v 0.211129 0.091543 -0.071442
v 0.211347 0.086076 -0.071819
v 0.202097 0.080183 -0.056280
v 0.201465 0.083113 -0.055223
v 0.211353 0.088801 -0.071917
v 0.211145 0.087116 -0.071652
v 0.196020 0.087920 -0.047311
v 0.212257 0.086586 -0.073650
v 0.195361 0.101092 -0.045681
v 0.200287 0.084658 -0.053555
v 0.215332 0.080742 -0.076297
v 0.195255 0.086974 -0.046003
v 0.198091 0.085946 -0.050404
v 0.212116 0.085709 -0.073301
v 0.214167 0.079411 -0.075634
v 0.206579 0.078770 -0.063037
v 0.216735 0.083649 -0.076993
v 0.216869 0.085752 -0.077217
v 0.216101 0.085005 -0.076633
v 0.206688 0.086384 -0.063050
v 0.200698 0.095878 -0.054066
v 0.211012 0.090006 -0.070780
v 0.210026 0.086424 -0.068705
v 0.193714 0.102514 -0.042999
v 0.194200 0.099556 -0.043980
v 0.211788 0.089758 -0.073334
v 0.205485 0.088862 -0.061048
v 0.208376 0.092489 -0.065394
v 0.209695 0.093998 -0.067586
v 0.211455 0.090372 -0.072114
v 0.203734 0.087074 -0.058370
v 0.208349 0.079111 -0.065822
v 0.209279 0.090998 -0.066989
v 0.215973 0.086496 -0.076535
v 0.212650 0.083000 -0.074236
v 0.196697 0.103319 -0.047580
v 0.198194 0.101949 -0.049979
v 0.200114 0.101545 -0.052963
v 0.194045 0.084651 -0.044122
v 0.205970 0.081976 -0.070000
v 0.206084 0.080783 -0.069513
v 0.206321 0.081600 -0.069235
v 0.206016 0.080166 -0.068748
v 0.206385 0.083329 -0.069089
v 0.205005 0.080033 -0.067125
v 0.205563 0.078337 -0.068249
v 0.204798 0.077340 -0.067272
v 0.203584 0.075927 -0.065389
v 0.206024 0.079919 -0.069458
v 0.205676 0.080215 -0.070056
v 0.206427 0.085170 -0.069043
v 0.205845 0.084391 -0.068094
v 0.205798 0.084463 -0.070531
v 0.206011 0.081656 -0.068406
v 0.205853 0.078838 -0.069594
v 0.204972 0.081429 -0.071130
v 0.205821 0.077525 -0.069086
v 0.203719 0.084762 -0.072752
v 0.205545 0.076392 -0.069247
v 0.205244 0.076717 -0.068230
v 0.204994 0.078818 -0.070720
v 0.205641 0.082786 -0.067851
v 0.204550 0.076899 -0.070964
v 0.205378 0.077315 -0.070076
v 0.203426 0.078314 -0.072259
v 0.205084 0.075735 -0.070100
v 0.169728 0.074371 -0.095539
v 0.169575 0.070722 -0.095590
v 0.172971 0.072294 -0.093395
v 0.204429 0.074076 -0.071049
v 0.172273 0.076156 -0.093936
v 0.180053 0.073598 -0.088405
v 0.176215 0.069166 -0.091139
v 0.179788 0.066608 -0.088479
v 0.184697 0.067115 -0.085029
v 0.189079 0.071795 -0.082182
v 0.185586 0.074385 -0.084453
v 0.182837 0.071416 -0.086419
v 0.202844 0.073214 -0.072727
v 0.206257 0.089818 -0.069618
v 0.206247 0.088721 -0.069411
v 0.206076 0.089776 -0.068818
v 0.201613 0.076502 -0.073843
v 0.171168 0.066272 -0.094465
v 0.175103 0.064192 -0.091719
v 0.185016 0.080705 -0.084721
v 0.185160 0.087710 -0.084723
v 0.181698 0.081307 -0.087125
v 0.200566 0.072363 -0.074696
v 0.166013 0.068234 -0.097880
v 0.166198 0.060750 -0.097862
v 0.171186 0.059479 -0.094475
v 0.167574 0.056449 -0.097066
v 0.187942 0.079364 -0.082708
v 0.204123 0.083497 -0.065538
v 0.201511 0.085200 -0.061879
v 0.204303 0.087795 -0.066033
v 0.176410 0.074887 -0.091064
v 0.178332 0.078762 -0.089648
v 0.174244 0.075454 -0.092555
v 0.186842 0.083888 -0.083460
v 0.188891 0.065413 -0.082171
v 0.205613 0.086175 -0.067943
v 0.205399 0.090059 -0.067666
v 0.205613 0.091384 -0.067760
v 0.206173 0.090925 -0.069229
v 0.169006 0.078127 -0.096195
v 0.203178 0.079676 -0.064219
v 0.201039 0.081168 -0.061224
v 0.173730 0.086469 -0.093221
v 0.174064 0.080134 -0.092732
v 0.178436 0.084915 -0.089574
v 0.183222 0.076048 -0.086084
v 0.199037 0.090433 -0.058610
v 0.198453 0.086721 -0.057700
v 0.196303 0.091230 -0.054929
v 0.181228 0.061859 -0.087193
v 0.185256 0.059197 -0.084166
v 0.192071 0.090662 -0.080383
v 0.190232 0.085639 -0.081258
v 0.192645 0.088569 -0.079947
v 0.181467 0.086083 -0.087323
v 0.205618 0.088958 -0.068083
v 0.205747 0.087816 -0.068217
v 0.165055 0.047594 -0.098812
v 0.167547 0.052443 -0.097212
v 0.163935 0.053302 -0.099464
v 0.168382 0.048404 -0.096575
v 0.176331 0.060306 -0.090703
v 0.162812 0.044401 -0.100138
v 0.161736 0.047835 -0.100660
v 0.159925 0.043798 -0.101660
v 0.158970 0.050965 -0.102241
v 0.202272 0.084086 -0.073913
v 0.201671 0.081341 -0.074203
v 0.201264 0.086056 -0.074829
v 0.198488 0.087224 -0.076667
v 0.198977 0.081662 -0.076110
v 0.193820 0.069584 -0.079251
v 0.197891 0.070776 -0.076672
v 0.195261 0.075938 -0.078325
v 0.196512 0.080252 -0.077576
v 0.198249 0.076300 -0.076413
v 0.190829 0.068107 -0.081045
v 0.200166 0.077545 -0.075026
v 0.195307 0.089339 -0.078535
v 0.196235 0.084681 -0.077849
v 0.204512 0.089321 -0.072125
v 0.202744 0.090096 -0.073820
v 0.193581 0.086569 -0.079344
v 0.193810 0.081770 -0.079126
v 0.199221 0.092235 -0.076342
v 0.191410 0.077857 -0.080580
v 0.178797 0.054750 -0.088482
v 0.191890 0.065106 -0.080309
v 0.172148 0.054080 -0.093738
v 0.169450 0.055434 -0.095804
v 0.198879 0.094290 -0.058396
v 0.200873 0.092070 -0.061068
v 0.201672 0.089118 -0.062100
v 0.206317 0.086703 -0.069412
v 0.204985 0.091622 -0.071549
v 0.205738 0.089886 -0.070628
v 0.205766 0.091583 -0.070534
v 0.198880 0.083293 -0.058219
v 0.204333 0.090607 -0.065956
v 0.205514 0.087331 -0.070971
v 0.203064 0.092082 -0.063993
v 0.205437 0.093132 -0.067155
v 0.214644 0.067128 -0.075562
v 0.213954 0.065060 -0.075004
v 0.216163 0.065918 -0.076493
v 0.212872 0.056500 -0.074422
v 0.213314 0.059796 -0.074719
v 0.212182 0.057851 -0.073785
v 0.211866 0.059517 -0.073185
v 0.213794 0.057506 -0.075206
v 0.217482 0.047440 -0.078659
v 0.217718 0.050407 -0.078480
v 0.217502 0.048264 -0.077883
v 0.211580 0.066564 -0.072674
v 0.212046 0.067533 -0.073342
v 0.211688 0.067708 -0.072612
v 0.210615 0.063443 -0.070922
v 0.211136 0.065218 -0.072197
v 0.211144 0.067047 -0.071929
v 0.217569 0.050516 -0.077771
v 0.216865 0.049400 -0.077451
v 0.214817 0.066276 -0.081665
v 0.216768 0.065531 -0.080153
v 0.216575 0.062731 -0.080294
v 0.211540 0.061138 -0.072679
v 0.211804 0.060969 -0.073151
v 0.216631 0.054210 -0.079983
v 0.217104 0.049998 -0.079366
v 0.215448 0.048968 -0.080583
v 0.212807 0.054420 -0.082780
v 0.213465 0.050913 -0.082263
v 0.209212 0.053549 -0.085119
v 0.217819 0.061169 -0.077764
v 0.217983 0.062348 -0.078043
v 0.217560 0.061583 -0.077338
v 0.217448 0.066640 -0.079675
v 0.217370 0.065497 -0.079573
v 0.214848 0.059007 -0.075916
v 0.216281 0.059413 -0.076647
v 0.215666 0.060179 -0.076319
v 0.213337 0.046185 -0.082115
v 0.213995 0.055386 -0.075334
v 0.214590 0.057047 -0.075759
v 0.217811 0.066015 -0.077970
v 0.217690 0.064781 -0.078274
v 0.217701 0.065755 -0.078640
v 0.216714 0.057836 -0.076704
v 0.215608 0.057479 -0.076276
v 0.211231 0.062446 -0.072261
v 0.210996 0.061509 -0.072015
v 0.214870 0.063074 -0.075706
v 0.216735 0.064185 -0.076908
v 0.211514 0.063935 -0.072511
v 0.213710 0.061054 -0.082283
v 0.216992 0.065366 -0.077035
v 0.217331 0.066101 -0.077239
v 0.217878 0.066688 -0.078552
v 0.217006 0.066683 -0.077168
v 0.216863 0.067125 -0.077052
v 0.211207 0.060205 -0.072429
v 0.215188 0.051923 -0.080945
v 0.212267 0.061102 -0.073707
v 0.211763 0.062246 -0.073243
v 0.217837 0.060521 -0.078466
v 0.217843 0.058422 -0.078816
v 0.217427 0.060135 -0.079540
v 0.210580 0.067159 -0.070721
v 0.210093 0.069622 -0.069289
v 0.210006 0.066102 -0.069372
v 0.217628 0.065013 -0.079086
v 0.217280 0.064370 -0.079645
v 0.212816 0.062813 -0.074258
v 0.217279 0.062212 -0.077127
v 0.217489 0.063269 -0.077291
v 0.216484 0.062527 -0.076575
v 0.216924 0.067807 -0.080143
v 0.217623 0.052572 -0.078996
v 0.209966 0.061683 -0.084921
v 0.211542 0.064741 -0.083905
v 0.217946 0.067883 -0.079092
v 0.217593 0.067393 -0.077735
v 0.217463 0.057175 -0.077258
v 0.216421 0.055815 -0.076681
v 0.211553 0.065398 -0.072792
v 0.214660 0.053660 -0.081445
v 0.217011 0.051951 -0.077248
v 0.216596 0.053620 -0.076743
v 0.216414 0.052336 -0.076777
v 0.217298 0.057763 -0.079609
v 0.217577 0.065163 -0.077475
v 0.217715 0.060126 -0.077727
v 0.217669 0.061878 -0.079157
v 0.216090 0.058717 -0.080501
v 0.217706 0.063546 -0.079020
v 0.211592 0.057656 -0.083726
v 0.214479 0.056713 -0.081718
v 0.209078 0.065881 -0.067503
v 0.215190 0.060985 -0.075967
v 0.210019 0.047519 -0.084405
v 0.217788 0.066214 -0.079196
v 0.212632 0.064830 -0.073864
v 0.211958 0.063737 -0.073523
v 0.217945 0.063677 -0.078038
v 0.217265 0.060521 -0.077226
v 0.216587 0.061167 -0.076719
v 0.217637 0.064269 -0.077542
v 0.217753 0.058620 -0.077918
v 0.217336 0.059083 -0.077171
v 0.217831 0.056385 -0.078095
v 0.217673 0.056382 -0.079123
v 0.215160 0.055519 -0.076183
v 0.209582 0.063494 -0.068417
v 0.211730 0.068119 -0.083789
v 0.211847 0.064963 -0.073314
v 0.211926 0.066138 -0.073299
v 0.212296 0.065676 -0.073613
v 0.212886 0.066789 -0.074223
v 0.216564 0.068107 -0.076710
v 0.217363 0.054629 -0.077231
v 0.217777 0.057456 -0.077765
v 0.217615 0.054627 -0.078837
v 0.215852 0.051049 -0.076711
v 0.215949 0.052814 -0.076560
v 0.214877 0.053265 -0.075993
v 0.215749 0.054250 -0.076428
v 0.217741 0.052985 -0.078062
v 0.149866 0.102850 0.016459
v 0.151174 0.105713 0.014526
v 0.152619 0.104904 0.012285
v 0.157559 0.118953 0.012604
v 0.158382 0.121061 0.011654
v 0.157736 0.120617 0.012587
v 0.155250 0.121240 0.014155
v 0.154590 0.121358 0.014760
v 0.155072 0.121275 0.014908
v 0.157097 0.121452 0.011066
v 0.156187 0.121665 0.011083
v 0.156678 0.121374 0.011935
v 0.152537 0.121340 0.018398
v 0.153538 0.121191 0.018616
v 0.153446 0.121361 0.017958
v 0.152620 0.121627 0.014707
v 0.153067 0.121610 0.015322
v 0.153527 0.121565 0.014431
v 0.154463 0.120950 0.017496
v 0.155061 0.121167 0.016538
v 0.154347 0.121386 0.016877
v 0.157395 0.121452 0.012382
v 0.156398 0.121411 0.013057
v 0.157032 0.120867 0.013646
v 0.156133 0.121234 0.014785
v 0.155446 0.121249 0.015766
v 0.155617 0.120287 0.015666
v 0.154762 0.121400 0.016306
v 0.153827 0.121577 0.015340
v 0.154345 0.121307 0.015510
v 0.156746 0.121643 0.009501
v 0.157280 0.121619 0.010161
v 0.152970 0.121625 0.016123
v 0.152709 0.121168 0.019713
v 0.152633 0.121639 0.017213
v 0.151257 0.121550 0.018523
v 0.150160 0.121672 0.018835
v 0.150003 0.121583 0.019936
v 0.140606 0.101947 0.030786
v 0.143231 0.103579 0.026735
v 0.141853 0.098056 0.028841
v 0.155732 0.121371 0.014394
v 0.156289 0.121341 0.013911
v 0.154198 0.121342 0.016316
v 0.153519 0.121345 0.017229
v 0.154435 0.121574 0.014174
v 0.154047 0.121659 0.013571
v 0.151578 0.121363 0.019748
v 0.150706 0.121508 0.019994
v 0.148578 0.121797 0.020926
v 0.148319 0.121581 0.020531
v 0.147835 0.121531 0.021399
v 0.145022 0.099279 0.024015
v 0.146337 0.102318 0.021955
v 0.149194 0.121601 0.020919
v 0.149078 0.121661 0.019913
v 0.157540 0.121444 0.011491
v 0.155426 0.121650 0.012757
v 0.154632 0.121651 0.012098
v 0.152059 0.121710 0.016768
v 0.155521 0.121378 0.013480
v 0.155571 0.121677 0.010264
v 0.153513 0.121453 0.016289
v 0.154120 0.109702 0.010365
v 0.151997 0.108081 0.013475
v 0.151338 0.111852 0.014731
v 0.138660 0.100375 0.033918
v 0.139270 0.096128 0.032903
v 0.137071 0.093784 0.036425
v 0.148332 0.120650 0.020177
v 0.149662 0.121137 0.018541
v 0.150878 0.121699 0.017436
v 0.153243 0.113371 0.011857
v 0.154805 0.114600 0.009277
v 0.146952 0.120435 0.021984
v 0.151257 0.118504 0.015671
v 0.152589 0.120606 0.013955
v 0.152914 0.119002 0.012960
v 0.151879 0.121707 0.016061
v 0.151131 0.120734 0.016457
v 0.154870 0.121393 0.015679
v 0.155908 0.121285 0.013710
v 0.147531 0.118314 0.020724
v 0.148528 0.114411 0.018987
v 0.146026 0.111889 0.022448
v 0.145783 0.116053 0.022835
v 0.140891 0.094273 0.030483
v 0.143691 0.092686 0.026390
v 0.149669 0.096269 0.017088
v 0.151741 0.097379 0.013559
v 0.149601 0.119423 0.018339
v 0.155347 0.121476 0.009292
v 0.154472 0.121405 0.010932
v 0.145281 0.095358 0.023867
v 0.154966 0.118567 0.009197
v 0.152716 0.116171 0.012913
v 0.142785 0.110085 0.027378
v 0.146125 0.106763 0.022240
v 0.148694 0.109450 0.018467
v 0.140155 0.105742 0.031682
v 0.153288 0.121639 0.013371
v 0.150573 0.115813 0.016228
v 0.155468 0.121416 0.015133
v 0.147601 0.099538 0.020157
v 0.153596 0.121301 0.012459
v 0.153809 0.120430 0.011662
v 0.150517 0.107733 0.015593
v 0.152870 0.092221 0.011841
v 0.151899 0.094252 0.013472
v 0.153049 0.094736 0.011415
v 0.154767 0.120696 0.009945
v 0.147989 0.093484 0.019768
v 0.147212 0.096754 0.020813
v 0.149423 0.117248 0.018118
v 0.153819 0.098772 0.010113
v 0.150836 0.091368 0.015279
v 0.157936 0.121472 0.010668
v 0.144175 0.114242 0.025110
v 0.135232 0.100226 0.039792
v 0.134642 0.094552 0.040411
v 0.137508 0.105536 0.036025
v 0.145502 0.119183 0.023696
v 0.137804 0.110607 0.035432
v 0.138892 0.108065 0.033759
v 0.139941 0.109677 0.031946
v 0.140067 0.113736 0.031420
v 0.141066 0.117088 0.029915
v 0.142364 0.114650 0.027760
v 0.143471 0.117381 0.026237
v 0.150274 0.096380 0.022703
v 0.152368 0.095069 0.019513
v 0.152415 0.098446 0.019526
v 0.150361 0.119218 0.023414
v 0.148499 0.118752 0.026467
v 0.150237 0.115453 0.023384
v 0.144921 0.120931 0.024946
v 0.145941 0.121095 0.023528
v 0.145502 0.119183 0.023696
v 0.154616 0.119845 0.017102
v 0.154463 0.120950 0.017496
v 0.153578 0.119940 0.018821
v 0.142243 0.119652 0.028625
v 0.139861 0.119151 0.032514
v 0.140968 0.120451 0.031217
v 0.157889 0.095826 0.011142
v 0.154877 0.097090 0.015816
v 0.155974 0.092320 0.014011
v 0.150816 0.120537 0.022944
v 0.149978 0.120687 0.024264
v 0.141188 0.121454 0.031531
v 0.142608 0.121988 0.030281
v 0.142587 0.121358 0.028820
v 0.153574 0.115252 0.018187
v 0.154799 0.117739 0.016584
v 0.152341 0.117680 0.020327
v 0.143948 0.119803 0.026018
v 0.143471 0.117381 0.026237
v 0.146176 0.121546 0.027404
v 0.146845 0.121417 0.026942
v 0.146686 0.121677 0.026014
v 0.154959 0.107653 0.015866
v 0.156110 0.101950 0.014070
v 0.157353 0.106574 0.012226
v 0.149766 0.109432 0.023820
v 0.152144 0.105767 0.020096
v 0.152834 0.107959 0.019142
v 0.145494 0.121720 0.024372
v 0.144819 0.121889 0.025497
v 0.145950 0.121907 0.024993
v 0.157009 0.088575 0.012404
v 0.154936 0.089028 0.015564
v 0.155915 0.085860 0.014073
v 0.143895 0.122013 0.027006
v 0.143817 0.122048 0.028240
v 0.145299 0.121899 0.026664
v 0.158058 0.085712 0.010748
v 0.159171 0.088381 0.009072
v 0.145913 0.121413 0.029013
v 0.146838 0.121401 0.027912
v 0.147817 0.121420 0.025314
v 0.147021 0.121703 0.024592
v 0.144859 0.121441 0.029236
v 0.145138 0.121430 0.030535
v 0.148534 0.120961 0.026747
v 0.147512 0.121322 0.027105
v 0.147493 0.120585 0.028476
v 0.144934 0.121109 0.032161
v 0.146045 0.120484 0.030586
v 0.153428 0.102119 0.018110
v 0.141066 0.117088 0.029915
v 0.149320 0.120488 0.025459
v 0.148821 0.121337 0.025657
v 0.148007 0.121770 0.022358
v 0.147835 0.121531 0.021399
v 0.146964 0.121662 0.022609
v 0.148163 0.121522 0.024131
v 0.147731 0.121717 0.023824
v 0.153578 0.096149 0.017794
v 0.157559 0.118953 0.012604
v 0.155617 0.120287 0.015666
v 0.158008 0.091206 0.010931
v 0.149569 0.121300 0.024744
v 0.149530 0.121013 0.025292
v 0.159239 0.073924 0.008525
v 0.160920 0.076292 0.006022
v 0.158883 0.077954 0.009107
v 0.146430 0.121977 0.023763
v 0.154022 0.104852 0.017248
v 0.153387 0.089882 0.017857
v 0.153636 0.085090 0.017534
v 0.156964 0.079918 0.012206
v 0.156920 0.083205 0.012343
v 0.155271 0.082350 0.015033
v 0.149051 0.121582 0.022111
v 0.148556 0.121667 0.021545
v 0.151231 0.102680 0.021461
v 0.150621 0.105470 0.022427
v 0.149442 0.103715 0.024088
v 0.150070 0.121548 0.021087
v 0.150003 0.121583 0.019936
v 0.149194 0.121601 0.020919
v 0.158736 0.082437 0.009512
v 0.151331 0.121053 0.022197
v 0.150215 0.121284 0.023367
v 0.152011 0.103915 0.020384
v 0.143708 0.120991 0.026777
v 0.157143 0.074664 0.011801
v 0.148934 0.121301 0.024436
v 0.149129 0.121374 0.023237
v 0.150121 0.100610 0.023229
v 0.146952 0.120435 0.021984
v 0.143363 0.121703 0.030381
v 0.142816 0.121639 0.031296
v 0.143426 0.121692 0.030881
v 0.151618 0.121465 0.021108
v 0.150855 0.121383 0.022078
v 0.145372 0.121626 0.027977
v 0.150706 0.121508 0.019994
v 0.156011 0.113148 0.014473
v 0.150731 0.121302 0.021441
v 0.154848 0.077809 0.015400
v 0.147333 0.115272 0.027865
v 0.148682 0.113075 0.025666
v 0.152753 0.111954 0.019277
v 0.152172 0.115174 0.020412
v 0.153538 0.121191 0.018616
v 0.143849 0.121744 0.029331
v 0.154595 0.091082 0.016158
v 0.144582 0.121666 0.028245
v 0.148285 0.107055 0.026197
v 0.149108 0.106366 0.024806
v 0.148262 0.121613 0.023185
v 0.144089 0.121591 0.030474
v 0.150026 0.121353 0.022219
v 0.153929 0.093322 0.017159
v 0.160690 0.080520 0.006361
v 0.147446 0.121706 0.023376
v 0.143452 0.121553 0.031525
v 0.146197 0.121748 0.025480
v 0.144213 0.121395 0.031688
v 0.146383 0.107902 0.029079
v 0.147563 0.111900 0.027330
v 0.147315 0.121413 0.026298
v 0.150905 0.121297 0.020647
v 0.147903 0.121249 0.026271
v 0.152709 0.121168 0.019713
v 0.146589 0.118303 0.029417
v 0.151254 0.093712 0.021288
v 0.151578 0.121363 0.019748
v 0.151860 0.092023 0.020226
v 0.147736 0.104354 0.026922
v 0.148578 0.121797 0.020926
v 0.151982 0.120184 0.021170
v 0.146816 0.121344 0.029092
v 0.212903 0.112243 -0.074289
v 0.213566 0.110698 -0.074885
v 0.213872 0.113760 -0.074856
v 0.211232 0.108113 -0.071711
v 0.210966 0.107133 -0.070985
v 0.211646 0.107456 -0.072544
v 0.201503 0.119374 -0.089328
v 0.203750 0.117253 -0.088062
v 0.201915 0.115876 -0.089383
v 0.210476 0.112956 -0.068997
v 0.210961 0.112310 -0.070454
v 0.211149 0.114625 -0.070529
v 0.215293 0.116417 -0.075392
v 0.215912 0.117238 -0.075746
v 0.215365 0.117839 -0.075303
v 0.214222 0.116196 -0.074768
v 0.214856 0.115146 -0.075338
v 0.211239 0.105445 -0.071663
v 0.211822 0.105913 -0.072730
v 0.210624 0.110491 -0.069668
v 0.209918 0.110168 -0.068005
v 0.210348 0.107782 -0.069126
v 0.217497 0.106690 -0.078049
v 0.217449 0.105457 -0.079088
v 0.217279 0.107797 -0.079229
v 0.212239 0.113035 -0.073474
v 0.212345 0.111085 -0.073710
v 0.215903 0.115730 -0.075755
v 0.214956 0.113068 -0.075509
v 0.216209 0.114169 -0.076164
v 0.208715 0.104809 -0.085417
v 0.205874 0.104596 -0.087293
v 0.208457 0.108110 -0.085442
v 0.217041 0.115929 -0.076539
v 0.216794 0.118200 -0.076157
v 0.211097 0.110664 -0.071092
v 0.216902 0.111659 -0.076844
v 0.216605 0.113386 -0.076574
v 0.215891 0.111895 -0.075985
v 0.214565 0.109956 -0.075537
v 0.213403 0.107646 -0.075093
v 0.214310 0.106935 -0.075704
v 0.215775 0.106691 -0.076411
v 0.216485 0.107481 -0.076682
v 0.215776 0.108773 -0.076216
v 0.217168 0.109173 -0.077133
v 0.217711 0.111170 -0.077867
v 0.211448 0.108554 -0.072260
v 0.208789 0.108906 -0.065943
v 0.209702 0.104984 -0.067698
v 0.209621 0.107984 -0.067572
v 0.202237 0.108018 -0.089668
v 0.200255 0.110706 -0.090795
v 0.203425 0.110965 -0.088787
v 0.211330 0.110500 -0.071960
v 0.211213 0.109337 -0.071807
v 0.216832 0.114453 -0.076594
v 0.211617 0.111041 -0.072444
v 0.211359 0.111638 -0.071835
v 0.217789 0.112297 -0.078362
v 0.217542 0.112577 -0.077638
v 0.211174 0.111963 -0.071212
v 0.212622 0.109825 -0.074190
v 0.212789 0.108321 -0.074560
v 0.212047 0.115405 -0.073033
v 0.211759 0.113683 -0.072648
v 0.215055 0.106480 -0.076141
v 0.211699 0.112219 -0.072680
v 0.212006 0.111603 -0.073317
v 0.217315 0.114078 -0.077271
v 0.217697 0.114112 -0.077996
v 0.217523 0.115000 -0.078147
v 0.210980 0.108816 -0.070641
v 0.211443 0.114762 -0.071957
v 0.216056 0.118296 -0.075820
v 0.211211 0.113057 -0.071669
v 0.211744 0.109720 -0.072583
v 0.217605 0.116250 -0.077726
v 0.217458 0.117947 -0.077169
v 0.212228 0.107737 -0.073842
v 0.212544 0.106008 -0.074312
v 0.216708 0.115976 -0.078878
v 0.216007 0.113693 -0.079604
v 0.214529 0.116526 -0.080628
v 0.217712 0.113360 -0.078177
v 0.217136 0.106805 -0.077274
v 0.217594 0.108055 -0.077759
v 0.217247 0.104972 -0.077846
v 0.216903 0.105432 -0.077238
v 0.217811 0.109459 -0.078320
v 0.217349 0.110706 -0.078814
v 0.212134 0.109299 -0.073418
v 0.202278 0.104914 -0.089776
v 0.203017 0.106957 -0.089122
v 0.204541 0.107782 -0.088152
v 0.209826 0.124696 -0.082229
v 0.211038 0.123479 -0.082113
v 0.208529 0.124026 -0.083620
v 0.206659 0.124588 -0.084623
v 0.207866 0.124871 -0.083526
v 0.217348 0.111632 -0.078720
v 0.214198 0.111949 -0.081026
v 0.216398 0.111708 -0.079342
v 0.216358 0.105695 -0.076710
v 0.217096 0.112753 -0.078843
v 0.216591 0.109951 -0.079365
v 0.212221 0.119052 -0.082146
v 0.209954 0.120339 -0.083657
v 0.211737 0.121665 -0.082104
v 0.210154 0.112256 -0.083941
v 0.212554 0.108828 -0.082517
v 0.213290 0.105116 -0.075186
v 0.217230 0.114110 -0.078675
v 0.206281 0.125341 -0.083915
v 0.211718 0.105760 -0.083295
v 0.206464 0.111491 -0.086660
v 0.215368 0.108875 -0.080383
v 0.213067 0.114659 -0.074131
v 0.207000 0.123452 -0.084861
v 0.216040 0.118788 -0.079119
v 0.217296 0.119868 -0.076890
v 0.217177 0.119565 -0.077998
v 0.213092 0.117182 -0.073860
v 0.217237 0.117886 -0.078312
v 0.208112 0.125381 -0.082358
v 0.209779 0.115213 -0.084073
v 0.211859 0.115351 -0.082643
v 0.204386 0.114361 -0.087861
v 0.207805 0.115227 -0.085490
v 0.215262 0.106468 -0.080715
v 0.205410 0.125629 -0.083572
v 0.206575 0.125748 -0.082606
v 0.209985 0.117747 -0.083750
v 0.205217 0.125950 -0.082664
v 0.216485 0.120630 -0.078413
v 0.214524 0.119349 -0.080389
v 0.215330 0.121274 -0.079465
v 0.201951 0.113232 -0.089433
v 0.213671 0.121094 -0.080830
v 0.211801 0.111035 -0.072919
v 0.212050 0.110562 -0.073210
v 0.207567 0.118662 -0.085276
v 0.207238 0.121458 -0.085146
v 0.209337 0.122532 -0.083570
v 0.210759 0.119173 -0.083173
v 0.213641 0.122740 -0.080471
v 0.211651 0.115731 -0.072228
v 0.212098 0.106201 -0.073422
v 0.207840 0.105586 -0.064447
v 0.186092 0.122629 -0.035894
v 0.186262 0.122440 -0.034807
v 0.186714 0.122347 -0.035477
v 0.193714 0.102514 -0.042999
v 0.192740 0.106794 -0.041542
v 0.191135 0.102627 -0.039171
v 0.189482 0.105756 -0.036696
v 0.191089 0.106177 -0.039160
v 0.190563 0.107562 -0.038258
v 0.192279 0.122198 -0.040932
v 0.191605 0.122218 -0.040990
v 0.192075 0.122070 -0.040366
v 0.187157 0.109818 -0.040490
v 0.185014 0.107091 -0.036785
v 0.185328 0.111092 -0.037481
v 0.191331 0.108412 -0.039539
v 0.190568 0.122517 -0.042466
v 0.191554 0.122450 -0.043907
v 0.190227 0.121869 -0.042999
v 0.191866 0.122404 -0.042705
v 0.191142 0.122227 -0.039745
v 0.190276 0.122284 -0.040033
v 0.186557 0.122413 -0.037444
v 0.187794 0.122674 -0.039016
v 0.186664 0.121262 -0.037825
v 0.186696 0.122246 -0.033837
v 0.187656 0.122083 -0.033821
v 0.187466 0.122266 -0.034987
v 0.188828 0.122541 -0.040633
v 0.188583 0.121589 -0.040609
v 0.189520 0.122343 -0.041720
v 0.186681 0.104266 -0.032364
v 0.188651 0.102164 -0.035499
v 0.188275 0.117606 -0.041429
v 0.188346 0.114374 -0.042292
v 0.186557 0.115150 -0.039325
v 0.188221 0.122446 -0.037785
v 0.188856 0.122223 -0.036859
v 0.189148 0.122327 -0.037760
v 0.191764 0.111460 -0.040142
v 0.194173 0.110888 -0.043749
v 0.193309 0.115184 -0.042126
v 0.190647 0.096824 -0.038643
v 0.192878 0.096158 -0.042080
v 0.192833 0.099223 -0.041881
v 0.185903 0.121964 -0.036657
v 0.191599 0.072278 -0.041166
v 0.193559 0.078525 -0.043587
v 0.190664 0.078256 -0.039232
v 0.187152 0.122398 -0.036131
v 0.188299 0.086815 -0.035657
v 0.187638 0.090505 -0.034473
v 0.186578 0.086924 -0.032954
v 0.191159 0.122016 -0.038761
v 0.191251 0.120840 -0.038276
v 0.191695 0.121560 -0.038810
v 0.192563 0.118570 -0.040738
v 0.193313 0.120994 -0.041284
v 0.192086 0.120806 -0.039529
v 0.189149 0.122329 -0.039004
v 0.190229 0.122232 -0.038898
v 0.187360 0.112831 -0.040908
v 0.186114 0.112702 -0.038779
v 0.192353 0.122284 -0.044286
v 0.186867 0.107400 -0.032469
v 0.185532 0.107723 -0.030444
v 0.186730 0.109383 -0.032272
v 0.190679 0.122389 -0.041984
v 0.189867 0.122464 -0.041342
v 0.188995 0.122430 -0.038325
v 0.183364 0.110575 -0.026825
v 0.185629 0.113212 -0.030367
v 0.185211 0.116075 -0.029399
v 0.189816 0.109569 -0.037104
v 0.189937 0.114386 -0.036941
v 0.188175 0.111580 -0.034408
v 0.189479 0.082989 -0.037335
v 0.187904 0.078703 -0.035164
v 0.189466 0.074111 -0.037789
v 0.193725 0.097882 -0.043404
v 0.194980 0.096887 -0.045238
v 0.194200 0.099556 -0.043980
v 0.190613 0.121868 -0.037905
v 0.182395 0.115927 -0.032890
v 0.183271 0.117855 -0.033953
v 0.184347 0.114615 -0.035824
v 0.183750 0.110702 -0.034921
v 0.188083 0.073794 -0.035714
v 0.193831 0.093325 -0.043627
v 0.191515 0.091769 -0.040164
v 0.194329 0.089484 -0.044547
v 0.189005 0.099258 -0.036199
v 0.189441 0.122324 -0.038450
v 0.189772 0.122093 -0.037919
v 0.189470 0.121916 -0.036375
v 0.190066 0.121772 -0.036914
v 0.189404 0.122078 -0.037197
v 0.188072 0.122297 -0.036214
v 0.188924 0.121982 -0.035785
v 0.188056 0.121522 -0.033353
v 0.188651 0.121897 -0.034607
v 0.187557 0.114770 -0.033215
v 0.186330 0.111133 -0.031531
v 0.187842 0.118467 -0.033381
v 0.189562 0.120628 -0.035599
v 0.188374 0.120712 -0.033759
v 0.195693 0.093141 -0.046618
v 0.189140 0.117500 -0.035478
v 0.188233 0.122054 -0.035444
v 0.187527 0.108743 -0.033559
v 0.188109 0.107343 -0.034440
v 0.188367 0.109696 -0.034738
v 0.190564 0.120883 -0.037168
v 0.189383 0.070341 -0.037892
v 0.185513 0.122317 -0.033703
v 0.181926 0.112737 -0.032072
v 0.187623 0.122468 -0.036885
v 0.187260 0.122735 -0.037326
v 0.192538 0.122289 -0.041659
v 0.190392 0.118449 -0.037484
v 0.191627 0.116322 -0.039428
v 0.182109 0.107850 -0.032537
v 0.185923 0.122570 -0.035224
v 0.193026 0.122143 -0.041091
v 0.191486 0.119095 -0.038985
v 0.189417 0.089891 -0.037085
v 0.190519 0.086754 -0.038788
v 0.189397 0.122368 -0.040268
v 0.190513 0.122298 -0.041185
v 0.191896 0.121971 -0.039492
v 0.191702 0.082694 -0.040611
v 0.192037 0.085661 -0.041076
v 0.184840 0.121546 -0.035272
v 0.185363 0.122545 -0.034848
v 0.191759 0.122161 -0.045108
v 0.192588 0.122336 -0.045348
v 0.192617 0.121752 -0.040147
v 0.187586 0.083813 -0.034440
v 0.188842 0.111603 -0.043272
v 0.185612 0.118393 -0.037089
v 0.186730 0.109383 -0.032272
v 0.187273 0.110886 -0.033077
v 0.188843 0.071995 -0.036850
v 0.187728 0.122663 -0.038086
v 0.194045 0.084651 -0.044122
v 0.192400 0.087689 -0.041613
v 0.187704 0.119864 -0.039772
v 0.194519 0.073467 -0.045314
v 0.185532 0.107723 -0.030444
v 0.189260 0.092946 -0.036783
v 0.187784 0.095091 -0.034509
v 0.189879 0.108175 -0.044624
v 0.187808 0.103912 -0.041165
v 0.184672 0.122387 -0.034072
v 0.187031 0.099460 -0.033088
v 0.189269 0.120240 -0.042086
v 0.183700 0.119847 -0.034185
v 0.216396 0.069548 -0.076698
v 0.215921 0.070385 -0.076432
v 0.215166 0.069017 -0.075955
v 0.217779 0.073705 -0.078333
v 0.217782 0.074932 -0.079237
v 0.217816 0.075369 -0.078244
v 0.209078 0.065881 -0.067503
v 0.210093 0.069622 -0.069289
v 0.208845 0.068927 -0.066780
v 0.199158 0.079890 -0.052046
v 0.197445 0.075722 -0.049591
v 0.200982 0.076620 -0.054733
v 0.214167 0.079411 -0.075634
v 0.213279 0.079272 -0.074925
v 0.213754 0.077166 -0.075182
v 0.211401 0.076609 -0.072105
v 0.211860 0.077418 -0.072898
v 0.211594 0.077944 -0.072328
v 0.214045 0.069866 -0.075315
v 0.212811 0.068885 -0.074164
v 0.213851 0.068321 -0.075015
v 0.209110 0.072623 -0.067215
v 0.209921 0.077340 -0.068646
v 0.208632 0.075291 -0.066389
v 0.210323 0.073649 -0.069671
v 0.210955 0.072104 -0.071172
v 0.210859 0.074034 -0.071089
v 0.216647 0.072415 -0.076968
v 0.216439 0.073786 -0.076733
v 0.215757 0.071870 -0.076437
v 0.211153 0.075136 -0.071740
v 0.211341 0.073555 -0.072351
v 0.211584 0.071750 -0.072347
v 0.211200 0.069687 -0.071947
v 0.207875 0.073399 -0.065093
v 0.206842 0.072759 -0.063536
v 0.207445 0.070207 -0.064514
v 0.211688 0.075078 -0.072850
v 0.217303 0.073021 -0.077549
v 0.207256 0.075618 -0.064031
v 0.208537 0.077066 -0.066101
v 0.207722 0.077731 -0.064920
v 0.216550 0.076835 -0.076855
v 0.216203 0.078027 -0.076634
v 0.215759 0.076439 -0.076446
v 0.217593 0.067393 -0.077735
v 0.217106 0.067917 -0.077349
v 0.217091 0.067673 -0.077173
v 0.211015 0.078134 -0.071264
v 0.217420 0.068517 -0.077673
v 0.217420 0.069964 -0.077563
v 0.216564 0.068107 -0.076710
v 0.214666 0.074359 -0.075812
v 0.207659 0.065806 -0.065023
v 0.212783 0.073355 -0.074331
v 0.213290 0.075224 -0.074724
v 0.215245 0.072499 -0.081286
v 0.217025 0.073253 -0.080196
v 0.216597 0.070596 -0.080464
v 0.215144 0.077901 -0.076093
v 0.213071 0.077882 -0.074651
v 0.212571 0.078438 -0.074153
v 0.217980 0.069320 -0.078844
v 0.217873 0.070638 -0.078716
v 0.217733 0.069378 -0.078282
v 0.208349 0.079111 -0.065822
v 0.211365 0.079657 -0.071753
v 0.211090 0.080387 -0.071433
v 0.210795 0.079490 -0.070698
v 0.217802 0.071695 -0.078115
v 0.217821 0.072346 -0.079312
v 0.213284 0.071228 -0.074732
v 0.217638 0.069696 -0.079566
v 0.217711 0.070927 -0.079602
v 0.205793 0.073918 -0.061873
v 0.212581 0.071774 -0.083226
v 0.214170 0.069782 -0.082115
v 0.211730 0.068119 -0.083789
v 0.217580 0.077215 -0.079646
v 0.217851 0.077321 -0.078542
v 0.216203 0.075404 -0.076591
v 0.217893 0.068551 -0.078334
v 0.203812 0.072916 -0.058959
v 0.203872 0.078750 -0.058962
v 0.214371 0.078510 -0.081936
v 0.216466 0.079163 -0.080339
v 0.215557 0.076807 -0.081097
v 0.216641 0.075608 -0.080416
v 0.211587 0.078883 -0.072278
v 0.217565 0.074460 -0.077921
v 0.217208 0.075981 -0.077516
v 0.214551 0.071517 -0.075718
v 0.202097 0.080183 -0.056280
v 0.216808 0.071033 -0.076978
v 0.212586 0.075434 -0.083304
v 0.214531 0.076325 -0.081936
v 0.214594 0.074832 -0.081822
v 0.215025 0.070386 -0.076028
v 0.211144 0.067047 -0.071929
v 0.211688 0.067708 -0.072612
v 0.211619 0.068557 -0.072467
v 0.196467 0.080873 -0.047989
v 0.195617 0.077242 -0.046732
v 0.211733 0.080644 -0.073233
v 0.211694 0.079836 -0.072532
v 0.211923 0.078958 -0.073224
v 0.212243 0.077507 -0.073564
v 0.212834 0.076753 -0.074248
v 0.209288 0.081607 -0.067425
v 0.210343 0.080558 -0.069464
v 0.211934 0.072461 -0.073320
v 0.212300 0.071330 -0.073756
v 0.211677 0.069445 -0.072900
v 0.210704 0.075580 -0.070580
v 0.210798 0.076727 -0.070835
v 0.212886 0.066789 -0.074223
v 0.205480 0.076157 -0.061298
v 0.210559 0.069876 -0.084642
v 0.211961 0.073821 -0.073456
v 0.211918 0.068747 -0.073189
v 0.211386 0.081235 -0.072276
v 0.193559 0.078525 -0.043587
v 0.217467 0.071350 -0.077527
v 0.206579 0.078770 -0.063037
v 0.205704 0.071069 -0.061803
v 0.216924 0.067807 -0.080143
v 0.210924 0.076063 -0.071319
v 0.212202 0.069981 -0.073703
v 0.211804 0.070256 -0.073131
v 0.214817 0.066276 -0.081665
v 0.211823 0.071111 -0.072944
v 0.212046 0.067533 -0.073342
v 0.216863 0.067125 -0.077052
v 0.205854 0.066569 -0.062323
v 0.212424 0.080653 -0.074143
v 0.211936 0.076298 -0.073326
v 0.212389 0.075037 -0.073858
v 0.217043 0.078393 -0.077217
v 0.215332 0.080742 -0.076297
v 0.215984 0.079433 -0.076548
v 0.216425 0.080613 -0.076708
v 0.217702 0.078984 -0.077938
v 0.210580 0.067159 -0.070721
v 0.200858 0.080159 -0.054415
v 0.217946 0.067883 -0.079092
v 0.214644 0.067128 -0.075562
v 0.216730 0.079709 -0.076955
v 0.210936 0.081118 -0.070834
v 0.198728 0.072381 -0.051686
v 0.200910 0.071426 -0.054894
v 0.204397 0.068969 -0.060088
v 0.194045 0.084651 -0.044122
v 0.211925 0.079091 -0.083701
v 0.209325 0.076388 -0.085497
v 0.209381 0.080352 -0.085417
v 0.209383 0.072054 -0.085475
v 0.205976 0.077602 -0.087716
v 0.200377 0.018028 -0.070886
v 0.197791 0.017869 -0.072831
v 0.198460 0.017844 -0.069909
v 0.194872 0.017874 -0.074355
v 0.193098 0.017850 -0.072924
v 0.196171 0.017784 -0.071811
v 0.178015 0.018518 -0.076545
v 0.181229 0.018318 -0.076338
v 0.179373 0.018263 -0.079454
v 0.190298 0.017913 -0.075544
v 0.189171 0.017861 -0.078743
v 0.186898 0.017850 -0.077079
v 0.195453 0.017914 -0.068890
v 0.196439 0.018138 -0.075531
v 0.192224 0.017903 -0.075816
v 0.184668 0.017745 -0.080843
v 0.177284 0.018669 -0.068726
v 0.180370 0.018599 -0.068026
v 0.180346 0.018673 -0.070380
v 0.191305 0.018082 -0.070748
v 0.193107 0.018080 -0.077593
v 0.175934 0.018461 -0.078720
v 0.198466 0.018136 -0.074082
v 0.189596 0.017989 -0.073862
v 0.199778 0.018084 -0.072607
v 0.180024 0.018652 -0.073479
v 0.185760 0.018287 -0.073670
v 0.173212 0.017809 -0.050923
v 0.177041 0.017497 -0.052255
v 0.173999 0.017619 -0.053705
v 0.198866 0.017996 -0.066534
v 0.188642 0.018342 -0.069839
v 0.192157 0.018167 -0.067386
v 0.184559 0.018541 -0.070393
v 0.184835 0.017829 -0.078884
v 0.186548 0.017818 -0.081892
v 0.183238 0.017975 -0.078321
v 0.187699 0.018413 -0.067531
v 0.195289 0.017985 -0.063740
v 0.181490 0.017881 -0.081518
v 0.191027 0.031275 -0.080107
v 0.193204 0.032288 -0.078831
v 0.190078 0.034051 -0.080175
v 0.188341 0.031473 -0.081579
v 0.185934 0.030121 -0.083537
v 0.188311 0.027874 -0.082615
v 0.195674 0.028982 -0.078103
v 0.192795 0.029486 -0.079454
v 0.192569 0.036027 -0.078857
v 0.196527 0.033683 -0.077138
v 0.186110 0.039296 -0.082312
v 0.183047 0.037990 -0.084369
v 0.186570 0.035240 -0.082080
v 0.182803 0.024823 -0.087857
v 0.185277 0.027140 -0.085113
v 0.181045 0.028516 -0.088277
v 0.190794 0.028723 -0.080738
v 0.186913 0.022887 -0.084851
v 0.189330 0.023318 -0.082884
v 0.187675 0.025018 -0.083761
v 0.183164 0.030340 -0.085689
v 0.183760 0.034180 -0.084245
v 0.190905 0.025431 -0.081398
v 0.191490 0.022977 -0.081238
v 0.194498 0.024599 -0.079115
v 0.184501 0.031913 -0.084140
v 0.185936 0.032655 -0.082897
v 0.182451 0.032529 -0.085676
v 0.180322 0.035319 -0.086953
v 0.189222 0.037888 -0.080488
v 0.193045 0.027286 -0.079680
v 0.181727 0.017754 -0.084053
v 0.183799 0.017213 -0.047241
v 0.185306 0.017096 -0.050466
v 0.181304 0.017210 -0.049841
v 0.185844 0.024590 -0.085359
v 0.177272 0.018718 -0.071791
v 0.175008 0.018619 -0.074636
v 0.179395 0.039190 -0.087280
v 0.181355 0.041867 -0.085701
v 0.178743 0.043071 -0.087730
v 0.180074 0.032011 -0.087978
v 0.183438 0.017671 -0.059254
v 0.180110 0.017369 -0.055030
v 0.184716 0.017159 -0.054068
v 0.190702 0.018124 -0.064257
v 0.191241 0.017763 -0.060399
v 0.174700 0.018683 -0.071134
v 0.165320 0.018071 -0.058154
v 0.167750 0.018003 -0.059885
v 0.164842 0.018335 -0.060421
v 0.171577 0.018558 -0.071324
v 0.178166 0.017971 -0.061847
v 0.177660 0.017650 -0.058838
v 0.173642 0.018700 -0.068747
v 0.170196 0.018593 -0.067477
v 0.179806 0.017570 -0.043191
v 0.168993 0.018290 -0.063101
v 0.163954 0.018475 -0.062771
v 0.167203 0.018444 -0.070605
v 0.165141 0.018578 -0.066303
v 0.188155 0.017452 -0.057224
v 0.191454 0.017513 -0.057085
v 0.187424 0.018021 -0.061948
v 0.185977 0.018336 -0.064848
v 0.174715 0.018357 -0.065195
v 0.160676 0.018692 -0.063476
v 0.188254 0.042840 -0.081341
v 0.197486 0.019606 -0.076706
v 0.199561 0.019919 -0.075274
v 0.199321 0.021808 -0.076082
v 0.198469 0.018651 -0.075281
v 0.197084 0.018634 -0.076461
v 0.200294 0.018492 -0.073641
v 0.201068 0.019416 -0.073929
v 0.199837 0.019079 -0.074691
v 0.197987 0.026688 -0.077064
v 0.198127 0.019200 -0.075993
v 0.195676 0.018682 -0.077489
v 0.195732 0.022784 -0.078398
v 0.193378 0.021180 -0.079826
v 0.196352 0.021753 -0.077977
v 0.195830 0.020116 -0.077937
v 0.192225 0.040258 -0.079148
v 0.198183 0.023771 -0.077025
v 0.186119 0.046596 -0.082794
v 0.188854 0.048594 -0.081366
v 0.185970 0.050756 -0.083081
v 0.192282 0.045540 -0.079479
v 0.183971 0.043252 -0.083866
v 0.183756 0.047814 -0.084322
v 0.183467 0.052708 -0.084865
v 0.178797 0.054750 -0.088482
v 0.180542 0.047425 -0.086528
v 0.182842 0.045891 -0.084814
v 0.169706 0.017861 -0.059118
v 0.171230 0.017874 -0.060477
v 0.174199 0.017960 -0.061547
v 0.185790 0.054584 -0.083423
v 0.168231 0.017752 -0.056946
v 0.192108 0.019134 -0.080406
v 0.192307 0.018347 -0.079621
v 0.193086 0.018849 -0.079482
v 0.190579 0.018628 -0.081485
v 0.189951 0.019714 -0.082276
v 0.189326 0.018818 -0.082537
v 0.187195 0.020822 -0.084600
v 0.184861 0.022052 -0.086603
v 0.193821 0.019466 -0.079113
v 0.194791 0.019158 -0.078352
v 0.189622 0.021575 -0.082731
v 0.185123 0.018957 -0.085754
v 0.185842 0.018030 -0.084807
v 0.187423 0.018982 -0.084059
v 0.193880 0.018592 -0.078644
v 0.189192 0.018194 -0.082303
v 0.184312 0.017763 -0.084450
v 0.186631 0.017840 -0.083183
v 0.184396 0.018385 -0.086142
v 0.190840 0.018081 -0.079611
v 0.187595 0.017988 -0.083343
v 0.184535 0.017907 -0.085510
v 0.183867 0.020549 -0.087216
v 0.188662 0.017985 -0.081481
v 0.190528 0.018124 -0.080885
v 0.191532 0.018467 -0.080613
v 0.180979 0.018367 -0.064984
v 0.187966 0.017729 -0.059635
v 0.171671 0.017658 -0.058013
v 0.174094 0.017676 -0.059111
v 0.170172 0.017704 -0.053665
v 0.171442 0.017643 -0.055280
v 0.168723 0.017723 -0.054340
v 0.188888 0.054783 -0.081476
v 0.185256 0.059197 -0.084166
v 0.171571 0.017698 -0.053283
v 0.183386 0.018544 -0.067868
v 0.176471 0.017692 -0.047784
v 0.175427 0.017537 -0.056109
v 0.182504 0.022374 -0.088535
v 0.183225 0.018052 -0.086629
v 0.182880 0.019074 -0.087485
v 0.184584 0.018135 -0.062795
v 0.188751 0.017232 -0.053553
v 0.194450 0.017798 -0.059062
v 0.130745 0.048155 0.044954
v 0.128398 0.046451 0.048440
v 0.128144 0.052135 0.049029
v 0.142521 0.033841 0.025780
v 0.140353 0.033267 0.029177
v 0.140984 0.038502 0.028610
v 0.130913 0.034037 0.044060
v 0.129718 0.039545 0.046178
v 0.132414 0.038629 0.042130
v 0.145473 0.031872 0.020796
v 0.142479 0.029633 0.025993
v 0.146922 0.074249 0.020470
v 0.149772 0.075410 0.016429
v 0.149338 0.072137 0.016817
v 0.127858 0.042718 0.049029
v 0.126234 0.039871 0.051201
v 0.139780 0.058962 0.030617
v 0.141226 0.062696 0.028396
v 0.142369 0.055913 0.026848
v 0.139876 0.068403 0.030725
v 0.142755 0.068239 0.026286
v 0.145887 0.068766 0.021492
v 0.148496 0.065558 0.017683
v 0.145229 0.062537 0.022611
v 0.137854 0.037987 0.033377
v 0.135913 0.034333 0.036129
v 0.135455 0.040693 0.037320
v 0.150253 0.068928 0.015269
v 0.148143 0.069928 0.018350
v 0.150975 0.072412 0.014511
v 0.152773 0.070391 0.011796
v 0.140774 0.077991 0.030060
v 0.137888 0.074021 0.033999
v 0.137912 0.079852 0.034387
v 0.141903 0.047497 0.027397
v 0.143439 0.042682 0.024874
v 0.132167 0.043249 0.042732
v 0.133722 0.035626 0.039847
v 0.134642 0.094552 0.040411
v 0.134957 0.090749 0.039585
v 0.132530 0.091523 0.043448
v 0.131723 0.054309 0.043426
v 0.134597 0.049366 0.038836
v 0.133588 0.031310 0.039869
v 0.147930 0.035321 0.016833
v 0.145054 0.035192 0.021590
v 0.146017 0.037992 0.020206
v 0.145840 0.080112 0.022776
v 0.148386 0.079341 0.018774
v 0.144919 0.084698 0.024468
v 0.143708 0.088714 0.026475
v 0.146195 0.087715 0.022488
v 0.148026 0.051878 0.018209
v 0.146360 0.056360 0.021030
v 0.149535 0.058889 0.016249
v 0.143833 0.038222 0.024011
v 0.123620 0.041618 0.055302
v 0.125612 0.045932 0.052422
v 0.127433 0.035872 0.049203
v 0.128000 0.031142 0.048410
v 0.123832 0.034921 0.054888
v 0.131818 0.075098 0.043497
v 0.134368 0.074543 0.039459
v 0.131636 0.071162 0.044027
v 0.129757 0.043916 0.046499
v 0.130061 0.057215 0.046208
v 0.147543 0.045777 0.018333
v 0.150149 0.047173 0.014411
v 0.136797 0.085503 0.036423
v 0.133390 0.079696 0.041087
v 0.133204 0.084074 0.041833
v 0.131053 0.086262 0.045284
v 0.133735 0.087573 0.041294
v 0.148581 0.041231 0.016293
v 0.152453 0.074994 0.012426
v 0.151020 0.080210 0.014571
v 0.154030 0.078662 0.009938
v 0.136724 0.045462 0.035262
v 0.135676 0.080330 0.037696
v 0.137223 0.068184 0.034894
v 0.137870 0.062406 0.033637
v 0.150861 0.086067 0.014835
v 0.153397 0.084016 0.010715
v 0.148624 0.088989 0.018711
v 0.148624 0.083997 0.018527
v 0.138551 0.043056 0.032435
v 0.134851 0.077951 0.038744
v 0.130949 0.081050 0.045277
v 0.136080 0.077538 0.036887
v 0.152000 0.043269 0.011321
v 0.151710 0.037145 0.011135
v 0.145725 0.041883 0.021053
v 0.145368 0.046984 0.021930
v 0.139425 0.093244 0.032705
v 0.137071 0.093784 0.036425
v 0.139270 0.096128 0.032903
v 0.132142 0.060340 0.043029
v 0.140891 0.094273 0.030483
v 0.141464 0.091016 0.029824
v 0.141478 0.072918 0.028611
v 0.141296 0.070176 0.028625
v 0.134701 0.058008 0.038691
v 0.105731 0.039256 0.083318
v 0.143441 0.082031 0.026559
v 0.152212 0.064840 0.012295
v 0.130227 0.060829 0.046286
v 0.146941 0.083013 0.021277
v 0.138374 0.048757 0.032773
v 0.120653 0.036730 0.060122
v 0.120832 0.033806 0.059782
v 0.117912 0.036092 0.064393
v 0.120756 0.041370 0.059941
v 0.122610 0.045461 0.057036
v 0.112005 0.036551 0.073276
v 0.110241 0.040273 0.076291
v 0.114087 0.040047 0.070408
v 0.117277 0.045139 0.065728
v 0.123422 0.050288 0.056007
v 0.128475 0.057592 0.048820
v 0.125621 0.050926 0.052822
v 0.128089 0.062066 0.049778
v 0.108326 0.043902 0.079597
v 0.125477 0.056369 0.053295
v 0.120470 0.048268 0.060540
v 0.121497 0.054837 0.059153
v 0.112776 0.046865 0.072857
v 0.115640 0.050600 0.068422
v 0.118300 0.052241 0.064181
v 0.131579 0.065455 0.044285
v 0.114478 0.035195 0.069532
v 0.113721 0.052339 0.071443
v 0.109246 0.048804 0.078299
v 0.111386 0.052317 0.075111
v 0.122531 0.062922 0.057982
v 0.125665 0.061639 0.053417
v 0.119025 0.058563 0.063297
v 0.133772 0.069446 0.040638
v 0.130864 0.077606 0.045193
v 0.126128 0.065340 0.052922
v 0.128953 0.067892 0.048514
v 0.115891 0.056362 0.068139
v 0.149281 0.031670 0.014675
v 0.147484 0.029305 0.017796
v 0.124686 0.068014 0.055110
v 0.126642 0.070314 0.052160
v 0.134778 0.065050 0.038817
v 0.124155 0.075892 0.055821
v 0.123028 0.070227 0.057645
v 0.121205 0.073068 0.060255
v 0.110104 0.044910 0.076847
v 0.112280 0.057194 0.073755
v 0.108881 0.055121 0.079020
v 0.124904 0.071760 0.054821
v 0.129086 0.077735 0.048269
v 0.127659 0.081401 0.050526
v 0.129308 0.073535 0.047825
v 0.127077 0.075275 0.051559
v 0.114257 0.063051 0.070619
v 0.116873 0.060656 0.066683
v 0.118123 0.065283 0.064688
v 0.120620 0.068302 0.060958
v 0.136231 0.028805 0.035590
v 0.144125 0.072445 0.024416
v 0.138314 0.033296 0.032298
v 0.145027 0.051981 0.022795
v 0.140590 0.082537 0.030781
v 0.138342 0.054769 0.033038
v 0.135725 0.070482 0.037365
v 0.141602 0.086566 0.029619
v 0.140208 0.051874 0.030103
v 0.139126 0.090238 0.033192
v 0.142281 0.080326 0.028094
v 0.153242 0.058382 0.010509
v 0.151605 0.052989 0.012665
v 0.143770 0.077402 0.025604
v 0.152870 0.092221 0.011841
v 0.153122 0.088747 0.011272
v 0.150836 0.091368 0.015279
v 0.143691 0.092686 0.026390
v 0.146375 0.091597 0.022335
v 0.145281 0.095358 0.023867
v 0.147989 0.093484 0.019768
v 0.141038 0.031432 0.028144
v 0.149799 0.028806 0.014132
v 0.150103 0.034187 0.013383
v 0.162809 0.121579 0.002783
v 0.163782 0.121502 0.002629
v 0.163041 0.121644 0.002197
v 0.161937 0.121788 0.002658
v 0.162576 0.121798 0.002285
v 0.162594 0.121846 0.001648
v 0.158990 0.121529 0.008027
v 0.158659 0.121707 0.007371
v 0.157755 0.121730 0.008103
v 0.163884 0.121829 -0.000205
v 0.163156 0.121708 0.000535
v 0.164464 0.121532 0.000553
v 0.162375 0.121550 0.004537
v 0.162529 0.120799 0.005613
v 0.163157 0.121065 0.004477
v 0.162800 0.121524 0.003985
v 0.161403 0.122053 0.001909
v 0.160833 0.121894 0.003106
v 0.164648 0.121190 0.002089
v 0.164088 0.120190 0.002842
v 0.165118 0.120141 0.001278
v 0.164187 0.121501 0.001593
v 0.165011 0.121453 0.001397
v 0.157559 0.118953 0.012604
v 0.159022 0.120367 0.010579
v 0.158382 0.121061 0.011654
v 0.163512 0.121539 0.001149
v 0.153819 0.098772 0.010113
v 0.157247 0.094356 0.004843
v 0.154401 0.092776 0.009200
v 0.158300 0.121456 0.009595
v 0.157640 0.121688 0.009213
v 0.157280 0.121619 0.010161
v 0.177569 0.074011 -0.026745
v 0.176676 0.078322 -0.024962
v 0.178809 0.079286 -0.027891
v 0.177230 0.083669 -0.025419
v 0.160314 0.121443 0.006661
v 0.159415 0.121571 0.006929
v 0.160031 0.121412 0.007488
v 0.171321 0.079253 -0.017296
v 0.169617 0.081419 -0.014559
v 0.170998 0.083626 -0.016549
v 0.158432 0.121780 0.006562
v 0.164996 0.094996 -0.006048
v 0.166576 0.091996 -0.008443
v 0.164712 0.091834 -0.005718
v 0.158283 0.121481 0.008724
v 0.161701 0.121126 0.006654
v 0.161134 0.119217 0.007201
v 0.156856 0.100265 0.005671
v 0.159711 0.098275 0.001518
v 0.163878 0.070147 -0.005414
v 0.162859 0.066237 -0.004002
v 0.161278 0.068724 -0.001256
v 0.166007 0.099264 -0.007471
v 0.168360 0.097848 -0.011125
v 0.167324 0.095199 -0.009508
v 0.160477 0.122091 0.002125
v 0.160981 0.121680 0.000883
v 0.159791 0.121344 0.002504
v 0.155504 0.068168 0.007510
v 0.155739 0.062587 0.006879
v 0.152212 0.064840 0.012295
v 0.157936 0.121472 0.010668
v 0.161298 0.110497 -0.000611
v 0.162022 0.115553 -0.002007
v 0.163583 0.112134 -0.004249
v 0.172467 0.086344 -0.018656
v 0.172655 0.090051 -0.018832
v 0.174785 0.086969 -0.022011
v 0.159923 0.121013 0.009167
v 0.159656 0.119442 0.009411
v 0.160845 0.120639 0.007855
v 0.160135 0.121916 0.004142
v 0.159750 0.121788 0.004832
v 0.160158 0.121878 0.004792
v 0.160063 0.121629 0.005627
v 0.160794 0.121871 0.004413
v 0.163602 0.120802 0.003644
v 0.163227 0.121557 0.003525
v 0.162293 0.121504 0.003589
v 0.161466 0.121682 0.003565
v 0.161636 0.121581 0.004228
v 0.175263 0.081230 -0.022861
v 0.173314 0.081950 -0.020062
v 0.158776 0.110478 0.010173
v 0.156011 0.113148 0.014473
v 0.157353 0.106574 0.012226
v 0.162813 0.119057 0.004585
v 0.174348 0.093017 -0.021467
v 0.163397 0.121466 0.001787
v 0.161446 0.121595 0.005318
v 0.159304 0.115687 0.009697
v 0.160693 0.113058 0.007375
v 0.159830 0.122140 0.003334
v 0.159464 0.121922 0.004358
v 0.160432 0.121432 0.008065
v 0.160923 0.121677 0.007188
v 0.158895 0.121344 0.008799
v 0.159667 0.121380 0.008445
v 0.162894 0.122069 -0.000320
v 0.156714 0.103904 0.005867
v 0.156795 0.107475 0.005844
v 0.158686 0.103294 0.003132
v 0.161647 0.102071 -0.000921
v 0.162874 0.097800 -0.003009
v 0.161928 0.122151 0.000762
v 0.161108 0.122165 0.001306
v 0.171903 0.095382 -0.017438
v 0.158057 0.121070 0.004830
v 0.158365 0.121928 0.005286
v 0.158907 0.121896 0.004117
v 0.157423 0.121852 0.007397
v 0.156421 0.121826 0.008386
v 0.159120 0.121857 0.005252
v 0.162053 0.058750 -0.003766
v 0.160821 0.060529 -0.001565
v 0.162730 0.062585 -0.004398
v 0.172891 0.070260 -0.020216
v 0.170878 0.074342 -0.016856
v 0.174271 0.075994 -0.021719
v 0.169897 0.088916 -0.014328
v 0.161347 0.116545 0.006634
v 0.168879 0.073408 -0.013820
v 0.169956 0.069550 -0.015794
v 0.161892 0.072928 -0.002101
v 0.160970 0.076293 -0.000576
v 0.164168 0.076268 -0.005587
v 0.154767 0.120696 0.009945
v 0.156132 0.120835 0.007650
v 0.154966 0.118567 0.009197
v 0.155571 0.121677 0.010264
v 0.156746 0.121643 0.009501
v 0.162258 0.107618 -0.001869
v 0.163728 0.108637 -0.004122
v 0.163077 0.105055 -0.002976
v 0.158614 0.072569 0.002821
v 0.158944 0.121972 0.004723
v 0.159173 0.108004 0.002453
v 0.168182 0.077456 -0.012500
v 0.169317 0.094388 -0.012816
v 0.169247 0.084325 -0.013664
v 0.168689 0.102184 -0.011737
v 0.163719 0.101735 -0.004073
v 0.170021 0.098155 -0.013891
v 0.160144 0.094175 0.000612
v 0.158983 0.121479 0.010134
v 0.168218 0.092147 -0.011013
v 0.153242 0.058382 0.010509
v 0.157175 0.078136 0.005189
v 0.155137 0.073845 0.008240
v 0.166878 0.071236 -0.010604
v 0.166830 0.085038 -0.009461
v 0.167690 0.089872 -0.010410
v 0.156076 0.087650 0.006548
v 0.167975 0.082031 -0.011793
v 0.168065 0.065185 -0.012970
v 0.167630 0.088074 -0.010408
v 0.155347 0.121476 0.009292
v 0.158285 0.086552 0.003289
v 0.159818 0.089734 0.001042
v 0.166292 0.080635 -0.008973
v 0.165570 0.104840 -0.006956
v 0.161021 0.106145 -0.000039
v 0.159207 0.120097 0.002953
v 0.163988 0.085879 -0.004879
v 0.161759 0.086694 -0.001662
v 0.163143 0.089384 -0.003616
v 0.160897 0.064195 -0.001059
v 0.159914 0.114183 0.001324
v 0.165912 0.088894 -0.007627
v 0.160905 0.121540 0.006215
v 0.154030 0.078662 0.009938
v 0.152453 0.074994 0.012426
v 0.165110 0.064993 -0.008088
v 0.162700 0.115175 0.004551
v 0.153122 0.088747 0.011272
v 0.152870 0.092221 0.011841
v 0.164217 0.081827 -0.005385
v 0.154120 0.109702 0.010365
v 0.156357 0.111935 0.006733
v 0.155035 0.103869 0.008437
v 0.161801 0.083139 -0.001623
v 0.162173 0.079640 -0.002214
v 0.162479 0.093434 -0.002668
v 0.161428 0.095865 -0.001027
v 0.158493 0.066241 0.002829
v 0.158606 0.060354 0.002184
v 0.153397 0.084016 0.010715
v 0.160024 0.118071 0.001329
v 0.157565 0.119222 0.005130
v 0.159780 0.085039 0.001233
v 0.160548 0.056588 -0.001221
v 0.159712 0.080378 0.001425
v 0.152619 0.104904 0.012285
v 0.155578 0.082334 0.007495
v 0.158219 0.054478 0.002845
v 0.159029 0.076758 0.002296
v 0.159217 0.121412 0.009251
v 0.157639 0.083323 0.004392
v 0.156333 0.057659 0.005789
v 0.164108 0.059441 -0.007057
v 0.159904 0.116110 0.001350
v 0.158488 0.111531 0.003442
v 0.155137 0.052352 0.007276
v 0.152773 0.070391 0.011796
v 0.157552 0.115858 0.004849
v 0.153049 0.094736 0.011415
v 0.161051 0.120277 0.000345
v 0.151605 0.052989 0.012665
v 0.152730 0.048486 0.010448
v 0.161959 0.122083 -0.000236
v 0.154805 0.114600 0.009277
v 0.157232 0.121828 0.006552
v 0.149799 0.028806 0.014132
v 0.149281 0.031670 0.014675
v 0.152325 0.030155 0.009628
v 0.157950 0.018603 -0.000167
v 0.157826 0.019242 0.000804
v 0.158338 0.019724 -0.000271
v 0.147042 0.015762 0.011898
v 0.148091 0.015887 0.007781
v 0.144482 0.016046 0.008773
v 0.154134 0.016450 0.002268
v 0.152264 0.016464 0.000147
v 0.152677 0.016151 0.004099
v 0.148362 0.015969 0.014975
v 0.148056 0.016063 0.016477
v 0.149289 0.016320 0.014865
v 0.158051 0.017231 -0.002747
v 0.157881 0.017939 -0.001144
v 0.158469 0.018079 -0.001944
v 0.162276 0.016599 -0.010796
v 0.163862 0.016679 -0.012888
v 0.162093 0.016482 -0.012686
v 0.150186 0.016494 -0.010522
v 0.144615 0.016580 -0.007954
v 0.148286 0.016629 -0.006888
v 0.147204 0.015810 0.014871
v 0.144936 0.015723 0.014870
v 0.157508 0.019759 0.001907
v 0.156814 0.018731 0.003342
v 0.156862 0.021350 0.003512
v 0.161316 0.016577 -0.008968
v 0.160017 0.016361 -0.010408
v 0.115043 0.016172 0.005077
v 0.117904 0.016262 0.007240
v 0.118269 0.016227 0.002176
v 0.149373 0.017059 0.016486
v 0.161169 0.016619 -0.007286
v 0.162215 0.016861 -0.008201
v 0.160702 0.017001 -0.005831
v 0.160053 0.016580 -0.006443
v 0.159371 0.017561 -0.003769
v 0.158927 0.016899 -0.004152
v 0.128500 0.016761 0.007611
v 0.128330 0.016753 0.004677
v 0.124206 0.016634 0.007701
v 0.153942 0.040975 0.008344
v 0.154956 0.037729 0.006249
v 0.151710 0.037145 0.011135
v 0.163585 0.016395 -0.015361
v 0.152000 0.043269 0.011321
v 0.154947 0.045671 0.007192
v 0.159540 0.016750 -0.005265
v 0.158597 0.016597 -0.004884
v 0.155526 0.016716 0.002038
v 0.156559 0.017580 0.002490
v 0.156573 0.017381 0.000759
v 0.120620 0.016195 -0.002360
v 0.124790 0.016110 -0.004881
v 0.121114 0.016116 -0.005744
v 0.158186 0.020953 0.000414
v 0.162140 0.017573 -0.006956
v 0.158753 0.019011 -0.001502
v 0.153447 0.016535 -0.004227
v 0.156959 0.016302 -0.006690
v 0.153945 0.016331 -0.008224
v 0.124520 0.016411 0.003525
v 0.124730 0.016135 -0.000601
v 0.121772 0.016182 0.001520
v 0.157094 0.016618 -0.004003
v 0.155670 0.016618 -0.003415
v 0.156567 0.016832 -0.002445
v 0.155264 0.024635 0.005848
v 0.155254 0.021463 0.006869
v 0.160697 0.018150 -0.004867
v 0.159901 0.017274 -0.004732
v 0.143183 0.016428 0.004623
v 0.140181 0.016609 0.002442
v 0.139839 0.016616 0.007123
v 0.144658 0.015852 0.011973
v 0.155625 0.016804 -0.001358
v 0.156800 0.017202 -0.000978
v 0.121132 0.016341 0.005369
v 0.146477 0.016258 0.004229
v 0.159384 0.018405 -0.003025
v 0.132207 0.016901 0.005722
v 0.131976 0.016672 0.009468
v 0.161260 0.027724 -0.004757
v 0.158619 0.029485 -0.000992
v 0.161363 0.031382 -0.004910
v 0.165861 0.016662 -0.015000
v 0.155819 0.029549 0.003583
v 0.156109 0.026811 0.003648
v 0.154248 0.027669 0.006617
v 0.155887 0.016911 0.000162
v 0.157988 0.023217 0.000815
v 0.131710 0.016391 -0.006317
v 0.132669 0.016449 -0.002658
v 0.135242 0.016411 -0.006327
v 0.126347 0.016140 -0.002235
v 0.127597 0.016278 -0.000827
v 0.126779 0.016571 0.010718
v 0.151088 0.015919 0.007434
v 0.149165 0.015863 0.009954
v 0.150689 0.016105 0.010171
v 0.159025 0.020647 -0.001383
v 0.140995 0.016538 -0.002610
v 0.145469 0.016636 -0.004293
v 0.155682 0.016883 0.003771
v 0.157084 0.024574 0.002384
v 0.135507 0.016818 0.007292
v 0.136990 0.016528 0.010411
v 0.163791 0.017030 -0.010779
v 0.165436 0.017323 -0.012616
v 0.163475 0.017639 -0.008959
v 0.151586 0.033232 0.010859
v 0.150103 0.034187 0.013383
v 0.144765 0.016499 0.000271
v 0.149230 0.016681 -0.003312
v 0.152950 0.016774 0.009583
v 0.151698 0.016477 0.010544
v 0.152241 0.016955 0.011175
v 0.154667 0.016716 0.006458
v 0.155728 0.017519 0.005454
v 0.155430 0.016824 0.005021
v 0.158181 0.026013 0.000027
v 0.159747 0.016443 -0.007578
v 0.158788 0.016512 -0.005996
v 0.165021 0.018309 -0.010795
v 0.162647 0.016832 -0.009488
v 0.162222 0.018895 -0.006393
v 0.166843 0.017363 -0.014294
v 0.167632 0.016879 -0.015811
v 0.154433 0.016643 -0.001731
v 0.154154 0.033516 0.006549
v 0.159080 0.022807 -0.001125
v 0.141673 0.016066 0.012280
v 0.151617 0.016091 0.008807
v 0.160118 0.021780 -0.002906
v 0.153229 0.017640 0.010389
v 0.153909 0.017461 0.009409
v 0.153897 0.020284 0.009473
v 0.151876 0.020761 0.012802
v 0.153241 0.022892 0.010125
v 0.150019 0.016081 0.004198
v 0.148711 0.016408 0.000974
v 0.152918 0.016334 0.008108
v 0.161471 0.019589 -0.005038
v 0.160366 0.018987 -0.003899
v 0.164486 0.018936 -0.009494
v 0.167680 0.020304 -0.013015
v 0.168618 0.019525 -0.014294
v 0.167123 0.018990 -0.013062
v 0.157307 0.018148 0.000979
v 0.152996 0.018889 0.010977
v 0.154040 0.018412 0.009311
v 0.163491 0.018866 -0.007969
v 0.167537 0.023777 -0.012548
v 0.167864 0.021653 -0.012919
v 0.166292 0.021421 -0.011195
v 0.156729 0.032049 0.002074
v 0.166541 0.018008 -0.013154
v 0.167986 0.017468 -0.015251
v 0.157869 0.016479 -0.005058
v 0.155418 0.017767 0.006485
v 0.156168 0.018833 0.005113
v 0.164819 0.020334 -0.009371
v 0.165551 0.019901 -0.010715
v 0.166343 0.019452 -0.011886
v 0.160025 0.019990 -0.003100
v 0.136301 0.016475 -0.002593
v 0.132567 0.016789 0.001689
v 0.137291 0.016619 0.000809
v 0.150061 0.016941 0.015125
v 0.150846 0.016520 0.012204
v 0.167891 0.018231 -0.014336
v 0.158022 0.016636 -0.004082
v 0.169098 0.017170 -0.016572
v 0.149262 0.015911 0.012004
v 0.157288 0.018614 0.001882
v 0.139196 0.016452 -0.007572
v 0.150385 0.016778 0.014075
v 0.149632 0.016206 0.013466
v 0.160514 0.024392 -0.003448
v 0.164086 0.024948 -0.008280
v 0.153275 0.016170 0.006212
v 0.163314 0.020815 -0.007247
v 0.161684 0.021759 -0.004967
v 0.168878 0.017861 -0.015587
v 0.160280 0.016397 -0.013825
v 0.156057 0.016304 -0.011593
v 0.136325 0.016839 0.004271
v 0.151228 0.017290 0.013440
v 0.150583 0.017846 0.014939
v 0.157277 0.035265 0.001809
v 0.166008 0.018350 -0.012145
v 0.158875 0.032578 -0.001118
v 0.151139 0.016559 -0.006711
v 0.151853 0.017358 0.012344
v 0.154470 0.017559 0.008070
v 0.155446 0.018651 0.006653
v 0.156116 0.017473 0.004224
v 0.151891 0.016321 0.009463
v 0.159714 0.026735 -0.002410
v 0.152463 0.017771 0.011595
v 0.151722 0.018550 0.013019
v 0.166803 0.020720 -0.011933
v 0.157412 0.039126 0.002851
v 0.156098 0.041394 0.005364
v 0.154566 0.016396 0.004358
v 0.150371 0.019599 0.015452
v 0.151956 0.026434 0.011114
v 0.154681 0.016670 0.000252
v 0.156236 0.018038 0.004604
v 0.150339 0.023718 0.014653
v 0.154896 0.019361 0.007589
v 0.148477 0.015922 0.013710
v 0.157298 0.017798 -0.000100
v 0.155879 0.019894 0.005818
v 0.150149 0.047173 0.014411
v 0.152730 0.048486 0.010448
v 0.159815 0.038288 -0.001125
v 0.148403 0.026749 0.016941
v 0.165261 0.022134 -0.009692
v 0.151605 0.052989 0.012665
v 0.160429 0.035098 -0.002999
v 0.149548 0.021774 0.016480
v 0.163427 0.029017 -0.007816
v 0.127791 0.016509 0.001541
v 0.130106 0.016484 -0.000665
v 0.128866 0.016265 -0.003354
v 0.126504 0.077838 0.059097
v 0.126554 0.082239 0.059221
v 0.124990 0.080954 0.061576
v 0.116764 0.121061 0.072988
v 0.116194 0.121163 0.073569
v 0.116486 0.120956 0.073701
v 0.116562 0.120542 0.076562
v 0.117204 0.120585 0.075429
v 0.116641 0.120874 0.076188
v 0.126058 0.120596 0.062476
v 0.125506 0.120985 0.061476
v 0.125193 0.120777 0.062392
v 0.115765 0.115725 0.077203
v 0.116783 0.113573 0.075509
v 0.118888 0.115129 0.072250
v 0.127799 0.091795 0.057423
v 0.126863 0.093814 0.059106
v 0.126397 0.090015 0.059726
v 0.112745 0.115478 0.075112
v 0.111355 0.115698 0.077406
v 0.111953 0.117968 0.076947
v 0.120284 0.104673 0.069615
v 0.121583 0.107043 0.067717
v 0.119793 0.109453 0.070448
v 0.125025 0.111159 0.062476
v 0.123007 0.109465 0.065626
v 0.124739 0.108654 0.063015
v 0.117858 0.120892 0.071801
v 0.117315 0.120925 0.073196
v 0.121785 0.094826 0.066935
v 0.121988 0.098132 0.066806
v 0.120017 0.095214 0.069713
v 0.121673 0.118525 0.068849
v 0.120790 0.119304 0.070312
v 0.120290 0.117664 0.070595
v 0.116394 0.119298 0.071311
v 0.117250 0.120503 0.070766
v 0.117528 0.119508 0.069875
v 0.126212 0.109070 0.060491
v 0.124634 0.117101 0.063855
v 0.122912 0.118344 0.066886
v 0.121827 0.116647 0.068113
v 0.129048 0.114011 0.056327
v 0.129853 0.111319 0.054946
v 0.130912 0.114182 0.053483
v 0.122584 0.113360 0.066418
v 0.127367 0.115879 0.059254
v 0.125560 0.113944 0.061810
v 0.127438 0.111316 0.058596
v 0.127410 0.107590 0.058632
v 0.129430 0.106456 0.055418
v 0.123419 0.105775 0.064957
v 0.115695 0.121213 0.073734
v 0.114938 0.121430 0.074313
v 0.115769 0.121042 0.074222
v 0.117330 0.111341 0.074441
v 0.117409 0.108292 0.074276
v 0.125727 0.106260 0.061314
v 0.120117 0.100398 0.069750
v 0.118101 0.102707 0.073001
v 0.117873 0.098658 0.073202
v 0.123734 0.120844 0.063806
v 0.123079 0.120936 0.063281
v 0.122670 0.120892 0.064922
v 0.118194 0.106149 0.072792
v 0.118796 0.119137 0.067909
v 0.117329 0.117944 0.069111
v 0.122183 0.120792 0.068573
v 0.121447 0.120553 0.069705
v 0.121876 0.119819 0.068936
v 0.126738 0.120515 0.061490
v 0.126982 0.121153 0.060614
v 0.126382 0.121129 0.061382
v 0.117559 0.119472 0.074871
v 0.116475 0.119826 0.076553
v 0.121922 0.105077 0.067161
v 0.116316 0.117108 0.070290
v 0.115029 0.117683 0.072413
v 0.114776 0.120148 0.073744
v 0.114996 0.121182 0.075653
v 0.113467 0.121268 0.075719
v 0.113814 0.121250 0.076489
v 0.118141 0.119962 0.074205
v 0.118455 0.120541 0.073952
v 0.119140 0.119129 0.072776
v 0.117122 0.118022 0.075314
v 0.116125 0.121199 0.073171
v 0.115506 0.121172 0.073356
v 0.125381 0.120758 0.063552
v 0.124480 0.120840 0.064177
v 0.124874 0.120149 0.064553
v 0.124236 0.119136 0.065133
v 0.122405 0.120696 0.066638
v 0.123195 0.120619 0.067169
v 0.122991 0.120739 0.065970
v 0.127166 0.098418 0.058832
v 0.127197 0.103643 0.058971
v 0.124878 0.102052 0.062525
v 0.123538 0.119798 0.066491
v 0.122610 0.119495 0.067768
v 0.112876 0.119730 0.075959
v 0.129331 0.117075 0.056250
v 0.127841 0.119038 0.058985
v 0.119369 0.120732 0.072225
v 0.117833 0.120851 0.073495
v 0.120434 0.120164 0.071196
v 0.116570 0.120879 0.074345
v 0.119526 0.089363 0.070308
v 0.121635 0.088885 0.067147
v 0.122165 0.091831 0.066338
v 0.124476 0.120781 0.063064
v 0.124245 0.120478 0.065425
v 0.123743 0.120812 0.064737
v 0.120827 0.092769 0.068244
v 0.114018 0.118985 0.074280
v 0.113475 0.117587 0.074561
v 0.125300 0.119509 0.063624
v 0.118865 0.120681 0.071596
v 0.118275 0.120728 0.072473
v 0.111510 0.112541 0.076655
v 0.122431 0.120791 0.065939
v 0.116378 0.121107 0.075347
v 0.115714 0.121140 0.076163
v 0.116454 0.121023 0.075939
v 0.113877 0.121094 0.077100
v 0.112911 0.121510 0.077545
v 0.116222 0.120912 0.072261
v 0.118779 0.082658 0.071314
v 0.121295 0.080616 0.067429
v 0.121930 0.085555 0.066569
v 0.124634 0.092338 0.062468
v 0.124593 0.088442 0.062588
v 0.115873 0.115072 0.070006
v 0.125653 0.087436 0.060764
v 0.124787 0.084851 0.062141
v 0.127126 0.085762 0.058497
v 0.123766 0.120738 0.066208
v 0.113387 0.112833 0.073335
v 0.112796 0.105810 0.073823
v 0.111156 0.105768 0.076752
v 0.112725 0.109418 0.073982
v 0.126375 0.119243 0.061675
v 0.114263 0.115176 0.072512
v 0.114905 0.121102 0.077152
v 0.115985 0.120973 0.076748
v 0.123850 0.120918 0.062719
v 0.122229 0.102159 0.066602
v 0.123224 0.099625 0.064812
v 0.119675 0.117928 0.065840
v 0.120262 0.119230 0.065652
v 0.118883 0.116857 0.066320
v 0.129572 0.098905 0.055134
v 0.128924 0.102151 0.056275
v 0.117449 0.115833 0.067931
v 0.123481 0.086999 0.064191
v 0.119886 0.117082 0.064808
v 0.131239 0.118035 0.053310
v 0.126101 0.121102 0.060473
v 0.123891 0.096538 0.063748
v 0.125650 0.095644 0.060953
v 0.125295 0.121108 0.060319
v 0.124557 0.121041 0.061672
v 0.120894 0.117895 0.063804
v 0.123599 0.078635 0.063683
v 0.123430 0.082027 0.064189
v 0.126565 0.117924 0.060972
v 0.123323 0.065542 0.063748
v 0.122017 0.061497 0.065680
v 0.124054 0.059467 0.062331
v 0.123531 0.120864 0.065411
v 0.118769 0.073512 0.071021
v 0.121231 0.076069 0.067256
v 0.119321 0.078298 0.070370
v 0.122627 0.120378 0.068084
v 0.117506 0.113313 0.066907
v 0.122459 0.120890 0.067538
v 0.122906 0.088994 0.065116
v 0.121403 0.070837 0.066809
v 0.123914 0.070389 0.063006
v 0.123620 0.074482 0.063423
v 0.115577 0.110992 0.069439
v 0.127203 0.120235 0.060457
v 0.129475 0.094528 0.054994
v 0.114346 0.107329 0.071274
v 0.118957 0.114636 0.065081
v 0.120536 0.116258 0.063265
v 0.110907 0.108859 0.077471
v 0.121357 0.056767 0.066395
v 0.122114 0.118716 0.062292
v 0.121871 0.117683 0.061846
v 0.117383 0.093592 0.073775
v 0.130557 0.102031 0.053597
v 0.120724 0.120805 0.068374
v 0.120065 0.120914 0.067963
v 0.120208 0.120794 0.069046
v 0.119212 0.120443 0.068190
v 0.119288 0.120955 0.068945
v 0.120669 0.120996 0.066751
v 0.119841 0.120260 0.067043
v 0.121644 0.120897 0.066724
v 0.121018 0.120922 0.067640
v 0.121585 0.120741 0.067533
v 0.119971 0.120660 0.069982
v 0.120571 0.120611 0.069501
v 0.120777 0.120387 0.065582
v 0.121508 0.121010 0.065767
v 0.121612 0.120845 0.064685
v 0.111907 0.121058 0.077705
v 0.118074 0.120247 0.069594
v 0.118638 0.120429 0.069006
v 0.118486 0.120908 0.070083
v 0.122493 0.120684 0.062737
v 0.122186 0.120864 0.063789
v 0.119486 0.120896 0.069739
v 0.121932 0.120751 0.067827
v 0.121370 0.120719 0.068449
v 0.121639 0.119851 0.063672
v 0.126760 0.121389 0.059711
v 0.122117 0.120926 0.066282
v 0.122024 0.120897 0.065938
v 0.122731 0.119939 0.061748
v 0.123423 0.121015 0.061725
v 0.120820 0.120557 0.068885
v 0.117305 0.120933 0.074544
v 0.119134 0.120827 0.070661
v 0.119489 0.068679 0.069713
v 0.131777 0.109732 0.051879
v 0.120468 0.120885 0.070369
v 0.128184 0.089376 0.056947
v 0.121003 0.120724 0.069360
v 0.120775 0.065436 0.067548
v 0.122923 0.118771 0.060686
v 0.123663 0.120380 0.060273
v 0.122006 0.120631 0.067218
v 0.119626 0.120658 0.070919
v 0.127844 0.121090 0.059222
v 0.124350 0.121380 0.060300
v 0.123334 0.110953 0.057455
v 0.120863 0.110672 0.061141
v 0.122255 0.112864 0.059164
v 0.131239 0.118035 0.053310
v 0.130707 0.120107 0.054597
v 0.129711 0.119383 0.055981
v 0.111717 0.101747 0.075622
v 0.111320 0.096827 0.076017
v 0.109004 0.098177 0.079807
v 0.120954 0.114089 0.061574
v 0.122583 0.116938 0.059964
v 0.122721 0.114983 0.058884
v 0.130213 0.103092 0.047499
v 0.132664 0.103090 0.043870
v 0.130927 0.100124 0.046453
v 0.116218 0.106009 0.068414
v 0.114194 0.103301 0.071653
v 0.114346 0.107329 0.071274
v 0.125599 0.117127 0.054951
v 0.124082 0.114161 0.056660
v 0.124079 0.116778 0.057398
v 0.123550 0.100679 0.057293
v 0.123752 0.104688 0.056936
v 0.125750 0.100575 0.054065
v 0.107672 0.072034 0.081128
v 0.110454 0.073718 0.076791
v 0.109067 0.070092 0.078949
v 0.118123 0.065283 0.064688
v 0.114257 0.063051 0.070619
v 0.115375 0.067159 0.068768
v 0.131378 0.121667 0.047252
v 0.132324 0.121535 0.047249
v 0.132298 0.121676 0.046176
v 0.119081 0.103141 0.064277
v 0.117954 0.107892 0.065670
v 0.108995 0.086635 0.079611
v 0.111991 0.089382 0.074953
v 0.111937 0.084789 0.075105
v 0.135139 0.112785 0.039699
v 0.131739 0.110301 0.044954
v 0.132999 0.114874 0.042926
v 0.130729 0.121648 0.048366
v 0.130801 0.121649 0.049320
v 0.131455 0.121582 0.048356
v 0.129379 0.121464 0.053288
v 0.129631 0.121223 0.054611
v 0.130584 0.121238 0.053178
v 0.120536 0.116258 0.063265
v 0.112796 0.105810 0.073823
v 0.128453 0.121135 0.051758
v 0.128665 0.121603 0.052099
v 0.129180 0.121533 0.051539
v 0.129331 0.117075 0.056250
v 0.110144 0.092988 0.077764
v 0.125312 0.118806 0.056312
v 0.124326 0.118519 0.058003
v 0.118757 0.093448 0.065173
v 0.122390 0.094300 0.059282
v 0.120730 0.090912 0.061847
v 0.132506 0.121727 0.045003
v 0.131811 0.121626 0.046078
v 0.131333 0.119691 0.053379
v 0.132151 0.119887 0.052075
v 0.127659 0.081401 0.050526
v 0.127989 0.087068 0.050093
v 0.131053 0.086262 0.045284
v 0.131913 0.120925 0.052349
v 0.131306 0.120546 0.053572
v 0.122813 0.085373 0.057875
v 0.125672 0.087901 0.053742
v 0.125908 0.084802 0.053183
v 0.111011 0.067415 0.075761
v 0.109539 0.064687 0.078378
v 0.108991 0.067528 0.079171
v 0.127681 0.105171 0.051390
v 0.128620 0.100199 0.049799
v 0.127305 0.121451 0.056091
v 0.127611 0.121302 0.057048
v 0.128401 0.121305 0.055913
v 0.120745 0.087683 0.061385
v 0.117876 0.088559 0.066074
v 0.123255 0.089839 0.057607
v 0.126686 0.092087 0.052533
v 0.125043 0.096849 0.055198
v 0.127375 0.097397 0.051672
v 0.110400 0.083924 0.077445
v 0.113952 0.097888 0.072141
v 0.118957 0.114636 0.065081
v 0.125934 0.120405 0.055932
v 0.126295 0.119429 0.054627
v 0.125927 0.114768 0.053860
v 0.124974 0.112341 0.055179
v 0.129948 0.095662 0.047722
v 0.112005 0.077545 0.074700
v 0.113574 0.080883 0.072415
v 0.113573 0.075095 0.071901
v 0.131577 0.104795 0.045423
v 0.116570 0.101045 0.068276
v 0.129368 0.121284 0.050437
v 0.129867 0.121542 0.050910
v 0.111156 0.105768 0.076752
v 0.130423 0.106229 0.047213
v 0.132385 0.106373 0.044255
v 0.129985 0.121377 0.049224
v 0.130154 0.121558 0.050092
v 0.125803 0.121579 0.057436
v 0.126598 0.121491 0.057751
v 0.114693 0.086053 0.070805
v 0.116419 0.083379 0.067814
v 0.112400 0.093525 0.074261
v 0.118396 0.110822 0.065050
v 0.119512 0.108641 0.063184
v 0.106949 0.081801 0.082773
v 0.110276 0.080318 0.077517
v 0.116168 0.071651 0.067601
v 0.113445 0.069657 0.071790
v 0.121222 0.107010 0.060648
v 0.122803 0.108455 0.058200
v 0.134752 0.107218 0.040516
v 0.130043 0.121470 0.051975
v 0.127707 0.121480 0.054603
v 0.126951 0.121602 0.055211
v 0.113371 0.087919 0.072865
v 0.130423 0.121215 0.048155
v 0.129470 0.107968 0.048559
v 0.128366 0.110432 0.050016
v 0.126760 0.121389 0.059711
v 0.126013 0.121281 0.059518
v 0.126101 0.121102 0.060473
v 0.124155 0.075892 0.055821
v 0.123959 0.081207 0.055920
v 0.120950 0.080939 0.060427
v 0.129220 0.120157 0.049646
v 0.128527 0.117531 0.049835
v 0.127281 0.118602 0.052362
v 0.121811 0.099351 0.060155
v 0.125222 0.120375 0.057270
v 0.124634 0.120943 0.058731
v 0.123663 0.120380 0.060273
v 0.124066 0.119407 0.059129
v 0.126126 0.121428 0.056028
v 0.127288 0.115298 0.051676
v 0.126655 0.112732 0.052635
v 0.112280 0.057194 0.073755
v 0.110146 0.058830 0.077171
v 0.110952 0.061721 0.075956
v 0.132498 0.120829 0.044499
v 0.131072 0.120116 0.046555
v 0.131756 0.121111 0.045794
v 0.131809 0.121574 0.049302
v 0.131958 0.121479 0.048385
v 0.114974 0.091619 0.070639
v 0.116761 0.096459 0.068163
v 0.133115 0.096241 0.042918
v 0.132527 0.099130 0.043960
v 0.127437 0.095323 0.051595
v 0.125295 0.121108 0.060319
v 0.125559 0.121492 0.058935
v 0.124350 0.121380 0.060300
v 0.121319 0.103497 0.060657
v 0.126784 0.116642 0.052636
v 0.130984 0.121007 0.047122
v 0.127844 0.121090 0.059222
v 0.127090 0.121515 0.059127
v 0.130597 0.120986 0.054480
v 0.119315 0.112674 0.063842
v 0.128975 0.121165 0.056730
v 0.128439 0.121146 0.056684
v 0.128182 0.121231 0.057633
v 0.129834 0.120874 0.055902
v 0.128916 0.120655 0.057619
v 0.120272 0.083706 0.061644
v 0.118434 0.081280 0.064390
v 0.118991 0.085042 0.063888
v 0.127805 0.121620 0.053760
v 0.128430 0.121612 0.052933
v 0.127745 0.121334 0.053079
v 0.119780 0.106154 0.062996
v 0.132988 0.121076 0.050213
v 0.132077 0.121262 0.051189
v 0.132844 0.120543 0.051140
v 0.132526 0.121470 0.048371
v 0.126633 0.120967 0.054822
v 0.108881 0.055121 0.079020
v 0.130049 0.119004 0.047692
v 0.131448 0.117853 0.045327
v 0.128281 0.121467 0.053832
v 0.123728 0.109355 0.056967
v 0.118807 0.070828 0.063705
v 0.120620 0.068302 0.060958
v 0.129088 0.121139 0.055800
v 0.129009 0.121153 0.055227
v 0.127171 0.121423 0.054078
v 0.121754 0.077800 0.059224
v 0.121205 0.073068 0.060255
v 0.118848 0.076209 0.063641
v 0.120663 0.085570 0.061221
v 0.135232 0.100226 0.039792
v 0.127841 0.119038 0.058985
v 0.129065 0.121541 0.052285
v 0.130539 0.113777 0.046479
v 0.107069 0.075895 0.082275
v 0.131068 0.121428 0.050637
v 0.133031 0.119894 0.050707
v 0.133650 0.120478 0.049807
v 0.117506 0.113313 0.066907
v 0.115577 0.110992 0.069439
v 0.109652 0.102926 0.079139
v 0.122923 0.118771 0.060686
v 0.125117 0.109186 0.054913
v 0.108662 0.060958 0.079643
v 0.132125 0.121218 0.050186
v 0.128742 0.114751 0.049206
v 0.127437 0.120495 0.053093
v 0.116052 0.078037 0.068124
v 0.126300 0.121470 0.058693
v 0.129856 0.090471 0.047414
v 0.119299 0.098048 0.064353
v 0.131188 0.121347 0.051884
v 0.126607 0.121521 0.059073
v 0.127139 0.121480 0.058405
v 0.132717 0.121175 0.049321
v 0.128548 0.121402 0.054596
v 0.121871 0.117683 0.061846
v 0.132530 0.091523 0.043448
v 0.133719 0.118715 0.049530
v 0.128695 0.121511 0.053609
v 0.137508 0.105536 0.036025
v 0.134642 0.094552 0.040411
v 0.211842 0.097393 -0.083422
v 0.214334 0.100435 -0.081604
v 0.214113 0.098154 -0.081809
v 0.213909 0.090658 -0.082113
v 0.212561 0.086036 -0.083143
v 0.211491 0.089588 -0.083790
v 0.215775 0.106691 -0.076411
v 0.215480 0.105340 -0.076227
v 0.216358 0.105695 -0.076710
v 0.203956 0.091638 -0.088911
v 0.205288 0.090630 -0.088119
v 0.203211 0.089064 -0.089568
v 0.211378 0.103403 -0.071762
v 0.211239 0.105445 -0.071663
v 0.210686 0.104338 -0.070025
v 0.207325 0.088323 -0.086669
v 0.208305 0.086181 -0.086074
v 0.205842 0.085426 -0.087781
v 0.212098 0.106201 -0.073422
v 0.211822 0.105913 -0.072730
v 0.211900 0.104703 -0.073136
v 0.215154 0.089123 -0.076172
v 0.214964 0.087635 -0.076109
v 0.216067 0.088128 -0.076511
v 0.213040 0.096212 -0.074859
v 0.213200 0.094668 -0.075117
v 0.214197 0.096945 -0.075792
v 0.211399 0.101572 -0.071495
v 0.210563 0.102120 -0.069549
v 0.211007 0.100795 -0.070651
v 0.206207 0.093729 -0.087388
v 0.205956 0.097532 -0.087474
v 0.208601 0.097353 -0.085716
v 0.216961 0.095546 -0.077441
v 0.216471 0.094233 -0.077252
v 0.217224 0.094269 -0.077682
v 0.216493 0.086908 -0.076836
v 0.216972 0.087698 -0.077291
v 0.207532 0.091554 -0.086528
v 0.214984 0.090768 -0.076195
v 0.215774 0.089663 -0.076380
v 0.215968 0.090676 -0.076569
v 0.211189 0.098623 -0.071248
v 0.211016 0.096877 -0.070806
v 0.211536 0.097664 -0.072101
v 0.217200 0.095471 -0.079618
v 0.215960 0.094795 -0.080390
v 0.215752 0.097500 -0.080565
v 0.216503 0.093133 -0.077041
v 0.216156 0.093726 -0.076904
v 0.215891 0.092952 -0.076684
v 0.216604 0.089572 -0.076919
v 0.216430 0.091673 -0.077030
v 0.217435 0.101733 -0.077948
v 0.217704 0.101497 -0.078991
v 0.217617 0.103137 -0.078156
v 0.205291 0.088146 -0.088159
v 0.212023 0.103042 -0.073224
v 0.211788 0.089758 -0.073334
v 0.212407 0.089552 -0.074399
v 0.212238 0.090581 -0.074027
v 0.211808 0.100806 -0.072962
v 0.211812 0.099358 -0.072645
v 0.212216 0.099575 -0.073526
v 0.212093 0.092963 -0.073498
v 0.211620 0.092924 -0.072466
v 0.212082 0.091708 -0.073463
v 0.210553 0.102061 -0.084224
v 0.208715 0.104809 -0.085417
v 0.211718 0.105760 -0.083295
v 0.213434 0.102241 -0.075173
v 0.212646 0.100897 -0.074374
v 0.213083 0.099947 -0.075040
v 0.210798 0.099432 -0.070062
v 0.210144 0.099805 -0.068492
v 0.210292 0.097278 -0.068845
v 0.216560 0.102812 -0.077021
v 0.216678 0.101280 -0.077028
v 0.217215 0.102515 -0.077525
v 0.202254 0.093102 -0.090013
v 0.199615 0.091524 -0.091884
v 0.200051 0.095436 -0.091509
v 0.212409 0.093702 -0.074207
v 0.211837 0.094044 -0.073323
v 0.202091 0.090512 -0.090357
v 0.210348 0.107782 -0.069126
v 0.209702 0.104984 -0.067698
v 0.210651 0.105887 -0.069744
v 0.215055 0.106480 -0.076141
v 0.214399 0.104445 -0.075870
v 0.215262 0.106468 -0.080715
v 0.217449 0.105457 -0.079088
v 0.216293 0.104418 -0.080004
v 0.216032 0.100029 -0.076398
v 0.215584 0.100751 -0.076264
v 0.216842 0.098445 -0.077325
v 0.217606 0.098639 -0.078166
v 0.217369 0.100229 -0.077930
v 0.215593 0.094348 -0.076711
v 0.216643 0.104212 -0.077074
v 0.217247 0.104972 -0.077846
v 0.216903 0.105432 -0.077238
v 0.211580 0.100492 -0.072172
v 0.211142 0.100075 -0.071333
v 0.211368 0.099264 -0.071931
v 0.216231 0.090262 -0.080426
v 0.217311 0.090521 -0.079646
v 0.217204 0.088820 -0.079770
v 0.214527 0.094932 -0.076091
v 0.214837 0.092804 -0.076256
v 0.207792 0.102890 -0.086124
v 0.212503 0.103245 -0.074274
v 0.212199 0.101635 -0.073634
v 0.207896 0.094149 -0.086199
v 0.209480 0.094515 -0.085150
v 0.215715 0.097967 -0.076543
v 0.216220 0.099119 -0.076649
v 0.215492 0.092816 -0.080894
v 0.207803 0.100253 -0.086239
v 0.213185 0.097998 -0.075119
v 0.212562 0.098727 -0.074343
v 0.212444 0.096679 -0.074089
v 0.212180 0.097864 -0.073542
v 0.213290 0.105116 -0.075186
v 0.216840 0.099924 -0.077022
v 0.217313 0.090585 -0.077740
v 0.217572 0.088222 -0.078120
v 0.217625 0.089796 -0.078501
v 0.211515 0.093225 -0.083790
v 0.214136 0.095165 -0.081808
v 0.211350 0.094998 -0.072058
v 0.202079 0.100443 -0.055931
v 0.201710 0.103538 -0.055401
v 0.200114 0.101545 -0.052963
v 0.217389 0.092724 -0.078149
v 0.217429 0.091122 -0.078393
v 0.215973 0.086496 -0.076535
v 0.216668 0.096722 -0.077197
v 0.216154 0.095532 -0.077040
v 0.211745 0.097224 -0.073039
v 0.211664 0.096275 -0.072777
v 0.211129 0.091543 -0.071442
v 0.209965 0.102945 -0.068194
v 0.209633 0.102023 -0.067496
v 0.216978 0.092788 -0.077456
v 0.206849 0.102083 -0.063016
v 0.206153 0.106135 -0.061753
v 0.204771 0.104422 -0.059758
v 0.198839 0.097630 -0.092218
v 0.199525 0.099217 -0.091720
v 0.200465 0.098183 -0.091111
v 0.217691 0.095435 -0.078661
v 0.217506 0.096667 -0.077995
v 0.217457 0.094706 -0.078202
v 0.217195 0.103530 -0.077478
v 0.217424 0.095347 -0.077749
v 0.208880 0.098990 -0.066192
v 0.208652 0.102759 -0.065687
v 0.217932 0.086394 -0.079156
v 0.217523 0.086476 -0.077924
v 0.215649 0.103976 -0.076442
v 0.216869 0.085752 -0.077217
v 0.206280 0.096894 -0.062205
v 0.206354 0.099350 -0.062276
v 0.204672 0.099173 -0.059719
v 0.215623 0.091818 -0.076541
v 0.217896 0.088354 -0.078969
v 0.217872 0.089844 -0.079108
v 0.214585 0.100744 -0.075987
v 0.215667 0.101792 -0.076367
v 0.211985 0.096651 -0.073363
v 0.204460 0.094215 -0.088550
v 0.203393 0.096231 -0.089319
v 0.212544 0.106008 -0.074312
v 0.214781 0.099739 -0.076011
v 0.214120 0.098556 -0.075772
v 0.215135 0.098713 -0.076215
v 0.210396 0.087365 -0.084663
v 0.216793 0.099662 -0.079758
v 0.216301 0.102321 -0.080104
v 0.213601 0.093072 -0.075506
v 0.212851 0.091296 -0.074840
v 0.213909 0.091209 -0.075672
v 0.216013 0.096444 -0.076709
v 0.216100 0.086719 -0.080679
v 0.202582 0.085368 -0.089854
v 0.200479 0.088571 -0.091353
v 0.215718 0.102780 -0.076520
v 0.212648 0.092877 -0.074617
v 0.202367 0.098491 -0.089950
v 0.204540 0.098928 -0.088492
v 0.214310 0.106935 -0.075704
v 0.217289 0.097580 -0.079598
v 0.213807 0.099571 -0.075544
v 0.213754 0.100929 -0.075564
v 0.211830 0.102026 -0.072703
v 0.211648 0.101325 -0.072478
v 0.211869 0.095476 -0.073313
v 0.212425 0.095025 -0.074169
v 0.216135 0.103411 -0.076850
v 0.215330 0.096571 -0.076391
v 0.214153 0.103690 -0.081649
v 0.217418 0.087471 -0.079671
v 0.207260 0.098594 -0.063718
v 0.209437 0.089759 -0.085244
v 0.209499 0.092293 -0.085251
v 0.217723 0.091476 -0.079149
v 0.216104 0.097271 -0.076892
v 0.216892 0.092667 -0.079885
v 0.217572 0.104290 -0.078425
v 0.217490 0.103514 -0.079143
v 0.217230 0.088959 -0.077508
v 0.213265 0.089422 -0.075134
v 0.214339 0.089251 -0.075800
v 0.217690 0.093487 -0.078881
v 0.217590 0.091934 -0.078636
v 0.217775 0.090816 -0.078672
v 0.211890 0.098304 -0.073014
v 0.207840 0.105586 -0.064447
v 0.214674 0.102404 -0.076010
v 0.207921 0.095795 -0.064637
v 0.217832 0.099660 -0.078815
v 0.205934 0.101208 -0.087405
v 0.205874 0.104596 -0.087293
v 0.215483 0.095606 -0.076554
v 0.217822 0.096661 -0.078941
v 0.211068 0.093155 -0.071206
v 0.212301 0.092786 -0.073998
v 0.195751 0.096951 -0.094329
v 0.198398 0.085722 -0.092668
v 0.209695 0.093998 -0.067586
v 0.210726 0.094568 -0.070028
v 0.217842 0.098172 -0.078934
v 0.203203 0.099940 -0.057665
v 0.203337 0.102061 -0.057755
v 0.210709 0.092359 -0.069912
v 0.198053 0.098921 -0.092772
v 0.203771 0.101558 -0.088877
v 0.202278 0.104914 -0.089776
v 0.196315 0.092938 -0.094114
v 0.210966 0.107133 -0.070985
v 0.198719 0.100798 -0.092315
v 0.197114 0.089309 -0.093552
v 0.211455 0.090372 -0.072114
v 0.202872 0.105863 -0.057032
v 0.201136 0.100918 -0.090657
v 0.199462 0.103577 -0.091613
v 0.177226 0.023711 -0.020369
v 0.177966 0.021264 -0.021212
v 0.178557 0.022608 -0.022286
v 0.179368 0.056532 -0.022711
v 0.181948 0.054323 -0.026802
v 0.181786 0.058311 -0.026433
v 0.183549 0.076358 -0.028669
v 0.185176 0.079829 -0.030900
v 0.182972 0.081629 -0.027386
v 0.176351 0.056621 -0.018265
v 0.178182 0.061426 -0.020896
v 0.174895 0.059417 -0.015952
v 0.174363 0.073210 -0.014812
v 0.172599 0.073402 -0.012044
v 0.172865 0.071533 -0.012619
v 0.183115 0.071620 -0.028174
v 0.184650 0.072651 -0.030517
v 0.175551 0.076756 -0.016469
v 0.173038 0.076000 -0.012710
v 0.172114 0.015666 -0.011133
v 0.171117 0.017698 -0.009801
v 0.171355 0.016199 -0.009867
v 0.165620 0.058252 -0.001793
v 0.162562 0.058535 0.002772
v 0.163998 0.053863 0.000681
v 0.173676 0.023107 -0.015232
v 0.172518 0.022274 -0.013314
v 0.174123 0.020494 -0.015475
v 0.187904 0.078703 -0.035164
v 0.186192 0.074641 -0.032798
v 0.168476 0.018468 -0.006284
v 0.169238 0.020994 -0.008166
v 0.162095 0.065152 0.003664
v 0.163629 0.065598 0.001534
v 0.163744 0.068925 0.001430
v 0.185661 0.067762 -0.032114
v 0.185706 0.062011 -0.032422
v 0.187701 0.061879 -0.035557
v 0.170774 0.050503 -0.009757
v 0.169059 0.050687 -0.007163
v 0.168525 0.045782 -0.006516
v 0.191062 0.039496 -0.040955
v 0.189639 0.041563 -0.038685
v 0.188712 0.036897 -0.037461
v 0.173933 0.062182 -0.014354
v 0.172523 0.059346 -0.012431
v 0.174215 0.079747 -0.014374
v 0.182549 0.066462 -0.027423
v 0.180653 0.069226 -0.024519
v 0.169085 0.032335 -0.007822
v 0.170574 0.036740 -0.009874
v 0.168052 0.037029 -0.006043
v 0.188232 0.058509 -0.036337
v 0.187009 0.056571 -0.034460
v 0.181318 0.064047 -0.025734
v 0.182225 0.062262 -0.026997
v 0.173269 0.016386 -0.012965
v 0.174560 0.017621 -0.015366
v 0.172168 0.019804 -0.012207
v 0.182138 0.015818 -0.026149
v 0.178727 0.071654 -0.021523
v 0.175256 0.069234 -0.016244
v 0.178191 0.066947 -0.020743
v 0.180335 0.065364 -0.024088
v 0.163815 0.080000 0.001583
v 0.163521 0.087789 0.002402
v 0.161165 0.085100 0.005844
v 0.167202 0.052648 -0.004131
v 0.165832 0.084043 -0.001272
v 0.163886 0.062538 0.000941
v 0.161408 0.061517 0.004609
v 0.175816 0.063933 -0.017295
v 0.183635 0.017017 -0.028380
v 0.170993 0.079617 -0.009487
v 0.173337 0.081823 -0.013058
v 0.167401 0.073564 -0.004058
v 0.166462 0.077350 -0.002610
v 0.164530 0.074347 0.000284
v 0.189475 0.059566 -0.038283
v 0.181512 0.017464 -0.025501
v 0.179604 0.018911 -0.022961
v 0.180592 0.016300 -0.023844
v 0.176824 0.018563 -0.018849
v 0.179342 0.033491 -0.023346
v 0.179349 0.030149 -0.023573
v 0.181397 0.032524 -0.026510
v 0.170769 0.073864 -0.009241
v 0.168946 0.070605 -0.006575
v 0.171578 0.067943 -0.010561
v 0.168952 0.076996 -0.006333
v 0.170336 0.076796 -0.008542
v 0.160920 0.076292 0.006022
v 0.160675 0.069610 0.006129
v 0.162628 0.074369 0.003343
v 0.160690 0.080520 0.006361
v 0.177269 0.052128 -0.019793
v 0.167513 0.080503 -0.004068
v 0.165990 0.079382 -0.001729
v 0.165249 0.071563 -0.000823
v 0.188083 0.073794 -0.035714
v 0.181856 0.019281 -0.026405
v 0.172102 0.063347 -0.011480
v 0.170124 0.060972 -0.008589
v 0.179201 0.048580 -0.022746
v 0.179769 0.052259 -0.023590
v 0.185326 0.044113 -0.032272
v 0.182399 0.041891 -0.027730
v 0.184763 0.035465 -0.031513
v 0.178489 0.078039 -0.020849
v 0.176941 0.081046 -0.018421
v 0.167764 0.040902 -0.005587
v 0.166187 0.041815 -0.003057
v 0.166714 0.038680 -0.003988
v 0.178866 0.016881 -0.021413
v 0.180528 0.045476 -0.024851
v 0.179997 0.042334 -0.024137
v 0.177153 0.047278 -0.019591
v 0.175621 0.022069 -0.017882
v 0.183666 0.019324 -0.029179
v 0.162942 0.071731 0.002682
v 0.169209 0.062604 -0.007228
v 0.167618 0.062729 -0.004680
v 0.180320 0.036589 -0.024724
v 0.174834 0.037742 -0.016289
v 0.176053 0.031775 -0.018370
v 0.176700 0.035768 -0.019308
v 0.165551 0.066040 -0.001492
v 0.174805 0.053116 -0.015998
v 0.174679 0.056115 -0.015878
v 0.180839 0.039386 -0.025519
v 0.170457 0.016457 -0.008609
v 0.179525 0.039676 -0.023519
v 0.177593 0.042141 -0.020498
v 0.178266 0.037123 -0.021614
v 0.176588 0.039084 -0.019048
v 0.182607 0.020899 -0.028236
v 0.184495 0.021106 -0.031093
v 0.186768 0.039179 -0.034431
v 0.182159 0.049106 -0.027373
v 0.184372 0.052908 -0.030502
v 0.178942 0.045259 -0.022457
v 0.175139 0.025896 -0.017311
v 0.166535 0.069629 -0.002799
v 0.175180 0.083772 -0.015724
v 0.167715 0.085045 -0.004147
v 0.169232 0.082740 -0.006555
v 0.173190 0.034401 -0.013911
v 0.172285 0.039747 -0.012384
v 0.168372 0.067071 -0.005712
v 0.171507 0.044899 -0.011029
v 0.173684 0.042959 -0.014445
v 0.170415 0.041592 -0.009534
v 0.169099 0.040603 -0.007537
v 0.177786 0.027172 -0.021221
v 0.182870 0.023061 -0.029011
v 0.165029 0.047668 -0.001042
v 0.180478 0.062596 -0.024382
v 0.180363 0.060418 -0.024185
v 0.184866 0.028071 -0.032235
v 0.188068 0.031424 -0.036784
v 0.170637 0.023068 -0.010632
v 0.180392 0.021996 -0.024961
v 0.179006 0.024313 -0.023089
v 0.173895 0.065309 -0.014169
v 0.191609 0.043874 -0.041548
v 0.184041 0.063474 -0.029692
v 0.158736 0.082437 0.009512
v 0.158058 0.085712 0.010748
v 0.181306 0.026662 -0.026672
v 0.168440 0.057354 -0.006096
v 0.173328 0.048840 -0.013812
v 0.173075 0.054975 -0.013270
v 0.177780 0.033585 -0.021010
v 0.181025 0.078152 -0.024621
v 0.181196 0.074050 -0.025159
v 0.185681 0.023779 -0.033376
v 0.169294 0.053643 -0.007424
v 0.187828 0.041046 -0.035983
v 0.189161 0.056618 -0.037843
v 0.175436 0.041424 -0.017225
v 0.175288 0.049356 -0.016848
v 0.175298 0.045316 -0.016858
v 0.179258 0.075238 -0.022212
v 0.183613 0.025113 -0.030279
v 0.189907 0.044333 -0.039062
v 0.190147 0.047434 -0.039281
v 0.176945 0.073964 -0.018677
v 0.183119 0.056565 -0.028452
v 0.179579 0.015663 -0.022232
v 0.164070 0.071353 0.001027
v 0.187515 0.049882 -0.035374
v 0.188383 0.044646 -0.036711
v 0.191460 0.035504 -0.041659
v 0.189804 0.063845 -0.038656
v 0.170654 0.056348 -0.009613
v 0.180097 0.082781 -0.023023
v 0.189774 0.033549 -0.039323
v 0.177648 0.016205 -0.019612
v 0.169894 0.064133 -0.008165
v 0.183034 0.030300 -0.029171
v 0.178333 0.031585 -0.021899
v 0.188387 0.066917 -0.036405
v 0.182725 0.052457 -0.028080
v 0.188506 0.026092 -0.037627
v 0.187823 0.070626 -0.035388
v 0.182002 0.037033 -0.027300
v 0.184046 0.059173 -0.029940
v 0.193510 0.040039 -0.044604
v 0.189383 0.070341 -0.037892
v 0.177858 0.030243 -0.021173
v 0.189674 0.052815 -0.038554
v 0.188843 0.071995 -0.036850
v 0.171558 0.030943 -0.011563
v 0.169528 0.027078 -0.008992
v 0.172256 0.025861 -0.013127
v 0.177494 0.031596 -0.020723
v 0.173486 0.029511 -0.014631
v 0.168736 0.023717 -0.007843
v 0.204221 0.023054 -0.065007
v 0.205410 0.021136 -0.067290
v 0.204018 0.020521 -0.065126
v 0.200131 0.023432 -0.058757
v 0.197145 0.022093 -0.054658
v 0.199173 0.026002 -0.057493
v 0.199923 0.030163 -0.075864
v 0.196527 0.033683 -0.077138
v 0.195674 0.028982 -0.078103
v 0.203318 0.018569 -0.067589
v 0.201155 0.018353 -0.065411
v 0.202936 0.018814 -0.065463
v 0.205656 0.030068 -0.068419
v 0.204652 0.030447 -0.066052
v 0.204991 0.031847 -0.067071
v 0.202983 0.020182 -0.063852
v 0.202825 0.019280 -0.063982
v 0.202181 0.019824 -0.062665
v 0.203373 0.019835 -0.064552
v 0.203721 0.039545 -0.065165
v 0.204749 0.039271 -0.067530
v 0.204452 0.036939 -0.066678
v 0.204177 0.034072 -0.065650
v 0.205223 0.032956 -0.068035
v 0.204543 0.051850 -0.066589
v 0.203747 0.049846 -0.065575
v 0.202627 0.051156 -0.064102
v 0.202863 0.018935 -0.072008
v 0.201737 0.018628 -0.072608
v 0.201743 0.018336 -0.071739
v 0.202246 0.020568 -0.073654
v 0.202729 0.019669 -0.072803
v 0.203776 0.020550 -0.072448
v 0.205317 0.028150 -0.067129
v 0.195359 0.037773 -0.077588
v 0.192569 0.036027 -0.078857
v 0.205035 0.020933 -0.071516
v 0.204238 0.019692 -0.071602
v 0.205525 0.019803 -0.070505
v 0.201804 0.018576 -0.063661
v 0.200784 0.024079 -0.075521
v 0.198183 0.023771 -0.077025
v 0.199321 0.021808 -0.076082
v 0.204175 0.042333 -0.071874
v 0.202724 0.041501 -0.073315
v 0.203414 0.038636 -0.072397
v 0.204561 0.034287 -0.071206
v 0.205237 0.034072 -0.069651
v 0.204855 0.035513 -0.070325
v 0.205124 0.040871 -0.068663
v 0.204609 0.041932 -0.066985
v 0.205246 0.042889 -0.068712
v 0.204599 0.039847 -0.070994
v 0.204344 0.037701 -0.071107
v 0.204885 0.038566 -0.070149
v 0.206047 0.020300 -0.069131
v 0.205270 0.019216 -0.068111
v 0.205408 0.019089 -0.069503
v 0.205075 0.043832 -0.070554
v 0.205529 0.046650 -0.070111
v 0.204710 0.045073 -0.071345
v 0.204757 0.028237 -0.065991
v 0.204067 0.018891 -0.070527
v 0.202616 0.018416 -0.069672
v 0.205002 0.025840 -0.066200
v 0.205996 0.026402 -0.068660
v 0.205783 0.024295 -0.067960
v 0.199626 0.040847 -0.075535
v 0.201341 0.043363 -0.074532
v 0.200092 0.044605 -0.075410
v 0.200672 0.018406 -0.062976
v 0.201194 0.018964 -0.061733
v 0.199517 0.019488 -0.058505
v 0.198414 0.018348 -0.057356
v 0.197730 0.019627 -0.055838
v 0.203378 0.032113 -0.073055
v 0.202438 0.030519 -0.074119
v 0.203985 0.029111 -0.072952
v 0.188936 0.020452 -0.043685
v 0.187190 0.019842 -0.041341
v 0.187343 0.021608 -0.041081
v 0.197138 0.018318 -0.055819
v 0.197170 0.018001 -0.056946
v 0.193586 0.018239 -0.051457
v 0.195123 0.018886 -0.052578
v 0.194507 0.018107 -0.052950
v 0.200860 0.036862 -0.074648
v 0.202146 0.038310 -0.073680
v 0.201338 0.039890 -0.074363
v 0.194702 0.017981 -0.054241
v 0.196184 0.018546 -0.054354
v 0.201752 0.018983 -0.073080
v 0.194187 0.018948 -0.051139
v 0.205086 0.038644 -0.068945
v 0.204953 0.037033 -0.069596
v 0.204925 0.037637 -0.068121
v 0.189583 0.019276 -0.045068
v 0.188489 0.019030 -0.043704
v 0.205093 0.035658 -0.069070
v 0.205021 0.034962 -0.067837
v 0.188854 0.048594 -0.081366
v 0.192282 0.045540 -0.079479
v 0.192383 0.050980 -0.079488
v 0.200849 0.021433 -0.060161
v 0.202515 0.021303 -0.062763
v 0.201424 0.020244 -0.061444
v 0.205490 0.031972 -0.069767
v 0.205349 0.031600 -0.070712
v 0.205612 0.030209 -0.070544
v 0.199008 0.021136 -0.057341
v 0.205354 0.022506 -0.071549
v 0.205441 0.024631 -0.071566
v 0.204651 0.023496 -0.072481
v 0.202595 0.036113 -0.073283
v 0.203792 0.036353 -0.072001
v 0.202178 0.023512 -0.061861
v 0.203534 0.034413 -0.072512
v 0.204271 0.035408 -0.071403
v 0.187925 0.024805 -0.041877
v 0.190315 0.023464 -0.045517
v 0.188621 0.022451 -0.042833
v 0.203933 0.023397 -0.073120
v 0.202482 0.023263 -0.074265
v 0.203833 0.022040 -0.072960
v 0.204413 0.031385 -0.072081
v 0.205097 0.031223 -0.071265
v 0.204932 0.032623 -0.071044
v 0.196060 0.041875 -0.077446
v 0.198121 0.037536 -0.076272
v 0.192225 0.040258 -0.079148
v 0.201836 0.033503 -0.074104
v 0.196193 0.018111 -0.055206
v 0.205104 0.039720 -0.069655
v 0.205181 0.041050 -0.069973
v 0.200578 0.019688 -0.060216
v 0.203261 0.031575 -0.063835
v 0.190528 0.018991 -0.046608
v 0.189508 0.018554 -0.045627
v 0.192873 0.018613 -0.049898
v 0.205108 0.045179 -0.067945
v 0.203807 0.043845 -0.065448
v 0.204571 0.048109 -0.066806
v 0.190631 0.018327 -0.047971
v 0.192282 0.018218 -0.050370
v 0.195628 0.053433 -0.077766
v 0.193165 0.056407 -0.079002
v 0.191778 0.017804 -0.051363
v 0.194879 0.019956 -0.051909
v 0.197666 0.017972 -0.058303
v 0.204065 0.024730 -0.073124
v 0.192985 0.021636 -0.049302
v 0.192385 0.025519 -0.048711
v 0.192030 0.019266 -0.048292
v 0.193407 0.019643 -0.050099
v 0.190726 0.020070 -0.046453
v 0.201603 0.021502 -0.074493
v 0.199561 0.019919 -0.075274
v 0.195884 0.025565 -0.053227
v 0.194001 0.027821 -0.051345
v 0.195832 0.029291 -0.053932
v 0.198310 0.044548 -0.076413
v 0.200295 0.018697 -0.060145
v 0.205398 0.043780 -0.069574
v 0.205289 0.042587 -0.069855
v 0.202198 0.034416 -0.062404
v 0.199851 0.033340 -0.059258
v 0.200737 0.037128 -0.060677
v 0.204493 0.036366 -0.070907
v 0.203688 0.019412 -0.065137
v 0.205501 0.044903 -0.069670
v 0.205434 0.044526 -0.068975
v 0.196220 0.019773 -0.053760
v 0.202624 0.025404 -0.074341
v 0.196997 0.030733 -0.055590
v 0.198310 0.029680 -0.056931
v 0.197297 0.017954 -0.060246
v 0.199011 0.018119 -0.059653
v 0.206023 0.023053 -0.070324
v 0.204509 0.019359 -0.066457
v 0.206001 0.021281 -0.070381
v 0.190330 0.021425 -0.045526
v 0.184400 0.017825 -0.041389
v 0.186422 0.017699 -0.044284
v 0.184159 0.017441 -0.044300
v 0.187450 0.017327 -0.048806
v 0.204173 0.033085 -0.072041
v 0.206067 0.023750 -0.069072
v 0.205830 0.022715 -0.068217
v 0.205955 0.026360 -0.070616
v 0.205958 0.028214 -0.069971
v 0.200625 0.026231 -0.075676
v 0.195930 0.032089 -0.054641
v 0.203166 0.047558 -0.064659
v 0.204870 0.041850 -0.070779
v 0.204755 0.047336 -0.071350
v 0.202060 0.019022 -0.062836
v 0.188795 0.017808 -0.047428
v 0.205410 0.049798 -0.068028
v 0.204169 0.048799 -0.072099
v 0.203909 0.045195 -0.072376
v 0.196068 0.017907 -0.057647
v 0.202851 0.046410 -0.073442
v 0.204332 0.018774 -0.069086
v 0.195664 0.036024 -0.054849
v 0.197465 0.040407 -0.057111
v 0.198618 0.036921 -0.058178
v 0.201388 0.030084 -0.060933
v 0.202117 0.038425 -0.062571
v 0.203145 0.036580 -0.064066
v 0.193166 0.017654 -0.055328
v 0.194450 0.017798 -0.059062
v 0.199994 0.018367 -0.061500
v 0.196326 0.048134 -0.077586
v 0.201852 0.026379 -0.061256
v 0.199154 0.047684 -0.076021
v 0.204882 0.052318 -0.071250
v 0.205101 0.049697 -0.070926
v 0.205655 0.051290 -0.070293
v 0.199703 0.034149 -0.075504
v 0.205346 0.028065 -0.071461
v 0.188229 0.018142 -0.044799
v 0.201260 0.048456 -0.074707
v 0.201735 0.053433 -0.074151
v 0.199103 0.052921 -0.075942
v 0.186817 0.018107 -0.042785
v 0.187389 0.018636 -0.042454
v 0.199025 0.018178 -0.062796
v 0.203304 0.054154 -0.064868
v 0.188628 0.027720 -0.043657
v 0.193468 0.032314 -0.051794
v 0.188888 0.054783 -0.081476
v 0.195896 0.017961 -0.055957
v 0.203640 0.028358 -0.064019
v 0.202366 0.027984 -0.074414
v 0.203658 0.026641 -0.073487
v 0.205700 0.047719 -0.068602
v 0.204944 0.036472 -0.068182
v 0.206007 0.051780 -0.069236
v 0.205673 0.051233 -0.068372
v 0.205592 0.053142 -0.068122
v 0.197714 0.033065 -0.056764
v 0.203550 0.025514 -0.063777
v 0.202538 0.041682 -0.063342
v 0.200298 0.041846 -0.060431
v 0.202304 0.044487 -0.063265
v 0.205429 0.026315 -0.071563
v 0.205807 0.049611 -0.069628
v 0.201349 0.047629 -0.062333
v 0.191454 0.017513 -0.057085
v 0.203808 0.036685 -0.065311
v 0.205024 0.039595 -0.068657
v 0.205368 0.023328 -0.067023
v 0.186670 0.018360 -0.041598
v 0.190268 0.017433 -0.052214
v 0.198460 0.017844 -0.069909
v 0.198866 0.017996 -0.066534
v 0.200935 0.018111 -0.068349
v 0.191418 0.029074 -0.048248
v 0.205316 0.041784 -0.069303
v 0.190861 0.032379 -0.048397
v 0.188692 0.031887 -0.045075
v 0.205628 0.046349 -0.068951
v 0.206099 0.024768 -0.070092
v 0.185926 0.018029 -0.041641
v 0.203240 0.051477 -0.073019
v 0.195289 0.017985 -0.063740
v 0.200294 0.018492 -0.073641
v 0.197987 0.026688 -0.077064
v 0.201068 0.019416 -0.073929
v 0.205355 0.048383 -0.070584
v 0.204757 0.026500 -0.072435
v 0.206066 0.021954 -0.069114
v 0.204059 0.041763 -0.065823
v 0.188751 0.017232 -0.053553
v 0.205656 0.045552 -0.069146
v 0.205903 0.053384 -0.069682
v 0.204906 0.029999 -0.071743
v 0.199778 0.018084 -0.072607
v 0.200377 0.018028 -0.070886
v 0.183799 0.017213 -0.047241
v 0.197392 0.045298 -0.057479
v 0.199416 0.047606 -0.060006
v 0.185306 0.017096 -0.050466
v 0.179806 0.017570 -0.043191
v 0.135899 0.017203 -0.040662
v 0.137496 0.017295 -0.041844
v 0.134068 0.017120 -0.041872
v 0.170512 0.016724 -0.023760
v 0.171706 0.017222 -0.026185
v 0.169441 0.016948 -0.026544
v 0.167825 0.016433 -0.023293
v 0.169489 0.016449 -0.021745
v 0.163274 0.016667 -0.024250
v 0.160080 0.017035 -0.025667
v 0.161067 0.016729 -0.022720
v 0.145239 0.016960 -0.049149
v 0.143665 0.017240 -0.055017
v 0.141424 0.017059 -0.052390
v 0.163626 0.016427 -0.022245
v 0.164781 0.016994 -0.027512
v 0.159706 0.017204 -0.028784
v 0.165605 0.016197 -0.020768
v 0.165315 0.016471 -0.023666
v 0.172443 0.022086 -0.018388
v 0.172957 0.024313 -0.019556
v 0.174007 0.021757 -0.021126
v 0.157525 0.017253 -0.027256
v 0.158064 0.017046 -0.023165
v 0.179058 0.018148 -0.037018
v 0.177393 0.017875 -0.037766
v 0.176968 0.018178 -0.034792
v 0.164374 0.018055 -0.044092
v 0.165726 0.018135 -0.048204
v 0.162076 0.018042 -0.047417
v 0.175129 0.017825 -0.040035
v 0.179806 0.017570 -0.043191
v 0.161243 0.017205 -0.031635
v 0.175201 0.017920 -0.034493
v 0.175082 0.018045 -0.032431
v 0.159695 0.017846 -0.044931
v 0.158315 0.017546 -0.042197
v 0.161573 0.017743 -0.041522
v 0.154412 0.018139 -0.055496
v 0.150678 0.018125 -0.059170
v 0.149952 0.017604 -0.054462
v 0.155813 0.017289 -0.029012
v 0.169221 0.017374 -0.030347
v 0.171765 0.017430 -0.028744
v 0.170900 0.016745 -0.021721
v 0.169978 0.016480 -0.019953
v 0.120780 0.016391 -0.048107
v 0.124248 0.016495 -0.046720
v 0.122870 0.016736 -0.051917
v 0.173657 0.017808 -0.036087
v 0.175727 0.017834 -0.043493
v 0.172285 0.018077 -0.042179
v 0.152311 0.017739 -0.052319
v 0.163737 0.017611 -0.036708
v 0.162688 0.017704 -0.039328
v 0.160031 0.017434 -0.039288
v 0.172725 0.017698 -0.032244
v 0.171079 0.017953 -0.038665
v 0.169390 0.017739 -0.034748
v 0.131155 0.016875 -0.043961
v 0.127479 0.016615 -0.041397
v 0.131007 0.016864 -0.039932
v 0.157096 0.017195 -0.031613
v 0.166340 0.017737 -0.035870
v 0.165421 0.017483 -0.033000
v 0.176471 0.017692 -0.047784
v 0.173086 0.018069 -0.045659
v 0.170483 0.018191 -0.044644
v 0.160889 0.017281 -0.035653
v 0.178460 0.018357 -0.035521
v 0.177722 0.018551 -0.034016
v 0.172102 0.017205 -0.024636
v 0.168091 0.016223 -0.020166
v 0.155064 0.017482 -0.044688
v 0.157598 0.017123 -0.034705
v 0.179849 0.029403 -0.031520
v 0.182424 0.030388 -0.035204
v 0.182893 0.027416 -0.035203
v 0.147824 0.017184 -0.031622
v 0.145679 0.017091 -0.027085
v 0.148926 0.017372 -0.026754
v 0.168509 0.018180 -0.042230
v 0.179240 0.018683 -0.035143
v 0.155023 0.018524 -0.059505
v 0.156714 0.018687 -0.062620
v 0.153527 0.018563 -0.061638
v 0.114115 0.016370 -0.048599
v 0.111161 0.016241 -0.047236
v 0.112462 0.016280 -0.045334
v 0.155072 0.017400 -0.027207
v 0.152120 0.017461 -0.028293
v 0.153700 0.017465 -0.025520
v 0.173092 0.017626 -0.027680
v 0.173829 0.017878 -0.029837
v 0.157043 0.018107 -0.052133
v 0.162558 0.018071 -0.052298
v 0.158876 0.018257 -0.055815
v 0.125886 0.016502 -0.044032
v 0.127850 0.016661 -0.045993
v 0.180874 0.026908 -0.032542
v 0.175363 0.018320 -0.030593
v 0.175046 0.020696 -0.023669
v 0.176565 0.021583 -0.026432
v 0.175867 0.020139 -0.025601
v 0.176352 0.018417 -0.032605
v 0.176329 0.019882 -0.027214
v 0.176945 0.020777 -0.027661
v 0.177093 0.020258 -0.028532
v 0.144065 0.017691 -0.058842
v 0.146771 0.017569 -0.057117
v 0.146140 0.017975 -0.061221
v 0.128363 0.016881 -0.051713
v 0.166056 0.017979 -0.039202
v 0.171337 0.017024 -0.019673
v 0.171186 0.016847 -0.020726
v 0.172606 0.020321 -0.018733
v 0.173637 0.019580 -0.020901
v 0.172348 0.018982 -0.018818
v 0.181103 0.020516 -0.034304
v 0.180239 0.021012 -0.032947
v 0.182235 0.021548 -0.035006
v 0.179772 0.018407 -0.036468
v 0.104711 0.016522 -0.054792
v 0.134104 0.017569 -0.056236
v 0.131085 0.017271 -0.055388
v 0.132573 0.017092 -0.052935
v 0.136044 0.017271 -0.053651
v 0.158267 0.017941 -0.048301
v 0.174872 0.024751 -0.023218
v 0.175741 0.022764 -0.024670
v 0.155908 0.017216 -0.040512
v 0.151320 0.017259 -0.032131
v 0.173030 0.017583 -0.025991
v 0.162470 0.018192 -0.057045
v 0.158049 0.018658 -0.060811
v 0.160676 0.018692 -0.063476
v 0.154520 0.018639 -0.064205
v 0.117033 0.016778 -0.061317
v 0.119315 0.016848 -0.057462
v 0.122290 0.017035 -0.062415
v 0.174652 0.018250 -0.027796
v 0.156359 0.017331 -0.025273
v 0.154335 0.017226 -0.022384
v 0.160701 0.018509 -0.059892
v 0.171867 0.017059 -0.023149
v 0.173852 0.034177 -0.021979
v 0.174370 0.031634 -0.022884
v 0.171589 0.031457 -0.018775
v 0.172374 0.017318 -0.021896
v 0.157227 0.018458 -0.058349
v 0.177631 0.031528 -0.028525
v 0.176513 0.035298 -0.026897
v 0.180053 0.033871 -0.032504
v 0.154382 0.017928 -0.052039
v 0.180595 0.017863 -0.039542
v 0.180955 0.018674 -0.036560
v 0.110480 0.016655 -0.061535
v 0.107522 0.016624 -0.059073
v 0.112352 0.016633 -0.056675
v 0.153677 0.017129 -0.034743
v 0.153970 0.017292 -0.031084
v 0.166322 0.017854 -0.054131
v 0.168544 0.017937 -0.051796
v 0.145665 0.018166 -0.065251
v 0.150416 0.018415 -0.063571
v 0.154350 0.017764 -0.049406
v 0.150020 0.017341 -0.049923
v 0.152059 0.017416 -0.047219
v 0.109180 0.016672 -0.065532
v 0.113811 0.016688 -0.064799
v 0.180403 0.019232 -0.034947
v 0.177299 0.018829 -0.032525
v 0.145891 0.017146 -0.038364
v 0.149773 0.017113 -0.036104
v 0.164608 0.018010 -0.055602
v 0.165320 0.018071 -0.058154
v 0.173345 0.017832 -0.024363
v 0.170172 0.017704 -0.053665
v 0.168723 0.017723 -0.054340
v 0.176110 0.018787 -0.029926
v 0.176419 0.018670 -0.031448
v 0.179192 0.023193 -0.030490
v 0.180807 0.023008 -0.032751
v 0.180368 0.022077 -0.032473
v 0.152496 0.016991 -0.039787
v 0.178628 0.018991 -0.033685
v 0.130021 0.017875 -0.062560
v 0.125988 0.017364 -0.064458
v 0.126391 0.017425 -0.061732
v 0.142863 0.017137 -0.044464
v 0.146403 0.017054 -0.043451
v 0.149929 0.017121 -0.044990
v 0.181081 0.018218 -0.037919
v 0.134950 0.017116 -0.045780
v 0.130886 0.016906 -0.047796
v 0.177895 0.021881 -0.028805
v 0.178991 0.021535 -0.030921
v 0.176017 0.019009 -0.028581
v 0.172703 0.017799 -0.020633
v 0.171985 0.017935 -0.019055
v 0.141154 0.017628 -0.058091
v 0.141992 0.017920 -0.061191
v 0.138544 0.018007 -0.060434
v 0.188628 0.027720 -0.043657
v 0.185658 0.027243 -0.038970
v 0.185006 0.030250 -0.038795
v 0.171571 0.017698 -0.053283
v 0.173212 0.017809 -0.050923
v 0.182695 0.017991 -0.039602
v 0.182049 0.019227 -0.036520
v 0.112809 0.016523 -0.052117
v 0.108960 0.016335 -0.050066
v 0.157917 0.017177 -0.037307
v 0.104769 0.016567 -0.062864
v 0.155356 0.017108 -0.037628
v 0.179414 0.019558 -0.033322
v 0.178157 0.019313 -0.032435
v 0.175683 0.019073 -0.027178
v 0.176618 0.019618 -0.028479
v 0.177230 0.019182 -0.031296
v 0.113895 0.016701 -0.060901
v 0.177033 0.019428 -0.029934
v 0.127921 0.017458 -0.059388
v 0.124174 0.017144 -0.059047
v 0.126017 0.017118 -0.055941
v 0.122392 0.016953 -0.055991
v 0.175592 0.028979 -0.025028
v 0.172901 0.018486 -0.020068
v 0.181776 0.020025 -0.035534
v 0.182988 0.018607 -0.038132
v 0.184159 0.017441 -0.044300
v 0.182511 0.017642 -0.041573
v 0.180574 0.019886 -0.034323
v 0.122784 0.017007 -0.066348
v 0.126091 0.017254 -0.067327
v 0.174750 0.018597 -0.025559
v 0.174395 0.018918 -0.023537
v 0.173474 0.017982 -0.022922
v 0.185123 0.018158 -0.040251
v 0.184400 0.017825 -0.041389
v 0.184056 0.018171 -0.039462
v 0.119949 0.016786 -0.053909
v 0.178539 0.020106 -0.031470
v 0.118322 0.016294 -0.047094
v 0.115820 0.016262 -0.043903
v 0.120541 0.016228 -0.043738
v 0.177463 0.020033 -0.029541
v 0.168231 0.017752 -0.056946
v 0.170216 0.018127 -0.047988
v 0.173520 0.017952 -0.048115
v 0.138543 0.017039 -0.051097
v 0.138761 0.017094 -0.047445
v 0.141167 0.016987 -0.048941
v 0.141054 0.017306 -0.039772
v 0.143698 0.017046 -0.033955
v 0.183994 0.018458 -0.038785
v 0.177912 0.020787 -0.029568
v 0.184317 0.022398 -0.036983
v 0.185514 0.024026 -0.038335
v 0.185932 0.021469 -0.039157
v 0.131824 0.016935 -0.050312
v 0.133165 0.017009 -0.048672
v 0.109724 0.016202 -0.045341
v 0.108659 0.016057 -0.042167
v 0.111986 0.016255 -0.042283
v 0.180041 0.020209 -0.033340
v 0.175495 0.019273 -0.025754
v 0.173495 0.018533 -0.021376
v 0.173362 0.018048 -0.022041
v 0.173845 0.026600 -0.021641
v 0.118686 0.016792 -0.065254
v 0.173591 0.029043 -0.021537
v 0.183518 0.019875 -0.037345
v 0.184620 0.018786 -0.038967
v 0.148857 0.017015 -0.040814
v 0.180380 0.024296 -0.031932
v 0.177443 0.023419 -0.027703
v 0.178984 0.025886 -0.030062
v 0.182481 0.023738 -0.034617
v 0.140071 0.017024 -0.035887
v 0.137628 0.017198 -0.038881
v 0.177556 0.028504 -0.028184
v 0.182532 0.025449 -0.034632
v 0.180929 0.025315 -0.032548
v 0.129565 0.017710 -0.065990
v 0.151315 0.017393 -0.024623
v 0.138596 0.018133 -0.064427
v 0.133268 0.018029 -0.064659
v 0.134650 0.018131 -0.061742
v 0.131856 0.017786 -0.059014
v 0.129000 0.017267 -0.056403
v 0.118855 0.016491 -0.050227
v 0.185478 0.020001 -0.039157
v 0.145153 0.017020 -0.030346
v 0.186670 0.018360 -0.041598
v 0.186870 0.018927 -0.041381
v 0.187389 0.018636 -0.042454
v 0.115973 0.016631 -0.053491
v 0.134395 0.017006 -0.038770
v 0.186071 0.018825 -0.040481
v 0.185926 0.018029 -0.041641
v 0.139091 0.017267 -0.043916
v 0.124077 0.016401 -0.042078
v 0.184457 0.021084 -0.037656
v 0.187190 0.019842 -0.041341
v 0.164842 0.018335 -0.060421
v 0.172022 0.027357 -0.018829
v 0.187343 0.021608 -0.041081
v 0.137818 0.017624 -0.056842
v 0.167699 0.018213 -0.045403
v 0.119373 0.016452 -0.048516
v 0.163954 0.018475 -0.062771
v 0.134924 0.017031 -0.050098
v 0.176577 0.025587 -0.026349
v 0.173774 0.037310 -0.022408
v 0.146882 0.017263 -0.053394
v 0.138802 0.017268 -0.053989
v 0.135368 0.017893 -0.059002
v 0.140605 0.017331 -0.055444
v 0.143103 0.018023 -0.063576
v 0.142439 0.018008 -0.065404
v 0.188621 0.022451 -0.042833
v 0.171398 0.036047 -0.018506
v 0.187925 0.024805 -0.041877
v 0.171891 0.039355 -0.019676
v 0.182955 0.032794 -0.036444
v 0.185686 0.032257 -0.040363
v 0.146965 0.087248 0.027697
v 0.146313 0.084914 0.028754
v 0.148823 0.084686 0.024869
v 0.131051 0.080699 0.052244
v 0.129075 0.078008 0.055080
v 0.130749 0.075593 0.052520
v 0.154496 0.072554 0.015786
v 0.151800 0.072595 0.019681
v 0.153053 0.069325 0.017798
v 0.137583 0.066466 0.041615
v 0.136054 0.065405 0.043831
v 0.137492 0.062832 0.041750
v 0.143684 0.076883 0.032552
v 0.145317 0.071927 0.030009
v 0.145691 0.077385 0.029486
v 0.132709 0.086028 0.049776
v 0.129829 0.086425 0.054384
v 0.140573 0.121194 0.038217
v 0.140690 0.120765 0.038964
v 0.141218 0.121098 0.037885
v 0.144645 0.093369 0.031351
v 0.146794 0.092693 0.028058
v 0.146605 0.097068 0.028552
v 0.133844 0.120798 0.042396
v 0.133335 0.121655 0.043367
v 0.134206 0.121949 0.042787
v 0.134508 0.072253 0.046553
v 0.136018 0.068848 0.044054
v 0.137065 0.072987 0.042586
v 0.132598 0.102534 0.050495
v 0.130557 0.102031 0.053597
v 0.131556 0.098609 0.051923
v 0.138003 0.091878 0.041688
v 0.137298 0.087254 0.042764
v 0.140004 0.089552 0.038484
v 0.138318 0.121586 0.038660
v 0.138770 0.121380 0.039172
v 0.139230 0.121247 0.038417
v 0.128955 0.068875 0.055036
v 0.127268 0.069546 0.057732
v 0.127417 0.065167 0.057390
v 0.134966 0.121800 0.041426
v 0.135839 0.121848 0.040393
v 0.135337 0.121108 0.040184
v 0.132498 0.120829 0.044499
v 0.132939 0.121732 0.044109
v 0.134715 0.106113 0.047259
v 0.135295 0.107927 0.046465
v 0.133526 0.106536 0.049035
v 0.137543 0.112680 0.043063
v 0.134877 0.110964 0.047167
v 0.136398 0.109783 0.044682
v 0.135395 0.089277 0.045738
v 0.135047 0.084714 0.046081
v 0.139231 0.116335 0.040706
v 0.141594 0.118588 0.037281
v 0.140151 0.119569 0.039769
v 0.132511 0.057089 0.049402
v 0.134827 0.057187 0.045840
v 0.133685 0.061497 0.047457
v 0.133800 0.080948 0.047862
v 0.141436 0.110339 0.036929
v 0.140784 0.106147 0.037941
v 0.143042 0.104959 0.034351
v 0.128844 0.063265 0.055013
v 0.128126 0.060165 0.056043
v 0.135831 0.121430 0.042755
v 0.136834 0.121266 0.042139
v 0.136446 0.121562 0.041784
v 0.145970 0.112130 0.029802
v 0.143971 0.110730 0.032984
v 0.146383 0.107902 0.029079
v 0.142845 0.114104 0.034882
v 0.141074 0.114847 0.037686
v 0.154848 0.077809 0.015400
v 0.155271 0.082350 0.015033
v 0.153663 0.080535 0.017341
v 0.135779 0.060030 0.044242
v 0.135842 0.058044 0.044047
v 0.137095 0.056817 0.042133
v 0.134103 0.121625 0.044293
v 0.133109 0.121650 0.045264
v 0.133296 0.121525 0.046123
v 0.136690 0.121118 0.044039
v 0.137867 0.120866 0.043346
v 0.137157 0.121098 0.042898
v 0.129475 0.094528 0.054994
v 0.129340 0.089815 0.055135
v 0.130408 0.091062 0.053451
v 0.133388 0.121858 0.044221
v 0.132506 0.121727 0.045003
v 0.124054 0.059467 0.062331
v 0.125120 0.064194 0.060856
v 0.123323 0.065542 0.063748
v 0.133383 0.114957 0.049720
v 0.130912 0.114182 0.053483
v 0.131777 0.109732 0.051879
v 0.147861 0.074746 0.026021
v 0.150058 0.073910 0.022508
v 0.149901 0.078312 0.022957
v 0.139875 0.121593 0.036605
v 0.140719 0.121328 0.037179
v 0.140982 0.121466 0.035809
v 0.138411 0.121478 0.036374
v 0.139195 0.121652 0.035432
v 0.138963 0.121268 0.035204
v 0.131328 0.072686 0.051530
v 0.130920 0.070184 0.052103
v 0.132632 0.071592 0.049343
v 0.137989 0.121687 0.037715
v 0.138947 0.121562 0.036896
v 0.139229 0.121504 0.037599
v 0.139536 0.074505 0.038768
v 0.142351 0.071533 0.034424
v 0.141551 0.076987 0.035858
v 0.141146 0.103573 0.037264
v 0.141276 0.099510 0.036937
v 0.139923 0.121203 0.037967
v 0.141219 0.079986 0.036453
v 0.139164 0.078839 0.039476
v 0.142516 0.121246 0.035420
v 0.142491 0.121322 0.034373
v 0.141840 0.121305 0.035290
v 0.136817 0.118794 0.037524
v 0.137387 0.117389 0.036209
v 0.135429 0.116797 0.039339
v 0.131742 0.095545 0.051513
v 0.131525 0.092818 0.051713
v 0.128485 0.081583 0.056285
v 0.134622 0.121202 0.047801
v 0.135353 0.121041 0.046698
v 0.134531 0.121081 0.046779
v 0.138612 0.119506 0.042135
v 0.141262 0.120173 0.038121
v 0.142491 0.094729 0.034792
v 0.140137 0.094479 0.038491
v 0.143567 0.099611 0.033314
v 0.128919 0.061168 0.054767
v 0.144122 0.082273 0.031992
v 0.141051 0.085385 0.036869
v 0.141809 0.081983 0.035519
v 0.139466 0.120533 0.041002
v 0.137212 0.097799 0.043112
v 0.136249 0.093576 0.044544
v 0.138009 0.095021 0.041739
v 0.136264 0.102247 0.044701
v 0.137559 0.106057 0.042861
v 0.135854 0.105648 0.045404
v 0.137407 0.114972 0.035959
v 0.135139 0.112785 0.039699
v 0.147023 0.080567 0.027473
v 0.139753 0.121194 0.039135
v 0.138735 0.121191 0.040060
v 0.139439 0.121207 0.040378
v 0.140124 0.120753 0.039906
v 0.134374 0.065697 0.046490
v 0.137696 0.083104 0.041975
v 0.139197 0.102725 0.040241
v 0.134289 0.121453 0.045794
v 0.144645 0.088272 0.031334
v 0.142854 0.121696 0.032094
v 0.142410 0.121511 0.033068
v 0.143318 0.121375 0.032483
v 0.141374 0.121527 0.034237
v 0.142587 0.079825 0.034251
v 0.137767 0.109454 0.042563
v 0.136503 0.107969 0.044429
v 0.132949 0.095029 0.049698
v 0.132891 0.097283 0.049669
v 0.135999 0.114673 0.045521
v 0.137618 0.115515 0.043049
v 0.137201 0.117574 0.043997
v 0.148451 0.098693 0.025682
v 0.147282 0.100889 0.027581
v 0.135021 0.121531 0.043970
v 0.135109 0.121529 0.042648
v 0.126366 0.060623 0.058829
v 0.153742 0.078390 0.017202
v 0.131448 0.117853 0.045327
v 0.133817 0.092547 0.048238
v 0.127267 0.057215 0.057248
v 0.126912 0.053077 0.057771
v 0.128977 0.054906 0.054669
v 0.136995 0.121523 0.041201
v 0.137806 0.121238 0.041154
v 0.137650 0.121487 0.040023
v 0.134834 0.119058 0.040605
v 0.136931 0.120723 0.037859
v 0.128184 0.089376 0.056947
v 0.128708 0.091378 0.056104
v 0.126181 0.072511 0.059499
v 0.129026 0.072199 0.055015
v 0.128452 0.075264 0.056057
v 0.139259 0.097340 0.040001
v 0.139321 0.059562 0.038711
v 0.140824 0.059666 0.036438
v 0.140673 0.061933 0.036693
v 0.135496 0.095898 0.045694
v 0.131304 0.089345 0.052076
v 0.138757 0.121211 0.041131
v 0.147333 0.115272 0.027865
v 0.146589 0.118303 0.029417
v 0.144804 0.115114 0.031727
v 0.131456 0.061983 0.050945
v 0.130732 0.058987 0.052149
v 0.146306 0.067891 0.028241
v 0.144947 0.067770 0.030284
v 0.135660 0.121621 0.042185
v 0.143484 0.121236 0.034026
v 0.144173 0.120950 0.033397
v 0.143915 0.121302 0.032966
v 0.134076 0.096471 0.047934
v 0.132324 0.121535 0.047249
v 0.133179 0.121487 0.047314
v 0.143047 0.121254 0.033455
v 0.135566 0.098594 0.045689
v 0.134056 0.099835 0.048059
v 0.137804 0.110607 0.035432
v 0.133817 0.121191 0.047075
v 0.133654 0.121427 0.046538
v 0.127799 0.091795 0.057423
v 0.148100 0.087576 0.026019
v 0.148983 0.088275 0.024628
v 0.147646 0.089532 0.026779
v 0.139250 0.064785 0.039056
v 0.139253 0.062398 0.038925
v 0.134398 0.103833 0.047558
v 0.139695 0.120799 0.033693
v 0.139861 0.119151 0.032514
v 0.138220 0.119786 0.035541
v 0.136173 0.079511 0.044123
v 0.135356 0.081847 0.045447
v 0.132832 0.074293 0.049214
v 0.135769 0.119872 0.046569
v 0.135912 0.120958 0.045941
v 0.124975 0.055360 0.060887
v 0.126054 0.056984 0.059189
v 0.133558 0.121097 0.049187
v 0.133408 0.121238 0.048193
v 0.132717 0.121175 0.049321
v 0.136071 0.121120 0.044990
v 0.135687 0.121232 0.044257
v 0.135162 0.121218 0.045713
v 0.152705 0.077154 0.018638
v 0.151042 0.075519 0.020987
v 0.135351 0.120712 0.047387
v 0.134630 0.120376 0.048352
v 0.139283 0.108572 0.040239
v 0.130172 0.089135 0.053728
v 0.145592 0.101550 0.030150
v 0.147736 0.104354 0.026922
v 0.144510 0.097140 0.031684
v 0.123914 0.070389 0.063006
v 0.123620 0.074482 0.063423
v 0.143575 0.120431 0.034306
v 0.124233 0.051623 0.061863
v 0.138971 0.069473 0.039398
v 0.141256 0.066318 0.035846
v 0.149830 0.091998 0.023432
v 0.150274 0.096380 0.022703
v 0.148424 0.095400 0.025611
v 0.136382 0.121123 0.043207
v 0.133719 0.118715 0.049530
v 0.131239 0.118035 0.053310
v 0.142102 0.087987 0.035141
v 0.140067 0.113736 0.031420
v 0.139007 0.117020 0.033390
v 0.130732 0.055202 0.052072
v 0.129475 0.058835 0.053952
v 0.135259 0.117123 0.046913
v 0.125212 0.067969 0.060841
v 0.132509 0.065107 0.049315
v 0.133111 0.068573 0.048597
v 0.126504 0.077838 0.059097
v 0.143070 0.121130 0.034887
v 0.142608 0.121988 0.030281
v 0.141824 0.121754 0.032229
v 0.142816 0.121639 0.031296
v 0.139580 0.112481 0.039787
v 0.134092 0.121072 0.047669
v 0.140114 0.121690 0.035098
v 0.142307 0.116465 0.035817
v 0.138378 0.120767 0.035817
v 0.143232 0.066964 0.032893
v 0.143981 0.069380 0.031781
v 0.148507 0.101780 0.025671
v 0.136114 0.121657 0.041274
v 0.138110 0.121154 0.041789
v 0.138643 0.120849 0.042152
v 0.141915 0.120945 0.036753
v 0.133733 0.117439 0.041987
v 0.129848 0.061863 0.053284
v 0.131573 0.105379 0.052150
v 0.129430 0.106456 0.055418
v 0.138788 0.086210 0.040315
v 0.132988 0.121076 0.050213
v 0.133650 0.120478 0.049807
v 0.142813 0.062791 0.033402
v 0.136487 0.120687 0.045367
v 0.137223 0.120025 0.044274
v 0.136772 0.120935 0.044632
v 0.133928 0.121814 0.043532
v 0.135354 0.063279 0.044909
v 0.137855 0.121160 0.042525
v 0.137541 0.121114 0.042084
v 0.147444 0.065370 0.026297
v 0.147713 0.069236 0.026134
v 0.151192 0.069037 0.020556
v 0.150597 0.071763 0.021639
v 0.149476 0.070415 0.023280
v 0.130316 0.065893 0.052876
v 0.140080 0.081834 0.038206
v 0.137199 0.120883 0.044166
v 0.151559 0.082199 0.020608
v 0.132526 0.121470 0.048371
v 0.143566 0.116601 0.033909
v 0.133981 0.121159 0.048363
v 0.132712 0.121506 0.046184
v 0.132298 0.121676 0.046176
v 0.134573 0.121602 0.044822
v 0.126554 0.082239 0.059221
v 0.134983 0.076213 0.045947
v 0.147563 0.111900 0.027330
v 0.145853 0.065501 0.028744
v 0.146386 0.062134 0.027776
v 0.132569 0.077299 0.049688
v 0.144714 0.064188 0.030528
v 0.144324 0.060422 0.030964
v 0.138114 0.118615 0.035245
v 0.136818 0.121879 0.039181
v 0.142386 0.121673 0.032237
v 0.141930 0.057571 0.034595
v 0.134924 0.121385 0.044923
v 0.151051 0.092614 0.021427
v 0.151860 0.092023 0.020226
v 0.151254 0.093712 0.021288
v 0.138795 0.094324 0.040480
v 0.137413 0.076356 0.042085
v 0.137515 0.059858 0.041699
v 0.123201 0.055018 0.063459
v 0.121357 0.056767 0.066395
v 0.121539 0.052068 0.066105
v 0.142437 0.090264 0.034773
v 0.124442 0.065948 0.061971
v 0.127126 0.085762 0.058497
v 0.142755 0.120213 0.035647
v 0.144689 0.118282 0.032306
v 0.146045 0.120484 0.030586
v 0.151245 0.087828 0.021221
v 0.153636 0.085090 0.017534
v 0.141309 0.088211 0.036460
v 0.129572 0.098905 0.055134
v 0.138505 0.110939 0.041374
v 0.149976 0.064483 0.022461
v 0.134340 0.121016 0.048822
v 0.153387 0.089882 0.017857
v 0.143246 0.118854 0.034610
v 0.144934 0.121109 0.032161
v 0.144213 0.121395 0.031688
v 0.144521 0.120031 0.032874
v 0.137508 0.105536 0.036025
v 0.134752 0.107218 0.040516
v 0.143452 0.121553 0.031525
v 0.150121 0.100610 0.023229
v 0.157143 0.074664 0.011801
v 0.149442 0.103715 0.024088
v 0.132999 0.114874 0.042926
v 0.141188 0.121454 0.031531
v 0.140462 0.121619 0.033584
v 0.139534 0.121520 0.034542
v 0.140011 0.121464 0.037308
v 0.141066 0.117088 0.029915
v 0.139274 0.121595 0.036094
v 0.140968 0.120451 0.031217
v 0.111754 0.121545 0.079021
v 0.110839 0.121104 0.079446
v 0.110833 0.121473 0.080518
v 0.110054 0.121207 0.082970
v 0.110426 0.121035 0.083887
v 0.110982 0.121111 0.082839
v 0.113818 0.121012 0.080144
v 0.113199 0.120955 0.079423
v 0.112713 0.121086 0.080739
v 0.109850 0.120350 0.086883
v 0.110284 0.120675 0.085857
v 0.109390 0.120848 0.086889
v 0.109101 0.105963 0.080258
v 0.109441 0.109925 0.080149
v 0.109044 0.119381 0.081695
v 0.111778 0.120944 0.082360
v 0.112309 0.121041 0.081661
v 0.111285 0.121153 0.081646
v 0.115902 0.109094 0.076614
v 0.114444 0.108643 0.078984
v 0.115700 0.105463 0.076841
v 0.113009 0.119411 0.081976
v 0.113634 0.117999 0.080816
v 0.113410 0.120444 0.081458
v 0.108099 0.116482 0.089317
v 0.109686 0.113462 0.086467
v 0.110408 0.117539 0.085849
v 0.110248 0.119700 0.086296
v 0.111155 0.119756 0.084905
v 0.112064 0.118859 0.083363
v 0.108921 0.121455 0.083502
v 0.109222 0.121122 0.084509
v 0.116475 0.119826 0.076553
v 0.115363 0.120348 0.078542
v 0.115346 0.118630 0.078099
v 0.111358 0.120922 0.083270
v 0.116031 0.120519 0.077357
v 0.115985 0.120973 0.076748
v 0.115396 0.120973 0.077774
v 0.113387 0.110497 0.080635
v 0.112635 0.106567 0.081697
v 0.108583 0.116720 0.081795
v 0.109714 0.114086 0.079839
v 0.112070 0.120870 0.082843
v 0.112538 0.120924 0.082171
v 0.109622 0.108384 0.086299
v 0.109141 0.119539 0.087932
v 0.113471 0.113730 0.080665
v 0.111862 0.115433 0.083325
v 0.109198 0.120961 0.085903
v 0.109969 0.121012 0.084960
v 0.108583 0.104961 0.087779
v 0.110490 0.102760 0.084745
v 0.109850 0.120864 0.080843
v 0.115199 0.112055 0.077823
v 0.117330 0.111341 0.074441
v 0.107207 0.093715 0.082561
v 0.110996 0.120876 0.084468
v 0.112876 0.119730 0.075959
v 0.111953 0.117968 0.076947
v 0.110983 0.119745 0.078812
v 0.111545 0.111349 0.083445
v 0.112911 0.121510 0.077545
v 0.112812 0.121154 0.078675
v 0.111964 0.121213 0.080075
v 0.115765 0.115725 0.077203
v 0.113468 0.102294 0.080199
v 0.117409 0.108292 0.074276
v 0.111907 0.121058 0.077705
v 0.117122 0.118022 0.075314
v 0.110907 0.108859 0.077471
v 0.111510 0.112541 0.076655
v 0.114465 0.121078 0.078729
v 0.114905 0.121102 0.077152
v 0.113675 0.121105 0.078180
v 0.113262 0.121175 0.077844
v 0.110291 0.117551 0.079314
v 0.116562 0.120542 0.076562
v 0.114558 0.120714 0.079506
v 0.114427 0.119938 0.079869
v 0.116783 0.113573 0.075509
v 0.109795 0.121549 0.082016
v 0.112640 0.120349 0.082611
v 0.111884 0.120326 0.083621
v 0.111355 0.115698 0.077406
v 0.109004 0.098177 0.079807
v 0.109652 0.102926 0.079139
v 0.113877 0.121094 0.077100
v 0.111156 0.105768 0.076752
v 0.108995 0.086635 0.079611
v 0.113924 0.104220 0.079556
v 0.107548 0.101867 0.089475
v 0.110144 0.092988 0.077764
v 0.118194 0.106149 0.072792
v 0.157415 0.020374 -0.105990
v 0.155235 0.019501 -0.107400
v 0.157594 0.018738 -0.105626
v 0.181727 0.017754 -0.084053
v 0.181792 0.017716 -0.086622
v 0.179349 0.017660 -0.086652
v 0.178100 0.017487 -0.090277
v 0.178541 0.017451 -0.089149
v 0.179104 0.017859 -0.090091
v 0.165141 0.018578 -0.066303
v 0.163746 0.018468 -0.069276
v 0.161300 0.018571 -0.067222
v 0.158182 0.018478 -0.068916
v 0.155652 0.018585 -0.066791
v 0.157934 0.018687 -0.065569
v 0.130507 0.017626 -0.092106
v 0.130638 0.017661 -0.088798
v 0.132864 0.017826 -0.088944
v 0.154294 0.030666 -0.106653
v 0.149844 0.033359 -0.109504
v 0.152393 0.027964 -0.108772
v 0.135393 0.017893 -0.092139
v 0.135770 0.017907 -0.086897
v 0.138911 0.018020 -0.089794
v 0.171925 0.018219 -0.096207
v 0.171766 0.017296 -0.095703
v 0.173374 0.017659 -0.094852
v 0.131050 0.017637 -0.085980
v 0.138596 0.018133 -0.064427
v 0.140804 0.017928 -0.066408
v 0.139229 0.017688 -0.068315
v 0.109627 0.016677 -0.070616
v 0.110174 0.016543 -0.077256
v 0.105161 0.016481 -0.076375
v 0.176580 0.017284 -0.090758
v 0.162734 0.016803 -0.101512
v 0.161867 0.017337 -0.102529
v 0.161680 0.016785 -0.102055
v 0.153104 0.018053 -0.091699
v 0.156635 0.018162 -0.090241
v 0.156025 0.017833 -0.094286
v 0.170720 0.017195 -0.091254
v 0.166145 0.017720 -0.089831
v 0.169160 0.017753 -0.087690
v 0.126589 0.017188 -0.085298
v 0.129010 0.017157 -0.082322
v 0.157331 0.030738 -0.104507
v 0.156435 0.035499 -0.104331
v 0.153891 0.033410 -0.106394
v 0.128608 0.017285 -0.069503
v 0.123835 0.016939 -0.069670
v 0.126091 0.017254 -0.067327
v 0.183867 0.020549 -0.087216
v 0.182504 0.022374 -0.088535
v 0.180501 0.021812 -0.090227
v 0.142529 0.017258 -0.108435
v 0.144412 0.017403 -0.106182
v 0.144858 0.017066 -0.109371
v 0.156876 0.027922 -0.105451
v 0.161163 0.018419 -0.069729
v 0.159780 0.018241 -0.071286
v 0.131022 0.016876 -0.075413
v 0.135988 0.016968 -0.076296
v 0.135563 0.017142 -0.079294
v 0.128276 0.017466 -0.088835
v 0.141175 0.017860 -0.093715
v 0.145911 0.017743 -0.094862
v 0.143370 0.017608 -0.097227
v 0.172257 0.016871 -0.094598
v 0.173024 0.016887 -0.092760
v 0.173516 0.016982 -0.094004
v 0.139544 0.017961 -0.087046
v 0.142510 0.017871 -0.085901
v 0.141600 0.017989 -0.089301
v 0.150147 0.017490 -0.097357
v 0.149821 0.017115 -0.101967
v 0.146487 0.017452 -0.098886
v 0.155554 0.018291 -0.086188
v 0.151955 0.018147 -0.084408
v 0.155574 0.018220 -0.083127
v 0.123194 0.017000 -0.085699
v 0.124267 0.017272 -0.089284
v 0.119675 0.017143 -0.089222
v 0.179094 0.017874 -0.083317
v 0.160623 0.031330 -0.102316
v 0.167849 0.017972 -0.084641
v 0.167265 0.017861 -0.087149
v 0.165325 0.017930 -0.086143
v 0.115519 0.016759 -0.069192
v 0.113818 0.016742 -0.073301
v 0.148097 0.017906 -0.084358
v 0.148897 0.018075 -0.087540
v 0.152859 0.019926 -0.109255
v 0.151908 0.018430 -0.109678
v 0.153564 0.018829 -0.108447
v 0.168445 0.017016 -0.097596
v 0.166299 0.016536 -0.098374
v 0.166821 0.016753 -0.096842
v 0.178617 0.018505 -0.090953
v 0.178036 0.019567 -0.092001
v 0.177320 0.018350 -0.092025
v 0.106718 0.016605 -0.080592
v 0.110286 0.016513 -0.082877
v 0.152832 0.016764 -0.106044
v 0.153198 0.016920 -0.107213
v 0.151923 0.016730 -0.107328
v 0.167903 0.016996 -0.094350
v 0.170311 0.016775 -0.095671
v 0.169000 0.016678 -0.096360
v 0.154324 0.016858 -0.105747
v 0.153444 0.016797 -0.106388
v 0.146119 0.016977 -0.113380
v 0.147137 0.017122 -0.113033
v 0.146921 0.017654 -0.113674
v 0.181820 0.018346 -0.088117
v 0.183225 0.018052 -0.086629
v 0.182880 0.019074 -0.087485
v 0.160892 0.017084 -0.099367
v 0.163210 0.016677 -0.099914
v 0.161858 0.016834 -0.100738
v 0.163137 0.017978 -0.102020
v 0.165063 0.017573 -0.100404
v 0.165737 0.019506 -0.100449
v 0.176785 0.037769 -0.089742
v 0.174022 0.039841 -0.092114
v 0.174380 0.037160 -0.092204
v 0.174387 0.016933 -0.093101
v 0.175194 0.017285 -0.093276
v 0.174348 0.017337 -0.093931
v 0.170429 0.017352 -0.096640
v 0.152756 0.018502 -0.066391
v 0.154276 0.018399 -0.068849
v 0.113498 0.016574 -0.079620
v 0.114023 0.016661 -0.076670
v 0.140457 0.017532 -0.099218
v 0.137767 0.017447 -0.104767
v 0.136005 0.017630 -0.098442
v 0.142891 0.017494 -0.104298
v 0.145232 0.017411 -0.102967
v 0.174258 0.017253 -0.089751
v 0.176715 0.017447 -0.088247
v 0.177825 0.017774 -0.090990
v 0.176933 0.017556 -0.091686
v 0.164636 0.016596 -0.099145
v 0.163983 0.016848 -0.097936
v 0.179217 0.023764 -0.091322
v 0.178374 0.022440 -0.092212
v 0.164666 0.020801 -0.101295
v 0.162393 0.020035 -0.102797
v 0.159577 0.022117 -0.104570
v 0.163844 0.022340 -0.101873
v 0.138562 0.017372 -0.070813
v 0.135995 0.017450 -0.069822
v 0.155347 0.017404 -0.106484
v 0.156310 0.017025 -0.105086
v 0.156251 0.017493 -0.106061
v 0.144700 0.017689 -0.083188
v 0.147364 0.017680 -0.080967
v 0.155267 0.021714 -0.107532
v 0.154116 0.017219 -0.100402
v 0.158104 0.017212 -0.101354
v 0.155669 0.016985 -0.103375
v 0.169023 0.020452 -0.098774
v 0.171712 0.019724 -0.097020
v 0.170951 0.020941 -0.097752
v 0.153209 0.017801 -0.108281
v 0.151644 0.017076 -0.108994
v 0.148205 0.018000 -0.112679
v 0.149921 0.017590 -0.111040
v 0.150023 0.019289 -0.111528
v 0.160390 0.016984 -0.102925
v 0.160755 0.016947 -0.101708
v 0.161053 0.017077 -0.102672
v 0.143426 0.017490 -0.099924
v 0.178246 0.021272 -0.092238
v 0.130620 0.017035 -0.072340
v 0.126610 0.016860 -0.072776
v 0.149487 0.017812 -0.082654
v 0.162002 0.018090 -0.084947
v 0.162930 0.017983 -0.087826
v 0.159392 0.018194 -0.087273
v 0.167218 0.017562 -0.098921
v 0.170765 0.016810 -0.094314
v 0.164758 0.017043 -0.095778
v 0.173142 0.018422 -0.078144
v 0.169827 0.018282 -0.075180
v 0.175008 0.018619 -0.074636
v 0.131642 0.017597 -0.096675
v 0.131629 0.017598 -0.100796
v 0.125406 0.016710 -0.076327
v 0.166841 0.021398 -0.100119
v 0.105505 0.016636 -0.084678
v 0.157084 0.017580 -0.105616
v 0.148225 0.017191 -0.112208
v 0.147622 0.017430 -0.113021
v 0.153861 0.018088 -0.081168
v 0.150727 0.017834 -0.080941
v 0.148966 0.017674 -0.077752
v 0.145708 0.017494 -0.077846
v 0.146269 0.017585 -0.075065
v 0.176113 0.018821 -0.093428
v 0.176114 0.017705 -0.092758
v 0.138088 0.017707 -0.083789
v 0.171360 0.016804 -0.095299
v 0.151989 0.017861 -0.094135
v 0.148692 0.017890 -0.093509
v 0.153202 0.017879 -0.078607
v 0.158212 0.018030 -0.079743
v 0.133051 0.017427 -0.082393
v 0.142979 0.017381 -0.079083
v 0.180733 0.020220 -0.089778
v 0.171677 0.016879 -0.093405
v 0.133915 0.017764 -0.067554
v 0.145659 0.018024 -0.090426
v 0.154233 0.017323 -0.107114
v 0.181983 0.017865 -0.087608
v 0.180537 0.017697 -0.088471
v 0.151875 0.018226 -0.070360
v 0.151806 0.017954 -0.073567
v 0.147963 0.017941 -0.071629
v 0.176941 0.018180 -0.081710
v 0.175934 0.018461 -0.078720
v 0.179373 0.018263 -0.079454
v 0.141613 0.017496 -0.102715
v 0.141241 0.017454 -0.105806
v 0.170474 0.039766 -0.095224
v 0.171297 0.044018 -0.094212
v 0.169087 0.044162 -0.096063
v 0.147080 0.016852 -0.112276
v 0.146042 0.016893 -0.112220
v 0.157521 0.017038 -0.103714
v 0.134883 0.016959 -0.073512
v 0.176424 0.017812 -0.085018
v 0.128140 0.017407 -0.095746
v 0.160454 0.018044 -0.103644
v 0.159391 0.019836 -0.104633
v 0.117128 0.016781 -0.071868
v 0.151959 0.018373 -0.068052
v 0.149281 0.018274 -0.067467
v 0.145665 0.018166 -0.065251
v 0.150416 0.018415 -0.063571
v 0.161173 0.018073 -0.082009
v 0.158577 0.018253 -0.083872
v 0.168382 0.048404 -0.096575
v 0.166876 0.044313 -0.097690
v 0.116485 0.016708 -0.078216
v 0.117047 0.016702 -0.075011
v 0.173062 0.035061 -0.093865
v 0.172507 0.038520 -0.093689
v 0.152688 0.024276 -0.109271
v 0.156888 0.024893 -0.106087
v 0.169814 0.018200 -0.097559
v 0.168397 0.018953 -0.098804
v 0.159606 0.017080 -0.103441
v 0.163971 0.016699 -0.100693
v 0.164821 0.016706 -0.100329
v 0.149306 0.016735 -0.109939
v 0.149942 0.018063 -0.091063
v 0.152541 0.018228 -0.088622
v 0.163724 0.036587 -0.100001
v 0.160488 0.035456 -0.101841
v 0.164901 0.031617 -0.099972
v 0.171188 0.018236 -0.080268
v 0.161764 0.026218 -0.102616
v 0.167317 0.027015 -0.099488
v 0.163660 0.028788 -0.101130
v 0.156446 0.018136 -0.072281
v 0.169968 0.022034 -0.098381
v 0.171130 0.048088 -0.094364
v 0.171459 0.024261 -0.097480
v 0.172778 0.021677 -0.096697
v 0.172021 0.017898 -0.085558
v 0.147042 0.016848 -0.110667
v 0.148178 0.016836 -0.111344
v 0.167103 0.023744 -0.100001
v 0.175122 0.017570 -0.087314
v 0.159707 0.017819 -0.092860
v 0.149049 0.016932 -0.111336
v 0.175264 0.020438 -0.094671
v 0.116906 0.016931 -0.087804
v 0.116352 0.016695 -0.084933
v 0.120136 0.016784 -0.084798
v 0.143475 0.017334 -0.076003
v 0.150728 0.016786 -0.105816
v 0.150434 0.016760 -0.107939
v 0.147816 0.016970 -0.107536
v 0.159583 0.017003 -0.102535
v 0.169664 0.029509 -0.097587
v 0.162817 0.017937 -0.080513
v 0.164151 0.017967 -0.083068
v 0.161788 0.016793 -0.101532
v 0.124207 0.016753 -0.081086
v 0.118460 0.016642 -0.081205
v 0.120547 0.016643 -0.077346
v 0.169043 0.018097 -0.081786
v 0.176289 0.041657 -0.089819
v 0.178743 0.043071 -0.087730
v 0.176246 0.046254 -0.089879
v 0.128100 0.017414 -0.099571
v 0.175553 0.017126 -0.092291
v 0.176361 0.017292 -0.091876
v 0.173608 0.043407 -0.092193
v 0.173089 0.046897 -0.092661
v 0.173688 0.027999 -0.095192
v 0.172125 0.026512 -0.096676
v 0.165889 0.017939 -0.080944
v 0.162737 0.017902 -0.078287
v 0.181490 0.017881 -0.081518
v 0.109180 0.016672 -0.065532
v 0.126003 0.017361 -0.093056
v 0.160747 0.017996 -0.080333
v 0.161247 0.017983 -0.079565
v 0.160419 0.018085 -0.073106
v 0.142403 0.017458 -0.071799
v 0.145879 0.018030 -0.068666
v 0.174379 0.018278 -0.081496
v 0.124279 0.017180 -0.097963
v 0.121485 0.017238 -0.093634
v 0.160676 0.018692 -0.063476
v 0.174500 0.050611 -0.091596
v 0.170516 0.026464 -0.097707
v 0.174704 0.017033 -0.091858
v 0.140473 0.017465 -0.081507
v 0.165545 0.016680 -0.099646
v 0.165065 0.042387 -0.098899
v 0.167728 0.039905 -0.097298
v 0.167203 0.018444 -0.070605
v 0.164424 0.018054 -0.074191
v 0.164348 0.018315 -0.071202
v 0.159576 0.017964 -0.075626
v 0.146370 0.017276 -0.105339
v 0.148168 0.017111 -0.104655
v 0.138376 0.017153 -0.072674
v 0.136148 0.017208 -0.071429
v 0.174920 0.017957 -0.093952
v 0.175813 0.022934 -0.094454
v 0.167295 0.018011 -0.078383
v 0.156057 0.018177 -0.106522
v 0.173945 0.025291 -0.095605
v 0.159925 0.043798 -0.101660
v 0.157608 0.040090 -0.103159
v 0.160806 0.039161 -0.101352
v 0.172164 0.041118 -0.093661
v 0.129789 0.016998 -0.079140
v 0.166536 0.018396 -0.099640
v 0.151497 0.017820 -0.076134
v 0.154939 0.017918 -0.076051
v 0.173968 0.018861 -0.095131
v 0.149139 0.017778 -0.074833
v 0.176169 0.025434 -0.093803
v 0.158457 0.017282 -0.104456
v 0.158738 0.016999 -0.103148
v 0.169817 0.036410 -0.096187
v 0.167573 0.034819 -0.097952
v 0.165055 0.047594 -0.098812
v 0.121300 0.016696 -0.073020
v 0.119873 0.016775 -0.069389
v 0.113811 0.016688 -0.064799
v 0.142587 0.016977 -0.112070
v 0.133268 0.018029 -0.064659
v 0.129565 0.017710 -0.065990
v 0.180542 0.047425 -0.086528
v 0.163541 0.017469 -0.093336
v 0.114477 0.017115 -0.091619
v 0.162487 0.018258 -0.071384
v 0.113047 0.016772 -0.088383
v 0.112680 0.016570 -0.085556
v 0.118686 0.016792 -0.065254
v 0.142766 0.017911 -0.067643
v 0.177729 0.027362 -0.091895
v 0.142439 0.018008 -0.065404
v 0.157455 0.017494 -0.098079
v 0.160801 0.017455 -0.095906
v 0.174304 0.030915 -0.093810
v 0.156714 0.018687 -0.062620
v 0.154520 0.018639 -0.064205
v 0.171242 0.032303 -0.095877
v 0.165489 0.038717 -0.098814
v 0.176970 0.031377 -0.091199
v 0.164462 0.016497 -0.099951
v 0.117270 0.017253 -0.093422
v 0.162983 0.040585 -0.100135
v 0.161365 0.017923 -0.090214
v 0.154603 0.018247 -0.107460
v 0.117601 0.017222 -0.096527
v 0.120287 0.017147 -0.097790
v 0.153048 0.016854 -0.103895
v 0.153848 0.017585 -0.096727
v 0.133152 0.017286 -0.070666
v 0.151262 0.021478 -0.110622
v 0.139122 0.017143 -0.078227
v 0.162812 0.044401 -0.100138
v 0.109104 0.016593 -0.087400
v 0.176586 0.034626 -0.090650
v 0.134003 0.017583 -0.103249
v 0.163737 0.017233 -0.101274
v 0.145998 0.017955 -0.086413
v 0.178797 0.054750 -0.088482
v 0.177426 0.050322 -0.089172
v 0.180345 0.018829 -0.089581
v 0.116022 0.016631 -0.080395
v 0.114464 0.016552 -0.082541
v 0.139822 0.017080 -0.075368
v 0.157438 0.017063 -0.104758
v 0.139972 0.017261 -0.108845
v 0.180074 0.032011 -0.087978
v 0.122784 0.017007 -0.066348
v 0.180322 0.035319 -0.086953
v 0.172148 0.054080 -0.093738
v 0.181045 0.028516 -0.088277
v 0.182803 0.024823 -0.087857
v 0.171577 0.018558 -0.071324
v 0.113598 0.017285 -0.096315
v 0.108795 0.016953 -0.091763
v 0.179395 0.039190 -0.087280
v 0.184312 0.017763 -0.084450
v 0.145133 0.016927 -0.111529
v 0.112106 0.095405 0.082144
v 0.110948 0.098442 0.083976
v 0.109203 0.096006 0.086585
v 0.108430 0.059444 0.086445
v 0.110370 0.060123 0.083505
v 0.107895 0.063653 0.087472
v 0.109860 0.072483 0.084860
v 0.112155 0.069254 0.080956
v 0.111714 0.071985 0.081863
v 0.109590 0.043875 0.084205
v 0.109201 0.046508 0.084814
v 0.114068 0.047246 0.077252
v 0.115540 0.049210 0.075175
v 0.113830 0.049445 0.077830
v 0.119321 0.078298 0.070370
v 0.117047 0.077998 0.073776
v 0.118769 0.073512 0.071021
v 0.111299 0.042322 0.081343
v 0.114029 0.043652 0.076983
v 0.112649 0.046864 0.079316
v 0.115383 0.100086 0.077062
v 0.117873 0.098658 0.073202
v 0.116417 0.101957 0.075615
v 0.113783 0.053849 0.078021
v 0.112039 0.051034 0.080528
v 0.107548 0.101867 0.089475
v 0.109127 0.085637 0.086393
v 0.114016 0.064949 0.077842
v 0.113101 0.067072 0.079459
v 0.112137 0.065671 0.080797
v 0.108696 0.090270 0.087191
v 0.110244 0.064871 0.083790
v 0.112390 0.062024 0.080426
v 0.115074 0.091428 0.077361
v 0.117383 0.093592 0.073775
v 0.115516 0.094674 0.076685
v 0.116034 0.056717 0.074681
v 0.118209 0.059605 0.071435
v 0.116809 0.062149 0.073596
v 0.113551 0.098002 0.079876
v 0.113838 0.093971 0.079380
v 0.119805 0.047288 0.068451
v 0.121539 0.052068 0.066105
v 0.119561 0.052251 0.069115
v 0.111930 0.059139 0.080960
v 0.113557 0.058265 0.078461
v 0.121357 0.056767 0.066395
v 0.119267 0.055824 0.069692
v 0.120323 0.054180 0.067888
v 0.114006 0.068793 0.078015
v 0.120109 0.060529 0.068510
v 0.120775 0.065436 0.067548
v 0.118587 0.064495 0.070938
v 0.110490 0.102760 0.084745
v 0.114820 0.061527 0.076660
v 0.109540 0.099820 0.086238
v 0.110334 0.082670 0.084355
v 0.111811 0.085307 0.082242
v 0.108138 0.067466 0.087343
v 0.109016 0.040047 0.084972
v 0.109938 0.041779 0.083599
v 0.109451 0.080570 0.085680
v 0.111852 0.079213 0.081949
v 0.111740 0.074614 0.081918
v 0.110339 0.076750 0.084155
v 0.111608 0.056240 0.081426
v 0.116458 0.088767 0.075174
v 0.117021 0.085468 0.074056
v 0.119526 0.089363 0.070308
v 0.114125 0.088171 0.078726
v 0.113468 0.102294 0.080199
v 0.117808 0.056263 0.071907
v 0.116233 0.097037 0.075708
v 0.108868 0.077125 0.086364
v 0.113067 0.072060 0.079595
v 0.115726 0.064341 0.075313
v 0.110726 0.046758 0.082388
v 0.113408 0.075307 0.079206
v 0.115535 0.072692 0.075969
v 0.109936 0.053026 0.083808
v 0.112148 0.091288 0.081952
v 0.110655 0.068079 0.083212
v 0.109456 0.068319 0.085236
v 0.114823 0.102588 0.077921
v 0.117987 0.052220 0.071596
v 0.114688 0.084902 0.077663
v 0.118779 0.082658 0.071314
v 0.115724 0.081558 0.075961
v 0.109180 0.049375 0.085048
v 0.110478 0.050316 0.083020
v 0.115720 0.067555 0.075352
v 0.117555 0.069087 0.072697
v 0.114558 0.078262 0.077658
v 0.117424 0.046837 0.072150
v 0.118101 0.102707 0.073001
v 0.118194 0.106149 0.072792
v 0.115700 0.105463 0.076841
v 0.116196 0.042713 0.073696
v 0.109011 0.083207 0.086400
v 0.113924 0.104220 0.079556
v 0.113920 0.081497 0.078780
v 0.122017 0.061497 0.065680
v 0.117020 0.065539 0.073373
v 0.119489 0.068679 0.069713
v 0.114586 0.080263 0.077588
v 0.109685 0.056772 0.084461
v 0.177564 0.122289 -0.022579
v 0.178549 0.122189 -0.024219
v 0.177093 0.122366 -0.023373
v 0.173751 0.120874 -0.012084
v 0.174342 0.121765 -0.012769
v 0.173461 0.121944 -0.012399
v 0.176086 0.122270 -0.020116
v 0.175601 0.122234 -0.020775
v 0.174587 0.122329 -0.019241
v 0.165557 0.121666 0.000084
v 0.164815 0.121592 -0.000458
v 0.164464 0.121532 0.000553
v 0.183706 0.122167 -0.032161
v 0.184169 0.122262 -0.031491
v 0.184458 0.122245 -0.032877
v 0.164134 0.119702 -0.004969
v 0.164296 0.117752 -0.005608
v 0.162365 0.118761 -0.002230
v 0.174175 0.122083 -0.014231
v 0.173286 0.122459 -0.014014
v 0.173765 0.122031 -0.013371
v 0.160746 0.096336 0.006848
v 0.160124 0.091162 0.007563
v 0.161831 0.091732 0.004943
v 0.172292 0.122284 -0.014490
v 0.171031 0.122249 -0.013799
v 0.171290 0.122323 -0.012717
v 0.162022 0.115553 -0.002007
v 0.165183 0.114637 -0.006898
v 0.177060 0.122347 -0.020212
v 0.176993 0.122318 -0.019437
v 0.177754 0.121999 -0.019685
v 0.164836 0.107144 0.000767
v 0.165280 0.101877 0.000026
v 0.166815 0.104581 -0.002282
v 0.183364 0.110575 -0.026825
v 0.183476 0.114145 -0.026884
v 0.182000 0.114557 -0.024619
v 0.187784 0.095091 -0.034509
v 0.187031 0.099460 -0.033088
v 0.185059 0.095733 -0.030429
v 0.169709 0.111594 -0.006442
v 0.171165 0.106501 -0.008807
v 0.172745 0.110385 -0.011037
v 0.166609 0.122338 -0.007885
v 0.167645 0.122507 -0.009441
v 0.166997 0.121797 -0.009131
v 0.175680 0.122285 -0.017426
v 0.176325 0.122171 -0.017786
v 0.175997 0.122415 -0.018214
v 0.163961 0.100024 0.001910
v 0.163709 0.102763 0.002384
v 0.162349 0.100158 0.004424
v 0.173217 0.121885 -0.011226
v 0.172970 0.120861 -0.010622
v 0.174779 0.121815 -0.013791
v 0.179866 0.122302 -0.023987
v 0.179652 0.122416 -0.024733
v 0.179271 0.122322 -0.023817
v 0.178432 0.122332 -0.022055
v 0.177595 0.122357 -0.021414
v 0.178503 0.122056 -0.021152
v 0.167735 0.122223 -0.007788
v 0.167094 0.122093 -0.006868
v 0.167701 0.122082 -0.007287
v 0.179517 0.122218 -0.025823
v 0.175638 0.122082 -0.016288
v 0.176363 0.121970 -0.017123
v 0.172384 0.089952 -0.011144
v 0.175058 0.089761 -0.015296
v 0.173938 0.092460 -0.013589
v 0.176914 0.122375 -0.020854
v 0.177379 0.122382 -0.020851
v 0.166502 0.121560 -0.002286
v 0.167345 0.121223 -0.001973
v 0.167209 0.121597 -0.002688
v 0.176840 0.122121 -0.017694
v 0.177151 0.121818 -0.017228
v 0.169282 0.122491 -0.012620
v 0.169786 0.122369 -0.012139
v 0.170141 0.122344 -0.013246
v 0.169471 0.122329 -0.009721
v 0.169579 0.122286 -0.008937
v 0.170150 0.122314 -0.009508
v 0.183340 0.116414 -0.026507
v 0.182289 0.119429 -0.024563
v 0.184130 0.121494 -0.027010
v 0.183847 0.120678 -0.026794
v 0.184540 0.121439 -0.027754
v 0.176775 0.122245 -0.018497
v 0.177699 0.121945 -0.018114
v 0.177427 0.122076 -0.018912
v 0.180410 0.120737 -0.021771
v 0.180582 0.121719 -0.022093
v 0.179996 0.121931 -0.022065
v 0.174835 0.095896 -0.014667
v 0.172611 0.095103 -0.011333
v 0.174819 0.119687 -0.013706
v 0.176744 0.117713 -0.016461
v 0.176241 0.120414 -0.015725
v 0.169688 0.122055 -0.013759
v 0.168870 0.121507 -0.012421
v 0.182734 0.121962 -0.026758
v 0.181884 0.122186 -0.027394
v 0.181979 0.122145 -0.026561
v 0.170506 0.121917 -0.015085
v 0.170593 0.122409 -0.014273
v 0.174672 0.121084 -0.013324
v 0.178933 0.092623 -0.028137
v 0.181320 0.089973 -0.031715
v 0.178712 0.087883 -0.027623
v 0.166117 0.120109 -0.008049
v 0.167832 0.121412 -0.010632
v 0.172301 0.122435 -0.013038
v 0.176234 0.122306 -0.022000
v 0.176608 0.122220 -0.021365
v 0.172671 0.122214 -0.015924
v 0.173557 0.122312 -0.016616
v 0.172923 0.122517 -0.017458
v 0.167734 0.122161 -0.006806
v 0.168422 0.122201 -0.007779
v 0.179133 0.121994 -0.021704
v 0.176209 0.122470 -0.019092
v 0.179130 0.121810 -0.020219
v 0.179309 0.121288 -0.020274
v 0.179433 0.121856 -0.020632
v 0.169654 0.116141 -0.006108
v 0.167876 0.119320 -0.002978
v 0.167576 0.114912 -0.002977
v 0.167761 0.122132 -0.006013
v 0.166737 0.122078 -0.005763
v 0.172915 0.122448 -0.018611
v 0.172874 0.121674 -0.018822
v 0.172254 0.122240 -0.017795
v 0.178709 0.122264 -0.023012
v 0.179801 0.122091 -0.023159
v 0.179148 0.122128 -0.022434
v 0.175188 0.122410 -0.018349
v 0.174698 0.122510 -0.016967
v 0.172679 0.118868 -0.010444
v 0.174691 0.118108 -0.013466
v 0.171478 0.122165 -0.016594
v 0.171888 0.121513 -0.017412
v 0.178547 0.121983 -0.020150
v 0.178959 0.121918 -0.020671
v 0.165469 0.121334 0.000768
v 0.165011 0.121453 0.001397
v 0.167705 0.121840 -0.005182
v 0.167111 0.122098 -0.005170
v 0.180955 0.121974 -0.022932
v 0.180819 0.121963 -0.023491
v 0.180491 0.121962 -0.022700
v 0.174322 0.086947 -0.014292
v 0.175180 0.083772 -0.015724
v 0.176051 0.087388 -0.016990
v 0.170284 0.121828 -0.007866
v 0.170900 0.121714 -0.007375
v 0.170907 0.121915 -0.008290
v 0.181508 0.121458 -0.023259
v 0.180889 0.121648 -0.022530
v 0.166108 0.121994 -0.003577
v 0.167068 0.121863 -0.004490
v 0.166245 0.122008 -0.004640
v 0.183423 0.084318 -0.027973
v 0.182972 0.081629 -0.027386
v 0.184430 0.083140 -0.029582
v 0.171646 0.121729 -0.008511
v 0.172103 0.121947 -0.009555
v 0.171575 0.121964 -0.009168
v 0.175659 0.092868 -0.016071
v 0.177395 0.095894 -0.018561
v 0.167258 0.100147 -0.003003
v 0.165118 0.120141 0.001278
v 0.165909 0.117964 -0.000175
v 0.166320 0.120581 -0.000423
v 0.174214 0.122259 -0.017763
v 0.174608 0.122354 -0.017666
v 0.168081 0.095488 -0.004507
v 0.167466 0.090501 -0.003540
v 0.169620 0.091236 -0.006961
v 0.166998 0.120671 -0.001469
v 0.166581 0.121447 -0.001022
v 0.169247 0.103163 -0.005996
v 0.179812 0.121815 -0.021243
v 0.175257 0.122065 -0.014996
v 0.174767 0.122303 -0.015797
v 0.174152 0.122313 -0.015017
v 0.170866 0.109115 -0.015636
v 0.173344 0.106545 -0.019760
v 0.171489 0.103831 -0.016751
v 0.166036 0.110041 -0.007898
v 0.163583 0.112134 -0.004249
v 0.183172 0.122064 -0.031098
v 0.182937 0.122192 -0.031739
v 0.163728 0.108637 -0.004122
v 0.173453 0.099585 -0.012462
v 0.176293 0.100833 -0.016733
v 0.181220 0.121954 -0.024288
v 0.181522 0.122053 -0.023909
v 0.170828 0.122361 -0.010363
v 0.171179 0.122427 -0.011212
v 0.170416 0.122412 -0.010897
v 0.170735 0.122209 -0.009643
v 0.170237 0.122444 -0.010194
v 0.167386 0.121623 -0.003410
v 0.167451 0.121608 -0.004046
v 0.166935 0.121690 -0.003711
v 0.169544 0.122349 -0.010851
v 0.168595 0.122295 -0.009705
v 0.172136 0.122169 -0.010877
v 0.172695 0.121694 -0.010235
v 0.168383 0.107688 -0.004489
v 0.176893 0.089863 -0.025088
v 0.165848 0.121626 -0.000630
v 0.166790 0.107314 -0.002152
v 0.165975 0.121496 -0.001275
v 0.170011 0.121776 -0.006925
v 0.169267 0.121707 -0.005705
v 0.170167 0.121103 -0.006122
v 0.170376 0.121969 -0.008809
v 0.185176 0.079829 -0.030900
v 0.176685 0.121654 -0.016280
v 0.177458 0.120702 -0.017447
v 0.169813 0.120593 -0.014088
v 0.171106 0.120932 -0.016113
v 0.167006 0.122251 -0.007424
v 0.167669 0.122384 -0.008497
v 0.172076 0.114877 -0.009784
v 0.174266 0.112982 -0.013131
v 0.173514 0.122289 -0.019802
v 0.173796 0.122615 -0.019412
v 0.173340 0.122475 -0.015017
v 0.173981 0.122397 -0.015871
v 0.171399 0.122092 -0.009990
v 0.172615 0.122216 -0.012139
v 0.181832 0.122016 -0.024604
v 0.173027 0.122308 -0.012988
v 0.176523 0.122370 -0.019764
v 0.177912 0.122217 -0.025583
v 0.177089 0.121886 -0.024719
v 0.177481 0.122338 -0.024865
v 0.164239 0.121936 -0.004488
v 0.163436 0.121841 -0.003017
v 0.164132 0.122299 -0.003280
v 0.170934 0.119319 -0.015984
v 0.174967 0.122527 -0.020897
v 0.168224 0.113335 -0.011532
v 0.165394 0.096782 -0.000214
v 0.165900 0.087679 -0.001218
v 0.165126 0.091459 0.000117
v 0.163521 0.087789 0.002402
v 0.165327 0.122068 -0.006235
v 0.166214 0.122220 -0.006306
v 0.168213 0.119816 -0.011436
v 0.164823 0.122203 -0.004287
v 0.165263 0.122299 -0.005254
v 0.184672 0.122387 -0.034072
v 0.185513 0.122317 -0.033703
v 0.172659 0.120150 -0.018675
v 0.174430 0.121590 -0.021144
v 0.174435 0.119680 -0.021450
v 0.171877 0.122493 -0.011989
v 0.164928 0.113359 0.000927
v 0.164272 0.118015 0.002257
v 0.162700 0.115175 0.004551
v 0.179235 0.121328 -0.027820
v 0.178601 0.122032 -0.026604
v 0.179395 0.122391 -0.027266
v 0.171147 0.121980 -0.009019
v 0.166651 0.121607 -0.003048
v 0.167913 0.122344 -0.010636
v 0.174141 0.122438 -0.020597
v 0.165570 0.104840 -0.006956
v 0.166935 0.117379 -0.009662
v 0.169564 0.117448 -0.013761
v 0.168379 0.121612 -0.005024
v 0.168807 0.121557 -0.004462
v 0.169070 0.122211 -0.008446
v 0.168662 0.122191 -0.008814
v 0.177987 0.122249 -0.024812
v 0.176859 0.122395 -0.024014
v 0.180097 0.082781 -0.023023
v 0.180732 0.087710 -0.024041
v 0.178146 0.086301 -0.020156
v 0.175657 0.122482 -0.022448
v 0.174681 0.122415 -0.021387
v 0.178406 0.105107 -0.019883
v 0.176071 0.105798 -0.016284
v 0.160981 0.121680 0.000883
v 0.161932 0.121344 -0.000706
v 0.161051 0.120277 0.000345
v 0.168446 0.109445 -0.011739
v 0.172200 0.120949 -0.009421
v 0.165994 0.121513 -0.007463
v 0.168689 0.102184 -0.011737
v 0.167535 0.106691 -0.010198
v 0.178470 0.121915 -0.019403
v 0.169797 0.121809 -0.007477
v 0.169504 0.122063 -0.008011
v 0.187027 0.121919 -0.032666
v 0.186935 0.120622 -0.031681
v 0.187624 0.121725 -0.032801
v 0.168533 0.121736 -0.006045
v 0.168551 0.122064 -0.006913
v 0.169436 0.121368 -0.005062
v 0.186451 0.121840 -0.031606
v 0.186262 0.121531 -0.030499
v 0.169369 0.106415 -0.013206
v 0.168478 0.122225 -0.011719
v 0.168918 0.122525 -0.011420
v 0.178674 0.122191 -0.025262
v 0.183106 0.121177 -0.033028
v 0.184840 0.121546 -0.035272
v 0.183700 0.119847 -0.034185
v 0.181275 0.095271 -0.031691
v 0.184727 0.100168 -0.029485
v 0.183695 0.104466 -0.027664
v 0.182856 0.100803 -0.026602
v 0.164088 0.120190 0.002842
v 0.162813 0.119057 0.004585
v 0.171937 0.117314 -0.017596
v 0.171660 0.113933 -0.016872
v 0.181103 0.105273 -0.023814
v 0.180303 0.108539 -0.022441
v 0.165826 0.121526 -0.001870
v 0.165849 0.121709 -0.002625
v 0.163884 0.121829 -0.000205
v 0.164183 0.121945 -0.001195
v 0.165248 0.121605 -0.001257
v 0.165057 0.121942 -0.002014
v 0.178753 0.122311 -0.025937
v 0.177808 0.122184 -0.020618
v 0.175646 0.091299 -0.023258
v 0.174348 0.093017 -0.021467
v 0.176525 0.094812 -0.024613
v 0.168558 0.122424 -0.010477
v 0.162174 0.105119 0.004726
v 0.160661 0.103051 0.006941
v 0.180153 0.112258 -0.022104
v 0.180375 0.122087 -0.023974
v 0.180868 0.122172 -0.024670
v 0.180296 0.122305 -0.024615
v 0.178471 0.121351 -0.018963
v 0.169329 0.121830 -0.006949
v 0.170423 0.122301 -0.011775
v 0.180682 0.122230 -0.027446
v 0.168053 0.121707 -0.004015
v 0.173661 0.118090 -0.020383
v 0.174429 0.115917 -0.013178
v 0.162894 0.122069 -0.000320
v 0.173161 0.122288 -0.015655
v 0.176095 0.121805 -0.023415
v 0.170483 0.122210 -0.012757
v 0.164823 0.121110 -0.005667
v 0.158950 0.101234 0.009617
v 0.160579 0.100034 0.007092
v 0.178750 0.119681 -0.019397
v 0.180663 0.122290 -0.025673
v 0.182185 0.121977 -0.026029
v 0.167299 0.121999 -0.005005
v 0.178919 0.121651 -0.019716
v 0.175395 0.121148 -0.014498
v 0.187656 0.122083 -0.033821
v 0.186696 0.122246 -0.033837
v 0.187638 0.090505 -0.034473
v 0.185323 0.090932 -0.030998
v 0.171279 0.120593 -0.007933
v 0.170214 0.119190 -0.006563
v 0.181350 0.122291 -0.026586
v 0.181573 0.122156 -0.025802
v 0.178987 0.097599 -0.028315
v 0.175528 0.117884 -0.023255
v 0.176466 0.120371 -0.024206
v 0.179868 0.116853 -0.021238
v 0.178002 0.121386 -0.025982
v 0.159352 0.106021 0.009081
v 0.160730 0.106169 0.007053
v 0.159171 0.088381 0.009072
v 0.158058 0.085712 0.010748
v 0.161165 0.085100 0.005844
v 0.183014 0.097412 -0.027172
v 0.165271 0.121995 -0.002904
v 0.165142 0.122035 -0.003733
v 0.165673 0.122067 -0.005034
v 0.168402 0.109812 -0.004517
v 0.167112 0.110443 -0.002471
v 0.183785 0.121857 -0.026928
v 0.170417 0.094949 -0.008077
v 0.180316 0.094971 -0.023265
v 0.181392 0.099436 -0.024632
v 0.179533 0.100738 -0.021866
v 0.182568 0.121587 -0.024891
v 0.182137 0.121477 -0.024142
v 0.164337 0.122025 -0.002446
v 0.180984 0.122153 -0.028879
v 0.180145 0.122107 -0.028664
v 0.170136 0.086044 -0.007879
v 0.172860 0.084535 -0.012101
v 0.171588 0.122313 -0.015315
v 0.174117 0.110558 -0.020820
v 0.174138 0.115284 -0.021076
v 0.171044 0.099857 -0.015856
v 0.170021 0.098155 -0.013891
v 0.162464 0.110143 0.004597
v 0.160366 0.108856 0.007615
v 0.161415 0.107789 0.005995
v 0.175896 0.112907 -0.023582
v 0.176308 0.115420 -0.024405
v 0.177787 0.113454 -0.026308
v 0.183445 0.121904 -0.027586
v 0.172755 0.103365 -0.011306
v 0.173791 0.106532 -0.012860
v 0.171350 0.102596 -0.009185
v 0.176941 0.081046 -0.018421
v 0.168177 0.121219 -0.003198
v 0.176027 0.122013 -0.015738
v 0.183209 0.121450 -0.025788
v 0.179259 0.109677 -0.028133
v 0.176888 0.110466 -0.024811
v 0.178319 0.120078 -0.026807
v 0.181680 0.102335 -0.024898
v 0.175144 0.109944 -0.014750
v 0.181641 0.117949 -0.031757
v 0.183271 0.117855 -0.033953
v 0.182395 0.115927 -0.032890
v 0.160569 0.088222 0.006846
v 0.178095 0.113898 -0.018977
v 0.176075 0.113396 -0.015936
v 0.177713 0.109663 -0.018742
v 0.184010 0.121924 -0.027792
v 0.186681 0.104266 -0.032364
v 0.170993 0.079617 -0.009487
v 0.169122 0.098606 -0.005999
v 0.181460 0.122023 -0.025001
v 0.181169 0.122253 -0.025306
v 0.187586 0.083813 -0.034440
v 0.186578 0.086924 -0.032954
v 0.186064 0.083345 -0.032128
v 0.171057 0.099313 -0.008972
v 0.184319 0.086211 -0.029400
v 0.182910 0.089154 -0.027335
v 0.185211 0.116075 -0.029399
v 0.185159 0.122147 -0.031627
v 0.185959 0.122093 -0.032574
v 0.185075 0.122128 -0.032586
v 0.178032 0.117296 -0.026863
v 0.178121 0.122021 -0.018934
v 0.185058 0.120084 -0.028833
v 0.186935 0.120622 -0.031681
v 0.182564 0.121983 -0.025759
v 0.158776 0.110478 0.010173
v 0.172594 0.100043 -0.018610
v 0.185726 0.121986 -0.031483
v 0.176276 0.105842 -0.024027
v 0.179163 0.121839 -0.021095
v 0.160024 0.118071 0.001329
v 0.180576 0.116565 -0.030368
v 0.171242 0.117287 -0.008344
v 0.179709 0.113936 -0.028945
v 0.181398 0.091226 -0.025097
v 0.180799 0.121924 -0.024084
v 0.182039 0.121962 -0.025343
v 0.167758 0.121653 -0.004578
v 0.187904 0.078703 -0.035164
v 0.183933 0.118399 -0.027171
v 0.179712 0.090350 -0.022516
v 0.177508 0.091128 -0.018996
v 0.183655 0.122139 -0.033157
v 0.181962 0.122251 -0.031030
v 0.182630 0.122041 -0.032179
v 0.181830 0.121504 -0.031369
v 0.185722 0.121941 -0.030557
v 0.180061 0.119232 -0.029493
v 0.188056 0.121522 -0.033353
v 0.183055 0.093258 -0.027461
v 0.182490 0.085325 -0.026566
v 0.181748 0.122045 -0.028597
v 0.174519 0.102900 -0.013916
v 0.182940 0.122051 -0.028341
v 0.180652 0.121067 -0.029861
v 0.171903 0.095382 -0.017438
v 0.172150 0.101106 -0.010421
v 0.158008 0.091206 0.010931
v 0.176013 0.121485 -0.015368
v 0.185532 0.107723 -0.030444
v 0.182015 0.119979 -0.031940
v 0.174178 0.102333 -0.021127
v 0.167715 0.085045 -0.004147
v 0.169232 0.082740 -0.006555
v 0.157889 0.095826 0.011142
v 0.156110 0.101950 0.014070
v 0.163123 0.094708 0.003155
v 0.182109 0.107850 -0.032537
v 0.179676 0.103322 -0.029227
v 0.165832 0.084043 -0.001272
v 0.181223 0.099465 -0.031591
v 0.160693 0.113058 0.007375
v 0.169044 0.120637 -0.004595
v 0.163023 0.122066 -0.001759
v 0.181926 0.112737 -0.032072
v 0.161959 0.122083 -0.000236
v 0.157353 0.106574 0.012226
v 0.163030 0.120885 -0.002717
v 0.174785 0.086969 -0.022011
v 0.177230 0.083669 -0.025419
v 0.185190 0.121861 -0.030755
v 0.184616 0.122120 -0.030679
v 0.162133 0.087031 0.004366
v 0.174428 0.097612 -0.021560
v 0.176650 0.100548 -0.024841
v 0.161697 0.088411 0.005139
v 0.166454 0.121554 -0.001644
v 0.173337 0.081823 -0.013058
v 0.159904 0.116110 0.001350
v 0.188374 0.120712 -0.033759
v 0.187842 0.118467 -0.033381
v 0.182441 0.122057 -0.030721
v 0.163672 0.097903 0.002444
v 0.179868 0.084252 -0.029304
v 0.178809 0.079286 -0.027891
v 0.183094 0.102697 -0.034180
v 0.188056 0.121522 -0.033353
v 0.157954 0.062442 -0.102930
v 0.160925 0.058643 -0.101118
v 0.160361 0.062524 -0.101460
v 0.111604 0.017581 -0.108710
v 0.108163 0.017722 -0.108614
v 0.109225 0.017616 -0.104934
v 0.108795 0.016953 -0.091763
v 0.110162 0.017246 -0.095611
v 0.106190 0.017139 -0.095430
v 0.106642 0.017736 -0.117802
v 0.105136 0.018030 -0.121590
v 0.108117 0.017597 -0.114529
v 0.109161 0.017650 -0.111173
v 0.158202 0.068748 -0.102975
v 0.159711 0.065393 -0.101933
v 0.161670 0.069463 -0.100780
v 0.162631 0.064084 -0.100100
v 0.166013 0.068234 -0.097880
v 0.153137 0.065052 -0.106117
v 0.155886 0.056878 -0.104063
v 0.164180 0.072673 -0.099252
v 0.167059 0.074007 -0.097334
v 0.166198 0.060750 -0.097862
v 0.111140 0.017393 -0.100684
v 0.115252 0.017295 -0.103905
v 0.144180 0.017646 -0.115389
v 0.144512 0.017067 -0.114826
v 0.145458 0.017651 -0.114567
v 0.146921 0.017654 -0.113674
v 0.146119 0.016977 -0.113380
v 0.110770 0.017328 -0.097781
v 0.107852 0.017336 -0.098476
v 0.124279 0.017180 -0.097963
v 0.124937 0.017330 -0.102638
v 0.120793 0.017157 -0.101512
v 0.156195 0.072183 -0.104456
v 0.152426 0.074945 -0.106940
v 0.113481 0.017316 -0.101227
v 0.105376 0.017531 -0.101724
v 0.113598 0.017285 -0.096315
v 0.114684 0.017306 -0.099666
v 0.114477 0.017115 -0.091619
v 0.120287 0.017147 -0.097790
v 0.132692 0.017334 -0.121519
v 0.133383 0.017476 -0.122477
v 0.132228 0.017607 -0.122876
v 0.131077 0.017540 -0.122295
v 0.134540 0.017454 -0.122230
v 0.134343 0.017089 -0.121225
v 0.133876 0.018049 -0.122953
v 0.133028 0.019333 -0.123953
v 0.132746 0.018100 -0.123509
v 0.130897 0.017323 -0.119957
v 0.123414 0.017402 -0.110748
v 0.125723 0.017486 -0.109489
v 0.126637 0.017486 -0.112930
v 0.135508 0.017226 -0.121327
v 0.133427 0.017166 -0.120236
v 0.121599 0.017239 -0.107078
v 0.127041 0.017594 -0.106174
v 0.135493 0.018249 -0.122043
v 0.135307 0.016975 -0.120728
v 0.136275 0.016951 -0.120178
v 0.136836 0.017591 -0.120577
v 0.128438 0.017597 -0.103128
v 0.135183 0.016990 -0.119912
v 0.130304 0.017547 -0.109543
v 0.137832 0.018631 -0.120341
v 0.134465 0.016992 -0.118061
v 0.136634 0.020341 -0.121797
v 0.137492 0.017047 -0.119478
v 0.136541 0.016825 -0.118884
v 0.130813 0.017354 -0.113164
v 0.132609 0.017208 -0.114086
v 0.130776 0.017300 -0.116071
v 0.156900 0.065696 -0.103726
v 0.138605 0.017542 -0.119055
v 0.130810 0.017642 -0.104898
v 0.134953 0.017025 -0.115156
v 0.137258 0.016790 -0.117041
v 0.133598 0.017214 -0.112339
v 0.138071 0.016803 -0.118393
v 0.141765 0.016803 -0.116170
v 0.142350 0.016758 -0.114976
v 0.142515 0.017049 -0.116065
v 0.139905 0.019577 -0.119193
v 0.140249 0.021285 -0.119345
v 0.140301 0.017504 -0.117746
v 0.139099 0.016821 -0.117429
v 0.141783 0.018548 -0.117381
v 0.139642 0.018450 -0.118845
v 0.143226 0.020075 -0.116825
v 0.144111 0.018502 -0.115826
v 0.146788 0.019135 -0.114029
v 0.141671 0.017423 -0.116811
v 0.140855 0.016797 -0.116529
v 0.143027 0.017670 -0.116248
v 0.144809 0.016793 -0.112964
v 0.146042 0.016893 -0.112220
v 0.143471 0.017017 -0.115417
v 0.156004 0.067939 -0.104362
v 0.135242 0.017327 -0.109277
v 0.137454 0.016859 -0.115190
v 0.141445 0.016736 -0.115759
v 0.140083 0.016797 -0.117086
v 0.138534 0.016806 -0.115716
v 0.134003 0.017583 -0.103249
v 0.133768 0.017487 -0.106242
v 0.139687 0.016753 -0.115894
v 0.140818 0.016817 -0.114778
v 0.117686 0.017181 -0.099762
v 0.117601 0.017222 -0.096527
v 0.138149 0.017004 -0.112989
v 0.129567 0.017568 -0.122179
v 0.137767 0.017447 -0.104767
v 0.143863 0.016731 -0.114090
v 0.142587 0.016977 -0.112070
v 0.145084 0.016833 -0.114111
v 0.137739 0.017313 -0.108957
v 0.139972 0.017261 -0.108845
v 0.145133 0.016927 -0.111529
v 0.131629 0.017598 -0.100796
v 0.151262 0.021478 -0.110622
v 0.148689 0.020583 -0.112700
v 0.150023 0.019289 -0.111528
v 0.148205 0.018000 -0.112679
v 0.128100 0.017414 -0.099571
v 0.116414 0.017431 -0.110718
v 0.169575 0.070722 -0.095590
v 0.169728 0.074371 -0.095539
v 0.118068 0.027556 -0.132987
v 0.115298 0.028266 -0.134404
v 0.115294 0.025459 -0.135044
v 0.105336 0.018104 -0.131487
v 0.112078 0.017557 -0.113165
v 0.123401 0.024785 -0.130465
v 0.121284 0.027991 -0.131131
v 0.119082 0.025514 -0.132799
v 0.112706 0.018032 -0.135697
v 0.112607 0.017892 -0.134017
v 0.113400 0.017929 -0.134996
v 0.111320 0.017843 -0.135538
v 0.111469 0.017961 -0.136550
v 0.110550 0.017806 -0.136316
v 0.109138 0.021513 -0.139658
v 0.104745 0.031276 -0.140338
v 0.115917 0.017972 -0.130707
v 0.110859 0.018111 -0.130665
v 0.112325 0.027277 -0.136464
v 0.108915 0.028268 -0.138416
v 0.110316 0.026496 -0.137989
v 0.118154 0.022918 -0.133605
v 0.118261 0.018138 -0.132622
v 0.118433 0.018940 -0.133048
v 0.116802 0.018088 -0.133533
v 0.108759 0.026017 -0.139209
v 0.110836 0.017520 -0.117316
v 0.115140 0.017785 -0.118907
v 0.111454 0.017861 -0.120087
v 0.120598 0.017396 -0.111117
v 0.122476 0.017489 -0.112959
v 0.128522 0.017895 -0.124802
v 0.129562 0.018147 -0.125148
v 0.128271 0.018122 -0.125900
v 0.115232 0.018145 -0.125369
v 0.114293 0.018138 -0.128237
v 0.111946 0.018360 -0.127007
v 0.120861 0.019183 -0.131556
v 0.123714 0.019617 -0.130029
v 0.121571 0.020234 -0.131459
v 0.108184 0.023992 -0.140049
v 0.112127 0.030686 -0.135630
v 0.123206 0.017590 -0.115489
v 0.109405 0.018684 -0.138864
v 0.109087 0.017905 -0.138390
v 0.110106 0.017938 -0.137515
v 0.109734 0.017788 -0.136539
v 0.113393 0.018645 -0.136131
v 0.113839 0.018121 -0.135504
v 0.120080 0.017868 -0.129104
v 0.120875 0.018029 -0.130727
v 0.118752 0.017952 -0.131352
v 0.108798 0.017923 -0.120328
v 0.117639 0.017889 -0.121969
v 0.110942 0.018280 -0.123253
v 0.112553 0.022798 -0.137239
v 0.111729 0.020734 -0.137779
v 0.114691 0.021257 -0.135848
v 0.108053 0.018367 -0.127670
v 0.114296 0.017928 -0.134694
v 0.119240 0.017830 -0.124447
v 0.121619 0.017721 -0.125944
v 0.117933 0.017902 -0.127252
v 0.120766 0.017673 -0.118388
v 0.126472 0.017476 -0.118021
v 0.123538 0.017575 -0.122402
v 0.104666 0.035700 -0.139576
v 0.112018 0.017867 -0.135463
v 0.107215 0.017756 -0.135130
v 0.129605 0.022690 -0.126641
v 0.132519 0.021572 -0.124646
v 0.131411 0.024303 -0.125388
v 0.118505 0.020378 -0.133309
v 0.119606 0.018350 -0.132022
v 0.114711 0.017585 -0.115101
v 0.108915 0.017746 -0.137544
v 0.108621 0.017705 -0.136407
v 0.109331 0.019926 -0.139359
v 0.113932 0.019609 -0.136149
v 0.119254 0.017611 -0.114451
v 0.122620 0.021517 -0.131047
v 0.122627 0.018516 -0.130097
v 0.111124 0.019112 -0.137762
v 0.112453 0.018627 -0.136695
v 0.110009 0.017812 -0.135482
v 0.130383 0.019030 -0.125431
v 0.130877 0.018090 -0.124392
v 0.115087 0.017868 -0.133989
v 0.115601 0.018048 -0.134553
v 0.131887 0.018431 -0.124287
v 0.105935 0.018321 -0.125319
v 0.111286 0.025180 -0.137629
v 0.109678 0.033748 -0.136547
v 0.129689 0.020796 -0.126393
v 0.117085 0.017930 -0.132381
v 0.129845 0.017756 -0.123683
v 0.131252 0.017738 -0.123393
v 0.117685 0.031016 -0.132321
v 0.114918 0.034785 -0.133081
v 0.126611 0.022364 -0.128578
v 0.115576 0.017919 -0.132999
v 0.128663 0.018743 -0.126444
v 0.128591 0.019688 -0.126893
v 0.114934 0.018319 -0.135156
v 0.116091 0.018919 -0.134634
v 0.114400 0.018721 -0.135685
v 0.131862 0.017948 -0.123783
v 0.124930 0.017684 -0.125244
v 0.126974 0.017903 -0.125829
v 0.125338 0.017895 -0.126842
v 0.159209 0.073144 -0.102545
v 0.122208 0.017965 -0.129283
v 0.123506 0.017837 -0.127552
v 0.123442 0.018104 -0.128944
v 0.127576 0.017492 -0.121186
v 0.124191 0.018552 -0.129166
v 0.124763 0.018190 -0.128050
v 0.127253 0.018421 -0.126981
v 0.127470 0.017636 -0.123559
v 0.126155 0.018166 -0.127193
v 0.125722 0.018836 -0.128497
v 0.126482 0.020362 -0.128507
v 0.127403 0.019243 -0.127534
v 0.135555 0.022724 -0.122723
v 0.137639 0.021617 -0.121205
v 0.142105 0.047044 -0.114395
v 0.144277 0.052124 -0.112399
v 0.139169 0.052836 -0.116217
v 0.108567 0.038933 -0.136894
v 0.111155 0.047109 -0.135769
v 0.111961 0.052195 -0.135163
v 0.107007 0.052067 -0.138636
v 0.129280 0.067324 -0.123279
v 0.126776 0.066689 -0.124614
v 0.127250 0.062718 -0.124451
v 0.148895 0.021739 -0.112544
v 0.137262 0.024927 -0.121305
v 0.135300 0.028549 -0.122015
v 0.132633 0.026637 -0.124246
v 0.140787 0.023168 -0.118924
v 0.143087 0.021938 -0.117143
v 0.144304 0.023762 -0.116039
v 0.131677 0.052561 -0.121798
v 0.132387 0.046864 -0.121488
v 0.135459 0.049097 -0.119288
v 0.144755 0.027495 -0.114984
v 0.148351 0.023766 -0.112796
v 0.149839 0.026218 -0.111183
v 0.131721 0.037033 -0.122692
v 0.137187 0.038081 -0.118747
v 0.135278 0.042763 -0.119758
v 0.143134 0.057260 -0.113126
v 0.145750 0.055697 -0.111211
v 0.114343 0.038335 -0.133157
v 0.118498 0.041751 -0.130586
v 0.113212 0.042269 -0.134021
v 0.140359 0.041486 -0.116058
v 0.135312 0.055155 -0.119060
v 0.132601 0.058229 -0.120992
v 0.152393 0.027964 -0.108772
v 0.148088 0.030022 -0.111715
v 0.148724 0.028007 -0.111713
v 0.121556 0.062550 -0.127538
v 0.120644 0.057838 -0.128487
v 0.124544 0.057548 -0.126166
v 0.148114 0.053157 -0.109535
v 0.146329 0.047595 -0.111023
v 0.150708 0.046888 -0.107641
v 0.137177 0.057025 -0.117549
v 0.135793 0.061360 -0.118643
v 0.110937 0.036299 -0.135409
v 0.151551 0.052094 -0.106991
v 0.144370 0.037722 -0.113170
v 0.149844 0.033359 -0.109504
v 0.148811 0.037893 -0.109560
v 0.152009 0.037205 -0.107182
v 0.150278 0.041149 -0.108149
v 0.139882 0.059216 -0.115434
v 0.139661 0.063726 -0.115650
v 0.138440 0.067140 -0.116717
v 0.106967 0.060194 -0.137910
v 0.108692 0.055896 -0.137177
v 0.110112 0.058499 -0.135690
v 0.131870 0.063955 -0.121665
v 0.129301 0.058688 -0.123256
v 0.124531 0.043806 -0.126619
v 0.122301 0.038908 -0.128360
v 0.118387 0.037955 -0.130776
v 0.108461 0.042658 -0.137206
v 0.148060 0.059808 -0.109618
v 0.122270 0.031746 -0.129659
v 0.126953 0.028365 -0.127628
v 0.124489 0.064305 -0.125880
v 0.124904 0.068960 -0.125392
v 0.130055 0.042693 -0.123220
v 0.115407 0.065311 -0.130741
v 0.117930 0.068117 -0.128824
v 0.113950 0.068894 -0.131114
v 0.115804 0.053733 -0.132188
v 0.116061 0.049433 -0.132309
v 0.133635 0.032160 -0.122323
v 0.131515 0.029558 -0.124387
v 0.117939 0.061212 -0.129779
v 0.143989 0.063829 -0.112577
v 0.132187 0.069593 -0.121453
v 0.116084 0.045215 -0.132247
v 0.141187 0.025407 -0.118289
v 0.127879 0.053101 -0.124261
v 0.126629 0.039359 -0.125639
v 0.120374 0.052794 -0.129037
v 0.144949 0.073524 -0.112073
v 0.144120 0.069137 -0.112624
v 0.148231 0.069953 -0.109692
v 0.146482 0.021455 -0.114503
v 0.122083 0.067189 -0.126849
v 0.147908 0.043734 -0.109899
v 0.111003 0.069006 -0.133314
v 0.112436 0.065711 -0.132681
v 0.109861 0.065601 -0.134725
v 0.129647 0.032507 -0.124934
v 0.114129 0.061935 -0.132081
v 0.144969 0.042847 -0.112330
v 0.107519 0.064134 -0.136937
v 0.143922 0.032519 -0.114436
v 0.110588 0.062010 -0.134678
v 0.112589 0.058898 -0.133751
v 0.122020 0.071740 -0.126495
v 0.153543 0.053422 -0.105569
v 0.155216 0.050232 -0.104489
v 0.148689 0.076243 -0.109469
v 0.115606 0.057806 -0.131800
v 0.118390 0.056358 -0.130067
v 0.106307 0.046562 -0.138903
v 0.108244 0.067640 -0.135936
v 0.120147 0.034813 -0.130236
v 0.138863 0.031388 -0.118669
v 0.151775 0.056994 -0.106872
v 0.152977 0.049831 -0.106010
v 0.127278 0.069917 -0.124229
v 0.128767 0.047934 -0.123803
v 0.163935 0.053302 -0.099464
v 0.153891 0.033410 -0.106394
v 0.125456 0.034785 -0.127097
v 0.138374 0.022661 -0.120727
v 0.112627 0.055880 -0.134235
v 0.148262 0.064732 -0.109580
v 0.119974 0.047054 -0.129551
v 0.129014 0.073321 -0.123142
v 0.134772 0.067612 -0.119633
v 0.153662 0.041572 -0.105620
v 0.156340 0.045282 -0.103755
v 0.153633 0.046655 -0.105520
v 0.134907 0.072586 -0.119537
v 0.133909 0.024344 -0.123671
v 0.140148 0.035256 -0.116916
v 0.136119 0.034659 -0.120024
v 0.137829 0.072191 -0.117328
v 0.138611 0.046398 -0.117136
v 0.132775 0.066936 -0.121055
v 0.152688 0.024276 -0.109271
v 0.129228 0.062917 -0.123314
v 0.141462 0.067066 -0.114431
v 0.141415 0.071156 -0.114607
v 0.124457 0.050076 -0.126460
v 0.157608 0.040090 -0.103159
v 0.156435 0.035499 -0.104331
v 0.140518 0.037920 -0.116256
v 0.127301 0.024507 -0.128003
v 0.147392 0.040554 -0.110459
v 0.139295 0.027422 -0.119346
v 0.158970 0.050965 -0.102241
v 0.159925 0.043798 -0.101660
v 0.162624 0.124387 -0.103365
v 0.163661 0.124549 -0.103154
v 0.162327 0.124693 -0.104162
v 0.155520 0.116041 -0.120716
v 0.157257 0.118812 -0.119426
v 0.158008 0.115496 -0.119110
v 0.119148 0.078946 -0.127878
v 0.117413 0.081070 -0.129120
v 0.115635 0.077362 -0.129782
v 0.109358 0.087821 -0.136534
v 0.142759 0.123222 -0.114957
v 0.141396 0.123221 -0.115975
v 0.141566 0.121873 -0.115407
v 0.117648 0.052568 -0.145058
v 0.116867 0.054067 -0.145524
v 0.117762 0.055482 -0.145043
v 0.155400 0.125074 -0.109418
v 0.154554 0.124424 -0.108870
v 0.155963 0.124667 -0.108248
v 0.161190 0.117110 -0.102729
v 0.163677 0.119755 -0.101300
v 0.159824 0.120342 -0.103667
v 0.139451 0.091229 -0.131735
v 0.141254 0.089192 -0.130452
v 0.138409 0.089791 -0.132334
v 0.120524 0.091862 -0.129233
v 0.117400 0.093285 -0.131607
v 0.117737 0.090570 -0.131039
v 0.119535 0.076614 -0.144010
v 0.117280 0.076518 -0.145501
v 0.119148 0.079105 -0.144425
v 0.116500 0.119568 -0.146869
v 0.117611 0.120681 -0.146133
v 0.119121 0.118415 -0.145204
v 0.122922 0.099698 -0.127558
v 0.126736 0.099561 -0.125180
v 0.125485 0.102806 -0.125860
v 0.145737 0.090951 -0.111941
v 0.147099 0.088436 -0.110578
v 0.149656 0.092330 -0.109025
v 0.139937 0.085715 -0.131355
v 0.142856 0.085700 -0.129319
v 0.115518 0.074607 -0.129735
v 0.113301 0.074652 -0.131159
v 0.115054 0.071930 -0.130116
v 0.114346 0.080372 -0.131028
v 0.115755 0.084135 -0.130821
v 0.117721 0.076080 -0.128517
v 0.123384 0.080967 -0.125888
v 0.127754 0.081778 -0.123646
v 0.124613 0.085115 -0.125668
v 0.128646 0.088068 -0.123671
v 0.130257 0.107536 -0.123326
v 0.128536 0.104445 -0.124123
v 0.132708 0.104696 -0.121813
v 0.119787 0.096061 -0.130003
v 0.118221 0.098129 -0.130850
v 0.116238 0.096459 -0.132269
v 0.157757 0.125244 -0.107869
v 0.159275 0.125891 -0.108960
v 0.156843 0.125661 -0.109602
v 0.119667 0.099352 -0.129763
v 0.112557 0.098160 -0.134655
v 0.116455 0.100237 -0.131765
v 0.117167 0.084830 -0.145921
v 0.118511 0.082729 -0.145124
v 0.115188 0.081533 -0.147130
v 0.109043 0.098515 -0.151615
v 0.112020 0.096964 -0.149673
v 0.109144 0.093577 -0.151438
v 0.172117 0.103331 -0.094158
v 0.174158 0.106357 -0.092866
v 0.170686 0.106249 -0.095018
v 0.109811 0.101563 -0.136630
v 0.108527 0.097815 -0.137708
v 0.153347 0.124699 -0.110008
v 0.153258 0.123972 -0.109243
v 0.108050 0.105727 -0.138025
v 0.120735 0.082557 -0.127416
v 0.147062 0.115508 -0.111572
v 0.149422 0.112991 -0.110098
v 0.148884 0.118197 -0.110577
v 0.118702 0.086577 -0.129428
v 0.118916 0.084048 -0.128736
v 0.121651 0.086278 -0.127549
v 0.124993 0.078671 -0.124955
v 0.121272 0.076646 -0.126681
v 0.152929 0.089171 -0.122952
v 0.154789 0.088264 -0.121681
v 0.153201 0.086237 -0.122695
v 0.155816 0.086545 -0.121110
v 0.159515 0.089975 -0.118519
v 0.156705 0.088202 -0.120442
v 0.154996 0.090816 -0.121636
v 0.152920 0.119210 -0.108199
v 0.152426 0.121803 -0.108752
v 0.150469 0.120632 -0.109802
v 0.110913 0.105325 -0.135669
v 0.112952 0.102493 -0.133998
v 0.124426 0.090574 -0.126357
v 0.141490 0.123812 -0.116401
v 0.139907 0.123526 -0.117535
v 0.142700 0.070811 -0.129167
v 0.144540 0.071451 -0.127973
v 0.144515 0.069670 -0.128366
v 0.154343 0.125235 -0.110288
v 0.152941 0.125107 -0.111212
v 0.158115 0.123822 -0.105668
v 0.156424 0.123037 -0.106533
v 0.157703 0.122939 -0.105629
v 0.108354 0.072544 -0.135566
v 0.110520 0.072744 -0.133440
v 0.108785 0.075329 -0.135138
v 0.117971 0.073285 -0.128396
v 0.128113 0.107990 -0.124438
v 0.116212 0.078823 -0.146286
v 0.119176 0.081187 -0.144539
v 0.115298 0.091225 -0.132728
v 0.112809 0.090242 -0.134249
v 0.116177 0.088567 -0.131601
v 0.129014 0.073321 -0.123142
v 0.125416 0.075543 -0.124794
v 0.125800 0.072466 -0.124771
v 0.108130 0.081133 -0.136660
v 0.112382 0.075596 -0.148483
v 0.111323 0.075649 -0.149241
v 0.113300 0.077791 -0.148146
v 0.126270 0.109466 -0.125408
v 0.123915 0.109478 -0.126696
v 0.125086 0.106564 -0.125911
v 0.112627 0.071804 -0.131771
v 0.111003 0.069006 -0.133314
v 0.118910 0.089021 -0.129876
v 0.110414 0.076128 -0.150021
v 0.109976 0.074506 -0.150376
v 0.113458 0.093979 -0.134178
v 0.108605 0.074600 -0.151359
v 0.109234 0.075777 -0.150620
v 0.109082 0.056954 -0.150766
v 0.107057 0.052809 -0.151984
v 0.139655 0.084782 -0.116154
v 0.144294 0.082115 -0.112548
v 0.144052 0.086730 -0.112864
v 0.112093 0.065227 -0.149108
v 0.112621 0.067863 -0.148942
v 0.114295 0.067381 -0.147812
v 0.121856 0.111606 -0.128085
v 0.125552 0.112135 -0.125970
v 0.110463 0.082550 -0.134737
v 0.112785 0.083280 -0.132844
v 0.111081 0.085362 -0.134712
v 0.144837 0.087573 -0.128139
v 0.145734 0.090772 -0.127492
v 0.136987 0.090988 -0.133156
v 0.113950 0.068894 -0.131114
v 0.109987 0.109178 -0.136687
v 0.112550 0.108718 -0.134630
v 0.116469 0.105160 -0.131336
v 0.161098 0.121904 -0.116573
v 0.160475 0.119567 -0.117255
v 0.158986 0.121109 -0.118124
v 0.109198 0.070747 -0.150774
v 0.109479 0.069183 -0.151171
v 0.136474 0.088111 -0.133457
v 0.134242 0.091631 -0.134950
v 0.131187 0.093996 -0.137164
v 0.133742 0.094204 -0.135411
v 0.133104 0.091287 -0.121061
v 0.135720 0.086705 -0.119095
v 0.136150 0.091117 -0.119163
v 0.128806 0.086592 -0.138561
v 0.130006 0.083700 -0.137601
v 0.128237 0.084916 -0.138811
v 0.128965 0.110871 -0.124024
v 0.116118 0.073123 -0.146464
v 0.116150 0.071088 -0.146484
v 0.114627 0.071519 -0.147240
v 0.126124 0.084884 -0.140368
v 0.109257 0.084411 -0.136136
v 0.147119 0.094326 -0.111390
v 0.128912 0.095141 -0.123656
v 0.127692 0.078089 -0.123628
v 0.147870 0.122402 -0.111672
v 0.149454 0.122999 -0.111003
v 0.148053 0.123471 -0.112031
v 0.148235 0.081798 -0.109680
v 0.146582 0.084952 -0.110796
v 0.108907 0.070347 -0.135100
v 0.108244 0.067640 -0.135936
v 0.142254 0.100584 -0.115105
v 0.139602 0.097325 -0.117064
v 0.142694 0.097282 -0.114848
v 0.130018 0.100664 -0.123245
v 0.145837 0.123038 -0.112990
v 0.118108 0.109952 -0.130412
v 0.115482 0.112537 -0.132706
v 0.114988 0.108314 -0.132596
v 0.107123 0.060934 -0.152160
v 0.160592 0.126133 -0.112430
v 0.159525 0.126268 -0.111070
v 0.161888 0.126213 -0.110470
v 0.132728 0.082765 -0.120831
v 0.112966 0.061533 -0.148324
v 0.110200 0.061245 -0.150115
v 0.113271 0.077474 -0.131384
v 0.150074 0.123606 -0.111000
v 0.149195 0.124375 -0.112219
v 0.119936 0.102559 -0.129253
v 0.122993 0.103780 -0.127249
v 0.111383 0.077303 -0.149542
v 0.106505 0.110909 -0.139001
v 0.151951 0.106609 -0.123474
v 0.153248 0.104403 -0.122638
v 0.151684 0.102944 -0.123623
v 0.132469 0.109662 -0.122043
v 0.132020 0.090203 -0.136444
v 0.145636 0.078035 -0.111605
v 0.141552 0.077128 -0.114583
v 0.144949 0.073524 -0.112073
v 0.111711 0.114277 -0.135563
v 0.110145 0.112617 -0.136616
v 0.112422 0.112385 -0.135066
v 0.132199 0.086611 -0.136308
v 0.117930 0.068117 -0.128824
v 0.141867 0.093697 -0.130153
v 0.138375 0.092659 -0.132375
v 0.113444 0.072026 -0.147934
v 0.114596 0.072794 -0.147365
v 0.126153 0.089134 -0.140372
v 0.164520 0.122524 -0.101209
v 0.167043 0.123226 -0.099867
v 0.165226 0.123661 -0.101187
v 0.164168 0.125620 -0.104928
v 0.161785 0.125792 -0.106966
v 0.161504 0.125125 -0.105515
v 0.138457 0.070097 -0.131884
v 0.139679 0.070768 -0.131102
v 0.139182 0.069566 -0.131790
v 0.130211 0.078497 -0.122287
v 0.121516 0.066904 -0.143067
v 0.119999 0.067657 -0.144175
v 0.121341 0.068776 -0.143536
v 0.145834 0.121016 -0.112512
v 0.143839 0.122425 -0.113990
v 0.143145 0.120726 -0.114131
v 0.113407 0.105864 -0.133624
v 0.122610 0.069590 -0.142579
v 0.121308 0.070292 -0.143062
v 0.136177 0.082947 -0.118555
v 0.157886 0.105044 -0.119452
v 0.155496 0.102647 -0.121131
v 0.157025 0.106682 -0.120008
v 0.128163 0.078794 -0.138621
v 0.125928 0.080383 -0.140174
v 0.128571 0.081276 -0.138449
v 0.165167 0.126176 -0.106715
v 0.167309 0.126170 -0.106507
v 0.164317 0.126218 -0.108292
v 0.136560 0.108401 -0.119111
v 0.137280 0.101877 -0.118717
v 0.125189 0.124940 -0.140191
v 0.125769 0.124189 -0.140208
v 0.124599 0.124274 -0.141032
v 0.121025 0.107030 -0.128365
v 0.125053 0.123145 -0.140937
v 0.123686 0.124840 -0.141390
v 0.121801 0.125090 -0.142339
v 0.123393 0.125389 -0.140610
v 0.121843 0.122854 -0.143129
v 0.125231 0.120054 -0.141106
v 0.123113 0.124114 -0.142073
v 0.119284 0.125367 -0.143041
v 0.121253 0.125641 -0.141114
v 0.125641 0.095681 -0.125741
v 0.121651 0.120067 -0.143483
v 0.121628 0.124202 -0.143074
v 0.120098 0.124689 -0.143975
v 0.117344 0.125469 -0.144250
v 0.118614 0.125193 -0.144204
v 0.119151 0.121864 -0.145070
v 0.119408 0.123689 -0.144742
v 0.118074 0.124950 -0.145170
v 0.117589 0.125804 -0.142800
v 0.117735 0.123766 -0.145837
v 0.116461 0.124890 -0.145983
v 0.116346 0.123911 -0.146681
v 0.116782 0.122384 -0.146576
v 0.115983 0.125488 -0.145106
v 0.116867 0.125308 -0.145201
v 0.115547 0.124624 -0.146926
v 0.122020 0.071740 -0.126495
v 0.124904 0.068960 -0.125392
v 0.114269 0.126323 -0.142214
v 0.115406 0.126245 -0.140804
v 0.116697 0.126192 -0.141606
v 0.115925 0.121016 -0.147336
v 0.115122 0.123567 -0.147503
v 0.114779 0.125317 -0.146480
v 0.173079 0.099934 -0.093593
v 0.176365 0.103063 -0.091482
v 0.114545 0.124671 -0.147500
v 0.114715 0.125808 -0.145244
v 0.115799 0.125913 -0.143835
v 0.113842 0.126125 -0.144696
v 0.114788 0.126208 -0.143121
v 0.113354 0.125165 -0.147695
v 0.113654 0.124141 -0.148377
v 0.112321 0.124760 -0.149003
v 0.111354 0.125550 -0.148469
v 0.115044 0.122034 -0.147792
v 0.113235 0.120444 -0.149088
v 0.113888 0.122724 -0.148421
v 0.112330 0.123409 -0.149451
v 0.118462 0.068805 -0.145245
v 0.119431 0.068862 -0.144621
v 0.113206 0.126342 -0.143819
v 0.111166 0.126267 -0.146093
v 0.111349 0.125044 -0.149388
v 0.143038 0.077490 -0.128774
v 0.140193 0.079620 -0.130860
v 0.143346 0.081785 -0.129015
v 0.124869 0.069673 -0.141188
v 0.125558 0.068738 -0.140673
v 0.124065 0.069004 -0.141687
v 0.111371 0.126413 -0.143498
v 0.132751 0.075957 -0.120853
v 0.111199 0.124415 -0.149908
v 0.126102 0.070050 -0.140120
v 0.124674 0.070369 -0.140912
v 0.109120 0.126334 -0.145469
v 0.110108 0.124960 -0.150225
v 0.109635 0.125572 -0.149456
v 0.109180 0.121961 -0.151679
v 0.111098 0.122465 -0.150338
v 0.119157 0.125934 -0.141340
v 0.109858 0.123701 -0.150949
v 0.108555 0.125971 -0.148934
v 0.110049 0.125916 -0.148082
v 0.108539 0.125150 -0.150938
v 0.109163 0.126156 -0.147628
v 0.134465 0.074703 -0.134407
v 0.134680 0.073418 -0.134308
v 0.133591 0.073281 -0.134753
v 0.127064 0.073737 -0.139332
v 0.125900 0.073733 -0.140084
v 0.126352 0.074771 -0.139539
v 0.108436 0.124487 -0.151623
v 0.108119 0.126285 -0.146996
v 0.132815 0.098611 -0.121538
v 0.154925 0.121521 -0.107145
v 0.154474 0.123452 -0.108119
v 0.148689 0.076243 -0.109469
v 0.135093 0.074195 -0.134154
v 0.135606 0.073798 -0.133985
v 0.123138 0.125929 -0.139115
v 0.131146 0.072492 -0.136627
v 0.131421 0.071294 -0.136415
v 0.130056 0.071470 -0.137269
v 0.152725 0.089855 -0.106624
v 0.154176 0.096753 -0.106060
v 0.151558 0.124049 -0.110480
v 0.132558 0.071163 -0.135992
v 0.131923 0.070152 -0.136271
v 0.111933 0.079733 -0.132824
v 0.172853 0.108596 -0.093749
v 0.134140 0.064378 -0.134734
v 0.136035 0.061199 -0.133333
v 0.133269 0.060586 -0.135063
v 0.109585 0.093021 -0.136801
v 0.124775 0.097399 -0.126364
v 0.132152 0.072259 -0.135944
v 0.131932 0.073437 -0.136027
v 0.136069 0.095820 -0.119433
v 0.141659 0.073441 -0.129969
v 0.140516 0.072479 -0.130532
v 0.140470 0.074138 -0.130697
v 0.127278 0.069917 -0.124229
v 0.161275 0.124588 -0.104789
v 0.123926 0.077557 -0.141417
v 0.126643 0.076719 -0.139509
v 0.124826 0.074921 -0.140553
v 0.135465 0.074649 -0.133712
v 0.165915 0.126069 -0.105173
v 0.163822 0.126021 -0.106493
v 0.127151 0.063600 -0.139146
v 0.125090 0.062493 -0.140513
v 0.124942 0.065610 -0.140773
v 0.139394 0.074325 -0.131186
v 0.138930 0.072658 -0.131650
v 0.120652 0.094437 -0.143928
v 0.123292 0.094380 -0.142204
v 0.122852 0.091064 -0.142457
v 0.138773 0.092032 -0.117385
v 0.153324 0.116357 -0.122182
v 0.154021 0.118421 -0.121640
v 0.123212 0.095210 -0.127436
v 0.138839 0.074276 -0.131888
v 0.151835 0.125132 -0.111955
v 0.150755 0.125045 -0.112320
v 0.151552 0.124631 -0.111281
v 0.167879 0.091011 -0.097344
v 0.169482 0.087031 -0.096188
v 0.171307 0.090007 -0.095003
v 0.138976 0.082581 -0.131797
v 0.137406 0.079972 -0.132752
v 0.166578 0.112295 -0.098622
v 0.168024 0.111028 -0.097292
v 0.168216 0.113870 -0.097610
v 0.161656 0.108797 -0.101640
v 0.159909 0.113208 -0.103335
v 0.157135 0.108264 -0.104681
v 0.159015 0.124988 -0.106711
v 0.159746 0.125376 -0.107131
v 0.120596 0.115054 -0.144225
v 0.118202 0.114771 -0.145738
v 0.143175 0.074110 -0.128828
v 0.144038 0.072906 -0.128247
v 0.143180 0.072332 -0.128975
v 0.144244 0.114076 -0.128416
v 0.141737 0.113546 -0.130106
v 0.142304 0.115381 -0.129545
v 0.112936 0.086810 -0.133521
v 0.145823 0.070965 -0.127063
v 0.146125 0.071933 -0.126876
v 0.152426 0.074945 -0.106940
v 0.156195 0.072183 -0.104456
v 0.156204 0.079231 -0.104588
v 0.125072 0.045874 -0.140091
v 0.124542 0.042652 -0.140304
v 0.122165 0.045606 -0.141994
v 0.161901 0.122212 -0.102666
v 0.136288 0.109025 -0.133757
v 0.134009 0.111080 -0.135288
v 0.137556 0.112312 -0.132823
v 0.128898 0.072480 -0.138193
v 0.130261 0.072782 -0.137451
v 0.130823 0.070277 -0.136798
v 0.129777 0.070309 -0.137544
v 0.129507 0.069182 -0.138163
v 0.130585 0.069598 -0.137466
v 0.136497 0.077980 -0.118272
v 0.109772 0.021248 -0.148661
v 0.110565 0.019357 -0.147622
v 0.108625 0.019074 -0.148684
v 0.130578 0.075265 -0.136730
v 0.131663 0.074566 -0.136094
v 0.130982 0.073725 -0.136887
v 0.137578 0.084742 -0.132748
v 0.136415 0.082119 -0.133413
v 0.114250 0.043948 -0.147143
v 0.113498 0.041543 -0.147599
v 0.111541 0.041382 -0.148868
v 0.136055 0.093279 -0.133868
v 0.116759 0.116141 -0.131966
v 0.113936 0.115518 -0.134068
v 0.122078 0.071476 -0.142499
v 0.122962 0.072844 -0.142195
v 0.123394 0.071748 -0.141785
v 0.157334 0.126303 -0.112398
v 0.157128 0.126128 -0.111171
v 0.134150 0.104259 -0.135032
v 0.136733 0.105797 -0.133470
v 0.136032 0.101768 -0.133830
v 0.162088 0.126193 -0.108669
v 0.142250 0.090508 -0.114679
v 0.167095 0.126208 -0.105368
v 0.156753 0.124268 -0.107094
v 0.135762 0.076027 -0.133413
v 0.136473 0.074341 -0.133100
v 0.134852 0.099046 -0.134684
v 0.132425 0.101284 -0.136288
v 0.113482 0.070367 -0.148330
v 0.114440 0.069661 -0.148303
v 0.113770 0.068946 -0.148563
v 0.137175 0.098698 -0.133119
v 0.136059 0.099512 -0.133786
v 0.159851 0.124624 -0.105441
v 0.161379 0.124286 -0.103964
v 0.137479 0.088632 -0.118008
v 0.131669 0.105433 -0.136819
v 0.134075 0.107339 -0.135218
v 0.136667 0.120072 -0.118778
v 0.139309 0.121116 -0.116923
v 0.138028 0.121710 -0.118100
v 0.132187 0.069593 -0.121453
v 0.128879 0.109325 -0.138725
v 0.131439 0.108631 -0.136975
v 0.129358 0.106901 -0.138290
v 0.134907 0.072586 -0.119537
v 0.144883 0.109592 -0.128118
v 0.143401 0.106604 -0.129156
v 0.141821 0.110205 -0.130096
v 0.121269 0.102652 -0.143539
v 0.118518 0.105663 -0.145485
v 0.120772 0.105767 -0.143946
v 0.128340 0.045365 -0.138037
v 0.129301 0.049027 -0.137405
v 0.131695 0.048353 -0.135821
v 0.129867 0.055401 -0.137124
v 0.130332 0.053044 -0.136871
v 0.128909 0.052615 -0.137782
v 0.146588 0.124081 -0.113193
v 0.123147 0.067525 -0.142105
v 0.122675 0.064385 -0.142226
v 0.113499 0.104063 -0.148819
v 0.114284 0.105950 -0.148242
v 0.115735 0.105781 -0.147252
v 0.107536 0.023509 -0.150583
v 0.138125 0.117401 -0.117487
v 0.140588 0.119479 -0.115749
v 0.135379 0.078065 -0.133916
v 0.137665 0.077599 -0.132422
v 0.140148 0.115107 -0.131078
v 0.139344 0.113217 -0.131680
v 0.118294 0.070219 -0.144908
v 0.117643 0.070195 -0.145377
v 0.152942 0.125583 -0.112167
v 0.147910 0.107630 -0.126101
v 0.145334 0.103547 -0.127879
v 0.145343 0.107003 -0.127796
v 0.128378 0.095257 -0.138977
v 0.125738 0.096583 -0.140649
v 0.127938 0.097504 -0.139275
v 0.151265 0.125455 -0.113049
v 0.116472 0.067545 -0.146314
v 0.115289 0.068236 -0.147206
v 0.115478 0.068908 -0.147021
v 0.110869 0.033522 -0.149027
v 0.109469 0.037597 -0.150096
v 0.113183 0.035836 -0.147752
v 0.114763 0.068933 -0.147777
v 0.111379 0.067538 -0.149658
v 0.130431 0.111925 -0.137705
v 0.132771 0.114035 -0.136161
v 0.144433 0.095266 -0.128430
v 0.143920 0.096532 -0.128836
v 0.145459 0.094679 -0.127827
v 0.110020 0.067271 -0.150618
v 0.108357 0.064995 -0.151529
v 0.120233 0.070133 -0.143733
v 0.142842 0.124239 -0.115702
v 0.123753 0.070454 -0.141715
v 0.146887 0.124821 -0.114194
v 0.145620 0.124428 -0.114197
v 0.144510 0.123866 -0.114221
v 0.144852 0.124634 -0.115151
v 0.164189 0.089913 -0.099684
v 0.164607 0.094449 -0.099473
v 0.161764 0.093382 -0.101183
v 0.117882 0.071156 -0.145206
v 0.159279 0.122761 -0.104400
v 0.141127 0.098410 -0.130685
v 0.139162 0.101951 -0.131852
v 0.142150 0.102927 -0.129898
v 0.120132 0.069107 -0.144265
v 0.151611 0.123160 -0.109785
v 0.137445 0.075859 -0.132236
v 0.127905 0.049028 -0.138392
v 0.128830 0.050659 -0.137864
v 0.111173 0.076534 -0.132975
v 0.119686 0.114825 -0.129829
v 0.146998 0.114801 -0.126539
v 0.146549 0.111902 -0.126871
v 0.138386 0.075169 -0.131884
v 0.137720 0.073600 -0.132542
v 0.137496 0.074877 -0.132262
v 0.143752 0.124935 -0.116780
v 0.141492 0.124173 -0.116884
v 0.119244 0.069918 -0.144605
v 0.132828 0.074485 -0.135291
v 0.132636 0.073130 -0.135308
v 0.119777 0.074041 -0.144307
v 0.119011 0.073079 -0.144617
v 0.118584 0.074321 -0.144964
v 0.179253 0.100074 -0.089338
v 0.176574 0.099195 -0.091231
v 0.160157 0.116558 -0.117688
v 0.160164 0.112962 -0.117802
v 0.148933 0.112768 -0.125310
v 0.109850 0.120113 -0.151286
v 0.149246 0.117790 -0.124987
v 0.151743 0.117921 -0.123233
v 0.151083 0.115213 -0.123764
v 0.164184 0.107199 -0.115335
v 0.161787 0.105751 -0.116962
v 0.161782 0.109285 -0.116849
v 0.125164 0.049550 -0.140085
v 0.159151 0.118460 -0.104022
v 0.141415 0.071156 -0.114607
v 0.134047 0.112514 -0.120838
v 0.128170 0.073461 -0.138561
v 0.129484 0.074081 -0.137719
v 0.149251 0.087078 -0.108912
v 0.128307 0.092289 -0.139015
v 0.137829 0.072191 -0.117328
v 0.141051 0.070018 -0.130169
v 0.140301 0.069742 -0.131144
v 0.137315 0.114006 -0.118239
v 0.134642 0.114976 -0.120252
v 0.122686 0.032659 -0.141190
v 0.123203 0.036020 -0.140986
v 0.125862 0.035359 -0.139241
v 0.165075 0.109790 -0.099310
v 0.117232 0.070939 -0.145830
v 0.135529 0.122256 -0.120078
v 0.132721 0.120873 -0.121701
v 0.120625 0.071488 -0.143372
v 0.119424 0.071512 -0.144177
v 0.120156 0.072752 -0.143940
v 0.138236 0.122547 -0.118276
v 0.141653 0.072434 -0.129968
v 0.153915 0.113638 -0.121955
v 0.151436 0.111034 -0.123643
v 0.139792 0.122314 -0.116917
v 0.159769 0.107061 -0.118235
v 0.137760 0.123269 -0.118941
v 0.133933 0.070359 -0.135118
v 0.134278 0.069410 -0.134763
v 0.133318 0.068876 -0.135491
v 0.126493 0.066922 -0.139885
v 0.129231 0.066467 -0.138081
v 0.139177 0.075146 -0.131345
v 0.129558 0.089124 -0.138107
v 0.142437 0.072874 -0.129614
v 0.141389 0.094521 -0.115664
v 0.139322 0.062349 -0.131332
v 0.136892 0.064411 -0.133086
v 0.139401 0.065408 -0.131492
v 0.125056 0.059992 -0.140384
v 0.123156 0.060783 -0.141609
v 0.174211 0.092812 -0.092882
v 0.171771 0.096096 -0.094591
v 0.170922 0.092849 -0.095197
v 0.127233 0.072476 -0.139174
v 0.128247 0.070831 -0.138576
v 0.126248 0.071442 -0.139711
v 0.164199 0.077923 -0.099393
v 0.164180 0.072673 -0.099252
v 0.167059 0.074007 -0.097334
v 0.116078 0.038144 -0.145891
v 0.113140 0.039441 -0.147824
v 0.156567 0.125169 -0.108801
v 0.127453 0.051234 -0.138746
v 0.131272 0.112877 -0.122679
v 0.144310 0.094216 -0.113484
v 0.137939 0.055506 -0.132001
v 0.135414 0.057773 -0.133693
v 0.137685 0.058949 -0.132269
v 0.153431 0.081221 -0.106266
v 0.154905 0.085658 -0.105244
v 0.146019 0.116649 -0.127223
v 0.108421 0.067930 -0.151582
v 0.132076 0.076020 -0.135828
v 0.115645 0.055697 -0.146429
v 0.115458 0.052637 -0.146486
v 0.113168 0.053218 -0.148047
v 0.135129 0.072651 -0.134193
v 0.151017 0.099577 -0.108489
v 0.151043 0.096819 -0.108380
v 0.161392 0.096580 -0.101366
v 0.163572 0.125038 -0.104060
v 0.165578 0.125179 -0.102693
v 0.133931 0.076235 -0.134769
v 0.166741 0.087933 -0.098004
v 0.121100 0.035322 -0.142469
v 0.118983 0.036722 -0.143852
v 0.122007 0.039176 -0.141934
v 0.131184 0.077125 -0.136575
v 0.129161 0.076537 -0.137678
v 0.115955 0.117671 -0.132549
v 0.116001 0.069491 -0.146657
v 0.115436 0.094924 -0.147392
v 0.113999 0.091816 -0.148202
v 0.113517 0.094978 -0.148533
v 0.159563 0.103859 -0.102618
v 0.155753 0.102862 -0.105177
v 0.158486 0.099082 -0.103236
v 0.139488 0.067202 -0.131420
v 0.141794 0.066781 -0.130017
v 0.110992 0.072203 -0.149859
v 0.112366 0.072811 -0.148898
v 0.111730 0.071452 -0.149334
v 0.167930 0.126115 -0.104081
v 0.169331 0.126189 -0.104142
v 0.124663 0.038728 -0.140074
v 0.127177 0.039669 -0.138569
v 0.112587 0.074462 -0.148605
v 0.111734 0.074617 -0.148921
v 0.113849 0.084119 -0.148156
v 0.147676 0.116936 -0.126036
v 0.144348 0.117744 -0.113186
v 0.132743 0.056820 -0.135367
v 0.112083 0.070415 -0.149297
v 0.112449 0.071313 -0.148694
v 0.166990 0.121283 -0.099380
v 0.109677 0.078840 -0.134720
v 0.140584 0.068662 -0.130917
v 0.138312 0.068221 -0.132353
v 0.123556 0.053771 -0.141136
v 0.120258 0.050338 -0.143293
v 0.139082 0.076452 -0.131390
v 0.113924 0.073416 -0.147872
v 0.165179 0.124456 -0.101846
v 0.163106 0.123842 -0.102543
v 0.113221 0.125711 -0.146396
v 0.145510 0.074047 -0.127463
v 0.145214 0.072947 -0.127708
v 0.144467 0.073853 -0.127995
v 0.158754 0.116300 -0.104272
v 0.109470 0.049011 -0.150357
v 0.111215 0.045347 -0.149148
v 0.107633 0.045233 -0.151386
v 0.108660 0.026620 -0.150257
v 0.112560 0.069285 -0.149225
v 0.144826 0.075527 -0.127585
v 0.119228 0.041541 -0.143924
v 0.109856 0.077879 -0.150455
v 0.149262 0.125179 -0.113583
v 0.150175 0.124799 -0.112254
v 0.109729 0.030032 -0.149744
v 0.108091 0.033385 -0.150812
v 0.160291 0.108685 -0.117942
v 0.113257 0.017105 -0.146853
v 0.111947 0.016914 -0.148052
v 0.111723 0.017291 -0.146875
v 0.170303 0.109594 -0.095454
v 0.170722 0.112896 -0.095488
v 0.142793 0.063955 -0.129097
v 0.140807 0.064766 -0.130592
v 0.150939 0.079811 -0.107927
v 0.141744 0.075093 -0.129671
v 0.162230 0.086811 -0.100817
v 0.160395 0.090313 -0.101984
v 0.158945 0.085482 -0.102824
v 0.168874 0.098946 -0.096409
v 0.165088 0.100279 -0.098822
v 0.165819 0.097336 -0.098488
v 0.111519 0.024515 -0.148152
v 0.111644 0.027592 -0.148359
v 0.110445 0.017396 -0.148415
v 0.110758 0.018120 -0.147067
v 0.168290 0.095156 -0.096951
v 0.115997 0.032842 -0.145796
v 0.115559 0.026481 -0.145755
v 0.112806 0.030572 -0.147743
v 0.161016 0.123470 -0.103565
v 0.159866 0.123871 -0.104476
v 0.115445 0.023453 -0.145534
v 0.114044 0.024233 -0.146436
v 0.153634 0.106684 -0.106849
v 0.150901 0.108594 -0.108808
v 0.150955 0.103950 -0.108522
v 0.167499 0.118484 -0.098614
v 0.113281 0.022481 -0.146621
v 0.117124 0.060947 -0.145646
v 0.117874 0.063853 -0.145255
v 0.118941 0.061299 -0.144425
v 0.121800 0.073253 -0.142821
v 0.121013 0.072566 -0.143145
v 0.120791 0.073703 -0.143511
v 0.156355 0.126256 -0.112373
v 0.137951 0.066618 -0.132456
v 0.111723 0.068582 -0.149615
v 0.130220 0.051111 -0.136858
v 0.115436 0.021103 -0.144982
v 0.112575 0.020553 -0.146547
v 0.149698 0.101626 -0.124976
v 0.149535 0.104080 -0.125033
v 0.114059 0.019261 -0.145183
v 0.118822 0.095714 -0.145144
v 0.117949 0.092897 -0.145651
v 0.117238 0.096319 -0.146120
v 0.146810 0.118311 -0.126600
v 0.154484 0.109744 -0.121642
v 0.156988 0.112579 -0.119988
v 0.112200 0.080087 -0.149038
v 0.111437 0.082099 -0.149624
v 0.119518 0.032981 -0.143396
v 0.117857 0.022777 -0.143714
v 0.165939 0.084223 -0.098414
v 0.150049 0.122090 -0.110324
v 0.111083 0.074143 -0.149682
v 0.111438 0.073268 -0.149784
v 0.110577 0.073289 -0.150338
v 0.114908 0.070071 -0.147322
v 0.117567 0.111765 -0.146039
v 0.119905 0.111775 -0.144570
v 0.170419 0.115436 -0.096014
v 0.110083 0.071415 -0.150353
v 0.110267 0.070033 -0.150367
v 0.173730 0.086469 -0.093221
v 0.174901 0.096870 -0.092393
v 0.132380 0.052809 -0.135481
v 0.124687 0.071430 -0.140672
v 0.124747 0.067592 -0.140939
v 0.113275 0.033136 -0.147516
v 0.120005 0.090734 -0.144269
v 0.116813 0.088678 -0.146207
v 0.136789 0.070591 -0.132981
v 0.136217 0.067506 -0.133643
v 0.135336 0.069184 -0.134225
v 0.117089 0.069745 -0.146165
v 0.156634 0.090726 -0.104175
v 0.158720 0.094795 -0.103037
v 0.173519 0.111786 -0.093461
v 0.162112 0.082713 -0.100846
v 0.160113 0.078628 -0.102134
v 0.119638 0.025178 -0.142911
v 0.112448 0.057376 -0.148482
v 0.146836 0.073407 -0.126545
v 0.143853 0.100106 -0.128823
v 0.142574 0.068963 -0.129544
v 0.141183 0.083234 -0.130369
v 0.163854 0.104589 -0.099695
v 0.161633 0.100349 -0.101089
v 0.120114 0.028968 -0.142844
v 0.167998 0.103152 -0.096801
v 0.170407 0.101271 -0.095265
v 0.119024 0.099037 -0.145019
v 0.164902 0.114459 -0.100126
v 0.163440 0.097810 -0.099946
v 0.152575 0.115413 -0.108342
v 0.153446 0.110877 -0.107444
v 0.139760 0.075313 -0.130856
v 0.120979 0.126062 -0.139857
v 0.141144 0.115374 -0.115302
v 0.120156 0.057240 -0.143431
v 0.126777 0.060272 -0.139210
v 0.127778 0.057540 -0.138560
v 0.124756 0.057594 -0.140515
v 0.170741 0.083277 -0.095170
v 0.138948 0.109299 -0.132019
v 0.140159 0.105771 -0.131214
v 0.141253 0.071421 -0.130066
v 0.126917 0.119670 -0.139850
v 0.128024 0.118535 -0.139276
v 0.110650 0.087696 -0.150353
v 0.111382 0.090965 -0.149903
v 0.113072 0.087986 -0.148778
v 0.125255 0.092644 -0.141065
v 0.149141 0.076709 -0.124818
v 0.146971 0.076124 -0.126253
v 0.147527 0.078577 -0.126082
v 0.177949 0.098575 -0.090275
v 0.116157 0.092071 -0.146874
v 0.138714 0.126106 -0.125818
v 0.136906 0.125940 -0.128101
v 0.135940 0.125947 -0.126715
v 0.140211 0.058200 -0.130566
v 0.134596 0.125954 -0.128380
v 0.135124 0.125876 -0.129849
v 0.113783 0.075939 -0.147531
v 0.113447 0.074281 -0.148082
v 0.136374 0.125828 -0.124697
v 0.139201 0.125929 -0.123060
v 0.133986 0.125856 -0.127408
v 0.134344 0.125697 -0.126018
v 0.115641 0.041607 -0.146269
v 0.132948 0.125279 -0.134209
v 0.130952 0.125704 -0.134075
v 0.132329 0.125755 -0.132844
v 0.173013 0.083223 -0.093595
v 0.157371 0.121669 -0.105567
v 0.135540 0.125412 -0.123756
v 0.136841 0.125477 -0.122756
v 0.134706 0.125023 -0.123184
v 0.130433 0.125351 -0.135518
v 0.128667 0.125745 -0.135397
v 0.129743 0.125801 -0.134588
v 0.132003 0.125958 -0.131605
v 0.134580 0.125759 -0.131510
v 0.132238 0.125665 -0.127248
v 0.134335 0.125383 -0.124557
v 0.136515 0.124860 -0.121427
v 0.132606 0.125331 -0.125721
v 0.133088 0.125025 -0.124430
v 0.132776 0.125884 -0.128317
v 0.132072 0.125981 -0.129866
v 0.129477 0.125757 -0.129170
v 0.145606 0.112335 -0.112294
v 0.148575 0.110518 -0.110409
v 0.128898 0.125978 -0.133987
v 0.109775 0.121907 -0.136996
v 0.120332 0.075028 -0.143587
v 0.121788 0.076055 -0.142579
v 0.121401 0.074482 -0.143004
v 0.114994 0.073849 -0.147126
v 0.168316 0.116139 -0.097777
v 0.137991 0.069777 -0.132433
v 0.118665 0.071014 -0.144785
v 0.119050 0.102459 -0.145117
v 0.119443 0.126221 -0.139337
v 0.117095 0.126184 -0.139429
v 0.109712 0.122931 -0.137587
v 0.111121 0.123556 -0.137188
v 0.109312 0.123849 -0.138537
v 0.136438 0.123664 -0.120073
v 0.117135 0.124499 -0.133937
v 0.116021 0.124618 -0.135311
v 0.115600 0.124040 -0.134498
v 0.137093 0.124372 -0.120265
v 0.135616 0.124166 -0.120977
v 0.140731 0.076182 -0.130194
v 0.132275 0.124536 -0.123967
v 0.128859 0.126061 -0.131771
v 0.134245 0.124300 -0.122224
v 0.133675 0.123428 -0.121777
v 0.131627 0.125056 -0.125178
v 0.130423 0.125198 -0.126765
v 0.132218 0.097026 -0.136348
v 0.129552 0.099486 -0.138200
v 0.155801 0.125875 -0.110909
v 0.154334 0.125645 -0.111241
v 0.155273 0.125571 -0.110355
v 0.120681 0.065698 -0.143516
v 0.117693 0.125392 -0.135632
v 0.148386 0.108329 -0.110378
v 0.127290 0.125654 -0.136861
v 0.125395 0.126088 -0.136722
v 0.127488 0.125887 -0.135626
v 0.130817 0.079932 -0.137038
v 0.132565 0.083203 -0.135956
v 0.120409 0.062733 -0.143596
v 0.146144 0.074774 -0.126825
v 0.114411 0.124201 -0.135596
v 0.167209 0.125805 -0.103239
v 0.115124 0.124731 -0.136085
v 0.114121 0.125219 -0.137255
v 0.118788 0.123896 -0.131658
v 0.118724 0.124472 -0.132705
v 0.117185 0.123849 -0.132872
v 0.108711 0.124828 -0.140166
v 0.107903 0.124408 -0.139977
v 0.126640 0.124835 -0.128165
v 0.128639 0.124910 -0.126992
v 0.127896 0.125266 -0.128495
v 0.123302 0.124808 -0.129979
v 0.123658 0.125353 -0.131078
v 0.122850 0.124992 -0.130927
v 0.129059 0.125299 -0.127826
v 0.117301 0.123176 -0.132286
v 0.124112 0.126274 -0.135028
v 0.122353 0.126269 -0.137925
v 0.119345 0.125880 -0.136134
v 0.118248 0.125851 -0.136809
v 0.111865 0.018041 -0.146336
v 0.113240 0.017739 -0.145484
v 0.135799 0.072886 -0.133721
v 0.133441 0.119350 -0.135604
v 0.134576 0.117493 -0.134785
v 0.132693 0.116860 -0.136175
v 0.111393 0.122520 -0.136131
v 0.109264 0.125242 -0.140453
v 0.110769 0.125164 -0.139351
v 0.111212 0.125713 -0.140136
v 0.124003 0.125892 -0.132670
v 0.126150 0.125482 -0.129974
v 0.151665 0.084379 -0.107261
v 0.125861 0.072579 -0.140140
v 0.110274 0.124632 -0.138815
v 0.124873 0.073225 -0.141018
v 0.132194 0.123961 -0.123212
v 0.135129 0.054523 -0.133636
v 0.126425 0.125995 -0.131806
v 0.122248 0.123518 -0.129368
v 0.119250 0.122726 -0.130918
v 0.122370 0.122524 -0.129030
v 0.129459 0.124037 -0.125282
v 0.130779 0.124060 -0.124403
v 0.130080 0.124612 -0.125659
v 0.129651 0.124907 -0.126489
v 0.127787 0.074779 -0.138725
v 0.132315 0.069021 -0.136132
v 0.132932 0.070099 -0.135820
v 0.156712 0.118764 -0.105706
v 0.119534 0.126151 -0.137274
v 0.121677 0.125990 -0.134852
v 0.121348 0.126310 -0.137401
v 0.122977 0.108924 -0.142539
v 0.123236 0.112238 -0.142382
v 0.125757 0.107444 -0.140681
v 0.128332 0.122274 -0.125097
v 0.131497 0.122195 -0.122808
v 0.129978 0.123370 -0.124386
v 0.129797 0.115588 -0.138069
v 0.115026 0.050181 -0.146734
v 0.113301 0.050384 -0.147676
v 0.147366 0.087223 -0.126419
v 0.128599 0.124359 -0.126126
v 0.149980 0.088965 -0.124867
v 0.148706 0.092469 -0.125796
v 0.118949 0.066036 -0.144705
v 0.112918 0.123328 -0.135731
v 0.114772 0.123285 -0.134225
v 0.127278 0.124258 -0.126847
v 0.125567 0.124156 -0.127777
v 0.112751 0.125446 -0.138826
v 0.113675 0.125856 -0.139411
v 0.120099 0.124535 -0.131633
v 0.120749 0.124077 -0.130554
v 0.121755 0.124765 -0.130978
v 0.107400 0.082810 -0.152288
v 0.111816 0.073831 -0.149212
v 0.112143 0.018940 -0.146344
v 0.109091 0.073507 -0.151227
v 0.111157 0.124899 -0.138833
v 0.111965 0.125024 -0.138512
v 0.164549 0.103738 -0.115196
v 0.112517 0.124318 -0.137116
v 0.115224 0.126081 -0.139726
v 0.126499 0.073118 -0.139768
v 0.133140 0.072157 -0.135464
v 0.109203 0.072258 -0.150972
v 0.110134 0.072475 -0.150542
v 0.128336 0.123841 -0.125776
v 0.120051 0.125565 -0.134457
v 0.110965 0.070800 -0.149743
v 0.111416 0.069614 -0.149859
v 0.110788 0.068706 -0.150307
v 0.124789 0.124890 -0.129209
v 0.159970 0.125084 -0.106208
v 0.115692 0.047815 -0.146393
v 0.113396 0.048380 -0.147749
v 0.108210 0.120558 -0.137661
v 0.120713 0.125078 -0.132660
v 0.126792 0.053968 -0.139159
v 0.156239 0.114219 -0.105895
v 0.122309 0.125198 -0.131676
v 0.149141 0.096019 -0.109868
v 0.128673 0.103216 -0.138815
v 0.127232 0.099593 -0.139761
v 0.124945 0.101791 -0.141136
v 0.123803 0.124202 -0.128882
v 0.136412 0.119301 -0.133593
v 0.155321 0.126351 -0.113729
v 0.154927 0.126086 -0.112279
v 0.140006 0.112218 -0.131370
v 0.116073 0.123734 -0.133681
v 0.115042 0.059370 -0.147014
v 0.114775 0.062178 -0.147208
v 0.121455 0.086362 -0.143301
v 0.123477 0.082092 -0.141854
v 0.120870 0.082759 -0.143524
v 0.117826 0.045152 -0.144926
v 0.138137 0.070699 -0.132110
v 0.117236 0.072020 -0.145723
v 0.138168 0.103889 -0.132565
v 0.111074 0.121187 -0.135822
v 0.116019 0.123233 -0.133234
v 0.115826 0.125156 -0.136436
v 0.167562 0.107324 -0.097181
v 0.126905 0.123262 -0.126389
v 0.122063 0.125553 -0.133056
v 0.174064 0.080134 -0.092732
v 0.116360 0.125817 -0.137840
v 0.133516 0.071127 -0.135627
v 0.135168 0.071177 -0.134017
v 0.134211 0.072011 -0.134817
v 0.127135 0.068303 -0.139697
v 0.128092 0.069087 -0.139073
v 0.122373 0.124355 -0.129853
v 0.123897 0.072575 -0.141515
v 0.109476 0.018194 -0.147940
v 0.108659 0.041896 -0.150792
v 0.118394 0.072078 -0.145024
v 0.124289 0.123200 -0.128074
v 0.158221 0.124662 -0.106497
v 0.166958 0.118221 -0.112963
v 0.165879 0.116044 -0.113790
v 0.165662 0.118431 -0.113728
v 0.113281 0.122269 -0.134744
v 0.124338 0.080801 -0.141184
v 0.117378 0.057766 -0.145345
v 0.135347 0.096087 -0.134328
v 0.155943 0.094185 -0.120914
v 0.159689 0.093516 -0.118462
v 0.137224 0.069012 -0.133041
v 0.126359 0.115387 -0.140324
v 0.127065 0.111604 -0.139867
v 0.150474 0.094390 -0.124608
v 0.151649 0.091593 -0.123763
v 0.157761 0.126330 -0.113463
v 0.154685 0.106241 -0.121567
v 0.155889 0.108118 -0.120689
v 0.157234 0.121498 -0.119343
v 0.143584 0.117795 -0.128765
v 0.139713 0.118428 -0.131439
v 0.144050 0.094938 -0.128740
v 0.138296 0.095436 -0.132469
v 0.162970 0.120330 -0.115470
v 0.152007 0.119836 -0.122915
v 0.154295 0.121248 -0.121308
v 0.125012 0.121755 -0.127173
v 0.108855 0.079536 -0.151238
v 0.177862 0.096079 -0.090197
v 0.162855 0.117371 -0.115763
v 0.163874 0.115280 -0.115222
v 0.130644 0.068334 -0.137401
v 0.131505 0.069153 -0.136855
v 0.116342 0.109198 -0.146917
v 0.118480 0.109430 -0.145495
v 0.168276 0.119453 -0.112018
v 0.165412 0.120150 -0.113788
v 0.166892 0.121806 -0.112677
v 0.123637 0.073903 -0.141584
v 0.122506 0.074352 -0.142553
v 0.123219 0.075289 -0.141614
v 0.118944 0.125043 -0.133943
v 0.111587 0.048503 -0.148892
v 0.149729 0.079560 -0.124760
v 0.129893 0.060505 -0.137310
v 0.150243 0.121891 -0.124022
v 0.120936 0.120954 -0.129593
v 0.122581 0.117000 -0.142841
v 0.164574 0.118690 -0.114517
v 0.147248 0.074699 -0.126247
v 0.148384 0.075100 -0.125324
v 0.160072 0.099377 -0.118185
v 0.161333 0.102637 -0.117358
v 0.162673 0.100652 -0.116448
v 0.133804 0.049897 -0.134483
v 0.156890 0.099955 -0.120255
v 0.154945 0.098465 -0.121553
v 0.155418 0.100131 -0.121290
v 0.145785 0.107006 -0.112124
v 0.147079 0.102008 -0.111450
v 0.112999 0.016132 -0.147407
v 0.122022 0.042362 -0.141966
v 0.147620 0.081024 -0.126200
v 0.164702 0.110112 -0.114882
v 0.111665 0.016254 -0.148342
v 0.110736 0.015682 -0.148872
v 0.110925 0.016597 -0.148888
v 0.177625 0.090577 -0.090306
v 0.158458 0.101597 -0.119262
v 0.148483 0.121021 -0.111038
v 0.159165 0.109746 -0.118651
v 0.153298 0.093333 -0.122767
v 0.152353 0.096188 -0.123263
v 0.150144 0.119812 -0.124218
v 0.135118 0.051514 -0.133706
v 0.114292 0.111242 -0.148320
v 0.112375 0.110277 -0.149525
v 0.112728 0.114979 -0.149406
v 0.110378 0.080040 -0.150316
v 0.121796 0.079201 -0.142849
v 0.116997 0.120871 -0.131982
v 0.133153 0.078327 -0.135404
v 0.169006 0.078127 -0.096195
v 0.118303 0.118606 -0.130968
v 0.123519 0.118803 -0.127709
v 0.156843 0.109424 -0.120110
v 0.113926 0.096668 -0.148366
v 0.148020 0.095452 -0.126153
v 0.149524 0.097192 -0.125056
v 0.146551 0.098536 -0.127146
v 0.115705 0.122369 -0.133076
v 0.110976 0.107702 -0.150479
v 0.113168 0.107004 -0.148939
v 0.109518 0.081681 -0.151021
v 0.106747 0.116059 -0.138512
v 0.162710 0.112001 -0.116173
v 0.162310 0.114669 -0.116251
v 0.164460 0.113260 -0.114835
v 0.111538 0.050646 -0.149001
v 0.110435 0.053262 -0.149892
v 0.109755 0.073218 -0.150747
v 0.109789 0.116338 -0.151348
v 0.109234 0.112501 -0.151626
v 0.110854 0.084554 -0.150268
v 0.148671 0.099719 -0.125677
v 0.147833 0.102546 -0.126211
v 0.149948 0.083779 -0.124757
v 0.160575 0.095905 -0.117835
v 0.157913 0.096780 -0.119631
v 0.117264 0.074644 -0.145645
v 0.118277 0.075475 -0.144843
v 0.115110 0.099039 -0.147572
v 0.110577 0.115683 -0.136137
v 0.111843 0.093719 -0.149642
v 0.117864 0.073286 -0.145588
v 0.108527 0.118480 -0.152187
v 0.129639 0.096574 -0.138233
v 0.114179 0.118521 -0.133719
v 0.146070 0.084179 -0.127249
v 0.132068 0.067156 -0.136297
v 0.134102 0.067601 -0.134960
v 0.161776 0.074422 -0.100950
v 0.135109 0.084221 -0.134385
v 0.134029 0.081270 -0.134886
v 0.167187 0.111912 -0.113172
v 0.151338 0.099691 -0.123859
v 0.120856 0.099999 -0.143756
v 0.122193 0.098318 -0.142892
v 0.119228 0.075092 -0.144285
v 0.135330 0.079905 -0.134052
v 0.162918 0.126196 -0.109235
v 0.133300 0.119483 -0.121193
v 0.154649 0.117034 -0.107041
v 0.159164 0.104091 -0.118752
v 0.120556 0.108289 -0.144050
v 0.121577 0.110539 -0.143381
v 0.146593 0.079463 -0.126802
v 0.145345 0.080479 -0.127675
v 0.108686 0.086082 -0.151635
v 0.145765 0.077963 -0.127141
v 0.110729 0.092836 -0.150300
v 0.163830 0.122548 -0.114546
v 0.145751 0.125245 -0.115916
v 0.116832 0.102543 -0.146574
v 0.147388 0.125351 -0.115028
v 0.147483 0.125806 -0.116447
v 0.113553 0.120830 -0.134177
v 0.110219 0.118925 -0.136190
v 0.132229 0.122034 -0.136234
v 0.130980 0.118910 -0.137215
v 0.129808 0.120980 -0.137956
v 0.128486 0.120631 -0.124679
v 0.130687 0.119682 -0.123025
v 0.128416 0.117819 -0.124537
v 0.131908 0.115835 -0.122162
v 0.131781 0.118219 -0.122208
v 0.124557 0.115339 -0.126847
v 0.134764 0.117289 -0.120052
v 0.128317 0.114303 -0.124513
v 0.139277 0.125364 -0.129474
v 0.137648 0.125646 -0.129437
v 0.139021 0.125785 -0.128119
v 0.140347 0.125465 -0.128542
v 0.140822 0.125880 -0.126702
v 0.142735 0.125575 -0.126354
v 0.142687 0.125291 -0.127425
v 0.141757 0.125381 -0.127985
v 0.141265 0.124980 -0.129173
v 0.145857 0.125199 -0.125380
v 0.144516 0.124913 -0.127120
v 0.143916 0.125242 -0.126701
v 0.140209 0.125216 -0.129490
v 0.142886 0.124994 -0.128078
v 0.144726 0.125698 -0.124687
v 0.147131 0.120211 -0.126372
v 0.108659 0.089051 -0.151776
v 0.110914 0.118249 -0.150718
v 0.106700 0.118672 -0.138571
v 0.115806 0.074849 -0.146449
v 0.148894 0.115606 -0.125174
v 0.168523 0.075481 -0.096432
v 0.169728 0.074371 -0.095539
v 0.165996 0.126010 -0.108719
v 0.167910 0.125611 -0.108932
v 0.166030 0.125559 -0.110345
v 0.163666 0.125960 -0.110627
v 0.163499 0.126170 -0.109557
v 0.167971 0.125206 -0.109900
v 0.168872 0.125276 -0.109132
v 0.169203 0.124942 -0.109670
v 0.170190 0.124276 -0.109784
v 0.168520 0.124676 -0.110504
v 0.167218 0.125035 -0.110873
v 0.168976 0.123930 -0.110827
v 0.170328 0.122903 -0.110208
v 0.168174 0.123132 -0.111592
v 0.165819 0.125156 -0.111731
v 0.162060 0.126110 -0.111376
v 0.164270 0.125559 -0.111656
v 0.162440 0.125921 -0.112058
v 0.167244 0.124466 -0.111716
v 0.109413 0.101411 -0.151353
v 0.163082 0.125532 -0.112839
v 0.161698 0.125819 -0.112936
v 0.164437 0.125197 -0.112558
v 0.165457 0.123807 -0.113193
v 0.163724 0.124971 -0.113563
v 0.161887 0.125452 -0.113752
v 0.158985 0.126049 -0.114298
v 0.160679 0.125861 -0.113677
v 0.152556 0.126002 -0.113883
v 0.160202 0.125478 -0.114869
v 0.111600 0.100792 -0.149971
v 0.109626 0.104347 -0.151281
v 0.114318 0.108059 -0.148262
v 0.158067 0.125718 -0.115863
v 0.156268 0.126162 -0.115686
v 0.156090 0.126329 -0.114565
v 0.150301 0.125741 -0.114514
v 0.169442 0.125829 -0.107143
v 0.163145 0.124164 -0.114515
v 0.158957 0.125172 -0.116426
v 0.154524 0.126304 -0.115413
v 0.153045 0.126273 -0.115299
v 0.161908 0.124524 -0.115115
v 0.162011 0.124977 -0.114571
v 0.161412 0.123774 -0.115869
v 0.140037 0.124969 -0.130124
v 0.160789 0.124808 -0.115565
v 0.157609 0.125383 -0.116865
v 0.138277 0.121612 -0.132073
v 0.139683 0.122309 -0.131077
v 0.138806 0.120618 -0.131842
v 0.141668 0.126117 -0.124002
v 0.142935 0.126006 -0.124259
v 0.140852 0.126122 -0.125075
v 0.150620 0.126126 -0.115806
v 0.142331 0.071957 -0.129731
v 0.156333 0.125617 -0.117154
v 0.153165 0.126285 -0.116130
v 0.150829 0.124522 -0.122959
v 0.150294 0.123854 -0.123589
v 0.149891 0.124663 -0.123582
v 0.137455 0.125303 -0.131349
v 0.136611 0.125542 -0.130782
v 0.138442 0.125286 -0.130675
v 0.169347 0.125438 -0.108245
v 0.158532 0.124766 -0.117274
v 0.156957 0.124965 -0.118046
v 0.151453 0.126324 -0.117091
v 0.154263 0.125872 -0.117774
v 0.137321 0.124221 -0.132401
v 0.136668 0.125006 -0.132527
v 0.137231 0.125080 -0.132046
v 0.159624 0.124388 -0.116847
v 0.148426 0.126275 -0.118127
v 0.137847 0.122750 -0.132318
v 0.153653 0.126190 -0.116752
v 0.107272 0.108768 -0.152882
v 0.157011 0.124188 -0.118655
v 0.158121 0.124145 -0.117977
v 0.136881 0.116038 -0.133332
v 0.135184 0.113955 -0.134465
v 0.154843 0.125396 -0.118734
v 0.138059 0.124971 -0.131631
v 0.139053 0.124104 -0.131269
v 0.141711 0.126008 -0.122082
v 0.141476 0.125682 -0.120604
v 0.136887 0.121340 -0.133101
v 0.159128 0.123052 -0.117759
v 0.156362 0.123190 -0.119522
v 0.123752 0.104609 -0.142022
v 0.146152 0.125492 -0.124199
v 0.147589 0.125456 -0.123598
v 0.147413 0.126193 -0.120016
v 0.146304 0.126190 -0.119853
v 0.141191 0.123790 -0.129836
v 0.151807 0.126047 -0.118840
v 0.153063 0.125677 -0.119308
v 0.156149 0.124287 -0.119250
v 0.151950 0.124831 -0.121838
v 0.153443 0.124518 -0.121020
v 0.152565 0.124329 -0.121838
v 0.140712 0.126168 -0.123873
v 0.122765 0.106526 -0.142638
v 0.123856 0.107658 -0.141884
v 0.144710 0.126057 -0.119866
v 0.142646 0.126104 -0.122695
v 0.149603 0.126290 -0.118980
v 0.144950 0.126104 -0.121456
v 0.154890 0.124806 -0.119694
v 0.136182 0.124554 -0.133096
v 0.135020 0.124841 -0.133625
v 0.135786 0.125161 -0.132862
v 0.115995 0.117053 -0.147312
v 0.115826 0.113337 -0.147338
v 0.124032 0.079889 -0.141437
v 0.120647 0.080893 -0.143623
v 0.128352 0.113332 -0.139113
v 0.110125 0.126235 -0.142985
v 0.111718 0.126179 -0.141550
v 0.165502 0.124796 -0.112648
v 0.107201 0.126104 -0.144774
v 0.149552 0.125514 -0.122205
v 0.150403 0.125098 -0.122597
v 0.148914 0.125082 -0.123741
v 0.108944 0.125677 -0.141699
v 0.109451 0.125993 -0.142453
v 0.149865 0.126045 -0.119956
v 0.154738 0.123923 -0.120360
v 0.153222 0.125175 -0.120278
v 0.151423 0.125456 -0.120827
v 0.113721 0.126253 -0.141083
v 0.134605 0.125415 -0.132746
v 0.136243 0.125403 -0.131972
v 0.150161 0.125803 -0.120687
v 0.147597 0.124946 -0.124879
v 0.148543 0.124761 -0.124577
v 0.148387 0.124011 -0.124978
v 0.147959 0.126070 -0.120915
v 0.145800 0.125999 -0.122272
v 0.146258 0.124437 -0.126270
v 0.143811 0.123879 -0.128096
v 0.154201 0.122983 -0.121044
v 0.153205 0.123772 -0.121555
v 0.152254 0.122951 -0.122473
v 0.148698 0.125831 -0.121622
v 0.142327 0.124451 -0.128898
v 0.151858 0.124005 -0.122438
v 0.127731 0.083186 -0.139175
v 0.146911 0.125803 -0.122818
v 0.149245 0.124520 -0.124188
v 0.129175 0.122327 -0.138328
v 0.130586 0.122742 -0.137232
v 0.134270 0.124392 -0.134494
v 0.135698 0.123362 -0.133679
v 0.131562 0.123928 -0.136436
v 0.132944 0.124168 -0.135484
v 0.142747 0.121483 -0.129192
v 0.133992 0.123225 -0.134897
v 0.146347 0.122828 -0.126573
v 0.134620 0.121369 -0.134638
v 0.125555 0.125495 -0.138700
v 0.126693 0.124694 -0.139240
v 0.127799 0.124748 -0.138384
v 0.127649 0.124153 -0.138963
v 0.127103 0.125251 -0.138138
v 0.114405 0.074708 -0.147201
v 0.128641 0.124440 -0.138054
v 0.127625 0.122791 -0.139288
v 0.129097 0.125059 -0.136925
v 0.128151 0.125126 -0.137464
v 0.129904 0.124855 -0.136994
v 0.129864 0.123869 -0.137599
v 0.128680 0.125374 -0.136378
v 0.130800 0.124772 -0.136547
v 0.131873 0.124971 -0.135607
v 0.138044 0.124809 -0.120343
v 0.142098 0.124733 -0.117327
v 0.138553 0.124231 -0.119272
v 0.142616 0.125176 -0.117990
v 0.140569 0.124376 -0.118072
v 0.139124 0.124906 -0.119989
v 0.138851 0.125353 -0.121096
v 0.139991 0.124780 -0.119206
v 0.140378 0.125222 -0.119833
v 0.143973 0.125549 -0.118168
v 0.141290 0.124932 -0.118651
v 0.134434 0.115792 -0.134963
v 0.141961 0.125361 -0.119182
v 0.131709 0.063602 -0.136279
v 0.115552 0.076294 -0.146612
v 0.157915 0.076078 -0.103496
v 0.159209 0.073144 -0.102545
v 0.137926 0.070124 -0.132202
v 0.144269 0.067857 -0.128528
v 0.126674 0.123785 -0.139663
v 0.127807 0.120703 -0.139283
v 0.152453 0.079928 -0.122965
v 0.153512 0.083020 -0.122409
v 0.136491 0.072631 -0.133362
v 0.169494 0.121267 -0.110988
v 0.121931 0.081577 -0.142809
v 0.161670 0.069463 -0.100780
v 0.115135 0.064512 -0.147063
v 0.113682 0.063632 -0.148037
v 0.145286 0.070259 -0.127374
v 0.141135 0.110421 -0.115402
v 0.141521 0.105165 -0.115364
v 0.149311 0.098521 -0.109855
v 0.146234 0.097532 -0.112310
v 0.121072 0.088827 -0.128374
v 0.110846 0.095469 -0.135971
f 1 2 3
f 4 5 6
f 7 8 9
f 10 11 12
f 13 14 15
f 16 6 17
f 18 19 20
f 21 22 23
f 26 27 28
f 29 30 31
f 34 35 36
f 7 37 38
f 39 21 40
f 41 42 43
f 29 45 25
f 46 13 47
f 48 49 44
f 50 1 51
f 42 9 43
f 52 53 16
f 54 55 56
f 57 58 59
f 14 60 15
f 46 38 13
f 39 61 62
f 20 45 31
f 64 65 66
f 2 67 3
f 35 34 68
f 69 53 70
f 30 25 71
f 55 65 72
f 61 39 40
f 50 73 2
f 17 9 8
f 54 66 65
f 74 10 75
f 8 16 17
f 76 77 67
f 16 8 52
f 78 79 73
f 73 80 78
f 79 78 61
f 3 67 32
f 62 22 39
f 59 81 57
f 61 82 79
f 40 82 61
f 41 83 42
f 53 84 70
f 27 24 48
f 40 21 76
f 33 67 77
f 67 82 76
f 21 23 75
f 48 28 27
f 55 85 56
f 26 70 27
f 71 27 70
f 10 12 86
f 25 30 29
f 45 29 31
f 70 84 71
f 28 86 12
f 77 28 48
f 87 60 83
f 27 71 24
f 82 40 76
f 88 63 47
f 11 89 90
f 53 7 91
f 30 84 91
f 87 15 60
f 26 69 70
f 12 90 4
f 69 28 12
f 4 90 5
f 19 18 46
f 53 52 7
f 33 77 44
f 38 14 13
f 2 1 50
f 49 48 24
f 4 6 16
f 88 47 13
f 38 37 14
f 68 66 54
f 17 6 58
f 76 10 86
f 15 88 13
f 9 37 7
f 14 37 60
f 17 58 9
f 9 42 37
f 42 60 37
f 76 21 75
f 7 38 91
f 9 58 92
f 52 8 7
f 58 57 92
f 80 62 78
f 48 44 77
f 26 28 69
f 4 69 12
f 2 82 67
f 91 31 30
f 16 53 69
f 9 92 43
f 57 55 92
f 57 81 85
f 38 46 18
f 83 41 55
f 85 55 57
f 4 16 69
f 91 84 53
f 72 83 55
f 11 10 74
f 6 5 58
f 47 19 46
f 10 76 75
f 82 2 79
f 56 93 68
f 83 60 42
f 22 21 39
f 35 68 93
f 34 66 68
f 33 32 67
f 18 91 38
f 36 94 34
f 11 90 12
f 92 55 41
f 41 43 92
f 84 30 71
f 78 62 61
f 36 95 96
f 28 77 86
f 71 25 24
f 20 31 18
f 74 75 23
f 66 94 64
f 76 86 77
f 94 66 34
f 91 18 31
f 89 11 74
f 96 94 36
f 54 65 55
f 35 93 36
f 68 54 56
f 2 73 79
f 97 98 99
f 100 101 102
f 97 103 104
f 105 106 107
f 104 103 108
f 109 110 103
f 105 107 111
f 112 113 114
f 102 103 110
f 116 117 118
f 102 108 103
f 116 119 120
f 112 114 120
f 120 114 121
f 122 104 123
f 101 108 102
f 97 104 98
f 112 100 113
f 125 106 116
f 123 108 101
f 116 106 117
f 105 117 106
f 105 111 117
f 109 106 125
f 116 120 121
f 109 125 110
f 99 98 122
f 126 124 112
f 102 110 114
f 104 122 98
f 113 102 114
f 126 120 119
f 102 113 100
f 115 112 124
f 121 114 125
f 125 114 110
f 108 123 104
f 125 116 121
f 120 126 112
f 127 128 129
f 130 131 132
f 134 135 136
f 137 138 139
f 140 141 142
f 143 144 145
f 147 148 149
f 150 151 152
f 153 154 155
f 129 128 158
f 159 160 139
f 161 162 149
f 163 134 164
f 160 137 139
f 165 166 167
f 168 141 169
f 170 154 153
f 171 172 173
f 145 174 175
f 176 177 178
f 179 180 181
f 182 183 171
f 184 185 186
f 128 187 158
f 188 189 190
f 191 141 192
f 193 155 194
f 195 177 176
f 196 197 198
f 199 200 165
f 175 146 202
f 164 203 204
f 205 134 136
f 206 207 179
f 208 209 210
f 211 212 213
f 200 214 193
f 187 215 158
f 216 217 136
f 218 219 220
f 173 221 222
f 179 224 180
f 214 153 155
f 149 140 142
f 225 226 227
f 194 155 228
f 229 226 230
f 231 146 158
f 217 205 136
f 232 128 127
f 233 159 234
f 235 236 237
f 238 159 139
f 239 240 178
f 165 200 241
f 242 215 243
f 164 204 163
f 244 186 245
f 233 246 247
f 248 190 249
f 227 250 251
f 252 253 254
f 168 169 255
f 137 209 208
f 201 193 194
f 242 243 198
f 140 148 256
f 190 257 188
f 258 205 229
f 138 211 139
f 206 259 260
f 261 239 257
f 239 177 262
f 250 227 226
f 169 190 255
f 264 162 221
f 240 239 235
f 185 184 265
f 260 207 206
f 266 161 267
f 266 168 262
f 181 268 206
f 260 259 270
f 184 271 164
f 237 153 214
f 272 128 232
f 236 235 273
f 237 214 240
f 274 275 276
f 268 181 265
f 236 246 153
f 277 221 173
f 149 162 147
f 175 143 145
f 186 185 245
f 230 268 229
f 235 278 273
f 241 200 193
f 231 143 202
f 137 160 209
f 242 198 197
f 193 201 279
f 167 199 165
f 280 221 162
f 180 245 185
f 262 189 239
f 207 260 282
f 264 148 147
f 271 203 164
f 221 277 264
f 243 196 198
f 265 258 268
f 259 225 270
f 280 161 266
f 274 276 284
f 163 135 134
f 171 222 285
f 284 195 286
f 226 225 259
f 242 144 143
f 251 287 227
f 225 285 270
f 196 288 197
f 140 289 192
f 138 208 211
f 290 291 220
f 292 278 293
f 253 282 260
f 294 195 176
f 138 137 208
f 295 296 297
f 298 299 244
f 302 303 304
f 305 306 307
f 284 286 274
f 308 305 309
f 310 303 311
f 263 223 313
f 313 279 201
f 234 238 153
f 279 241 193
f 170 153 238
f 316 317 318
f 245 180 224
f 319 299 320
f 201 263 313
f 196 243 324
f 277 156 157
f 290 325 315
f 326 327 328
f 275 274 166
f 244 299 319
f 296 329 330
f 200 199 214
f 331 326 291
f 162 161 280
f 332 317 333
f 274 167 166
f 334 335 336
f 291 337 338
f 262 168 189
f 214 155 193
f 247 246 236
f 286 199 167
f 292 339 278
f 286 167 274
f 298 340 336
f 199 294 214
f 285 254 253
f 341 334 336
f 298 245 340
f 286 294 199
f 326 331 342
f 214 294 240
f 286 195 294
f 343 344 345
f 252 284 276
f 252 276 253
f 237 236 153
f 298 244 245
f 347 327 299
f 282 253 276
f 211 154 170
f 348 349 303
f 252 254 284
f 331 291 290
f 204 319 320
f 349 342 314
f 238 139 170
f 240 235 237
f 322 160 350
f 351 352 353
f 331 290 342
f 153 246 234
f 176 240 294
f 254 280 284
f 139 211 170
f 238 234 159
f 349 326 342
f 247 236 354
f 303 302 311
f 246 233 234
f 280 195 284
f 178 240 176
f 260 285 253
f 222 254 285
f 177 239 178
f 261 235 239
f 273 354 236
f 354 233 247
f 280 177 195
f 254 222 280
f 260 270 285
f 278 235 261
f 225 183 182
f 278 354 273
f 280 266 177
f 221 280 222
f 304 346 343
f 357 142 141
f 222 171 173
f 358 359 360
f 171 285 182
f 257 278 261
f 141 168 357
f 177 266 262
f 299 298 347
f 206 230 259
f 309 305 361
f 285 225 182
f 363 332 320
f 257 239 188
f 189 188 239
f 347 328 327
f 268 258 229
f 314 304 303
f 183 172 171
f 172 277 173
f 357 266 267
f 161 149 267
f 255 189 168
f 147 162 264
f 225 287 183
f 212 211 208
f 336 340 341
f 287 225 227
f 365 348 310
f 312 172 183
f 172 156 277
f 268 230 206
f 226 259 230
f 141 140 192
f 257 190 248
f 302 343 345
f 342 315 314
f 168 266 357
f 233 300 301
f 361 305 307
f 142 357 267
f 366 159 301
f 267 149 142
f 255 190 189
f 342 290 315
f 367 345 368
f 365 363 348
f 203 244 319
f 371 372 272
f 374 375 376
f 287 281 183
f 345 367 302
f 377 378 379
f 352 310 302
f 312 355 172
f 156 172 355
f 345 376 378
f 302 367 352
f 281 312 183
f 341 337 334
f 327 326 349
f 179 181 206
f 364 344 346
f 148 264 277
f 363 320 348
f 374 381 382
f 281 287 217
f 217 287 251
f 303 310 348
f 306 318 383
f 226 229 250
f 343 346 344
f 310 352 351
f 334 328 335
f 190 169 249
f 296 384 329
f 384 385 329
f 291 328 334
f 373 386 387
f 345 344 376
f 277 157 148
f 388 363 365
f 344 374 376
f 269 281 217
f 389 390 391
f 392 352 367
f 393 370 394
f 317 388 395
f 205 217 251
f 368 392 367
f 334 337 291
f 303 349 314
f 250 205 251
f 180 185 181
f 187 353 215
f 351 353 310
f 398 399 360
f 311 302 310
f 326 328 291
f 185 265 181
f 229 205 250
f 299 327 320
f 388 365 400
f 401 324 377
f 368 345 378
f 358 360 295
f 382 379 375
f 249 169 191
f 402 403 150
f 400 371 395
f 398 360 359
f 148 140 149
f 404 372 310
f 297 396 295
f 335 328 347
f 392 368 324
f 335 298 336
f 353 352 392
f 276 405 282
f 338 220 291
f 387 398 359
f 374 396 381
f 374 382 375
f 348 320 349
f 317 395 406
f 191 169 141
f 324 243 392
f 368 377 324
f 148 157 256
f 368 378 377
f 394 407 408
f 269 217 216
f 215 353 392
f 404 353 187
f 296 295 360
f 318 305 316
f 384 399 385
f 409 130 410
f 381 396 411
f 383 317 406
f 184 258 265
f 412 413 414
f 415 395 371
f 134 205 258
f 316 333 317
f 380 316 308
f 318 306 305
f 415 406 395
f 134 258 184
f 271 184 186
f 272 372 404
f 371 272 415
f 164 134 184
f 228 154 213
f 317 383 318
f 411 297 296
f 216 136 135
f 347 298 335
f 372 400 310
f 416 417 418
f 244 271 186
f 204 135 163
f 415 419 406
f 203 271 244
f 419 420 406
f 383 406 420
f 358 373 359
f 401 196 324
f 375 378 376
f 159 233 301
f 415 421 419
f 422 383 420
f 332 363 388
f 423 424 425
f 399 384 360
f 419 422 420
f 383 422 306
f 297 411 396
f 305 308 316
f 310 400 365
f 307 306 422
f 320 327 349
f 388 317 332
f 353 404 310
f 380 333 316
f 427 428 361
f 379 378 375
f 371 400 372
f 151 430 431
f 207 282 432
f 404 128 272
f 290 220 325
f 159 366 350
f 325 323 315
f 192 289 397
f 361 429 427
f 388 400 395
f 433 428 434
f 386 373 369
f 435 436 437
f 329 385 438
f 359 373 387
f 370 386 369
f 302 304 343
f 384 296 360
f 427 434 428
f 341 131 439
f 364 396 374
f 397 191 192
f 341 340 132
f 374 344 364
f 440 389 132
f 319 204 203
f 411 296 330
f 361 307 429
f 441 442 443
f 444 418 417
f 394 445 446
f 208 356 212
f 447 448 152
f 257 248 293
f 449 432 424
f 288 196 401
f 292 293 248
f 278 257 293
f 354 278 339
f 300 354 339
f 450 451 218
f 300 233 354
f 366 322 350
f 160 159 350
f 426 415 272
f 322 321 160
f 209 160 321
f 132 340 440
f 452 130 409
f 453 454 455
f 152 448 454
f 456 399 418
f 457 413 458
f 390 440 224
f 150 442 441
f 417 443 442
f 150 453 459
f 340 245 224
f 151 447 152
f 447 437 436
f 460 218 220
f 453 152 454
f 152 453 150
f 150 459 402
f 431 437 447
f 444 403 461
f 276 275 462
f 431 410 437
f 463 464 416
f 424 423 465
f 402 466 403
f 150 403 442
f 150 430 151
f 467 437 468
f 158 146 133
f 391 179 449
f 469 431 430
f 461 403 466
f 403 444 442
f 409 410 469
f 466 470 461
f 441 471 430
f 472 473 412
f 430 474 469
f 130 391 410
f 470 438 461
f 417 442 444
f 460 337 450
f 444 475 476
f 443 417 416
f 444 476 418
f 323 446 445
f 465 477 468
f 468 391 465
f 474 478 479
f 456 418 476
f 480 474 471
f 452 409 479
f 443 480 441
f 424 465 391
f 414 479 478
f 479 414 452
f 430 150 441
f 175 202 143
f 131 452 457
f 468 437 410
f 385 456 476
f 481 407 394
f 478 472 414
f 478 480 408
f 457 451 439
f 414 413 452
f 338 337 460
f 131 341 132
f 457 439 131
f 389 440 390
f 179 391 390
f 208 210 283
f 385 399 456
f 424 391 449
f 418 399 482
f 158 133 129
f 423 483 477
f 218 460 450
f 449 179 207
f 472 412 414
f 478 407 472
f 450 439 451
f 408 407 478
f 340 224 440
f 482 463 416
f 399 398 482
f 483 423 462
f 412 219 458
f 207 432 449
f 282 405 432
f 407 481 472
f 458 413 412
f 337 341 439
f 473 472 481
f 130 452 131
f 387 386 463
f 393 408 464
f 398 387 482
f 405 462 423
f 479 469 474
f 219 412 473
f 451 457 458
f 224 179 390
f 423 425 405
f 432 405 425
f 446 473 481
f 325 219 473
f 394 446 481
f 218 451 458
f 450 337 439
f 276 462 405
f 325 220 219
f 325 473 446
f 219 218 458
f 394 370 445
f 242 231 158
f 220 338 460
f 370 323 445
f 158 215 242
f 426 272 232
f 386 464 463
f 471 474 430
f 385 476 475
f 464 443 416
f 437 467 435
f 415 426 421
f 408 393 394
f 416 418 482
f 477 465 423
f 209 362 210
f 391 468 410
f 356 208 283
f 464 408 443
f 479 409 469
f 151 431 447
f 413 457 452
f 213 154 211
f 242 197 144
f 463 482 387
f 389 391 130
f 132 389 130
f 480 478 474
f 480 471 441
f 443 408 480
f 404 187 128
f 475 444 461
f 146 231 202
f 432 425 424
f 228 155 154
f 438 385 475
f 386 370 393
f 143 231 242
f 464 386 393
f 323 325 446
f 469 410 431
f 461 438 475
f 392 243 215
f 484 485 486
f 484 487 488
f 489 490 491
f 492 493 494
f 495 496 497
f 498 499 500
f 501 502 503
f 506 507 508
f 489 491 509
f 510 511 512
f 513 514 515
f 511 496 516
f 517 518 486
f 519 520 491
f 521 522 523
f 524 525 526
f 527 528 529
f 530 531 532
f 533 534 535
f 502 501 536
f 537 538 539
f 500 485 498
f 541 542 543
f 510 544 545
f 502 536 546
f 547 548 549
f 501 503 550
f 518 484 486
f 551 552 553
f 529 546 554
f 555 489 509
f 557 558 555
f 543 542 559
f 560 561 562
f 563 564 565
f 536 566 546
f 487 484 518
f 501 567 536
f 568 569 570
f 571 572 573
f 574 575 576
f 537 577 538
f 574 578 579
f 580 571 581
f 582 583 584
f 585 498 586
f 551 553 554
f 587 588 589
f 590 591 592
f 593 550 594
f 595 596 597
f 587 589 598
f 599 576 575
f 572 600 601
f 580 602 571
f 579 575 574
f 514 533 603
f 606 607 608
f 609 499 610
f 611 612 613
f 542 593 531
f 533 514 513
f 535 534 614
f 600 615 601
f 616 600 617
f 532 564 530
f 575 579 556
f 583 582 618
f 619 554 597
f 620 603 580
f 621 622 597
f 623 539 538
f 624 625 582
f 494 626 492
f 568 570 617
f 553 529 554
f 572 571 568
f 627 545 544
f 594 550 628
f 621 597 554
f 629 623 630
f 526 525 631
f 593 542 541
f 525 627 618
f 633 634 635
f 636 637 519
f 624 638 639
f 640 570 519
f 641 579 578
f 642 643 644
f 609 610 645
f 609 485 500
f 582 584 624
f 612 547 613
f 622 621 646
f 545 627 560
f 530 564 647
f 646 648 622
f 649 650 506
f 601 573 572
f 575 540 599
f 599 515 514
f 568 617 600
f 653 641 578
f 601 654 655
f 623 656 630
f 551 619 592
f 648 646 566
f 487 518 658
f 548 659 660
f 535 603 533
f 661 645 662
f 517 661 612
f 663 647 564
f 565 532 658
f 617 640 664
f 665 666 616
f 540 515 599
f 667 668 669
f 620 599 514
f 498 670 499
f 564 532 565
f 623 538 656
f 671 562 561
f 539 629 672
f 586 591 637
f 526 673 524
f 654 674 653
f 566 567 675
f 676 547 549
f 677 634 633
f 678 679 608
f 656 538 680
f 655 653 578
f 673 526 625
f 681 635 682
f 606 643 632
f 651 652 685
f 686 635 687
f 688 689 690
f 485 517 486
f 577 537 672
f 629 630 691
f 512 511 692
f 693 583 618
f 619 551 554
f 674 666 652
f 642 672 643
f 695 696 697
f 665 698 699
f 700 701 516
f 643 672 629
f 704 560 562
f 659 661 662
f 593 705 550
f 600 572 568
f 598 499 706
f 707 605 649
f 585 569 602
f 700 680 701
f 615 666 674
f 708 555 509
f 493 709 710
f 670 711 602
f 700 516 626
f 685 652 666
f 712 590 592
f 713 647 714
f 715 689 693
f 502 487 503
f 532 594 628
f 716 698 664
f 496 493 492
f 643 606 644
f 717 667 718
f 565 613 547
f 612 658 518
f 497 496 510
f 685 634 651
f 637 636 586
f 502 529 488
f 536 567 566
f 498 552 586
f 561 525 671
f 561 560 525
f 719 708 584
f 685 699 634
f 493 495 709
f 693 689 688
f 491 640 519
f 720 721 604
f 490 664 640
f 532 531 594
f 722 723 724
f 491 590 509
f 662 610 598
f 620 576 599
f 628 503 487
f 725 680 577
f 527 553 498
f 638 726 639
f 609 645 517
f 512 544 510
f 660 727 548
f 636 569 585
f 674 654 615
f 640 491 490
f 641 653 703
f 495 493 496
f 702 678 607
f 728 729 730
f 731 732 667
f 653 674 652
f 628 487 532
f 501 733 567
f 497 704 495
f 632 607 606
f 516 701 692
f 570 569 636
f 597 696 595
f 510 496 511
f 691 657 629
f 712 592 596
f 530 542 531
f 645 661 517
f 668 678 734
f 513 735 533
f 560 704 497
f 736 720 604
f 566 675 648
f 598 610 499
f 580 603 706
f 728 730 679
f 624 639 625
f 698 737 699
f 502 546 529
f 636 585 586
f 629 657 643
f 568 602 569
f 699 737 634
f 659 738 727
f 598 589 738
f 649 508 739
f 523 696 521
f 655 654 653
f 740 596 595
f 506 716 490
f 489 555 507
f 522 740 523
f 626 496 492
f 546 621 554
f 620 580 581
f 506 490 507
f 506 686 716
f 571 574 581
f 616 698 665
f 598 706 587
f 633 635 681
f 609 500 499
f 670 706 499
f 721 741 649
f 658 613 565
f 598 738 662
f 739 508 742
f 666 615 616
f 712 596 708
f 508 649 506
f 711 498 585
f 578 574 573
f 609 517 485
f 706 603 587
f 662 645 610
f 697 622 648
f 743 744 745
f 731 717 723
f 698 617 664
f 614 746 535
f 588 535 746
f 588 587 535
f 680 700 747
f 635 686 682
f 573 574 571
f 574 576 581
f 712 708 509
f 675 695 648
f 521 696 748
f 711 670 498
f 625 726 673
f 669 749 667
f 747 750 680
f 730 729 644
f 522 638 624
f 591 590 520
f 559 542 530
f 712 509 590
f 577 642 725
f 718 688 690
f 751 729 728
f 658 612 611
f 518 517 612
f 636 519 570
f 618 631 525
f 558 508 507
f 521 638 522
f 647 559 530
f 713 543 559
f 596 740 708
f 584 583 719
f 633 752 677
f 594 531 593
f 521 748 638
f 514 603 620
f 601 655 573
f 716 737 698
f 558 718 742
f 753 589 754
f 720 741 721
f 755 744 756
f 551 586 552
f 757 618 582
f 643 684 632
f 612 661 548
f 730 644 606
f 508 558 742
f 647 713 559
f 633 505 752
f 558 507 555
f 523 595 696
f 732 728 679
f 729 725 642
f 557 555 719
f 719 583 693
f 758 720 681
f 621 566 646
f 666 665 685
f 613 658 611
f 661 659 548
f 662 738 659
f 752 505 504
f 557 719 693
f 618 627 759
f 741 720 758
f 724 544 512
f 737 716 687
f 597 622 697
f 620 581 576
f 546 566 621
f 625 639 726
f 615 600 616
f 718 558 688
f 663 564 563
f 756 743 707
f 741 650 649
f 558 557 688
f 487 502 488
f 488 528 484
f 692 722 512
f 693 688 557
f 551 591 586
f 511 516 692
f 759 723 689
f 592 619 597
f 501 550 761
f 582 625 757
f 725 701 680
f 743 605 707
f 649 739 707
f 577 680 538
f 516 496 626
f 703 653 652
f 577 672 642
f 595 523 740
f 755 756 742
f 681 682 758
f 484 528 485
f 762 692 701
f 539 623 629
f 617 570 640
f 633 681 720
f 634 737 687
f 505 633 720
f 504 677 752
f 635 634 687
f 753 738 589
f 602 711 585
f 719 555 708
f 631 618 757
f 548 547 612
f 584 708 740
f 520 637 591
f 739 756 707
f 756 739 742
f 667 749 718
f 717 718 690
f 763 748 696
f 593 541 705
f 634 677 651
f 672 537 539
f 699 685 665
f 686 506 758
f 689 723 690
f 683 643 657
f 740 624 584
f 689 715 759
f 573 655 578
f 715 618 759
f 525 524 671
f 756 744 743
f 694 745 760
f 734 669 668
f 731 723 722
f 659 727 660
f 749 669 755
f 735 614 534
f 730 606 608
f 488 529 528
f 649 605 721
f 550 705 761
f 758 650 741
f 642 644 729
f 624 740 522
f 731 722 762
f 560 627 525
f 730 608 679
f 596 592 597
f 654 601 615
f 548 727 549
f 568 571 602
f 745 744 669
f 565 676 563
f 664 490 716
f 668 667 732
f 717 690 723
f 597 697 696
f 706 602 580
f 631 757 625
f 758 506 650
f 604 721 605
f 742 749 755
f 755 669 744
f 678 668 732
f 706 670 602
f 731 762 732
f 724 723 759
f 680 750 656
f 686 687 716
f 528 527 485
f 734 745 669
f 751 762 701
f 762 722 692
f 678 608 607
f 686 758 682
f 751 728 762
f 727 738 753
f 732 679 678
f 702 734 678
f 731 667 717
f 732 762 728
f 701 725 751
f 505 720 736
f 751 725 729
f 498 485 527
f 491 520 590
f 552 498 553
f 749 742 718
f 493 710 494
f 544 724 759
f 724 512 722
f 520 519 637
f 547 676 565
f 764 754 589
f 588 746 589
f 658 532 487
f 527 529 553
f 526 631 625
f 760 745 734
f 627 544 759
f 734 702 760
f 715 693 618
f 684 643 683
f 550 503 628
f 535 587 603
f 551 592 591
f 560 510 545
f 562 709 704
f 495 704 709
f 648 695 697
f 490 489 507
f 675 567 733
f 616 617 698
f 510 560 497
f 735 534 533
f 765 766 767
f 768 769 767
f 767 769 765
f 767 766 770
f 767 770 768
f 772 773 774
f 775 776 777
f 778 779 780
f 781 782 783
f 784 785 786
f 787 788 789
f 790 791 792
f 793 794 795
f 796 797 798
f 799 800 798
f 801 802 803
f 804 805 806
f 782 781 807
f 808 809 810
f 811 812 813
f 787 789 814
f 815 816 785
f 817 818 819
f 820 821 822
f 823 824 825
f 826 827 828
f 829 830 831
f 832 833 834
f 835 836 837
f 838 839 840
f 841 842 843
f 844 845 797
f 846 847 848
f 817 849 850
f 851 852 853
f 854 855 856
f 857 858 859
f 860 861 862
f 828 863 864
f 865 866 867
f 868 869 870
f 871 872 873
f 874 875 876
f 872 870 877
f 878 879 880
f 882 883 858
f 884 811 885
f 886 887 888
f 889 890 891
f 892 893 894
f 895 896 897
f 898 899 900
f 849 901 902
f 903 780 904
f 773 905 839
f 906 907 908
f 909 892 910
f 911 855 864
f 820 912 913
f 818 907 882
f 910 914 915
f 916 917 803
f 807 811 813
f 918 919 808
f 920 921 922
f 923 924 925
f 926 927 928
f 833 929 930
f 883 931 858
f 791 790 932
f 843 847 841
f 905 933 934
f 785 816 935
f 936 937 938
f 780 939 778
f 940 939 919
f 941 942 943
f 944 945 946
f 947 933 888
f 949 829 831
f 950 851 854
f 944 951 945
f 782 952 953
f 943 954 955
f 810 956 957
f 958 833 959
f 957 897 810
f 960 961 962
f 963 964 965
f 790 966 967
f 968 969 970
f 890 821 820
f 971 972 973
f 974 975 976
f 977 978 979
f 780 779 980
f 933 981 934
f 984 985 952
f 986 987 924
f 905 773 988
f 989 990 991
f 979 815 912
f 819 857 817
f 976 975 992
f 977 939 940
f 926 993 994
f 971 949 993
f 995 996 997
f 999 1000 777
f 1001 863 828
f 1002 1003 1004
f 882 907 1005
f 1005 907 936
f 863 1006 1007
f 997 1008 995
f 1009 1010 830
f 892 1011 910
f 808 1013 1014
f 1015 1016 1011
f 1017 1018 1019
f 831 993 949
f 1020 953 952
f 869 868 1006
f 1021 867 878
f 1011 1016 1022
f 914 959 915
f 918 808 810
f 888 933 905
f 878 880 1020
f 1023 920 922
f 1005 883 882
f 1024 805 804
f 1025 1026 1027
f 911 868 1028
f 851 853 864
f 1029 1030 1031
f 1023 1032 1033
f 946 1034 944
f 1013 903 904
f 786 1035 872
f 781 811 807
f 1026 1036 1037
f 799 792 791
f 852 787 814
f 784 891 913
f 908 907 818
f 993 926 971
f 1038 948 1039
f 932 790 967
f 1040 1041 1042
f 1043 1044 1002
f 838 800 1002
f 1019 887 1017
f 1045 1046 1047
f 937 936 907
f 1048 1040 1042
f 790 1049 966
f 1041 1050 1051
f 986 1039 948
f 1052 1053 1054
f 1051 1050 1055
f 1047 1042 1056
f 806 881 969
f 1057 1058 1059
f 870 872 868
f 1010 1060 1061
f 1025 1062 1063
f 815 785 784
f 1055 1064 1001
f 1065 861 998
f 1066 1062 1067
f 1068 892 1069
f 839 1070 840
f 1042 1041 1056
f 1045 1047 1056
f 1071 1047 1046
f 1072 1073 1037
f 1061 1011 892
f 858 1074 793
f 1075 1076 1077
f 1078 990 989
f 1011 1061 1015
f 1079 1080 854
f 868 872 1028
f 1081 1080 999
f 848 1042 846
f 1082 1083 1084
f 1084 1083 1085
f 1023 1086 920
f 1024 975 805
f 1087 1088 1089
f 1087 1089 1090
f 1034 946 1091
f 834 833 930
f 1040 1036 1092
f 1087 1064 1066
f 1067 1062 1093
f 1033 1032 867
f 1055 1050 1066
f 845 1094 1049
f 1095 1089 1096
f 827 1046 828
f 879 878 866
f 1097 823 825
f 1032 1023 951
f 923 929 1098
f 812 811 884
f 1016 1099 1022
f 1100 1098 929
f 1017 1101 1102
f 1103 816 895
f 933 1104 1105
f 1106 1107 1108
f 911 1006 868
f 1109 947 1019
f 1110 1003 1002
f 1111 1112 1113
f 878 1020 985
f 962 1114 862
f 1115 1116 928
f 784 913 912
f 864 1117 851
f 1024 1118 938
f 1014 802 801
f 1119 1120 1054
f 1104 1121 1122
f 952 985 1020
f 923 925 1123
f 1061 892 1068
f 956 1097 1124
f 1059 1125 1015
f 1111 1126 1127
f 861 1065 960
f 984 813 1128
f 864 826 828
f 924 923 1098
f 985 984 1021
f 1129 1113 1112
f 1130 1131 917
f 1102 1101 1132
f 1087 1066 1067
f 964 1133 965
f 1104 1122 1105
f 840 1070 796
f 1072 1036 1040
f 810 940 919
f 1134 1135 1136
f 1107 1137 1138
f 1139 1027 1140
f 1062 1027 1093
f 953 1141 782
f 825 1124 1097
f 823 1097 1142
f 821 845 822
f 826 864 853
f 776 775 842
f 913 890 820
f 934 981 1143
f 777 1000 775
f 939 977 778
f 1081 777 1144
f 841 776 842
f 1014 990 1145
f 816 896 895
f 1146 1144 788
f 788 787 1146
f 896 816 815
f 854 851 1117
f 1147 1148 988
f 1075 1077 1149
f 1022 1099 1031
f 1138 1150 980
f 925 892 1151
f 1013 919 939
f 970 861 1152
f 780 903 939
f 1153 879 866
f 846 1071 814
f 1154 1155 869
f 961 960 1133
f 853 852 827
f 1028 935 911
f 959 1043 1004
f 891 890 913
f 941 825 824
f 1094 821 890
f 789 841 847
f 1156 1104 933
f 815 784 912
f 1157 1079 854
f 1158 1159 1160
f 859 793 795
f 829 1102 1132
f 1161 1162 1136
f 1161 917 916
f 1057 1060 1010
f 864 863 1007
f 1119 901 1078
f 847 846 789
f 1021 1128 1033
f 894 893 1163
f 893 834 1163
f 1165 1166 1167
f 885 963 965
f 822 1106 820
f 1063 1050 1092
f 983 994 831
f 810 896 940
f 1033 1128 1086
f 1168 1158 795
f 835 848 1169
f 959 1044 1043
f 943 897 957
f 825 943 957
f 839 838 1170
f 1078 901 849
f 1172 966 889
f 1171 920 1086
f 975 1024 992
f 1173 840 798
f 825 941 943
f 927 1174 928
f 942 1157 856
f 871 786 1175
f 925 1151 1176
f 901 1054 1053
f 1018 1017 1102
f 815 978 896
f 930 1123 834
f 1177 881 1178
f 1014 991 990
f 1058 1057 772
f 1179 974 1178
f 790 797 1049
f 798 792 799
f 1180 1154 869
f 1143 1181 934
f 830 1182 983
f 1117 855 854
f 1144 777 776
f 898 1183 1161
f 857 1184 817
f 836 1073 1048
f 1181 1185 1138
f 1103 897 1186
f 904 1120 991
f 1101 1148 1147
f 1103 895 897
f 894 1176 1151
f 1187 877 870
f 948 987 986
f 803 802 916
f 1188 949 973
f 978 977 896
f 1189 813 812
f 1092 1025 1063
f 1006 1095 1180
f 962 861 960
f 1146 1081 1144
f 1190 1141 1168
f 906 976 992
f 898 1161 899
f 1141 1159 1168
f 1191 824 823
f 977 779 778
f 990 1078 900
f 991 1120 989
f 1080 950 854
f 1073 1072 1048
f 883 1192 931
f 1070 1137 796
f 1029 1016 1125
f 1139 1129 1112
f 1193 1020 880
f 796 798 840
f 1194 800 799
f 1118 1024 804
f 937 992 1024
f 861 860 1152
f 800 838 1173
f 772 1147 988
f 1127 1195 1112
f 876 1131 1130
f 783 1196 781
f 963 885 811
f 973 949 971
f 1006 1180 869
f 1161 802 899
f 1189 1171 1086
f 1077 1080 1079
f 1044 1170 1002
f 848 835 837
f 974 1179 975
f 903 1013 939
f 862 861 962
f 909 915 1197
f 1198 1109 1188
f 1119 1078 989
f 812 1171 1189
f 1132 1101 1199
f 979 1108 779
f 891 784 786
f 858 819 882
f 1145 990 1200
f 817 1184 1183
f 953 1193 1159
f 1198 1188 973
f 1176 894 1163
f 897 896 810
f 1120 1119 989
f 1202 956 875
f 957 956 1124
f 1133 964 1203
f 1152 860 936
f 1004 958 959
f 777 1081 999
f 1183 1184 1204
f 1166 1165 917
f 859 1205 857
f 968 804 806
f 1204 1184 1206
f 1005 860 1207
f 1207 883 1005
f 883 1207 1114
f 1192 883 1114
f 1114 962 1192
f 1071 852 814
f 1178 1208 1177
f 859 1158 1205
f 1151 892 894
f 1206 1184 857
f 1171 921 920
f 900 1078 849
f 1080 1077 1076
f 947 888 1019
f 1203 964 1209
f 928 1116 926
f 929 958 1100
f 992 907 906
f 888 887 1019
f 1162 1183 1204
f 865 1032 951
f 855 911 1186
f 969 968 806
f 1180 1095 1154
f 774 1210 1058
f 1211 963 1212
f 1150 1213 980
f 1041 1040 1092
f 1214 849 902
f 900 1200 990
f 908 902 906
f 1042 1047 846
f 1215 1116 1115
f 991 1014 1013
f 805 975 1179
f 1123 930 923
f 951 944 865
f 1142 1097 1202
f 838 1002 1170
f 917 1161 1166
f 872 871 1175
f 1052 1120 1213
f 1216 1217 1218
f 1161 1183 1162
f 1004 1043 1002
f 1214 908 818
f 1074 858 931
f 1136 1166 1161
f 1219 1108 979
f 820 1106 1219
f 1168 1220 1190
f 944 1153 865
f 1108 1107 1138
f 1190 1220 1221
f 1222 1217 1216
f 1009 1199 772
f 1220 794 1211
f 1211 794 964
f 866 878 867
f 1058 772 774
f 964 794 1209
f 1209 1223 1203
f 1056 1085 1045
f 1162 1206 1136
f 1162 1204 1206
f 914 1044 959
f 1212 811 1196
f 1074 1224 793
f 1092 1050 1041
f 1035 1028 872
f 1223 1209 1224
f 910 1022 914
f 1225 1224 1074
f 1225 1223 1224
f 1225 1192 961
f 1139 1093 1027
f 807 952 782
f 1030 773 1170
f 1226 1121 1104
f 861 1201 998
f 1019 1018 1109
f 1145 1200 899
f 1227 1202 875
f 1206 1205 1136
f 776 841 788
f 841 789 788
f 1223 1225 961
f 1221 1196 1190
f 992 937 907
f 1074 931 1225
f 961 1133 1223
f 1164 1091 946
f 795 1220 1168
f 1187 870 1155
f 1152 936 938
f 794 1224 1209
f 1215 1198 972
f 1158 1168 1159
f 1220 1211 1221
f 772 1057 1009
f 779 977 979
f 1133 1203 1223
f 830 983 831
f 931 1192 1225
f 1222 1136 1205
f 1045 1085 1083
f 1222 1216 1134
f 1210 1029 1125
f 822 844 1106
f 1224 794 793
f 809 956 810
f 935 1186 911
f 786 871 891
f 1141 953 1159
f 852 1071 827
f 1079 942 1149
f 797 845 1049
f 1030 1210 773
f 1195 1228 1112
f 1132 830 829
f 795 1158 859
f 902 976 906
f 1101 1147 1199
f 947 1229 933
f 875 1131 876
f 1029 1099 1016
f 1227 1230 1142
f 1130 917 1165
f 984 952 807
f 1198 947 1109
f 1231 771 1201
f 972 971 1116
f 974 976 1232
f 959 1197 915
f 1069 1182 1068
f 1199 1009 1132
f 953 1020 1193
f 1128 1021 984
f 949 1188 829
f 917 875 803
f 1094 966 1049
f 994 983 927
f 940 896 977
f 1160 1218 1158
f 799 791 1194
f 857 1205 1206
f 938 937 1024
f 1205 1217 1222
f 1046 827 1071
f 785 1035 786
f 1010 1009 1057
f 1001 1082 1055
f 1012 1177 1233
f 844 1234 1106
f 834 1123 1163
f 863 1090 1006
f 1217 1205 1158
f 1213 904 980
f 792 798 797
f 1044 1031 1030
f 1083 828 1046
f 991 1013 904
f 1163 1123 1176
f 1071 846 1047
f 838 840 1173
f 1219 912 820
f 1105 976 1053
f 1061 1060 1015
f 873 1172 871
f 1089 1006 1090
f 1025 1092 1036
f 788 1144 776
f 1028 785 935
f 911 864 1007
f 1217 1158 1218
f 1083 1001 828
f 987 925 924
f 1149 1077 1079
f 908 1214 902
f 1170 773 839
f 1109 1018 1188
f 1010 1068 830
f 1145 802 1014
f 893 832 834
f 897 954 1186
f 1094 890 889
f 1014 801 809
f 978 815 979
f 899 802 1145
f 970 1152 1118
f 837 1042 848
f 1094 845 821
f 1220 795 794
f 1234 1107 1106
f 1137 1234 796
f 1101 887 886
f 824 1191 1149
f 1086 1023 1033
f 943 856 954
f 1116 1215 972
f 1037 1036 1072
f 847 843 1169
f 847 1169 848
f 1076 1000 999
f 875 956 809
f 779 1138 980
f 1167 1166 1135
f 787 852 1146
f 963 811 1212
f 950 1146 852
f 927 926 994
f 877 873 872
f 790 792 797
f 772 988 773
f 1084 1051 1055
f 1141 1190 783
f 881 805 1179
f 1175 786 872
f 867 1032 865
f 957 1124 825
f 1135 1134 1167
f 1221 1211 1212
f 1068 1010 1061
f 1063 1062 1066
f 1147 772 1199
f 1183 849 817
f 1148 1101 886
f 1133 885 965
f 1105 1053 981
f 1222 1134 1136
f 988 1148 905
f 818 850 1214
f 789 846 814
f 904 780 980
f 930 929 923
f 926 1116 971
f 860 1005 936
f 809 808 1014
f 1125 1059 1210
f 897 943 955
f 1208 1178 974
f 956 1202 1097
f 1211 964 963
f 771 970 969
f 1006 911 1007
f 947 1198 1215
f 904 1213 1120
f 803 875 801
f 1185 1213 1150
f 951 922 945
f 1235 836 835
f 1029 1031 1099
f 1083 1082 1001
f 909 1197 832
f 1236 1237 1208
f 1226 1104 1238
f 1208 1237 1177
f 1238 1239 1226
f 1239 1238 1240
f 1121 1237 1236
f 981 933 1105
f 1237 1233 1177
f 1226 1241 1237
f 1058 1210 1059
f 1241 1226 1239
f 1240 1174 1239
f 1174 1115 928
f 822 845 844
f 1208 974 1232
f 1232 1236 1208
f 1233 1243 1012
f 1237 1244 1233
f 1237 1241 1245
f 1127 1112 1111
f 1240 1229 1115
f 1115 1174 1240
f 1238 1156 1240
f 1244 1243 1233
f 1245 1244 1237
f 1244 1245 1246
f 1241 1174 1245
f 1232 976 1122
f 1236 1232 1122
f 1121 1226 1237
f 1174 1241 1239
f 1242 1243 1244
f 1246 1242 1244
f 1246 927 1242
f 1026 1025 1036
f 1245 1174 1246
f 1246 1174 927
f 801 875 809
f 1231 861 970
f 1003 1110 1194
f 1046 1045 1083
f 954 856 855
f 849 898 900
f 942 824 1149
f 1053 976 902
f 858 857 819
f 889 966 1094
f 1030 1029 1210
f 1087 1090 1064
f 1169 1235 835
f 1095 1006 1089
f 1185 1150 1138
f 1104 1156 1238
f 1142 1202 1227
f 827 826 853
f 1110 800 1194
f 1040 1048 1072
f 934 1181 1070
f 961 1192 962
f 1102 829 1018
f 950 1080 1146
f 849 1214 850
f 1140 1027 1026
f 955 954 897
f 1054 1120 1052
f 1131 875 917
f 1114 1207 862
f 1053 902 901
f 837 1048 1042
f 1185 1052 1213
f 1186 954 855
f 1002 800 1110
f 1139 1112 1228
f 919 1013 808
f 1065 1133 960
f 1177 1012 881
f 1164 945 921
f 918 810 919
f 1115 1229 1215
f 1118 804 968
f 1140 1129 1139
f 1127 1228 1195
f 1052 1185 1181
f 1234 1137 1107
f 912 1219 979
f 1125 1016 1015
f 798 800 1173
f 997 1039 1008
f 881 771 969
f 1229 947 1215
f 871 1172 891
f 900 899 1200
f 1108 1219 1106
f 844 797 796
f 805 881 806
f 854 856 1157
f 856 943 942
f 1093 1088 1067
f 1037 1247 1140
f 1229 1156 933
f 1210 774 773
f 832 1197 833
f 1183 898 849
f 1015 1060 1059
f 1063 1066 1050
f 1039 986 1008
f 855 1117 864
f 1070 1181 1137
f 1052 1143 981
f 852 851 950
f 1178 881 1179
f 1140 1026 1037
f 1048 837 836
f 1197 959 833
f 802 1161 916
f 1229 1240 1156
f 915 909 910
f 1001 1090 863
f 999 1080 1076
f 1123 925 1176
f 1034 1153 944
f 1136 1135 1166
f 1059 1060 1057
f 1138 1137 1181
f 1118 1152 938
f 970 1118 968
f 1234 844 796
f 1170 1044 1030
f 1108 1138 779
f 818 817 850
f 1055 1082 1084
f 1056 1051 1085
f 946 945 1164
f 831 994 993
f 942 941 824
f 1105 1122 976
f 1182 830 1068
f 922 951 1023
f 914 1031 1044
f 811 781 1196
f 882 819 818
f 1143 1052 1181
f 958 929 833
f 1207 860 862
f 1055 1066 1064
f 1009 830 1132
f 1122 1121 1236
f 1201 861 1231
f 866 865 1153
f 1081 1146 1080
f 1070 839 905
f 924 1008 986
f 1035 785 1028
f 905 1148 886
f 1031 914 1022
f 1193 1160 1159
f 1093 1139 1228
f 782 1141 783
f 1101 1017 887
f 1086 1128 1189
f 1196 1221 1212
f 1027 1062 1025
f 867 1021 1033
f 1022 910 1011
f 771 1231 970
f 1103 1186 816
f 888 905 886
f 1088 1087 1067
f 1089 1088 1096
f 905 934 1070
f 1227 875 874
f 1188 1018 829
f 922 921 945
f 1230 1227 874
f 1037 1073 1247
f 892 909 893
f 1155 870 869
f 832 893 909
f 1051 1084 1085
f 1196 783 1190
f 1064 1090 1001
f 813 984 807
f 891 1172 889
f 1021 878 985
f 858 793 859
f 1051 1056 1041
f 972 1198 973
f 1053 1052 981
f 813 1189 1128
f 816 1186 935
f 892 925 982
f 942 1079 1157
f 1054 901 1119
f 1248 1249 1250
f 1251 1252 1253
f 1254 1255 1256
f 1257 1258 1259
f 1260 1252 1261
f 1262 1263 1264
f 1265 1257 1266
f 1267 1268 1269
f 1270 1271 1272
f 1273 1274 1275
f 1276 1277 1278
f 1279 1280 1281
f 1282 1283 1284
f 1285 1286 1287
f 1288 1289 1290
f 1291 1292 1293
f 1294 1295 1296
f 1297 1298 1291
f 1299 1300 1285
f 1301 1302 1303
f 1304 1305 1306
f 1306 1307 1304
f 1308 1303 1302
f 1309 1310 1311
f 1312 1285 1300
f 1256 1283 1282
f 1306 1266 1307
f 1282 1313 1256
f 1286 1285 1314
f 1315 1316 1317
f 1318 1278 1277
f 1319 1320 1258
f 1321 1322 1323
f 1324 1325 1326
f 1253 1327 1328
f 1329 1330 1321
f 1331 1332 1333
f 1273 1276 1278
f 1334 1298 1335
f 1297 1328 1327
f 1336 1337 1333
f 1338 1339 1340
f 1341 1342 1343
f 1344 1345 1346
f 1308 1347 1348
f 1349 1350 1347
f 1351 1352 1353
f 1354 1355 1291
f 1356 1357 1265
f 1358 1359 1294
f 1360 1361 1349
f 1362 1305 1363
f 1300 1299 1364
f 1365 1366 1367
f 1295 1368 1311
f 1369 1370 1352
f 1371 1370 1372
f 1373 1374 1375
f 1294 1359 1295
f 1376 1341 1377
f 1261 1378 1379
f 1380 1381 1382
f 1383 1384 1385
f 1383 1386 1387
f 1277 1373 1318
f 1251 1378 1261
f 1386 1388 1389
f 1264 1379 1390
f 1391 1392 1291
f 1305 1393 1306
f 1394 1345 1344
f 1370 1369 1395
f 1393 1266 1306
f 1396 1397 1398
f 1387 1399 1400
f 1401 1282 1324
f 1402 1271 1270
f 1403 1250 1404
f 1401 1268 1267
f 1382 1405 1380
f 1406 1407 1284
f 1408 1409 1410
f 1411 1412 1413
f 1398 1397 1259
f 1414 1392 1391
f 1268 1408 1410
f 1415 1351 1416
f 1286 1417 1287
f 1418 1366 1419
f 1322 1374 1323
f 1258 1257 1420
f 1396 1421 1397
f 1422 1423 1339
f 1424 1425 1364
f 1365 1426 1336
f 1427 1421 1428
f 1265 1429 1257
f 1395 1369 1430
f 1376 1255 1254
f 1431 1367 1418
f 1405 1432 1433
f 1434 1288 1290
f 1435 1395 1262
f 1276 1433 1329
f 1421 1396 1436
f 1424 1437 1287
f 1342 1412 1343
f 1276 1323 1277
f 1312 1314 1285
f 1438 1423 1422
f 1439 1380 1275
f 1425 1319 1364
f 1278 1290 1289
f 1379 1264 1263
f 1393 1305 1362
f 1376 1254 1345
f 1255 1376 1377
f 1367 1426 1365
f 1274 1273 1278
f 1440 1441 1337
f 1271 1441 1272
f 1331 1333 1337
f 1442 1423 1439
f 1443 1423 1442
f 1443 1317 1316
f 1428 1421 1436
f 1402 1438 1422
f 1444 1324 1326
f 1445 1387 1400
f 1444 1409 1408
f 1268 1384 1269
f 1446 1271 1402
f 1443 1316 1339
f 1401 1267 1282
f 1398 1320 1425
f 1272 1441 1440
f 1402 1422 1446
f 1446 1422 1339
f 1284 1407 1325
f 1317 1447 1315
f 1256 1420 1429
f 1339 1338 1446
f 1436 1340 1316
f 1259 1307 1257
f 1436 1316 1315
f 1259 1397 1307
f 1333 1365 1336
f 1316 1340 1339
f 1269 1445 1400
f 1315 1428 1436
f 1406 1284 1448
f 1431 1424 1449
f 1450 1336 1426
f 1440 1337 1451
f 1336 1451 1337
f 1321 1323 1329
f 1367 1449 1452
f 1418 1419 1398
f 1357 1356 1453
f 1273 1275 1380
f 1446 1454 1271
f 1320 1398 1259
f 1258 1320 1259
f 1338 1331 1446
f 1418 1398 1431
f 1443 1442 1455
f 1433 1276 1273
f 1446 1331 1454
f 1408 1268 1401
f 1452 1449 1424
f 1456 1344 1313
f 1313 1282 1456
f 1407 1406 1457
f 1443 1339 1423
f 1290 1318 1434
f 1452 1424 1287
f 1280 1279 1394
f 1319 1425 1320
f 1458 1383 1385
f 1417 1451 1450
f 1255 1258 1420
f 1266 1393 1265
f 1256 1255 1420
f 1429 1265 1448
f 1344 1280 1394
f 1265 1357 1448
f 1393 1362 1265
f 1382 1459 1405
f 1346 1313 1344
f 1431 1398 1425
f 1324 1444 1401
f 1367 1366 1418
f 1399 1344 1400
f 1269 1456 1282
f 1400 1456 1269
f 1338 1332 1331
f 1389 1387 1386
f 1429 1448 1283
f 1269 1384 1445
f 1277 1374 1373
f 1436 1396 1419
f 1343 1300 1364
f 1439 1423 1438
f 1313 1346 1256
f 1341 1376 1342
f 1409 1458 1385
f 1419 1340 1436
f 1279 1281 1413
f 1281 1411 1413
f 1282 1284 1324
f 1410 1409 1385
f 1357 1406 1448
f 1410 1385 1384
f 1345 1342 1376
f 1341 1343 1377
f 1325 1407 1457
f 1317 1443 1455
f 1361 1350 1349
f 1460 1248 1461
f 1406 1357 1457
f 1292 1291 1392
f 1249 1370 1371
f 1334 1462 1298
f 1332 1366 1365
f 1419 1338 1340
f 1461 1403 1347
f 1463 1464 1465
f 1466 1467 1463
f 1434 1463 1465
f 1467 1468 1463
f 1464 1469 1465
f 1470 1466 1463
f 1468 1467 1471
f 1470 1463 1434
f 1465 1469 1434
f 1466 1470 1375
f 1470 1434 1373
f 1464 1463 1468
f 1288 1434 1469
f 1373 1375 1470
f 1472 1288 1469
f 1434 1318 1373
f 1473 1474 1475
f 1254 1256 1346
f 1476 1477 1478
f 1479 1480 1481
f 1482 1483 1484
f 1485 1486 1487
f 1488 1253 1252
f 1475 1489 1473
f 1490 1479 1481
f 1491 1492 1493
f 1494 1495 1496
f 1497 1498 1499
f 1500 1501 1502
f 1501 1500 1473
f 1474 1502 1503
f 1504 1505 1506
f 1507 1483 1508
f 1509 1475 1474
f 1372 1510 1371
f 1511 1360 1476
f 1512 1513 1514
f 1455 1515 1490
f 1478 1477 1516
f 1517 1518 1480
f 1502 1501 1354
f 1516 1513 1499
f 1519 1288 1482
f 1510 1491 1477
f 1505 1520 1447
f 1504 1497 1520
f 1468 1471 1521
f 1485 1493 1509
f 1480 1479 1522
f 1523 1485 1509
f 1524 1512 1525
f 1486 1526 1487
f 1514 1494 1496
f 1513 1516 1526
f 1509 1493 1475
f 1361 1518 1527
f 1485 1487 1493
f 1516 1498 1478
f 1474 1473 1500
f 1487 1477 1491
f 1485 1528 1486
f 1523 1509 1503
f 1525 1512 1514
f 1528 1529 1530
f 1479 1531 1484
f 1502 1474 1500
f 1510 1532 1491
f 1371 1510 1404
f 1522 1517 1480
f 1533 1486 1528
f 1533 1530 1494
f 1530 1533 1528
f 1315 1447 1534
f 1472 1508 1482
f 1487 1526 1477
f 1474 1503 1509
f 1372 1532 1510
f 1511 1497 1360
f 1513 1526 1533
f 1505 1481 1506
f 1516 1477 1526
f 1523 1528 1485
f 1533 1494 1514
f 1513 1533 1514
f 1404 1510 1477
f 1498 1516 1499
f 1499 1513 1512
f 1492 1491 1532
f 1523 1529 1528
f 1484 1522 1479
f 1504 1506 1497
f 1535 1529 1523
f 1498 1476 1478
f 1514 1536 1525
f 1536 1514 1496
f 1499 1512 1524
f 1511 1498 1497
f 1503 1535 1523
f 1511 1476 1498
f 1536 1427 1525
f 1520 1499 1524
f 1497 1499 1520
f 1525 1427 1534
f 1525 1534 1524
f 1519 1484 1531
f 1361 1527 1507
f 1524 1534 1520
f 1526 1486 1533
f 1360 1497 1506
f 1518 1517 1527
f 1534 1427 1315
f 1483 1522 1484
f 1360 1506 1518
f 1447 1520 1534
f 1493 1487 1491
f 1360 1518 1361
f 1506 1481 1518
f 1520 1505 1504
f 1518 1481 1480
f 1505 1447 1490
f 1483 1517 1522
f 1490 1481 1505
f 1327 1253 1537
f 1455 1490 1447
f 1274 1278 1538
f 1517 1507 1527
f 1361 1507 1508
f 1275 1515 1455
f 1517 1483 1507
f 1274 1515 1275
f 1515 1479 1490
f 1515 1274 1538
f 1515 1531 1479
f 1508 1483 1482
f 1508 1472 1539
f 1515 1538 1531
f 1531 1538 1289
f 1472 1482 1288
f 1519 1482 1484
f 1519 1531 1289
f 1278 1289 1538
f 1288 1519 1289
f 1503 1502 1540
f 1541 1542 1543
f 1544 1541 1543
f 1541 1545 1530
f 1529 1546 1530
f 1547 1548 1543
f 1545 1495 1494
f 1548 1305 1543
f 1535 1549 1546
f 1550 1551 1540
f 1535 1503 1540
f 1536 1496 1495
f 1542 1551 1547
f 1529 1535 1546
f 1546 1549 1541
f 1530 1546 1541
f 1551 1542 1549
f 1549 1542 1541
f 1551 1550 1552
f 1495 1553 1536
f 1502 1550 1540
f 1536 1553 1427
f 1547 1363 1548
f 1554 1545 1541
f 1261 1252 1251
f 1543 1542 1547
f 1551 1549 1535
f 1545 1494 1530
f 1540 1551 1535
f 1555 1305 1304
f 1260 1261 1379
f 1554 1541 1544
f 1305 1544 1543
f 1545 1554 1555
f 1544 1305 1554
f 1555 1554 1305
f 1551 1552 1547
f 1556 1547 1552
f 1545 1557 1495
f 1555 1557 1545
f 1547 1556 1363
f 1397 1557 1555
f 1555 1304 1397
f 1305 1548 1363
f 1557 1553 1495
f 1397 1421 1557
f 1557 1421 1553
f 1421 1427 1553
f 1410 1384 1268
f 1489 1378 1558
f 1559 1560 1561
f 1562 1563 1564
f 1565 1566 1559
f 1567 1568 1569
f 1568 1414 1569
f 1561 1457 1570
f 1571 1566 1565
f 1568 1572 1573
f 1433 1330 1329
f 1570 1457 1357
f 1383 1458 1574
f 1405 1433 1380
f 1353 1248 1460
f 1345 1254 1346
f 1433 1273 1380
f 1298 1309 1335
f 1278 1318 1290
f 1349 1404 1477
f 1456 1400 1344
f 1567 1571 1565
f 1401 1444 1408
f 1432 1405 1459
f 1566 1575 1563
f 1349 1476 1360
f 1328 1297 1576
f 1560 1563 1562
f 1577 1472 1469
f 1568 1567 1570
f 1472 1577 1539
f 1576 1297 1291
f 1563 1560 1559
f 1353 1249 1248
f 1371 1250 1249
f 1250 1371 1404
f 1537 1358 1294
f 1578 1579 1580
f 1451 1581 1440
f 1429 1283 1256
f 1582 1565 1559
f 1583 1584 1314
f 1579 1585 1586
f 1380 1439 1587
f 1251 1253 1328
f 1586 1588 1589
f 1298 1297 1309
f 1378 1590 1558
f 1591 1581 1592
f 1323 1374 1277
f 1593 1591 1272
f 1594 1595 1596
f 1597 1598 1599
f 1600 1601 1602
f 1603 1604 1605
f 1272 1606 1598
f 1570 1582 1561
f 1607 1608 1609
f 1610 1589 1611
f 1609 1417 1286
f 1598 1612 1599
f 1252 1260 1488
f 1581 1591 1593
f 1599 1438 1597
f 1294 1327 1537
f 1355 1590 1576
f 1611 1606 1591
f 1592 1608 1613
f 1450 1451 1336
f 1586 1585 1588
f 1612 1589 1588
f 1577 1469 1464
f 1428 1315 1427
f 1402 1270 1597
f 1270 1272 1598
f 1521 1539 1577
f 1592 1613 1614
f 1387 1384 1383
f 1381 1587 1578
f 1334 1615 1566
f 1454 1331 1441
f 1381 1616 1382
f 1617 1618 1619
f 1348 1350 1539
f 1275 1455 1442
f 1604 1620 1605
f 1619 1621 1617
f 1581 1608 1592
f 1622 1411 1623
f 1606 1611 1612
f 1624 1617 1621
f 1438 1599 1625
f 1588 1585 1612
f 1593 1440 1581
f 1578 1580 1381
f 1311 1296 1295
f 1600 1626 1627
f 1251 1590 1378
f 1610 1614 1618
f 1449 1367 1431
f 1584 1286 1314
f 1281 1280 1628
f 1612 1598 1606
f 1629 1539 1521
f 1621 1630 1631
f 1382 1616 1459
f 1583 1626 1607
f 1581 1451 1608
f 1611 1592 1614
f 1314 1312 1632
f 1464 1521 1577
f 1270 1598 1597
f 1585 1579 1599
f 1633 1634 1635
f 1613 1608 1630
f 1619 1614 1613
f 1585 1599 1612
f 1636 1637 1638
f 1603 1631 1630
f 1440 1593 1272
f 1604 1603 1630
f 1607 1630 1608
f 1604 1607 1620
f 1630 1607 1604
f 1631 1603 1605
f 1584 1607 1609
f 1623 1639 1622
f 1620 1607 1626
f 1571 1567 1569
f 1606 1272 1591
f 1622 1627 1632
f 1347 1308 1302
f 1640 1641 1642
f 1597 1438 1402
f 1386 1383 1574
f 1429 1420 1257
f 1310 1309 1297
f 1325 1324 1284
f 1347 1403 1349
f 1628 1280 1399
f 1419 1396 1398
f 1399 1389 1628
f 1293 1354 1291
f 1453 1570 1357
f 1414 1462 1569
f 1572 1568 1570
f 1414 1568 1573
f 1309 1643 1335
f 1391 1462 1414
f 1291 1298 1391
f 1644 1645 1646
f 1615 1334 1335
f 1609 1286 1584
f 1311 1294 1296
f 1335 1643 1647
f 1355 1576 1291
f 1521 1308 1629
f 1251 1576 1590
f 1563 1647 1564
f 1575 1335 1647
f 1563 1575 1647
f 1335 1575 1615
f 1615 1575 1566
f 1621 1619 1613
f 1559 1566 1563
f 1353 1416 1351
f 1583 1632 1627
f 1327 1294 1311
f 1334 1566 1571
f 1457 1561 1648
f 1334 1571 1462
f 1561 1582 1559
f 1352 1249 1353
f 1355 1354 1501
f 1380 1587 1381
f 1280 1344 1399
f 1301 1303 1649
f 1462 1571 1569
f 1582 1567 1565
f 1567 1582 1570
f 1572 1570 1453
f 1350 1348 1347
f 1631 1595 1594
f 1307 1266 1257
f 1419 1332 1338
f 1384 1387 1445
f 1368 1643 1309
f 1630 1621 1613
f 1631 1605 1595
f 1404 1349 1403
f 1650 1293 1292
f 1293 1650 1354
f 1651 1652 1653
f 1654 1655 1656
f 1653 1654 1651
f 1657 1654 1653
f 1558 1590 1473
f 1392 1657 1292
f 1392 1655 1657
f 1292 1657 1653
f 1392 1573 1655
f 1572 1656 1573
f 1657 1655 1654
f 1573 1392 1414
f 1656 1655 1573
f 1539 1350 1508
f 1650 1292 1653
f 1473 1590 1355
f 1572 1453 1656
f 1457 1648 1325
f 1297 1327 1310
f 1309 1311 1368
f 1279 1345 1394
f 1424 1364 1299
f 1658 1645 1638
f 1634 1605 1620
f 1659 1601 1627
f 1323 1276 1329
f 1354 1550 1502
f 1634 1595 1605
f 1328 1576 1251
f 1501 1473 1355
f 1262 1395 1430
f 1462 1391 1298
f 1439 1625 1587
f 1629 1348 1539
f 1639 1660 1661
f 1662 1620 1626
f 1367 1452 1426
f 1583 1607 1584
f 1595 1634 1663
f 1366 1332 1419
f 1287 1417 1450
f 1389 1388 1628
f 1662 1664 1620
f 1412 1300 1343
f 1377 1343 1319
f 1665 1649 1303
f 1620 1664 1635
f 1311 1310 1327
f 1612 1611 1589
f 1508 1350 1361
f 1255 1377 1258
f 1620 1635 1634
f 1596 1663 1666
f 1645 1644 1636
f 1624 1631 1594
f 1599 1579 1578
f 1611 1591 1592
f 1281 1623 1411
f 1600 1662 1626
f 1596 1595 1663
f 1664 1662 1635
f 1583 1314 1632
f 1283 1448 1284
f 1403 1461 1248
f 1599 1578 1625
f 1475 1390 1489
f 1475 1667 1390
f 1412 1342 1413
f 1435 1372 1395
f 1668 1663 1633
f 1476 1349 1477
f 1435 1262 1667
f 1627 1626 1583
f 1662 1600 1635
f 1666 1663 1668
f 1451 1417 1609
f 1390 1667 1264
f 1632 1312 1411
f 1611 1614 1610
f 1635 1600 1669
f 1521 1464 1468
f 1637 1666 1668
f 1492 1532 1670
f 1441 1271 1454
f 1388 1386 1671
f 1633 1638 1668
f 1670 1667 1492
f 1475 1493 1667
f 1638 1633 1642
f 1627 1622 1639
f 1668 1638 1637
f 1264 1667 1262
f 1489 1390 1378
f 1493 1492 1667
f 1352 1370 1249
f 1435 1667 1372
f 1669 1640 1642
f 1667 1670 1372
f 1282 1267 1269
f 1532 1372 1670
f 1395 1372 1370
f 1424 1431 1425
f 1378 1390 1379
f 1602 1672 1640
f 1411 1622 1632
f 1451 1609 1608
f 1627 1601 1600
f 1669 1600 1602
f 1426 1452 1450
f 1672 1673 1640
f 1248 1250 1403
f 1659 1674 1675
f 1641 1658 1642
f 1437 1424 1299
f 1639 1659 1627
f 1388 1660 1628
f 1676 1661 1677
f 1601 1672 1602
f 1558 1473 1489
f 1642 1633 1635
f 1645 1636 1638
f 1300 1412 1312
f 1671 1660 1388
f 1642 1635 1669
f 1669 1602 1640
f 1625 1578 1587
f 1674 1659 1661
f 1660 1639 1623
f 1673 1641 1640
f 1674 1661 1676
f 1556 1678 1652
f 1412 1411 1312
f 1650 1653 1679
f 1652 1363 1556
f 1680 1453 1356
f 1679 1653 1678
f 1552 1550 1354
f 1389 1399 1387
f 1601 1659 1672
f 1678 1653 1652
f 1678 1552 1679
f 1354 1650 1552
f 1654 1656 1453
f 1660 1677 1661
f 1362 1652 1681
f 1556 1552 1678
f 1681 1651 1680
f 1681 1680 1362
f 1362 1356 1265
f 1680 1651 1654
f 1614 1619 1618
f 1455 1447 1317
f 1441 1331 1337
f 1362 1680 1356
f 1671 1677 1660
f 1552 1650 1679
f 1303 1308 1665
f 1681 1652 1651
f 1304 1307 1397
f 1342 1279 1413
f 1680 1654 1453
f 1363 1652 1362
f 1308 1348 1629
f 1639 1661 1659
f 1319 1258 1377
f 1682 1308 1521
f 1623 1281 1628
f 1438 1625 1439
f 1660 1623 1628
f 1665 1308 1682
f 1442 1439 1275
f 1624 1621 1631
f 1343 1364 1319
f 1450 1452 1287
f 1638 1642 1658
f 1663 1634 1633
f 1365 1333 1332
f 1342 1345 1279
f 1285 1287 1437
f 1299 1285 1437
f 1682 1521 1471
f 1675 1672 1659
f 1683 1684 1685
f 1686 1687 1688
f 1692 1693 1694
f 1695 1691 1690
f 1686 1696 1697
f 1698 1695 1699
f 1700 1701 1702
f 1703 1704 1705
f 1700 1707 1708
f 1709 1710 1711
f 1712 1701 1700
f 1700 1708 1713
f 1688 1714 1686
f 1715 1716 1717
f 1718 1719 1707
f 1713 1708 1716
f 1716 1708 1720
f 1690 1683 1714
f 1714 1683 1686
f 1707 1702 1718
f 1721 1709 1711
f 1722 1694 1723
f 1705 1690 1703
f 1721 1724 1709
f 1720 1723 1726
f 1683 1685 1727
f 1728 1729 1711
f 1709 1730 1710
f 1696 1686 1683
f 1710 1728 1711
f 1730 1718 1702
f 1685 1712 1697
f 1723 1720 1722
f 1683 1697 1696
f 1719 1718 1724
f 1690 1705 1695
f 1724 1721 1731
f 1697 1712 1700
f 1694 1722 1719
f 1687 1697 1700
f 1725 1715 1717
f 1699 1705 1704
f 1707 1700 1702
f 1717 1720 1726
f 1720 1708 1722
f 1719 1722 1708
f 1730 1709 1718
f 1732 1715 1704
f 1724 1718 1709
f 1689 1683 1690
f 1716 1720 1717
f 1721 1711 1729
f 1703 1732 1704
f 1719 1708 1707
f 1713 1687 1700
f 1723 1693 1726
f 1694 1693 1723
f 1716 1715 1732
f 1687 1713 1732
f 1697 1687 1686
f 1713 1716 1732
f 1697 1683 1727
f 1715 1725 1704
f 1733 1734 1692
f 1689 1684 1683
f 1690 1714 1688
f 1725 1699 1704
f 1692 1694 1733
f 1703 1688 1732
f 1694 1719 1733
f 1688 1703 1690
f 1731 1734 1733
f 1719 1724 1733
f 1699 1695 1705
f 1685 1697 1727
f 1695 1706 1691
f 1687 1732 1688
f 1706 1695 1698
f 1733 1724 1731
f 1731 1721 1734
f 1737 1736 1738
f 1736 1735 1738
f 1740 1741 1739
f 1738 1741 1737
f 1739 1741 1738
f 1742 1743 1744
f 1745 1746 1747
f 1748 1749 1750
f 1751 1752 1753
f 1754 1755 1756
f 1757 1758 1759
f 1760 1743 1761
f 1762 1749 1748
f 1763 1764 1765
f 1766 1767 1768
f 1769 1770 1771
f 1772 1773 1774
f 1775 1776 1755
f 1777 1778 1779
f 1780 1781 1768
f 1782 1763 1779
f 1783 1743 1784
f 1785 1786 1787
f 1788 1789 1790
f 1791 1792 1793
f 1794 1757 1795
f 1796 1797 1798
f 1797 1796 1774
f 1773 1799 1800
f 1742 1744 1801
f 1802 1803 1792
f 1793 1792 1804
f 1800 1805 1773
f 1806 1807 1808
f 1746 1790 1809
f 1745 1810 1811
f 1812 1813 1814
f 1814 1815 1816
f 1817 1753 1788
f 1818 1819 1820
f 1821 1822 1823
f 1811 1810 1824
f 1825 1826 1827
f 1797 1828 1756
f 1753 1752 1758
f 1807 1806 1798
f 1829 1830 1819
f 1831 1832 1833
f 1834 1835 1836
f 1837 1834 1836
f 1745 1747 1835
f 1838 1839 1840
f 1841 1794 1842
f 1789 1803 1809
f 1843 1844 1832
f 1845 1760 1761
f 1846 1847 1805
f 1848 1788 1849
f 1850 1834 1749
f 1851 1797 1756
f 1822 1852 1746
f 1848 1789 1788
f 1849 1853 1848
f 1854 1819 1830
f 1807 1851 1855
f 1743 1760 1744
f 1856 1857 1837
f 1857 1858 1750
f 1752 1859 1850
f 1784 1860 1861
f 1841 1753 1758
f 1744 1862 1801
f 1837 1836 1856
f 1769 1853 1863
f 1864 1865 1866
f 1867 1868 1869
f 1759 1814 1813
f 1870 1843 1832
f 1871 1802 1792
f 1848 1769 1803
f 1756 1828 1872
f 1820 1854 1873
f 1874 1818 1875
f 1876 1763 1877
f 1878 1854 1879
f 1880 1834 1850
f 1850 1762 1752
f 1873 1866 1786
f 1881 1882 1883
f 1842 1753 1841
f 1869 1884 1867
f 1772 1808 1786
f 1815 1762 1816
f 1868 1867 1839
f 1810 1835 1880
f 1871 1822 1802
f 1840 1867 1846
f 1747 1827 1835
f 1824 1810 1859
f 1881 1748 1750
f 1751 1790 1824
f 1774 1773 1828
f 1801 1885 1742
f 1798 1797 1851
f 1886 1863 1887
f 1772 1774 1796
f 1852 1822 1821
f 1860 1784 1743
f 1825 1821 1826
f 1817 1788 1790
f 1862 1879 1801
f 1743 1783 1761
f 1805 1847 1828
f 1857 1750 1834
f 1809 1802 1746
f 1823 1822 1871
f 1756 1855 1851
f 1882 1888 1883
f 1872 1762 1748
f 1836 1827 1826
f 1816 1889 1814
f 1793 1771 1870
f 1854 1878 1864
f 1857 1890 1858
f 1891 1765 1764
f 1752 1762 1815
f 1776 1775 1876
f 1859 1880 1850
f 1892 1829 1778
f 1893 1785 1787
f 1769 1863 1770
f 1824 1859 1751
f 1877 1755 1776
f 1777 1892 1778
f 1816 1894 1889
f 1832 1844 1833
f 1862 1744 1760
f 1790 1789 1809
f 1894 1846 1884
f 1852 1747 1746
f 1799 1785 1895
f 1860 1830 1896
f 1798 1806 1796
f 1829 1892 1896
f 1748 1754 1756
f 1894 1816 1847
f 1856 1897 1857
f 1867 1840 1839
f 1855 1877 1875
f 1760 1845 1862
f 1858 1882 1750
f 1799 1773 1786
f 1837 1857 1834
f 1767 1780 1768
f 1796 1806 1898
f 1860 1743 1742
f 1808 1772 1898
f 1764 1763 1782
f 1857 1897 1890
f 1753 1842 1849
f 1812 1889 1869
f 1870 1791 1793
f 1829 1899 1778
f 1841 1757 1794
f 1761 1783 1845
f 1842 1794 1849
f 1802 1822 1746
f 1807 1818 1808
f 1887 1853 1849
f 1786 1820 1873
f 1803 1789 1848
f 1878 1865 1864
f 1859 1810 1880
f 1814 1889 1812
f 1899 1764 1782
f 1769 1848 1853
f 1879 1854 1885
f 1855 1756 1755
f 1894 1847 1846
f 1882 1881 1750
f 1770 1863 1886
f 1846 1895 1840
f 1895 1846 1800
f 1885 1854 1900
f 1758 1814 1759
f 1900 1742 1885
f 1860 1742 1900
f 1754 1775 1755
f 1755 1877 1855
f 1850 1749 1762
f 1804 1792 1803
f 1828 1797 1774
f 1814 1758 1815
f 1820 1819 1854
f 1901 1874 1875
f 1793 1804 1771
f 1775 1754 1883
f 1746 1811 1790
f 1834 1880 1835
f 1834 1750 1749
f 1778 1899 1782
f 1885 1801 1879
f 1877 1776 1876
f 1901 1877 1765
f 1860 1900 1830
f 1861 1860 1896
f 1875 1807 1855
f 1779 1778 1782
f 1762 1872 1816
f 1756 1872 1748
f 1902 1888 1882
f 1817 1790 1751
f 1783 1780 1845
f 1851 1807 1798
f 1877 1763 1765
f 1867 1884 1846
f 1843 1870 1771
f 1882 1858 1902
f 1825 1852 1821
f 1795 1849 1794
f 1754 1881 1883
f 1802 1809 1803
f 1881 1754 1748
f 1886 1844 1843
f 1843 1771 1770
f 1849 1788 1753
f 1887 1849 1903
f 1752 1815 1758
f 1884 1889 1894
f 1890 1902 1858
f 1765 1891 1901
f 1763 1876 1779
f 1772 1796 1898
f 1853 1887 1863
f 1841 1758 1757
f 1827 1836 1835
f 1847 1816 1872
f 1886 1843 1770
f 1804 1769 1771
f 1828 1773 1805
f 1769 1804 1803
f 1781 1780 1783
f 1840 1895 1838
f 1805 1800 1846
f 1811 1824 1790
f 1747 1825 1827
f 1866 1787 1786
f 1900 1854 1830
f 1893 1838 1895
f 1866 1865 1787
f 1785 1893 1895
f 1811 1746 1745
f 1785 1799 1786
f 1751 1753 1817
f 1800 1799 1895
f 1903 1849 1795
f 1866 1873 1864
f 1901 1875 1877
f 1873 1854 1864
f 1786 1773 1772
f 1819 1874 1829
f 1808 1820 1786
f 1808 1818 1820
f 1847 1872 1828
f 1808 1898 1806
f 1745 1835 1810
f 1818 1874 1819
f 1818 1807 1875
f 1884 1869 1889
f 1874 1891 1829
f 1764 1899 1891
f 1752 1751 1859
f 1830 1829 1896
f 1825 1747 1852
f 1891 1874 1901
f 1899 1829 1891
f 1904 1905 1906
f 1907 1908 1909
f 1910 1911 1912
f 1913 1914 1915
f 1916 1917 1918
f 1919 1920 1921
f 1922 1923 1924
f 1925 1926 1927
f 1928 1929 1930
f 1931 1913 1932
f 1933 1934 1935
f 1936 1937 1938
f 1939 1940 1941
f 1942 1943 1944
f 1928 1913 1945
f 1946 1947 1938
f 1948 1935 1949
f 1920 1940 1915
f 1942 1944 1950
f 1951 1952 1953
f 1907 1954 1955
f 1955 1956 1907
f 1943 1957 1958
f 1914 1931 1959
f 1928 1960 1929
f 1961 1949 1962
f 1921 1915 1914
f 1917 1963 1951
f 1930 1932 1913
f 1953 1964 1951
f 1961 1962 1918
f 1917 1964 1918
f 1937 1949 1946
f 1932 1965 1963
f 1966 1947 1934
f 1923 1967 1968
f 1963 1965 1969
f 1921 1922 1919
f 1959 1931 1917
f 1960 1928 1945
f 1916 1959 1917
f 1958 1944 1943
f 1970 1927 1971
f 1964 1972 1948
f 1959 1923 1922
f 1916 1973 1923
f 1957 1952 1974
f 1959 1916 1923
f 1916 1918 1962
f 1904 1975 1966
f 1967 1973 1976
f 1977 1976 1978
f 1952 1957 1953
f 1966 1905 1904
f 1936 1949 1937
f 1921 1959 1922
f 1965 1979 1980
f 1958 1957 1981
f 1979 1929 1926
f 1932 1929 1979
f 1941 1982 1912
f 1977 1908 1976
f 1983 1934 1933
f 1956 1967 1907
f 1908 1977 1909
f 1964 1953 1972
f 1941 1920 1984
f 1967 1923 1973
f 1905 1966 1983
f 1985 1911 1910
f 1956 1955 1986
f 1930 1929 1932
f 1987 1988 1980
f 1920 1919 1984
f 1918 1964 1961
f 1915 1921 1920
f 1931 1932 1963
f 1986 1989 1984
f 1926 1925 1979
f 1967 1908 1907
f 1927 1926 1971
f 1930 1913 1928
f 1926 1929 1971
f 1976 1908 1967
f 1982 1910 1912
f 1948 1961 1964
f 1953 1957 1972
f 1925 1987 1980
f 1968 1967 1956
f 1924 1968 1956
f 1964 1917 1951
f 1922 1924 1919
f 1952 1988 1990
f 1980 1952 1965
f 1924 1923 1968
f 1952 1969 1965
f 1948 1949 1961
f 1956 1986 1924
f 1973 1936 1976
f 1939 1945 1940
f 1989 1941 1984
f 1917 1931 1963
f 1914 1959 1921
f 1979 1965 1932
f 1957 1943 1972
f 1949 1934 1946
f 1989 1991 1910
f 1988 1952 1980
f 1913 1931 1914
f 1952 1992 1974
f 1938 1937 1946
f 1975 1904 1906
f 1973 1962 1936
f 1989 1910 1941
f 1936 1962 1949
f 1934 1947 1946
f 1979 1925 1980
f 1935 1934 1949
f 1941 1940 1920
f 1952 1951 1969
f 1982 1941 1910
f 1913 1915 1940
f 1981 1974 1992
f 1969 1951 1963
f 1974 1981 1957
f 1912 1939 1941
f 1978 1976 1936
f 1966 1934 1983
f 1985 1910 1991
f 1924 1986 1919
f 1940 1945 1913
f 1952 1990 1992
f 1919 1986 1984
f 1973 1916 1962
f 1993 1994 1995
f 1996 1997 1998
f 1999 1993 1995
f 2000 2001 1996
f 2002 2003 2004
f 2005 2006 2007
f 2001 1997 1996
f 2008 2009 2010
f 1998 2011 2012
f 2013 2014 2015
f 2016 2017 2018
f 2019 2020 2021
f 2022 2023 2024
f 2025 2026 2027
f 2026 2025 2028
f 2029 2030 2031
f 2032 2020 2011
f 2033 2030 2034
f 2013 2035 2014
f 2036 2018 2037
f 2038 2014 2039
f 2040 2041 2042
f 2017 2043 2037
f 2044 2016 2045
f 2046 2047 2048
f 2049 2050 2051
f 2051 2052 2053
f 2047 2046 2054
f 2055 2056 2057
f 2056 2055 2002
f 2052 2058 2053
f 2035 2039 2014
f 2044 2059 2060
f 2062 2063 2064
f 1997 2047 2054
f 1996 2065 2000
f 2066 2067 2068
f 2048 2069 2070
f 2001 2071 2047
f 2035 2013 2072
f 2073 2074 2075
f 2058 2076 2024
f 2058 2077 2053
f 2064 2078 2079
f 2080 2050 2081
f 2082 2017 2016
f 2083 2068 2019
f 2025 2027 2084
f 2064 2063 2081
f 2050 2085 2086
f 2087 2011 2020
f 2014 2088 2015
f 2000 2065 2010
f 2089 2058 2023
f 1998 2090 1996
f 2091 2051 2053
f 2092 2093 1994
f 2094 2034 2088
f 2009 2095 2096
f 2097 1999 2055
f 2069 2098 1995
f 2015 2099 2013
f 2090 2012 2061
f 2097 1993 1999
f 2075 2074 2009
f 1997 2032 1998
f 1994 1993 2100
f 2068 2007 2019
f 2082 2101 2017
f 2102 2093 2092
f 2051 2103 2052
f 2059 2044 2104
f 2070 1995 1994
f 2042 2041 2062
f 2098 2010 2074
f 2092 1994 2100
f 2105 2103 2086
f 2097 2055 2057
f 2030 2033 2106
f 2042 2064 2079
f 2084 2027 2107
f 2097 2101 2108
f 2043 2097 2057
f 2017 2101 2043
f 2045 2104 2044
f 2109 2110 2111
f 2112 2091 2053
f 1993 2108 2100
f 2090 1998 2012
f 2043 2036 2037
f 2059 2028 2086
f 2072 2084 2039
f 2050 2086 2113
f 2030 2106 2031
f 2094 2088 2114
f 2016 2060 2115
f 2014 2038 2114
f 2085 2059 2086
f 2105 2028 2025
f 2097 2043 2101
f 2116 2117 2118
f 2070 2069 1995
f 2023 2022 2117
f 2082 2115 2080
f 2081 2063 2119
f 2120 2032 2054
f 2121 2119 2092
f 2122 2119 2062
f 2122 2102 2119
f 2056 2036 2057
f 2061 2095 2008
f 2107 2123 2039
f 2119 2063 2062
f 2122 2062 2041
f 2039 2123 2038
f 2117 2124 2118
f 2058 2089 2077
f 2060 2016 2044
f 2125 2041 2040
f 2126 2040 2127
f 2021 2020 2032
f 2122 2041 2128
f 2011 1998 2032
f 2049 2051 2091
f 2085 2115 2059
f 1999 1995 2098
f 2101 2100 2108
f 2020 2007 2087
f 2125 2040 2126
f 2128 2041 2125
f 2099 2110 2118
f 2007 2020 2019
f 2015 2088 2034
f 2102 2122 2093
f 2125 2129 2128
f 2042 2062 2064
f 2005 2007 2067
f 2124 2117 2072
f 2093 2122 2128
f 2129 2125 2126
f 2028 2130 2131
f 2117 2116 2132
f 2034 2094 2033
f 2121 2080 2081
f 2098 2074 1999
f 2010 2065 2008
f 2006 2012 2011
f 2059 2104 2130
f 2034 2111 2099
f 2049 2078 2081
f 2103 2022 2076
f 2121 2081 2119
f 2091 2078 2049
f 2004 2003 2133
f 2087 2007 2006
f 2105 2086 2028
f 2092 2119 2102
f 2025 2103 2105
f 2099 2118 2124
f 2074 2010 2009
f 2052 2103 2076
f 2111 2110 2099
f 2053 2077 2134
f 2081 2078 2064
f 2113 2135 2051
f 2025 2084 2022
f 2076 2058 2052
f 2099 2124 2013
f 2045 2016 2018
f 2007 2068 2067
f 2058 2024 2023
f 2091 2079 2078
f 2100 2101 2082
f 2079 2091 2112
f 2035 2072 2039
f 2082 2016 2115
f 2099 2015 2034
f 2011 2087 2006
f 2136 2031 2137
f 2135 2113 2086
f 2109 2030 2029
f 2109 2034 2030
f 2065 1996 2090
f 2103 2135 2086
f 2115 2085 2080
f 2080 2085 2050
f 2098 2069 2071
f 1997 2001 2047
f 2131 2026 2028
f 2008 2090 2061
f 2010 2098 2000
f 2115 2060 2059
f 2116 2118 2132
f 2080 2121 2100
f 2090 2008 2065
f 2025 2022 2103
f 2029 2031 2136
f 2088 2014 2114
f 2055 1999 2073
f 2037 2018 2017
f 2032 1997 2054
f 2032 2120 2021
f 2080 2100 2082
f 2135 2103 2051
f 2081 2050 2049
f 2034 2109 2111
f 2004 2056 2002
f 2117 2022 2072
f 2073 2002 2055
f 2074 2073 1999
f 2084 2072 2022
f 2001 2000 2071
f 2009 2008 2095
f 2021 2083 2019
f 2069 2048 2047
f 2134 2112 2053
f 2132 2023 2117
f 2096 2075 2009
f 2013 2124 2072
f 2098 2071 2000
f 2071 2069 2047
f 2084 2107 2039
f 2076 2022 2024
f 2108 1993 2097
f 2051 2050 2113
f 2023 2132 2089
f 2121 2092 2100
f 2036 2043 2057
f 2059 2130 2028
f 2138 2139 2140
f 2141 2142 2143
f 2144 2145 2146
f 2147 2148 2149
f 2150 2151 2143
f 2152 2153 2154
f 2155 2156 2157
f 2150 2158 2159
f 2160 2139 2138
f 2161 2162 2163
f 2159 2164 2165
f 2164 2159 2166
f 2167 2168 2169
f 2170 2171 2172
f 2138 2140 2173
f 2154 2174 2175
f 2176 2177 2178
f 2179 2180 2181
f 2182 2183 2184
f 2185 2186 2187
f 2188 2189 2190
f 2191 2192 2193
f 2140 2139 2194
f 2195 2196 2160
f 2197 2198 2183
f 2199 2200 2201
f 2166 2160 2202
f 2170 2144 2203
f 2204 2141 2147
f 2205 2206 2145
f 2205 2170 2207
f 2208 2209 2199
f 2198 2197 2204
f 2210 2211 2212
f 2157 2200 2213
f 2142 2150 2143
f 2214 2215 2216
f 2217 2218 2219
f 2206 2205 2220
f 2204 2197 2141
f 2221 2187 2186
f 2222 2223 2224
f 2225 2172 2171
f 2226 2227 2228
f 2229 2230 2215
f 2231 2232 2233
f 2176 2234 2177
f 2235 2236 2219
f 2237 2238 2239
f 2224 2240 2222
f 2241 2180 2179
f 2242 2243 2244
f 2158 2160 2159
f 2245 2177 2246
f 2192 2247 2221
f 2248 2249 2193
f 2219 2218 2235
f 2250 2251 2149
f 2252 2189 2253
f 2254 2255 2236
f 2148 2256 2149
f 2212 2257 2227
f 2258 2255 2259
f 2149 2256 2260
f 2261 2209 2262
f 2205 2145 2170
f 2263 2242 2264
f 2191 2265 2266
f 2246 2267 2245
f 2268 2269 2270
f 2213 2206 2271
f 2232 2272 2233
f 2273 2221 2247
f 2186 2153 2221
f 2231 2243 2232
f 2207 2172 2274
f 2163 2275 2161
f 2265 2148 2276
f 2277 2148 2265
f 2263 2278 2243
f 2241 2251 2270
f 2239 2279 2237
f 2173 2140 2280
f 2155 2213 2271
f 2160 2194 2139
f 2152 2281 2282
f 2248 2283 2249
f 2284 2272 2285
f 2255 2254 2226
f 2276 2148 2147
f 2286 2138 2173
f 2287 2275 2203
f 2229 2288 2190
f 2219 2281 2217
f 2268 2250 2283
f 2263 2289 2278
f 2290 2245 2167
f 2270 2291 2180
f 2210 2226 2254
f 2149 2251 2147
f 2292 2287 2144
f 2293 2220 2207
f 2144 2146 2294
f 2255 2258 2236
f 2273 2187 2221
f 2203 2163 2295
f 2236 2201 2219
f 2270 2251 2250
f 2179 2181 2264
f 2269 2296 2270
f 2293 2297 2220
f 2245 2267 2167
f 2230 2298 2299
f 2165 2150 2159
f 2300 2181 2301
f 2181 2180 2291
f 2256 2148 2277
f 2206 2261 2262
f 2264 2181 2300
f 2302 2303 2304
f 2259 2305 2262
f 2297 2155 2220
f 2236 2208 2201
f 2232 2306 2272
f 2304 2303 2307
f 2274 2172 2225
f 2308 2183 2198
f 2173 2280 2286
f 2278 2306 2232
f 2301 2303 2302
f 2298 2229 2190
f 2212 2227 2226
f 2227 2146 2259
f 2186 2185 2214
f 2300 2301 2302
f 2272 2309 2285
f 2310 2146 2227
f 2276 2151 2265
f 2238 2311 2312
f 2222 2240 2313
f 2203 2144 2287
f 2314 2203 2295
f 2293 2315 2297
f 2307 2156 2304
f 2316 2281 2317
f 2160 2196 2194
f 2177 2245 2178
f 2248 2318 2319
f 2291 2301 2181
f 2283 2248 2268
f 2153 2318 2193
f 2174 2230 2320
f 2213 2209 2261
f 2298 2190 2189
f 2235 2321 2210
f 2242 2263 2243
f 2289 2263 2264
f 2207 2274 2322
f 2151 2150 2165
f 2178 2245 2290
f 2272 2306 2322
f 2307 2269 2323
f 2269 2268 2248
f 2217 2281 2316
f 2155 2324 2156
f 2302 2311 2325
f 2309 2272 2322
f 2288 2214 2185
f 2222 2234 2223
f 2216 2186 2214
f 2160 2158 2195
f 2241 2326 2308
f 2177 2313 2327
f 2317 2281 2152
f 2318 2153 2152
f 2145 2144 2170
f 2156 2307 2328
f 2198 2241 2308
f 2159 2160 2166
f 2157 2156 2200
f 2217 2316 2329
f 2300 2330 2331
f 2292 2275 2287
f 2270 2250 2268
f 2301 2291 2296
f 2260 2256 2277
f 2213 2155 2157
f 2168 2167 2267
f 2318 2248 2193
f 2237 2332 2311
f 2323 2269 2319
f 2174 2320 2175
f 2327 2308 2326
f 2203 2275 2163
f 2305 2146 2145
f 2179 2244 2333
f 2249 2283 2277
f 2247 2334 2273
f 2229 2298 2230
f 2292 2335 2275
f 2206 2213 2261
f 2234 2176 2336
f 2337 2262 2209
f 2306 2330 2325
f 2284 2169 2233
f 2215 2154 2216
f 2169 2231 2233
f 2153 2186 2216
f 2278 2232 2243
f 2267 2338 2168
f 2207 2322 2306
f 2336 2290 2284
f 2267 2246 2333
f 2330 2289 2331
f 2152 2319 2318
f 2174 2215 2230
f 2271 2220 2155
f 2249 2277 2191
f 2276 2143 2151
f 2247 2192 2266
f 2311 2238 2237
f 2171 2170 2203
f 2338 2231 2169
f 2223 2234 2336
f 2141 2276 2147
f 2154 2175 2339
f 2325 2330 2300
f 2294 2292 2144
f 2321 2211 2210
f 2138 2202 2160
f 2259 2146 2305
f 2337 2258 2259
f 2266 2340 2247
f 2183 2182 2197
f 2269 2303 2296
f 2300 2331 2264
f 2233 2272 2284
f 2209 2208 2337
f 2244 2338 2333
f 2329 2218 2217
f 2200 2199 2213
f 2189 2252 2298
f 2341 2151 2165
f 2333 2326 2179
f 2201 2328 2282
f 2158 2150 2142
f 2277 2283 2260
f 2226 2210 2212
f 2155 2297 2324
f 2332 2237 2306
f 2279 2207 2306
f 2243 2338 2244
f 2154 2215 2174
f 2265 2191 2277
f 2246 2326 2333
f 2284 2167 2169
f 2241 2198 2251
f 2206 2262 2145
f 2258 2208 2236
f 2269 2307 2303
f 2301 2296 2303
f 2305 2145 2262
f 2304 2315 2342
f 2325 2311 2332
f 2220 2271 2206
f 2198 2204 2147
f 2306 2325 2332
f 2306 2237 2279
f 2255 2226 2228
f 2290 2336 2178
f 2326 2246 2327
f 2311 2302 2312
f 2312 2302 2342
f 2262 2337 2259
f 2238 2315 2239
f 2209 2213 2199
f 2242 2179 2264
f 2283 2250 2260
f 2153 2192 2221
f 2170 2172 2207
f 2193 2249 2191
f 2227 2259 2228
f 2167 2284 2290
f 2154 2317 2152
f 2319 2269 2248
f 2151 2341 2266
f 2314 2225 2171
f 2201 2208 2199
f 2328 2323 2282
f 2276 2141 2143
f 2191 2266 2192
f 2313 2183 2308
f 2177 2327 2246
f 2302 2325 2300
f 2342 2238 2312
f 2229 2214 2288
f 2228 2259 2255
f 2239 2293 2279
f 2328 2307 2323
f 2304 2342 2302
f 2147 2251 2198
f 2289 2330 2278
f 2309 2322 2274
f 2338 2243 2231
f 2234 2313 2177
f 2239 2315 2293
f 2235 2210 2254
f 2288 2188 2190
f 2296 2291 2270
f 2333 2338 2267
f 2222 2313 2234
f 2336 2176 2178
f 2306 2278 2330
f 2153 2216 2154
f 2326 2241 2179
f 2315 2238 2342
f 2212 2211 2257
f 2146 2310 2294
f 2327 2313 2308
f 2324 2304 2156
f 2298 2252 2299
f 2324 2315 2304
f 2200 2156 2328
f 2294 2310 2335
f 2315 2324 2297
f 2149 2260 2250
f 2171 2203 2314
f 2218 2321 2235
f 2341 2340 2266
f 2331 2289 2264
f 2281 2219 2201
f 2270 2180 2241
f 2229 2215 2214
f 2292 2294 2335
f 2193 2192 2153
f 2244 2179 2242
f 2266 2265 2151
f 2236 2235 2254
f 2208 2258 2337
f 2282 2281 2201
f 2183 2313 2240
f 2339 2317 2154
f 2205 2207 2220
f 2240 2184 2183
f 2338 2169 2168
f 2282 2323 2319
f 2341 2165 2164
f 2293 2207 2279
f 2328 2201 2200
f 2319 2152 2282
f 2343 2344 2345
f 2346 2347 2348
f 2349 2344 2350
f 2346 2348 2351
f 2352 2353 2354
f 2355 2349 2346
f 2356 2357 2358
f 2359 2357 2360
f 2344 2355 2345
f 2361 2362 2363
f 2364 2365 2366
f 2367 2368 2346
f 2353 2369 2370
f 2371 2372 2373
f 2374 2375 2376
f 2377 2378 2379
f 2380 2381 2382
f 2365 2375 2383
f 2374 2384 2385
f 2348 2386 2351
f 2343 2345 2387
f 2388 2389 2344
f 2388 2390 2389
f 2391 2392 2393
f 2394 2395 2396
f 2366 2383 2397
f 2369 2353 2352
f 2352 2389 2390
f 2398 2399 2400
f 2370 2369 2401
f 2402 2370 2403
f 2402 2404 2372
f 2343 2405 2344
f 2387 2406 2343
f 2407 2408 2409
f 2405 2384 2374
f 2390 2388 2410
f 2411 2350 2399
f 2412 2413 2414
f 2352 2415 2369
f 2400 2416 2417
f 2346 2368 2347
f 2344 2405 2388
f 2383 2418 2397
f 2417 2354 2363
f 2419 2399 2350
f 2420 2396 2380
f 2389 2421 2344
f 2422 2346 2423
f 2383 2375 2385
f 2412 2417 2424
f 2419 2416 2399
f 2398 2347 2368
f 2398 2425 2414
f 2378 2392 2426
f 2379 2422 2423
f 2357 2359 2380
f 2393 2392 2427
f 2423 2428 2379
f 2403 2370 2401
f 2345 2378 2426
f 2416 2354 2417
f 2359 2429 2381
f 2430 2361 2353
f 2424 2362 2431
f 2358 2380 2395
f 2432 2372 2371
f 2410 2415 2390
f 2428 2429 2360
f 2368 2399 2398
f 2429 2386 2433
f 2363 2362 2417
f 2387 2345 2426
f 2425 2398 2400
f 2350 2434 2419
f 2392 2378 2427
f 2356 2393 2427
f 2429 2359 2360
f 2375 2365 2435
f 2374 2385 2375
f 2436 2356 2427
f 2373 2372 2404
f 2376 2375 2435
f 2361 2430 2437
f 2407 2409 2395
f 2355 2422 2345
f 2379 2360 2436
f 2401 2369 2415
f 2434 2350 2344
f 2435 2410 2376
f 2427 2377 2436
f 2422 2355 2346
f 2380 2382 2420
f 2378 2377 2427
f 2362 2424 2417
f 2372 2430 2402
f 2417 2412 2400
f 2346 2351 2423
f 2364 2403 2401
f 2400 2412 2425
f 2344 2349 2355
f 2411 2399 2368
f 2389 2352 2421
f 2391 2395 2409
f 2408 2407 2438
f 2434 2352 2419
f 2362 2439 2431
f 2373 2404 2440
f 2395 2394 2407
f 2358 2393 2356
f 2430 2370 2402
f 2441 2424 2431
f 2361 2439 2362
f 2383 2366 2365
f 2354 2361 2363
f 2416 2419 2354
f 2413 2442 2348
f 2413 2347 2414
f 2347 2413 2348
f 2406 2405 2343
f 2378 2422 2379
f 2376 2405 2374
f 2424 2441 2413
f 2436 2377 2379
f 2361 2437 2439
f 2381 2380 2359
f 2437 2430 2432
f 2386 2423 2351
f 2434 2344 2421
f 2411 2367 2350
f 2358 2357 2380
f 2346 2349 2367
f 2431 2439 2441
f 2410 2405 2376
f 2388 2405 2410
f 2352 2354 2419
f 2433 2381 2429
f 2368 2367 2411
f 2347 2398 2414
f 2410 2435 2415
f 2348 2433 2386
f 2393 2358 2395
f 2428 2386 2429
f 2364 2401 2365
f 2365 2401 2415
f 2391 2393 2395
f 2386 2428 2423
f 2357 2436 2360
f 2395 2380 2396
f 2370 2430 2353
f 2356 2436 2357
f 2421 2352 2434
f 2360 2379 2428
f 2365 2415 2435
f 2442 2413 2441
f 2345 2422 2378
f 2414 2425 2412
f 2430 2372 2432
f 2415 2352 2390
f 2424 2413 2412
f 2406 2384 2405
f 2416 2400 2399
f 2350 2367 2349
f 2361 2354 2353
f 2443 2444 2445
f 2444 2446 2447
f 2448 2445 2447
f 2449 2446 2444
f 2445 2444 2447
f 2450 2451 2452
f 2453 2449 2454
f 2454 2444 2443
f 2455 2456 2457
f 2458 2459 2451
f 2460 2455 2457
f 2461 2462 2463
f 2461 2463 2464
f 2465 2466 2467
f 2465 2457 2456
f 2461 2465 2468
f 2457 2465 2467
f 2468 2469 2462
f 2470 2471 2450
f 2472 2464 2473
f 2474 2475 2472
f 2475 2460 2467
f 2464 2463 2476
f 2446 2476 2447
f 2458 2471 2459
f 2462 2477 2463
f 2465 2461 2466
f 2451 2450 2458
f 2474 2470 2475
f 2475 2450 2460
f 2461 2464 2466
f 2452 2460 2450
f 2450 2471 2458
f 2470 2450 2475
f 2460 2452 2455
f 2467 2460 2457
f 2474 2472 2473
f 2475 2466 2472
f 2444 2454 2449
f 2464 2472 2466
f 2462 2469 2477
f 2466 2475 2467
f 2447 2463 2448
f 2456 2468 2465
f 2469 2468 2456
f 2468 2462 2461
f 2447 2476 2463
f 2448 2463 2477
f 2478 2479 2480
f 2481 2482 2483
f 2484 2482 2485
f 2486 2483 2482
f 2487 2488 2479
f 2489 2490 2491
f 2492 2493 2494
f 2495 2486 2482
f 2494 2483 2496
f 2497 2487 2481
f 2498 2493 2492
f 2499 2500 2501
f 2502 2503 2498
f 2485 2504 2505
f 2479 2488 2506
f 2482 2507 2495
f 2481 2487 2508
f 2481 2505 2504
f 2498 2509 2493
f 2506 2510 2479
f 2509 2498 2503
f 2501 2511 2512
f 2478 2508 2487
f 2487 2479 2478
f 2513 2514 2515
f 2516 2517 2518
f 2497 2494 2493
f 2508 2478 2519
f 2519 2520 2485
f 2521 2489 2522
f 2479 2521 2522
f 2508 2505 2481
f 2480 2489 2519
f 2521 2479 2510
f 2523 2524 2516
f 2520 2525 2484
f 2507 2482 2484
f 2478 2480 2519
f 2519 2526 2520
f 2523 2518 2510
f 2520 2526 2527
f 2491 2528 2489
f 2519 2489 2526
f 2529 2530 2524
f 2520 2527 2525
f 2526 2528 2527
f 2528 2526 2489
f 2494 2497 2483
f 2496 2492 2494
f 2531 2532 2533
f 2515 2534 2513
f 2512 2517 2535
f 2536 2521 2518
f 2516 2530 2537
f 2527 2528 2538
f 2535 2517 2537
f 2517 2536 2518
f 2534 2539 2540
f 2541 2513 2534
f 2489 2521 2536
f 2521 2510 2518
f 2519 2485 2505
f 2490 2489 2541
f 2512 2535 2501
f 2542 2543 2544
f 2541 2534 2545
f 2540 2490 2545
f 2500 2511 2501
f 2537 2517 2516
f 2518 2523 2516
f 2540 2545 2534
f 2487 2546 2488
f 2483 2497 2481
f 2542 2544 2547
f 2486 2495 2548
f 2533 2532 2549
f 2542 2499 2543
f 2513 2511 2514
f 2493 2531 2497
f 2550 2542 2551
f 2552 2514 2500
f 2553 2515 2514
f 2554 2531 2493
f 2541 2489 2536
f 2493 2509 2554
f 2512 2513 2541
f 2511 2500 2514
f 2511 2513 2512
f 2539 2534 2515
f 2555 2550 2556
f 2491 2490 2538
f 2544 2529 2547
f 2535 2537 2530
f 2546 2549 2488
f 2480 2479 2522
f 2552 2500 2499
f 2533 2487 2497
f 2485 2520 2484
f 2492 2502 2498
f 2504 2485 2482
f 2528 2491 2538
f 2530 2499 2535
f 2546 2533 2549
f 2529 2544 2543
f 2543 2530 2529
f 2499 2542 2550
f 2550 2552 2499
f 2531 2533 2497
f 2490 2541 2545
f 2487 2533 2546
f 2502 2492 2496
f 2504 2482 2481
f 2550 2551 2556
f 2541 2536 2517
f 2499 2530 2543
f 2480 2522 2489
f 2524 2530 2516
f 2541 2517 2512
f 2539 2515 2553
f 2557 2553 2514
f 2503 2502 2558
f 2550 2555 2557
f 2535 2499 2501
f 2552 2557 2514
f 2552 2550 2557
f 2505 2508 2519
f 2559 2560 2561
f 2562 2563 2564
f 2565 2566 2567
f 2568 2569 2570
f 2571 2572 2573
f 2560 2574 2561
f 2576 2577 2578
f 2579 2580 2581
f 2582 2561 2583
f 2584 2582 2585
f 2585 2586 2587
f 2588 2589 2580
f 2590 2591 2592
f 2593 2592 2594
f 2562 2595 2596
f 2597 2598 2599
f 2580 2579 2590
f 2600 2594 2601
f 2602 2603 2604
f 2560 2605 2574
f 2606 2607 2608
f 2609 2610 2611
f 2612 2613 2614
f 2615 2584 2585
f 2602 2576 2616
f 2607 2614 2613
f 2617 2614 2618
f 2614 2607 2615
f 2619 2611 2620
f 2614 2621 2618
f 2615 2607 2606
f 2587 2615 2585
f 2622 2623 2624
f 2595 2564 2625
f 2615 2626 2614
f 2627 2607 2616
f 2569 2628 2570
f 2629 2599 2598
f 2601 2629 2600
f 2626 2621 2614
f 2592 2591 2594
f 2569 2630 2631
f 2632 2624 2623
f 2616 2607 2613
f 2609 2619 2633
f 2626 2615 2587
f 2614 2617 2612
f 2610 2634 2620
f 2566 2579 2567
f 2635 2636 2637
f 2638 2639 2640
f 2641 2588 2642
f 2600 2629 2598
f 2576 2595 2627
f 2643 2589 2588
f 2627 2644 2608
f 2625 2627 2595
f 2624 2605 2622
f 2573 2572 2645
f 2630 2644 2646
f 2588 2641 2643
f 2647 2638 2629
f 2648 2599 2649
f 2637 2586 2585
f 2650 2620 2634
f 2578 2577 2596
f 2651 2652 2633
f 2619 2653 2633
f 2593 2597 2654
f 2594 2591 2601
f 2655 2573 2645
f 2574 2656 2635
f 2659 2648 2640
f 2610 2652 2634
f 2660 2619 2620
f 2661 2656 2574
f 2656 2636 2635
f 2653 2619 2662
f 2637 2583 2635
f 2563 2592 2654
f 2583 2574 2635
f 2604 2577 2576
f 2575 2663 2658
f 2664 2568 2559
f 2609 2652 2610
f 2663 2575 2655
f 2624 2632 2661
f 2609 2611 2619
f 2661 2574 2624
f 2577 2604 2634
f 2665 2631 2630
f 2634 2604 2603
f 2646 2625 2666
f 2585 2582 2637
f 2584 2561 2582
f 2566 2629 2601
f 2583 2637 2582
f 2640 2648 2649
f 2568 2667 2560
f 2647 2657 2663
f 2668 2666 2625
f 2649 2638 2640
f 2625 2564 2599
f 2616 2576 2627
f 2561 2574 2583
f 2586 2637 2636
f 2565 2647 2629
f 2598 2597 2600
f 2650 2634 2603
f 2591 2566 2601
f 2562 2564 2595
f 2596 2595 2578
f 2638 2649 2629
f 2669 2580 2670
f 2671 2562 2596
f 2639 2638 2672
f 2640 2639 2659
f 2648 2659 2625
f 2666 2630 2646
f 2571 2573 2575
f 2599 2629 2649
f 2607 2627 2608
f 2673 2674 2596
f 2569 2568 2664
f 2588 2669 2642
f 2669 2588 2580
f 2605 2560 2667
f 2619 2660 2662
f 2625 2646 2627
f 2633 2652 2609
f 2597 2593 2600
f 2605 2624 2574
f 2559 2608 2664
f 2675 2647 2663
f 2580 2590 2670
f 2630 2569 2644
f 2676 2677 2678
f 2676 2678 2679
f 2663 2657 2658
f 2590 2592 2670
f 2678 2653 2679
f 2604 2576 2602
f 2595 2576 2578
f 2596 2577 2673
f 2679 2653 2662
f 2673 2577 2651
f 2667 2570 2571
f 2594 2600 2593
f 2672 2655 2645
f 2655 2675 2663
f 2570 2628 2571
f 2592 2563 2670
f 2659 2639 2668
f 2606 2584 2615
f 2579 2591 2590
f 2599 2564 2597
f 2581 2682 2579
f 2660 2620 2683
f 2564 2563 2654
f 2597 2564 2654
f 2651 2577 2652
f 2638 2647 2675
f 2560 2559 2568
f 2671 2563 2562
f 2665 2639 2572
f 2625 2599 2648
f 2645 2639 2672
f 2674 2642 2596
f 2566 2565 2629
f 2620 2611 2610
f 2638 2675 2672
f 2592 2593 2654
f 2572 2571 2628
f 2644 2664 2608
f 2589 2680 2681
f 2608 2559 2606
f 2668 2639 2665
f 2631 2665 2572
f 2591 2579 2566
f 2570 2667 2568
f 2683 2620 2650
f 2631 2628 2569
f 2655 2672 2675
f 2682 2581 2681
f 2625 2659 2668
f 2569 2664 2644
f 2642 2669 2671
f 2652 2577 2634
f 2581 2589 2681
f 2665 2630 2666
f 2580 2589 2581
f 2602 2683 2603
f 2616 2613 2612
f 2642 2674 2684
f 2650 2603 2683
f 2641 2642 2684
f 2671 2669 2670
f 2561 2606 2559
f 2572 2628 2631
f 2573 2655 2575
f 2647 2565 2657
f 2563 2671 2670
f 2642 2671 2596
f 2644 2627 2646
f 2666 2668 2665
f 2572 2639 2645
f 2561 2584 2606
f 2685 2686 2687
f 2688 2689 2690
f 2691 2692 2693
f 2694 2695 2688
f 2696 2697 2698
f 2699 2700 2701
f 2702 2703 2694
f 2704 2705 2699
f 2706 2707 2708
f 2698 2709 2710
f 2711 2712 2713
f 2714 2715 2716
f 2717 2718 2719
f 2720 2721 2722
f 2704 2699 2723
f 2708 2707 2724
f 2725 2726 2727
f 2705 2704 2728
f 2725 2727 2701
f 2729 2730 2731
f 2732 2719 2733
f 2734 2735 2736
f 2737 2706 2708
f 2706 2735 2738
f 2708 2739 2737
f 2740 2741 2742
f 2743 2744 2745
f 2746 2747 2748
f 2735 2703 2738
f 2749 2750 2751
f 2752 2753 2754
f 2752 2755 2756
f 2757 2758 2759
f 2720 2722 2718
f 2760 2758 2761
f 2762 2763 2764
f 2711 2713 2765
f 2766 2767 2768
f 2769 2770 2771
f 2772 2773 2774
f 2775 2703 2702
f 2727 2726 2776
f 2728 2777 2778
f 2779 2780 2781
f 2710 2775 2702
f 2749 2697 2726
f 2689 2688 2695
f 2779 2778 2777
f 2721 2782 2722
f 2783 2716 2784
f 2698 2749 2785
f 2786 2748 2747
f 2706 2787 2707
f 2774 2773 2788
f 2690 2776 2726
f 2780 2789 2790
f 2736 2735 2737
f 2736 2737 2685
f 2791 2792 2793
f 2794 2795 2796
f 2797 2770 2686
f 2726 2696 2690
f 2798 2799 2723
f 2800 2801 2802
f 2803 2714 2804
f 2789 2780 2777
f 2805 2778 2779
f 2806 2763 2807
f 2705 2728 2808
f 2728 2789 2777
f 2798 2727 2756
f 2696 2702 2690
f 2790 2755 2809
f 2698 2697 2749
f 2786 2810 2748
f 2685 2687 2736
f 2811 2812 2813
f 2814 2815 2816
f 2792 2817 2731
f 2726 2697 2818
f 2819 2820 2743
f 2821 2739 2708
f 2822 2823 2824
f 2825 2826 2827
f 2828 2705 2829
f 2830 2831 2832
f 2774 2821 2724
f 2833 2781 2711
f 2775 2709 2738
f 2834 2835 2827
f 2836 2837 2768
f 2838 2786 2837
f 2839 2778 2840
f 2740 2841 2741
f 2695 2694 2734
f 2759 2842 2757
f 2843 2729 2817
f 2823 2844 2845
f 2794 2842 2793
f 2846 2847 2848
f 2790 2809 2849
f 2806 2784 2716
f 2850 2716 2783
f 2749 2726 2725
f 2746 2851 2845
f 2852 2853 2795
f 2854 2855 2856
f 2857 2722 2782
f 2817 2792 2791
f 2785 2749 2751
f 2800 2763 2801
f 2798 2756 2799
f 2834 2827 2812
f 2814 2858 2815
f 2859 2776 2753
f 2688 2702 2694
f 2835 2834 2843
f 2819 2745 2860
f 2861 2862 2730
f 2831 2787 2863
f 2698 2710 2702
f 2759 2864 2826
f 2809 2755 2752
f 2689 2695 2865
f 2857 2866 2837
f 2855 2867 2866
f 2767 2771 2868
f 2699 2705 2700
f 2772 2774 2869
f 2836 2768 2722
f 2750 2700 2828
f 2780 2712 2781
f 2781 2805 2779
f 2754 2753 2689
f 2793 2870 2794
f 2843 2812 2871
f 2831 2863 2872
f 2691 2763 2806
f 2763 2691 2764
f 2872 2709 2873
f 2838 2874 2810
f 2690 2689 2753
f 2774 2724 2869
f 2824 2875 2734
f 2825 2791 2793
f 2767 2766 2876
f 2709 2775 2710
f 2877 2715 2878
f 2748 2879 2746
f 2865 2695 2880
f 2879 2851 2746
f 2843 2834 2812
f 2876 2881 2882
f 2875 2883 2884
f 2690 2753 2776
f 2869 2787 2830
f 2721 2857 2782
f 2767 2868 2885
f 2789 2704 2723
f 2702 2696 2698
f 2738 2709 2872
f 2886 2887 2740
f 2778 2839 2728
f 2766 2768 2837
f 2756 2776 2859
f 2843 2871 2729
f 2770 2797 2771
f 2826 2812 2827
f 2888 2783 2889
f 2761 2890 2841
f 2758 2760 2759
f 2758 2891 2890
f 2742 2810 2874
f 2781 2892 2805
f 2818 2697 2696
f 2855 2893 2894
f 2796 2795 2853
f 2756 2727 2776
f 2770 2769 2824
f 2799 2756 2790
f 2838 2810 2786
f 2825 2759 2826
f 2895 2731 2862
f 2820 2819 2896
f 2790 2756 2755
f 2715 2897 2806
f 2790 2713 2712
f 2845 2851 2898
f 2852 2899 2754
f 2790 2723 2799
f 2717 2803 2804
f 2687 2734 2736
f 2798 2701 2727
f 2842 2825 2793
f 2900 2815 2858
f 2700 2725 2701
f 2833 2892 2781
f 2724 2707 2869
f 2832 2869 2830
f 2859 2752 2756
f 2901 2902 2903
f 2824 2734 2687
f 2896 2819 2904
f 2905 2906 2907
f 2817 2835 2843
f 2902 2908 2903
f 2901 2908 2906
f 2909 2910 2911
f 2912 2909 2913
f 2842 2794 2914
f 2915 2916 2902
f 2907 2906 2917
f 2907 2917 2744
f 2716 2715 2806
f 2906 2918 2917
f 2919 2764 2691
f 2796 2891 2914
f 2724 2821 2708
f 2918 2908 2916
f 2896 2868 2820
f 2717 2719 2920
f 2808 2728 2839
f 2847 2705 2808
f 2768 2767 2733
f 2868 2771 2820
f 2787 2738 2872
f 2700 2750 2725
f 2881 2844 2823
f 2712 2711 2781
f 2911 2910 2921
f 2917 2922 2745
f 2770 2824 2687
f 2848 2847 2808
f 2891 2758 2757
f 2849 2793 2765
f 2890 2898 2851
f 2797 2820 2771
f 2923 2922 2924
f 2925 2822 2769
f 2695 2734 2880
f 2746 2845 2844
f 2864 2759 2760
f 2926 2911 2921
f 2927 2848 2808
f 2852 2754 2689
f 2743 2820 2797
f 2807 2784 2806
f 2923 2928 2922
f 2746 2844 2747
f 2878 2714 2929
f 2930 2929 2803
f 2928 2923 2924
f 2699 2798 2723
f 2705 2847 2829
f 2881 2823 2822
f 2925 2771 2767
f 2767 2885 2733
f 2770 2687 2686
f 2876 2844 2881
f 2931 2887 2886
f 2714 2716 2850
f 2850 2804 2714
f 2932 2913 2926
f 2933 2934 2935
f 2721 2720 2894
f 2825 2835 2791
f 2711 2895 2862
f 2936 2890 2851
f 2937 2938 2935
f 2939 2940 2941
f 2942 2934 2933
f 2937 2943 2938
f 2944 2933 2935
f 2748 2742 2741
f 2734 2875 2880
f 2927 2945 2840
f 2933 2941 2942
f 2754 2809 2752
f 2849 2713 2790
f 2946 2943 2937
f 2944 2947 2933
f 2726 2818 2696
f 2689 2865 2852
f 2911 2913 2909
f 2941 2947 2939
f 2904 2860 2928
f 2940 2942 2941
f 2921 2910 2948
f 2731 2730 2862
f 2949 2946 2937
f 2950 2761 2887
f 2946 2949 2951
f 2952 2946 2951
f 2953 2928 2732
f 2860 2904 2819
f 2942 2940 2949
f 2882 2925 2767
f 2921 2949 2926
f 2954 2955 2930
f 2953 2733 2904
f 2956 2943 2952
f 2902 2935 2938
f 2864 2957 2813
f 2940 2939 2926
f 2948 2951 2921
f 2826 2864 2813
f 2951 2949 2921
f 2754 2899 2870
f 2732 2958 2719
f 2754 2870 2809
f 2865 2853 2852
f 2794 2899 2795
f 2735 2706 2737
f 2883 2875 2824
f 2879 2936 2851
f 2959 2693 2897
f 2960 2961 2962
f 2903 2908 2901
f 2908 2902 2916
f 2822 2824 2769
f 2817 2729 2731
f 2963 2862 2964
f 2965 2924 2922
f 2732 2733 2953
f 2896 2733 2885
f 2841 2740 2887
f 2725 2750 2749
f 2899 2852 2795
f 2897 2715 2959
f 2880 2875 2865
f 2924 2732 2928
f 2753 2752 2859
f 2771 2925 2769
f 2920 2719 2958
f 2922 2966 2965
f 2929 2960 2877
f 2967 2877 2960
f 2962 2967 2960
f 2943 2946 2952
f 2884 2865 2875
f 2968 2961 2969
f 2902 2901 2944
f 2970 2965 2966
f 2897 2691 2806
f 2748 2810 2742
f 2713 2849 2765
f 2971 2972 2939
f 2871 2812 2811
f 2747 2876 2786
f 2760 2814 2816
f 2844 2876 2747
f 2711 2765 2895
f 2911 2926 2913
f 2944 2935 2902
f 2874 2973 2974
f 2862 2963 2711
f 2694 2703 2735
f 2937 2935 2934
f 2965 2975 2924
f 2884 2898 2853
f 2825 2827 2835
f 2930 2920 2976
f 2977 2969 2975
f 2885 2868 2896
f 2933 2947 2941
f 2949 2937 2942
f 2939 2932 2926
f 2745 2819 2743
f 2740 2978 2979
f 2950 2887 2931
f 2809 2793 2849
f 2978 2874 2974
f 2937 2934 2942
f 2980 2981 2968
f 2837 2876 2766
f 2889 2856 2888
f 2901 2906 2905
f 2949 2940 2926
f 2884 2853 2865
f 2816 2957 2864
f 2794 2796 2914
f 2981 2977 2982
f 2760 2761 2814
f 2888 2856 2894
f 2857 2893 2866
f 2943 2956 2938
f 2858 2814 2761
f 2945 2927 2808
f 2785 2873 2698
f 2855 2894 2856
f 2939 2972 2932
f 2772 2788 2773
f 2971 2939 2947
f 2950 2858 2761
f 2745 2744 2917
f 2978 2983 2984
f 2869 2832 2772
f 2866 2973 2838
f 2854 2978 2974
f 2985 2800 2802
f 2913 2932 2986
f 2977 2970 2982
f 2728 2704 2789
f 2775 2738 2703
f 2874 2838 2973
f 2894 2893 2721
f 2787 2706 2738
f 2930 2803 2920
f 2886 2740 2979
f 2870 2899 2794
f 2793 2809 2870
f 2886 2979 2931
f 2872 2863 2787
f 2915 2902 2938
f 2793 2792 2765
f 2987 2816 2815
f 2845 2988 2823
f 2958 2975 2920
f 2881 2822 2925
f 2787 2869 2707
f 2922 2860 2745
f 2965 2970 2975
f 2890 2761 2758
f 2846 2829 2847
f 2857 2836 2722
f 2876 2882 2767
f 2929 2930 2955
f 2836 2857 2837
f 2928 2860 2922
f 2856 2989 2854
f 2970 2977 2975
f 2893 2855 2866
f 2837 2866 2838
f 2792 2895 2765
f 2841 2890 2936
f 2983 2978 2989
f 2920 2803 2717
f 2867 2854 2974
f 2900 2950 2931
f 2929 2877 2878
f 2786 2876 2837
f 2929 2955 2960
f 2897 2693 2692
f 2873 2709 2698
f 2882 2881 2925
f 2768 2733 2719
f 2848 2990 2846
f 2978 2854 2989
f 2957 2816 2987
f 2980 2968 2969
f 2705 2828 2700
f 2856 2802 2991
f 2991 2989 2856
f 2824 2823 2883
f 2763 2800 2992
f 2969 2977 2980
f 2981 2980 2977
f 2841 2887 2761
f 2853 2898 2796
f 2858 2950 2900
f 2900 2987 2815
f 2802 2889 2985
f 2731 2895 2792
f 2856 2889 2802
f 2963 2964 2711
f 2791 2835 2817
f 2985 2992 2800
f 2969 2954 2976
f 2961 2960 2954
f 2866 2974 2973
f 2803 2929 2714
f 2866 2867 2974
f 2780 2790 2712
f 2840 2945 2839
f 2779 2777 2780
f 2813 2812 2826
f 2718 2722 2768
f 2897 2692 2691
f 2757 2914 2891
f 2796 2898 2891
f 2884 2883 2845
f 2807 2783 2784
f 2804 2850 2894
f 2763 2992 2807
f 2883 2823 2988
f 2720 2718 2717
f 2857 2721 2893
f 2768 2719 2718
f 2978 2984 2979
f 2891 2898 2890
f 2864 2760 2816
f 2763 2762 2801
f 2733 2896 2904
f 2808 2839 2945
f 2954 2960 2955
f 2830 2787 2831
f 2855 2854 2867
f 2741 2879 2748
f 2841 2936 2741
f 2740 2742 2874
f 2741 2936 2879
f 2889 2783 2985
f 2992 2985 2783
f 2833 2711 2964
f 2904 2928 2953
f 2734 2694 2735
f 2701 2798 2699
f 2850 2783 2888
f 2912 2913 2986
f 2717 2804 2720
f 2842 2759 2825
f 2874 2978 2740
f 2702 2688 2690
f 2715 2714 2878
f 2790 2789 2723
f 2919 2691 2693
f 2732 2975 2958
f 2757 2842 2914
f 2976 2920 2975
f 2988 2845 2883
f 2976 2954 2930
f 2783 2807 2992
f 2917 2918 2922
f 2898 2884 2845
f 2850 2888 2894
f 2732 2924 2975
f 2804 2894 2720
f 2918 2906 2908
f 2969 2961 2954
f 2975 2969 2976
f 2993 2994 2995
f 2996 2997 2998
f 2999 3000 3001
f 3002 3003 3004
f 3005 3006 3007
f 3008 3009 3010
f 3011 3012 3013
f 3014 3015 3016
f 3017 3018 2994
f 3019 3020 3021
f 3019 3022 2998
f 3023 3024 3025
f 3026 3027 3028
f 3013 3029 3011
f 3030 3031 3032
f 3033 3034 3035
f 3036 3037 3012
f 3012 3011 3036
f 2998 2997 3038
f 3039 3040 3026
f 3041 3005 3042
f 3040 3043 3027
f 3044 3045 3029
f 3046 3047 3015
f 3048 3049 3050
f 3051 3052 3032
f 3053 3028 3054
f 3018 3038 2994
f 3055 3056 3053
f 3039 3041 3042
f 3057 2996 3025
f 3058 3015 3059
f 3057 3060 2996
f 3061 3062 3063
f 3037 3059 3064
f 3065 3066 3062
f 3066 3063 3062
f 3054 3003 3067
f 3048 3059 3047
f 3032 3068 3030
f 3069 3070 3071
f 3072 3048 3047
f 3048 3072 3067
f 3073 3055 3072
f 3073 3072 3041
f 3029 3068 3011
f 3053 3026 3028
f 2998 3025 2996
f 3044 3029 3013
f 3029 3030 3068
f 3074 3050 3049
f 3062 3075 3076
f 3006 3072 3047
f 3032 3052 3011
f 3077 3078 3079
f 3080 3021 3018
f 3037 3064 3081
f 2994 2993 3017
f 3018 3017 3033
f 3082 2999 3001
f 3083 3061 3063
f 3084 3071 3081
f 3036 3011 3052
f 3007 3046 3005
f 3025 2998 3023
f 3077 3079 3008
f 3067 3072 3055
f 3027 3026 3040
f 3085 3019 3021
f 3016 3058 3036
f 3054 3004 3003
f 3015 3058 3016
f 3076 3065 3062
f 2999 3075 3061
f 3027 3043 3028
f 3086 3087 3088
f 3073 3039 3056
f 3080 3018 3033
f 3015 3047 3059
f 3084 3069 3071
f 3073 3056 3055
f 3089 2999 3061
f 3090 3091 3035
f 3092 3051 3031
f 3093 2999 3089
f 3006 3005 3041
f 3074 3094 3050
f 3091 3095 3035
f 3091 3090 3078
f 3035 3095 3096
f 3083 3089 3061
f 3081 3012 3037
f 3097 2997 2996
f 3036 3058 3037
f 3064 3059 3048
f 3053 3054 3055
f 3059 3037 3058
f 3069 3078 3098
f 3018 3021 3020
f 3099 3089 3083
f 3052 3016 3036
f 3051 3100 3052
f 3019 2998 3020
f 3088 3087 3101
f 3102 3081 3064
f 2997 3000 3093
f 2996 3060 3097
f 3022 3019 3085
f 3071 3070 3045
f 3009 3102 3094
f 3103 3066 3065
f 3002 3004 3028
f 3034 3078 3090
f 3004 3054 3028
f 3075 3062 3061
f 3023 2998 3022
f 2997 2994 3038
f 2999 3082 3075
f 3104 3002 3028
f 3014 3005 3015
f 3006 3041 3072
f 2995 3089 3099
f 3039 3026 3056
f 3041 3039 3073
f 3087 3049 3101
f 3064 3048 3050
f 3105 3039 3042
f 3021 3080 3096
f 3084 3079 3069
f 3021 3096 3106
f 3049 3086 3074
f 3076 3075 3082
f 3009 3094 3107
f 3053 3056 3026
f 3069 3079 3078
f 3000 2999 3093
f 3032 3031 3051
f 3045 3070 3098
f 2997 3093 2994
f 3071 3044 3013
f 3084 3102 3009
f 2994 3089 2995
f 3034 3090 3035
f 3106 3085 3021
f 3046 3015 3005
f 3050 3094 3102
f 3105 3040 3039
f 3100 3014 3016
f 3006 3046 3007
f 3080 3033 3035
f 3040 3108 3043
f 3068 3032 3011
f 3069 3098 3070
f 3109 3057 3025
f 3038 3020 2998
f 3049 3003 3101
f 3089 2994 3093
f 3013 3081 3071
f 3009 3107 3010
f 3050 3102 3064
f 3047 3046 3006
f 3078 3077 3091
f 2997 3097 3000
f 3022 3024 3023
f 3055 3054 3067
f 3045 3044 3071
f 3012 3081 3013
f 3024 3109 3025
f 3079 3009 3008
f 3049 3067 3003
f 3018 3020 3038
f 3107 3094 3074
f 3048 3067 3049
f 3049 3087 3086
f 3084 3081 3102
f 3016 3052 3100
f 3035 3096 3080
f 3009 3079 3084
f 3111 3112 3113
f 3114 3115 3116
f 3117 3118 3119
f 3120 3121 3122
f 3123 3124 3125
f 3126 3127 3128
f 3129 3130 3131
f 3132 3133 3134
f 3137 3130 3138
f 3116 3115 3139
f 3140 3141 3132
f 3135 3136 3142
f 3143 3144 3145
f 3116 3146 3114
f 3132 3137 3138
f 3147 3115 3148
f 3144 3149 3150
f 3149 3140 3150
f 3150 3129 3127
f 3151 3152 3153
f 3125 3154 3142
f 3155 3156 3141
f 3147 3139 3115
f 3157 3158 3159
f 3128 3127 3129
f 3113 3146 3160
f 3117 3112 3118
f 3161 3137 3162
f 3155 3151 3163
f 3164 3156 3163
f 3165 3166 3138
f 3140 3165 3150
f 3167 3142 3168
f 3146 3113 3114
f 3170 3110 3131
f 3115 3114 3117
f 3127 3145 3144
f 3112 3117 3114
f 3122 3171 3133
f 3161 3125 3124
f 3149 3144 3172
f 3173 3111 3174
f 3175 3113 3176
f 3145 3126 3177
f 3118 3112 3119
f 3145 3127 3126
f 3124 3110 3137
f 3112 3114 3113
f 3142 3121 3120
f 3125 3161 3154
f 3162 3132 3134
f 3178 3149 3172
f 3179 3180 3158
f 3181 3182 3139
f 3180 3159 3158
f 3175 3111 3113
f 3130 3137 3110
f 3184 3141 3140
f 3164 3185 3156
f 3150 3127 3144
f 3130 3110 3170
f 3186 3171 3122
f 3142 3136 3125
f 3161 3134 3186
f 3178 3184 3149
f 3174 3175 3157
f 3117 3187 3115
f 3156 3133 3141
f 3187 3188 3148
f 3176 3189 3175
f 3155 3184 3190
f 3155 3163 3156
f 3133 3171 3186
f 3133 3186 3134
f 3139 3182 3116
f 3145 3177 3191
f 3138 3166 3132
f 3134 3161 3162
f 3130 3170 3131
f 3157 3175 3189
f 3168 3142 3120
f 3151 3155 3152
f 3139 3147 3181
f 3186 3154 3161
f 3137 3161 3124
f 3173 3174 3159
f 3143 3172 3144
f 3141 3133 3132
f 3180 3151 3159
f 3165 3129 3150
f 3158 3157 3189
f 3132 3166 3140
f 3142 3154 3121
f 3154 3186 3121
f 3179 3158 3189
f 3155 3190 3152
f 3165 3140 3166
f 3176 3179 3189
f 3133 3156 3185
f 3186 3122 3121
f 3174 3111 3175
f 3141 3184 3155
f 3157 3159 3174
f 3148 3188 3147
f 3159 3151 3153
f 3123 3169 3124
f 3187 3148 3115
f 3177 3126 3183
f 3138 3130 3165
f 3167 3135 3142
f 3140 3149 3184
f 3165 3130 3129
f 3160 3176 3113
f 3137 3132 3162
f 3183 3191 3177
f 3192 3193 3194
f 3195 3196 3197
f 3198 3199 3200
f 3201 3202 3203
f 3204 3205 3206
f 3207 3208 3209
f 3210 3211 3212
f 3213 3214 3215
f 3204 3216 3217
f 3218 3219 3220
f 3221 3222 3223
f 3217 3224 3204
f 3225 3226 3227
f 3228 3220 3219
f 3194 3229 3230
f 3231 3232 3201
f 3233 3234 3235
f 3236 3237 3230
f 3238 3235 3234
f 3232 3239 3201
f 3232 3231 3240
f 3241 3201 3239
f 3242 3243 3244
f 3245 3246 3247
f 3200 3205 3198
f 3248 3235 3249
f 3202 3250 3203
f 3243 3202 3251
f 3204 3224 3205
f 3201 3241 3251
f 3230 3192 3194
f 3252 3253 3254
f 3255 3256 3257
f 3258 3259 3225
f 3237 3235 3260
f 3203 3231 3201
f 3256 3261 3257
f 3214 3213 3262
f 3234 3263 3238
f 3264 3217 3218
f 3265 3241 3239
f 3217 3266 3267
f 3268 3259 3258
f 3255 3269 3256
f 3230 3237 3270
f 3227 3271 3265
f 3218 3220 3264
f 3199 3272 3273
f 3258 3274 3268
f 3275 3276 3277
f 3240 3231 3278
f 3211 3279 3212
f 3280 3281 3282
f 3261 3283 3257
f 3198 3284 3278
f 3238 3261 3256
f 3239 3232 3240
f 3285 3213 3192
f 3237 3260 3270
f 3286 3217 3216
f 3223 3215 3221
f 3219 3286 3276
f 3287 3238 3256
f 3205 3245 3198
f 3288 3224 3267
f 3249 3238 3287
f 3266 3217 3264
f 3263 3261 3238
f 3264 3220 3289
f 3280 3290 3287
f 3291 3192 3292
f 3198 3245 3274
f 3222 3221 3293
f 3283 3253 3294
f 3293 3259 3222
f 3203 3250 3295
f 3231 3199 3278
f 3192 3230 3270
f 3229 3296 3230
f 3222 3259 3247
f 3205 3224 3288
f 3297 3298 3299
f 3195 3290 3300
f 3301 3302 3298
f 3235 3248 3260
f 3298 3303 3301
f 3263 3234 3304
f 3263 3254 3261
f 3305 3306 3211
f 3302 3301 3307
f 3308 3309 3310
f 3311 3297 3299
f 3197 3260 3312
f 3260 3285 3270
f 3313 3254 3263
f 3253 3314 3315
f 3309 3243 3242
f 3224 3217 3267
f 3246 3245 3205
f 3269 3287 3256
f 3316 3207 3209
f 3234 3233 3304
f 3313 3252 3254
f 3311 3317 3310
f 3290 3197 3249
f 3318 3315 3314
f 3246 3205 3288
f 3319 3320 3313
f 3267 3321 3288
f 3229 3264 3289
f 3284 3240 3278
f 3322 3311 3299
f 3236 3323 3324
f 3252 3313 3320
f 3249 3235 3238
f 3252 3320 3325
f 3240 3258 3326
f 3297 3303 3298
f 3311 3310 3297
f 3197 3312 3249
f 3327 3328 3329
f 3217 3286 3219
f 3284 3274 3258
f 3276 3286 3277
f 3273 3200 3199
f 3268 3274 3245
f 3317 3311 3322
f 3259 3226 3225
f 3249 3287 3290
f 3321 3267 3266
f 3330 3216 3331
f 3213 3215 3292
f 3221 3214 3332
f 3299 3333 3322
f 3324 3323 3334
f 3227 3240 3326
f 3280 3300 3290
f 3199 3231 3335
f 3336 3296 3289
f 3331 3209 3330
f 3213 3285 3196
f 3265 3239 3227
f 3305 3334 3323
f 3331 3273 3272
f 3228 3219 3276
f 3332 3293 3221
f 3259 3268 3247
f 3337 3212 3338
f 3280 3269 3281
f 3317 3308 3310
f 3216 3204 3331
f 3228 3336 3220
f 3218 3217 3219
f 3291 3223 3222
f 3255 3281 3269
f 3240 3227 3239
f 3260 3248 3312
f 3270 3285 3192
f 3205 3200 3206
f 3284 3258 3240
f 3194 3321 3266
f 3292 3192 3213
f 3320 3324 3334
f 3196 3262 3213
f 3325 3210 3212
f 3233 3236 3304
f 3339 3308 3317
f 3306 3305 3340
f 3310 3341 3297
f 3202 3243 3250
f 3314 3337 3318
f 3208 3333 3342
f 3333 3208 3322
f 3254 3253 3283
f 3339 3317 3322
f 3206 3200 3331
f 3197 3290 3195
f 3343 3211 3328
f 3328 3306 3329
f 3275 3228 3276
f 3303 3341 3242
f 3341 3310 3309
f 3206 3331 3204
f 3328 3327 3343
f 3308 3339 3344
f 3327 3345 3343
f 3346 3327 3329
f 3338 3318 3337
f 3314 3253 3252
f 3305 3211 3210
f 3296 3236 3230
f 3229 3194 3266
f 3325 3314 3252
f 3321 3246 3288
f 3347 3339 3207
f 3208 3207 3322
f 3348 3349 3277
f 3309 3242 3341
f 3344 3309 3308
f 3347 3344 3339
f 3324 3320 3319
f 3302 3299 3298
f 3321 3194 3193
f 3300 3280 3282
f 3277 3216 3330
f 3347 3316 3272
f 3212 3279 3338
f 3316 3347 3207
f 3243 3309 3344
f 3344 3347 3250
f 3264 3229 3266
f 3334 3305 3210
f 3277 3208 3348
f 3350 3345 3327
f 3349 3275 3277
f 3306 3328 3211
f 3327 3346 3350
f 3345 3338 3279
f 3319 3263 3304
f 3243 3251 3244
f 3223 3291 3292
f 3287 3269 3280
f 3211 3345 3279
f 3351 3299 3302
f 3220 3336 3289
f 3292 3215 3223
f 3283 3261 3254
f 3351 3333 3299
f 3285 3260 3196
f 3342 3349 3348
f 3289 3296 3229
f 3247 3193 3291
f 3260 3197 3196
f 3272 3295 3347
f 3203 3295 3231
f 3268 3245 3247
f 3210 3325 3320
f 3231 3295 3335
f 3341 3303 3297
f 3326 3258 3225
f 3344 3250 3243
f 3207 3339 3322
f 3295 3250 3347
f 3331 3272 3316
f 3330 3209 3208
f 3342 3348 3208
f 3278 3199 3198
f 3323 3340 3305
f 3330 3208 3277
f 3272 3335 3295
f 3193 3192 3291
f 3210 3320 3334
f 3315 3294 3253
f 3236 3324 3304
f 3331 3316 3209
f 3315 3318 3352
f 3312 3248 3249
f 3291 3222 3247
f 3198 3274 3284
f 3353 3293 3332
f 3202 3201 3251
f 3214 3221 3215
f 3335 3272 3199
f 3352 3294 3315
f 3286 3216 3277
f 3193 3246 3321
f 3345 3211 3343
f 3193 3247 3246
f 3304 3324 3319
f 3235 3237 3233
f 3227 3326 3225
f 3293 3353 3259
f 3226 3271 3227
f 3263 3319 3313
f 3200 3273 3331
f 3212 3337 3325
f 3314 3325 3337
f 3353 3226 3259
f 3237 3236 3233
f 3354 3355 3356
f 3357 3358 3359
f 3360 3361 3362
f 3363 3364 3365
f 3366 3363 3365
f 3367 3368 3369
f 3370 3371 3372
f 3373 3374 3375
f 3376 3377 3378
f 3379 3380 3381
f 3382 3383 3384
f 3385 3386 3387
f 3388 3389 3390
f 3391 3364 3392
f 3393 3374 3394
f 3393 3394 3395
f 3364 3396 3397
f 3369 3398 3399
f 3400 3401 3402
f 3403 3379 3381
f 3404 3405 3406
f 3354 3407 3355
f 3408 3385 3409
f 3410 3411 3412
f 3362 3361 3413
f 3414 3380 3415
f 3385 3401 3416
f 3417 3418 3419
f 3398 3420 3399
f 3383 3407 3421
f 3422 3366 3423
f 3424 3425 3426
f 3427 3428 3429
f 3430 3397 3431
f 3432 3388 3433
f 3396 3434 3435
f 3360 3436 3437
f 3438 3439 3378
f 3436 3356 3440
f 3422 3441 3442
f 3443 3398 3413
f 3391 3433 3434
f 3444 3374 3373
f 3445 3399 3420
f 3382 3407 3383
f 3442 3363 3446
f 3363 3392 3364
f 3363 3447 3448
f 3449 3420 3398
f 3450 3451 3440
f 3452 3453 3414
f 3404 3362 3403
f 3396 3391 3434
f 3400 3370 3454
f 3390 3434 3388
f 3378 3455 3456
f 3456 3367 3376
f 3370 3457 3454
f 3432 3433 3458
f 3398 3443 3449
f 3406 3405 3421
f 3459 3460 3449
f 3399 3367 3369
f 3392 3363 3448
f 3421 3354 3406
f 3425 3424 3409
f 3404 3360 3362
f 3418 3417 3375
f 3461 3355 3407
f 3411 3389 3462
f 3401 3408 3463
f 3450 3440 3356
f 3464 3412 3432
f 3465 3466 3384
f 3467 3468 3421
f 3428 3469 3429
f 3400 3470 3370
f 3455 3395 3394
f 3471 3459 3449
f 3448 3447 3392
f 3394 3472 3455
f 3473 3428 3474
f 3357 3475 3358
f 3460 3459 3476
f 3440 3451 3477
f 3478 3365 3479
f 3451 3359 3477
f 3480 3449 3443
f 3397 3479 3364
f 3430 3431 3426
f 3384 3383 3468
f 3477 3481 3440
f 3482 3483 3450
f 3360 3480 3443
f 3484 3393 3485
f 3445 3486 3376
f 3404 3354 3360
f 3469 3430 3487
f 3390 3402 3463
f 3452 3415 3368
f 3376 3399 3445
f 3480 3471 3449
f 3450 3356 3355
f 3465 3384 3468
f 3412 3462 3432
f 3388 3462 3389
f 3475 3488 3358
f 3416 3386 3385
f 3489 3459 3471
f 3489 3476 3459
f 3490 3447 3491
f 3491 3447 3492
f 3493 3460 3476
f 3494 3475 3357
f 3447 3363 3492
f 3368 3415 3369
f 3439 3495 3485
f 3384 3466 3382
f 3413 3369 3415
f 3430 3473 3397
f 3408 3401 3385
f 3404 3406 3354
f 3413 3361 3443
f 3433 3391 3458
f 3354 3436 3360
f 3483 3496 3450
f 3431 3396 3435
f 3354 3421 3407
f 3497 3442 3498
f 3418 3374 3499
f 3494 3491 3475
f 3395 3485 3393
f 3482 3355 3461
f 3455 3472 3453
f 3469 3487 3425
f 3424 3463 3409
f 3407 3382 3461
f 3426 3431 3435
f 3477 3498 3481
f 3405 3404 3381
f 3496 3483 3500
f 3421 3468 3383
f 3389 3411 3470
f 3439 3438 3495
f 3435 3434 3390
f 3360 3437 3480
f 3374 3393 3499
f 3495 3484 3485
f 3375 3417 3501
f 3438 3378 3377
f 3469 3425 3429
f 3437 3502 3480
f 3415 3380 3379
f 3497 3488 3475
f 3367 3399 3376
f 3503 3489 3422
f 3489 3471 3481
f 3402 3401 3463
f 3471 3480 3502
f 3418 3375 3374
f 3504 3467 3421
f 3422 3489 3441
f 3397 3478 3479
f 3430 3428 3473
f 3492 3363 3497
f 3364 3479 3365
f 3452 3414 3415
f 3481 3441 3489
f 3481 3471 3502
f 3390 3426 3435
f 3432 3458 3464
f 3467 3465 3468
f 3385 3425 3409
f 3503 3505 3476
f 3454 3401 3400
f 3381 3404 3403
f 3463 3408 3409
f 3486 3377 3376
f 3379 3413 3415
f 3503 3506 3505
f 3485 3395 3439
f 3429 3387 3507
f 3359 3500 3357
f 3456 3368 3367
f 3441 3481 3498
f 3504 3421 3405
f 3422 3508 3503
f 3488 3498 3477
f 3359 3358 3488
f 3413 3379 3362
f 3509 3458 3391
f 3419 3418 3499
f 3452 3368 3456
f 3510 3457 3370
f 3491 3492 3497
f 3511 3476 3505
f 3451 3450 3496
f 3429 3507 3427
f 3417 3512 3513
f 3503 3508 3506
f 3391 3396 3364
f 3396 3431 3397
f 3392 3509 3391
f 3488 3497 3498
f 3402 3390 3389
f 3510 3370 3372
f 3417 3514 3512
f 3393 3515 3419
f 3413 3398 3369
f 3429 3425 3387
f 3442 3441 3498
f 3411 3462 3412
f 3451 3496 3359
f 3482 3450 3355
f 3416 3401 3454
f 3508 3422 3423
f 3366 3422 3442
f 3443 3361 3360
f 3506 3508 3516
f 3426 3390 3424
f 3505 3506 3517
f 3491 3497 3475
f 3395 3378 3439
f 3503 3476 3489
f 3511 3505 3517
f 3440 3502 3437
f 3411 3410 3371
f 3417 3419 3514
f 3419 3518 3514
f 3513 3501 3417
f 3370 3470 3371
f 3470 3411 3371
f 3516 3508 3423
f 3430 3469 3428
f 3496 3500 3359
f 3506 3516 3517
f 3473 3478 3397
f 3497 3363 3442
f 3394 3374 3519
f 3470 3400 3389
f 3419 3499 3393
f 3395 3455 3378
f 3453 3456 3455
f 3412 3464 3410
f 3463 3424 3390
f 3423 3473 3516
f 3456 3453 3452
f 3490 3491 3494
f 3515 3393 3484
f 3460 3420 3449
f 3442 3446 3366
f 3425 3487 3426
f 3389 3400 3402
f 3425 3385 3387
f 3362 3379 3403
f 3366 3478 3423
f 3363 3366 3446
f 3434 3433 3388
f 3440 3481 3502
f 3517 3516 3474
f 3437 3436 3440
f 3456 3376 3378
f 3423 3478 3473
f 3516 3473 3474
f 3365 3478 3366
f 3426 3487 3430
f 3356 3436 3354
f 3519 3374 3444
f 3432 3462 3388
f 3359 3488 3477
f 3520 3521 3522
f 3523 3524 3525
f 3526 3527 3528
f 3529 3530 3531
f 3532 3523 3533
f 3534 3535 3536
f 3537 3538 3539
f 3540 3541 3542
f 3543 3544 3545
f 3546 3547 3548
f 3527 3549 3528
f 3550 3551 3552
f 3548 3526 3546
f 3553 3554 3555
f 3556 3557 3558
f 3559 3553 3560
f 3561 3562 3563
f 3564 3565 3566
f 3567 3556 3568
f 3556 3567 3557
f 3569 3570 3571
f 3572 3573 3524
f 3574 3575 3561
f 3530 3576 3577
f 3578 3550 3552
f 3573 3520 3525
f 3579 3580 3581
f 3560 3582 3583
f 3584 3552 3585
f 3586 3587 3588
f 3589 3583 3582
f 3560 3583 3559
f 3590 3557 3567
f 3587 3526 3591
f 3579 3592 3580
f 3593 3592 3594
f 3554 3553 3559
f 3595 3596 3597
f 3598 3599 3563
f 3600 3558 3557
f 3548 3547 3601
f 3527 3602 3549
f 3552 3603 3578
f 3604 3589 3582
f 3564 3605 3565
f 3594 3606 3593
f 3607 3557 3608
f 3609 3592 3579
f 3610 3611 3612
f 3569 3603 3613
f 3614 3530 3577
f 3567 3537 3539
f 3615 3616 3541
f 3617 3544 3543
f 3618 3580 3592
f 3619 3573 3608
f 3523 3532 3524
f 3600 3607 3620
f 3621 3622 3531
f 3581 3580 3618
f 3623 3565 3624
f 3557 3607 3600
f 3625 3554 3559
f 3578 3603 3569
f 3621 3626 3627
f 3626 3628 3629
f 3630 3553 3555
f 3631 3632 3633
f 3522 3521 3634
f 3635 3615 3636
f 3620 3637 3600
f 3638 3637 3562
f 3639 3527 3526
f 3640 3603 3584
f 3576 3641 3577
f 3642 3643 3549
f 3585 3644 3645
f 3611 3610 3620
f 3646 3647 3622
f 3587 3586 3648
f 3649 3645 3536
f 3650 3638 3574
f 3624 3565 3605
f 3520 3649 3536
f 3622 3621 3646
f 3619 3520 3573
f 3596 3595 3651
f 3529 3576 3530
f 3652 3611 3653
f 3598 3610 3612
f 3654 3643 3642
f 3635 3567 3539
f 3562 3575 3638
f 3653 3611 3655
f 3656 3614 3628
f 3611 3620 3655
f 3657 3535 3534
f 3603 3640 3613
f 3621 3627 3646
f 3601 3588 3591
f 3653 3655 3572
f 3631 3658 3581
f 3534 3645 3644
f 3622 3647 3654
f 3659 3594 3592
f 3525 3522 3523
f 3583 3660 3559
f 3591 3548 3601
f 3661 3534 3644
f 3639 3605 3564
f 3662 3663 3664
f 3585 3645 3584
f 3600 3637 3558
f 3660 3593 3606
f 3564 3665 3639
f 3583 3589 3660
f 3658 3579 3581
f 3598 3612 3599
f 3666 3667 3582
f 3668 3630 3555
f 3569 3613 3570
f 3522 3634 3523
f 3560 3617 3666
f 3669 3664 3568
f 3635 3539 3615
f 3638 3558 3637
f 3646 3633 3647
f 3643 3546 3528
f 3670 3644 3551
f 3547 3546 3643
f 3531 3602 3529
f 3646 3627 3631
f 3542 3616 3538
f 3671 3563 3599
f 3531 3642 3602
f 3590 3608 3557
f 3672 3541 3540
f 3527 3665 3602
f 3626 3621 3656
f 3632 3581 3618
f 3631 3627 3658
f 3669 3650 3664
f 3673 3569 3571
f 3674 3675 3672
f 3673 3676 3569
f 3620 3610 3637
f 3620 3607 3677
f 3675 3678 3571
f 3561 3575 3562
f 3610 3562 3637
f 3636 3640 3635
f 3535 3521 3536
f 3661 3657 3534
f 3609 3679 3659
f 3605 3639 3526
f 3658 3679 3579
f 3533 3628 3614
f 3584 3645 3649
f 3566 3565 3680
f 3672 3681 3674
f 3672 3675 3541
f 3652 3641 3566
f 3636 3615 3675
f 3650 3574 3664
f 3682 3586 3588
f 3599 3683 3671
f 3549 3643 3528
f 3591 3588 3587
f 3540 3684 3672
f 3651 3592 3593
f 3652 3612 3611
f 3524 3532 3653
f 3523 3634 3533
f 3638 3669 3558
f 3531 3622 3642
f 3549 3602 3642
f 3578 3569 3685
f 3562 3610 3598
f 3559 3660 3625
f 3526 3548 3591
f 3607 3608 3572
f 3589 3593 3660
f 3551 3585 3552
f 3572 3677 3607
f 3602 3665 3576
f 3624 3605 3648
f 3616 3615 3539
f 3541 3616 3542
f 3592 3651 3618
f 3598 3563 3562
f 3628 3626 3656
f 3675 3570 3636
f 3627 3626 3629
f 3658 3629 3679
f 3597 3596 3604
f 3612 3652 3599
f 3614 3577 3532
f 3630 3617 3553
f 3664 3574 3662
f 3673 3571 3678
f 3648 3605 3587
f 3608 3640 3619
f 3685 3550 3578
f 3605 3526 3587
f 3638 3650 3669
f 3582 3667 3604
f 3603 3552 3584
f 3640 3584 3619
f 3670 3686 3644
f 3651 3593 3596
f 3646 3631 3633
f 3627 3629 3658
f 3653 3572 3524
f 3639 3665 3527
f 3536 3645 3534
f 3652 3566 3680
f 3572 3608 3573
f 3652 3653 3577
f 3581 3632 3631
f 3608 3590 3640
f 3621 3531 3530
f 3521 3520 3536
f 3635 3640 3590
f 3539 3538 3616
f 3579 3679 3609
f 3533 3614 3532
f 3675 3571 3570
f 3576 3665 3564
f 3655 3620 3677
f 3684 3681 3672
f 3656 3530 3614
f 3636 3613 3640
f 3687 3681 3684
f 3638 3575 3574
f 3568 3537 3567
f 3653 3532 3577
f 3592 3609 3659
f 3565 3683 3680
f 3652 3680 3599
f 3602 3576 3529
f 3568 3556 3669
f 3686 3688 3661
f 3558 3669 3556
f 3576 3564 3641
f 3615 3541 3675
f 3621 3530 3656
f 3565 3623 3683
f 3619 3649 3520
f 3685 3569 3676
f 3654 3642 3622
f 3636 3570 3613
f 3566 3641 3564
f 3644 3686 3661
f 3625 3660 3606
f 3573 3525 3524
f 3589 3604 3596
f 3674 3678 3675
f 3595 3618 3651
f 3641 3652 3577
f 3526 3528 3546
f 3655 3677 3572
f 3683 3599 3680
f 3649 3619 3584
f 3520 3522 3525
f 3582 3560 3666
f 3589 3596 3593
f 3553 3617 3560
f 3635 3590 3567
f 3585 3551 3644
f 3540 3687 3684
f 3544 3617 3630
f 3689 3690 3691
f 3692 3693 3694
f 3695 3696 3697
f 3698 3699 3700
f 3701 3702 3703
f 3704 3705 3706
f 3707 3708 3709
f 3710 3692 3694
f 3711 3712 3713
f 3714 3715 3716
f 3691 3717 3689
f 3697 3696 3718
f 3719 3720 3721
f 3722 3723 3724
f 3725 3726 3727
f 3704 3706 3728
f 3729 3730 3731
f 3732 3733 3734
f 3735 3728 3736
f 3737 3738 3739
f 3691 3712 3740
f 3741 3731 3742
f 3743 3691 3740
f 3744 3745 3746
f 3723 3722 3747
f 3748 3702 3749
f 3725 3701 3750
f 3751 3736 3734
f 3742 3753 3741
f 3754 3717 3755
f 3756 3718 3757
f 3722 3758 3747
f 3759 3696 3695
f 3761 3718 3756
f 3706 3732 3734
f 3714 3710 3763
f 3764 3713 3765
f 3768 3769 3770
f 3771 3735 3736
f 3772 3773 3774
f 3761 3776 3770
f 3763 3777 3778
f 3779 3762 3760
f 3780 3781 3782
f 3783 3784 3741
f 3786 3693 3787
f 3715 3788 3716
f 3711 3782 3789
f 3790 3791 3746
f 3774 3792 3781
f 3752 3709 3760
f 3744 3746 3794
f 3795 3796 3768
f 3689 3717 3754
f 3797 3753 3742
f 3798 3761 3756
f 3761 3799 3776
f 3800 3798 3801
f 3770 3776 3768
f 3795 3768 3776
f 3769 3802 3770
f 3753 3803 3741
f 3770 3802 3697
f 3738 3804 3739
f 3781 3703 3774
f 3805 3790 3806
f 3806 3790 3745
f 3800 3807 3741
f 3697 3802 3786
f 3796 3800 3741
f 3741 3803 3796
f 3725 3808 3708
f 3803 3769 3768
f 3702 3775 3749
f 3796 3803 3768
f 3769 3809 3802
f 3731 3741 3784
f 3789 3740 3712
f 3810 3802 3809
f 3721 3772 3766
f 3803 3809 3769
f 3811 3689 3754
f 3809 3803 3812
f 3729 3731 3784
f 3776 3799 3795
f 3798 3800 3799
f 3813 3809 3812
f 3813 3810 3809
f 3798 3799 3761
f 3767 3774 3748
f 3800 3796 3795
f 3765 3690 3814
f 3738 3737 3705
f 3783 3741 3807
f 3813 3812 3815
f 3816 3817 3704
f 3815 3727 3818
f 3814 3819 3810
f 3820 3730 3758
f 3752 3775 3707
f 3765 3810 3813
f 3696 3759 3821
f 3722 3820 3758
f 3730 3820 3731
f 3742 3808 3797
f 3786 3819 3694
f 3742 3731 3808
f 3822 3692 3823
f 3813 3815 3818
f 3722 3724 3820
f 3731 3820 3808
f 3815 3797 3727
f 3765 3813 3764
f 3808 3820 3724
f 3824 3764 3813
f 3694 3819 3710
f 3690 3713 3712
f 3708 3701 3725
f 3824 3818 3726
f 3743 3755 3717
f 3779 3723 3825
f 3808 3724 3708
f 3791 3826 3746
f 3827 3726 3750
f 3780 3713 3764
f 3781 3780 3824
f 3759 3699 3698
f 3766 3719 3721
f 3702 3707 3775
f 3804 3828 3739
f 3817 3738 3705
f 3829 3817 3830
f 3726 3827 3781
f 3831 3829 3830
f 3777 3763 3710
f 3709 3723 3779
f 3703 3827 3750
f 3746 3826 3794
f 3724 3723 3709
f 3701 3708 3707
f 3727 3726 3818
f 3709 3708 3724
f 3832 3792 3774
f 3750 3701 3703
f 3829 3831 3700
f 3827 3703 3781
f 3781 3792 3782
f 3701 3707 3702
f 3803 3815 3812
f 3811 3754 3778
f 3789 3712 3711
f 3727 3808 3725
f 3810 3765 3814
f 3774 3703 3748
f 3743 3717 3691
f 3762 3779 3785
f 3819 3802 3810
f 3707 3709 3752
f 3689 3811 3814
f 3703 3702 3748
f 3805 3833 3740
f 3789 3805 3740
f 3833 3743 3740
f 3773 3789 3832
f 3789 3773 3805
f 3767 3772 3774
f 3806 3833 3805
f 3699 3822 3700
f 3787 3822 3699
f 3777 3710 3814
f 3795 3799 3800
f 3805 3791 3790
f 3797 3815 3753
f 3772 3721 3773
f 3817 3829 3738
f 3753 3815 3803
f 3825 3723 3747
f 3787 3692 3822
f 3760 3709 3779
f 3720 3791 3721
f 3761 3770 3718
f 3710 3819 3814
f 3773 3721 3805
f 3714 3692 3710
f 3751 3771 3736
f 3777 3814 3811
f 3802 3819 3786
f 3814 3690 3689
f 3805 3721 3791
f 3694 3693 3786
f 3787 3695 3786
f 3699 3759 3787
f 3705 3704 3817
f 3790 3746 3745
f 3732 3706 3737
f 3804 3822 3828
f 3692 3716 3823
f 3807 3800 3801
f 3716 3788 3823
f 3782 3713 3780
f 3698 3821 3759
f 3706 3736 3728
f 3718 3696 3757
f 3692 3714 3716
f 3726 3781 3824
f 3766 3772 3767
f 3791 3720 3826
f 3690 3712 3691
f 3826 3720 3793
f 3713 3782 3711
f 3773 3832 3774
f 3793 3834 3826
f 3825 3785 3779
f 3826 3834 3794
f 3782 3832 3789
f 3750 3726 3725
f 3786 3695 3697
f 3706 3705 3737
f 3714 3763 3715
f 3830 3817 3816
f 3822 3829 3700
f 3690 3765 3713
f 3829 3804 3738
f 3824 3813 3818
f 3784 3783 3729
f 3822 3788 3828
f 3697 3718 3770
f 3811 3778 3777
f 3782 3792 3832
f 3788 3822 3823
f 3764 3824 3780
f 3787 3693 3692
f 3759 3695 3787
f 3829 3822 3804
f 3736 3706 3734
f 3808 3727 3797
f 3835 3836 3837
f 3838 3839 3840
f 3841 3842 3843
f 3844 3845 3846
f 3847 3848 3849
f 3850 3851 3852
f 3853 3854 3855
f 3856 3857 3858
f 3859 3860 3861
f 3862 3843 3863
f 3864 3865 3866
f 3867 3868 3869
f 3870 3852 3866
f 3854 3869 3871
f 3867 3872 3873
f 3874 3875 3876
f 3877 3855 3878
f 3838 3879 3880
f 3864 3874 3865
f 3881 3861 3882
f 3883 3874 3876
f 3884 3885 3886
f 3887 3888 3889
f 3890 3891 3892
f 3893 3849 3848
f 3894 3895 3880
f 3852 3875 3864
f 3896 3846 3897
f 3880 3898 3838
f 3850 3899 3851
f 3856 3898 3857
f 3851 3900 3901
f 3901 3902 3851
f 3886 3877 3878
f 3903 3904 3905
f 3906 3907 3908
f 3845 3844 3899
f 3862 3835 3909
f 3844 3900 3899
f 3843 3862 3841
f 3910 3857 3899
f 3911 3908 3852
f 3912 3913 3890
f 3913 3914 3890
f 3908 3911 3915
f 3900 3836 3901
f 3916 3898 3917
f 3918 3919 3872
f 3917 3856 3858
f 3920 3878 3855
f 3921 3900 3844
f 3862 3897 3841
f 3922 3883 3876
f 3901 3923 3924
f 3925 3926 3874
f 3895 3857 3880
f 3879 3927 3913
f 3928 3916 3929
f 3887 3863 3930
f 3846 3896 3844
f 3931 3865 3926
f 3932 3930 3933
f 3908 3850 3852
f 3870 3866 3934
f 3924 3876 3902
f 3935 3929 3916
f 3929 3936 3928
f 3876 3924 3922
f 3937 3938 3939
f 3940 3941 3942
f 3943 3944 3945
f 3946 3947 3948
f 3941 3940 3949
f 3950 3951 3952
f 3946 3953 3893
f 3889 3954 3955
f 3942 3956 3957
f 3958 3959 3960
f 3953 3946 3948
f 3957 3961 3942
f 3944 3962 3945
f 3884 3963 3885
f 3919 3964 3965
f 3949 3966 3967
f 3968 3952 3951
f 3868 3969 3869
f 3893 3953 3849
f 3970 3962 3967
f 3939 3971 3972
f 3956 3973 3957
f 3956 3942 3941
f 3949 3956 3941
f 3974 3950 3975
f 3956 3949 3976
f 3949 3977 3966
f 3950 3952 3975
f 3978 3979 3980
f 3938 3937 3980
f 3981 3950 3945
f 3982 3974 3975
f 3966 3977 3939
f 3966 3939 3972
f 3978 3983 3849
f 3852 3864 3866
f 3984 3985 3914
f 3947 3938 3948
f 3986 3947 3987
f 3973 3944 3988
f 3986 3971 3938
f 3978 3953 3979
f 3979 3938 3980
f 3891 3985 3892
f 3960 3965 3989
f 3978 3980 3937
f 3887 3889 3990
f 3983 3937 3914
f 3985 3891 3914
f 3947 3959 3987
f 3910 3899 3850
f 3986 3938 3947
f 3949 3940 3977
f 3939 3938 3971
f 3868 3867 3935
f 3989 3958 3960
f 3985 3977 3940
f 3892 3985 3940
f 3892 3940 3991
f 3943 3945 3974
f 3974 3982 3943
f 3992 3989 3965
f 3947 3993 3959
f 3942 3961 3991
f 3994 3870 3934
f 3993 3936 3873
f 3960 3959 3995
f 3915 3906 3908
f 3965 3960 3872
f 3993 3947 3946
f 3959 3993 3995
f 3889 3888 3932
f 3995 3872 3960
f 3938 3979 3948
f 3937 3983 3978
f 3886 3885 3877
f 3904 3853 3855
f 3939 3984 3937
f 3977 3984 3939
f 3976 3973 3956
f 3893 3993 3946
f 3948 3979 3953
f 3937 3984 3914
f 3932 3973 3988
f 3985 3984 3977
f 3968 3922 3923
f 3967 3966 3970
f 3955 3943 3982
f 3927 3996 3913
f 3963 3997 3885
f 3962 3976 3967
f 3967 3976 3949
f 3953 3978 3849
f 3991 3940 3942
f 3959 3958 3987
f 3973 3976 3944
f 3962 3944 3976
f 3957 3973 3933
f 3961 3957 3933
f 3973 3932 3933
f 3944 3954 3988
f 3954 3944 3955
f 3988 3954 3932
f 3944 3943 3955
f 3954 3889 3932
f 3945 3950 3974
f 3982 3889 3955
f 3982 3975 3968
f 3968 3975 3952
f 3998 3968 3951
f 3968 3998 3883
f 3982 3990 3889
f 3924 3902 3901
f 3855 3877 3904
f 3906 3910 3907
f 3872 3867 3918
f 3869 3854 3918
f 3930 3999 3933
f 3846 3845 3897
f 4000 3928 3848
f 3919 3965 3872
f 3850 3907 3910
f 3991 4001 3892
f 3897 3862 3896
f 3850 3908 3907
f 3961 3999 3991
f 3933 3999 3961
f 3874 3864 3875
f 3900 3851 3899
f 3849 3983 3847
f 3865 3874 3926
f 4002 4003 3881
f 3861 3912 3859
f 3923 3922 3924
f 3898 3856 3917
f 3852 3870 3911
f 3866 3865 3931
f 3968 3883 3922
f 3994 3934 3931
f 3841 3897 3842
f 3999 3863 3843
f 3902 3875 3851
f 3997 3905 3885
f 3921 3844 3896
f 3905 3997 3903
f 3880 3879 3894
f 4002 3882 4004
f 3838 3898 3839
f 4003 4002 3894
f 3898 4005 3839
f 3852 3851 3875
f 3898 3916 4000
f 4006 3964 3903
f 3836 3835 3923
f 3909 3836 3921
f 3848 4005 4000
f 3896 3909 3921
f 3879 4003 3894
f 3882 4002 3881
f 3992 3965 4007
f 3965 3964 4007
f 4007 4006 3992
f 3964 4006 4007
f 3963 4008 3997
f 3997 4006 3903
f 4008 4006 3997
f 3999 4009 3991
f 3840 3879 3838
f 3998 3874 3883
f 3909 3896 3862
f 4010 3842 3897
f 3897 3845 4010
f 4011 3860 4010
f 4003 3879 3913
f 3881 4003 3861
f 3853 3919 3918
f 3996 3914 3913
f 3875 3902 3876
f 3895 4004 3845
f 3928 4000 3916
f 3839 4005 3847
f 3839 3847 3840
f 3887 3923 3835
f 3837 3909 3835
f 3882 3861 3860
f 3913 3861 4003
f 3927 3879 3840
f 3935 3916 4012
f 4004 3895 4002
f 3904 3964 3919
f 4005 3898 4000
f 3848 3847 4005
f 3923 3887 3990
f 3872 3995 3873
f 3835 3862 3863
f 3899 3895 3845
f 3845 4011 4010
f 3860 3859 3842
f 3861 3913 3912
f 4004 4011 3845
f 3898 3880 3857
f 3860 3842 4010
f 3930 3863 3999
f 4004 3882 4011
f 3877 3885 3905
f 3868 3935 4012
f 3928 3936 3848
f 3996 3840 3847
f 3840 3996 3927
f 3836 3900 3921
f 3968 3923 3990
f 3863 3887 3835
f 3860 4011 3882
f 3996 3983 3914
f 3843 3842 4009
f 3836 3923 3901
f 3983 3996 3847
f 3893 3848 3936
f 3909 3837 3836
f 3854 3871 3920
f 3990 3982 3968
f 3930 3888 3887
f 4009 3999 3843
f 4001 4009 3859
f 3859 3912 4001
f 3905 3904 3877
f 3964 3904 3903
f 3934 3866 3931
f 3895 3894 4002
f 3935 3867 3873
f 3869 3918 3867
f 3873 3929 3935
f 3936 3929 3873
f 3920 3855 3854
f 3932 3888 3930
f 4009 4001 3991
f 3912 3890 4001
f 3936 3993 3893
f 4012 3969 3868
f 4001 3890 3892
f 4012 3916 3917
f 3853 3918 3854
f 3895 3899 3857
f 3914 3891 3890
f 3995 3993 3873
f 3869 3969 3871
f 3925 3874 3998
f 3853 3904 3919
f 3842 3859 4009
f 4013 4014 4015
f 4016 4017 4018
f 4019 4020 4021
f 4022 4023 4024
f 4025 4026 4027
f 4028 4029 4030
f 4031 4032 4033
f 4034 4035 4036
f 4037 4038 4039
f 4040 4041 4015
f 4042 4043 4016
f 4043 4044 4045
f 4044 4043 4042
f 4020 4046 4021
f 4013 4044 4047
f 4045 4041 4017
f 4046 4014 4013
f 4048 4049 4037
f 4050 4044 4042
f 4038 4051 4052
f 4017 4043 4045
f 4053 4032 4031
f 4054 4055 4056
f 4023 4022 4057
f 4058 4027 4059
f 4060 4032 4039
f 4061 4062 4056
f 4063 4064 4060
f 4064 4050 4042
f 4059 4065 4058
f 4066 4028 4030
f 4047 4067 4021
f 4064 4042 4060
f 4026 4068 4069
f 4070 4071 4031
f 4072 4062 4041
f 4025 4058 4040
f 4019 4073 4020
f 4014 4074 4015
f 4061 4066 4062
f 4055 4075 4056
f 4041 4062 4017
f 4033 4042 4029
f 4030 4029 4018
f 4037 4039 4053
f 4037 4049 4076
f 4069 4068 4073
f 4027 4069 4077
f 4069 4073 4078
f 4079 4048 4071
f 4029 4042 4016
f 4017 4016 4043
f 4029 4031 4033
f 4062 4030 4018
f 4072 4059 4054
f 4068 4020 4073
f 4054 4059 4080
f 4077 4080 4027
f 4028 4031 4029
f 4081 4077 4069
f 4015 4044 4013
f 4082 4066 4061
f 4052 4039 4038
f 4058 4025 4027
f 4039 4032 4053
f 4083 4073 4019
f 4069 4027 4026
f 4052 4063 4060
f 4084 4078 4083
f 4085 4054 4080
f 4086 4076 4087
f 4088 4051 4089
f 4057 4022 4090
f 4026 4025 4074
f 4076 4086 4089
f 4091 4081 4078
f 4072 4054 4062
f 4061 4075 4082
f 4092 4053 4031
f 4093 4071 4070
f 4047 4046 4013
f 4074 4040 4015
f 4048 4092 4071
f 4026 4094 4068
f 4014 4020 4094
f 4078 4095 4096
f 4075 4061 4056
f 4058 4041 4040
f 4066 4070 4028
f 4078 4081 4069
f 4044 4041 4045
f 4095 4078 4084
f 4078 4096 4091
f 4056 4062 4054
f 4020 4068 4094
f 4076 4049 4087
f 4048 4037 4092
f 4094 4026 4014
f 4047 4034 4067
f 4053 4092 4037
f 4041 4058 4065
f 4028 4070 4031
f 4020 4014 4046
f 4088 4063 4051
f 4023 4095 4097
f 4078 4073 4083
f 4018 4029 4016
f 4040 4074 4025
f 4095 4023 4096
f 4041 4044 4015
f 4035 4034 4050
f 4030 4062 4066
f 4039 4052 4060
f 4066 4093 4070
f 4035 4063 4088
f 4051 4038 4076
f 4051 4063 4052
f 4021 4067 4019
f 4026 4074 4014
f 4046 4047 4021
f 4041 4065 4072
f 4051 4076 4089
f 4033 4060 4042
f 4054 4085 4055
f 4035 4088 4036
f 4050 4064 4035
f 4038 4037 4076
f 4035 4064 4063
f 4031 4071 4092
f 4065 4059 4072
f 4047 4050 4034
f 4044 4050 4047
f 4017 4062 4018
f 4032 4060 4033
f 4024 4023 4097
f 4080 4059 4027
f 4098 4099 4100
f 4098 4101 4102
f 4103 4104 4105
f 4106 4099 4107
f 4108 4098 4100
f 4108 4109 4101
f 4103 4105 4110
f 4111 4110 4105
f 4110 4111 4112
f 4101 4109 4113
f 4111 4114 4112
f 4107 4115 4106
f 4106 4108 4100
f 4116 4117 4118
f 4099 4098 4119
f 4109 4108 4120
f 4121 4113 4109
f 4113 4122 4118
f 4123 4118 4122
f 4124 4116 4118
f 4125 4126 4127
f 4109 4128 4129
f 4129 4122 4121
f 4130 4131 4132
f 4133 4129 4128
f 4134 4115 4135
f 4133 4136 4123
f 4131 4130 4137
f 4128 4134 4135
f 4136 4133 4138
f 4114 4139 4140
f 4141 4124 4136
f 4135 4142 4143
f 4143 4142 4144
f 4141 4130 4132
f 4130 4145 4146
f 4133 4135 4138
f 4147 4141 4148
f 4130 4141 4149
f 4150 4141 4147
f 4141 4150 4149
f 4138 4143 4151
f 4102 4105 4119
f 4152 4143 4144
f 4140 4153 4154
f 4150 4155 4149
f 4149 4156 4145
f 4157 4156 4158
f 4152 4151 4143
f 4149 4155 4159
f 4160 4157 4161
f 4162 4163 4164
f 4102 4111 4105
f 4119 4098 4102
f 4152 4165 4166
f 4167 4157 4158
f 4158 4156 4168
f 4125 4169 4126
f 4159 4168 4156
f 4170 4171 4172
f 4173 4157 4167
f 4161 4174 4162
f 4148 4136 4138
f 4175 4155 4151
f 4176 4173 4167
f 4177 4178 4179
f 4108 4115 4134
f 4180 4153 4179
f 4158 4168 4167
f 4114 4154 4181
f 4182 4152 4166
f 4183 4175 4184
f 4185 4184 4175
f 4186 4101 4113
f 4187 4188 4182
f 4182 4189 4187
f 4190 4184 4185
f 4148 4138 4147
f 4182 4188 4152
f 4120 4108 4134
f 4189 4191 4192
f 4105 4099 4119
f 4187 4189 4192
f 4115 4108 4106
f 4193 4194 4195
f 4196 4197 4198
f 4128 4109 4120
f 4139 4199 4177
f 4131 4116 4132
f 4200 4201 4137
f 4098 4108 4101
f 4183 4155 4175
f 4176 4167 4168
f 4133 4128 4135
f 4101 4186 4102
f 4145 4157 4160
f 4168 4159 4183
f 4124 4141 4132
f 4121 4122 4113
f 4099 4105 4104
f 4159 4155 4183
f 4129 4133 4122
f 4123 4136 4124
f 4166 4202 4203
f 4174 4161 4173
f 4150 4147 4155
f 4147 4138 4151
f 4151 4152 4175
f 4109 4129 4121
f 4165 4202 4166
f 4168 4184 4176
f 4191 4125 4127
f 4156 4157 4145
f 4118 4117 4113
f 4169 4125 4204
f 4184 4168 4183
f 4152 4188 4175
f 4199 4139 4186
f 4165 4152 4144
f 4205 4206 4196
f 4202 4204 4203
f 4100 4099 4106
f 4125 4191 4203
f 4164 4163 4207
f 4179 4139 4177
f 4178 4177 4194
f 4208 4170 4172
f 4209 4174 4176
f 4153 4170 4208
f 4210 4196 4198
f 4211 4205 4196
f 4182 4203 4189
f 4194 4177 4199
f 4153 4208 4212
f 4207 4200 4164
f 4137 4146 4164
f 4189 4203 4191
f 4181 4154 4212
f 4172 4171 4213
f 4194 4199 4117
f 4193 4195 4201
f 4174 4173 4176
f 4184 4209 4176
f 4146 4160 4164
f 4160 4161 4164
f 4117 4195 4194
f 4203 4182 4166
f 4208 4181 4212
f 4125 4203 4204
f 4135 4143 4138
f 4175 4188 4185
f 4113 4117 4186
f 4197 4214 4171
f 4164 4161 4162
f 4117 4199 4186
f 4137 4164 4200
f 4131 4137 4195
f 4170 4153 4215
f 4195 4137 4201
f 4206 4213 4214
f 4212 4154 4153
f 4173 4161 4157
f 4196 4214 4197
f 4116 4195 4117
f 4170 4216 4197
f 4134 4128 4120
f 4115 4142 4135
f 4217 4190 4185
f 4141 4136 4148
f 4170 4197 4171
f 4114 4102 4186
f 4118 4123 4124
f 4137 4130 4146
f 4114 4186 4139
f 4153 4140 4179
f 4206 4214 4196
f 4140 4139 4179
f 4196 4210 4211
f 4215 4153 4180
f 4195 4116 4131
f 4216 4170 4215
f 4156 4149 4159
f 4116 4124 4132
f 4171 4214 4213
f 4107 4099 4104
f 4151 4155 4147
f 4111 4102 4114
f 4188 4217 4185
f 4146 4145 4160
f 4188 4187 4217
f 4209 4184 4190
f 4149 4145 4130
f 4154 4114 4140
f 4107 4104 4103
f 4122 4133 4123
f 4218 4219 4220
f 4221 4222 4223
f 4224 4225 4226
f 4227 4228 4229
f 4230 4231 4232
f 4233 4228 4234
f 4235 4236 4229
f 4237 4238 4239
f 4229 4240 4241
f 4242 4243 4244
f 4245 4246 4247
f 4248 4249 4220
f 4250 4251 4252
f 4247 4253 4230
f 4242 4238 4254
f 4255 4256 4257
f 4258 4259 4260
f 4261 4262 4263
f 4252 4251 4233
f 4236 4264 4227
f 4251 4261 4263
f 4265 4266 4267
f 4268 4238 4237
f 4269 4270 4271
f 4220 4219 4272
f 4273 4274 4275
f 4276 4277 4242
f 4278 4250 4259
f 4263 4262 4279
f 4247 4246 4253
f 4236 4227 4280
f 4281 4282 4283
f 4284 4285 4286
f 4270 4269 4287
f 4233 4251 4263
f 4288 4219 4218
f 4284 4289 4290
f 4268 4291 4289
f 4292 4241 4293
f 4294 4295 4230
f 4275 4258 4256
f 4296 4234 4228
f 4297 4298 4299
f 4300 4301 4248
f 4224 4272 4219
f 4302 4303 4304
f 4305 4285 4290
f 4269 4271 4293
f 4306 4294 4307
f 4308 4273 4309
f 4273 4288 4309
f 4241 4310 4235
f 4255 4257 4245
f 4286 4220 4249
f 4311 4268 4289
f 4305 4218 4285
f 4312 4271 4270
f 4307 4264 4313
f 4220 4272 4300
f 4223 4299 4314
f 4246 4245 4257
f 4309 4289 4308
f 4218 4305 4288
f 4310 4315 4267
f 4266 4316 4267
f 4242 4244 4276
f 4311 4317 4249
f 4314 4299 4318
f 4295 4319 4230
f 4289 4284 4311
f 4281 4306 4307
f 4320 4321 4322
f 4256 4260 4323
f 4279 4324 4263
f 4294 4264 4307
f 4274 4273 4325
f 4255 4224 4219
f 4326 4275 4256
f 4231 4253 4323
f 4263 4324 4233
f 4327 4328 4312
f 4264 4296 4228
f 4291 4268 4329
f 4259 4234 4330
f 4294 4306 4295
f 4243 4242 4254
f 4278 4331 4332
f 4333 4304 4325
f 4274 4303 4302
f 4249 4254 4311
f 4246 4256 4323
f 4234 4334 4330
f 4335 4245 4247
f 4282 4307 4313
f 4319 4247 4230
f 4282 4313 4266
f 4299 4243 4254
f 4292 4310 4241
f 4237 4329 4268
f 4236 4316 4266
f 4274 4332 4336
f 4287 4269 4240
f 4222 4244 4243
f 4326 4255 4288
f 4310 4267 4235
f 4322 4337 4244
f 4249 4338 4254
f 4330 4323 4260
f 4339 4270 4340
f 4228 4227 4264
f 4282 4281 4307
f 4226 4272 4224
f 4260 4259 4330
f 4279 4262 4341
f 4258 4275 4336
f 4228 4324 4240
f 4231 4323 4330
f 4234 4252 4233
f 4297 4299 4338
f 4308 4329 4333
f 4254 4338 4299
f 4243 4299 4223
f 4312 4328 4271
f 4223 4222 4243
f 4325 4303 4274
f 4334 4294 4232
f 4259 4258 4331
f 4244 4222 4322
f 4340 4287 4341
f 4337 4322 4321
f 4279 4341 4287
f 4284 4317 4311
f 4286 4249 4317
f 4235 4229 4241
f 4231 4330 4334
f 4249 4248 4338
f 4293 4241 4240
f 4303 4325 4304
f 4228 4240 4229
f 4225 4224 4245
f 4333 4325 4308
f 4314 4221 4223
f 4224 4255 4245
f 4264 4294 4334
f 4287 4340 4270
f 4331 4258 4336
f 4260 4256 4258
f 4275 4274 4336
f 4234 4264 4334
f 4290 4309 4305
f 4236 4266 4313
f 4242 4239 4238
f 4337 4276 4244
f 4222 4320 4322
f 4317 4284 4286
f 4253 4231 4230
f 4294 4230 4232
f 4280 4227 4229
f 4309 4288 4305
f 4338 4248 4297
f 4219 4288 4255
f 4300 4248 4220
f 4229 4236 4280
f 4272 4226 4300
f 4266 4283 4282
f 4325 4273 4308
f 4286 4285 4218
f 4264 4236 4313
f 4336 4332 4331
f 4342 4315 4292
f 4233 4324 4228
f 4235 4316 4236
f 4259 4250 4252
f 4329 4308 4291
f 4220 4286 4218
f 4309 4290 4289
f 4326 4288 4273
f 4264 4234 4296
f 4266 4265 4283
f 4259 4331 4278
f 4252 4234 4259
f 4267 4316 4235
f 4320 4222 4221
f 4297 4248 4301
f 4290 4285 4284
f 4254 4238 4311
f 4326 4256 4255
f 4324 4287 4240
f 4289 4291 4308
f 4315 4310 4292
f 4273 4275 4326
f 4265 4267 4342
f 4253 4246 4323
f 4332 4274 4302
f 4269 4293 4240
f 4239 4242 4277
f 4324 4279 4287
f 4232 4231 4334
f 4247 4319 4335
f 4256 4246 4257
f 4268 4311 4238
f 4312 4270 4339
f 4318 4299 4298
f 4267 4315 4342
f 4343 4344 4345
f 4345 4344 4346
f 4343 4345 4347
f 4348 4349 4350
f 4350 4351 4348
f 4346 4344 4352
f 4344 4343 4353
f 4354 4347 4355
f 4343 4347 4356
f 4347 4345 4357
f 4344 4353 4352
f 4346 4352 4358
f 4346 4358 4349
f 4353 4343 4359
f 4346 4348 4357
f 4353 4358 4352
f 4349 4358 4360
f 4361 4359 4356
f 4357 4345 4346
f 4360 4362 4363
f 4353 4364 4358
f 4365 4347 4357
f 4357 4348 4365
f 4366 4367 4364
f 4364 4359 4368
f 4359 4361 4368
f 4367 4366 4369
f 4370 4371 4372
f 4364 4353 4359
f 4358 4367 4360
f 4373 4369 4366
f 4367 4362 4360
f 4343 4356 4359
f 4374 4370 4372
f 4375 4376 4377
f 4378 4379 4380
f 4380 4381 4378
f 4382 4373 4368
f 4383 4384 4385
f 4382 4368 4386
f 4387 4376 4372
f 4376 4387 4388
f 4389 4390 4391
f 4382 4386 4392
f 4393 4394 4387
f 4394 4395 4387
f 4395 4394 4396
f 4372 4371 4387
f 4397 4380 4379
f 4398 4399 4400
f 4358 4364 4367
f 4401 4375 4402
f 4372 4403 4374
f 4389 4397 4404
f 4372 4401 4403
f 4379 4378 4405
f 4390 4389 4404
f 4375 4391 4402
f 4398 4406 4355
f 4407 4408 4409
f 4374 4410 4370
f 4411 4412 4398
f 4413 4414 4415
f 4389 4416 4380
f 4417 4418 4419
f 4378 4420 4421
f 4422 4423 4424
f 4376 4401 4372
f 4390 4425 4391
f 4404 4423 4390
f 4423 4404 4397
f 4397 4389 4380
f 4426 4427 4400
f 4425 4415 4391
f 4391 4416 4389
f 4401 4402 4414
f 4402 4391 4415
f 4414 4402 4415
f 4428 4429 4430
f 4391 4375 4416
f 4431 4429 4428
f 4416 4381 4380
f 4395 4432 4388
f 4433 4434 4435
f 4430 4436 4434
f 4401 4414 4403
f 4374 4403 4414
f 4416 4375 4381
f 4430 4396 4394
f 4433 4428 4434
f 4434 4436 4435
f 4434 4428 4430
f 4437 4438 4361
f 4439 4440 4441
f 4442 4443 4444
f 4445 4446 4441
f 4347 4365 4355
f 4447 4379 4405
f 4410 4374 4414
f 4381 4377 4378
f 4448 4441 4446
f 4421 4405 4378
f 4443 4392 4446
f 4375 4377 4381
f 4438 4437 4439
f 4444 4446 4445
f 4449 4450 4440
f 4361 4451 4452
f 4424 4423 4453
f 4441 4440 4450
f 4439 4437 4361
f 4347 4354 4356
f 4454 4445 4450
f 4439 4452 4455
f 4453 4454 4450
f 4456 4444 4454
f 4448 4392 4386
f 4450 4445 4441
f 4453 4450 4449
f 4444 4445 4454
f 4365 4348 4398
f 4377 4420 4378
f 4423 4454 4453
f 4444 4456 4442
f 4366 4364 4368
f 4438 4448 4386
f 4446 4392 4448
f 4455 4440 4439
f 4443 4446 4444
f 4452 4439 4361
f 4432 4420 4377
f 4449 4424 4453
f 4368 4361 4438
f 4423 4456 4454
f 4349 4348 4346
f 4442 4456 4379
f 4375 4401 4376
f 4388 4432 4377
f 4440 4455 4449
f 4373 4366 4368
f 4449 4422 4424
f 4397 4456 4423
f 4442 4379 4447
f 4388 4377 4376
f 4420 4457 4421
f 4397 4379 4456
f 4369 4362 4367
f 4458 4442 4447
f 4438 4439 4441
f 4405 4458 4447
f 4448 4438 4441
f 4420 4432 4457
f 4393 4387 4371
f 4387 4395 4388
f 4432 4459 4457
f 4459 4432 4395
f 4395 4396 4460
f 4459 4395 4460
f 4396 4429 4460
f 4429 4459 4460
f 4396 4430 4429
f 4431 4459 4429
f 4438 4386 4368
f 4363 4349 4360
f 4384 4426 4385
f 4461 4462 4417
f 4463 4400 4399
f 4349 4363 4350
f 4384 4464 4427
f 4398 4412 4399
f 4426 4407 4385
f 4365 4398 4355
f 4385 4409 4383
f 4465 4466 4467
f 4464 4354 4406
f 4399 4468 4418
f 4406 4354 4355
f 4466 4409 4467
f 4469 4407 4400
f 4356 4354 4464
f 4409 4466 4383
f 4470 4466 4451
f 4427 4426 4384
f 4407 4426 4400
f 4356 4464 4470
f 4411 4348 4351
f 4399 4412 4468
f 4471 4463 4462
f 4427 4406 4400
f 4464 4406 4427
f 4466 4465 4451
f 4407 4469 4408
f 4469 4463 4471
f 4418 4417 4463
f 4400 4406 4398
f 4472 4469 4471
f 4407 4409 4385
f 4464 4384 4470
f 4472 4408 4469
f 4466 4384 4383
f 4399 4418 4463
f 4356 4470 4361
f 4361 4470 4451
f 4348 4411 4398
f 4469 4400 4463
f 4384 4466 4470
f 4417 4419 4461
f 4417 4462 4463
f 4473 4474 4475
f 4476 4477 4478
f 4477 4479 4478
f 4476 4480 4477
f 4481 4482 4483
f 4484 4485 4486
f 4487 4488 4489
f 4490 4491 4483
f 4492 4493 4494
f 4495 4479 4496
f 4497 4498 4499
f 4500 4501 4502
f 4503 4504 4505
f 4506 4507 4493
f 4508 4509 4510
f 4501 4499 4511
f 4512 4513 4480
f 4514 4515 4516
f 4517 4509 4518
f 4495 4519 4520
f 4475 4521 4522
f 4519 4523 4487
f 4524 4492 4494
f 4475 4525 4526
f 4516 4527 4514
f 4475 4528 4529
f 4479 4495 4530
f 4531 4499 4501
f 4532 4533 4496
f 4521 4475 4474
f 4534 4535 4536
f 4537 4538 4539
f 4540 4541 4507
f 4533 4532 4542
f 4543 4544 4545
f 4546 4506 4493
f 4519 4495 4533
f 4493 4541 4494
f 4498 4497 4547
f 4524 4548 4549
f 4550 4551 4527
f 4552 4517 4553
f 4543 4504 4544
f 4554 4484 4488
f 4531 4497 4499
f 4500 4555 4501
f 4556 4557 4558
f 4559 4536 4535
f 4526 4525 4560
f 4488 4484 4489
f 4534 4503 4561
f 4534 4562 4504
f 4524 4494 4563
f 4489 4537 4487
f 4518 4509 4508
f 4540 4564 4541
f 4520 4530 4495
f 4562 4534 4536
f 4560 4515 4514
f 4565 4524 4566
f 4567 4539 4538
f 4541 4493 4507
f 4536 4494 4562
f 4521 4477 4568
f 4501 4569 4502
f 4496 4533 4495
f 4477 4508 4568
f 4540 4570 4516
f 4571 4572 4542
f 4504 4564 4573
f 4555 4497 4531
f 4574 4505 4575
f 4575 4509 4574
f 4566 4555 4500
f 4497 4566 4563
f 4528 4475 4526
f 4544 4573 4576
f 4526 4551 4528
f 4552 4577 4578
f 4579 4580 4535
f 4515 4540 4516
f 4581 4553 4518
f 4546 4493 4492
f 4494 4564 4562
f 4582 4539 4567
f 4487 4520 4519
f 4583 4492 4549
f 4546 4550 4506
f 4570 4540 4507
f 4527 4551 4514
f 4577 4534 4561
f 4507 4506 4570
f 4576 4515 4560
f 4584 4554 4523
f 4480 4476 4512
f 4572 4533 4542
f 4526 4514 4551
f 4500 4565 4566
f 4492 4524 4549
f 4505 4574 4503
f 4521 4474 4542
f 4497 4555 4566
f 4585 4584 4586
f 4586 4584 4571
f 4504 4543 4505
f 4564 4504 4562
f 4571 4587 4586
f 4581 4513 4512
f 4488 4487 4523
f 4543 4545 4575
f 4588 4475 4529
f 4508 4510 4568
f 4587 4571 4474
f 4585 4586 4587
f 4475 4588 4473
f 4564 4540 4515
f 4578 4561 4574
f 4587 4485 4585
f 4489 4484 4486
f 4551 4529 4528
f 4541 4564 4494
f 4563 4559 4497
f 4527 4516 4570
f 4484 4554 4585
f 4535 4577 4579
f 4589 4579 4552
f 4563 4536 4559
f 4579 4577 4590
f 4552 4590 4577
f 4494 4536 4563
f 4564 4515 4573
f 4563 4566 4524
f 4508 4513 4518
f 4552 4579 4590
f 4514 4526 4560
f 4573 4544 4504
f 4580 4579 4591
f 4504 4503 4534
f 4592 4593 4594
f 4573 4515 4576
f 4553 4595 4557
f 4479 4532 4496
f 4497 4559 4580
f 4589 4596 4579
f 4559 4535 4580
f 4591 4579 4596
f 4596 4589 4556
f 4591 4497 4580
f 4533 4572 4523
f 4522 4576 4560
f 4560 4525 4522
f 4522 4525 4475
f 4505 4543 4575
f 4544 4522 4545
f 4500 4502 4565
f 4561 4578 4577
f 4574 4509 4578
f 4521 4545 4522
f 4575 4545 4568
f 4596 4547 4591
f 4487 4537 4539
f 4547 4497 4591
f 4547 4596 4482
f 4510 4575 4568
f 4570 4506 4550
f 4524 4565 4548
f 4485 4484 4585
f 4532 4479 4477
f 4572 4584 4523
f 4482 4498 4547
f 4501 4511 4569
f 4576 4522 4544
f 4593 4592 4558
f 4542 4532 4477
f 4557 4593 4558
f 4593 4557 4595
f 4594 4595 4581
f 4512 4594 4581
f 4595 4553 4581
f 4577 4535 4534
f 4578 4517 4552
f 4593 4595 4594
f 4517 4578 4509
f 4542 4474 4571
f 4477 4521 4542
f 4523 4554 4488
f 4482 4596 4490
f 4557 4556 4589
f 4589 4553 4557
f 4509 4575 4510
f 4513 4508 4480
f 4490 4596 4556
f 4558 4592 4556
f 4518 4513 4581
f 4498 4482 4481
f 4508 4477 4480
f 4521 4568 4545
f 4570 4550 4527
f 4561 4503 4574
f 4555 4531 4501
f 4523 4519 4533
f 4582 4487 4539
f 4483 4482 4490
f 4473 4587 4474
f 4553 4517 4518
f 4554 4584 4585
f 4491 4490 4556
f 4584 4572 4571
f 4553 4589 4552
f 4556 4592 4491
f 4597 4598 4599
f 4600 4601 4602
f 4603 4604 4605
f 4606 4607 4608
f 4609 4610 4611
f 4612 4613 4614
f 4615 4616 4617
f 4618 4608 4619
f 4600 4602 4620
f 4621 4622 4623
f 4624 4617 4616
f 4604 4625 4626
f 4627 4607 4628
f 4613 4629 4625
f 4610 4609 4630
f 4631 4632 4609
f 4632 4633 4634
f 4635 4636 4637
f 4638 4621 4639
f 4640 4641 4617
f 4642 4643 4614
f 4613 4625 4642
f 4644 4632 4645
f 4646 4647 4648
f 4642 4625 4604
f 4649 4636 4650
f 4651 4652 4646
f 4653 4618 4601
f 4616 4623 4622
f 4654 4655 4643
f 4629 4656 4631
f 4608 4654 4619
f 4654 4642 4657
f 4655 4607 4658
f 4607 4627 4658
f 4631 4609 4641
f 4659 4641 4640
f 4634 4652 4651
f 4660 4661 4662
f 4663 4664 4665
f 4646 4652 4647
f 4666 4648 4647
f 4652 4633 4667
f 4652 4666 4647
f 4632 4668 4633
f 4663 4635 4637
f 4669 4670 4660
f 4648 4666 4671
f 4672 4673 4674
f 4668 4667 4633
f 4652 4667 4666
f 4656 4613 4675
f 4676 4612 4673
f 4605 4626 4677
f 4638 4678 4603
f 4679 4671 4666
f 4680 4681 4682
f 4683 4637 4684
f 4630 4609 4644
f 4685 4597 4686
f 4666 4687 4679
f 4688 4689 4658
f 4668 4676 4667
f 4637 4690 4684
f 4691 4692 4674
f 4693 4681 4694
f 4681 4680 4695
f 4693 4694 4636
f 4636 4635 4696
f 4607 4654 4608
f 4656 4675 4668
f 4616 4615 4623
f 4667 4676 4687
f 4675 4612 4676
f 4612 4643 4697
f 4662 4698 4692
f 4676 4672 4687
f 4673 4612 4697
f 4669 4692 4670
f 4677 4622 4699
f 4610 4615 4611
f 4636 4694 4650
f 4668 4632 4656
f 4641 4615 4617
f 4628 4607 4606
f 4650 4700 4649
f 4613 4642 4614
f 4637 4664 4663
f 4662 4680 4698
f 4685 4700 4597
f 4643 4655 4697
f 4676 4673 4672
f 4701 4697 4655
f 4605 4699 4638
f 4673 4701 4702
f 4631 4641 4659
f 4597 4694 4695
f 4662 4703 4695
f 4704 4705 4706
f 4702 4689 4707
f 4699 4605 4677
f 4649 4690 4637
f 4708 4690 4709
f 4710 4672 4698
f 4678 4657 4603
f 4692 4672 4674
f 4674 4673 4702
f 4701 4655 4689
f 4701 4689 4702
f 4599 4711 4597
f 4703 4597 4695
f 4637 4683 4664
f 4622 4677 4624
f 4692 4698 4672
f 4597 4703 4598
f 4631 4659 4629
f 4712 4685 4705
f 4680 4682 4679
f 4601 4618 4602
f 4639 4619 4678
f 4622 4621 4699
f 4640 4677 4626
f 4634 4633 4652
f 4687 4666 4667
f 4669 4662 4692
f 4644 4609 4632
f 4619 4654 4657
f 4645 4632 4634
f 4653 4606 4608
f 4628 4606 4713
f 4691 4702 4707
f 4670 4692 4691
f 4708 4685 4712
f 4698 4680 4710
f 4606 4653 4713
f 4623 4600 4620
f 4714 4681 4693
f 4686 4705 4685
f 4702 4691 4674
f 4597 4711 4686
f 4696 4693 4636
f 4709 4685 4708
f 4695 4694 4681
f 4603 4642 4604
f 4649 4709 4690
f 4706 4686 4711
f 4675 4613 4612
f 4689 4688 4707
f 4650 4597 4700
f 4616 4622 4624
f 4621 4620 4639
f 4625 4629 4659
f 4613 4656 4629
f 4598 4703 4661
f 4680 4662 4695
f 4620 4621 4623
f 4662 4661 4703
f 4608 4618 4653
f 4699 4621 4638
f 4615 4641 4611
f 4715 4665 4716
f 4659 4626 4625
f 4696 4663 4717
f 4713 4653 4601
f 4637 4636 4649
f 4679 4718 4671
f 4717 4719 4720
f 4696 4721 4693
f 4663 4696 4635
f 4715 4717 4663
f 4663 4665 4715
f 4720 4719 4721
f 4642 4654 4643
f 4719 4722 4721
f 4620 4619 4639
f 4673 4697 4701
f 4723 4724 4722
f 4724 4693 4722
f 4714 4682 4681
f 4714 4693 4724
f 4725 4714 4724
f 4714 4725 4682
f 4720 4696 4717
f 4725 4718 4682
f 4668 4675 4676
f 4709 4700 4685
f 4638 4603 4605
f 4626 4659 4640
f 4722 4693 4721
f 4682 4718 4679
f 4614 4643 4612
f 4721 4696 4720
f 4687 4672 4710
f 4642 4603 4657
f 4641 4609 4611
f 4654 4607 4655
f 4617 4624 4640
f 4724 4723 4725
f 4655 4658 4689
f 4678 4638 4639
f 4624 4677 4640
f 4710 4680 4679
f 4657 4678 4619
f 4712 4705 4704
f 4626 4605 4604
f 4662 4669 4660
f 4687 4710 4679
f 4597 4650 4694
f 4705 4686 4706
f 4649 4700 4709
f 4656 4632 4631
f 4620 4618 4619
f 4618 4620 4602
f 4598 4661 4599
f 4660 4599 4661
f 4726 4727 4728
f 4729 4730 4731
f 4732 4733 4734
f 4735 4736 4737
f 4738 4739 4740
f 4741 4742 4743
f 4744 4745 4729
f 4746 4747 4748
f 4749 4750 4751
f 4752 4732 4734
f 4746 4748 4740
f 4752 4734 4753
f 4754 4755 4756
f 4757 4758 4759
f 4760 4761 4762
f 4763 4764 4765
f 4766 4767 4768
f 4769 4770 4771
f 4772 4773 4766
f 4774 4775 4754
f 4776 4777 4756
f 4774 4778 4779
f 4780 4781 4782
f 4779 4783 4784
f 4742 4758 4785
f 4786 4738 4753
f 4786 4739 4738
f 4780 4787 4788
f 4789 4790 4791
f 4745 4787 4729
f 4777 4792 4793
f 4794 4742 4728
f 4795 4796 4750
f 4741 4743 4797
f 4745 4798 4799
f 4800 4801 4802
f 4797 4766 4773
f 4803 4763 4765
f 4758 4757 4804
f 4805 4806 4767
f 4758 4804 4785
f 4733 4763 4803
f 4807 4808 4809
f 4810 4811 4789
f 4812 4813 4814
f 4779 4784 4774
f 4815 4816 4817
f 4768 4772 4766
f 4807 4802 4818
f 4819 4820 4744
f 4821 4785 4761
f 4748 4769 4822
f 4807 4823 4802
f 4824 4820 4825
f 4737 4750 4735
f 4814 4826 4812
f 4827 4791 4790
f 4828 4829 4830
f 4831 4832 4819
f 4833 4774 4754
f 4834 4816 4815
f 4835 4757 4759
f 4761 4760 4813
f 4832 4831 4836
f 4807 4809 4837
f 4821 4813 4812
f 4731 4838 4839
f 4731 4840 4841
f 4738 4822 4752
f 4736 4842 4737
f 4843 4747 4828
f 4767 4743 4844
f 4840 4760 4762
f 4824 4776 4788
f 4845 4778 4833
f 4730 4780 4782
f 4791 4827 4733
f 4846 4847 4760
f 4775 4781 4755
f 4792 4825 4848
f 4828 4849 4843
f 4845 4843 4778
f 4810 4825 4850
f 4742 4794 4851
f 4818 4802 4852
f 4790 4789 4811
f 4729 4731 4751
f 4743 4851 4844
f 4820 4819 4832
f 4848 4789 4853
f 4854 4849 4830
f 4792 4776 4824
f 4804 4761 4785
f 4756 4855 4771
f 4824 4788 4798
f 4783 4779 4856
f 4857 4760 4858
f 4770 4748 4747
f 4781 4859 4755
f 4823 4807 4837
f 4734 4733 4827
f 4800 4802 4823
f 4860 4836 4831
f 4740 4748 4738
f 4810 4815 4817
f 4815 4850 4836
f 4833 4771 4845
f 4765 4777 4803
f 4782 4781 4775
f 4824 4825 4792
f 4760 4839 4858
f 4760 4847 4813
f 4839 4838 4858
f 4742 4851 4743
f 4856 4779 4849
f 4753 4738 4752
f 4841 4749 4751
f 4861 4776 4859
f 4836 4860 4815
f 4860 4834 4815
f 4777 4776 4792
f 4806 4768 4767
f 4785 4728 4742
f 4849 4854 4856
f 4796 4735 4750
f 4803 4777 4853
f 4801 4852 4802
f 4820 4745 4744
f 4747 4829 4828
f 4769 4748 4770
f 4737 4842 4862
f 4793 4853 4777
f 4859 4776 4756
f 4785 4821 4812
f 4818 4808 4807
f 4782 4863 4730
f 4808 4772 4768
f 4787 4745 4799
f 4776 4861 4788
f 4727 4726 4864
f 4765 4855 4777
f 4762 4757 4840
f 4840 4731 4760
f 4851 4805 4844
f 4781 4861 4859
f 4834 4860 4865
f 4778 4849 4779
f 4820 4850 4825
f 4728 4812 4826
f 4789 4848 4810
f 4791 4853 4789
f 4861 4780 4788
f 4799 4788 4787
f 4764 4771 4765
f 4813 4821 4761
f 4866 4805 4851
f 4853 4791 4803
f 4857 4867 4846
f 4811 4817 4868
f 4771 4770 4845
f 4806 4809 4768
f 4850 4832 4836
f 4841 4751 4731
f 4843 4845 4770
f 4814 4813 4847
f 4781 4780 4861
f 4808 4818 4772
f 4767 4766 4743
f 4863 4838 4730
f 4764 4769 4771
f 4765 4771 4855
f 4867 4847 4846
f 4730 4838 4731
f 4764 4763 4732
f 4790 4811 4868
f 4803 4791 4733
f 4754 4771 4833
f 4770 4747 4843
f 4767 4844 4805
f 4728 4727 4794
f 4764 4822 4769
f 4869 4744 4729
f 4755 4754 4775
f 4869 4751 4737
f 4784 4870 4774
f 4750 4737 4751
f 4804 4757 4762
f 4831 4865 4860
f 4849 4828 4830
f 4849 4778 4843
f 4863 4782 4784
f 4857 4846 4760
f 4757 4835 4840
f 4820 4798 4745
f 4825 4810 4848
f 4832 4850 4820
f 4840 4835 4749
f 4774 4833 4778
f 4750 4749 4835
f 4755 4859 4756
f 4862 4831 4869
f 4831 4862 4865
f 4847 4867 4814
f 4766 4797 4743
f 4870 4782 4775
f 4785 4812 4728
f 4822 4764 4732
f 4728 4826 4726
f 4762 4761 4804
f 4829 4854 4830
f 4798 4820 4824
f 4866 4727 4864
f 4831 4819 4869
f 4799 4798 4788
f 4758 4742 4741
f 4782 4870 4784
f 4841 4840 4749
f 4775 4774 4870
f 4763 4733 4732
f 4869 4819 4744
f 4862 4869 4737
f 4756 4771 4754
f 4795 4750 4835
f 4866 4851 4727
f 4869 4729 4751
f 4822 4738 4748
f 4817 4811 4810
f 4756 4777 4855
f 4727 4851 4794
f 4780 4730 4787
f 4730 4729 4787
f 4796 4736 4735
f 4731 4839 4760
f 4793 4792 4848
f 4853 4793 4848
f 4808 4768 4809
f 4752 4822 4732
f 4815 4810 4850
f 4871 4872 4873
f 4874 4875 4876
f 4877 4878 4879
f 4880 4881 4882
f 4883 4884 4885
f 4886 4887 4883
f 4876 4888 4889
f 4890 4891 4892
f 4893 4894 4895
f 4896 4897 4871
f 4898 4899 4900
f 4901 4902 4903
f 4898 4904 4905
f 4906 4881 4890
f 4907 4908 4909
f 4910 4911 4912
f 4913 4914 4915
f 4916 4917 4907
f 4872 4911 4910
f 4876 4918 4874
f 4898 4884 4883
f 4919 4920 4921
f 4886 4883 4885
f 4922 4923 4924
f 4925 4906 4926
f 4908 4927 4900
f 4884 4898 4905
f 4928 4929 4925
f 4930 4931 4917
f 4881 4906 4932
f 4872 4933 4934
f 4935 4936 4896
f 4915 4937 4913
f 4938 4939 4896
f 4932 4906 4929
f 4940 4941 4942
f 4875 4874 4943
f 4944 4936 4935
f 4885 4884 4945
f 4946 4936 4944
f 4938 4929 4928
f 4926 4947 4925
f 4873 4899 4887
f 4904 4948 4949
f 4950 4951 4934
f 4909 4900 4899
f 4952 4953 4954
f 4938 4896 4936
f 4943 4906 4890
f 4940 4931 4955
f 4956 4916 4914
f 4916 4956 4957
f 4958 4956 4959
f 4917 4960 4961
f 4930 4955 4931
f 4897 4962 4933
f 4963 4964 4965
f 4937 4915 4912
f 4966 4967 4968
f 4969 4970 4968
f 4930 4917 4971
f 4873 4887 4886
f 4887 4899 4898
f 4972 4953 4973
f 4914 4913 4974
f 4975 4971 4973
f 4976 4972 4973
f 4977 4978 4979
f 4950 4933 4962
f 4980 4972 4981
f 4942 4952 4948
f 4956 4893 4957
f 4881 4932 4946
f 4893 4956 4958
f 4982 4911 4951
f 4941 4983 4942
f 4984 4970 4969
f 4985 4901 4903
f 4983 4941 4955
f 4917 4961 4971
f 4915 4910 4912
f 4962 4876 4950
f 4895 4960 4957
f 4976 4961 4960
f 4891 4890 4880
f 4940 4955 4941
f 4986 4980 4903
f 4907 4940 4908
f 4900 4909 4908
f 4942 4983 4952
f 4976 4895 4987
f 4955 4975 4983
f 4886 4988 4873
f 4989 4969 4968
f 4903 4980 4981
f 4893 4895 4957
f 4926 4874 4918
f 4960 4895 4976
f 4952 4954 4990
f 4991 4949 4992
f 4910 4915 4909
f 4993 4935 4988
f 4994 4948 4952
f 4959 4956 4974
f 4970 4984 4995
f 4996 4997 4980
f 4994 4952 4990
f 4906 4943 4926
f 4960 4917 4916
f 4949 4994 4992
f 4986 4903 4965
f 4986 4998 4999
f 4973 4961 4976
f 4934 4933 4950
f 4930 4971 4975
f 4953 4975 4973
f 4895 4894 5000
f 4949 4948 4994
f 4922 4924 4965
f 4897 4933 4871
f 4987 4981 4972
f 5001 5002 4984
f 4904 4898 4900
f 4907 4931 4940
f 4948 4904 4940
f 4872 4871 4933
f 4882 4946 4944
f 4999 5003 4996
f 4981 5000 4985
f 4990 4992 4994
f 4871 4988 4896
f 4949 4991 4905
f 4911 4872 4934
f 5004 5002 5001
f 5005 4992 4990
f 4891 4921 4892
f 4953 4952 4983
f 4874 4926 4943
f 4990 4954 5006
f 4954 4953 4972
f 4995 4984 5002
f 4963 4922 4964
f 4981 4987 5000
f 4990 5007 5005
f 5008 4998 4924
f 4954 4977 5006
f 5007 4990 5006
f 4997 4954 4972
f 4897 4896 4939
f 4997 4972 4980
f 4945 4884 4905
f 4951 4911 4934
f 4977 5009 5006
f 4915 4907 4909
f 4922 4965 4964
f 4939 4938 5010
f 4939 5011 4897
f 4929 4946 4932
f 4927 4904 4900
f 4999 5012 5003
f 5013 5014 4978
f 4986 4999 4980
f 4886 4993 4988
f 4954 4997 4977
f 4947 4876 4962
f 4978 5003 5012
f 4905 4904 4949
f 5011 4947 4962
f 4981 4985 4903
f 4980 4999 4996
f 5015 5003 4978
f 4963 4965 4902
f 4947 5010 4928
f 4979 5016 5009
f 4988 4871 4873
f 5003 4977 4997
f 5016 5007 5009
f 4935 5017 4944
f 4918 4947 4926
f 4955 4930 4975
f 4977 5003 5015
f 4978 4977 5015
f 4997 4996 5003
f 4921 4891 4919
f 4968 4970 4966
f 4977 4979 5009
f 4978 5014 4979
f 4979 4967 5016
f 4940 4927 4908
f 4967 4979 5014
f 4966 4970 4995
f 4971 4961 4973
f 4978 5012 5013
f 5014 4968 4967
f 5013 4989 5014
f 4924 4998 4986
f 5014 4989 4968
f 4876 5018 4950
f 4965 4924 4986
f 4938 4928 5010
f 4878 4998 4879
f 5008 4879 4998
f 4943 4890 4892
f 4903 4902 4965
f 4909 4899 4910
f 4895 5000 4987
f 4916 4915 4914
f 5010 4947 5011
f 4916 4907 4915
f 5011 4939 5010
f 4974 4956 4914
f 4876 4889 5018
f 4931 4907 4917
f 4947 4928 4925
f 4920 4919 5019
f 4946 4882 4881
f 4929 4906 4925
f 4972 4976 4987
f 5006 5009 5007
f 4943 4892 4875
f 4923 5008 4924
f 4960 4916 4957
f 4872 4910 4899
f 4938 4936 4946
f 4875 4888 4876
f 4912 4911 4982
f 4872 4899 4873
f 4962 4897 5011
f 4951 4950 5018
f 4898 4883 4887
f 4975 4953 4983
f 4946 4929 4938
f 4942 4948 4940
f 4894 4893 4958
f 4988 4935 4896
f 4920 4892 4921
f 4890 4881 4880
f 4918 4876 4947
f 4927 4940 4904
f 5020 5021 5022
f 5023 5024 5025
f 5026 5027 5028
f 5029 5030 5031
f 5032 5033 5034
f 5035 5028 5027
f 5036 5037 5038
f 5036 5039 5037
f 5040 5030 5041
f 5042 5043 5044
f 5045 5046 5047
f 5043 5048 5049
f 5049 5048 5050
f 5051 5052 5026
f 5027 5026 5025
f 5053 5054 5055
f 5056 5057 5058
f 5059 5060 5061
f 5062 5063 5064
f 5044 5065 5042
f 5066 5067 5068
f 5069 5022 5047
f 5070 5071 5072
f 5073 5074 5075
f 5076 5077 5078
f 5079 5080 5041
f 5081 5082 5055
f 5037 5039 5083
f 5051 5084 5085
f 5086 5085 5084
f 5087 5036 5088
f 5079 5056 5089
f 5090 5091 5092
f 5093 5094 5095
f 5068 5096 5097
f 5068 5097 5098
f 5099 5100 5101
f 5080 5102 5073
f 5103 5104 5105
f 5106 5034 5033
f 5098 5097 5107
f 5108 5109 5110
f 5038 5050 5036
f 5025 5111 5062
f 5080 5112 5113
f 5114 5115 5116
f 5117 5118 5057
f 5100 5063 5108
f 5046 5119 5120
f 5095 5121 5122
f 5123 5124 5125
f 5100 5108 5126
f 5127 5121 5094
f 5128 5117 5047
f 5129 5130 5131
f 5050 5048 5088
f 5115 5132 5102
f 5042 5065 5020
f 5066 5098 5133
f 5045 5021 5134
f 5114 5057 5118
f 5060 5059 5024
f 5113 5115 5102
f 5105 5135 5103
f 5069 5117 5136
f 5137 5069 5136
f 5131 5130 5093
f 5030 5029 5138
f 5124 5120 5125
f 5132 5139 5074
f 5113 5058 5116
f 5056 5079 5043
f 5084 5129 5086
f 5139 5094 5140
f 5120 5128 5047
f 5036 5087 5039
f 5135 5106 5141
f 5021 5020 5142
f 5031 5143 5029
f 5042 5020 5137
f 5052 5111 5025
f 5144 5078 5074
f 5145 5146 5109
f 5092 5091 5121
f 5058 5113 5112
f 5147 5041 5148
f 5041 5030 5148
f 5122 5091 5090
f 5075 5149 5073
f 5064 5099 5101
f 5150 5151 5146
f 5118 5117 5128
f 5100 5099 5063
f 5112 5080 5079
f 5056 5137 5136
f 5152 5153 5020
f 5138 5039 5030
f 5154 5037 5155
f 5068 5098 5066
f 5078 5077 5156
f 5072 5157 5070
f 5143 5031 5156
f 5139 5144 5074
f 5032 5081 5158
f 5096 5070 5157
f 5159 5105 5104
f 5114 5124 5115
f 5148 5039 5087
f 5122 5160 5161
f 5059 5061 5140
f 5162 5098 5107
f 5163 5137 5056
f 5150 5068 5067
f 5052 5025 5026
f 5040 5031 5030
f 5117 5056 5136
f 5156 5031 5149
f 5022 5021 5047
f 5124 5123 5127
f 5146 5145 5070
f 5140 5144 5139
f 5150 5096 5068
f 5036 5050 5088
f 5094 5059 5140
f 5020 5065 5152
f 5047 5117 5069
f 5127 5139 5124
f 5027 5025 5024
f 5035 5059 5093
f 5151 5150 5164
f 5123 5121 5127
f 5094 5121 5095
f 5074 5102 5132
f 5165 5109 5146
f 5026 5130 5051
f 5078 5149 5075
f 5166 5159 5044
f 5024 5059 5035
f 5164 5110 5165
f 5167 5067 5066
f 5134 5021 5153
f 5160 5122 5168
f 5071 5070 5145
f 5154 5038 5037
f 5137 5043 5042
f 5117 5057 5056
f 5118 5120 5124
f 5152 5065 5044
f 5159 5055 5105
f 5108 5110 5126
f 5169 5062 5170
f 5049 5166 5044
f 5158 5171 5032
f 5120 5119 5125
f 5041 5147 5079
f 5020 5069 5137
f 5169 5170 5071
f 5133 5098 5162
f 5090 5168 5122
f 5084 5051 5130
f 5106 5105 5034
f 5095 5131 5093
f 5044 5043 5049
f 5032 5172 5033
f 5118 5124 5114
f 5099 5064 5063
f 5020 5153 5142
f 5040 5080 5073
f 5169 5071 5145
f 5088 5148 5087
f 5093 5130 5026
f 5102 5080 5113
f 5089 5112 5079
f 5044 5159 5152
f 5058 5089 5056
f 5081 5032 5082
f 5043 5137 5163
f 5115 5124 5132
f 5102 5074 5073
f 5029 5143 5138
f 5062 5109 5063
f 5158 5081 5054
f 5164 5165 5151
f 5134 5153 5173
f 5129 5084 5130
f 5062 5169 5109
f 5028 5035 5093
f 5121 5091 5122
f 5056 5043 5163
f 5161 5095 5122
f 5047 5021 5045
f 5051 5174 5052
f 5152 5173 5153
f 5159 5053 5055
f 5062 5111 5170
f 5096 5157 5097
f 5023 5064 5101
f 5153 5021 5142
f 5049 5050 5038
f 5069 5020 5022
f 5149 5031 5040
f 5055 5082 5105
f 5076 5078 5144
f 5074 5078 5075
f 5094 5093 5059
f 5048 5147 5088
f 5092 5121 5123
f 5139 5127 5094
f 5149 5078 5156
f 5149 5040 5073
f 5148 5088 5147
f 5070 5096 5146
f 5170 5111 5174
f 5053 5159 5166
f 5057 5116 5058
f 5175 5166 5049
f 5139 5132 5124
f 5150 5146 5096
f 5030 5039 5148
f 5047 5046 5120
f 5061 5076 5140
f 5175 5049 5038
f 5063 5109 5108
f 5033 5141 5106
f 5067 5164 5150
f 5147 5048 5043
f 5104 5176 5159
f 5077 5143 5156
f 5058 5112 5089
f 5147 5043 5079
f 5171 5172 5032
f 5041 5080 5040
f 5111 5052 5174
f 5145 5109 5169
f 5076 5144 5140
f 5081 5055 5054
f 5135 5105 5106
f 5120 5118 5128
f 5083 5155 5037
f 5116 5115 5113
f 5159 5176 5152
f 5082 5034 5105
f 5064 5023 5025
f 5165 5110 5109
f 5082 5032 5034
f 5175 5053 5166
f 5114 5116 5057
f 5025 5062 5064
f 5035 5027 5024
f 5146 5151 5165
f 5028 5093 5026
f 5177 5178 5179
f 5180 5181 5182
f 5183 5184 5185
f 5186 5187 5188
f 5189 5190 5191
f 5192 5193 5194
f 5195 5196 5197
f 5198 5199 5200
f 5201 5202 5203
f 5204 5205 5206
f 5207 5203 5208
f 5209 5202 5210
f 5211 5212 5213
f 5214 5207 5208
f 5205 5204 5215
f 5216 5217 5218
f 5219 5220 5221
f 5222 5223 5224
f 5192 5194 5225
f 5226 5227 5228
f 5205 5229 5206
f 5230 5185 5213
f 5199 5198 5201
f 5231 5229 5232
f 5233 5234 5235
f 5221 5220 5236
f 5237 5190 5238
f 5239 5240 5241
f 5199 5217 5200
f 5218 5217 5242
f 5243 5244 5245
f 5185 5198 5213
f 5180 5246 5247
f 5231 5248 5229
f 5249 5250 5240
f 5251 5212 5216
f 5252 5253 5254
f 5181 5255 5256
f 5257 5221 5229
f 5228 5177 5179
f 5226 5222 5258
f 5188 5259 5260
f 5261 5262 5263
f 5255 5181 5264
f 5200 5217 5216
f 5241 5227 5226
f 5225 5265 5243
f 5215 5266 5267
f 5229 5248 5268
f 5266 5180 5182
f 5224 5223 5228
f 5260 5269 5188
f 5206 5178 5270
f 5184 5198 5185
f 5271 5272 5273
f 5268 5274 5206
f 5275 5276 5277
f 5235 5250 5249
f 5187 5278 5279
f 5280 5281 5282
f 5283 5284 5238
f 5285 5199 5286
f 5258 5241 5226
f 5227 5240 5246
f 5265 5194 5282
f 5263 5264 5273
f 5287 5288 5231
f 5289 5210 5277
f 5199 5245 5286
f 5290 5291 5199
f 5197 5196 5292
f 5181 5247 5234
f 5251 5293 5259
f 5281 5243 5265
f 5233 5252 5273
f 5294 5252 5254
f 5238 5282 5283
f 5264 5181 5234
f 5206 5229 5268
f 5287 5295 5208
f 5276 5296 5277
f 5244 5243 5297
f 5245 5225 5243
f 5194 5193 5282
f 5298 5279 5278
f 5266 5215 5180
f 5299 5227 5246
f 5216 5218 5300
f 5229 5205 5257
f 5201 5198 5184
f 5274 5178 5206
f 5209 5287 5208
f 5212 5301 5213
f 5257 5267 5219
f 5300 5218 5242
f 5249 5302 5235
f 5267 5182 5256
f 5207 5303 5290
f 5304 5305 5289
f 5306 5254 5253
f 5212 5211 5216
f 5290 5203 5207
f 5212 5251 5301
f 5287 5209 5307
f 5308 5292 5196
f 5296 5196 5304
f 5293 5216 5300
f 5223 5226 5228
f 5309 5222 5224
f 5262 5264 5263
f 5213 5301 5310
f 5237 5191 5190
f 5311 5282 5238
f 5284 5312 5313
f 5219 5267 5314
f 5305 5307 5210
f 5293 5300 5260
f 5270 5227 5299
f 5315 5316 5317
f 5199 5285 5242
f 5314 5220 5219
f 5208 5203 5202
f 5302 5306 5235
f 5246 5180 5215
f 5267 5318 5314
f 5293 5251 5216
f 5184 5319 5210
f 5223 5222 5226
f 5186 5278 5187
f 5273 5252 5271
f 5320 5186 5188
f 5265 5282 5281
f 5207 5214 5192
f 5321 5249 5239
f 5270 5204 5206
f 5228 5179 5322
f 5220 5323 5316
f 5292 5322 5197
f 5323 5220 5314
f 5210 5289 5305
f 5248 5196 5195
f 5242 5217 5199
f 5322 5179 5197
f 5288 5305 5304
f 5261 5263 5272
f 5274 5268 5195
f 5248 5195 5268
f 5282 5311 5280
f 5309 5224 5228
f 5231 5232 5313
f 5197 5179 5195
f 5288 5248 5231
f 5231 5295 5287
f 5295 5313 5214
f 5231 5313 5295
f 5229 5191 5232
f 5312 5214 5313
f 5234 5233 5264
f 5253 5233 5235
f 5232 5284 5313
f 5210 5275 5277
f 5244 5324 5245
f 5299 5246 5215
f 5323 5317 5316
f 5291 5192 5225
f 5188 5187 5325
f 5222 5321 5258
f 5205 5267 5257
f 5194 5265 5225
f 5262 5255 5264
f 5303 5291 5290
f 5247 5250 5235
f 5325 5326 5188
f 5290 5201 5203
f 5297 5281 5280
f 5182 5267 5266
f 5247 5181 5180
f 5267 5256 5318
f 5191 5236 5189
f 5210 5202 5184
f 5221 5257 5219
f 5211 5198 5200
f 5236 5220 5316
f 5283 5193 5312
f 5240 5247 5246
f 5327 5301 5259
f 5296 5289 5277
f 5229 5236 5191
f 5283 5312 5284
f 5181 5256 5182
f 5214 5312 5192
f 5299 5215 5270
f 5321 5239 5258
f 5247 5235 5234
f 5201 5184 5202
f 5284 5232 5191
f 5228 5227 5177
f 5185 5230 5183
f 5230 5213 5310
f 5233 5253 5252
f 5225 5199 5291
f 5304 5196 5248
f 5324 5286 5245
f 5188 5326 5259
f 5282 5193 5283
f 5284 5237 5238
f 5308 5196 5296
f 5178 5177 5270
f 5237 5284 5191
f 5316 5315 5236
f 5310 5301 5327
f 5328 5298 5278
f 5315 5189 5236
f 5288 5304 5248
f 5293 5260 5259
f 5311 5238 5190
f 5211 5213 5198
f 5239 5249 5240
f 5192 5291 5303
f 5208 5202 5209
f 5307 5209 5210
f 5263 5273 5272
f 5240 5227 5241
f 5249 5321 5302
f 5204 5270 5215
f 5301 5251 5259
f 5303 5207 5192
f 5240 5250 5247
f 5201 5290 5199
f 5329 5330 5331
f 5271 5329 5261
f 5271 5330 5329
f 5188 5269 5320
f 5210 5319 5275
f 5332 5330 5271
f 5215 5267 5205
f 5305 5288 5307
f 5324 5244 5297
f 5208 5295 5214
f 5235 5306 5253
f 5271 5252 5332
f 5245 5199 5225
f 5236 5229 5221
f 5272 5271 5261
f 5331 5330 5333
f 5241 5258 5239
f 5296 5276 5308
f 5195 5179 5274
f 5227 5270 5177
f 5289 5296 5304
f 5264 5233 5273
f 5332 5252 5294
f 5211 5200 5216
f 5193 5192 5312
f 5287 5307 5288
f 5243 5281 5297
f 5178 5274 5179
f 5334 5335 5336
f 5337 5338 5339
f 5340 5341 5342
f 5343 5344 5345
f 5339 5338 5346
f 5335 5347 5337
f 5338 5337 5348
f 5348 5343 5338
f 5344 5349 5345
f 5346 5336 5339
f 5350 5351 5352
f 5338 5353 5346
f 5343 5348 5344
f 5354 5344 5348
f 5342 5355 5340
f 5337 5354 5348
f 5335 5356 5347
f 5345 5357 5343
f 5356 5335 5358
f 5359 5360 5341
f 5361 5362 5363
f 5336 5335 5339
f 5336 5346 5364
f 5360 5365 5353
f 5365 5366 5353
f 5357 5353 5338
f 5367 5365 5360
f 5359 5367 5360
f 5335 5334 5358
f 5366 5346 5353
f 5360 5357 5345
f 5345 5349 5368
f 5338 5343 5357
f 5349 5344 5369
f 5347 5354 5337
f 5342 5341 5370
f 5360 5370 5341
f 5367 5371 5365
f 5372 5346 5366
f 5346 5372 5364
f 5365 5371 5366
f 5360 5345 5370
f 5370 5368 5349
f 5359 5341 5340
f 5349 5373 5370
f 5335 5337 5339
f 5345 5368 5370
f 5360 5353 5357
f 5374 5375 5376
f 5377 5378 5379
f 5380 5375 5381
f 5375 5382 5376
f 5375 5383 5382
f 5384 5385 5386
f 5387 5388 5389
f 5381 5375 5374
f 5380 5383 5375
f 5374 5390 5381
f 5391 5392 5393
f 5378 5394 5388
f 5395 5386 5385
f 5396 5397 5398
f 5396 5392 5397
f 5399 5378 5400
f 5401 5395 5402
f 5396 5390 5379
f 5384 5386 5403
f 5377 5400 5378
f 5376 5403 5386
f 5378 5388 5379
f 5404 5380 5381
f 5400 5377 5386
f 5381 5390 5404
f 5390 5396 5404
f 5349 5405 5373
f 5380 5404 5398
f 5395 5401 5399
f 5395 5400 5386
f 5398 5404 5396
f 5393 5379 5388
f 5379 5393 5396
f 5400 5395 5399
f 5379 5390 5377
f 5406 5407 5408
f 5393 5392 5396
f 5409 5388 5387
f 5394 5378 5399
f 5409 5393 5388
f 5410 5359 5411
f 5399 5401 5394
f 5385 5402 5395
f 5393 5409 5391
f 5376 5386 5377
f 5412 5413 5414
f 5377 5390 5374
f 5412 5402 5385
f 5389 5388 5394
f 5376 5377 5374
f 5413 5412 5385
f 5415 5389 5394
f 5373 5342 5370
f 5402 5415 5401
f 5415 5394 5401
f 5416 5417 5418
f 5419 5420 5372
f 5411 5421 5410
f 5350 5410 5421
f 5422 5423 5424
f 5421 5411 5425
f 5426 5427 5416
f 5421 5425 5428
f 5428 5425 5429
f 5411 5340 5355
f 5406 5408 5430
f 5431 5432 5424
f 5433 5429 5425
f 5429 5434 5431
f 5431 5434 5432
f 5420 5435 5436
f 5437 5419 5438
f 5439 5429 5431
f 5424 5423 5431
f 5428 5350 5421
f 5432 5434 5440
f 5434 5429 5433
f 5403 5441 5384
f 5442 5443 5444
f 5347 5445 5446
f 5447 5448 5449
f 5380 5398 5450
f 5446 5445 5451
f 5452 5354 5347
f 5452 5446 5442
f 5453 5454 5455
f 5455 5454 5456
f 5456 5444 5455
f 5444 5456 5442
f 5457 5403 5382
f 5458 5455 5444
f 5347 5356 5445
f 5458 5453 5455
f 5447 5356 5358
f 5450 5398 5458
f 5442 5446 5451
f 5445 5443 5451
f 5456 5452 5442
f 5442 5451 5443
f 5459 5441 5460
f 5398 5454 5453
f 5403 5376 5382
f 5446 5452 5347
f 5445 5447 5449
f 5457 5441 5403
f 5453 5458 5398
f 5449 5448 5443
f 5443 5445 5449
f 5461 5459 5460
f 5457 5462 5441
f 5447 5445 5356
f 5462 5460 5441
f 5413 5385 5463
f 5464 5463 5459
f 5465 5466 5467
f 5467 5413 5463
f 5439 5428 5429
f 5463 5464 5468
f 5469 5470 5423
f 5470 5471 5431
f 5465 5461 5472
f 5423 5422 5473
f 5474 5475 5476
f 5477 5478 5479
f 5480 5391 5481
f 5456 5482 5483
f 5480 5484 5391
f 5392 5391 5484
f 5485 5486 5487
f 5475 5488 5476
f 5482 5456 5454
f 5484 5480 5478
f 5426 5439 5471
f 5477 5479 5489
f 5490 5491 5486
f 5486 5485 5492
f 5397 5392 5484
f 5493 5344 5354
f 5490 5369 5491
f 5486 5491 5494
f 5495 5486 5492
f 5480 5487 5478
f 5487 5479 5478
f 5482 5488 5483
f 5496 5487 5480
f 5487 5494 5489
f 5487 5486 5494
f 5349 5369 5490
f 5476 5488 5482
f 5494 5497 5489
f 5452 5456 5483
f 5454 5397 5484
f 5497 5494 5491
f 5498 5499 5477
f 5478 5477 5474
f 5454 5474 5482
f 5491 5369 5497
f 5489 5498 5477
f 5354 5488 5475
f 5490 5486 5495
f 5498 5489 5497
f 5481 5496 5480
f 5452 5488 5354
f 5488 5452 5483
f 5478 5454 5484
f 5482 5474 5476
f 5493 5475 5498
f 5474 5477 5499
f 5350 5500 5351
f 5397 5454 5398
f 5498 5475 5499
f 5497 5369 5344
f 5478 5474 5454
f 5493 5498 5497
f 5475 5474 5499
f 5485 5487 5496
f 5489 5479 5487
f 5493 5497 5344
f 5437 5501 5420
f 5354 5475 5493
f 5467 5414 5413
f 5470 5502 5503
f 5461 5464 5459
f 5504 5505 5506
f 5420 5419 5437
f 5472 5461 5507
f 5469 5423 5473
f 5464 5461 5465
f 5501 5416 5435
f 5508 5472 5507
f 5505 5504 5509
f 5501 5437 5416
f 5367 5510 5371
f 5500 5350 5439
f 5508 5465 5472
f 5465 5508 5466
f 5423 5470 5431
f 5463 5384 5441
f 5465 5467 5464
f 5511 5430 5408
f 5512 5503 5502
f 5502 5505 5512
f 5467 5468 5464
f 5459 5463 5441
f 5512 5427 5503
f 5506 5505 5473
f 5426 5500 5439
f 5467 5463 5468
f 5469 5473 5502
f 5473 5505 5502
f 5385 5384 5463
f 5502 5470 5469
f 5470 5503 5471
f 5439 5431 5471
f 5427 5471 5503
f 5426 5471 5427
f 5428 5439 5350
f 5490 5405 5349
f 5496 5481 5513
f 5490 5495 5514
f 5409 5387 5391
f 5481 5391 5387
f 5492 5485 5515
f 5515 5485 5496
f 5515 5514 5492
f 5514 5495 5492
f 5513 5481 5387
f 5516 5437 5438
f 5437 5516 5416
f 5410 5352 5359
f 5517 5436 5435
f 5460 5507 5461
f 5416 5418 5435
f 5361 5363 5509
f 5518 5420 5436
f 5518 5372 5420
f 5418 5517 5435
f 5418 5407 5517
f 5420 5501 5435
f 5372 5366 5419
f 5500 5426 5416
f 5407 5418 5408
f 5510 5352 5351
f 5408 5418 5417
f 5371 5438 5419
f 5416 5427 5417
f 5516 5500 5416
f 5417 5362 5408
f 5500 5516 5438
f 5417 5427 5512
f 5362 5417 5512
f 5510 5438 5371
f 5363 5362 5512
f 5510 5500 5438
f 5363 5512 5505
f 5411 5359 5340
f 5505 5509 5363
f 5361 5511 5362
f 5510 5351 5500
f 5352 5410 5350
f 5352 5367 5359
f 5511 5408 5362
f 5367 5352 5510
f 5366 5371 5419
f 5519 5520 5521
f 5522 5523 5524
f 5525 5526 5527
f 5528 5529 5522
f 5530 5531 5532
f 5533 5526 5534
f 5535 5536 5537
f 5536 5538 5539
f 5540 5541 5542
f 5543 5544 5545
f 5532 5546 5547
f 5546 5548 5549
f 5550 5551 5552
f 5553 5554 5524
f 5527 5526 5555
f 5527 5556 5525
f 5557 5558 5559
f 5519 5560 5561
f 5525 5556 5562
f 5563 5564 5565
f 5530 5566 5567
f 5568 5569 5570
f 5571 5572 5573
f 5554 5574 5524
f 5534 5575 5576
f 5577 5578 5579
f 5534 5526 5577
f 5525 5578 5577
f 5580 5581 5582
f 5583 5526 5533
f 5526 5525 5577
f 5584 5560 5521
f 5585 5571 5586
f 5587 5588 5589
f 5590 5591 5589
f 5565 5592 5563
f 5540 5542 5539
f 5520 5533 5576
f 5593 5594 5595
f 5596 5545 5561
f 5587 5597 5588
f 5598 5538 5599
f 5594 5600 5601
f 5602 5600 5603
f 5604 5553 5524
f 5588 5597 5605
f 5545 5555 5561
f 5589 5606 5590
f 5606 5589 5588
f 5552 5607 5597
f 5592 5608 5609
f 5610 5611 5585
f 5612 5613 5614
f 5615 5560 5584
f 5616 5617 5612
f 5558 5591 5559
f 5618 5619 5538
f 5560 5620 5561
f 5531 5530 5567
f 5533 5534 5576
f 5558 5613 5587
f 5615 5620 5560
f 5573 5542 5541
f 5603 5600 5594
f 5540 5530 5547
f 5522 5574 5564
f 5622 5568 5566
f 5546 5623 5541
f 5615 5584 5624
f 5590 5559 5591
f 5594 5567 5603
f 5560 5519 5521
f 5520 5583 5533
f 5603 5625 5570
f 5604 5626 5553
f 5593 5549 5548
f 5581 5588 5605
f 5519 5555 5583
f 5627 5628 5629
f 5579 5628 5627
f 5630 5627 5629
f 5576 5575 5631
f 5632 5633 5634
f 5635 5630 5629
f 5631 5636 5576
f 5637 5624 5584
f 5576 5636 5638
f 5639 5624 5637
f 5637 5641 5639
f 5635 5642 5630
f 5638 5636 5641
f 5642 5643 5636
f 5635 5634 5644
f 5636 5643 5641
f 5644 5645 5635
f 5574 5610 5565
f 5635 5646 5642
f 5647 5624 5639
f 5647 5615 5624
f 5634 5648 5632
f 5635 5645 5646
f 5631 5642 5636
f 5644 5649 5645
f 5650 5651 5644
f 5652 5653 5641
f 5597 5607 5605
f 5646 5654 5643
f 5655 5647 5582
f 5588 5580 5656
f 5639 5657 5658
f 5641 5643 5652
f 5642 5646 5643
f 5659 5645 5649
f 5644 5651 5649
f 5646 5645 5659
f 5657 5653 5652
f 5528 5660 5661
f 5662 5663 5657
f 5615 5664 5620
f 5548 5546 5532
f 5665 5666 5667
f 5662 5652 5666
f 5588 5656 5606
f 5633 5640 5668
f 5659 5649 5669
f 5669 5649 5651
f 5669 5651 5670
f 5666 5671 5662
f 5606 5672 5673
f 5674 5675 5672
f 5659 5676 5677
f 5659 5669 5676
f 5677 5676 5678
f 5679 5652 5678
f 5666 5665 5671
f 5615 5647 5664
f 5658 5647 5639
f 5671 5665 5675
f 5544 5680 5562
f 5672 5675 5673
f 5556 5544 5562
f 5570 5602 5603
f 5666 5652 5679
f 5663 5658 5657
f 5650 5644 5668
f 5580 5588 5581
f 5664 5647 5655
f 5629 5648 5634
f 5674 5580 5582
f 5668 5640 5650
f 5674 5658 5663
f 5673 5675 5665
f 5668 5644 5633
f 5621 5640 5633
f 5531 5567 5594
f 5637 5521 5641
f 5633 5644 5634
f 5674 5663 5675
f 5653 5639 5641
f 5540 5539 5681
f 5587 5591 5558
f 5639 5653 5657
f 5642 5631 5630
f 5545 5544 5556
f 5524 5682 5543
f 5527 5555 5545
f 5572 5571 5683
f 5556 5527 5545
f 5604 5524 5543
f 5550 5552 5684
f 5630 5579 5627
f 5590 5606 5673
f 5654 5646 5659
f 5675 5663 5671
f 5635 5629 5634
f 5638 5641 5521
f 5547 5530 5532
f 5620 5685 5561
f 5579 5575 5534
f 5537 5542 5572
f 5674 5672 5656
f 5655 5581 5686
f 5656 5580 5674
f 5521 5520 5576
f 5521 5637 5584
f 5606 5656 5672
f 5652 5654 5678
f 5554 5611 5610
f 5687 5684 5587
f 5678 5654 5677
f 5631 5575 5630
f 5652 5643 5654
f 5674 5582 5658
f 5575 5579 5630
f 5521 5576 5638
f 5652 5662 5657
f 5595 5594 5601
f 5667 5666 5679
f 5597 5587 5552
f 5582 5647 5658
f 5544 5543 5682
f 5650 5670 5651
f 5551 5686 5581
f 5671 5663 5662
f 5688 5626 5685
f 5659 5677 5654
f 5587 5613 5689
f 5593 5548 5531
f 5622 5690 5684
f 5599 5685 5620
f 5605 5607 5581
f 5691 5692 5573
f 5623 5546 5549
f 5693 5681 5618
f 5531 5548 5532
f 5531 5594 5593
f 5694 5695 5696
f 5537 5688 5685
f 5574 5522 5524
f 5693 5530 5681
f 5561 5555 5519
f 5610 5592 5565
f 5697 5570 5569
f 5692 5571 5573
f 5537 5536 5542
f 5538 5551 5618
f 5696 5600 5602
f 5655 5686 5664
f 5600 5696 5695
f 5613 5612 5689
f 5551 5581 5607
f 5698 5699 5700
f 5568 5625 5566
f 5561 5685 5626
f 5543 5545 5604
f 5620 5664 5599
f 5608 5592 5586
f 5571 5692 5586
f 5690 5550 5684
f 5538 5536 5599
f 5551 5607 5552
f 5585 5592 5610
f 5587 5689 5687
f 5625 5603 5567
f 5592 5585 5586
f 5519 5583 5520
f 5572 5542 5573
f 5690 5622 5693
f 5598 5664 5686
f 5612 5614 5616
f 5599 5664 5598
f 5596 5604 5545
f 5686 5551 5598
f 5579 5534 5577
f 5555 5526 5583
f 5523 5682 5524
f 5547 5546 5541
f 5689 5617 5687
f 5551 5538 5598
f 5685 5599 5535
f 5604 5596 5626
f 5617 5616 5697
f 5601 5600 5695
f 5602 5700 5696
f 5682 5680 5544
f 5535 5599 5536
f 5617 5697 5569
f 5617 5689 5612
f 5618 5551 5550
f 5622 5684 5687
f 5563 5592 5609
f 5701 5522 5529
f 5611 5683 5571
f 5558 5557 5613
f 5571 5585 5611
f 5568 5622 5687
f 5547 5541 5540
f 5569 5568 5687
f 5537 5685 5535
f 5661 5660 5702
f 5687 5617 5569
f 5539 5619 5618
f 5693 5550 5690
f 5693 5618 5550
f 5681 5539 5618
f 5688 5553 5626
f 5567 5566 5625
f 5522 5564 5528
f 5523 5522 5701
f 5570 5697 5698
f 5573 5541 5623
f 5565 5564 5574
f 5528 5563 5660
f 5611 5554 5553
f 5537 5553 5688
f 5703 5563 5609
f 5660 5563 5703
f 5563 5528 5564
f 5610 5574 5554
f 5566 5693 5622
f 5539 5542 5536
f 5589 5591 5587
f 5699 5698 5697
f 5561 5626 5596
f 5538 5619 5539
f 5681 5530 5540
f 5683 5611 5553
f 5700 5602 5698
f 5572 5683 5537
f 5684 5552 5587
f 5581 5655 5582
f 5623 5691 5573
f 5698 5602 5570
f 5537 5683 5553
f 5566 5530 5693
f 5625 5568 5570
f 5704 5705 5706
f 5707 5708 5709
f 5710 5711 5712
f 5713 5714 5715
f 5716 5717 5718
f 5719 5716 5718
f 5707 5720 5721
f 5722 5723 5724
f 5725 5726 5715
f 5727 5728 5729
f 5709 5730 5714
f 5731 5732 5733
f 5734 5735 5736
f 5737 5738 5739
f 5738 5740 5739
f 5741 5742 5743
f 5744 5745 5746
f 5747 5712 5711
f 5707 5709 5720
f 5748 5749 5750
f 5735 5751 5712
f 5717 5752 5753
f 5754 5755 5732
f 5756 5757 5758
f 5735 5734 5751
f 5759 5760 5761
f 5762 5763 5764
f 5765 5766 5767
f 5736 5768 5734
f 5769 5770 5771
f 5772 5773 5774
f 5775 5776 5777
f 5778 5779 5780
f 5780 5781 5782
f 5783 5784 5718
f 5742 5711 5710
f 5785 5786 5787
f 5787 5716 5785
f 5785 5707 5786
f 5788 5789 5774
f 5790 5791 5792
f 5718 5717 5793
f 5742 5747 5711
f 5773 5794 5774
f 5795 5709 5706
f 5717 5796 5752
f 5797 5790 5798
f 5778 5799 5800
f 5801 5775 5777
f 5801 5777 5802
f 5730 5715 5714
f 5752 5777 5753
f 5803 5804 5710
f 5805 5714 5713
f 5789 5772 5774
f 5806 5807 5808
f 5776 5728 5727
f 5740 5788 5774
f 5749 5748 5761
f 5755 5809 5810
f 5811 5763 5812
f 5794 5773 5813
f 5814 5815 5816
f 5776 5753 5777
f 5705 5783 5723
f 5722 5725 5705
f 5712 5817 5818
f 5819 5747 5781
f 5776 5797 5753
f 5820 5821 5822
f 5823 5824 5825
f 5731 5754 5732
f 5826 5813 5773
f 5827 5753 5797
f 5828 5824 5829
f 5830 5831 5832
f 5825 5824 5744
f 5789 5825 5744
f 5819 5779 5800
f 5833 5834 5835
f 5772 5746 5826
f 5836 5837 5818
f 5798 5827 5797
f 5838 5839 5840
f 5830 5758 5841
f 5842 5800 5816
f 5807 5843 5808
f 5837 5736 5735
f 5704 5784 5705
f 5744 5824 5844
f 5826 5845 5813
f 5746 5846 5826
f 5760 5759 5847
f 5802 5741 5743
f 5848 5809 5840
f 5845 5760 5849
f 5850 5732 5755
f 5851 5729 5728
f 5761 5852 5749
f 5853 5767 5766
f 5745 5744 5844
f 5746 5745 5846
f 5852 5845 5826
f 5819 5815 5747
f 5830 5832 5756
f 5854 5841 5855
f 5738 5788 5740
f 5856 5844 5828
f 5829 5856 5828
f 5826 5846 5857
f 5826 5858 5852
f 5859 5733 5732
f 5846 5745 5860
f 5829 5861 5856
f 5826 5857 5862
f 5862 5858 5826
f 5799 5778 5721
f 5849 5760 5847
f 5834 5833 5863
f 5782 5721 5778
f 5829 5824 5823
f 5797 5791 5790
f 5864 5859 5865
f 5844 5856 5832
f 5721 5786 5707
f 5721 5782 5786
f 5759 5761 5748
f 5706 5708 5704
f 5866 5857 5860
f 5832 5856 5756
f 5840 5839 5867
f 5734 5803 5751
f 5808 5843 5868
f 5800 5779 5778
f 5869 5814 5764
f 5870 5871 5872
f 5704 5707 5785
f 5822 5821 5873
f 5796 5787 5782
f 5769 5874 5770
f 5875 5858 5862
f 5749 5858 5875
f 5860 5857 5846
f 5852 5761 5845
f 5752 5796 5876
f 5877 5855 5878
f 5710 5804 5743
f 5856 5879 5756
f 5793 5827 5880
f 5852 5858 5749
f 5733 5881 5882
f 5838 5840 5868
f 5710 5751 5803
f 5857 5870 5875
f 5875 5750 5749
f 5761 5760 5845
f 5738 5737 5825
f 5866 5883 5857
f 5883 5870 5857
f 5807 5884 5885
f 5731 5886 5754
f 5879 5822 5757
f 5787 5796 5716
f 5875 5870 5872
f 5872 5750 5875
f 5844 5824 5828
f 5847 5759 5867
f 5796 5782 5781
f 5867 5759 5848
f 5710 5743 5742
f 5887 5883 5888
f 5889 5750 5872
f 5706 5705 5795
f 5756 5758 5830
f 5802 5752 5876
f 5708 5706 5709
f 5850 5890 5889
f 5889 5748 5750
f 5891 5873 5892
f 5717 5716 5796
f 5865 5889 5872
f 5859 5893 5881
f 5730 5709 5795
f 5747 5742 5781
f 5793 5717 5753
f 5839 5838 5769
f 5826 5773 5772
f 5894 5895 5869
f 5873 5821 5892
f 5832 5883 5866
f 5741 5802 5876
f 5831 5830 5841
f 5896 5871 5887
f 5872 5871 5865
f 5865 5850 5889
f 5746 5772 5789
f 5897 5892 5821
f 5804 5801 5743
f 5873 5758 5757
f 5831 5888 5832
f 5887 5888 5898
f 5899 5884 5886
f 5900 5854 5877
f 5719 5718 5784
f 5724 5726 5722
f 5896 5865 5871
f 5780 5779 5781
f 5890 5810 5889
f 5777 5752 5802
f 5808 5809 5755
f 5839 5769 5771
f 5748 5810 5759
f 5897 5901 5892
f 5725 5722 5726
f 5840 5809 5868
f 5849 5813 5845
f 5781 5742 5741
f 5705 5723 5722
f 5730 5725 5715
f 5841 5758 5891
f 5793 5723 5783
f 5888 5831 5898
f 5898 5831 5902
f 5891 5766 5765
f 5898 5896 5887
f 5902 5854 5898
f 5745 5844 5860
f 5775 5804 5903
f 5902 5841 5854
f 5804 5803 5903
f 5864 5865 5896
f 5859 5732 5865
f 5734 5768 5851
f 5904 5896 5898
f 5782 5787 5786
f 5891 5892 5766
f 5725 5730 5795
f 5868 5809 5808
f 5757 5822 5873
f 5755 5810 5890
f 5850 5865 5732
f 5867 5848 5840
f 5838 5868 5769
f 5892 5905 5766
f 5751 5710 5712
f 5841 5891 5765
f 5769 5868 5843
f 5879 5906 5822
f 5800 5842 5819
f 5810 5748 5889
f 5854 5855 5877
f 5907 5770 5874
f 5743 5801 5802
f 5769 5908 5874
f 5769 5843 5908
f 5909 5905 5901
f 5883 5832 5888
f 5854 5900 5904
f 5731 5899 5886
f 5878 5855 5910
f 5765 5910 5855
f 5754 5808 5755
f 5881 5733 5859
f 5907 5874 5911
f 5904 5900 5859
f 5853 5766 5905
f 5882 5912 5733
f 5895 5894 5911
f 5763 5913 5764
f 5843 5807 5908
f 5887 5870 5883
f 5783 5705 5784
f 5720 5762 5721
f 5853 5909 5914
f 5914 5909 5915
f 5767 5910 5765
f 5900 5893 5859
f 5775 5728 5776
f 5806 5754 5886
f 5763 5811 5916
f 5762 5812 5763
f 5814 5816 5764
f 5885 5917 5911
f 5860 5844 5866
f 5807 5806 5886
f 5821 5820 5897
f 5874 5908 5911
f 5788 5825 5789
f 5893 5900 5877
f 5811 5805 5916
f 5762 5764 5799
f 5908 5807 5885
f 5810 5848 5759
f 5781 5779 5819
f 5741 5876 5781
f 5764 5816 5799
f 5807 5886 5884
f 5895 5911 5835
f 5714 5805 5811
f 5720 5811 5812
f 5837 5735 5712
f 5814 5895 5834
f 5894 5907 5911
f 5834 5895 5835
f 5756 5879 5757
f 5816 5815 5842
f 5815 5814 5918
f 5917 5885 5884
f 5898 5854 5904
f 5911 5917 5835
f 5811 5709 5714
f 5811 5720 5709
f 5721 5762 5799
f 5851 5775 5903
f 5799 5816 5800
f 5879 5856 5861
f 5815 5819 5842
f 5918 5747 5815
f 5734 5851 5903
f 5834 5818 5918
f 5817 5747 5918
f 5841 5902 5831
f 5918 5818 5817
f 5834 5863 5818
f 5836 5818 5863
f 5784 5704 5785
f 5909 5853 5905
f 5875 5862 5857
f 5855 5841 5765
f 5788 5738 5825
f 5895 5814 5869
f 5908 5885 5911
f 5776 5727 5797
f 5785 5719 5784
f 5887 5871 5870
f 5894 5869 5913
f 5906 5820 5822
f 5827 5793 5753
f 5731 5733 5912
f 5869 5764 5913
f 5818 5837 5712
f 5803 5734 5903
f 5812 5762 5720
f 5804 5775 5801
f 5768 5729 5851
f 5746 5789 5744
f 5891 5758 5873
f 5834 5918 5814
f 5728 5775 5851
f 5806 5808 5754
f 5827 5798 5880
f 5850 5755 5890
f 5783 5718 5793
f 5708 5707 5704
f 5859 5864 5904
f 5904 5864 5896
f 5705 5725 5795
f 5782 5778 5780
f 5716 5719 5785
f 5747 5817 5712
f 5876 5796 5781
f 5809 5848 5810
f 5797 5727 5791
f 5905 5892 5901
f 5832 5866 5844
f 5919 5920 5921
f 5922 5923 5924
f 5925 5926 5927
f 5928 5929 5930
f 5931 5932 5933
f 5934 5935 5936
f 5937 5938 5939
f 5940 5941 5942
f 5943 5925 5944
f 5945 5946 5947
f 5948 5937 5949
f 5950 5951 5952
f 5933 5932 5953
f 5948 5954 5955
f 5956 5954 5957
f 5934 5958 5959
f 5960 5961 5962
f 5963 5964 5965
f 5938 5966 5939
f 5963 5967 5968
f 5959 5969 5970
f 5971 5972 5973
f 5974 5975 5976
f 5923 5977 5924
f 5956 5978 5954
f 5935 5979 5936
f 5980 5981 5982
f 5983 5984 5985
f 5986 5987 5988
f 5989 5947 5990
f 5955 5954 5978
f 5991 5956 5992
f 5993 5994 5995
f 5996 5925 5927
f 5958 5991 5992
f 5988 5997 5998
f 5951 5999 5952
f 5927 6000 5993
f 5934 6001 5958
f 6002 5960 6003
f 5985 5974 5952
f 6004 6005 6006
f 5974 5985 5984
f 5985 5999 5983
f 6007 5966 5938
f 6008 6009 6010
f 5998 5997 6011
f 5984 5975 5974
f 5922 5979 5935
f 6012 5977 5947
f 6013 6014 6015
f 5932 5931 5943
f 5984 6016 5975
f 6017 6016 5984
f 5960 6018 6003
f 6019 6020 6021
f 5924 6022 5979
f 6023 6024 5941
f 5979 6001 5936
f 6025 5972 5971
f 6026 5989 6009
f 5989 6026 5947
f 6027 6028 5995
f 6029 6030 5938
f 5978 6031 5955
f 5978 5956 5991
f 5927 5993 5995
f 5941 6024 5942
f 6030 6007 5938
f 6032 6033 5965
f 6034 6035 6024
f 6036 6037 6038
f 6039 6040 6041
f 6042 6026 6009
f 6026 6012 5947
f 5957 6043 6044
f 6029 6045 6030
f 6029 6046 6031
f 5978 5991 6047
f 6030 6048 6007
f 6049 6007 6048
f 6033 6032 5920
f 5929 6050 5980
f 6051 6008 5921
f 5956 5957 5969
f 5977 6012 6052
f 5927 5995 6053
f 6019 6021 6054
f 6022 6052 6055
f 6036 6056 6057
f 6058 6059 6060
f 6000 6061 6062
f 5944 5996 6053
f 6063 6019 6054
f 6042 6009 6008
f 6064 5991 6065
f 6045 6031 6066
f 6067 6068 6069
f 5972 6070 5973
f 6071 6072 6056
f 5935 5934 5998
f 6047 6073 5978
f 5921 6032 6051
f 6045 6029 6031
f 5995 6028 6053
f 6074 6075 6076
f 6018 5960 5962
f 5920 6032 5921
f 6000 6062 6034
f 6005 6008 6077
f 6048 6030 6078
f 6049 6048 6079
f 6051 6077 6008
f 6044 5981 6080
f 6081 6082 6040
f 6066 6073 6083
f 6084 6085 6045
f 6086 6064 6065
f 6087 6088 6089
f 5933 5953 6090
f 6037 6091 6038
f 6048 6078 6092
f 5986 5934 6093
f 6094 6049 6079
f 6095 6021 6020
f 6070 5972 6096
f 6087 6023 6097
f 6098 5933 6090
f 6073 6066 6031
f 5952 5999 5985
f 5942 6024 6035
f 6091 6099 6098
f 6052 6012 6042
f 6100 6052 6042
f 6004 6101 6100
f 6063 6039 6102
f 5980 6050 5987
f 6047 6103 6073
f 6045 6066 6084
f 6064 6086 6104
f 5947 5977 5945
f 6079 6092 6105
f 6019 6061 5926
f 6104 6086 6055
f 6106 6107 5949
f 6105 6094 6079
f 6089 6088 6108
f 6109 6098 6110
f 6111 6051 5964
f 6112 6085 6069
f 5967 5963 5965
f 6090 5953 6110
f 6010 5921 6008
f 6090 6110 6098
f 6006 6005 6113
f 5942 6035 6114
f 6091 6115 6038
f 5930 6061 6019
f 6081 6116 6117
f 6044 6080 5970
f 6046 5937 5948
f 6025 6041 6118
f 6114 5980 5982
f 6119 6063 6054
f 6120 6100 6042
f 6001 5979 6086
f 6038 6115 6121
f 6103 6083 6073
f 6083 6084 6066
f 5991 6001 6065
f 6064 6104 6103
f 6110 6122 6109
f 6084 6123 6085
f 6092 6069 6068
f 6019 6063 6102
f 6124 6111 5964
f 6125 5964 5963
f 6039 6041 6126
f 6038 6121 6056
f 6020 5926 5925
f 6122 6110 6127
f 6071 6056 6121
f 5994 6023 6089
f 6127 6059 6122
f 6107 5940 5982
f 6121 6122 6071
f 6044 6043 5981
f 6023 5941 6097
f 6114 5982 5940
f 6036 6116 6063
f 6128 5921 6010
f 6129 5997 6050
f 5997 6129 6011
f 5996 5927 6053
f 6082 5946 6130
f 6032 5965 6051
f 6095 6099 6091
f 6116 6057 6072
f 6122 6059 6071
f 5981 5980 5987
f 6063 6116 6039
f 6129 5929 5928
f 5969 5957 6044
f 5929 6062 6061
f 6131 6128 6060
f 6001 6086 6065
f 6040 6118 6041
f 6008 6005 6042
f 5987 6050 5997
f 6055 6100 6104
f 6111 6113 6077
f 6122 6115 6109
f 6005 6120 6042
f 6123 6067 6085
f 6022 5924 5977
f 5964 6125 6124
f 5973 5998 6011
f 6132 6116 6072
f 5926 6000 5927
f 6035 6062 5929
f 6113 6005 6077
f 6058 6072 6071
f 6118 6040 6130
f 6040 6039 6081
f 5987 5986 5981
f 6095 6133 6099
f 5923 6096 5945
f 5997 5988 5987
f 6078 6030 6112
f 5998 5973 6134
f 6117 6116 6132
f 6128 5989 6060
f 6072 6058 6132
f 6091 6021 6095
f 6023 5994 6034
f 6117 6135 6082
f 5946 5972 6118
f 6089 6108 5994
f 6031 6046 5955
f 5981 6107 5982
f 5956 5969 5992
f 6041 6025 6126
f 5925 6095 6020
f 6128 5919 5921
f 5948 5955 6046
f 6120 6004 6100
f 6130 6040 6082
f 6029 5937 6046
f 6100 6101 6104
f 6082 6135 5947
f 6123 6084 6076
f 6103 6104 6101
f 6060 5990 6058
f 6123 6075 6067
f 6082 6081 6117
f 5986 6080 5981
f 5967 6136 6137
f 6138 6111 6124
f 5947 5946 6082
f 6027 6108 6002
f 6029 5938 5937
f 5926 6061 6000
f 6128 6131 6139
f 6102 6126 5930
f 6070 6134 5973
f 5926 6020 6019
f 6088 6002 6108
f 6021 6119 6054
f 6002 6088 5961
f 6026 6042 6012
f 6071 6059 6058
f 6058 5990 6132
f 6083 6103 6140
f 6076 6075 6123
f 5972 5946 6096
f 6126 5928 5930
f 5949 5981 6043
f 6133 5933 6099
f 5964 6051 5965
f 6056 6036 6038
f 6135 6117 6132
f 6140 6103 6101
f 6035 5929 5980
f 6137 6136 6141
f 6048 6092 6079
f 5969 6044 5970
f 6129 5971 6011
f 5963 5968 6125
f 5968 5967 6137
f 6025 5971 6126
f 6039 6126 6102
f 6111 6138 6142
f 5949 6107 5981
f 6133 6095 5925
f 6112 6045 6085
f 6030 6045 6112
f 6034 5994 5993
f 5970 6080 6093
f 6108 5995 5994
f 6080 5986 6093
f 6139 5919 6128
f 6142 6113 6111
f 6119 6036 6063
f 6096 5923 6070
f 6119 6021 6037
f 5934 5986 5988
f 6064 6103 6047
f 5998 5934 5988
f 5989 6010 6009
f 5935 5998 6134
f 6031 5978 6073
f 6001 5991 5958
f 5922 6134 6070
f 6034 5993 6000
f 6086 5979 6022
f 6113 6142 6006
f 6132 5990 6135
f 6074 6076 6140
f 6128 6010 5989
f 6140 6076 6083
f 6096 5946 5945
f 5949 5939 6106
f 6120 6005 6004
f 6057 6056 6072
f 6093 5959 5970
f 6036 6057 6116
f 6059 6127 6143
f 6106 5939 5966
f 6091 6098 6109
f 5960 6002 5961
f 5923 5922 6070
f 6135 5990 5947
f 6126 5971 5928
f 6088 6087 6014
f 6002 6003 6027
f 6003 6028 6027
f 5991 6064 6047
f 6055 6052 6100
f 6122 6121 6115
f 6014 6087 6015
f 6144 6101 6004
f 6134 5922 5935
f 6140 6101 6074
f 6060 5989 5990
f 5977 6052 6022
f 5933 6133 5931
f 6088 6145 5961
f 5924 5979 5922
f 6043 5948 5949
f 5943 6133 5925
f 6017 6146 6147
f 6061 5930 5929
f 6034 6062 6035
f 5939 5949 5937
f 5948 6043 5954
f 5992 5959 5958
f 6069 6092 6078
f 6131 6060 6059
f 5957 5954 6043
f 6055 6086 6022
f 5959 5992 5969
f 6025 6118 5972
f 6146 6145 6088
f 5984 5983 6145
f 6098 6099 5933
f 5962 5983 5999
f 6037 6036 6119
f 6114 5940 5942
f 6085 6067 6069
f 6013 6147 6014
f 6111 6077 6051
f 6037 6021 6091
f 6115 6091 6109
f 6024 6023 6034
f 5945 5977 5923
f 5961 5983 5962
f 5983 5961 6145
f 6006 6144 6004
f 6078 6112 6069
f 5946 6118 6130
f 6084 6083 6076
f 6145 6146 6017
f 6133 5943 5931
f 6015 6087 6097
f 6023 6087 6089
f 6014 6146 6088
f 6147 6146 6014
f 5984 6145 6017
f 6147 5975 6016
f 6035 5980 6114
f 6050 5929 6129
f 6016 6017 6147
f 6039 6116 6081
f 6059 6143 6131
f 5944 5925 5996
f 5995 6108 6027
f 5973 6011 5971
f 6019 6102 5930
f 5959 6093 5934
f 5971 6129 5928
f 6001 5934 5936
f 6148 6149 6150
f 6151 6152 6153
f 6154 6155 6156
f 6157 6158 6159
f 6160 6161 6162
f 6163 6164 6165
f 6166 6167 6168
f 6169 6170 6171
f 6172 6173 6174
f 6175 6151 6176
f 6177 6178 6179
f 6170 6173 6171
f 6180 6181 6182
f 6183 6184 6185
f 6186 6172 6174
f 6187 6188 6189
f 6190 6191 6192
f 6171 6173 6193
f 6194 6187 6195
f 6196 6197 6198
f 6173 6172 6193
f 6172 6196 6195
f 6173 6170 6199
f 6173 6199 6174
f 6200 6201 6202
f 6172 6186 6196
f 6196 6186 6197
f 6196 6194 6195
f 6203 6204 6171
f 6187 6193 6195
f 6174 6205 6186
f 6191 6190 6196
f 6172 6195 6193
f 6206 6207 6208
f 6209 6210 6211
f 6196 6190 6194
f 6196 6198 6191
f 6171 6212 6169
f 6185 6213 6214
f 6204 6212 6171
f 6215 6216 6217
f 6218 6219 6220
f 6221 6155 6222
f 6223 6170 6169
f 6224 6225 6183
f 6169 6207 6206
f 6225 6226 6183
f 6227 6228 6229
f 6155 6230 6231
f 6162 6232 6233
f 6234 6235 6200
f 6236 6237 6238
f 6188 6187 6239
f 6240 6241 6242
f 6243 6244 6245
f 6216 6181 6217
f 6246 6241 6247
f 6228 6226 6248
f 6194 6249 6250
f 6231 6251 6252
f 6181 6253 6232
f 6217 6181 6180
f 6232 6253 6251
f 6252 6176 6254
f 6162 6171 6193
f 6232 6251 6231
f 6255 6256 6257
f 6258 6209 6237
f 6259 6237 6260
f 6261 6255 6257
f 6248 6262 6263
f 6201 6227 6202
f 6187 6264 6239
f 6265 6175 6266
f 6166 6267 6167
f 6263 6262 6225
f 6268 6242 6211
f 6269 6270 6271
f 6168 6248 6263
f 6272 6229 6273
f 6197 6205 6244
f 6151 6274 6234
f 6220 6157 6218
f 6275 6276 6277
f 6165 6278 6279
f 6280 6225 6224
f 6281 6282 6283
f 6241 6284 6242
f 6166 6285 6267
f 6286 6287 6288
f 6289 6218 6157
f 6165 6281 6283
f 6155 6221 6230
f 6169 6212 6207
f 6199 6205 6174
f 6290 6285 6166
f 6226 6274 6183
f 6270 6291 6292
f 6293 6209 6258
f 6294 6295 6245
f 6263 6225 6290
f 6263 6290 6166
f 6181 6232 6182
f 6296 6213 6297
f 6298 6213 6296
f 6247 6180 6188
f 6179 6206 6208
f 6243 6299 6300
f 6301 6280 6224
f 6158 6157 6220
f 6279 6302 6282
f 6280 6290 6225
f 6214 6213 6298
f 6198 6197 6244
f 6180 6189 6188
f 6222 6233 6221
f 6298 6296 6303
f 6261 6257 6177
f 6180 6247 6217
f 6249 6192 6304
f 6277 6256 6255
f 6162 6233 6160
f 6237 6259 6238
f 6300 6244 6243
f 6305 6158 6220
f 6189 6180 6182
f 6306 6295 6178
f 6243 6307 6164
f 6168 6263 6166
f 6158 6308 6309
f 6246 6284 6241
f 6296 6310 6303
f 6265 6266 6251
f 6298 6301 6214
f 6177 6306 6178
f 6209 6260 6237
f 6238 6264 6236
f 6311 6312 6276
f 6313 6250 6289
f 6226 6262 6248
f 6250 6313 6194
f 6314 6315 6316
f 6214 6301 6224
f 6264 6187 6289
f 6242 6317 6211
f 6232 6162 6182
f 6150 6282 6312
f 6214 6183 6185
f 6251 6266 6252
f 6153 6202 6254
f 6318 6319 6320
f 6199 6294 6245
f 6269 6254 6227
f 6289 6157 6264
f 6202 6227 6254
f 6247 6241 6321
f 6321 6217 6247
f 6275 6320 6276
f 6280 6301 6322
f 6323 6215 6321
f 6230 6232 6231
f 6181 6216 6253
f 6302 6324 6277
f 6284 6259 6317
f 6156 6155 6271
f 6325 6326 6327
f 6317 6242 6284
f 6328 6290 6280
f 6329 6219 6218
f 6330 6164 6163
f 6176 6151 6153
f 6281 6165 6279
f 6290 6328 6285
f 6288 6328 6331
f 6292 6154 6156
f 6332 6322 6301
f 6199 6170 6223
f 6217 6321 6215
f 6310 6333 6303
f 6317 6260 6211
f 6267 6288 6334
f 6277 6324 6256
f 6333 6298 6303
f 6335 6316 6315
f 6310 6336 6337
f 6334 6288 6287
f 6277 6282 6302
f 6280 6322 6328
f 6278 6307 6306
f 6257 6324 6278
f 6179 6338 6255
f 6243 6306 6307
f 6157 6236 6264
f 6235 6201 6200
f 6233 6232 6221
f 6310 6337 6333
f 6209 6293 6210
f 6237 6236 6258
f 6179 6255 6261
f 6238 6259 6239
f 6292 6271 6270
f 6294 6178 6295
f 6203 6171 6162
f 6198 6300 6339
f 6300 6198 6244
f 6271 6292 6156
f 6149 6283 6282
f 6332 6298 6333
f 6169 6206 6294
f 6272 6291 6227
f 6340 6341 6342
f 6341 6343 6344
f 6235 6234 6274
f 6297 6310 6296
f 6325 6319 6318
f 6341 6345 6346
f 6347 6348 6349
f 6342 6350 6351
f 6256 6324 6257
f 6155 6154 6222
f 6352 6353 6354
f 6273 6228 6355
f 6185 6356 6213
f 6150 6149 6282
f 6346 6345 6352
f 6344 6357 6358
f 6187 6313 6289
f 6210 6359 6360
f 6201 6228 6227
f 6158 6309 6159
f 6340 6348 6341
f 6268 6240 6242
f 6339 6300 6299
f 6327 6311 6319
f 6346 6352 6297
f 6177 6257 6306
f 6295 6306 6245
f 6350 6342 6361
f 6328 6288 6285
f 6162 6189 6182
f 6362 6349 6363
f 6345 6353 6352
f 6255 6275 6277
f 6357 6343 6213
f 6360 6364 6354
f 6341 6346 6343
f 6358 6357 6356
f 6153 6254 6176
f 6345 6348 6347
f 6248 6355 6228
f 6365 6305 6219
f 6366 6268 6367
f 6228 6201 6226
f 6346 6297 6213
f 6150 6311 6148
f 6368 6359 6369
f 6340 6342 6370
f 6272 6227 6229
f 6269 6155 6371
f 6352 6364 6297
f 6358 6175 6372
f 6208 6338 6179
f 6249 6194 6190
f 6373 6325 6318
f 6343 6357 6344
f 6353 6345 6347
f 6214 6224 6183
f 6363 6348 6340
f 6374 6191 6198
f 6375 6253 6216
f 6282 6277 6312
f 6319 6276 6320
f 6184 6358 6356
f 6151 6234 6152
f 6165 6376 6163
f 6216 6363 6377
f 6299 6243 6330
f 6358 6372 6361
f 6325 6378 6314
f 6329 6289 6250
f 6379 6337 6336
f 6354 6364 6352
f 6241 6323 6321
f 6185 6184 6356
f 6288 6331 6286
f 6379 6368 6380
f 6353 6347 6367
f 6246 6247 6188
f 6206 6179 6178
f 6381 6347 6349
f 6346 6213 6343
f 6364 6310 6297
f 6155 6231 6371
f 6348 6363 6349
f 6205 6245 6244
f 6162 6193 6189
f 6176 6252 6266
f 6357 6213 6356
f 6211 6354 6353
f 6175 6358 6184
f 6341 6348 6345
f 6194 6313 6187
f 6347 6240 6366
f 6203 6162 6161
f 6373 6378 6325
f 6370 6377 6363
f 6311 6150 6312
f 6377 6370 6351
f 6362 6323 6381
f 6371 6252 6254
f 6232 6230 6221
f 6367 6347 6366
f 6310 6364 6336
f 6211 6360 6354
f 6211 6353 6367
f 6240 6347 6381
f 6159 6258 6236
f 6323 6240 6381
f 6209 6211 6260
f 6190 6192 6249
f 6363 6340 6370
f 6349 6362 6381
f 6259 6246 6239
f 6189 6193 6187
f 6372 6175 6265
f 6350 6375 6351
f 6382 6350 6372
f 6211 6367 6268
f 6351 6375 6377
f 6319 6311 6276
f 6231 6252 6371
f 6288 6267 6285
f 6364 6368 6336
f 6294 6223 6169
f 6363 6216 6215
f 6254 6269 6371
f 6364 6359 6368
f 6186 6205 6197
f 6259 6284 6246
f 6266 6175 6176
f 6157 6159 6236
f 6363 6215 6362
f 6306 6243 6245
f 6314 6378 6315
f 6274 6175 6184
f 6210 6360 6211
f 6326 6325 6314
f 6375 6350 6382
f 6344 6342 6341
f 6250 6383 6329
f 6155 6269 6271
f 6382 6372 6265
f 6238 6239 6264
f 6239 6246 6188
f 6301 6298 6332
f 6344 6358 6361
f 6327 6148 6311
f 6375 6216 6377
f 6268 6366 6240
f 6215 6323 6362
f 6251 6382 6265
f 6382 6251 6375
f 6306 6257 6278
f 6368 6379 6336
f 6219 6305 6220
f 6329 6383 6219
f 6191 6374 6192
f 6360 6359 6364
f 6152 6200 6202
f 6226 6225 6262
f 6369 6359 6210
f 6201 6235 6226
f 6342 6344 6361
f 6251 6253 6375
f 6206 6178 6294
f 6372 6350 6361
f 6293 6369 6210
f 6370 6342 6351
f 6234 6200 6152
f 6274 6184 6183
f 6294 6199 6223
f 6369 6380 6368
f 6305 6308 6158
f 6309 6369 6293
f 6380 6369 6384
f 6384 6369 6309
f 6219 6383 6365
f 6165 6164 6278
f 6228 6273 6229
f 6218 6289 6329
f 6259 6260 6317
f 6235 6274 6226
f 6308 6384 6309
f 6258 6159 6309
f 6276 6312 6277
f 6278 6324 6279
f 6279 6324 6302
f 6241 6240 6323
f 6319 6325 6327
f 6199 6245 6205
f 6293 6258 6309
f 6269 6227 6270
f 6307 6278 6164
f 6270 6227 6291
f 6376 6165 6283
f 6175 6274 6151
f 6164 6330 6243
f 6282 6281 6279
f 6202 6153 6152
f 6177 6179 6261
f 6385 6386 6387
f 6388 6389 6390
f 6391 6392 6393
f 6394 6395 6396
f 6397 6398 6399
f 6400 6401 6402
f 6403 6404 6405
f 6406 6407 6408
f 6409 6410 6411
f 6412 6413 6414
f 6415 6416 6417
f 6418 6400 6419
f 6420 6421 6422
f 6423 6424 6425
f 6426 6427 6428
f 6429 6430 6431
f 6432 6395 6394
f 6391 6433 6401
f 6434 6435 6436
f 6437 6388 6390
f 6393 6392 6438
f 6386 6394 6387
f 6439 6405 6440
f 6441 6442 6443
f 6444 6445 6417
f 6446 6388 6447
f 6448 6449 6450
f 6451 6431 6452
f 6453 6454 6455
f 6456 6457 6458
f 6459 6460 6408
f 6438 6421 6420
f 6461 6462 6463
f 6464 6465 6443
f 6466 6467 6454
f 6468 6408 6469
f 6422 6470 6420
f 6454 6453 6466
f 6391 6471 6392
f 6394 6472 6432
f 6473 6474 6439
f 6475 6476 6404
f 6469 6460 6477
f 6478 6479 6480
f 6398 6397 6481
f 6447 6452 6446
f 6418 6482 6400
f 6483 6436 6484
f 6391 6485 6433
f 6486 6424 6487
f 6427 6488 6489
f 6490 6491 6461
f 6492 6465 6493
f 6410 6478 6480
f 6401 6433 6402
f 6416 6415 6428
f 6392 6494 6438
f 6495 6386 6496
f 6497 6420 6498
f 6489 6483 6484
f 6480 6499 6500
f 6496 6386 6501
f 6501 6502 6407
f 6466 6453 6464
f 6503 6398 6487
f 6436 6504 6484
f 6470 6422 6498
f 6401 6482 6471
f 6505 6506 6461
f 6507 6492 6422
f 6507 6422 6421
f 6488 6426 6508
f 6424 6509 6510
f 6386 6502 6501
f 6511 6512 6513
f 6514 6515 6448
f 6516 6453 6515
f 6517 6518 6519
f 6442 6520 6468
f 6521 6522 6490
f 6404 6476 6385
f 6523 6522 6524
f 6525 6490 6461
f 6526 6527 6475
f 6528 6529 6530
f 6403 6405 6439
f 6531 6532 6533
f 6428 6534 6535
f 6536 6537 6441
f 6538 6477 6539
f 6474 6519 6403
f 6469 6477 6540
f 6541 6542 6543
f 6501 6407 6544
f 6545 6519 6518
f 6546 6445 6533
f 6511 6547 6548
f 6431 6549 6452
f 6495 6550 6386
f 6551 6552 6553
f 6503 6424 6423
f 6404 6385 6387
f 6522 6542 6490
f 6554 6555 6390
f 6490 6542 6491
f 6556 6557 6558
f 6559 6560 6561
f 6562 6496 6501
f 6394 6386 6550
f 6563 6564 6565
f 6477 6460 6399
f 6430 6549 6431
f 6440 6395 6524
f 6510 6509 6459
f 6566 6416 6535
f 6525 6567 6473
f 6525 6506 6567
f 6462 6553 6552
f 6569 6570 6518
f 6565 6451 6447
f 6560 6559 6571
f 6517 6483 6488
f 6502 6385 6572
f 6467 6468 6540
f 6573 6574 6412
f 6385 6502 6386
f 6463 6575 6576
f 6467 6442 6468
f 6521 6440 6524
f 6505 6559 6577
f 6578 6579 6580
f 6581 6464 6453
f 6551 6554 6575
f 6503 6582 6398
f 6583 6437 6390
f 6579 6573 6580
f 6436 6435 6584
f 6446 6389 6388
f 6424 6510 6585
f 6445 6415 6417
f 6455 6448 6515
f 6494 6392 6471
f 6517 6569 6518
f 6395 6405 6396
f 6484 6587 6489
f 6588 6589 6565
f 6473 6521 6525
f 6556 6558 6581
f 6590 6495 6591
f 6550 6472 6394
f 6587 6427 6489
f 6418 6544 6520
f 6496 6562 6419
f 6452 6447 6451
f 6391 6592 6485
f 6424 6585 6425
f 6593 6524 6395
f 6476 6594 6385
f 6546 6415 6445
f 6555 6554 6551
f 6543 6542 6522
f 6555 6583 6390
f 6506 6505 6577
f 6530 6595 6457
f 6517 6532 6569
f 6527 6510 6594
f 6404 6387 6396
f 6587 6564 6596
f 6439 6440 6521
f 6518 6570 6597
f 6597 6527 6526
f 6517 6598 6434
f 6470 6498 6420
f 6558 6557 6493
f 6405 6404 6396
f 6394 6396 6387
f 6454 6449 6455
f 6498 6478 6410
f 6557 6580 6599
f 6525 6521 6490
f 6499 6599 6580
f 6415 6546 6508
f 6491 6542 6600
f 6594 6476 6527
f 6571 6559 6505
f 6565 6564 6451
f 6435 6560 6584
f 6584 6504 6436
f 6513 6512 6541
f 6517 6488 6508
f 6558 6464 6581
f 6539 6477 6399
f 6460 6459 6397
f 6477 6601 6467
f 6517 6546 6532
f 6522 6521 6524
f 6474 6598 6519
f 6403 6545 6475
f 6599 6479 6493
f 6545 6518 6526
f 6410 6500 6456
f 6425 6585 6570
f 6442 6602 6520
f 6409 6586 6410
f 6502 6572 6594
f 6397 6486 6481
f 6552 6551 6575
f 6543 6522 6523
f 6573 6579 6574
f 6524 6593 6523
f 6439 6521 6473
f 6555 6553 6547
f 6564 6587 6603
f 6468 6520 6406
f 6506 6577 6567
f 6580 6573 6499
f 6604 6600 6512
f 6459 6486 6397
f 6553 6462 6605
f 6566 6534 6606
f 6398 6539 6399
f 6599 6499 6480
f 6480 6500 6410
f 6587 6534 6427
f 6398 6481 6487
f 6544 6562 6501
f 6585 6597 6570
f 6493 6557 6599
f 6545 6526 6475
f 6426 6415 6508
f 6461 6463 6607
f 6499 6412 6414
f 6554 6389 6549
f 6498 6479 6478
f 6467 6449 6454
f 6422 6492 6479
f 6500 6499 6414
f 6559 6561 6577
f 6548 6605 6604
f 6407 6594 6459
f 6553 6605 6547
f 6502 6594 6407
f 6585 6510 6597
f 6530 6456 6413
f 6536 6421 6494
f 6479 6492 6493
f 6598 6517 6519
f 6509 6486 6459
f 6395 6608 6593
f 6597 6510 6527
f 6458 6411 6456
f 6406 6520 6544
f 6555 6547 6583
f 6515 6578 6516
f 6408 6468 6406
f 6606 6596 6563
f 6453 6516 6556
f 6389 6554 6390
f 6609 6601 6477
f 6401 6471 6391
f 6582 6538 6539
f 6482 6418 6602
f 6538 6609 6477
f 6603 6587 6504
f 6554 6430 6575
f 6424 6503 6487
f 6586 6497 6498
f 6467 6601 6449
f 6464 6443 6466
f 6491 6605 6462
f 6552 6463 6462
f 6610 6447 6388
f 6493 6465 6558
f 6431 6451 6603
f 6529 6595 6530
f 6526 6518 6597
f 6609 6450 6601
f 6469 6540 6468
f 6448 6455 6449
f 6415 6426 6428
f 6444 6531 6533
f 6400 6591 6419
f 6557 6556 6516
f 6591 6495 6419
f 6404 6403 6475
f 6537 6602 6441
f 6397 6399 6460
f 6607 6429 6611
f 6418 6419 6562
f 6500 6413 6456
f 6536 6465 6492
f 6587 6484 6504
f 6427 6426 6488
f 6534 6566 6535
f 6465 6441 6443
f 6441 6602 6442
f 6520 6602 6418
f 6530 6457 6456
f 6427 6534 6428
f 6560 6611 6429
f 6408 6460 6469
f 6576 6575 6430
f 6560 6429 6584
f 6582 6503 6612
f 6548 6604 6511
f 6407 6406 6544
f 6413 6500 6414
f 6418 6562 6544
f 6507 6536 6492
f 6479 6498 6422
f 6452 6389 6446
f 6588 6565 6447
f 6431 6504 6429
f 6481 6486 6487
f 6600 6604 6605
f 6507 6421 6536
f 6456 6411 6410
f 6600 6542 6512
f 6471 6482 6537
f 6571 6505 6607
f 6510 6459 6594
f 6403 6439 6474
f 6604 6512 6511
f 6408 6407 6459
f 6541 6512 6542
f 6534 6587 6596
f 6558 6465 6464
f 6547 6605 6548
f 6434 6561 6560
f 6571 6607 6611
f 6613 6538 6582
f 6400 6402 6591
f 6598 6561 6434
f 6611 6560 6571
f 6434 6483 6517
f 6504 6431 6603
f 6563 6565 6589
f 6572 6385 6594
f 6595 6529 6568
f 6584 6429 6504
f 6462 6461 6491
f 6578 6580 6516
f 6461 6506 6525
f 6532 6531 6570
f 6607 6576 6430
f 6529 6528 6568
f 6514 6579 6578
f 6577 6561 6598
f 6505 6461 6607
f 6575 6463 6552
f 6465 6536 6441
f 6607 6463 6576
f 6600 6605 6491
f 6486 6509 6424
f 6430 6429 6607
f 6443 6442 6466
f 6451 6564 6603
f 6596 6606 6534
f 6599 6480 6479
f 6588 6447 6610
f 6410 6586 6498
f 6453 6556 6581
f 6537 6482 6602
f 6445 6444 6533
f 6413 6528 6530
f 6395 6432 6608
f 6391 6393 6592
f 6539 6398 6582
f 6557 6516 6580
f 6455 6515 6453
f 6405 6395 6440
f 6553 6555 6551
f 6449 6601 6450
f 6474 6567 6598
f 6570 6569 6532
f 6533 6532 6546
f 6477 6467 6540
f 6494 6421 6438
f 6471 6536 6494
f 6567 6474 6473
f 6610 6589 6588
f 6567 6577 6598
f 6436 6483 6434
f 6545 6403 6519
f 6508 6546 6517
f 6476 6475 6527
f 6550 6495 6590
f 6613 6609 6538
f 6549 6430 6554
f 6535 6416 6428
f 6573 6412 6499
f 6488 6483 6489
f 6496 6419 6495
f 6389 6452 6549
f 6590 6472 6550
f 6482 6401 6400
f 6537 6536 6471
f 6434 6560 6435
f 6564 6563 6596
f 6466 6442 6467
f 6514 6578 6515
f 6614 6615 6616
f 6617 6618 6619
f 6620 6621 6622
f 6623 6624 6625
f 6626 6627 6628
f 6629 6630 6631
f 6632 6633 6634
f 6635 6636 6637
f 6638 6639 6640
f 6641 6642 6643
f 6644 6645 6646
f 6647 6648 6649
f 6637 6650 6651
f 6624 6644 6652
f 6653 6654 6655
f 6656 6657 6658
f 6659 6660 6661
f 6662 6663 6664
f 6665 6666 6655
f 6667 6668 6669
f 6624 6670 6625
f 6626 6671 6634
f 6672 6673 6674
f 6675 6676 6677
f 6678 6679 6680
f 6681 6682 6683
f 6684 6685 6686
f 6687 6688 6689
f 6690 6691 6692
f 6693 6694 6695
f 6678 6696 6697
f 6629 6631 6670
f 6665 6654 6637
f 6698 6693 6623
f 6699 6700 6701
f 6702 6703 6621
f 6704 6705 6706
f 6707 6691 6708
f 6709 6710 6711
f 6664 6666 6662
f 6712 6664 6663
f 6667 6691 6711
f 6713 6714 6715
f 6716 6717 6718
f 6637 6654 6635
f 6719 6720 6721
f 6712 6722 6723
f 6682 6681 6724
f 6634 6671 6725
f 6726 6685 6725
f 6652 6727 6728
f 6621 6620 6702
f 6651 6665 6637
f 6729 6709 6730
f 6617 6731 6719
f 6724 6681 6732
f 6733 6734 6735
f 6736 6734 6677
f 6737 6684 6703
f 6711 6691 6738
f 6739 6740 6741
f 6709 6711 6738
f 6742 6614 6743
f 6657 6744 6658
f 6745 6746 6747
f 6748 6739 6749
f 6637 6636 6750
f 6670 6624 6652
f 6647 6751 6752
f 6753 6658 6754
f 6755 6680 6679
f 6628 6642 6626
f 6756 6700 6757
f 6758 6648 6662
f 6759 6760 6761
f 6762 6763 6764
f 6765 6766 6767
f 6768 6713 6690
f 6728 6614 6742
f 6649 6767 6769
f 6770 6771 6759
f 6767 6649 6748
f 6666 6739 6758
f 6772 6740 6773
f 6774 6621 6703
f 6775 6650 6750
f 6748 6649 6758
f 6776 6777 6778
f 6743 6731 6617
f 6779 6653 6655
f 6621 6774 6622
f 6780 6781 6741
f 6727 6646 6728
f 6667 6669 6692
f 6782 6708 6783
f 6784 6735 6736
f 6645 6785 6786
f 6725 6737 6787
f 6788 6789 6790
f 6767 6766 6769
f 6790 6707 6788
f 6738 6691 6707
f 6730 6707 6790
f 6752 6648 6647
f 6648 6758 6649
f 6714 6713 6768
f 6619 6618 6791
f 6792 6793 6668
f 6794 6795 6796
f 6666 6758 6662
f 6671 6726 6725
f 6751 6797 6752
f 6618 6617 6798
f 6658 6676 6718
f 6625 6799 6800
f 6783 6690 6801
f 6639 6696 6802
f 6803 6804 6786
f 6737 6703 6805
f 6686 6685 6734
f 6642 6641 6626
f 6638 6733 6735
f 6661 6792 6806
f 6807 6808 6686
f 6675 6809 6810
f 6811 6812 6735
f 6744 6679 6697
f 6707 6730 6738
f 6650 6775 6651
f 6702 6805 6703
f 6784 6753 6754
f 6655 6666 6779
f 6690 6813 6801
f 6640 6814 6729
f 6815 6681 6683
f 6780 6772 6816
f 6660 6743 6661
f 6718 6676 6716
f 6716 6641 6717
f 6759 6777 6817
f 6742 6818 6819
f 6649 6769 6647
f 6720 6820 6781
f 6654 6653 6635
f 6687 6656 6717
f 6774 6713 6622
f 6701 6700 6628
f 6661 6743 6616
f 6729 6821 6709
f 6819 6728 6742
f 6660 6822 6731
f 6736 6753 6784
f 6690 6783 6691
f 6701 6628 6627
f 6617 6742 6743
f 6719 6721 6798
f 6754 6811 6784
f 6662 6648 6663
f 6815 6706 6793
f 6730 6709 6738
f 6823 6824 6705
f 6678 6697 6679
f 6825 6651 6740
f 6639 6638 6812
f 6812 6811 6697
f 6742 6619 6818
f 6823 6714 6669
f 6819 6652 6728
f 6826 6827 6796
f 6659 6828 6822
f 6820 6829 6830
f 6811 6754 6744
f 6831 6676 6658
f 6771 6832 6759
f 6801 6833 6783
f 6691 6667 6692
f 6833 6774 6703
f 6834 6817 6776
f 6684 6833 6703
f 6794 6722 6639
f 6693 6698 6694
f 6684 6737 6725
f 6700 6771 6757
f 6697 6696 6812
f 6809 6671 6626
f 6669 6824 6823
f 6769 6766 6647
f 6624 6623 6644
f 6709 6766 6710
f 6788 6708 6782
f 6726 6671 6809
f 6741 6781 6830
f 6713 6813 6690
f 6809 6675 6726
f 6617 6719 6798
f 6687 6689 6657
f 6781 6721 6720
f 6692 6768 6690
f 6831 6677 6676
f 6825 6739 6665
f 6640 6789 6733
f 6711 6710 6835
f 6782 6807 6788
f 6814 6797 6821
f 6724 6836 6837
f 6667 6711 6668
f 6760 6759 6832
f 6708 6691 6783
f 6838 6797 6814
f 6782 6833 6808
f 6677 6734 6685
f 6811 6735 6784
f 6723 6722 6794
f 6725 6787 6634
f 6726 6677 6685
f 6741 6749 6739
f 6802 6794 6639
f 6617 6619 6742
f 6814 6722 6838
f 6793 6706 6824
f 6706 6815 6704
f 6765 6839 6766
f 6767 6748 6828
f 6679 6840 6755
f 6807 6782 6808
f 6762 6764 6695
f 6743 6614 6616
f 6757 6770 6688
f 6668 6835 6792
f 6793 6824 6668
f 6751 6709 6821
f 6821 6797 6751
f 6717 6656 6718
f 6752 6838 6712
f 6831 6753 6736
f 6779 6666 6664
f 6802 6696 6841
f 6756 6757 6642
f 6833 6684 6808
f 6670 6799 6625
f 6668 6711 6835
f 6794 6802 6795
f 6800 6698 6625
f 6627 6634 6633
f 6651 6773 6740
f 6651 6825 6665
f 6683 6704 6815
f 6688 6687 6642
f 6773 6651 6775
f 6762 6695 6842
f 6832 6771 6700
f 6754 6658 6744
f 6843 6800 6799
f 6686 6808 6684
f 6735 6812 6638
f 6733 6807 6686
f 6778 6759 6761
f 6716 6675 6810
f 6749 6741 6830
f 6689 6844 6845
f 6789 6788 6807
f 6835 6710 6846
f 6712 6648 6752
f 6719 6822 6720
f 6841 6680 6802
f 6708 6788 6707
f 6680 6795 6802
f 6631 6799 6670
f 6770 6689 6688
f 6642 6757 6688
f 6745 6847 6848
f 6755 6840 6849
f 6678 6680 6841
f 6812 6696 6639
f 6790 6640 6729
f 6789 6640 6790
f 6700 6642 6628
f 6625 6698 6623
f 6668 6824 6669
f 6615 6815 6793
f 6822 6820 6720
f 6743 6660 6731
f 6821 6729 6814
f 6657 6689 6845
f 6770 6844 6689
f 6830 6829 6749
f 6816 6721 6780
f 6793 6792 6615
f 6842 6850 6762
f 6653 6796 6827
f 6816 6772 6798
f 6851 6852 6837
f 6705 6824 6706
f 6696 6678 6841
f 6686 6734 6733
f 6835 6846 6792
f 6846 6710 6766
f 6723 6796 6653
f 6687 6717 6643
f 6644 6785 6645
f 6646 6727 6644
f 6853 6842 6695
f 6680 6672 6674
f 6695 6694 6853
f 6764 6803 6695
f 6677 6726 6675
f 6838 6722 6712
f 6636 6635 6827
f 6646 6732 6681
f 6810 6641 6716
f 6838 6752 6797
f 6669 6714 6768
f 6718 6656 6658
f 6684 6725 6685
f 6735 6734 6736
f 6785 6623 6693
f 6652 6819 6818
f 6629 6670 6652
f 6727 6652 6644
f 6820 6828 6829
f 6759 6817 6770
f 6765 6659 6839
f 6807 6733 6789
f 6848 6847 6778
f 6701 6627 6854
f 6792 6661 6615
f 6739 6666 6665
f 6846 6839 6806
f 6630 6629 6818
f 6834 6770 6817
f 6846 6766 6839
f 6657 6656 6687
f 6664 6712 6723
f 6855 6763 6850
f 6813 6774 6801
f 6818 6791 6630
f 6853 6694 6856
f 6795 6826 6796
f 6694 6698 6800
f 6811 6744 6697
f 6828 6820 6822
f 6822 6660 6659
f 6645 6786 6804
f 6804 6803 6851
f 6809 6626 6641
f 6615 6681 6815
f 6629 6652 6818
f 6645 6804 6836
f 6615 6614 6681
f 6781 6820 6830
f 6639 6722 6640
f 6813 6713 6774
f 6756 6642 6700
f 6722 6814 6640
f 6778 6761 6848
f 6771 6770 6757
f 6680 6857 6672
f 6774 6833 6801
f 6848 6858 6746
f 6614 6646 6681
f 6677 6831 6736
f 6675 6716 6676
f 6836 6732 6645
f 6764 6763 6859
f 6619 6791 6818
f 6643 6642 6687
f 6715 6622 6713
f 6829 6748 6749
f 6751 6647 6766
f 6616 6615 6661
f 6659 6765 6828
f 6800 6856 6694
f 6745 6848 6746
f 6785 6693 6786
f 6632 6634 6787
f 6860 6859 6855
f 6723 6779 6664
f 6661 6806 6659
f 6843 6856 6800
f 6761 6858 6848
f 6796 6723 6794
f 6803 6764 6859
f 6859 6851 6803
f 6852 6859 6860
f 6777 6759 6778
f 6777 6776 6817
f 6825 6740 6739
f 6665 6655 6654
f 6750 6650 6637
f 6829 6828 6748
f 6836 6724 6732
f 6733 6638 6640
f 6744 6657 6845
f 6714 6823 6705
f 6695 6786 6693
f 6809 6641 6810
f 6614 6728 6646
f 6721 6816 6798
f 6682 6724 6837
f 6851 6836 6804
f 6645 6732 6646
f 6755 6857 6680
f 6851 6859 6852
f 6719 6731 6822
f 6626 6634 6627
f 6859 6763 6855
f 6763 6762 6850
f 6770 6834 6844
f 6768 6692 6669
f 6790 6729 6730
f 6854 6699 6701
f 6721 6781 6780
f 6837 6836 6851
f 6709 6751 6766
f 6663 6648 6712
f 6641 6643 6717
f 6803 6786 6695
f 6659 6806 6839
f 6623 6785 6644
f 6635 6653 6827
f 6849 6845 6844
f 6845 6840 6744
f 6740 6772 6780
f 6783 6833 6782
f 6795 6673 6826
f 6753 6831 6658
f 6673 6795 6674
f 6840 6845 6849
f 6792 6846 6806
f 6740 6780 6741
f 6779 6723 6653
f 6767 6828 6765
f 6739 6748 6758
f 6679 6744 6840
f 6680 6674 6795
f 6861 6862 6863
f 6864 6865 6866
f 6867 6868 6869
f 6870 6871 6872
f 6873 6874 6875
f 6867 6876 6877
f 6873 6878 6879
f 6880 6881 6882
f 6883 6884 6885
f 6886 6887 6888
f 6889 6868 6890
f 6891 6881 6892
f 6893 6894 6895
f 6896 6897 6898
f 6899 6900 6901
f 6902 6903 6904
f 6872 6905 6906
f 6879 6878 6907
f 6908 6876 6909
f 6910 6911 6912
f 6913 6898 6914
f 6915 6916 6908
f 6918 6919 6917
f 6921 6922 6923
f 6924 6908 6909
f 6925 6926 6927
f 6900 6928 6901
f 6926 6925 6929
f 6884 6930 6931
f 6932 6871 6923
f 6888 6919 6918
f 6934 6907 6935
f 6936 6937 6938
f 6939 6898 6913
f 6940 6941 6942
f 6888 6918 6943
f 6944 6945 6946
f 6947 6948 6949
f 6949 6875 6947
f 6950 6947 6951
f 6952 6953 6954
f 6952 6925 6955
f 6864 6870 6956
f 6957 6958 6937
f 6938 6959 6936
f 6960 6889 6890
f 6940 6933 6961
f 6934 6951 6947
f 6952 6954 6925
f 6906 6962 6963
f 6956 6964 6965
f 6966 6967 6968
f 6932 6872 6871
f 6969 6970 6878
f 6971 6972 6973
f 6974 6942 6941
f 6975 6976 6967
f 6964 6956 6977
f 6978 6862 6861
f 6907 6934 6879
f 6950 6937 6936
f 6961 6933 6979
f 6957 6950 6934
f 6953 6895 6980
f 6953 6980 6954
f 6947 6879 6934
f 6930 6894 6893
f 6963 6981 6982
f 6978 6943 6862
f 6930 6883 6982
f 6954 6980 6938
f 6941 6940 6961
f 6875 6874 6947
f 6944 6946 6983
f 6984 6985 6986
f 6930 6982 6987
f 6988 6870 6989
f 6925 6938 6937
f 6967 6976 6990
f 6992 6993 6994
f 6995 6994 6993
f 6996 6979 6997
f 6957 6929 6925
f 6943 6974 6941
f 6968 6904 6998
f 6999 6966 7000
f 6884 6883 6930
f 7001 6975 6964
f 6958 6925 6937
f 6930 6987 6894
f 6861 7002 6978
f 6867 6890 6868
f 6920 6933 6940
f 6936 7003 6948
f 7004 6935 6907
f 6947 6874 6879
f 7005 6957 7006
f 6911 7007 7008
f 7009 7003 6987
f 6885 6928 6883
f 7010 7008 7011
f 6989 6870 6872
f 7012 7013 6911
f 7012 6901 7013
f 7002 6861 7014
f 7015 6996 6997
f 7016 6972 6901
f 7017 6871 7018
f 7019 7020 6968
f 6959 7003 6936
f 7021 6919 6887
f 7010 6901 7012
f 6863 7022 7023
f 6957 7005 6929
f 6922 6949 7024
f 6903 6902 7025
f 6907 6970 7004
f 6881 6917 6919
f 6896 6908 7026
f 7027 6927 7028
f 7022 6941 6961
f 6891 6991 6881
f 6976 6993 6992
f 6916 7017 7018
f 7022 7015 7029
f 7017 6924 6871
f 7030 6982 6883
f 7012 7008 7010
f 6920 6940 6942
f 6901 7010 6899
f 7031 6988 7032
f 6986 6985 7033
f 7034 7035 6867
f 7036 7015 6997
f 6901 6928 7016
f 6928 7037 7030
f 7026 6897 6896
f 6917 6881 6880
f 7001 6976 6975
f 6904 6903 7038
f 6939 6913 7039
f 7040 6984 6995
f 6909 6923 6924
f 7041 7031 7042
f 7008 7012 6911
f 6921 7035 7043
f 6984 6986 6995
f 7019 7029 7044
f 6878 6970 6907
f 7045 7025 7046
f 7047 6878 6873
f 6865 7000 7048
f 6942 6974 7049
f 6895 7050 6980
f 6957 6937 6950
f 6961 6979 6996
f 6941 7022 6862
f 7051 7052 7046
f 7050 6959 6938
f 6895 6987 7003
f 7053 6902 6904
f 6939 7054 6898
f 7024 6905 6932
f 6899 7010 7031
f 6936 6947 6950
f 6957 6934 7006
f 6962 7024 6949
f 6871 6870 6864
f 7008 7007 6984
f 6941 6862 6943
f 6962 6905 7024
f 6988 7031 7041
f 6923 6922 6932
f 6906 6963 7055
f 7050 6938 6980
f 7056 6969 7034
f 6904 7020 7057
f 7035 6921 6909
f 7035 7034 7043
f 6974 6943 7058
f 6924 7017 6915
f 7059 6982 6981
f 7040 7011 6984
f 6994 7033 6944
f 6995 6986 6994
f 7023 7022 7029
f 7060 6946 7029
f 7059 7009 6982
f 6944 7033 7061
f 6959 6895 7003
f 6896 6898 7062
f 7040 7042 7011
f 6865 6999 7063
f 6881 6991 6882
f 7064 7020 7019
f 6977 7041 7042
f 6996 7015 7022
f 6955 6925 6927
f 7043 7034 6969
f 6908 6896 6876
f 6962 6949 7059
f 6963 7059 6981
f 7032 7055 6899
f 6993 7042 7040
f 6916 7018 6866
f 6966 7051 7000
f 6949 6948 7009
f 7065 6890 6896
f 6887 6919 6888
f 6936 6948 6947
f 6983 6946 7066
f 7035 6876 6867
f 6982 7030 6963
f 6976 6992 6990
f 6873 6922 7047
f 6969 7047 7043
f 6956 6988 7041
f 7061 6945 6944
f 6925 6954 6938
f 6867 6877 6890
f 7001 6993 6976
f 7063 6999 7000
f 6896 7062 7065
f 6969 7056 6970
f 6956 6870 6988
f 6977 6993 7001
f 6916 6866 7067
f 6928 6900 7037
f 7002 6886 6978
f 7026 7067 6897
f 6950 6951 6934
f 7040 6995 6993
f 6949 7009 7059
f 7034 6867 6869
f 6892 6881 6919
f 6877 6896 6890
f 6916 7026 6908
f 6961 6996 7022
f 7055 7030 7037
f 6977 7042 6993
f 7068 7025 6902
f 6895 6894 6987
f 6888 6943 6978
f 6949 6922 6875
f 7029 7019 7060
f 6905 6962 6906
f 7055 7037 6899
f 6965 6865 6864
f 7065 7062 7069
f 6873 6879 6874
f 7051 6914 7000
f 6967 6966 6999
f 7041 6977 6956
f 6990 6983 7066
f 6968 6946 7060
f 7014 7023 7029
f 7013 6971 6912
f 6895 6953 6893
f 6869 7056 7034
f 6865 7048 6866
f 6945 7061 7070
f 6915 7017 6916
f 6914 7071 7039
f 7065 7069 7072
f 6965 6964 6999
f 7000 6865 7063
f 6988 6989 7032
f 7070 7014 6945
f 6910 7073 6911
f 7044 7015 7036
f 6914 6897 7067
f 7060 7019 6968
f 6992 6983 6990
f 6994 6944 6983
f 7032 6872 6906
f 6921 7043 7047
f 6922 6921 7047
f 7052 7051 6966
f 7074 7073 6910
f 7073 7074 7075
f 7018 6864 6866
f 6901 6972 6971
f 7066 6946 6968
f 7052 6966 7038
f 6999 6865 6965
f 7029 6946 6945
f 6977 7001 6964
f 7044 7036 7019
f 7039 6913 6914
f 6963 6962 7059
f 7044 7029 7015
f 6969 6878 7047
f 7055 7032 6906
f 7031 7011 7042
f 6985 7076 7033
f 6924 6915 6908
f 6925 6958 6957
f 7071 6914 7051
f 7065 6960 6890
f 7018 6871 6864
f 6990 7066 6967
f 6893 6931 6930
f 6872 6932 6905
f 6923 6871 6924
f 6971 6973 6912
f 7045 6903 7025
f 6975 6999 6964
f 6948 7003 7009
f 7070 7061 7076
f 7073 7007 6911
f 6998 6904 7038
f 6986 7033 6994
f 7022 6863 6862
f 7020 6904 6968
f 7013 6912 6911
f 7067 7026 6916
f 6959 7050 6895
f 6955 6927 7027
f 6901 6971 7013
f 6922 7024 6932
f 6873 6875 6922
f 7030 6883 6928
f 7067 7000 6914
f 6921 6923 6909
f 7037 6900 6899
f 7031 7032 6899
f 6966 6968 6998
f 6968 6967 7066
f 7014 7070 6985
f 6872 7032 6989
f 7007 6985 6984
f 6945 7014 7029
f 6909 6876 7035
f 6914 6898 6897
f 6992 6994 6983
f 7002 7077 7075
f 6861 7023 7014
f 6892 6919 7021
f 7031 7010 7011
f 7057 7053 6904
f 7021 7078 6892
f 6886 6888 6978
f 7052 7038 6903
f 7030 7055 6963
f 6966 6998 7038
f 7036 7064 7019
f 7045 7052 6903
f 7048 7067 6866
f 6876 6896 6877
f 7062 6898 7054
f 6965 6864 6956
f 7048 7000 7067
f 6928 6885 7016
f 6863 7023 6861
f 7046 7071 7051
f 7072 6960 7065
f 6984 7011 7008
f 6999 6975 6967
f 7077 7073 7075
f 7046 7052 7045
f 7053 7068 6902
f 7075 6886 7002
f 7021 6887 7075
f 7014 6985 7002
f 6985 7070 7076
f 6982 7009 6987
f 7021 7075 7074
f 7073 7077 7007
f 7075 6887 6886
f 7077 7002 6985
f 7077 6985 7007
f 7021 7074 7078
f 7061 7033 7076
f 7079 7080 7081
f 7082 7083 7084
f 7085 7086 7087
f 7088 7089 7090
f 7091 7092 7093
f 7094 7095 7096
f 7097 7095 7094
f 7098 7099 7100
f 7101 7102 7093
f 7103 7104 7105
f 7106 7107 7108
f 7109 7110 7111
f 7102 7091 7093
f 7092 7091 7112
f 7086 7113 7114
f 7115 7116 7117
f 7089 7118 7090
f 7119 7120 7121
f 7122 7123 7124
f 7125 7126 7127
f 7128 7129 7130
f 7131 7132 7133
f 7134 7135 7080
f 7135 7134 7136
f 7137 7138 7139
f 7092 7112 7140
f 7141 7108 7142
f 7143 7144 7145
f 7146 7147 7148
f 7149 7150 7118
f 7151 7152 7153
f 7154 7155 7156
f 7157 7158 7159
f 7160 7152 7161
f 7162 7163 7164
f 7165 7166 7167
f 7168 7164 7169
f 7106 7110 7170
f 7163 7162 7171
f 7172 7173 7174
f 7175 7176 7157
f 7177 7126 7178
f 7179 7180 7181
f 7182 7183 7184
f 7185 7186 7187
f 7182 7151 7188
f 7189 7190 7191
f 7124 7192 7193
f 7182 7082 7194
f 7195 7125 7196
f 7197 7198 7199
f 7126 7177 7127
f 7200 7201 7202
f 7203 7204 7205
f 7146 7206 7207
f 7206 7208 7113
f 7209 7155 7154
f 7169 7160 7210
f 7211 7212 7131
f 7182 7184 7213
f 7101 7092 7214
f 7215 7216 7175
f 7162 7217 7171
f 7218 7219 7220
f 7176 7175 7216
f 7221 7217 7222
f 7223 7224 7181
f 7188 7151 7153
f 7152 7160 7153
f 7153 7160 7169
f 7163 7169 7164
f 7225 7164 7168
f 7226 7163 7171
f 7152 7227 7161
f 7200 7191 7228
f 7229 7198 7230
f 7199 7157 7159
f 7231 7232 7217
f 7231 7215 7233
f 7109 7234 7235
f 7206 7113 7207
f 7236 7237 7238
f 7206 7146 7239
f 7150 7240 7213
f 7241 7242 7130
f 7104 7103 7220
f 7243 7244 7245
f 7186 7204 7187
f 7246 7196 7127
f 7090 7095 7247
f 7248 7241 7249
f 7185 7091 7102
f 7162 7225 7222
f 7176 7158 7157
f 7232 7226 7171
f 7248 7137 7241
f 7153 7169 7250
f 7110 7116 7111
f 7246 7132 7193
f 7119 7201 7251
f 7169 7163 7250
f 7238 7252 7253
f 7083 7188 7153
f 7254 7227 7255
f 7189 7256 7190
f 7192 7124 7166
f 7090 7257 7088
f 7117 7116 7141
f 7256 7189 7258
f 7259 7157 7199
f 7157 7259 7233
f 7260 7261 7262
f 7232 7231 7229
f 7101 7100 7178
f 7148 7239 7146
f 7194 7183 7182
f 7188 7082 7182
f 7263 7262 7261
f 7125 7195 7264
f 7102 7101 7178
f 7145 7265 7266
f 7267 7144 7268
f 7269 7119 7251
f 7173 7132 7246
f 7238 7270 7252
f 7153 7250 7083
f 7250 7163 7226
f 7205 7125 7264
f 7105 7104 7271
f 7175 7233 7215
f 7192 7209 7195
f 7124 7132 7131
f 7272 7122 7131
f 7121 7235 7234
f 7199 7198 7259
f 7186 7185 7205
f 7123 7147 7167
f 7138 7273 7139
f 7219 7271 7220
f 7274 7096 7095
f 7144 7112 7091
f 7275 7225 7263
f 7201 7234 7202
f 7276 7220 7103
f 7277 7278 7273
f 7161 7227 7279
f 7278 7277 7280
f 7192 7166 7165
f 7281 7088 7135
f 7282 7283 7284
f 7173 7127 7177
f 7222 7225 7221
f 7214 7285 7243
f 7286 7098 7287
f 7184 7150 7213
f 7288 7279 7289
f 7111 7115 7202
f 7247 7257 7090
f 7225 7162 7164
f 7136 7117 7141
f 7272 7131 7212
f 7290 7150 7149
f 7082 7188 7083
f 7226 7083 7250
f 7229 7083 7226
f 7291 7206 7239
f 7132 7173 7133
f 7194 7082 7292
f 7251 7201 7228
f 7293 7239 7148
f 7294 7295 7296
f 7207 7086 7297
f 7268 7298 7267
f 7176 7216 7299
f 7300 7301 7302
f 7225 7168 7288
f 7299 7303 7304
f 7255 7290 7305
f 7131 7122 7124
f 7295 7294 7277
f 7264 7203 7205
f 7306 7103 7105
f 7081 7257 7247
f 7230 7198 7307
f 7297 7165 7207
f 7270 7238 7308
f 7309 7181 7224
f 7279 7310 7161
f 7240 7151 7213
f 7205 7185 7126
f 7311 7140 7143
f 7179 7181 7309
f 7165 7146 7207
f 7107 7106 7170
f 7123 7280 7147
f 7305 7290 7149
f 7115 7189 7202
f 7091 7185 7187
f 7312 7251 7313
f 7218 7220 7314
f 7304 7176 7299
f 7118 7089 7149
f 7315 7173 7177
f 7281 7141 7142
f 7316 7317 7318
f 7101 7243 7287
f 7279 7288 7310
f 7202 7191 7200
f 7270 7308 7282
f 7253 7252 7319
f 7177 7178 7315
f 7194 7292 7320
f 7280 7123 7278
f 7099 7129 7128
f 7214 7092 7311
f 7195 7193 7192
f 7227 7152 7255
f 7156 7203 7154
f 7291 7180 7206
f 7173 7172 7133
f 7208 7206 7180
f 7236 7084 7083
f 7300 7148 7147
f 7307 7198 7197
f 7109 7202 7234
f 7321 7322 7323
f 7255 7151 7240
f 7324 7190 7267
f 7217 7221 7231
f 7123 7122 7278
f 7268 7144 7091
f 7229 7233 7259
f 7193 7195 7196
f 7276 7325 7314
f 7322 7326 7323
f 7187 7268 7091
f 7251 7312 7269
f 7125 7205 7126
f 7126 7102 7178
f 7221 7275 7299
f 7327 7288 7289
f 7227 7254 7279
f 7254 7255 7305
f 7101 7328 7100
f 7236 7229 7230
f 7115 7117 7258
f 7311 7292 7285
f 7285 7214 7311
f 7190 7228 7191
f 7181 7180 7291
f 7121 7234 7201
f 7292 7084 7285
f 7286 7287 7243
f 7194 7320 7079
f 7186 7205 7204
f 7213 7151 7182
f 7243 7285 7244
f 7160 7161 7310
f 7168 7169 7210
f 7118 7095 7090
f 7323 7219 7321
f 7104 7220 7271
f 7274 7118 7150
f 7329 7172 7099
f 7211 7131 7133
f 7329 7128 7211
f 7240 7150 7290
f 7330 7143 7145
f 7274 7150 7096
f 7243 7101 7214
f 7303 7331 7304
f 7225 7332 7263
f 7289 7279 7254
f 7280 7300 7147
f 7081 7183 7079
f 7221 7225 7275
f 7258 7189 7115
f 7148 7300 7293
f 7201 7119 7121
f 7137 7122 7272
f 7333 7334 7335
f 7202 7189 7191
f 7295 7325 7296
f 7079 7183 7194
f 7230 7336 7237
f 7240 7290 7255
f 7212 7128 7337
f 7329 7099 7128
f 7098 7100 7328
f 7338 7336 7339
f 7084 7253 7285
f 7272 7242 7137
f 7209 7192 7165
f 7303 7299 7261
f 7335 7089 7088
f 7172 7211 7133
f 7314 7340 7218
f 7125 7127 7196
f 7216 7215 7221
f 7190 7341 7267
f 7271 7219 7323
f 7266 7330 7145
f 7334 7305 7089
f 7079 7143 7330
f 7298 7268 7187
f 7225 7288 7332
f 7287 7098 7328
f 7238 7253 7236
f 7252 7270 7319
f 7319 7244 7253
f 7342 7331 7303
f 7343 7300 7280
f 7278 7122 7139
f 7138 7137 7248
f 7344 7289 7254
f 7123 7166 7124
f 7322 7286 7245
f 7100 7099 7174
f 7300 7302 7293
f 7242 7212 7337
f 7322 7284 7283
f 7335 7088 7142
f 7128 7212 7211
f 7086 7207 7113
f 7304 7158 7176
f 7144 7341 7265
f 7112 7144 7143
f 7277 7343 7280
f 7141 7116 7106
f 7301 7300 7343
f 7311 7092 7140
f 7307 7336 7230
f 7134 7258 7117
f 7286 7322 7321
f 7326 7271 7323
f 7243 7245 7286
f 7233 7229 7231
f 7147 7146 7167
f 7137 7242 7241
f 7310 7288 7168
f 7325 7316 7296
f 7165 7297 7209
f 7278 7139 7273
f 7257 7135 7088
f 7136 7141 7281
f 7345 7107 7170
f 7223 7291 7302
f 7085 7346 7269
f 7277 7273 7295
f 7209 7154 7195
f 7347 7170 7110
f 7277 7294 7343
f 7146 7165 7167
f 7273 7348 7295
f 7326 7105 7271
f 7229 7226 7232
f 7247 7095 7097
f 7127 7173 7246
f 7302 7291 7293
f 7095 7118 7274
f 7228 7190 7349
f 7313 7156 7312
f 7185 7102 7126
f 7269 7346 7120
f 7107 7345 7108
f 7350 7258 7134
f 7330 7080 7079
f 7184 7183 7096
f 7305 7334 7344
f 7351 7129 7098
f 7130 7249 7241
f 7237 7336 7308
f 7336 7307 7339
f 7325 7295 7348
f 7249 7130 7218
f 7245 7244 7284
f 7261 7260 7342
f 7080 7135 7257
f 7288 7327 7352
f 7081 7094 7183
f 7353 7248 7249
f 7138 7248 7353
f 7145 7144 7265
f 7122 7137 7139
f 7138 7325 7348
f 7320 7292 7311
f 7129 7218 7130
f 7350 7256 7258
f 7319 7270 7282
f 7293 7291 7239
f 7249 7218 7353
f 7340 7138 7353
f 7273 7138 7348
f 7325 7138 7314
f 7354 7296 7316
f 7181 7291 7223
f 7355 7298 7187
f 7264 7195 7154
f 7119 7269 7120
f 7355 7187 7204
f 7337 7128 7130
f 7329 7211 7172
f 7175 7157 7233
f 7096 7183 7094
f 7094 7081 7097
f 7143 7079 7320
f 7356 7357 7108
f 7229 7236 7083
f 7347 7345 7170
f 7237 7308 7238
f 7218 7340 7353
f 7334 7089 7335
f 7190 7324 7349
f 7138 7340 7314
f 7261 7299 7275
f 7330 7266 7080
f 7100 7315 7178
f 7341 7144 7267
f 7352 7332 7288
f 7244 7319 7284
f 7294 7296 7354
f 7097 7081 7247
f 7114 7113 7208
f 7317 7316 7325
f 7085 7312 7155
f 7116 7110 7106
f 7316 7318 7354
f 7276 7317 7325
f 7351 7219 7129
f 7141 7106 7108
f 7251 7228 7313
f 7130 7242 7337
f 7112 7143 7140
f 7150 7184 7096
f 7242 7272 7212
f 7220 7276 7314
f 7099 7172 7174
f 7318 7317 7103
f 7285 7253 7244
f 7310 7168 7210
f 7171 7217 7232
f 7101 7287 7328
f 7209 7297 7085
f 7080 7350 7134
f 7174 7173 7315
f 7317 7276 7103
f 7263 7358 7262
f 7359 7360 7322
f 7202 7109 7111
f 7203 7264 7154
f 7219 7098 7321
f 7303 7261 7342
f 7352 7361 7263
f 7136 7134 7117
f 7196 7246 7193
f 7253 7084 7236
f 7085 7087 7346
f 7349 7156 7313
f 7305 7344 7254
f 7324 7298 7349
f 7308 7336 7338
f 7275 7263 7261
f 7156 7298 7355
f 7116 7115 7111
f 7335 7357 7333
f 7162 7222 7217
f 7098 7219 7351
f 7135 7136 7281
f 7129 7099 7098
f 7256 7350 7265
f 7265 7350 7266
f 7092 7101 7093
f 7235 7347 7109
f 7142 7357 7335
f 7319 7282 7284
f 7210 7160 7310
f 7298 7156 7349
f 7142 7108 7357
f 7219 7218 7129
f 7108 7345 7356
f 7086 7085 7297
f 7156 7155 7312
f 7203 7355 7204
f 7267 7298 7324
f 7283 7359 7322
f 7167 7166 7123
f 7284 7322 7245
f 7231 7221 7215
f 7263 7332 7352
f 7085 7269 7312
f 7305 7149 7089
f 7193 7132 7124
f 7082 7084 7292
f 7237 7236 7230
f 7355 7203 7156
f 7088 7281 7142
f 7155 7209 7085
f 7320 7311 7143
f 7257 7081 7080
f 7151 7255 7152
f 7229 7259 7198
f 7201 7200 7228
f 7265 7341 7256
f 7216 7221 7299
f 7321 7098 7286
f 7315 7100 7174
f 7262 7358 7362
f 7360 7326 7322
f 7110 7109 7347
f 7349 7313 7228
f 7358 7263 7361
f 7350 7080 7266
f 7341 7190 7256
f 7363 7364 7365
f 7366 7367 7368
f 7366 7369 7370
f 7371 7372 7373
f 7374 7375 7376
f 7377 7371 7373
f 7372 7378 7379
f 7377 7380 7381
f 7382 7383 7384
f 7372 7379 7385
f 7373 7372 7386
f 7387 7388 7389
f 7390 7391 7392
f 7393 7388 7394
f 7395 7379 7378
f 7396 7397 7389
f 7368 7369 7366
f 7398 7399 7400
f 7401 7402 7403
f 7385 7379 7404
f 7405 7368 7406
f 7407 7370 7408
f 7370 7407 7366
f 7378 7371 7381
f 7409 7410 7411
f 7388 7412 7396
f 7393 7413 7414
f 7401 7403 7415
f 7416 7417 7418
f 7412 7419 7396
f 7412 7420 7421
f 7422 7423 7424
f 7379 7425 7404
f 7378 7381 7369
f 7421 7426 7427
f 7413 7428 7429
f 7420 7393 7414
f 7394 7413 7393
f 7427 7426 7416
f 7430 7414 7429
f 7427 7431 7395
f 7432 7389 7433
f 7434 7367 7366
f 7369 7380 7435
f 7436 7399 7398
f 7395 7431 7437
f 7438 7439 7440
f 7412 7421 7419
f 7441 7442 7443
f 7444 7414 7430
f 7433 7445 7432
f 7446 7447 7448
f 7371 7377 7381
f 7449 7450 7451
f 7368 7405 7378
f 7452 7453 7454
f 7455 7456 7406
f 7427 7416 7431
f 7457 7458 7459
f 7410 7460 7461
f 7378 7427 7395
f 7440 7462 7438
f 7397 7456 7463
f 7464 7465 7466
f 7397 7467 7389
f 7468 7469 7470
f 7471 7472 7473
f 7410 7461 7474
f 7475 7417 7416
f 7465 7469 7466
f 7418 7431 7416
f 7476 7477 7408
f 7407 7408 7477
f 7444 7475 7420
f 7478 7479 7480
f 7408 7370 7435
f 7481 7482 7483
f 7445 7484 7432
f 7486 7487 7488
f 7488 7489 7486
f 7490 7436 7398
f 7491 7492 7384
f 7493 7418 7399
f 7433 7389 7467
f 7494 7441 7453
f 7367 7434 7495
f 7496 7459 7458
f 7497 7498 7447
f 7499 7448 7447
f 7500 7501 7502
f 7456 7455 7503
f 7386 7504 7505
f 7473 7472 7402
f 7497 7506 7498
f 7417 7400 7418
f 7458 7392 7391
f 7367 7455 7406
f 7507 7434 7366
f 7508 7509 7510
f 7511 7407 7477
f 7448 7402 7446
f 7401 7446 7402
f 7459 7512 7401
f 7511 7507 7407
f 7513 7514 7515
f 7493 7399 7436
f 7516 7457 7401
f 7517 7388 7387
f 7388 7517 7394
f 7484 7445 7518
f 7519 7520 7521
f 7459 7401 7457
f 7425 7522 7523
f 7384 7492 7464
f 7524 7458 7525
f 7401 7415 7516
f 7526 7473 7527
f 7528 7529 7530
f 7528 7490 7457
f 7393 7412 7388
f 7531 7519 7532
f 7445 7533 7518
f 7467 7534 7433
f 7535 7441 7536
f 7537 7538 7496
f 7455 7367 7495
f 7448 7527 7402
f 7507 7539 7434
f 7402 7527 7473
f 7525 7540 7541
f 7503 7542 7463
f 7463 7543 7467
f 7544 7545 7546
f 7522 7547 7536
f 7476 7511 7477
f 7400 7475 7390
f 7445 7433 7548
f 7549 7550 7551
f 7552 7553 7374
f 7374 7553 7554
f 7517 7387 7555
f 7422 7556 7557
f 7558 7544 7559
f 7548 7533 7445
f 7534 7548 7433
f 7503 7455 7495
f 7560 7542 7503
f 7528 7516 7415
f 7561 7476 7562
f 7563 7564 7565
f 7566 7567 7568
f 7569 7525 7570
f 7528 7415 7529
f 7555 7571 7517
f 7512 7497 7446
f 7533 7572 7518
f 7475 7426 7421
f 7573 7574 7449
f 7499 7527 7448
f 7437 7431 7575
f 7403 7529 7415
f 7577 7547 7522
f 7578 7533 7548
f 7579 7548 7534
f 7539 7503 7495
f 7560 7580 7581
f 7542 7582 7543
f 7519 7521 7583
f 7534 7582 7579
f 7581 7584 7560
f 7525 7458 7391
f 7519 7531 7576
f 7542 7560 7584
f 7559 7546 7482
f 7585 7551 7586
f 7587 7588 7411
f 7425 7437 7522
f 7514 7589 7509
f 7562 7590 7561
f 7481 7483 7591
f 7397 7419 7456
f 7571 7555 7592
f 7593 7394 7594
f 7594 7517 7571
f 7595 7591 7533
f 7591 7572 7533
f 7596 7550 7597
f 7595 7533 7578
f 7598 7580 7503
f 7599 7539 7600
f 7601 7602 7603
f 7582 7542 7584
f 7588 7604 7411
f 7427 7405 7421
f 7582 7605 7579
f 7365 7364 7556
f 7606 7607 7608
f 7584 7581 7609
f 7504 7372 7385
f 7423 7422 7461
f 7577 7575 7493
f 7592 7555 7518
f 7434 7539 7495
f 7524 7541 7610
f 7562 7480 7590
f 7453 7523 7494
f 7426 7475 7416
f 7611 7612 7570
f 7613 7614 7615
f 7592 7603 7571
f 7571 7602 7594
f 7501 7588 7586
f 7591 7595 7481
f 7572 7592 7518
f 7616 7617 7535
f 7603 7592 7618
f 7419 7421 7405
f 7619 7605 7609
f 7516 7528 7457
f 7615 7552 7374
f 7429 7414 7413
f 7401 7512 7446
f 7620 7621 7622
f 7623 7557 7624
f 7625 7626 7627
f 7574 7521 7485
f 7478 7382 7384
f 7595 7628 7481
f 7500 7532 7583
f 7628 7595 7578
f 7629 7580 7598
f 7629 7468 7580
f 7470 7581 7468
f 7584 7605 7582
f 7581 7470 7609
f 7411 7410 7474
f 7619 7470 7469
f 7470 7619 7609
f 7630 7599 7631
f 7491 7383 7632
f 7582 7534 7543
f 7479 7590 7480
f 7500 7633 7532
f 7632 7634 7589
f 7628 7605 7482
f 7522 7437 7577
f 7602 7571 7603
f 7594 7602 7593
f 7425 7379 7395
f 7635 7572 7591
f 7592 7572 7635
f 7592 7636 7618
f 7581 7580 7468
f 7637 7553 7535
f 7545 7544 7638
f 7544 7639 7640
f 7535 7536 7637
f 7483 7641 7620
f 7534 7467 7543
f 7584 7609 7605
f 7631 7599 7600
f 7628 7482 7481
f 7468 7629 7466
f 7548 7579 7578
f 7583 7532 7519
f 7630 7479 7599
f 7541 7524 7525
f 7642 7616 7643
f 7592 7635 7636
f 7404 7452 7385
f 7644 7513 7438
f 7462 7645 7646
f 7647 7550 7549
f 7538 7537 7610
f 7449 7574 7450
f 7600 7539 7511
f 7612 7428 7570
f 7525 7569 7540
f 7648 7505 7454
f 7446 7497 7447
f 7649 7650 7651
f 7521 7574 7573
f 7432 7387 7389
f 7520 7485 7521
f 7506 7497 7512
f 7652 7653 7487
f 7654 7449 7606
f 7400 7399 7418
f 7627 7607 7451
f 7500 7583 7521
f 7636 7635 7655
f 7656 7441 7617
f 7657 7658 7659
f 7501 7660 7604
f 7631 7511 7561
f 7504 7386 7372
f 7661 7363 7365
f 7590 7479 7630
f 7450 7625 7451
f 7561 7630 7631
f 7442 7441 7656
f 7521 7660 7501
f 7437 7425 7395
f 7627 7451 7625
f 7500 7502 7633
f 7594 7394 7517
f 7466 7599 7464
f 7452 7454 7504
f 7601 7662 7663
f 7364 7616 7664
f 7461 7460 7423
f 7610 7537 7524
f 7475 7421 7420
f 7550 7596 7502
f 7535 7617 7441
f 7501 7500 7521
f 7641 7638 7646
f 7608 7665 7410
f 7664 7556 7364
f 7459 7506 7512
f 7525 7611 7570
f 7465 7558 7469
f 7619 7558 7559
f 7407 7507 7366
f 7539 7507 7511
f 7546 7559 7544
f 7555 7387 7484
f 7662 7658 7657
f 7666 7622 7655
f 7667 7662 7655
f 7639 7544 7558
f 7496 7668 7506
f 7383 7669 7632
f 7617 7616 7642
f 7658 7667 7659
f 7519 7576 7520
f 7670 7667 7622
f 7502 7551 7550
f 7465 7492 7639
f 7464 7599 7479
f 7563 7565 7671
f 7439 7438 7515
f 7641 7545 7638
f 7640 7646 7638
f 7376 7613 7615
f 7510 7634 7669
f 7557 7461 7422
f 7645 7641 7646
f 7423 7460 7665
f 7406 7419 7405
f 7430 7611 7672
f 7463 7456 7503
f 7460 7410 7665
f 7440 7621 7645
f 7409 7606 7608
f 7640 7638 7544
f 7410 7409 7608
f 7409 7673 7606
f 7606 7673 7654
f 7409 7654 7673
f 7651 7549 7652
f 7406 7368 7367
f 7662 7667 7658
f 7654 7409 7411
f 7424 7365 7422
f 7674 7498 7506
f 7649 7651 7565
f 7411 7604 7654
f 7556 7422 7365
f 7661 7365 7424
f 7660 7654 7604
f 7587 7411 7474
f 7675 7624 7556
f 7630 7561 7590
f 7557 7623 7474
f 7363 7661 7643
f 7474 7653 7587
f 7653 7474 7487
f 7596 7633 7502
f 7620 7622 7666
f 7474 7488 7487
f 7623 7624 7675
f 7611 7525 7391
f 7511 7631 7600
f 7614 7675 7556
f 7589 7644 7676
f 7514 7508 7677
f 7441 7494 7536
f 7372 7371 7378
f 7664 7614 7556
f 7678 7472 7375
f 7489 7488 7675
f 7487 7486 7652
f 7613 7489 7675
f 7613 7675 7614
f 7664 7552 7614
f 7616 7364 7643
f 7489 7613 7679
f 7672 7611 7391
f 7616 7552 7664
f 7671 7486 7489
f 7614 7552 7615
f 7398 7390 7392
f 7552 7616 7535
f 7486 7671 7680
f 7652 7486 7680
f 7671 7489 7679
f 7680 7651 7652
f 7671 7679 7681
f 7553 7552 7535
f 7646 7640 7462
f 7458 7457 7490
f 7374 7376 7615
f 7563 7671 7681
f 7680 7671 7565
f 7636 7655 7662
f 7679 7613 7376
f 7681 7679 7376
f 7563 7681 7375
f 7651 7680 7565
f 7681 7376 7375
f 7637 7554 7553
f 7471 7563 7375
f 7375 7374 7678
f 7479 7384 7464
f 7472 7471 7375
f 7471 7564 7563
f 7678 7374 7529
f 7529 7374 7554
f 7565 7564 7649
f 7542 7543 7463
f 7678 7529 7403
f 7678 7403 7472
f 7444 7430 7672
f 7564 7471 7473
f 7529 7554 7530
f 7649 7682 7683
f 7682 7564 7473
f 7436 7530 7554
f 7579 7605 7578
f 7510 7509 7634
f 7473 7526 7682
f 7682 7526 7683
f 7396 7389 7388
f 7670 7621 7684
f 7676 7644 7640
f 7508 7510 7685
f 7536 7547 7637
f 7387 7432 7484
f 7567 7621 7440
f 7545 7641 7483
f 7625 7450 7574
f 7513 7589 7514
f 7558 7619 7469
f 7508 7685 7677
f 7686 7621 7567
f 7620 7641 7621
f 7567 7440 7439
f 7429 7428 7612
f 7549 7551 7585
f 7369 7368 7378
f 7621 7686 7684
f 7677 7685 7687
f 7621 7641 7645
f 7567 7439 7568
f 7676 7492 7491
f 7623 7675 7488
f 7648 7453 7443
f 7585 7653 7652
f 7549 7585 7652
f 7503 7539 7598
f 7465 7464 7492
f 7369 7381 7380
f 7419 7406 7456
f 7559 7605 7619
f 7586 7588 7587
f 7521 7573 7660
f 7493 7547 7577
f 7515 7438 7513
f 7491 7589 7676
f 7404 7453 7452
f 7567 7566 7686
f 7397 7463 7467
f 7618 7636 7603
f 7674 7506 7668
f 7483 7546 7545
f 7688 7689 7568
f 7430 7429 7611
f 7384 7383 7491
f 7509 7508 7514
f 7483 7482 7546
f 7439 7688 7568
f 7568 7689 7566
f 7394 7428 7413
f 7462 7440 7645
f 7648 7454 7453
f 7632 7669 7634
f 7458 7537 7496
f 7662 7601 7636
f 7607 7449 7451
f 7612 7611 7429
f 7438 7462 7640
f 7435 7370 7369
f 7578 7605 7628
f 7412 7393 7420
f 7644 7438 7640
f 7539 7599 7598
f 7483 7666 7635
f 7403 7402 7472
f 7490 7528 7436
f 7666 7655 7635
f 7496 7538 7668
f 7603 7636 7601
f 7506 7459 7496
f 7494 7523 7522
f 7640 7639 7676
f 7663 7662 7657
f 7461 7557 7474
f 7453 7404 7523
f 7418 7493 7575
f 7585 7587 7653
f 7504 7454 7505
f 7522 7536 7494
f 7672 7391 7390
f 7634 7509 7589
f 7560 7503 7580
f 7682 7649 7564
f 7606 7449 7607
f 7666 7483 7620
f 7530 7436 7528
f 7557 7556 7624
f 7398 7400 7390
f 7418 7575 7431
f 7672 7390 7444
f 7404 7425 7523
f 7504 7385 7452
f 7622 7621 7670
f 7551 7502 7586
f 7597 7550 7647
f 7476 7561 7511
f 7392 7458 7490
f 7443 7453 7441
f 7573 7449 7660
f 7444 7390 7475
f 7439 7515 7688
f 7466 7469 7468
f 7651 7650 7549
f 7589 7513 7644
f 7414 7444 7420
f 7575 7577 7437
f 7427 7378 7405
f 7629 7599 7466
f 7586 7502 7501
f 7483 7635 7591
f 7419 7397 7396
f 7458 7524 7537
f 7398 7392 7490
f 7654 7660 7449
f 7622 7667 7655
f 7637 7547 7554
f 7598 7599 7629
f 7482 7605 7559
f 7492 7676 7639
f 7474 7623 7488
f 7479 7478 7384
f 7558 7465 7639
f 7586 7587 7585
f 7547 7493 7436
f 7554 7547 7436
f 7518 7555 7484
f 7491 7632 7589
f 7663 7602 7601
f 7400 7417 7475
f 7364 7363 7643
f 7604 7588 7501
f 7650 7647 7549
f 7690 7691 7692
f 7693 7694 7695
f 7696 7697 7698
f 7699 7700 7701
f 7702 7703 7704
f 7693 7705 7706
f 7707 7708 7709
f 7710 7711 7712
f 7713 7714 7715
f 7716 7717 7718
f 7719 7720 7721
f 7722 7723 7724
f 7725 7726 7727
f 7728 7729 7730
f 7731 7732 7733
f 7714 7734 7735
f 7736 7737 7738
f 7739 7740 7741
f 7742 7705 7743
f 7744 7745 7746
f 7747 7748 7749
f 7743 7705 7750
f 7751 7752 7753
f 7754 7730 7755
f 7756 7757 7758
f 7759 7760 7761
f 7751 7762 7763
f 7764 7765 7766
f 7767 7768 7769
f 7763 7745 7744
f 7699 7717 7700
f 7770 7771 7772
f 7773 7774 7775
f 7776 7777 7778
f 7779 7735 7780
f 7781 7782 7783
f 7784 7785 7786
f 7787 7788 7789
f 7790 7791 7792
f 7793 7794 7795
f 7796 7797 7798
f 7793 7799 7800
f 7779 7714 7735
f 7799 7725 7801
f 7802 7803 7804
f 7753 7805 7806
f 7791 7807 7707
f 7808 7809 7804
f 7810 7811 7812
f 7813 7814 7815
f 7714 7713 7734
f 7816 7776 7817
f 7733 7713 7731
f 7818 7693 7706
f 7819 7820 7821
f 7746 7822 7744
f 7709 7791 7707
f 7708 7823 7709
f 7724 7824 7825
f 7826 7753 7806
f 7755 7827 7754
f 7828 7829 7830
f 7831 7822 7746
f 7832 7833 7834
f 7835 7836 7837
f 7838 7839 7815
f 7840 7787 7789
f 7841 7726 7842
f 7843 7831 7844
f 7717 7845 7700
f 7846 7723 7743
f 7847 7835 7832
f 7848 7770 7772
f 7829 7828 7849
f 7850 7851 7852
f 7853 7792 7812
f 7828 7854 7702
f 7741 7855 7739
f 7780 7771 7779
f 7737 7856 7741
f 7816 7857 7858
f 7859 7860 7861
f 7833 7722 7834
f 7862 7863 7712
f 7864 7865 7770
f 7730 7866 7755
f 7867 7764 7766
f 7713 7868 7734
f 7705 7742 7869
f 7870 7871 7872
f 7873 7874 7875
f 7876 7733 7877
f 7878 7777 7879
f 7880 7881 7882
f 7883 7825 7806
f 7884 7885 7886
f 7833 7887 7869
f 7869 7888 7705
f 7842 7874 7889
f 7890 7891 7892
f 7893 7894 7747
f 7727 7807 7801
f 7859 7739 7860
f 7895 7703 7896
f 7875 7874 7842
f 7755 7866 7870
f 7756 7897 7865
f 7876 7868 7713
f 7898 7899 7900
f 7857 7901 7858
f 7772 7902 7903
f 7852 7851 7904
f 7822 7861 7744
f 7905 7906 7901
f 7747 7749 7893
f 7838 7907 7839
f 7903 7908 7909
f 7776 7910 7879
f 7911 7912 7913
f 7914 7701 7915
f 7916 7719 7906
f 7917 7918 7919
f 7750 7920 7921
f 7798 7922 7796
f 7820 7923 7924
f 7865 7864 7756
f 7849 7828 7691
f 7925 7926 7781
f 7927 7928 7929
f 7865 7731 7715
f 7704 7703 7787
f 7719 7916 7738
f 7930 7931 7932
f 7933 7789 7934
f 7935 7936 7923
f 7937 7752 7751
f 7778 7777 7938
f 7939 7863 7940
f 7905 7887 7832
f 7826 7824 7941
f 7942 7880 7943
f 7944 7899 7898
f 7737 7736 7837
f 7933 7764 7867
f 7925 7945 7871
f 7946 7947 7803
f 7948 7949 7950
f 7773 7951 7931
f 7784 7952 7953
f 7829 7849 7954
f 7713 7733 7876
f 7955 7838 7956
f 7921 7846 7743
f 7863 7939 7712
f 7957 7958 7872
f 7711 7849 7913
f 7692 7840 7789
f 7959 7923 7952
f 7942 7960 7880
f 7961 7845 7962
f 7963 7880 7882
f 7944 7898 7964
f 7946 7699 7914
f 7965 7966 7967
f 7968 7744 7739
f 7821 7908 7969
f 7757 7874 7873
f 7792 7970 7790
f 7887 7901 7869
f 7763 7762 7971
f 7915 7886 7914
f 7795 7917 7972
f 7736 7916 7837
f 7941 7824 7710
f 7719 7721 7906
f 7919 7813 7877
f 7973 7974 7803
f 7863 7862 7975
f 7976 7756 7758
f 7697 7933 7934
f 7977 7978 7889
f 7749 7845 7961
f 7972 7793 7795
f 7979 7810 7812
f 7939 7761 7753
f 7868 7876 7980
f 7936 7952 7923
f 7827 7958 7981
f 7856 7855 7741
f 7865 7976 7731
f 7933 7697 7696
f 7840 7704 7787
f 7894 7958 7957
f 7982 7983 7720
f 7846 7829 7984
f 7985 7986 7927
f 7983 7982 7786
f 7987 7947 7886
f 7988 7989 7990
f 7991 7715 7714
f 7992 7700 7845
f 7993 7994 7775
f 7995 7996 7895
f 7712 7941 7710
f 7997 7998 7999
f 7961 7893 7749
f 7738 7916 7736
f 7758 7757 7873
f 8000 7962 7797
f 7808 8001 7809
f 7730 7729 7960
f 7782 7730 7960
f 7935 7820 7819
f 7849 7690 7913
f 7994 7977 7874
f 7998 7697 7788
f 7990 8002 7773
f 7933 8003 7789
f 7929 7928 8004
f 7767 7701 7992
f 8005 7971 7762
f 8006 7819 7969
f 7702 7854 7804
f 8007 7771 8008
f 7978 7774 7822
f 7864 7770 8009
f 8010 7963 7818
f 8011 7922 7716
f 7778 7817 7776
f 7759 8012 7890
f 7988 7990 7930
f 7978 7977 7993
f 7809 7802 7804
f 7995 8013 8014
f 7817 7869 7857
f 8015 7922 8011
f 7823 7708 7746
f 7848 7908 7821
f 8003 7692 7789
f 8016 8017 8014
f 8004 7928 7903
f 7813 7919 8018
f 7802 7718 7946
f 7930 7773 7931
f 7799 7877 8019
f 7811 7898 7904
f 8019 7733 7732
f 7966 7851 8020
f 7987 8021 8017
f 7717 7962 7845
f 7939 7941 7712
f 7931 8022 7932
f 7816 7817 7857
f 7740 7786 7738
f 7728 8000 7797
f 8023 8024 8025
f 7883 8026 7825
f 7904 7851 7811
f 7774 7978 7993
f 7932 7821 7820
f 7690 7849 7691
f 7959 7784 7859
f 7881 7695 7882
f 7693 7750 7705
f 7859 7740 7739
f 8027 7809 7920
f 7760 7759 7892
f 7920 7750 8011
f 7716 7718 8011
f 7721 7858 7906
f 7711 7950 7712
f 8028 7701 7767
f 7977 7889 7874
f 7920 8011 8027
f 7819 7936 7935
f 7949 7948 8025
f 7749 7992 7845
f 7888 7817 7778
f 7959 7861 7923
f 7947 7987 7973
f 7890 7892 7759
f 7826 7806 7824
f 7726 7841 7727
f 8001 7830 7829
f 8029 8030 8031
f 7881 7880 7729
f 8000 7961 7962
f 7806 7825 7824
f 7824 8032 7710
f 7701 7914 7699
f 7782 7960 8033
f 7992 7701 7700
f 7952 7936 7986
f 7878 8034 7706
f 7994 7993 7977
f 8035 7979 7745
f 7709 7979 7791
f 8036 7891 8037
f 7901 7906 7858
f 7966 8020 7967
f 8018 7919 7918
f 8024 7948 8038
f 7706 8034 7818
f 7922 8015 7695
f 7835 7905 7832
f 8039 8038 8003
f 8019 7732 7976
f 7798 7797 7962
f 7841 7807 7727
f 7694 7818 7963
f 7805 7847 7806
f 7948 7912 8038
f 7697 7998 7997
f 7913 7690 7911
f 7741 7740 7737
f 7979 7709 7823
f 7821 7932 7848
f 8005 7892 8036
f 7920 7846 7921
f 7755 7872 7958
f 7989 8002 7990
f 7939 7826 7941
f 7692 7912 7911
f 8040 7829 7954
f 7721 7720 8041
f 7701 8028 7884
f 7873 7976 7758
f 7914 7886 7947
f 7888 7778 7938
f 7739 8042 7968
f 7885 8021 7886
f 7730 7754 8000
f 7989 7774 8002
f 7863 7975 7940
f 7728 7797 7881
f 7692 8038 7912
f 7718 8027 8011
f 7814 7838 7815
f 7801 7790 7800
f 7947 7946 7914
f 7742 7833 7869
f 7937 7836 7847
f 7792 7979 7812
f 7996 7995 8043
f 7984 7723 7846
f 7927 8044 8006
f 8015 7693 7695
f 7796 7922 7695
f 8038 8039 8045
f 8006 7928 7927
f 7882 7695 7694
f 7844 7831 7746
f 8000 7754 7981
f 7948 7913 7912
f 7973 7896 7974
f 7706 7777 7878
f 7837 7916 7835
f 7893 7961 8000
f 7996 7703 7895
f 7817 7888 7869
f 7810 8035 7964
f 7962 7717 7716
f 7950 7711 7948
f 7942 7783 7960
f 7724 7984 7829
f 7978 7822 7831
f 7883 7832 7834
f 7895 8013 7995
f 8038 7692 8003
f 7818 8034 8010
f 7767 7749 7748
f 7963 7882 7694
f 8046 7944 8035
f 7791 7979 7792
f 7900 7899 8047
f 8048 7900 8047
f 7814 8018 7956
f 7702 7704 7828
f 8036 8049 8046
f 7891 8036 7892
f 7954 8032 8040
f 7829 8040 7724
f 7924 7988 7930
f 7812 7811 7853
f 7916 7906 7835
f 7907 8050 8051
f 7717 7946 7718
f 7742 7722 7833
f 7853 7851 7966
f 7850 7852 8052
f 7976 7897 7756
f 7730 7782 7866
f 7802 7809 8027
f 8009 7848 8022
f 7948 7711 7913
f 7813 7815 7876
f 7921 7743 7750
f 8022 7864 8009
f 8029 7925 7781
f 7988 7923 7989
f 7862 8053 7975
f 7828 7840 7691
f 7755 7958 7827
f 7900 7852 7904
f 7938 7777 7706
f 8047 8049 8037
f 7842 7726 7875
f 7846 7809 8001
f 7989 7923 7861
f 7764 7696 8054
f 7769 7768 7748
f 7856 7836 7855
f 8044 7927 7986
f 7768 7767 7748
f 8005 8046 7971
f 7841 7708 7707
f 7940 7975 8055
f 7972 7877 7793
f 7964 7898 7811
f 7868 7980 8056
f 7923 7820 7935
f 8019 7976 7875
f 7999 7996 8043
f 8004 7903 7902
f 7960 7729 7880
f 7724 8040 8032
f 7699 7946 7717
f 8049 7944 8046
f 8057 7966 7965
f 7752 7847 7805
f 8058 8059 7970
f 7822 7989 7861
f 7884 7915 7701
f 7731 7713 7715
f 7894 7957 7747
f 8057 7917 8058
f 7864 8022 7931
f 7862 7950 7949
f 7722 8026 7834
f 7932 7924 7930
f 7720 7719 7982
f 7772 7903 7909
f 7692 7911 7690
f 7899 8049 8047
f 7775 7757 7951
f 7843 7841 7842
f 7985 7927 7929
f 7908 7903 7928
f 7791 7790 8060
f 7951 7773 7775
f 7889 7843 7842
f 7763 7971 7745
f 7756 7931 7951
f 7807 7791 8060
f 7837 7856 7737
f 7708 7844 7746
f 7754 7827 7981
f 7753 7826 7939
f 7740 7784 7786
f 7874 7757 7994
f 7908 7848 7909
f 8002 7774 7773
f 7841 7844 7708
f 7801 7725 7727
f 7969 7819 7821
f 7722 7742 7723
f 7753 7760 7751
f 7999 7998 7788
f 7836 7937 7855
f 7971 8046 7745
f 7970 7853 8058
f 7743 7723 7742
f 7773 7930 7990
f 7928 8006 7969
f 8029 7945 7925
f 7816 7721 7776
f 7956 8061 7955
f 7839 7907 8051
f 7896 8013 7895
f 7996 7787 7703
f 7784 7740 7859
f 7728 7881 7729
f 8025 7948 8023
f 7896 8016 8013
f 7725 8019 7875
f 7808 7804 7854
f 7849 7710 8032
f 7835 7847 7836
f 8042 7855 7937
f 7790 7801 8060
f 7771 7780 8008
f 7978 7831 7889
f 7991 7714 7779
f 7901 7887 7905
f 7801 7807 8060
f 7976 7865 7897
f 7721 7816 7858
f 7873 7875 7976
f 7877 7972 7919
f 7956 7918 8061
f 7917 7919 7972
f 7722 7825 8026
f 7871 7870 7926
f 7802 7946 7803
f 7984 7724 7723
f 7718 7802 8027
f 8007 8008 7902
f 7861 7959 7859
f 7692 7691 7840
f 7924 7932 7820
f 7761 7939 7940
f 7900 8048 7852
f 8022 7848 7932
f 7770 7865 7715
f 7910 7878 7879
f 7955 7907 7838
f 8029 7781 8030
f 7739 7744 7860
f 7906 7905 7835
f 7936 7819 8044
f 7753 7752 7805
f 7970 7794 8062
f 7926 7870 7866
f 7762 7892 8005
f 7788 7787 7999
f 8035 7944 7964
f 8020 7851 7850
f 7750 7693 8015
f 7991 7770 7715
f 7750 8015 8011
f 7855 8042 7739
f 7860 7744 7861
f 7847 7883 7806
f 7704 7840 7828
f 7879 7777 7776
f 7923 7988 7924
f 7766 8003 7933
f 8020 7850 7967
f 8062 7800 7790
f 7944 8049 7899
f 7968 7751 7763
f 7893 8000 7981
f 7853 7966 8058
f 7728 7730 8000
f 7745 8046 8035
f 7794 8059 7795
f 7760 7892 7762
f 7825 7722 7724
f 7755 7870 7872
f 7697 7934 7788
f 7703 7803 7974
f 7761 8012 7759
f 7762 7751 7760
f 7920 7809 7846
f 7996 7999 7787
f 7803 7703 7702
f 7886 7915 7884
f 7783 8033 7960
f 7800 7799 7801
f 7904 7898 7900
f 7776 7721 8041
f 7767 7992 7749
f 7775 7774 7993
f 7854 7830 7808
f 7997 7698 7697
f 7769 8028 7767
f 8005 8036 8046
f 7811 7810 7964
f 8007 7902 7772
f 8016 7987 8017
f 7847 7752 7937
f 7706 7705 7888
f 8026 7883 7834
f 8037 8049 8036
f 7973 8016 7896
f 7815 8056 7980
f 7760 7753 7761
f 8044 7819 8006
f 8058 7917 8059
f 8021 7987 7886
f 7994 7757 7775
f 7982 7738 7786
f 7764 7933 7696
f 7987 8016 7973
f 7833 7832 7887
f 7926 7866 7781
f 7788 7934 7789
f 7716 7798 7962
f 7883 7847 7832
f 7785 7784 7953
f 7844 7841 7843
f 8048 8052 7852
f 8052 7967 7850
f 7799 8019 7725
f 7922 7798 7716
f 8031 7945 8029
f 7830 7854 7828
f 7731 7976 7732
f 7999 8043 7997
f 7866 7782 7781
f 7875 7726 7725
f 7782 8033 7783
f 7770 7848 8009
f 7925 7871 7926
f 7893 7981 7894
f 7894 7981 7958
f 7770 7779 7771
f 7745 7823 7746
f 7765 8039 7766
f 7943 7880 7963
f 7856 7837 7836
f 7877 7733 8019
f 8057 8058 7966
f 7869 7901 7857
f 8056 7815 7839
f 7968 7763 7744
f 7896 7703 7974
f 7888 7938 7706
f 8013 8016 8014
f 7784 7959 7952
f 7724 8032 7824
f 7740 7738 7737
f 7876 7877 7813
f 7956 8018 7918
f 7811 7851 7853
f 8001 7808 7830
f 7881 7797 7796
f 7986 7936 8044
f 7695 7881 7796
f 7979 8035 7810
f 7884 8028 7769
f 7931 7756 7864
f 8003 7766 8039
f 7771 8007 7772
f 7793 7877 7799
f 7794 7793 8062
f 7779 7770 7991
f 7968 7937 7751
f 8053 7862 7949
f 8059 7917 7795
f 7948 8024 8023
f 8063 7917 8057
f 7917 8063 7918
f 7693 7818 7694
f 7954 7849 8032
f 7970 7792 7853
f 8062 7793 7800
f 8042 7937 7968
f 7829 7846 8001
f 7807 7841 7707
f 8055 7975 8053
f 7710 7849 7711
f 7831 7843 7889
f 8018 7814 7813
f 7838 7814 7956
f 7867 7766 7933
f 7979 7823 7745
f 7756 7951 7757
f 7909 7848 7772
f 7970 8062 7790
f 7738 7982 7719
f 7734 7780 7735
f 7973 7803 7947
f 7876 7815 7980
f 7774 7989 7822
f 8038 8045 8024
f 7803 7702 7804
f 7862 7712 7950
f 7969 7908 7928
f 7970 8059 7794
f 8064 8065 8066
f 8067 8068 8069
f 8070 8071 8072
f 8073 8074 8075
f 8079 8080 8081
f 8072 8081 8080
f 8082 8083 8084
f 8085 8086 8087
f 8088 8089 8090
f 8091 8090 8092
f 8086 8085 8093
f 8092 8074 8091
f 8067 8094 8095
f 8096 8097 8098
f 8069 8099 8079
f 8100 8101 8102
f 8083 8103 8104
f 8107 8108 8079
f 8090 8091 8110
f 8111 8086 8112
f 8095 8113 8114
f 8115 8116 8109
f 8118 8082 8119
f 8081 8069 8079
f 8114 8121 8068
f 8122 8123 8124
f 8103 8125 8104
f 8126 8064 8127
f 8117 8066 8065
f 8111 8103 8118
f 8112 8093 8090
f 8128 8066 8081
f 8129 8086 8111
f 8116 8130 8104
f 8084 8131 8082
f 8064 8132 8065
f 8096 8098 8133
f 8073 8091 8074
f 8117 8065 8124
f 8134 8077 8135
f 8065 8132 8124
f 8136 8137 8138
f 8097 8100 8102
f 8127 8138 8139
f 8108 8080 8079
f 8121 8114 8074
f 8140 8106 8105
f 8064 8128 8127
f 8104 8125 8109
f 8099 8069 8068
f 8111 8112 8125
f 8090 8110 8088
f 8141 8100 8096
f 8142 8070 8143
f 8119 8144 8118
f 8077 8106 8135
f 8086 8143 8087
f 8146 8147 8093
f 8085 8087 8146
f 8106 8148 8135
f 8111 8118 8129
f 8071 8128 8072
f 8108 8107 8146
f 8068 8121 8099
f 8127 8128 8071
f 8067 8095 8068
f 8069 8081 8067
f 8097 8143 8098
f 8074 8113 8075
f 8087 8070 8072
f 8151 8139 8138
f 8089 8125 8112
f 8134 8152 8076
f 8106 8140 8148
f 8109 8125 8089
f 8119 8082 8131
f 8101 8137 8102
f 8092 8090 8093
f 8093 8147 8092
f 8145 8094 8067
f 8145 8081 8066
f 8066 8117 8145
f 8123 8148 8140
f 8064 8066 8128
f 8124 8078 8117
f 8096 8100 8097
f 8136 8097 8102
f 8126 8132 8064
f 8130 8154 8104
f 8123 8140 8124
f 8081 8145 8067
f 8147 8146 8107
f 8078 8124 8140
f 8102 8137 8136
f 8080 8087 8072
f 8116 8115 8155
f 8099 8147 8107
f 8070 8087 8143
f 8105 8078 8140
f 8089 8112 8090
f 8124 8132 8122
f 8127 8139 8126
f 8114 8068 8095
f 8113 8074 8114
f 8098 8129 8133
f 8121 8147 8099
f 8153 8120 8156
f 8139 8151 8126
f 8070 8136 8071
f 8157 8131 8084
f 8093 8085 8146
f 8118 8144 8129
f 8110 8091 8073
f 8150 8076 8152
f 8134 8076 8077
f 8156 8120 8149
f 8136 8142 8097
f 8137 8151 8138
f 8086 8098 8143
f 8101 8100 8141
f 8079 8099 8107
f 8081 8072 8128
f 8087 8080 8108
f 8108 8146 8087
f 8086 8129 8098
f 8143 8097 8142
f 8083 8082 8118
f 8138 8127 8071
f 8074 8092 8121
f 8083 8104 8084
f 8154 8084 8104
f 8093 8112 8086
f 8103 8083 8118
f 8125 8103 8111
f 8092 8147 8121
f 8136 8070 8142
f 8071 8136 8138
f 8104 8109 8116
f 8158 8159 8160
f 8161 8162 8163
f 8164 8165 8166
f 8167 8168 8169
f 8170 8171 8172
f 8173 8174 8175
f 8176 8177 8178
f 8179 8180 8181
f 8182 8183 8184
f 8180 8175 8185
f 8186 8187 8188
f 8189 8190 8191
f 8165 8164 8192
f 8193 8194 8195
f 8196 8197 8198
f 8199 8200 8201
f 8185 8202 8203
f 8204 8205 8206
f 8207 8208 8209
f 8210 8211 8212
f 8213 8214 8215
f 8204 8176 8216
f 8170 8217 8218
f 8219 8220 8221
f 8174 8222 8185
f 8223 8224 8225
f 8226 8227 8228
f 8229 8230 8231
f 8232 8233 8234
f 8204 8206 8176
f 8235 8236 8237
f 8238 8239 8240
f 8163 8241 8161
f 8205 8204 8242
f 8243 8244 8245
f 8246 8247 8189
f 8248 8236 8249
f 8250 8251 8252
f 8253 8254 8255
f 8256 8257 8258
f 8259 8190 8260
f 8261 8262 8263
f 8176 8178 8216
f 8264 8265 8266
f 8261 8267 8268
f 8269 8270 8271
f 8272 8273 8274
f 8275 8276 8277
f 8278 8279 8280
f 8281 8282 8283
f 8284 8285 8286
f 8287 8253 8266
f 8288 8171 8289
f 8290 8190 8291
f 8179 8173 8175
f 8292 8293 8294
f 8295 8296 8214
f 8297 8298 8192
f 8192 8299 8300
f 8301 8302 8254
f 8212 8303 8304
f 8305 8306 8280
f 8307 8306 8308
f 8309 8310 8188
f 8311 8312 8313
f 8314 8315 8248
f 8316 8250 8159
f 8317 8318 8319
f 8259 8191 8190
f 8320 8321 8322
f 8224 8234 8225
f 8323 8324 8262
f 8229 8181 8180
f 8287 8265 8183
f 8325 8326 8327
f 8328 8329 8330
f 8234 8331 8225
f 8332 8212 8304
f 8207 8333 8334
f 8236 8248 8335
f 8287 8183 8182
f 8336 8337 8338
f 8331 8234 8296
f 8253 8339 8254
f 8265 8264 8340
f 8302 8341 8255
f 8342 8343 8344
f 8345 8294 8346
f 8334 8219 8347
f 8305 8280 8348
f 8259 8260 8349
f 8313 8312 8350
f 8306 8305 8308
f 8270 8351 8352
f 8353 8236 8354
f 8355 8356 8357
f 8358 8359 8258
f 8360 8230 8229
f 8292 8225 8331
f 8226 8183 8361
f 8362 8232 8363
f 8364 8365 8353
f 8294 8345 8179
f 8360 8366 8221
f 8315 8367 8356
f 8332 8257 8368
f 8369 8226 8340
f 8186 8188 8370
f 8200 8337 8245
f 8371 8224 8223
f 8340 8361 8265
f 8245 8244 8200
f 8262 8372 8323
f 8373 8374 8162
f 8271 8352 8325
f 8315 8314 8367
f 8185 8366 8180
f 8175 8180 8179
f 8375 8376 8377
f 8372 8267 8311
f 8378 8379 8380
f 8179 8345 8173
f 8236 8353 8237
f 8245 8337 8336
f 8199 8227 8369
f 8199 8264 8200
f 8381 8295 8382
f 8383 8384 8385
f 8335 8248 8315
f 8317 8233 8232
f 8386 8269 8387
f 8312 8319 8388
f 8251 8327 8326
f 8229 8180 8360
f 8219 8389 8220
f 8163 8390 8241
f 8200 8244 8201
f 8345 8391 8173
f 8160 8392 8393
f 8262 8261 8268
f 8247 8246 8394
f 8395 8375 8396
f 8397 8398 8396
f 8365 8399 8400
f 8385 8401 8402
f 8199 8297 8227
f 8262 8268 8267
f 8227 8226 8369
f 8403 8291 8404
f 8405 8406 8383
f 8407 8408 8178
f 8409 8321 8410
f 8392 8411 8328
f 8279 8412 8413
f 8324 8326 8414
f 8415 8249 8416
f 8417 8418 8419
f 8184 8183 8226
f 8315 8355 8354
f 8342 8420 8343
f 8408 8307 8421
f 8422 8419 8423
f 8375 8289 8424
f 8322 8425 8320
f 8426 8385 8384
f 8415 8416 8196
f 8418 8242 8419
f 8409 8339 8253
f 8427 8425 8428
f 8243 8429 8201
f 8386 8430 8431
f 8422 8421 8432
f 8429 8433 8297
f 8198 8197 8434
f 8264 8255 8341
f 8435 8326 8351
f 8425 8322 8428
f 8219 8333 8389
f 8428 8321 8436
f 8437 8438 8439
f 8418 8205 8242
f 8315 8356 8355
f 8440 8356 8367
f 8213 8382 8214
f 8441 8442 8443
f 8444 8318 8329
f 8445 8419 8422
f 8446 8447 8399
f 8299 8164 8166
f 8243 8245 8447
f 8226 8228 8184
f 8262 8324 8263
f 8195 8329 8448
f 8291 8247 8404
f 8449 8450 8451
f 8429 8243 8452
f 8453 8454 8455
f 8277 8193 8448
f 8429 8390 8433
f 8228 8227 8284
f 8456 8391 8345
f 8457 8458 8359
f 8384 8459 8460
f 8461 8445 8462
f 8408 8216 8178
f 8463 8446 8464
f 8380 8465 8241
f 8355 8364 8354
f 8329 8277 8448
f 8346 8456 8345
f 8301 8276 8302
f 8323 8252 8251
f 8173 8391 8467
f 8468 8365 8469
f 8218 8470 8424
f 8243 8447 8463
f 8286 8184 8228
f 8471 8472 8377
f 8459 8453 8455
f 8420 8473 8429
f 8467 8474 8475
f 8452 8420 8429
f 8433 8298 8297
f 8169 8172 8476
f 8158 8160 8393
f 8460 8477 8426
f 8478 8445 8422
f 8391 8456 8474
f 8479 8297 8192
f 8250 8252 8159
f 8390 8429 8473
f 8284 8479 8457
f 8243 8463 8452
f 8439 8450 8449
f 8314 8480 8367
f 8478 8427 8462
f 8339 8279 8481
f 8482 8483 8402
f 8484 8485 8486
f 8408 8407 8316
f 8384 8460 8426
f 8316 8307 8408
f 8470 8487 8424
f 8474 8467 8391
f 8386 8351 8270
f 8330 8392 8328
f 8183 8265 8361
f 8306 8393 8392
f 8488 8296 8489
f 8468 8469 8446
f 8199 8429 8297
f 8293 8292 8381
f 8422 8423 8421
f 8309 8490 8491
f 8446 8463 8447
f 8286 8492 8184
f 8428 8436 8493
f 8473 8420 8342
f 8192 8457 8479
f 8457 8285 8284
f 8463 8494 8452
f 8350 8160 8495
f 8462 8427 8496
f 8357 8356 8440
f 8497 8498 8499
f 8421 8307 8308
f 8493 8496 8427
f 8357 8440 8471
f 8285 8492 8286
f 8494 8420 8452
f 8204 8421 8242
f 8292 8223 8225
f 8383 8500 8384
f 8449 8347 8501
f 8378 8390 8473
f 8421 8204 8216
f 8409 8182 8321
f 8339 8502 8279
f 8364 8503 8504
f 8469 8464 8446
f 8487 8464 8365
f 8184 8492 8505
f 8359 8492 8285
f 8342 8379 8473
f 8298 8165 8192
f 8289 8375 8395
f 8192 8300 8458
f 8390 8163 8298
f 8494 8463 8464
f 8283 8282 8406
f 8355 8357 8506
f 8504 8503 8376
f 8364 8504 8365
f 8507 8461 8496
f 8411 8508 8509
f 8316 8158 8307
f 8510 8483 8511
f 8238 8439 8449
f 8384 8500 8459
f 8424 8289 8170
f 8401 8512 8402
f 8492 8358 8505
f 8493 8507 8496
f 8513 8394 8514
f 8444 8411 8509
f 8376 8503 8506
f 8205 8418 8498
f 8233 8441 8489
f 8492 8359 8358
f 8515 8189 8466
f 8378 8473 8379
f 8427 8428 8493
f 8404 8247 8394
f 8420 8494 8343
f 8163 8165 8298
f 8182 8184 8505
f 8164 8299 8192
f 8359 8458 8300
f 8516 8213 8215
f 8506 8503 8355
f 8357 8471 8377
f 8424 8504 8376
f 8342 8344 8379
f 8300 8299 8258
f 8300 8258 8359
f 8517 8370 8518
f 8279 8502 8280
f 8487 8485 8464
f 8454 8519 8455
f 8258 8257 8358
f 8343 8494 8485
f 8200 8264 8520
f 8264 8341 8520
f 8436 8257 8332
f 8377 8472 8396
f 8419 8242 8423
f 8493 8436 8332
f 8396 8375 8377
f 8513 8347 8451
f 8321 8505 8436
f 8521 8437 8240
f 8380 8241 8378
f 8522 8486 8485
f 8485 8470 8522
f 8438 8523 8524
f 8522 8168 8486
f 8445 8511 8419
f 8515 8525 8246
f 8472 8526 8397
f 8421 8423 8242
f 8218 8424 8170
f 8170 8289 8171
f 8168 8522 8217
f 8494 8464 8485
f 8427 8478 8422
f 8425 8427 8432
f 8303 8527 8507
f 8396 8472 8397
f 8528 8397 8526
f 8217 8169 8168
f 8522 8218 8217
f 8410 8502 8339
f 8197 8196 8416
f 8169 8217 8170
f 8395 8396 8288
f 8160 8350 8508
f 8529 8530 8275
f 8280 8502 8410
f 8267 8372 8262
f 8518 8207 8209
f 8167 8169 8476
f 8441 8443 8489
f 8531 8461 8527
f 8529 8318 8317
f 8320 8410 8321
f 8532 8476 8172
f 8171 8533 8172
f 8185 8203 8366
f 8171 8288 8533
f 8459 8455 8460
f 8288 8398 8533
f 8275 8329 8318
f 8501 8347 8219
f 8511 8417 8419
f 8414 8435 8431
f 8445 8534 8511
f 8333 8219 8334
f 8308 8348 8432
f 8535 8483 8482
f 8499 8418 8417
f 8415 8363 8371
f 8536 8531 8527
f 8190 8290 8260
f 8537 8412 8276
f 8287 8409 8253
f 8432 8421 8308
f 8511 8535 8417
f 8240 8538 8521
f 8510 8405 8383
f 8417 8539 8499
f 8202 8239 8238
f 8393 8307 8158
f 8200 8540 8337
f 8199 8201 8429
f 8438 8450 8439
f 8414 8430 8443
f 8495 8311 8313
f 8541 8311 8495
f 8400 8336 8338
f 8415 8196 8362
f 8339 8409 8410
f 8542 8475 8543
f 8282 8453 8459
f 8507 8527 8461
f 8251 8324 8323
f 8319 8267 8544
f 8417 8535 8539
f 8210 8368 8274
f 8510 8383 8483
f 8501 8203 8449
f 8321 8428 8322
f 8246 8525 8514
f 8370 8207 8518
f 8530 8529 8198
f 8539 8497 8499
f 8250 8327 8251
f 8166 8165 8374
f 8468 8446 8399
f 8320 8280 8410
f 8490 8389 8491
f 8445 8461 8534
f 8362 8198 8545
f 8531 8405 8534
f 8534 8405 8510
f 8254 8302 8255
f 8546 8491 8389
f 8235 8197 8416
f 8301 8481 8537
f 8194 8392 8330
f 8250 8547 8327
f 8546 8370 8310
f 8498 8418 8499
f 8482 8539 8535
f 8495 8160 8159
f 8241 8465 8161
f 8413 8412 8537
f 8220 8548 8221
f 8246 8514 8394
f 8159 8158 8316
f 8385 8483 8383
f 8539 8482 8549
f 8534 8461 8531
f 8250 8316 8547
f 8264 8199 8340
f 8524 8523 8550
f 8385 8402 8483
f 8231 8181 8229
f 8406 8500 8383
f 8227 8297 8479
f 8540 8338 8337
f 8329 8195 8330
f 8353 8365 8237
f 8536 8551 8405
f 8405 8283 8406
f 8551 8283 8405
f 8319 8544 8317
f 8539 8549 8497
f 8326 8435 8414
f 8414 8442 8324
f 8434 8197 8540
f 8271 8270 8352
f 8360 8221 8480
f 8203 8202 8449
f 8162 8374 8163
f 8488 8443 8214
f 8552 8294 8293
f 8187 8528 8526
f 8265 8287 8266
f 8511 8534 8510
f 8187 8186 8528
f 8430 8215 8443
f 8282 8500 8406
f 8188 8471 8309
f 8312 8311 8267
f 8415 8371 8249
f 8194 8330 8195
f 8385 8426 8401
f 8442 8441 8263
f 8425 8432 8348
f 8290 8291 8403
f 8245 8336 8447
f 8307 8393 8306
f 8318 8509 8388
f 8487 8470 8485
f 8464 8469 8365
f 8549 8482 8512
f 8193 8553 8278
f 8207 8546 8333
f 8496 8461 8462
f 8234 8233 8296
f 8554 8371 8230
f 8190 8247 8291
f 8512 8482 8402
f 8324 8251 8326
f 8364 8355 8503
f 8235 8237 8400
f 8230 8371 8231
f 8359 8285 8457
f 8519 8555 8556
f 8348 8320 8425
f 8403 8451 8450
f 8166 8557 8256
f 8400 8237 8365
f 8558 8403 8450
f 8193 8276 8412
f 8441 8261 8263
f 8434 8540 8520
f 8323 8541 8252
f 8317 8545 8529
f 8273 8373 8162
f 8260 8559 8524
f 8422 8432 8427
f 8303 8507 8493
f 8389 8560 8220
f 8201 8244 8243
f 8181 8231 8223
f 8280 8320 8348
f 8405 8531 8536
f 8438 8437 8523
f 8389 8333 8546
f 8312 8561 8350
f 8223 8294 8179
f 8292 8331 8381
f 8252 8541 8159
f 8382 8213 8562
f 8530 8302 8275
f 8326 8325 8351
f 8447 8336 8399
f 8430 8414 8431
f 8544 8441 8233
f 8392 8278 8306
f 8548 8367 8480
f 8536 8563 8551
f 8479 8284 8227
f 8437 8439 8240
f 8368 8557 8274
f 8388 8508 8561
f 8363 8232 8224
f 8365 8468 8399
f 8208 8564 8209
f 8462 8445 8478
f 8270 8269 8386
f 8223 8231 8371
f 8221 8548 8480
f 8416 8249 8236
f 8193 8412 8553
f 8222 8202 8185
f 8455 8477 8460
f 8277 8329 8275
f 8411 8392 8508
f 8329 8328 8444
f 8519 8556 8455
f 8374 8165 8163
f 8541 8323 8372
f 8565 8551 8563
f 8535 8511 8483
f 8382 8295 8214
f 8566 8426 8477
f 8364 8353 8354
f 8261 8544 8267
f 8188 8187 8526
f 8166 8256 8299
f 8508 8388 8509
f 8288 8289 8395
f 8274 8557 8272
f 8556 8555 8477
f 8560 8440 8367
f 8439 8238 8240
f 8491 8310 8309
f 8325 8352 8351
f 8382 8293 8381
f 8338 8540 8197
f 8388 8561 8312
f 8180 8366 8360
f 8222 8174 8173
f 8489 8296 8233
f 8328 8411 8444
f 8472 8471 8526
f 8542 8538 8475
f 8232 8545 8317
f 8477 8455 8556
f 8529 8275 8318
f 8362 8363 8415
f 8567 8527 8568
f 8370 8188 8310
f 8557 8166 8374
f 8202 8222 8239
f 8222 8173 8467
f 8241 8390 8378
f 8343 8484 8569
f 8292 8294 8223
f 8287 8182 8409
f 8404 8513 8451
f 8343 8485 8484
f 8527 8567 8536
f 8508 8392 8160
f 8304 8493 8332
f 8489 8443 8488
f 8368 8210 8212
f 8559 8438 8524
f 8278 8392 8194
f 8376 8375 8424
f 8186 8370 8517
f 8315 8354 8335
f 8513 8208 8334
f 8506 8377 8376
f 8168 8167 8484
f 8367 8548 8560
f 8559 8260 8290
f 8373 8273 8272
f 8246 8189 8515
f 8240 8475 8538
f 8335 8354 8236
f 8403 8404 8451
f 8314 8230 8480
f 8371 8554 8249
f 8224 8371 8363
f 8168 8484 8486
f 8198 8529 8545
f 8261 8441 8544
f 8552 8346 8294
f 8437 8521 8523
f 8281 8453 8282
f 8247 8190 8189
f 8569 8344 8343
f 8198 8362 8196
f 8533 8532 8172
f 8249 8554 8248
f 8386 8431 8351
f 8389 8490 8560
f 8350 8495 8313
f 8557 8257 8256
f 8443 8442 8414
f 8276 8193 8277
f 8366 8501 8221
f 8239 8475 8240
f 8347 8513 8334
f 8433 8390 8298
f 8374 8272 8557
f 8254 8481 8301
f 8475 8474 8543
f 8212 8211 8303
f 8374 8373 8272
f 8232 8234 8224
f 8266 8255 8264
f 8293 8382 8562
f 8449 8451 8347
f 8372 8311 8541
f 8340 8226 8361
f 8215 8214 8443
f 8430 8386 8387
f 8538 8570 8521
f 8544 8233 8317
f 8488 8214 8296
f 8521 8571 8523
f 8267 8319 8312
f 8551 8281 8283
f 8524 8550 8260
f 8239 8222 8467
f 8546 8310 8491
f 8194 8193 8278
f 8239 8467 8475
f 8296 8381 8331
f 8377 8506 8357
f 8348 8308 8305
f 8394 8513 8404
f 8454 8453 8572
f 8207 8370 8546
f 8281 8565 8572
f 8295 8381 8296
f 8448 8193 8195
f 8438 8559 8450
f 8493 8304 8303
f 8332 8368 8212
f 8572 8453 8281
f 8553 8412 8279
f 8514 8525 8564
f 8500 8282 8459
f 8276 8301 8537
f 8563 8536 8567
f 8554 8314 8248
f 8221 8501 8219
f 8573 8162 8161
f 8434 8530 8198
f 8523 8571 8550
f 8281 8551 8565
f 8481 8413 8537
f 8558 8559 8290
f 8215 8574 8516
f 8303 8568 8527
f 8302 8530 8341
f 8513 8514 8208
f 8560 8471 8440
f 8341 8530 8520
f 8430 8574 8215
f 8368 8257 8557
f 8366 8203 8501
f 8360 8480 8230
f 8199 8369 8340
f 8400 8399 8336
f 8358 8436 8505
f 8182 8505 8321
f 8471 8560 8490
f 8477 8555 8566
f 8349 8260 8550
f 8490 8309 8471
f 8542 8570 8538
f 8387 8574 8430
f 8450 8559 8558
f 8568 8303 8211
f 8257 8436 8358
f 8426 8566 8401
f 8338 8235 8400
f 8481 8254 8339
f 8172 8169 8170
f 8185 8175 8174
f 8470 8218 8522
f 8334 8208 8207
f 8159 8541 8495
f 8256 8258 8299
f 8545 8232 8362
f 8202 8238 8449
f 8516 8562 8213
f 8228 8284 8286
f 8471 8188 8526
f 8324 8442 8263
f 8444 8509 8318
f 8558 8290 8403
f 8208 8514 8564
f 8306 8278 8280
f 8547 8316 8407
f 8200 8520 8540
f 8179 8181 8223
f 8235 8416 8236
f 8220 8560 8548
f 8457 8192 8458
f 8504 8487 8365
f 8351 8431 8435
f 8314 8554 8230
f 8561 8508 8350
f 8504 8424 8487
f 8520 8530 8434
f 8177 8176 8206
f 8338 8197 8235
f 8573 8273 8162
f 8288 8396 8398
f 8275 8302 8276
f 8421 8216 8408
f 8266 8253 8255
f 8319 8318 8388
f 8279 8278 8553
f 8279 8413 8481
f 8575 8576 8577
f 8578 8579 8580
f 8581 8582 8583
f 8586 8587 8588
f 8589 8590 8591
f 8592 8593 8594
f 8595 8596 8597
f 8588 8598 8599
f 8602 8603 8604
f 8606 8579 8607
f 8608 8609 8610
f 8611 8612 8613
f 8610 8614 8615
f 8616 8617 8618
f 8607 8619 8620
f 8621 8622 8623
f 8603 8602 8624
f 8625 8626 8627
f 8576 8614 8628
f 8611 8629 8620
f 8630 8577 8576
f 8601 8631 8632
f 8634 8635 8584
f 8631 8636 8637
f 8638 8637 8639
f 8640 8620 8619
f 8641 8642 8643
f 8644 8641 8608
f 8602 8604 8607
f 8645 8628 8614
f 8646 8612 8611
f 8621 8625 8622
f 8647 8610 8609
f 8598 8587 8611
f 8624 8649 8582
f 8650 8629 8613
f 8651 8585 8584
f 8652 8649 8653
f 8640 8654 8599
f 8655 8605 8632
f 8637 8638 8652
f 8649 8652 8638
f 8606 8656 8657
f 8613 8629 8611
f 8637 8632 8631
f 8597 8658 8595
f 8622 8646 8659
f 8607 8620 8629
f 8659 8611 8587
f 8641 8644 8660
f 8589 8661 8590
f 8651 8594 8599
f 8581 8583 8638
f 8642 8662 8661
f 8641 8660 8642
f 8651 8663 8585
f 8617 8621 8623
f 8659 8616 8618
f 8624 8582 8603
f 8664 8599 8654
f 8639 8581 8638
f 8580 8606 8633
f 8663 8651 8664
f 8653 8665 8666
f 8604 8582 8656
f 8652 8653 8667
f 8636 8639 8637
f 8575 8655 8615
f 8595 8645 8614
f 8632 8660 8644
f 8598 8611 8620
f 8604 8603 8582
f 8646 8622 8612
f 8639 8636 8648
f 8579 8619 8607
f 8587 8668 8659
f 8669 8670 8671
f 8649 8624 8653
f 8625 8627 8612
f 8602 8629 8650
f 8645 8595 8658
f 8611 8659 8646
f 8587 8593 8672
f 8577 8655 8575
f 8655 8632 8644
f 8644 8608 8655
f 8671 8674 8658
f 8660 8632 8675
f 8661 8643 8642
f 8581 8639 8648
f 8613 8612 8627
f 8675 8662 8660
f 8626 8625 8676
f 8677 8666 8665
f 8640 8619 8579
f 8656 8581 8657
f 8634 8592 8635
f 8627 8678 8666
f 8674 8645 8658
f 8588 8599 8594
f 8641 8643 8609
f 8659 8618 8622
f 8607 8604 8606
f 8601 8632 8605
f 8628 8630 8576
f 8576 8575 8614
f 8618 8623 8622
f 8678 8591 8666
f 8661 8662 8590
f 8656 8606 8604
f 8666 8591 8653
f 8609 8608 8641
f 8673 8636 8631
f 8635 8592 8584
f 8624 8665 8653
f 8667 8679 8675
f 8579 8680 8640
f 8586 8594 8593
f 8579 8578 8680
f 8652 8667 8637
f 8627 8626 8678
f 8647 8596 8595
f 8649 8583 8582
f 8625 8621 8676
f 8622 8625 8612
f 8665 8602 8650
f 8588 8587 8598
f 8647 8614 8610
f 8588 8594 8586
f 8582 8581 8656
f 8633 8606 8657
f 8610 8615 8608
f 8627 8677 8613
f 8662 8679 8667
f 8607 8629 8602
f 8651 8584 8592
f 8593 8587 8586
f 8671 8658 8597
f 8655 8608 8615
f 8579 8606 8580
f 8650 8677 8665
f 8594 8651 8592
f 8596 8669 8597
f 8667 8675 8637
f 8595 8614 8647
f 8667 8590 8662
f 8631 8601 8673
f 8655 8577 8605
f 8677 8627 8666
f 8654 8640 8680
f 8663 8664 8654
f 8662 8642 8660
f 8647 8609 8596
f 8638 8583 8649
f 8620 8640 8598
f 8590 8653 8591
f 8664 8651 8599
f 8616 8659 8668
f 8618 8617 8623
f 8590 8667 8653
f 8640 8599 8598
f 8665 8624 8602
f 8613 8677 8650
f 8675 8679 8662
f 8632 8637 8675
f 8669 8671 8597
f 8672 8668 8587
f 8628 8600 8630
f 8575 8615 8614
f 8681 8682 8683
f 8684 8685 8686
f 8687 8688 8689
f 8690 8691 8692
f 8693 8694 8695
f 8696 8697 8698
f 8699 8700 8701
f 8702 8703 8704
f 8705 8706 8707
f 8708 8697 8709
f 8710 8711 8712
f 8713 8714 8715
f 8716 8717 8718
f 8719 8720 8721
f 8722 8723 8724
f 8725 8726 8727
f 8728 8729 8730
f 8731 8732 8733
f 8684 8734 8735
f 8685 8736 8701
f 8737 8738 8739
f 8740 8741 8742
f 8681 8741 8740
f 8743 8744 8745
f 8746 8682 8738
f 8684 8686 8734
f 8728 8747 8748
f 8749 8750 8751
f 8741 8752 8753
f 8754 8755 8756
f 8757 8748 8758
f 8759 8760 8761
f 8762 8763 8764
f 8718 8765 8766
f 8767 8768 8769
f 8770 8771 8772
f 8773 8774 8775
f 8751 8776 8777
f 8778 8779 8780
f 8781 8782 8759
f 8783 8784 8785
f 8786 8781 8787
f 8778 8788 8684
f 8789 8790 8791
f 8696 8792 8697
f 8727 8793 8792
f 8707 8794 8705
f 8701 8686 8685
f 8795 8796 8681
f 8797 8798 8799
f 8800 8801 8745
f 8742 8802 8740
f 8803 8730 8770
f 8804 8805 8806
f 8807 8808 8809
f 8810 8800 8811
f 8812 8813 8814
f 8748 8757 8729
f 8815 8816 8739
f 8817 8815 8740
f 8728 8818 8819
f 8778 8820 8821
f 8822 8814 8823
f 8742 8824 8825
f 8826 8692 8827
f 8828 8810 8829
f 8830 8831 8832
f 8833 8834 8835
f 8836 8837 8838
f 8839 8830 8840
f 8841 8842 8843
f 8844 8845 8846
f 8847 8848 8849
f 8747 8728 8819
f 8776 8850 8851
f 8714 8852 8715
f 8853 8854 8855
f 8856 8819 8857
f 8858 8859 8860
f 8855 8861 8862
f 8852 8863 8715
f 8864 8805 8773
f 8865 8866 8867
f 8814 8799 8812
f 8868 8869 8870
f 8709 8871 8872
f 8873 8693 8874
f 8871 8875 8872
f 8796 8752 8741
f 8876 8776 8877
f 8878 8831 8879
f 8880 8881 8882
f 8685 8788 8736
f 8764 8883 8884
f 8885 8886 8887
f 8762 8888 8889
f 8890 8848 8891
f 8892 8723 8722
f 8808 8855 8854
f 8867 8700 8699
f 8752 8796 8687
f 8893 8789 8791
f 8710 8752 8687
f 8690 8855 8894
f 8715 8895 8713
f 8894 8862 8896
f 8897 8898 8899
f 8900 8764 8763
f 8845 8901 8846
f 8826 8855 8690
f 8758 8902 8903
f 8904 8786 8905
f 8786 8822 8905
f 8725 8906 8907
f 8908 8724 8909
f 8910 8812 8911
f 8912 8867 8913
f 8848 8890 8914
f 8734 8686 8915
f 8916 8878 8879
f 8915 8686 8917
f 8803 8918 8687
f 8857 8819 8818
f 8700 8867 8912
f 8914 8849 8848
f 8919 8920 8921
f 8922 8923 8924
f 8925 8904 8905
f 8856 8798 8819
f 8926 8688 8795
f 8709 8927 8871
f 8852 8714 8928
f 8786 8904 8781
f 8929 8930 8931
f 8725 8932 8933
f 8793 8782 8934
f 8815 8682 8681
f 8922 8935 8936
f 8937 8695 8938
f 8802 8864 8775
f 8939 8940 8941
f 8890 8942 8881
f 8943 8944 8945
f 8946 8947 8948
f 8914 8883 8949
f 8773 8766 8839
f 8950 8887 8841
f 8727 8951 8793
f 8939 8905 8823
f 8910 8940 8813
f 8940 8910 8952
f 8953 8875 8871
f 8954 8934 8955
f 8691 8690 8894
f 8838 8847 8949
f 8956 8957 8898
f 8958 8763 8959
f 8949 8849 8914
f 8689 8856 8818
f 8711 8710 8918
f 8683 8960 8961
f 8795 8681 8683
f 8962 8963 8964
f 8965 8966 8926
f 8952 8966 8940
f 8967 8968 8877
f 8969 8970 8971
f 8831 8839 8879
f 8801 8958 8959
f 8832 8774 8840
f 8681 8740 8815
f 8972 8871 8927
f 8848 8847 8973
f 8838 8900 8836
f 8932 8725 8974
f 8975 8953 8976
f 8977 8824 8712
f 8978 8836 8979
f 8980 8981 8982
f 8983 8984 8810
f 8957 8985 8898
f 8984 8800 8810
f 8956 8898 8983
f 8981 8986 8987
f 8988 8975 8976
f 8759 8989 8990
f 8991 8960 8682
f 8992 8993 8994
f 8995 8790 8789
f 8996 8997 8998
f 8965 8940 8966
f 8976 8871 8972
f 8687 8796 8688
f 8999 9000 8944
f 8927 8954 8955
f 9001 9002 8955
f 8884 8882 8888
f 9003 9004 8967
f 9005 8754 9006
f 9007 8691 9008
f 9009 9008 8691
f 9009 9005 9010
f 8960 8991 9011
f 9011 8746 8948
f 8824 8742 9012
f 9013 9014 9015
f 8888 9016 8889
f 9017 9018 8733
f 8960 8919 8921
f 9019 9004 8716
f 8961 8965 8683
f 8976 8972 8988
f 9020 9021 9022
f 8712 8711 8772
f 8771 8903 9023
f 8787 8781 8761
f 8911 8812 8799
f 8841 9006 8950
f 8984 9024 8979
f 9025 8881 8707
f 8782 8989 8759
f 8948 8746 9026
f 9011 8919 8960
f 8947 9011 8948
f 8772 8711 8770
f 8949 8883 8900
f 9027 8957 8956
f 9006 9010 9005
f 9001 8939 9028
f 8821 9029 8779
f 8941 9028 8939
f 9008 9030 9007
f 8797 8705 9031
f 9032 8961 8920
f 8958 8801 8979
f 9033 9025 8707
f 9034 8974 8792
f 9018 9035 9036
f 8856 8689 8799
f 8707 8706 9033
f 8960 8921 8961
f 8682 8746 8991
f 8762 8884 8888
f 8773 8805 9037
f 9038 8746 8738
f 8785 9039 8783
f 9040 8828 8829
f 9041 8805 8804
f 8865 8736 9042
f 8882 8881 9025
f 8701 8700 8917
f 8980 9043 9044
f 8793 8989 8782
f 8734 8891 8735
f 9045 8719 9046
f 8801 8984 8979
f 8820 9047 9048
f 9049 9050 8785
f 8947 8919 9011
f 8743 8959 8907
f 8707 8942 8794
f 8843 8842 8829
f 9051 8789 9015
f 9052 9028 8941
f 8684 8735 8820
f 8745 8801 8743
f 8941 9053 9052
f 8861 8855 8808
f 8889 8959 8762
f 9054 9019 8718
f 8919 9055 8920
f 9056 9018 9057
f 8724 8908 8722
f 8951 8989 8793
f 8900 8883 8764
f 8706 8787 8761
f 9058 9059 9060
f 8907 8726 8725
f 9061 8721 8996
f 9010 9006 9062
f 8682 8815 8739
f 8972 8927 8868
f 8864 8773 8775
f 8782 8781 8904
f 9063 9064 8935
f 8842 8828 9040
f 8907 8906 8743
f 8722 8908 8807
f 9065 9066 8892
f 8891 8734 8890
f 8982 9043 8980
f 8767 8769 9067
f 8860 8749 9068
f 8739 8816 8737
f 9069 9070 9071
f 8792 8974 8727
f 8689 8818 8687
f 8738 8737 9022
f 8709 8697 8954
f 8768 8767 9067
f 8681 8796 8741
f 9006 8841 9062
f 8766 9072 9073
f 9055 8919 8947
f 9062 9074 9010
f 9075 9076 9026
f 8749 9077 9078
f 9037 8805 9023
f 9020 8816 8831
f 8799 8822 9079
f 8979 8836 8900
f 8981 8980 8986
f 8920 9055 9053
f 9080 9002 9081
f 8730 8803 8818
f 8975 9082 9083
f 8795 8965 8926
f 9002 9080 8868
f 9084 9085 9086
f 9032 8920 9053
f 9024 8898 8897
f 9087 9088 9089
f 8783 9067 9090
f 8723 9091 9092
f 8776 8751 8850
f 8897 8836 8978
f 8691 9007 8692
f 8920 8961 8921
f 9078 8834 8833
f 8779 8778 8821
f 8851 9071 8877
f 8789 9051 8995
f 8863 9093 8723
f 9094 8962 8964
f 8898 9024 8983
f 8747 8819 8866
f 9022 8737 9020
f 8798 8797 9031
f 8756 9095 8885
f 8865 9096 8747
f 8948 9076 8946
f 8719 8721 9046
f 9052 9081 9028
f 9097 8766 8768
f 9089 9098 9099
f 9050 9049 9038
f 8808 8807 9048
f 9053 9055 9100
f 8998 9101 9070
f 8954 8697 8792
f 9092 8968 9102
f 9103 9104 9105
f 9106 9058 9060
f 8934 8904 8955
f 9107 9108 9109
f 8890 8915 8942
f 8975 8870 9082
f 8870 8975 8988
f 9067 8769 9110
f 9111 8997 8996
f 8738 8682 8739
f 9094 8964 8834
f 8918 8803 8711
f 9112 9078 9077
f 8863 8852 9113
f 8839 8766 9073
f 9073 9072 8916
f 8805 9041 9023
f 8873 8694 8693
f 9114 9050 9115
f 9116 9117 9118
f 8997 9003 9101
f 8885 9095 9027
f 9119 8777 8876
f 8827 8853 8826
f 9120 9046 9121
f 9122 8717 8716
f 8748 8902 8758
f 9034 8792 8696
f 9109 8968 8967
f 9123 9124 9125
f 8909 9108 9029
f 8960 8683 8682
f 8736 8865 8699
f 8730 8729 8770
f 9084 8713 8943
f 8958 8979 8763
f 9053 9126 9052
f 9107 9054 8779
f 9100 9126 9053
f 9056 9035 9018
f 8903 9037 9023
f 8717 8765 8718
f 8712 9127 8977
f 9081 9002 9001
f 9081 9087 9080
f 9128 9122 9129
f 8749 8860 9077
f 8884 8883 8880
f 9097 8783 9130
f 9131 9056 9085
f 8837 8847 8838
f 9132 9082 8870
f 8940 9032 9053
f 9124 9133 8986
f 9080 9134 8869
f 8911 8952 8910
f 9001 8955 8925
f 8912 9031 8705
f 9084 9017 8713
f 9135 8864 8802
f 8698 8708 9136
f 8908 9029 8820
f 9105 9137 9103
f 8688 8926 8689
f 9095 8957 9027
f 8820 9138 8908
f 9126 9139 9089
f 8963 9121 9140
f 8687 8918 8710
f 9141 8878 9021
f 9050 9142 9039
f 8842 8886 9143
f 8799 8814 8822
f 8891 8973 8735
f 9116 9118 9144
f 9142 9072 9130
f 9145 8765 9122
f 8983 8828 8956
f 8800 8984 8801
f 8950 8756 8885
f 8700 8794 8917
f 8964 9146 9147
f 9148 8874 8693
f 8695 9148 8693
f 9149 9150 9151
f 9066 8713 8895
f 8913 8819 8798
f 8689 8926 8911
f 8847 9047 8973
f 9081 9052 9088
f 8851 8877 8776
f 8821 8820 9029
f 9133 9152 8986
f 8934 8782 8904
f 8866 8913 8867
f 9100 8946 9153
f 9154 8982 8981
f 9090 9067 9110
f 9039 9130 8783
f 8800 8744 8811
f 9086 9085 9057
f 9097 9067 8783
f 9064 8933 8936
f 9074 9062 9063
f 9121 9155 9140
f 9087 9081 9088
f 8844 9120 9156
f 9044 8938 9124
f 8967 9004 9109
f 9026 8746 9038
f 9144 9118 8901
f 8952 8911 8926
f 8879 9073 8916
f 8854 8943 8809
f 9157 9026 8784
f 8794 8915 8917
f 8903 8771 8758
f 8732 8714 8713
f 9063 9062 8841
f 9053 8941 8940
f 8906 8933 8744
f 9143 9027 8956
f 8818 8728 8730
f 8876 8777 8776
f 9091 8876 9158
f 8760 8990 8888
f 8987 8986 9152
f 8897 8978 9024
f 9046 9155 9121
f 9023 8977 9127
f 9126 9137 9139
f 9079 8786 8787
f 8904 8925 8955
f 8689 8911 8799
f 9090 9159 8783
f 9133 9124 9123
f 8709 8954 8927
f 9003 8716 9004
f 8832 8816 8775
f 8874 9148 9150
f 9148 8695 8937
f 9153 8946 9160
f 8985 8899 8898
f 8756 8950 8754
f 8878 9114 9021
f 9151 9150 8992
f 9087 9099 9080
f 8968 9092 9158
f 8998 9061 8996
f 9088 9052 9126
f 9153 9126 9100
f 8694 9123 9125
f 9054 9107 9019
f 9067 9097 8768
f 9072 9097 9130
f 8802 8817 8740
f 8936 8935 9064
f 8811 8843 8829
f 8775 8816 8817
f 8806 8864 9135
f 9101 8998 8997
f 9132 9161 9082
f 8977 9023 9041
f 9098 9089 9139
f 9061 9070 9069
f 9041 8804 8824
f 8903 8902 8780
f 8860 8859 9077
f 8797 8799 9079
f 8945 9084 8943
f 8876 9091 9162
f 8835 8964 9147
f 8914 8881 8880
f 8771 9023 9127
f 8832 8831 8816
f 8825 8804 8806
f 9036 9035 8702
f 8703 9163 9058
f 9084 9086 9017
f 9101 9003 9071
f 8865 9042 9164
f 8713 9017 8732
f 8716 8997 9165
f 9057 9017 9086
f 8707 8881 8942
f 8706 8761 9033
f 8977 9041 8824
f 9008 9009 9010
f 9150 9148 8992
f 9151 8992 9166
f 8766 9097 9072
f 9025 8888 8882
f 9126 9153 9137
f 9134 9080 9099
f 8870 9167 9132
f 9168 9169 9077
f 8917 8686 8701
f 8868 8988 8972
f 8749 8751 8777
f 8876 8877 9158
f 9099 9087 9089
f 9170 9035 9171
f 8703 8702 9170
f 8704 8931 9172
f 8779 9108 9107
f 9098 9173 9174
f 9036 8702 8733
f 8736 8699 8701
f 9127 8712 8772
f 9021 9020 9141
f 8844 9156 8845
f 9008 9010 9074
f 8909 9102 9108
f 9018 9017 9057
f 9068 9119 9113
f 8703 9170 9163
f 8968 9158 8877
f 8792 8934 8954
f 8967 8877 9071
f 8861 8808 8755
f 9145 9122 9128
f 8755 8862 8861
f 8929 9175 9168
f 9168 8859 8929
f 8787 8706 9079
f 8995 9051 9176
f 8722 9065 8892
f 8892 8863 8723
f 8811 8829 8810
f 8830 8839 8831
f 9084 8945 9177
f 8888 9025 8760
f 9025 9033 8760
f 8808 9095 8755
f 9001 9028 9081
f 8777 9119 9068
f 8885 8887 8950
f 9068 8858 8860
f 8716 8718 9019
f 8741 9012 8742
f 8779 9037 8903
f 8807 8809 8722
f 8685 8684 8788
f 8700 8912 8705
f 8988 8868 8870
f 9069 9140 9155
f 8899 8985 9178
f 9164 8780 8902
f 8856 8857 8818
f 9165 8997 9111
f 8817 8802 8775
f 9078 8833 8749
f 8794 8700 8705
f 8705 8797 9079
f 8770 8711 8803
f 8733 9018 9036
f 8959 8743 8801
f 9167 8869 9134
f 9008 9179 9030
f 8888 8990 9016
f 8963 9140 9146
f 9180 9173 9098
f 8753 8752 8710
f 8812 8910 8813
f 9030 9179 9181
f 9066 8722 8809
f 8734 8915 8890
f 8822 8786 9079
f 8854 8944 8943
f 8839 8840 8773
f 8687 8818 8803
f 9164 9042 8780
f 8943 9066 8809
f 8891 8848 8973
f 9138 8807 8908
f 8840 8774 8773
f 8843 8811 9064
f 9068 9113 8858
f 8825 9135 8742
f 8850 9147 8851
f 8938 9125 9124
f 9063 8924 9074
f 9119 8876 9162
f 9181 8970 8969
f 9179 8970 9181
f 9148 8993 8992
f 8759 8990 8760
f 8884 8762 8764
f 9166 8992 8994
f 8925 8905 8939
f 8778 8684 8820
f 8772 8771 9127
f 9046 8721 9155
f 8788 8778 9042
f 9126 9089 9088
f 9109 9019 9107
f 9182 9171 9035
f 9114 9142 9050
f 8717 9122 8765
f 8793 8934 8792
f 8831 8878 9141
f 8894 9009 8691
f 9130 9039 9142
f 8870 8869 9167
f 8881 8914 8890
f 8929 8931 9175
f 8930 8929 8859
f 9135 8825 8806
f 8697 8708 8698
f 9146 9069 9147
f 8830 8832 8840
f 9063 8935 8924
f 8928 8930 8859
f 8986 8980 9124
f 9179 9183 8970
f 9115 9021 9114
f 8867 8699 8865
f 8859 8858 8928
f 9064 9063 8843
f 9085 9056 9057
f 9048 9178 8808
f 9019 9109 9004
f 8733 8732 9017
f 9014 9013 9184
f 8706 8705 9079
f 9156 8962 8845
f 9070 9061 8998
f 8856 8799 8798
f 8893 8791 9185
f 9161 9083 9082
f 9118 9117 9120
f 8967 9071 9003
f 9070 9101 9071
f 9138 9048 8807
f 9103 9153 9166
f 8945 8944 9000
f 8811 8744 8933
f 9186 9123 9187
f 9162 9093 9119
f 9006 8754 8950
f 9166 9153 9160
f 8956 8828 9143
f 9020 8831 9141
f 8802 8742 9135
f 9142 9114 8916
f 9074 9179 9008
f 8944 8854 8853
f 9147 9069 8851
f 9183 9179 8923
f 8924 8923 9179
f 8922 8924 8935
f 8810 8828 8983
f 8970 9183 8971
f 8757 8771 8770
f 8858 9113 8852
f 8798 9031 8913
f 8863 9113 9119
f 8750 8833 8835
f 8834 8964 8835
f 8761 8760 9033
f 9056 9131 9182
f 8766 8773 9054
f 9012 8741 8753
f 9188 9060 8931
f 8965 8795 8683
f 8736 8788 9042
f 9050 9038 9115
f 8938 8695 9125
f 8716 9003 8997
f 8694 9187 9123
f 9131 9085 9177
f 9114 8878 8916
f 8816 9020 8737
f 8780 9042 8778
f 9104 9166 8994
f 9189 9014 9161
f 8816 8815 8817
f 8729 8757 8770
f 8747 8902 8748
f 8712 8824 9012
f 8853 8999 8944
f 8852 8928 8858
f 9040 8829 8842
f 9167 9134 9190
f 9166 9160 9151
f 9096 8902 8747
f 8865 9164 9096
f 8726 8889 9016
f 9104 9103 9166
f 9045 9046 9117
f 8784 9049 8785
f 9063 8841 8843
f 9178 9095 8808
f 8959 8763 8762
f 9153 9103 9137
f 9148 8937 8993
f 8942 8915 8794
f 9106 8703 9058
f 8837 8899 9047
f 8908 8909 9029
f 9015 9014 9189
f 9170 8702 9035
f 9069 9071 8851
f 9164 8902 9096
f 9146 9140 9069
f 9102 8724 9092
f 8946 9100 9055
f 9178 9048 8899
f 9190 9189 9167
f 8892 9066 8895
f 8847 8837 9047
f 9183 8923 8922
f 8720 9111 8996
f 9119 9093 8863
f 8912 8913 9031
f 8951 8726 9016
f 9102 9109 9108
f 8932 8922 8936
f 8906 8725 8933
f 8708 8709 8872
f 9172 8931 8930
f 8933 8932 8936
f 8889 8726 8907
f 8971 9183 8698
f 8931 9191 9188
f 9137 9180 9139
f 9192 9005 8896
f 8868 9080 8869
f 9048 9138 8820
f 8724 8723 9092
f 9174 9190 9134
f 8755 9095 8756
f 9078 9112 9193
f 8702 9172 8733
f 9109 9102 8968
f 9152 9133 9186
f 8930 8928 9172
f 9189 9190 9015
f 8965 8961 9032
f 8750 8850 8751
f 9066 9065 8722
f 9162 9091 9093
f 8887 8842 8841
f 8893 9184 9013
f 8882 8884 8880
f 8744 8743 8906
f 8900 8838 8949
f 8976 8953 8871
f 9183 8922 9034
f 8922 8932 9034
f 9136 8971 8698
f 9060 9191 9106
f 9194 9136 8708
f 8842 8887 8886
f 8696 8698 9183
f 8808 8854 8809
f 9093 9091 8723
f 9147 8750 8835
f 9137 9105 9180
f 9145 8766 8765
f 8819 8913 8866
f 9002 8927 8955
f 9139 9180 9098
f 9098 9174 9134
f 9022 9038 8738
f 9190 9174 9051
f 9191 9060 9188
f 8758 8771 8757
f 9075 9026 9157
f 8896 8862 9192
f 9132 9189 9161
f 9061 9069 9155
f 9195 9129 9196
f 8873 8874 9197
f 9198 9172 8928
f 9124 8980 9044
f 8963 9146 8964
f 9121 9156 9120
f 9199 9200 9185
f 9201 9176 9174
f 9055 8947 8946
f 9029 9108 8779
f 9184 8893 9185
f 8933 9064 8811
f 8828 8842 9143
f 8796 8795 8688
f 8735 8973 8820
f 9132 9167 9189
f 8855 8862 8894
f 9016 8990 8951
f 8813 8940 8939
f 8959 8889 8907
f 9066 8943 8713
f 9091 9158 9092
f 9024 8978 8979
f 9198 8928 8731
f 8731 8928 8714
f 9199 9185 8791
f 9190 9051 9015
f 8893 9013 9015
f 8868 8927 9002
f 8755 8754 9192
f 8720 8996 8721
f 8939 8823 8813
f 9022 9021 9038
f 8703 9106 9191
f 8846 8901 9118
f 8985 8957 9178
f 9024 8984 8983
f 8973 9047 8820
f 8863 8892 8715
f 9128 8768 9145
f 9034 8696 9183
f 8966 8952 8926
f 8932 8974 9034
f 8846 9118 9120
f 9145 8768 8766
f 8948 9026 9076
f 8727 8726 8951
f 8779 9054 9037
f 9037 9054 8773
f 9049 9026 9038
f 9172 8702 8704
f 8731 8733 9198
f 9174 9176 9051
f 9195 9202 9129
f 8785 9050 9039
f 9015 8789 8893
f 8714 8732 8731
f 8916 9072 9142
f 8749 8777 9068
f 8837 8836 8897
f 8834 9078 9193
f 8704 9191 8931
f 9120 8844 8846
f 8692 8826 8690
f 9172 9198 8733
f 9179 9074 8924
f 9125 8695 8694
f 8925 8939 9001
f 9021 9115 9038
f 9156 9121 8963
f 9155 8721 9061
f 8784 8783 9159
f 8824 8804 8825
f 9133 9123 9186
f 8784 9026 9049
f 9120 9117 9046
f 8905 8822 8823
f 8749 8833 8750
f 9035 9056 9182
f 8894 8896 9009
f 8989 8951 8990
f 9032 8940 8965
f 8963 8962 9156
f 8779 8903 8780
f 9149 8874 9150
f 9174 9173 9201
f 8957 9095 9178
f 8746 9011 8991
f 8725 8727 8974
f 8874 9149 9197
f 9157 8784 9159
f 8712 9012 8710
f 9122 9196 9129
f 8766 9054 8718
f 8914 8880 8883
f 8837 8897 8899
f 9005 9009 8896
f 8748 8729 8728
f 8895 8715 8892
f 8909 8724 9102
f 8769 8768 9128
f 9098 9134 9099
f 9177 9085 9084
f 8849 8949 8847
f 8704 8703 9191
f 8805 8864 8806
f 8744 8800 8745
f 8763 8979 8900
f 8855 8826 8853
f 9043 8982 9154
f 9005 9192 8754
f 8814 8813 8823
f 8862 8755 9192
f 9199 8791 8790
f 9027 9143 8886
f 8859 9168 9077
f 9073 8879 8839
f 8761 8781 8759
f 8866 8865 8747
f 8886 8885 9027
f 8710 9012 8753
f 8774 8832 8775
f 9147 8850 8750
f 9047 8899 9048
f 9169 9112 9077
f 9203 9204 9205
f 9206 9207 9208
f 9209 9210 9211
f 9215 9207 9206
f 9216 9217 9218
f 9218 9219 9220
f 9219 9218 9217
f 9221 9222 9203
f 9223 9220 9224
f 9225 9219 9204
f 9208 9226 9227
f 9228 9229 9230
f 9231 9230 9232
f 9233 9226 9234
f 9235 9236 9237
f 9238 9239 9221
f 9227 9226 9240
f 9234 9226 9241
f 9242 9243 9226
f 9210 9244 9242
f 9211 9210 9234
f 9245 9235 9237
f 9246 9247 9248
f 9249 9246 9248
f 9250 9247 9251
f 9251 9247 9246
f 9247 9250 9252
f 9252 9253 9254
f 9246 9249 9255
f 9256 9257 9258
f 9251 9259 9250
f 9260 9246 9255
f 9261 9236 9262
f 9262 9257 9261
f 9252 9250 9263
f 9250 9259 9263
f 9246 9260 9251
f 9259 9251 9264
f 9265 9266 9259
f 9262 9236 9267
f 9251 9260 9268
f 9268 9264 9251
f 9257 9269 9258
f 9259 9266 9263
f 9263 9266 9270
f 9271 9268 9260
f 9268 9265 9264
f 9263 9272 9253
f 9265 9273 9266
f 9262 9269 9257
f 9274 9265 9268
f 9275 9276 9277
f 9273 9265 9274
f 9278 9217 9216
f 9273 9279 9266
f 9262 9267 9280
f 9271 9281 9282
f 9276 9275 9283
f 9273 9274 9284
f 9284 9279 9273
f 9285 9286 9287
f 9272 9270 9288
f 9289 9272 9288
f 9205 9217 9203
f 9290 9279 9291
f 9284 9291 9279
f 9290 9292 9293
f 9258 9275 9277
f 9294 9295 9296
f 9287 9297 9285
f 9275 9258 9269
f 9285 9297 9298
f 9288 9294 9289
f 9299 9292 9297
f 9291 9284 9282
f 9294 9288 9292
f 9232 9300 9301
f 9254 9248 9247
f 9287 9302 9299
f 9303 9278 9216
f 9283 9275 9269
f 9269 9304 9283
f 9305 9282 9281
f 9285 9298 9306
f 9298 9290 9307
f 9271 9274 9268
f 9308 9291 9282
f 9280 9309 9310
f 9291 9308 9311
f 9306 9298 9312
f 9245 9237 9313
f 9293 9279 9290
f 9314 9313 9243
f 9302 9287 9286
f 9315 9281 9283
f 9228 9302 9229
f 9299 9228 9295
f 9311 9298 9307
f 9255 9249 9316
f 9305 9308 9282
f 9276 9283 9281
f 9311 9312 9298
f 9310 9304 9269
f 9311 9308 9315
f 9310 9317 9304
f 9314 9243 9242
f 9318 9302 9286
f 9312 9319 9286
f 9310 9309 9317
f 9260 9255 9271
f 9279 9270 9266
f 9282 9274 9271
f 9319 9318 9286
f 9229 9320 9230
f 9315 9321 9322
f 9317 9322 9321
f 9230 9296 9295
f 9319 9323 9300
f 9225 9220 9219
f 9263 9270 9272
f 9265 9259 9264
f 9228 9230 9295
f 9318 9319 9300
f 9304 9321 9315
f 9277 9276 9281
f 9293 9292 9288
f 9296 9230 9231
f 9319 9312 9315
f 9281 9271 9277
f 9320 9229 9318
f 9309 9280 9324
f 9306 9312 9286
f 9299 9302 9228
f 9286 9285 9306
f 9315 9305 9281
f 9295 9292 9299
f 9325 9326 9327
f 9326 9296 9327
f 9293 9270 9279
f 9254 9247 9252
f 9226 9233 9242
f 9283 9304 9315
f 9280 9267 9324
f 9296 9328 9327
f 9299 9297 9287
f 9290 9297 9292
f 9312 9311 9315
f 9256 9261 9257
f 9320 9232 9230
f 9232 9320 9300
f 9329 9236 9235
f 9322 9319 9315
f 9231 9328 9296
f 9284 9274 9282
f 9300 9320 9318
f 9321 9304 9317
f 9311 9307 9291
f 9293 9288 9270
f 9267 9236 9329
f 9305 9315 9308
f 9330 9227 9261
f 9313 9237 9227
f 9290 9291 9307
f 9263 9253 9252
f 9301 9300 9323
f 9271 9255 9277
f 9298 9297 9290
f 9267 9329 9324
f 9280 9310 9269
f 9292 9295 9294
f 9262 9280 9269
f 9318 9229 9302
f 9224 9331 9332
f 9220 9331 9224
f 9333 9334 9335
f 9337 9215 9206
f 9338 9339 9340
f 9341 9342 9343
f 9344 9345 9346
f 9349 9342 9350
f 9351 9352 9353
f 9340 9354 9338
f 9355 9356 9357
f 9214 9359 9212
f 9360 9361 9359
f 9362 9256 9363
f 9364 9365 9366
f 9367 9368 9369
f 9370 9371 9372
f 9351 9334 9374
f 9258 9375 9363
f 9353 9352 9358
f 9376 9377 9378
f 9379 9346 9378
f 9380 9341 9381
f 9382 9383 9384
f 9359 9361 9385
f 9386 9367 9387
f 9388 9389 9390
f 9392 9381 9343
f 9393 9394 9395
f 9396 9397 9398
f 9381 9341 9343
f 9345 9344 9400
f 9401 9350 9342
f 9402 9403 9404
f 9350 9369 9368
f 9335 9388 9354
f 9337 9214 9215
f 9391 9387 9369
f 9405 9370 9372
f 9206 9208 9227
f 9383 9406 9384
f 9382 9384 9349
f 9337 9407 9359
f 9396 9375 9397
f 9340 9335 9354
f 9335 9340 9333
f 9354 9388 9390
f 9390 9411 9405
f 9363 9375 9412
f 9394 9382 9395
f 9388 9373 9347
f 9405 9413 9354
f 9261 9227 9237
f 9371 9370 9414
f 9392 9343 9342
f 9414 9370 9383
f 9415 9345 9416
f 9379 9409 9417
f 9418 9365 9419
f 9261 9362 9330
f 9237 9236 9261
f 9277 9255 9397
f 9392 9420 9421
f 9419 9422 9418
f 9378 9377 9408
f 9335 9351 9424
f 9336 9350 9401
f 9352 9374 9348
f 9367 9393 9395
f 9412 9375 9396
f 9368 9367 9395
f 9402 9426 9403
f 9427 9349 9384
f 9278 9221 9203
f 9419 9428 9429
f 9374 9430 9431
f 9402 9432 9426
f 9433 9420 9342
f 9432 9338 9413
f 9360 9359 9407
f 9434 9418 9435
f 9347 9389 9388
f 9401 9417 9409
f 9350 9336 9391
f 9401 9342 9417
f 9395 9382 9349
f 9418 9253 9426
f 9223 9218 9220
f 9342 9344 9417
f 9423 9213 9387
f 9346 9379 9417
f 9341 9345 9400
f 9412 9360 9407
f 9407 9330 9412
f 9350 9391 9369
f 9400 9344 9342
f 9417 9344 9346
f 9379 9378 9408
f 9354 9413 9338
f 9415 9411 9389
f 9337 9330 9407
f 9349 9350 9368
f 9342 9349 9433
f 9421 9436 9392
f 9423 9387 9391
f 9342 9341 9400
f 9345 9378 9346
f 9437 9356 9405
f 9376 9378 9415
f 9387 9213 9385
f 9427 9433 9349
f 9345 9415 9378
f 9415 9410 9376
f 9347 9410 9389
f 9374 9425 9348
f 9395 9349 9368
f 9427 9357 9433
f 9367 9369 9387
f 9341 9416 9345
f 9415 9389 9410
f 9424 9358 9373
f 9373 9388 9424
f 9212 9359 9385
f 9351 9374 9352
f 9433 9357 9420
f 9303 9221 9278
f 9420 9392 9342
f 9355 9357 9427
f 9380 9416 9341
f 9416 9411 9415
f 9412 9396 9360
f 9358 9424 9353
f 9420 9357 9421
f 9380 9411 9416
f 9438 9380 9381
f 9389 9411 9390
f 9419 9439 9422
f 9418 9434 9365
f 9424 9351 9353
f 9374 9431 9425
f 9357 9437 9421
f 9384 9355 9427
f 9210 9233 9234
f 9355 9406 9356
f 9437 9357 9356
f 9438 9436 9437
f 9387 9360 9386
f 9385 9361 9387
f 9380 9438 9411
f 9381 9436 9438
f 9204 9219 9205
f 9436 9381 9392
f 9335 9424 9388
f 9374 9334 9430
f 9351 9335 9334
f 9440 9441 9442
f 9437 9436 9421
f 9406 9355 9384
f 9366 9365 9434
f 9356 9406 9370
f 9360 9387 9361
f 9411 9438 9437
f 9214 9337 9359
f 9443 9216 9218
f 9334 9333 9430
f 9382 9444 9383
f 9356 9370 9405
f 9406 9383 9370
f 9411 9437 9405
f 9333 9339 9430
f 9383 9444 9414
f 9386 9393 9367
f 9440 9445 9394
f 9396 9386 9360
f 9354 9390 9405
f 9445 9444 9382
f 9446 9414 9444
f 9255 9316 9447
f 9372 9413 9405
f 9398 9394 9393
f 9394 9445 9382
f 9333 9340 9339
f 9253 9422 9254
f 9446 9444 9445
f 9448 9414 9446
f 9393 9386 9398
f 9206 9330 9337
f 9449 9446 9445
f 9450 9441 9366
f 9414 9448 9371
f 9447 9451 9398
f 9448 9446 9449
f 9371 9413 9372
f 9249 9248 9429
f 9398 9386 9396
f 9452 9450 9453
f 9242 9233 9210
f 9394 9398 9440
f 9448 9453 9371
f 9440 9451 9441
f 9453 9448 9449
f 9413 9371 9454
f 9442 9445 9440
f 9398 9451 9440
f 9397 9447 9398
f 9447 9316 9451
f 9449 9445 9442
f 9452 9449 9442
f 9453 9454 9371
f 9413 9454 9432
f 9441 9452 9442
f 9330 9362 9412
f 9258 9277 9397
f 9397 9255 9447
f 9362 9363 9412
f 9362 9261 9256
f 9453 9455 9454
f 9454 9426 9432
f 9397 9375 9258
f 9451 9364 9441
f 9451 9428 9364
f 9441 9450 9452
f 9450 9455 9453
f 9426 9454 9435
f 9366 9441 9364
f 9365 9364 9428
f 9428 9451 9316
f 9434 9455 9450
f 9455 9435 9454
f 9426 9253 9403
f 9363 9256 9258
f 9450 9366 9434
f 9455 9434 9435
f 9429 9428 9249
f 9435 9418 9426
f 9365 9428 9419
f 9249 9428 9316
f 9418 9422 9253
f 9439 9419 9429
f 9403 9456 9404
f 9403 9272 9456
f 9253 9272 9403
f 9248 9439 9429
f 9456 9272 9457
f 9422 9439 9254
f 9248 9254 9439
f 9452 9453 9449
f 9238 9303 9216
f 9458 9459 9460
f 9462 9463 9464
f 9465 9466 9467
f 9468 9326 9325
f 9469 9470 9471
f 9472 9473 9474
f 9475 9476 9477
f 9478 9479 9480
f 9481 9482 9483
f 9484 9459 9485
f 9486 9487 9488
f 9482 9489 9483
f 9490 9491 9475
f 9492 9493 9494
f 9495 9496 9497
f 9498 9499 9500
f 9490 9501 9502
f 9431 9503 9425
f 9504 9498 9500
f 9505 9506 9507
f 9508 9509 9507
f 9460 9484 9510
f 9511 9512 9502
f 9513 9514 9515
f 9491 9516 9517
f 9518 9487 9519
f 9217 9205 9219
f 9486 9520 9487
f 9521 9461 9488
f 9522 9485 9498
f 9523 9339 9524
f 9459 9498 9485
f 9525 9466 9526
f 9527 9481 9483
f 9528 9529 9530
f 9485 9522 9484
f 9531 9463 9532
f 9470 9533 9534
f 9529 9535 9495
f 9510 9484 9536
f 9516 9537 9465
f 9430 9339 9523
f 9487 9538 9488
f 9474 9478 9539
f 9517 9540 9475
f 9519 9541 9518
f 9520 9486 9431
f 9496 9542 9497
f 9543 9544 9545
f 9476 9527 9483
f 9296 9546 9294
f 9526 9547 9525
f 9548 9500 9499
f 9530 9549 9550
f 9551 9550 9549
f 9534 9552 9524
f 9528 9550 9553
f 9554 9548 9499
f 9552 9534 9533
f 9556 9478 9493
f 9557 9515 9558
f 9463 9462 9532
f 9529 9547 9559
f 9530 9550 9528
f 9222 9560 9561
f 9544 9536 9545
f 9543 9545 9562
f 9553 9563 9535
f 9525 9547 9495
f 9550 9557 9553
f 9559 9547 9526
f 9477 9476 9483
f 9542 9564 9531
f 9289 9473 9472
f 9481 9527 9541
f 9484 9522 9536
f 9551 9557 9550
f 9529 9528 9535
f 9541 9527 9518
f 9520 9567 9519
f 9568 9478 9556
f 9549 9566 9551
f 9547 9529 9495
f 9222 9221 9569
f 9570 9561 9560
f 9465 9571 9466
f 9217 9278 9203
f 9501 9460 9510
f 9216 9443 9238
f 9572 9527 9476
f 9555 9557 9551
f 9225 9204 9573
f 9506 9574 9508
f 9567 9523 9575
f 9457 9576 9456
f 9528 9553 9535
f 9399 9425 9503
f 9463 9577 9514
f 9238 9221 9303
f 9496 9495 9535
f 9536 9522 9578
f 9575 9541 9519
f 9557 9558 9553
f 9466 9571 9526
f 9245 9313 9314
f 9487 9518 9579
f 9558 9563 9553
f 9488 9538 9462
f 9465 9580 9571
f 9580 9465 9537
f 9272 9289 9457
f 9581 9516 9502
f 9582 9583 9584
f 9545 9536 9578
f 9525 9495 9497
f 9558 9577 9563
f 9515 9577 9558
f 9569 9522 9498
f 9581 9585 9537
f 9583 9561 9584
f 9471 9586 9469
f 9570 9560 9504
f 9466 9525 9467
f 9525 9497 9467
f 9587 9482 9588
f 9514 9577 9515
f 9461 9486 9488
f 9581 9589 9585
f 9490 9502 9491
f 9458 9460 9590
f 9535 9563 9564
f 9563 9577 9531
f 9564 9563 9531
f 9542 9496 9564
f 9537 9591 9581
f 9554 9458 9489
f 9592 9492 9480
f 9534 9471 9470
f 9460 9501 9490
f 9593 9465 9467
f 9467 9497 9517
f 9577 9463 9531
f 9537 9516 9591
f 9516 9465 9593
f 9504 9569 9498
f 9594 9595 9512
f 9532 9462 9538
f 9560 9569 9504
f 9581 9591 9516
f 9467 9517 9593
f 9431 9486 9503
f 9514 9464 9463
f 9595 9544 9543
f 9564 9496 9535
f 9596 9497 9542
f 9517 9497 9540
f 9581 9502 9512
f 9594 9544 9595
f 9517 9516 9593
f 9579 9596 9542
f 9596 9540 9497
f 9542 9531 9532
f 9474 9546 9479
f 9588 9568 9587
f 9515 9557 9513
f 9459 9458 9499
f 9491 9517 9475
f 9565 9462 9464
f 9491 9502 9516
f 9594 9512 9511
f 9533 9568 9588
f 9510 9511 9502
f 9594 9536 9544
f 9555 9513 9557
f 9592 9480 9479
f 9579 9518 9596
f 9588 9482 9481
f 9579 9538 9487
f 9532 9579 9542
f 9597 9582 9598
f 9502 9501 9510
f 9536 9594 9511
f 9500 9570 9504
f 9572 9596 9518
f 9596 9572 9540
f 9540 9572 9475
f 9521 9462 9565
f 9536 9511 9510
f 9562 9545 9239
f 9533 9481 9552
f 9579 9532 9538
f 9599 9489 9482
f 9476 9475 9572
f 9488 9462 9521
f 9575 9552 9481
f 9477 9490 9475
f 9572 9518 9527
f 9519 9487 9520
f 9545 9578 9221
f 9545 9221 9239
f 9222 9569 9560
f 9477 9483 9590
f 9430 9567 9431
f 9490 9477 9460
f 9590 9460 9477
f 9484 9460 9459
f 9583 9582 9597
f 9461 9503 9486
f 9575 9519 9567
f 9431 9567 9520
f 9567 9430 9523
f 9569 9221 9522
f 9541 9575 9481
f 9468 9325 9479
f 9489 9458 9590
f 9483 9489 9590
f 9399 9503 9461
f 9546 9473 9294
f 9589 9581 9512
f 9524 9575 9523
f 9588 9481 9533
f 9499 9498 9459
f 9499 9458 9554
f 9554 9489 9505
f 9589 9512 9595
f 9552 9575 9524
f 9482 9587 9599
f 9402 9404 9600
f 9599 9505 9489
f 9204 9203 9222
f 9568 9556 9587
f 9522 9221 9578
f 9601 9554 9505
f 9505 9599 9587
f 9338 9524 9339
f 9568 9533 9470
f 9554 9601 9548
f 9507 9601 9505
f 9556 9505 9587
f 9570 9584 9561
f 9600 9524 9338
f 9471 9534 9524
f 9602 9568 9470
f 9568 9602 9478
f 9509 9500 9548
f 9500 9584 9570
f 9506 9505 9556
f 9524 9404 9471
f 9602 9539 9478
f 9602 9470 9469
f 9601 9509 9548
f 9582 9500 9509
f 9500 9582 9584
f 9507 9509 9601
f 9493 9506 9556
f 9506 9508 9507
f 9404 9524 9600
f 9404 9586 9471
f 9539 9602 9469
f 9338 9432 9600
f 9600 9432 9402
f 9493 9478 9494
f 9469 9472 9539
f 9480 9494 9478
f 9456 9469 9586
f 9509 9508 9582
f 9404 9456 9586
f 9539 9472 9474
f 9472 9469 9576
f 9480 9492 9494
f 9479 9478 9474
f 9492 9506 9493
f 9574 9598 9508
f 9469 9456 9576
f 9576 9289 9472
f 9598 9582 9508
f 9473 9546 9474
f 9294 9473 9289
f 9289 9576 9457
f 9592 9479 9325
f 9468 9479 9546
f 9546 9326 9468
f 9296 9326 9546
f 9240 9243 9227
f 9244 9210 9209
f 9241 9226 9208
f 9330 9206 9227
f 9243 9313 9227
f 9226 9243 9240
f 9603 9204 9222
f 9204 9603 9573
f 9583 9603 9561
f 9604 9603 9583
f 9603 9222 9561
f 9583 9597 9604
f 9605 9606 9607
f 9608 9609 9610
f 9611 9612 9613
f 9615 9616 9617
f 9618 9619 9620
f 9621 9622 9623
f 9624 9625 9626
f 9627 9628 9629
f 9630 9631 9632
f 9633 9634 9635
f 9636 9637 9638
f 9639 9640 9641
f 9642 9643 9644
f 9645 9628 9646
f 9647 9648 9649
f 9650 9612 9651
f 9611 9613 9652
f 9653 9654 9655
f 9655 9654 9656
f 9657 9658 9659
f 9660 9661 9662
f 9663 9664 9665
f 9660 9639 9666
f 9667 9662 9668
f 9669 9670 9671
f 9672 9673 9674
f 9675 9676 9677
f 9622 9680 9681
f 9662 9631 9660
f 9683 9611 9653
f 9684 9685 9686
f 9687 9688 9689
f 9690 9654 9653
f 9653 9611 9691
f 9692 9693 9694
f 9666 9661 9660
f 9693 9695 9694
f 9696 9697 9698
f 9699 9700 9701
f 9702 9678 9703
f 9704 9655 9656
f 9705 9706 9616
f 9707 9708 9709
f 9710 9711 9680
f 9712 9713 9714
f 9715 9716 9717
f 9718 9652 9647
f 9719 9658 9657
f 9635 9720 9721
f 9722 9723 9724
f 9725 9726 9727
f 9729 9730 9731
f 9732 9733 9734
f 9735 9716 9736
f 9632 9737 9630
f 9738 9730 9739
f 9631 9740 9722
f 9611 9652 9691
f 9662 9661 9668
f 9745 9746 9747
f 9748 9749 9750
f 9751 9733 9752
f 9682 9678 9702
f 9753 9754 9755
f 9756 9628 9757
f 9627 9629 9758
f 9759 9735 9736
f 9760 9702 9761
f 9762 9703 9668
f 9691 9652 9718
f 9763 9764 9765
f 9758 9629 9768
f 9769 9770 9771
f 9772 9773 9774
f 9775 9776 9777
f 9719 9778 9732
f 9779 9780 9781
f 9777 9782 9775
f 9753 9783 9728
f 9747 9643 9642
f 9644 9784 9642
f 9704 9656 9785
f 9690 9726 9786
f 9703 9678 9667
f 9787 9788 9789
f 9746 9790 9791
f 9736 9716 9792
f 9793 9736 9792
f 9690 9691 9726
f 9794 9795 9796
f 9785 9797 9640
f 9798 9787 9789
f 9799 9800 9801
f 9803 9804 9805
f 9656 9806 9772
f 9629 9628 9768
f 9807 9808 9748
f 9809 9648 9613
f 9810 9811 9789
f 9762 9668 9812
f 9812 9639 9813
f 9806 9656 9654
f 9731 9730 9814
f 9816 9817 9818
f 9640 9658 9641
f 9740 9723 9722
f 9819 9657 9659
f 9820 9769 9768
f 9761 9801 9800
f 9785 9656 9772
f 9821 9822 9823
f 9824 9825 9826
f 9775 9827 9776
f 9649 9759 9828
f 9628 9627 9829
f 9628 9829 9757
f 9641 9813 9639
f 9830 9627 9758
f 9831 9832 9781
f 9782 9833 9775
f 9834 9835 9836
f 9837 9838 9839
f 9840 9841 9842
f 9843 9806 9654
f 9844 9845 9846
f 9847 9848 9849
f 9703 9850 9702
f 9658 9797 9659
f 9851 9846 9852
f 9641 9734 9813
f 9649 9648 9735
f 9853 9773 9806
f 9854 9855 9856
f 9857 9858 9859
f 9860 9861 9862
f 9720 9731 9671
f 9863 9659 9864
f 9865 9866 9867
f 9812 9868 9762
f 9867 9866 9869
f 9870 9871 9872
f 9873 9869 9874
f 9682 9702 9760
f 9873 9875 9869
f 9649 9735 9759
f 9871 9876 9877
f 9785 9878 9704
f 9872 9871 9877
f 9879 9873 9874
f 9813 9868 9812
f 9880 9873 9881
f 9882 9876 9883
f 9884 9885 9873
f 9885 9886 9881
f 9882 9883 9886
f 9873 9885 9881
f 9887 9876 9882
f 9888 9885 9884
f 9889 9888 9890
f 9884 9637 9891
f 9889 9892 9893
f 9894 9889 9890
f 9727 9895 9896
f 9897 9898 9899
f 9891 9637 9900
f 9901 9894 9890
f 9894 9902 9889
f 9675 9903 9904
f 9901 9890 9891
f 9902 9894 9905
f 9905 9894 9901
f 9892 9906 9907
f 9908 9909 9907
f 9905 9910 9902
f 9906 9908 9907
f 9911 9905 9901
f 9676 9675 9904
f 9910 9911 9912
f 9913 9910 9912
f 9914 9915 9916
f 9911 9916 9917
f 9716 9715 9792
f 9845 9918 9919
f 9920 9908 9921
f 9922 9913 9912
f 9923 9924 9925
f 9916 9915 9917
f 9926 9927 9928
f 9921 9929 9920
f 9806 9843 9930
f 9931 9922 9912
f 9884 9873 9879
f 9932 9926 9933
f 9801 9761 9850
f 9921 9934 9929
f 9935 9936 9913
f 9915 9937 9938
f 9869 9875 9867
f 9899 9939 9887
f 9938 9940 9917
f 9936 9941 9942
f 9936 9935 9943
f 9815 9682 9760
f 9940 9938 9937
f 9941 9944 9942
f 9945 9946 9947
f 9948 9949 9950
f 9940 9951 9935
f 9952 9921 9944
f 9888 9891 9890
f 9785 9953 9797
f 9786 9843 9654
f 9801 9850 9762
f 9884 9638 9637
f 9700 9954 9955
f 9821 9823 9956
f 9957 9958 9946
f 9877 9959 9872
f 9960 9961 9962
f 9963 9964 9644
f 9654 9690 9786
f 9810 9965 9811
f 9966 9967 9961
f 9868 9813 9734
f 9878 9785 9640
f 9650 9968 9809
f 9652 9613 9647
f 9677 9676 9969
f 9970 9971 9972
f 9973 9614 9723
f 9974 9640 9639
f 9870 9865 9867
f 9975 9960 9976
f 9772 9977 9953
f 9978 9979 9980
f 9981 9725 9727
f 9982 9607 9839
f 9983 9984 9985
f 9726 9895 9727
f 9868 9734 9733
f 9957 9945 9986
f 9837 9987 9988
f 9989 9990 9991
f 9992 9980 9993
f 9994 9995 9996
f 9977 9774 9997
f 9733 9751 9868
f 9725 9843 9786
f 9608 9998 9999
f 10000 9630 9704
f 9647 9649 9718
f 10001 9992 9993
f 10002 10003 10004
f 9783 9753 9755
f 10005 10006 10007
f 10008 9924 10009
f 10010 10011 10012
f 9774 9977 9772
f 10013 10014 10015
f 9809 9613 9650
f 9663 10016 10017
f 10018 10019 9638
f 10020 10021 10022
f 9968 9650 9754
f 10023 10024 10025
f 9754 9651 10026
f 10027 9708 10028
f 10029 10030 10031
f 9977 9795 9864
f 10032 10033 10034
f 9834 10035 9625
f 9825 9815 9760
f 9668 9666 9812
f 10036 10037 10038
f 9962 10039 10040
f 9962 10041 10042
f 10043 10042 10044
f 9843 9725 9930
f 10045 9806 9930
f 9734 9658 9719
f 9613 9612 9650
f 10046 10047 10048
f 9762 9868 9799
f 9687 9651 9688
f 10049 10050 10051
f 9752 9732 9778
f 10052 10008 10053
f 9848 9617 9849
f 10054 10055 10056
f 10057 9758 9769
f 10058 10059 9800
f 9683 9612 9611
f 9612 9688 9651
f 10060 10061 10062
f 10063 10064 9804
f 10065 10066 10067
f 9862 10068 9860
f 10069 9747 9642
f 9861 9860 10070
f 9743 9802 9808
f 10071 9623 9955
f 9806 10045 9853
f 10072 10073 9986
f 10074 10075 10067
f 10076 10077 10078
f 9981 9727 9896
f 9850 9761 9702
f 10079 10080 10067
f 9653 9691 9690
f 9977 9864 9953
f 10081 10082 9982
f 9997 9774 10083
f 10065 10084 10085
f 10086 10087 10088
f 9773 9745 10083
f 9725 10089 9930
f 10090 10091 10092
f 10045 9930 10093
f 10094 10095 10096
f 10097 10098 10099
f 9751 9799 9868
f 10100 10101 10102
f 10103 10104 10105
f 10106 9798 9789
f 9844 10107 10108
f 10109 10110 10111
f 9651 9724 10026
f 10113 10114 10086
f 10072 10115 10116
f 9848 9615 9617
f 10117 10118 10038
f 10119 9918 10120
f 9826 9760 9761
f 10002 9711 10121
f 10122 10123 10124
f 10125 10126 10127
f 9760 9826 9825
f 10002 10128 10003
f 10129 10130 10131
f 9880 9875 9873
f 9838 10017 9839
f 9860 9988 9987
f 10132 10133 10134
f 10130 9750 10135
f 10106 9789 9811
f 9899 9907 9909
f 9748 10136 9749
f 10114 10087 10086
f 9797 9953 9659
f 10037 10137 10138
f 9921 9913 9942
f 9882 9892 9907
f 10139 10140 10141
f 9632 9724 9737
f 10128 10002 10121
f 9726 9725 9786
f 9864 9659 9953
f 9748 10142 10136
f 9808 10143 9748
f 10144 9852 9846
f 9753 9968 9754
f 9821 9956 9790
f 10060 9851 9852
f 9778 9719 9657
f 9648 9647 9613
f 9863 9819 9659
f 9616 9615 10145
f 9794 9864 9795
f 10146 9851 10060
f 10147 10148 10106
f 10149 10150 10145
f 10151 10152 10153
f 10154 10119 10120
f 10155 9712 9714
f 10156 10157 10158
f 9845 9919 10159
f 10083 9745 9997
f 10045 9745 9853
f 10160 9700 9955
f 10116 10161 10072
f 10162 10163 10101
f 10040 10051 9960
f 9716 10164 9717
f 9926 10146 9933
f 9799 10165 9800
f 9832 9779 9781
f 10145 9705 9616
f 9986 10073 9958
f 10023 10166 10167
f 10168 10169 10170
f 10170 10073 10161
f 10150 10171 10145
f 9705 10145 10172
f 9919 10173 10159
f 10174 9947 10175
f 10176 10177 10178
f 10179 9904 10180
f 9917 9915 9938
f 10181 10182 9610
f 10183 10167 10166
f 9976 10175 9975
f 9922 9931 9935
f 10185 10186 10187
f 10188 10189 10190
f 10100 10191 10162
f 9624 9626 10192
f 9657 9819 9778
f 9732 9752 9733
f 9822 10193 9823
f 9724 9632 9722
f 10162 10101 10100
f 9863 10194 9819
f 9828 9895 9718
f 9785 9772 9953
f 10195 10196 10039
f 9745 10045 9822
f 9790 10197 9791
f 10126 10125 10198
f 10045 10093 10199
f 9799 9751 10165
f 10040 9960 9962
f 9841 10200 10201
f 10194 10202 10203
f 10204 10205 10206
f 10011 10010 10207
f 9800 10059 9826
f 10120 10208 10154
f 10209 10210 10086
f 10041 9962 9961
f 9880 9881 9871
f 10211 10212 10213
f 10088 10214 10209
f 9979 9978 10215
f 10216 10217 10187
f 10088 10218 10214
f 10189 10219 10190
f 10214 10220 10209
f 10221 10222 10223
f 10224 10225 9989
f 9997 9745 10069
f 10069 9745 9747
f 9822 9746 9745
f 9961 9975 9966
f 10001 10168 10226
f 10198 9820 10227
f 9822 10199 10193
f 10165 10058 9800
f 10022 10228 10020
f 9892 9882 9893
f 9795 9997 10229
f 10214 9706 10220
f 10230 10231 10232
f 9910 9905 9911
f 9990 10233 10234
f 9899 9909 9897
f 10235 10236 10237
f 10238 10239 10240
f 10241 10242 10243
f 10244 10134 10245
f 9623 9663 10246
f 10163 10247 10105
f 10194 10248 9819
f 10229 10069 10249
f 9824 9826 10059
f 10250 10251 10252
f 10253 10031 10254
f 10166 10023 10255
f 10050 10049 10257
f 10258 10259 10260
f 10261 9946 9958
f 10079 10157 10156
f 10262 10263 9964
f 10153 10152 10264
f 9904 9903 10180
f 9837 10265 10266
f 10245 10056 10055
f 10267 10115 10072
f 10006 10005 10268
f 10269 10270 10271
f 10272 10049 10273
f 10058 10274 10059
f 10275 10129 10131
f 10276 10277 10278
f 10013 10015 10279
f 10280 9964 10281
f 10282 10283 10232
f 10284 10285 10286
f 10078 10135 9750
f 9747 9746 9791
f 10070 10287 10288
f 10206 10289 10290
f 9639 9660 10000
f 10291 10292 9729
f 9671 10293 9669
f 10294 10166 10255
f 9849 10295 9847
f 9972 10251 10296
f 9883 9881 9886
f 10297 10298 10076
f 9834 9625 10299
f 10062 10146 10060
f 9839 9607 10265
f 9968 9753 10300
f 9665 9664 10064
f 9852 10144 10211
f 10301 10302 9842
f 9976 10051 10050
f 10303 10191 10304
f 10168 10305 10226
f 9831 10306 9832
f 10307 10308 9836
f 9921 9908 10309
f 10310 10311 10312
f 9746 9821 9790
f 9624 10313 10014
f 9988 9860 10068
f 10314 10315 10316
f 9809 10164 9648
f 10318 10078 9749
f 10020 10319 10312
f 10051 10040 10196
f 9870 9872 9865
f 9937 9915 10184
f 9769 9758 9768
f 10289 10033 10290
f 9791 10197 9643
f 10320 10270 10244
f 9735 9648 9716
f 10159 9846 9845
f 10322 9811 10323
f 10326 10190 10219
f 10327 10328 10329
f 9879 9638 9884
f 10011 10330 10331
f 10283 10332 10333
f 10334 9790 9956
f 9842 10201 10301
f 9923 10020 10335
f 10336 10337 10338
f 10282 10302 10301
f 10339 10340 10341
f 10112 10342 10046
f 10343 10342 10317
f 9774 9773 10083
f 10329 10344 10345
f 10265 9837 9839
f 10346 10341 10152
f 9871 9870 9875
f 10347 10348 10349
f 10269 10271 10205
f 10350 10082 10351
f 9668 9661 9666
f 10352 10353 10348
f 10354 10355 10356
f 9619 10259 10258
f 10317 10324 10343
f 9625 10357 10299
f 10342 10353 10358
f 10359 10360 10361
f 10124 10094 10122
f 9916 9911 9901
f 10060 10362 10061
f 9651 9754 9650
f 10363 10213 10364
f 10348 10353 10342
f 9648 10164 9716
f 10063 10365 10064
f 10366 10232 10231
f 10271 10289 10205
f 10136 10367 9749
f 10102 10101 10368
f 10046 10342 10358
f 10369 10370 10358
f 10236 10346 10237
f 10025 10024 10117
f 10371 10372 9818
f 10370 10369 10373
f 10306 9831 10285
f 10374 10375 10376
f 10349 10324 10132
f 10255 10377 10294
f 10378 10216 10379
f 10380 10381 10293
f 10270 10269 10382
f 9655 9683 9653
f 9686 9699 9701
f 10352 10348 10383
f 10151 10336 10384
f 9922 9935 9913
f 9700 10385 9701
f 10386 10387 10388
f 10077 10389 10135
f 10390 10019 10391
f 10012 10331 10392
f 10131 10135 10389
f 10004 10003 10323
f 9766 10393 10394
f 9757 9829 10141
f 10395 10007 10006
f 10396 10180 9903
f 10135 10078 10077
f 10103 10296 10397
f 10062 10398 10146
f 10342 10343 10348
f 10053 10008 10009
f 9927 10224 10399
f 9900 9914 9891
f 10400 10347 10349
f 10089 10093 9930
f 10375 10401 10402
f 10163 10368 10101
f 10384 10268 10151
f 10403 10404 10405
f 9780 10406 10275
f 9964 10407 10408
f 10144 10159 10173
f 10331 10330 10409
f 10228 9978 10020
f 9747 9791 9643
f 10410 10411 10241
f 10342 10112 10317
f 10076 9831 9781
f 10383 10348 10412
f 9743 9808 10413
f 10028 10311 10414
f 10415 10140 10156
f 10283 10301 10416
f 10319 10310 10312
f 9646 10417 9645
f 10348 10343 10349
f 10418 10279 10419
f 10420 10347 10382
f 10421 10339 10422
f 10374 10376 10423
f 10013 10424 10014
f 10425 10341 10340
f 10418 10207 10013
f 9666 9639 9812
f 10426 9685 10427
f 9992 10428 9980
f 10149 9848 9798
f 10035 10308 10350
f 9745 9773 9853
f 10348 10347 10420
f 10429 9959 9877
f 10114 10113 10430
f 9618 10431 10304
f 10348 10420 10412
f 10432 10433 10434
f 10114 10430 10295
f 10152 10341 10425
f 10395 10006 10435
f 10436 10437 10066
f 10438 9841 9979
f 10439 10440 9874
f 10441 10442 10443
f 10309 9906 9902
f 9996 10444 9833
f 10445 10446 10447
f 10204 10420 10382
f 10448 10179 10180
f 10375 10449 10276
f 10450 10451 10452
f 10453 10252 10230
f 10147 10150 10148
f 10454 10451 10455
f 10291 10456 10457
f 10458 10459 10450
f 9881 9883 9876
f 10452 10454 10460
f 10461 10452 10460
f 10244 10245 10462
f 10463 10464 10465
f 10466 10395 10435
f 10467 10155 9714
f 10468 10469 10458
f 10468 10470 10469
f 10464 10463 10471
f 10471 10472 10473
f 10474 10455 10475
f 10461 10460 10476
f 10474 10475 10465
f 10234 10233 10434
f 10191 10032 10034
f 10458 10477 10468
f 10470 10478 10469
f 10461 10479 10477
f 10325 10132 10324
f 10479 10480 10477
f 10481 10482 10483
f 9685 10484 10485
f 10464 10486 10465
f 10015 10280 10279
f 10105 10368 10163
f 10488 10489 10490
f 10343 10324 10349
f 10471 10473 10464
f 10491 9832 10306
f 10424 10492 10357
f 10169 10168 10001
f 10461 10476 10479
f 9842 10493 9840
f 9913 9936 9942
f 10212 10173 10494
f 10406 9780 10208
f 10481 10476 10460
f 10477 10470 10468
f 10495 10097 10423
f 10486 10474 10465
f 9935 9951 9943
f 10496 9899 10497
f 10486 10473 10472
f 10321 9738 9742
f 10498 10499 10500
f 10425 10340 10419
f 10173 10212 10144
f 9945 9947 10174
f 10209 10220 10501
f 10072 9945 10267
f 10502 10503 10504
f 10505 10478 10506
f 9847 9798 9848
f 10335 10507 9923
f 10211 10060 9852
f 10458 10461 10477
f 10013 10279 10418
f 10476 10481 10483
f 10508 10470 10480
f 9902 9892 9889
f 10482 10474 10509
f 10506 10510 10511
f 10382 10269 10204
f 9987 10287 10070
f 10005 10007 10237
f 10512 10479 10513
f 10486 10464 10473
f 9714 9713 10467
f 10075 10514 10515
f 10516 10517 10518
f 9844 10108 10519
f 10503 10502 10520
f 9931 9940 9935
f 10428 10305 10507
f 9907 9887 9882
f 10521 10485 10484
f 9606 10307 10266
f 10522 10523 10524
f 9924 10305 10116
f 10431 10359 10361
f 10525 9776 10526
f 10237 10346 10005
f 10527 10234 10431
f 10528 10414 10310
f 10504 10503 10529
f 10319 10528 10310
f 10035 10155 9626
f 10530 10287 9987
f 10529 10531 10532
f 10533 10534 10535
f 9857 10273 9984
f 10020 9923 10319
f 10100 10033 10032
f 10524 10523 10486
f 10105 10104 10368
f 10538 10539 10540
f 10370 10047 10046
f 10541 10542 10543
f 9934 9921 9952
f 10513 10544 10539
f 10545 10533 10535
f 10546 10509 10486
f 10523 9959 10547
f 10523 10546 10486
f 10548 10549 10520
f 10329 10550 10551
f 10552 9958 10073
f 10513 10483 10544
f 10553 10554 10555
f 10498 10556 10499
f 9946 9945 9957
f 10557 10558 10559
f 9902 9910 10309
f 10452 10461 10458
f 9910 9913 10309
f 10490 10362 10364
f 10560 10542 10561
f 9882 9886 9893
f 9963 10197 10562
f 10563 10238 10240
f 10536 10564 10557
f 10496 9939 9899
f 10563 10398 10565
f 9893 9886 9889
f 10511 10510 10566
f 9958 9957 9986
f 10429 10547 9959
f 10567 10397 10296
f 10503 10531 10529
f 10509 10546 10568
f 10546 10523 10547
f 10569 10570 10571
f 10572 10573 10574
f 10539 10574 10575
f 10561 10540 10483
f 9948 10576 10195
f 10544 10540 10539
f 10492 10424 10012
f 10511 10209 10501
f 10577 9967 10578
f 10579 10192 9626
f 10564 10558 10557
f 10580 10581 10546
f 9898 10497 9899
f 9980 10428 10507
f 10429 10496 10547
f 10546 10547 10582
f 10169 10073 10170
f 9939 10496 10429
f 10583 10584 10585
f 10586 10587 10588
f 10589 10555 10138
f 10501 10506 10511
f 10259 10590 10591
f 9692 9698 9693
f 10588 10573 10572
f 10592 9756 9757
f 10572 10574 10593
f 10593 10574 10539
f 10594 9757 10595
f 10498 10487 10556
f 10596 10360 10129
f 10529 10597 10598
f 10599 10538 10600
f 10538 10540 10561
f 10496 10582 10547
f 10470 10510 10478
f 10559 10601 10602
f 10603 10604 10605
f 10383 10369 10352
f 10387 10386 10607
f 10608 10370 10373
f 10478 10510 10506
f 9739 10609 9741
f 9876 9939 9877
f 10500 10564 10537
f 10610 10611 10558
f 10610 10558 10564
f 9939 9876 9887
f 10035 10350 10155
f 10189 10188 10612
f 10508 10573 10566
f 10611 10564 10613
f 10497 9898 10614
f 10563 9949 10615
f 10175 10616 9975
f 10580 10549 10548
f 10568 10546 10560
f 9920 9909 9908
f 9617 10087 10114
f 10393 10617 10618
f 10619 10588 10572
f 10537 10564 10536
f 10539 10599 10593
f 10620 10548 10520
f 10394 10621 10622
f 10623 10367 10136
f 10346 10236 10339
f 10538 10624 10600
f 10539 10538 10599
f 9969 10409 10330
f 10071 9663 9623
f 10538 10561 10624
f 10271 10033 10289
f 10467 10579 9626
f 10625 10017 10016
f 9920 9897 9909
f 10532 10602 10601
f 9891 9914 9901
f 10626 10315 10627
f 10563 10240 10398
f 10588 10511 10566
f 10151 10268 10005
f 9877 9939 10429
f 10252 9971 10230
f 9921 10309 9913
f 10425 10419 10264
f 10629 10603 10605
f 10630 10105 10247
f 10574 10513 10575
f 10631 10014 10313
f 10603 10629 10534
f 9876 9871 9881
f 10542 10632 10543
f 10529 10598 10504
f 10497 10580 10496
f 10633 9784 9644
f 10333 10232 10283
f 9902 9906 9892
f 10634 10635 10636
f 10637 10624 10541
f 10560 10546 10581
f 10452 10451 10454
f 10304 10191 10034
f 10638 10554 10553
f 10639 10640 10365
f 10363 10364 10362
f 10404 10366 10231
f 9836 10308 9834
f 10118 10641 10038
f 10642 10504 10598
f 10643 9807 10644
f 10645 10646 10647
f 10462 10054 10648
f 9840 10649 9841
f 10629 10605 10632
f 10208 10650 10154
f 10201 9842 9841
f 10078 10318 10076
f 10367 10622 10318
f 9944 9921 9942
f 10599 10619 10593
f 9940 9931 9917
f 10619 10572 10593
f 10087 10218 10088
f 10622 10367 10623
f 9891 9888 9884
f 10136 10142 10623
f 10651 10157 10067
f 9897 9920 9929
f 10386 9739 9730
f 9870 9867 9875
f 10487 10628 10652
f 9888 9889 9886
f 9802 10143 9808
f 10642 10653 10535
f 9888 9886 9885
f 10613 10597 10529
f 10503 10654 10531
f 10655 10330 10011
f 10559 10611 10601
f 9931 9912 9917
f 10152 10425 10264
f 10480 10479 10512
f 10200 10438 9707
f 10599 10656 10619
f 10256 10142 10143
f 9901 9914 9916
f 10531 10654 10532
f 10483 10482 10509
f 10657 10629 10632
f 9623 9622 9955
f 10387 10284 10388
f 9912 9911 9917
f 10452 10458 10450
f 10658 10466 10435
f 10549 10580 10659
f 10581 10580 10548
f 10213 10212 10177
f 10586 10588 10656
f 10305 10428 10226
f 9966 10616 10660
f 10582 10496 10580
f 10410 10241 10384
f 10661 10662 10261
f 10657 10542 10560
f 10663 10664 10225
f 9908 9906 10309
f 10604 10665 10605
f 10624 10637 10600
f 10245 10055 10462
f 10560 10581 10657
f 10062 10061 10666
f 10624 10561 10542
f 9871 9875 9880
f 9899 9887 9907
f 10667 10047 10345
f 10167 10094 10023
f 10494 10154 10669
f 10637 10670 10600
f 9605 9607 10082
f 9841 10438 10200
f 10671 10081 10016
f 10669 10212 10494
f 9927 10663 10224
f 10576 10273 10196
f 9932 9927 9926
f 9711 9710 10517
f 10224 9991 10399
f 9738 10321 9814
f 10672 10673 10674
f 9721 9670 10647
f 10227 9820 9827
f 10144 9846 10159
f 9775 10227 9827
f 10652 10675 10556
f 9782 10645 9833
f 10455 10482 10454
f 9858 10676 10646
f 10513 10479 10476
f 10359 10677 10643
f 10467 9713 9954
f 10074 10678 10514
f 10613 10564 10499
f 10614 10602 10659
f 9696 10679 10680
f 9757 10141 10595
f 10151 10153 10337
f 10681 10493 10302
f 10584 10682 10683
f 10565 10398 10666
f 10595 10684 10685
f 10308 9606 9605
f 10351 10082 10081
f 10234 10434 10431
f 10474 10486 10509
f 10645 9669 10402
f 9804 10686 10063
f 10251 9972 9971
f 10687 10688 9856
f 10483 10540 10544
f 10293 9671 10380
f 10689 9765 9609
f 10568 10560 10561
f 10690 10117 10691
f 10520 10659 10654
f 10692 10141 9829
f 10693 9830 10057
f 9669 10645 9670
f 9764 9763 10694
f 9999 10695 10696
f 10594 10685 9692
f 10579 10313 10192
f 10656 10670 10697
f 10528 10319 10446
f 10216 10378 10217
f 10483 10509 10568
f 10418 10340 10421
f 10541 10624 10542
f 10613 10529 10532
f 10480 10512 10508
f 10355 9685 10485
f 10016 10081 10625
f 10448 10180 10699
f 10700 10673 10701
f 10702 10044 10703
f 10015 10014 10631
f 10149 9615 9848
f 10578 10221 10223
f 10704 10705 10098
f 9829 10140 10692
f 10620 10657 10581
f 9932 10239 10664
f 10642 10502 10504
f 10378 9816 10217
f 10268 10384 10006
f 10706 10707 10708
f 10709 10710 10711
f 10629 10620 10712
f 10155 10467 9626
f 9833 10444 10198
f 10082 10308 9605
f 10713 10315 10314
f 10054 10626 10648
f 10630 10191 10303
f 10657 10620 10629
f 10423 9994 10374
f 10714 10445 10447
f 10511 10588 10587
f 10153 10264 10408
f 10296 10103 10715
f 10549 10659 10520
f 10561 10483 10568
f 10597 10675 10598
f 10695 10716 10696
f 10571 10717 10697
f 10487 10652 10556
f 10422 9903 9675
f 10718 9874 10682
f 10697 10670 10571
f 10459 10458 10469
f 10470 10477 10480
f 10209 10511 10587
f 10659 10580 10497
f 10133 10245 10134
f 10503 10520 10654
f 10670 10637 10569
f 10694 10707 10719
f 10433 10103 10630
f 10720 10446 10721
f 10573 10508 10574
f 10033 10100 10290
f 9610 9609 10181
f 10103 10433 10715
f 10722 10723 10724
f 10725 10102 10397
f 10024 10641 10117
f 10142 9767 10623
f 10726 10727 10728
f 10729 10730 10356
f 10574 10508 10512
f 10530 9987 9837
f 10328 10327 10731
f 10135 10131 10130
f 10302 10493 9842
f 10020 9978 10335
f 10421 9675 9677
f 10732 10271 10320
f 10067 10066 10651
f 10048 10047 10667
f 10566 10573 10588
f 9829 10156 10140
f 9609 9999 10696
f 10678 10693 10057
f 10588 10619 10656
f 10246 9663 9665
f 10084 10065 10075
f 10297 10318 10622
f 10155 10350 10351
f 10447 10733 10714
f 10532 10654 10659
f 10188 10190 10734
f 10095 10094 10124
f 10394 10623 9767
f 10359 10643 10644
f 10735 10736 10737
f 10483 10513 10476
f 10665 10637 10541
f 10393 10621 10394
f 10535 10534 10502
f 10395 10738 10235
f 9829 9830 10693
f 10739 10722 10726
f 10177 10212 10669
f 10455 10474 10482
f 10510 10470 10508
f 10356 10355 10521
f 10642 10535 10502
f 10364 10213 10176
f 10385 9787 10740
f 10598 10653 10642
f 9947 10616 10175
f 10326 10219 10741
f 10679 10742 10743
f 9950 9985 9984
f 9618 10259 9619
f 10079 10693 10678
f 10427 10354 10015
f 10433 10630 10434
f 10716 10695 10744
f 10154 10650 10669
f 10252 10453 10250
f 10735 10328 10731
f 10154 10494 10119
f 10389 9780 10275
f 10292 10607 10386
f 10236 10396 9903
f 10745 10725 10397
f 10034 10732 10320
f 9731 9814 10380
f 9684 9686 10295
f 10746 10747 10748
f 10321 10698 10749
f 9971 10252 10251
f 10695 10186 10744
f 9988 9838 9837
f 9633 9635 10750
f 10751 10717 10570
f 10272 10752 10257
f 10129 9750 10130
f 10670 10569 10571
f 10558 10611 10559
f 10678 10057 9771
f 10292 10291 10607
f 10753 10658 10435
f 9764 10181 9609
f 10597 10613 10499
f 10712 10620 10520
f 10605 10541 10543
f 10754 10755 10717
f 10756 10378 10379
f 10723 10722 10739
f 10622 10621 10297
f 10520 10502 10712
f 10009 9924 10116
f 10757 10276 10278
f 10270 10347 10244
f 10058 10165 10754
f 10727 10679 10743
f 10165 10755 10754
f 10758 10759 10684
f 10571 10570 10717
f 10759 10758 10760
f 10141 10140 10760
f 10528 10446 10720
f 10466 10658 10395
f 10366 10404 10302
f 10046 10358 10370
f 10761 10570 10545
f 10388 10284 10618
f 10535 10653 10545
f 9851 10146 9928
f 10273 10576 9984
f 10565 9985 9949
f 10762 10747 10763
f 9805 9804 10068
f 10764 10381 10749
f 10753 10435 10384
f 10436 10096 10437
f 9757 10594 10592
f 9804 10064 9664
f 10766 10767 10768
f 10260 10769 10770
f 10134 10244 10347
f 10609 9739 10771
f 10347 10270 10382
f 10608 10551 10550
f 10280 10354 10356
f 10685 10684 10742
f 10434 10233 10432
f 10381 10774 10293
f 10362 10060 10363
f 10715 10433 10432
f 10662 10661 10221
f 10221 10661 10222
f 10774 10381 10764
f 10700 10181 9764
f 10206 10205 10289
f 10510 10508 10566
f 10775 10776 10371
f 10524 10486 10472
f 10570 10761 10751
f 9856 9855 10687
f 9832 10491 9779
f 10569 10637 10665
f 10534 10712 10502
f 9965 10004 9811
f 10597 10499 10556
f 10611 10610 10564
f 10431 10677 10359
f 10414 10528 10720
f 10594 10777 10592
f 10598 10675 10761
f 9769 9771 10057
f 10778 10779 10722
f 10700 10694 10719
f 10160 9955 9681
f 10368 10104 10397
f 10766 10768 10734
f 10600 10670 10656
f 10310 10414 10311
f 9711 10004 9680
f 10032 10191 10100
f 10594 10595 10685
f 10156 10158 10415
f 10780 9634 10781
f 10533 10545 10570
f 10103 10397 10104
f 10782 10423 10376
f 10068 9804 9664
f 10760 10775 10759
f 10021 10020 10312
f 10685 10742 9698
f 10605 10665 10541
f 10370 10608 10047
f 10434 10303 10431
f 10338 10411 10410
f 10765 9815 10783
f 9673 10278 10784
f 10394 9767 9766
f 10632 10542 10657
f 10785 10177 10669
f 10604 10569 10665
f 10781 9634 9633
f 10569 10604 10570
f 10279 10281 10419
f 10313 10579 10631
f 10710 10709 10061
f 10031 10338 10254
f 10500 10499 10564
f 10774 10764 10606
f 10662 9946 10261
f 9965 9680 10004
f 10672 10674 10707
f 10605 10543 10632
f 10488 10364 10176
f 10230 10333 10332
f 10190 10326 10741
f 10675 10597 10556
f 9770 10514 9771
f 10669 10650 10785
f 9770 10125 10787
f 10421 10422 9675
f 10148 10149 10106
f 10709 9985 10565
f 10197 9790 10562
f 10362 10490 10710
f 10788 10274 10754
f 9969 10330 9677
f 10539 10575 10513
f 10123 10760 10415
f 10127 10787 10125
f 10331 10012 10011
f 10562 10254 9963
f 10592 10777 10789
f 10407 9964 9963
f 10616 10662 10660
f 10431 9620 10677
f 10347 10400 10134
f 10353 10352 10358
f 10613 10532 10611
f 10506 10501 10505
f 10017 9838 9664
f 10709 10666 10061
f 10401 9994 9996
f 10225 10715 9989
f 9970 10790 10791
f 10003 10128 10322
f 10587 10210 10209
f 9644 10197 9963
f 10701 10768 10767
f 10401 10375 9994
f 10241 10411 10792
f 10526 10793 10794
f 10064 10365 10640
f 10139 10692 10140
f 9816 10687 9817
f 10768 10795 10734
f 10679 10727 10779
f 9780 10650 10208
f 10727 10743 10796
f 10460 10454 10481
f 10631 10427 10015
f 9979 9841 9993
f 10379 10182 10741
f 10726 9855 10739
f 9607 9982 10082
f 10059 10274 10788
f 10277 10449 10402
f 10659 10602 10532
f 9606 10265 9607
f 10545 10653 10761
f 9673 10782 10757
f 9933 10146 10398
f 9999 9998 10186
f 9616 9706 10218
f 10351 9712 10155
f 10656 10599 10600
f 10388 9739 10386
f 10707 10674 10719
f 10603 10533 10604
f 10626 10627 10590
f 10797 10798 10423
f 10318 10297 10076
f 10281 10279 10280
f 10582 10580 10546
f 10177 10785 10178
f 10141 10758 10595
f 10023 10096 10024
f 9788 9787 10385
f 10124 10123 10095
f 10004 9711 10002
f 10449 10375 10402
f 10712 10534 10629
f 10620 10581 10548
f 10176 10799 10488
f 10079 10074 10080
f 9712 10351 10081
f 10785 9779 10780
f 10570 10604 10533
f 10009 10800 10053
f 10454 10482 10481
f 10507 10305 9924
f 9680 9965 9681
f 10068 10801 9805
f 10216 9608 10379
f 10603 10534 10533
f 10144 10212 10211
f 10611 10532 10601
f 10513 10574 10512
f 9855 9817 10687
f 10659 10497 10614
f 10158 10123 10415
f 10760 10123 10776
f 10276 10376 10375
f 10375 10374 9994
f 10097 10798 10797
f 10802 10086 10210
f 10138 10137 10589
f 10683 10090 10585
f 10803 10631 10579
f 10219 10189 10804
f 10567 10251 10250
f 10213 10363 10211
f 10187 10186 9998
f 9748 10143 10142
f 10023 10690 10255
f 10724 10723 10612
f 10050 10257 10174
f 10285 9831 10298
f 9972 10296 10715
f 10739 10804 10723
f 10805 10391 10806
f 10081 10671 9712
f 10760 10776 10775
f 10294 10377 10185
f 10191 10630 10247
f 10315 10626 10054
f 10272 10525 10752
f 10402 9669 10293
f 10372 9816 9818
f 10804 10739 9855
f 10733 10447 10807
f 9925 10808 9923
f 10134 10400 10132
f 10008 10417 9924
f 10809 10441 10774
f 10075 10074 10514
f 10123 10158 10095
f 10808 10807 10810
f 10417 9646 9925
f 10811 10784 10442
f 10684 10595 10758
f 10277 10443 10442
f 9949 9948 10615
f 10074 10067 10080
f 10768 10673 10795
f 10713 10627 10315
f 9984 9983 9858
f 10265 9606 10266
f 9708 10311 10028
f 9756 10789 9646
f 9999 9609 9608
f 10198 9770 9820
f 10016 9663 10671
f 10247 10163 10162
f 10707 10694 10812
f 10171 10150 10813
f 10814 10111 10098
f 10815 10816 10813
f 10815 10322 10816
f 10147 10815 10813
f 9991 10108 10107
f 10150 10147 10813
f 10817 10652 10818
f 10407 10254 10338
f 10322 10323 10003
f 10096 10436 10641
f 10612 10723 10189
f 10398 10062 10666
f 10407 9963 10254
f 10727 10796 9855
f 10819 10820 10821
f 10700 10767 10181
f 10058 10754 10274
f 10315 10668 10316
f 10153 10408 10337
f 10788 10751 10817
f 10822 10697 10755
f 10802 10210 10823
f 10127 10515 10787
f 10123 10122 10776
f 10119 10173 9918
f 10822 10586 10697
f 10688 10378 10756
f 10824 10825 10826
f 10157 10437 10158
f 10755 10824 10822
f 9752 10827 9751
f 10126 10798 10636
f 10515 10127 10635
f 10248 10194 10825
f 10113 10828 10202
f 10086 10828 10113
f 10248 10825 10829
f 10825 10194 10203
f 9694 10594 9692
f 10826 10828 10802
f 9879 9874 10718
f 9778 10248 10829
f 10828 10825 10203
f 10826 10823 10824
f 10827 10829 10824
f 10822 10210 10587
f 10749 10380 10321
f 9778 10829 9752
f 10210 10822 10823
f 10830 10831 10832
f 10833 10830 10832
f 10834 10833 10832
f 10835 10836 10837
f 10831 10451 10832
f 10834 10835 10837
f 10832 10451 10450
f 10455 10451 10831
f 10833 10837 10838
f 10839 10840 10841
f 10837 10833 10834
f 10830 10833 10842
f 10836 10843 10837
f 10843 10838 10837
f 10833 10838 10842
f 10841 10843 10836
f 10834 10832 10450
f 10835 10844 10841
f 10836 10835 10841
f 10841 10844 10839
f 10840 10843 10841
f 10377 10690 10845
f 10744 10185 10845
f 10437 10095 10158
f 10185 10377 10845
f 10157 10651 10437
f 10823 10822 10824
f 10635 10634 10515
f 10782 10276 10757
f 10802 10823 10826
f 10363 10060 10211
f 9752 10829 10827
f 10656 10697 10586
f 9915 10748 10847
f 10284 10393 10618
f 10278 9673 10757
f 10047 10608 10345
f 10203 10202 10828
f 10587 10586 10822
f 10824 10829 10825
f 10802 10828 10086
f 10824 10755 10827
f 10826 10825 10828
f 10618 10771 10388
f 10680 10679 10779
f 10098 10097 10495
f 9811 10004 10323
f 10067 10075 10065
f 10634 10084 10075
f 10182 10767 10766
f 9779 10849 10780
f 9994 10423 10798
f 10352 10369 10358
f 9855 9818 9817
f 9918 10406 10120
f 10096 10095 10437
f 10205 10204 10269
f 10761 10653 10598
f 10294 10185 10850
f 10141 10692 10139
f 10393 9766 10617
f 9998 9608 10216
f 10775 10796 10759
f 10126 9995 10798
f 10780 10178 10785
f 9617 9616 10218
f 10784 10278 10277
f 10781 10799 10178
f 10851 10852 10753
f 10784 10277 10442
f 10853 10854 10855
f 10853 10856 10857
f 10858 10859 10860
f 10854 10858 10855
f 10585 10090 10092
f 9805 10857 10856
f 10184 9915 10847
f 10801 10857 9805
f 10861 10862 10860
f 10645 9996 9833
f 10862 10858 10860
f 10553 10555 10820
f 10858 10862 10863
f 10855 10858 10863
f 10864 10865 10866
f 10867 10855 10863
f 10868 9803 9805
f 10126 10635 10127
f 10869 10855 10867
f 9803 10868 10870
f 10871 10867 10863
f 10869 10873 10870
f 10865 10864 10861
f 10874 9803 10870
f 10873 10869 10875
f 10873 10874 10870
f 10876 10871 10866
f 10877 10873 10875
f 10873 10878 10874
f 10879 10686 9803
f 10880 9803 10874
f 10873 10877 10878
f 9803 10880 10879
f 10640 10881 10121
f 10778 10680 10779
f 9814 10321 10380
f 9633 10488 10799
f 10177 10176 10213
f 10636 10635 10126
f 10862 10864 10871
f 10880 10882 10879
f 10883 10872 10884
f 10880 10878 10882
f 10111 10110 10885
f 10886 10879 10882
f 10686 10887 10888
f 10889 10322 10128
f 10639 10881 10640
f 10853 10890 10854
f 10726 10779 10727
f 10585 10634 10636
f 10645 10402 10401
f 10876 10891 10877
f 9730 10292 10386
f 10892 10886 10882
f 10126 10198 10444
f 10886 10887 10879
f 10888 10887 10893
f 10639 10894 10881
f 10891 10895 10896
f 10889 10816 10322
f 10897 10895 10891
f 10842 10838 10898
f 10896 10895 10899
f 10892 10900 10886
f 10800 10794 10053
f 10864 10862 10861
f 10901 10902 10903
f 10904 10905 10906
f 10889 10881 10907
f 10897 10899 10895
f 10022 9707 10908
f 10909 10886 10900
f 10909 10887 10886
f 9918 10596 10129
f 9915 9914 9900
f 10893 10910 10894
f 10911 10912 10913
f 10914 10915 10916
f 10732 10033 10271
f 10917 10854 10890
f 10918 10919 10892
f 9829 9627 9830
f 10894 10910 10920
f 10909 10921 10887
f 10922 10923 10924
f 10925 10918 10892
f 10920 10926 10907
f 10901 10927 10902
f 10920 10910 10928
f 10930 10919 10931
f 10919 10909 10900
f 9763 10897 10812
f 10442 9674 10811
f 10794 10752 10525
f 10438 9979 10215
f 10932 10038 10933
f 10909 10934 10921
f 10935 10924 10914
f 10857 9862 10853
f 10922 10936 10927
f 10489 10488 9633
f 10925 10892 10899
f 10937 10459 10938
f 10927 10901 10939
f 10940 10941 10931
f 9924 10417 9925
f 10942 10585 10636
f 9932 10664 10663
f 10931 10919 10918
f 10223 10577 10578
f 10839 10943 10944
f 10811 9674 10784
f 9670 9720 9671
f 10945 10946 10926
f 10902 10936 10947
f 10928 10948 10920
f 10898 10936 10916
f 10940 9763 9765
f 10881 10128 10121
f 10909 10919 10934
f 10949 10921 10934
f 10921 10948 10928
f 10930 10950 10919
f 10951 10952 10953
f 10459 10937 10954
f 10801 10068 9862
f 10955 10583 10956
f 10937 10957 10958
f 10109 10111 10814
f 10936 10922 10935
f 10959 10920 10948
f 10921 10928 10887
f 9856 10741 10219
f 10623 10394 10622
f 10441 10443 10774
f 10195 10576 10196
f 10305 10168 10161
f 10960 10957 10946
f 9664 9663 10017
f 9858 9857 9984
f 10707 10706 10672
f 10094 10167 10122
f 10711 10489 9983
f 10099 10955 10097
f 9615 10149 10145
f 10950 10930 10941
f 9620 10431 9618
f 10955 10585 10942
f 9849 10114 10295
f 10898 10830 10842
f 10961 10919 10950
f 10962 10963 10964
f 10748 10965 10966
f 10888 10893 10639
f 10920 10959 10926
f 10495 10423 10814
f 9858 9983 10967
f 10924 10935 10922
f 10647 10968 9721
f 9849 9617 10114
f 10921 10949 10948
f 10116 10115 10009
f 10957 10926 10946
f 10883 10109 10782
f 10855 10856 10853
f 10364 10488 10490
f 10435 10006 10384
f 10941 10930 10931
f 10969 10137 10683
f 9929 10970 10971
f 10958 10954 10937
f 10972 10875 10867
f 10974 10975 10976
f 10450 10459 10954
f 10958 10957 10960
f 10527 10431 10361
f 10979 10959 10948
f 10950 10941 10980
f 10926 10959 10945
f 10919 10961 10934
f 10981 10949 10934
f 10982 10948 10949
f 10708 10812 10876
f 10950 10980 10961
f 10475 10455 10915
f 10708 10707 10812
f 10954 10958 10904
f 10887 10928 10893
f 10978 10559 10971
f 10938 10957 10937
f 10954 10906 10450
f 10983 10971 10602
f 10946 10945 10960
f 10923 10962 10964
f 10035 9834 10308
f 10614 10983 10602
f 10559 10978 10977
f 10984 10475 10985
f 10977 10557 10559
f 10907 10816 10889
f 10986 10948 10982
f 10141 10760 10758
f 10897 10891 10812
f 10961 10981 10934
f 10208 10120 10406
f 10949 10981 10982
f 10952 10961 10980
f 10954 10904 10906
f 10987 10988 10989
f 10893 10894 10639
f 10959 10990 10945
f 10899 10892 10882
f 10818 10783 10788
f 10960 10945 10991
f 10972 10876 10877
f 10971 10983 9929
f 10990 10959 10979
f 10840 10992 10993
f 10835 10834 10905
f 10877 10896 10878
f 10980 10941 10994
f 10196 10049 10051
f 10982 10981 10951
f 10995 10952 10980
f 10925 10940 10931
f 10834 10450 10906
f 10991 10945 10990
f 10198 10125 9770
f 10960 10905 10958
f 10940 10925 10897
f 10696 10716 10996
f 10990 10979 10997
f 10924 10923 10985
f 10932 10691 10117
f 10941 10696 10994
f 10947 10838 10998
f 10218 9706 10214
f 10975 10982 10951
f 9831 10076 10298
f 10614 9898 10983
f 10951 10981 10952
f 9993 10649 10403
f 10854 10917 10859
f 10971 10559 10602
f 10404 10681 10302
f 9644 9964 10263
f 10743 10684 10759
f 10875 10869 10867
f 9929 10973 10970
f 10226 10428 9992
f 9929 9934 10973
f 10931 10918 10925
f 10905 10834 10906
f 10912 10999 10996
f 10995 10994 10996
f 10855 10869 10856
f 10999 10953 10995
f 10905 10960 10991
f 10970 10973 10978
f 10856 10868 9805
f 10995 10980 10994
f 10894 10907 10881
f 10264 10419 10281
f 9763 10940 10897
f 10983 9897 9929
f 10521 10729 10356
f 10036 10066 10085
f 10999 10951 10953
f 10340 10418 10419
f 9859 9858 11000
f 10408 10281 9964
f 10974 10982 10975
f 10986 10974 10997
f 10594 9694 10777
f 11001 10990 10997
f 10905 10844 10835
f 9928 10146 9926
f 10974 10944 10997
f 10907 10894 10920
f 10863 10862 10871
f 10634 10585 10092
f 10912 11002 10913
f 11001 10997 10944
f 10121 10517 10640
f 10911 10913 10975
f 10911 10951 10999
f 10948 10986 10979
f 9918 10173 9919
f 10986 10982 10974
f 10091 10090 10137
f 10845 10716 10744
f 10821 11003 11004
f 10238 9948 10195
f 10521 10355 10485
f 10971 10970 10978
f 11005 10963 11006
f 11006 10962 10922
f 10726 10722 10779
f 10238 10039 10239
f 10728 9855 10726
f 9898 9897 10983
f 10796 9818 9855
f 10844 11001 10943
f 10976 10944 10974
f 10859 10858 10854
f 10810 9923 10808
f 10913 11002 10976
f 10923 10922 10962
f 10986 10997 10979
f 11007 11008 10819
f 10183 10122 10167
f 10947 10993 11009
f 10475 10984 10465
f 10911 10975 10951
f 10996 10999 10995
f 10944 10976 10987
f 11002 10988 10976
f 10926 10957 10816
f 10228 10908 10215
f 9954 10579 10467
f 10928 10910 10893
f 10585 10584 10683
f 10915 10455 10831
f 11002 10989 10988
f 9663 10071 10671
f 9824 10059 10783
f 10899 10897 10925
f 10922 10927 11006
f 10985 10915 10914
f 10956 10585 10955
f 10284 10621 10393
f 10839 10944 10987
f 9862 10857 10801
f 10941 10940 10689
f 10903 10902 11009
f 11002 10912 10989
f 10972 10867 10871
f 10839 10987 10992
f 11008 11010 10819
f 10984 10985 10964
f 10963 10463 10984
f 10916 10915 10831
f 10990 11001 10991
f 10992 11011 10993
f 10716 10989 10912
f 11009 10902 10947
f 10963 10984 10964
f 10887 10686 10879
f 10463 10465 10984
f 10819 11012 10553
f 9996 10645 10401
f 11010 11006 11012
f 10989 10716 11011
f 10962 11006 10963
f 10939 11006 10927
f 10958 10905 10904
f 10876 10866 10708
f 10838 10947 10898
f 10993 11011 11009
f 10896 10899 10882
f 10963 11005 10463
f 10845 11011 10716
f 10888 10639 10686
f 11011 10992 10989
f 10907 10926 10816
f 9636 9900 9637
f 11010 11005 11006
f 10830 10916 10831
f 10936 10902 10927
f 10914 10924 10985
f 11012 10819 11010
f 11004 11007 10819
f 10891 10896 10877
f 10916 10830 10898
f 10691 10903 11009
f 11008 11005 11010
f 10413 10260 10770
f 9861 10853 9862
f 10996 10994 10696
f 10993 10843 10840
f 10939 10638 11012
f 10935 10916 10936
f 10128 10881 10889
f 10747 10885 10763
f 11006 10939 11012
f 10740 9686 9701
f 10866 10871 10864
f 10900 10892 10919
f 10878 10896 10882
f 10843 10993 10998
f 10848 10818 10628
f 10976 10988 10987
f 11009 11011 10845
f 10869 10870 10856
f 10716 10912 10996
f 10880 10874 10878
f 10338 10031 10411
f 10426 10427 10631
f 10853 9861 10890
f 10998 10993 10947
f 11008 10463 11005
f 10328 10735 10737
f 10943 10839 10844
f 10953 10952 10995
f 10939 10901 10903
f 10935 10914 10916
f 10787 10514 9770
f 10972 10877 10875
f 10844 10905 10991
f 11004 10819 10821
f 10985 10923 10964
f 10475 10915 10985
f 10952 10981 10961
f 10856 10870 10868
f 10696 10941 10689
f 10649 9993 9841
f 10944 10943 11001
f 10891 10876 10812
f 10987 10989 10992
f 10689 10940 9765
f 10947 10936 10898
f 10638 10939 10903
f 11009 10690 10691
f 10972 10871 10876
f 10912 10911 10999
f 10840 10839 10992
f 10885 10747 10746
f 10913 10976 10975
f 10339 9903 10422
f 11001 10844 10991
f 10838 10843 10998
f 10903 10691 10638
f 10280 10356 9964
f 10690 11009 10845
f 9959 11013 9872
f 11014 9866 9865
f 11014 9865 11013
f 10523 11013 9959
f 11014 11015 11016
f 9634 10780 10849
f 11017 11015 11014
f 11018 10849 10491
f 11015 11019 11016
f 11017 11013 10522
f 10743 10742 10684
f 10267 10174 10257
f 11016 11019 11020
f 11021 11019 11022
f 10306 11018 10491
f 11019 11023 11024
f 10752 10115 10267
f 11020 11024 11003
f 10034 10648 10304
f 10258 10643 10677
f 10286 10285 10298
f 10751 10761 10817
f 11025 11021 11022
f 10408 10407 10337
f 11015 11017 11022
f 9672 10872 10883
f 11023 11021 10471
f 10814 10423 10782
f 11023 11019 11021
f 11025 10522 10472
f 11026 11024 11023
f 11024 11020 11019
f 9872 11013 9865
f 11014 11013 11017
f 10472 10522 10524
f 11019 11015 11022
f 10522 11025 11022
f 11003 11024 11004
f 11017 10522 11022
f 10471 11026 11023
f 11013 10523 10522
f 10133 10056 10245
f 10471 11025 10472
f 10471 11021 11025
f 11024 11007 11004
f 11027 11026 10471
f 10463 11027 10471
f 11024 11026 11007
f 11026 11027 11007
f 10463 11008 11027
f 11007 11027 11008
f 10478 10505 11028
f 10883 10884 10109
f 10171 11029 10145
f 10817 10761 10675
f 11030 10501 10220
f 10505 11030 11028
f 11029 10171 11031
f 10172 11032 9706
f 10783 10059 10788
f 10781 10178 10780
f 11028 11030 11033
f 11028 11033 11034
f 11035 11036 11033
f 11031 10171 11037
f 10459 11034 10938
f 11035 11038 11036
f 11028 11034 10478
f 10813 10816 11037
f 11038 11032 11029
f 10932 10933 11039
f 11036 11034 11033
f 11032 11035 11030
f 9816 10378 10687
f 11034 11036 10938
f 10584 10806 10391
f 10099 10098 10805
f 10050 10174 9976
f 10813 11037 10171
f 10241 10753 10384
f 10799 10781 9633
f 9706 11032 11030
f 10793 10053 10794
f 11040 11031 11037
f 10172 10145 11029
f 11032 11038 11035
f 11032 10172 11029
f 11038 11031 11040
f 11033 11030 11035
f 10490 10489 10710
f 10389 10076 9781
f 9706 11030 10220
f 11030 10505 10501
f 10957 10938 11037
f 10765 10818 10848
f 10957 11037 10816
f 10469 11034 10459
f 10938 11040 11037
f 11038 11040 11036
f 11040 10938 11036
f 10293 10443 10402
f 10469 10478 11034
f 11031 11038 11029
f 10449 10277 10276
f 9670 9721 9720
f 9776 11000 9777
f 10734 10190 10766
f 10379 10741 10756
f 10385 9700 10160
f 10260 10259 10591
f 9824 10783 9825
f 10170 10161 10168
f 10955 10099 10805
f 10652 10628 10818
f 10711 9985 10709
f 9665 10518 9621
f 10191 10247 10162
f 10733 10807 10808
f 9985 9950 9949
f 10350 10308 10082
f 10404 10231 9970
f 9731 10380 9671
f 10676 9858 10967
f 10243 10851 10753
f 10550 10329 10345
f 10933 10138 11039
f 9991 9990 10108
f 10847 10772 10786
f 10705 10805 10098
f 10966 10965 10019
f 10585 10956 10583
f 10666 10709 10565
f 10846 9674 10442
f 9970 10791 10404
f 10821 10820 10440
f 10790 9970 11041
f 10681 10404 10403
f 10232 10333 10230
f 10799 10176 10178
f 9685 9684 10484
f 10147 10106 9811
f 10771 10618 10617
f 10372 10776 10122
f 9712 10071 9713
f 10607 10285 10387
f 10073 10072 10161
f 9680 9621 9710
f 10416 9707 9709
f 10621 10286 10297
f 10122 10183 10217
f 9674 9673 10784
f 10312 10311 10021
f 10424 10013 10207
f 10710 10061 10362
f 9622 9621 9680
f 10216 10187 9998
f 10215 9978 10228
f 10019 10965 9638
f 10071 9955 9713
f 10788 10817 10818
f 10584 10718 10682
f 10109 10762 10763
f 10810 10446 10319
f 10782 9673 10883
f 10786 10184 10847
f 10783 9815 9825
f 10807 10447 10810
f 10057 9830 9758
f 10276 10782 10376
f 10777 10714 10733
f 10590 9618 10626
f 9634 10849 11042
f 9950 9984 10576
f 10391 10019 10018
f 10320 10648 10034
f 10849 11018 11042
f 10885 10704 10111
f 10749 10381 10380
f 10965 9915 9636
f 10846 10442 10441
f 10804 10189 10723
f 10667 10345 10344
f 9948 10238 10615
f 9633 10750 10489
f 10258 10413 10643
f 10182 10379 9610
f 10137 10090 10683
f 10052 10053 10793
f 10683 10682 10969
f 10031 11043 10411
f 10792 10242 10241
f 10258 10260 10413
f 9710 9621 10518
f 10108 10527 10519
f 10933 10037 10138
f 10591 10769 10260
f 9804 9803 10686
f 10038 10932 10117
f 10965 9636 9638
f 9859 10525 9857
f 10591 10627 10713
f 10772 10748 10773
f 10052 9645 10008
f 10750 9983 10489
f 10109 10884 10762
f 9673 9672 10883
f 10308 10307 9606
f 9990 10234 10108
f 10156 10693 10079
f 10966 10390 10704
f 10335 9978 9980
f 10805 10705 10391
f 9983 10750 10967
f 10315 10054 10056
f 10132 10400 10349
f 10298 10297 10286
f 10805 10583 10955
f 10762 10884 10929
f 10646 10676 10967
f 9915 10965 10748
f 10792 10411 11044
f 10493 11045 9840
f 10805 10806 10583
f 10775 10371 10796
f 10366 10302 10282
f 10432 9990 9989
f 10525 10273 9857
f 10301 10283 10282
f 9780 10389 9781
f 10748 10747 10773
f 10396 10236 10235
f 10440 10682 9874
f 9992 10001 10226
f 10181 10767 10182
f 10275 10131 10389
f 11046 10283 10416
f 10225 10702 10790
f 11014 11016 11047
f 11048 11003 10821
f 9739 9742 9738
f 9874 9869 11020
f 9869 11047 11020
f 11014 11047 9866
f 9866 11047 9869
f 10731 10736 10735
f 9811 10322 10147
f 11020 11047 11016
f 10790 10703 10577
f 9874 11020 11048
f 10929 10773 10762
f 10097 10942 10636
f 11003 11048 11020
f 10742 10679 9698
f 10398 9932 9933
f 10554 10932 11039
f 10664 10043 10225
f 9839 10625 10081
f 10217 9816 10122
f 10783 10818 10765
f 10121 9711 10517
f 10315 10056 10668
f 10714 10777 11049
f 11050 11049 10777
f 10266 10530 9837
f 10304 10626 9618
f 10769 10713 10314
f 10817 10675 10652
f 10689 9609 10696
f 10360 10527 10361
f 10078 9750 9749
f 9971 9970 10231
f 10690 10023 10025
f 9855 9854 10804
f 9975 10616 9966
f 10589 10820 10555
f 11051 10661 10552
f 10754 10751 10788
f 10661 10403 10405
f 10421 9677 10655
f 10108 10234 10527
f 11018 10456 11042
f 9816 10372 10122
f 10525 10526 10794
f 11052 10708 10866
f 10704 10390 10705
f 10808 9925 10789
f 10052 9768 9645
f 10525 9859 9776
f 9779 10785 10650
f 10646 10967 10750
f 10649 10493 10403
f 10344 10329 10328
f 10679 9696 9698
f 9709 11046 10416
f 10281 10408 10264
f 9621 10246 9665
f 9782 10646 10645
f 10355 10354 10427
f 11053 10750 10968
f 10241 10243 10753
f 10640 10516 10064
f 10885 10110 10763
f 9915 9900 9636
f 9854 10219 10804
f 10728 10727 9855
f 10385 10160 9788
f 10908 10228 10022
f 10754 10717 10751
f 10851 10243 10852
f 10596 9845 10519
f 10166 10850 10183
f 10769 10591 10713
f 10137 10969 10589
f 9965 10160 9681
f 10314 10770 10769
f 10708 11052 10706
f 10091 10085 10084
f 10173 10119 10494
f 11018 10306 10457
f 10085 10091 10037
f 10402 10443 10277
f 10397 10567 10745
f 9860 9987 10070
f 9624 10014 10424
f 10777 9694 11050
f 10192 10313 9624
f 10590 10627 10591
f 10643 10413 9807
f 10562 10253 10254
f 10133 10668 10056
f 10770 9743 10413
f 11048 10439 9874
f 10295 10484 9684
f 9699 10426 10803
f 9776 9859 11000
f 9979 9993 9980
f 10132 10325 10133
f 10076 10389 10077
f 9699 9954 9700
f 10263 10633 9644
f 10579 9699 10803
f 10257 10752 10267
f 10772 10847 10748
f 9685 10426 9686
f 10527 10360 10596
f 10519 10527 10596
f 10009 10115 10800
f 10225 10224 10663
f 10737 10344 10328
f 9966 10578 9967
f 10200 10301 10201
f 10152 10005 10346
f 10041 10703 10044
f 11054 10792 11044
f 10703 10041 9967
f 10649 9840 11045
f 9961 9967 10041
f 10044 10042 10041
f 10615 10238 10563
f 9610 10379 9608
f 10012 10424 10010
f 10493 10649 11045
f 10280 10015 10354
f 10702 10043 10044
f 10732 10034 10033
f 10411 11043 11044
f 10242 10792 11054
f 10024 10096 10641
f 10768 10701 10673
f 9623 10246 9621
f 10625 9839 10017
f 9677 10330 10655
f 10262 10356 10730
f 10186 10695 9999
f 9788 10160 9810
f 10160 9965 9810
f 10258 9620 9619
f 10272 10273 10525
f 9833 10198 10227
f 10385 10740 9701
f 9686 10740 9847
f 9955 9954 9713
f 11039 10138 10555
f 10741 10182 10190
f 10129 10360 11055
f 10699 10396 10235
f 10253 10029 10031
f 9847 10295 9686
f 10426 9699 9686
f 10185 10187 10850
f 11056 11055 10644
f 10703 9967 10577
f 10782 10109 10814
f 10106 10149 9798
f 10518 10517 9710
f 9721 10968 9635
f 10521 10484 10729
f 10685 9698 9692
f 10103 10105 10630
f 9707 10416 10200
f 10718 10018 9638
f 10040 10039 10196
f 10616 9947 10662
f 9950 10576 9948
f 10705 10390 10391
f 10746 10704 10885
f 9996 9995 10444
f 10721 10446 10445
f 10054 10462 10055
f 10311 9708 10021
f 9697 9693 9698
f 9695 9693 9697
f 9991 10107 10399
f 9810 9789 9788
f 10553 11012 10638
f 9928 10399 10107
f 10183 10187 10217
f 10116 10305 10161
f 10320 10271 10270
f 10360 10359 11055
f 9643 10197 9644
f 10776 10372 10371
f 10336 10338 10410
f 9923 10810 10319
f 10109 10763 10110
f 10645 10647 9670
f 10038 10436 10036
f 10329 10551 10327
f 10968 10647 11053
f 10285 10607 10291
f 10636 10798 10097
f 10036 10085 10037
f 10577 10223 10790
f 10239 10043 10664
f 10262 9964 10356
f 10764 10749 10698
f 10789 10777 10733
f 10406 9918 10129
f 9807 10413 9808
f 10235 10237 10007
f 10407 10338 10337
f 9945 10174 10267
f 10035 9626 9625
f 10066 10036 10436
f 10384 10336 10410
f 9839 10081 9982
f 10518 9665 10516
f 10359 10644 11055
f 11056 9748 11055
f 10404 10791 10405
f 9807 11056 10644
f 11042 9720 9634
f 10641 10118 10117
f 9918 9845 10596
f 10908 10438 10215
f 10432 9989 10715
f 10273 10049 10196
f 10102 10368 10397
f 10969 10682 10589
f 9927 9932 10663
f 10456 9720 11042
f 10457 10285 10291
f 10771 9739 10388
f 10703 10790 10702
f 10225 10790 11041
f 10820 10589 10440
f 10239 10042 10043
f 10691 10932 10638
f 10345 10608 10550
f 10554 11039 10555
f 10071 9712 10671
f 10710 10489 10711
f 10403 11051 10169
f 10809 10774 10606
f 10578 9966 10660
f 11041 9970 9972
f 10814 10098 10495
f 10552 10661 10261
f 10791 10790 10223
f 10747 10762 10773
f 10303 10434 10630
f 10140 10415 10760
f 9720 9635 9634
f 10403 10661 11051
f 10418 10421 10655
f 10169 9993 10403
f 10022 9708 9707
f 10955 10942 10097
f 10933 10038 10037
f 10052 10793 9768
f 9709 9708 11057
f 10493 10681 10403
f 10584 10391 10018
f 10690 10025 10117
f 9925 9646 10789
f 11000 9858 9782
f 10651 10066 10437
f 10966 10704 10746
f 10042 10239 9962
f 10239 10039 9962
f 10621 10284 10286
f 9846 10107 9844
f 10715 11041 9972
f 10809 10846 10441
f 9749 10367 10318
f 10750 11053 10646
f 10797 10423 10097
f 9949 10563 10565
f 10756 9856 10688
f 10209 10086 10088
f 10704 10098 10111
f 9983 9985 10711
f 10626 10304 10648
f 10444 9995 10126
f 10462 10320 10244
f 10456 11018 10457
f 10075 10515 10634
f 10175 9976 10174
f 9770 9769 9820
f 10005 10152 10151
f 9955 9622 9681
f 10794 10800 10752
f 10648 10320 10462
f 10662 10221 10660
f 10230 9971 10231
f 9818 10796 10371
f 9991 10224 9989
f 10866 10865 11052
f 10810 10447 10446
f 9730 9738 9814
f 10660 10221 10578
f 9827 9820 9768
f 10202 9863 11058
f 10492 10012 10392
f 10222 10791 10223
f 9863 9864 11059
f 10633 11060 11061
f 9864 9794 11059
f 11061 9794 9796
f 9946 10662 9947
f 10730 11059 9794
f 10225 11041 10715
f 10293 10774 10443
f 11059 10730 10729
f 11058 10484 10430
f 10137 10037 10091
f 10023 10094 10096
f 10427 9685 10355
f 10966 10019 10390
f 10730 9794 11061
f 9618 10590 10259
f 10633 11061 9784
f 10236 9903 10339
f 11059 10729 11058
f 11058 9863 11059
f 10730 11060 10262
f 9796 10229 10249
f 10421 10340 10339
f 11061 11060 10730
f 10484 11058 10729
f 10430 10202 11058
f 9796 10249 11061
f 9625 10424 10357
f 9784 11061 10249
f 10314 9744 10770
f 9787 9847 10740
f 11060 10263 10262
f 10194 9863 10202
f 11060 10633 10263
f 9642 9784 10249
f 10115 10752 10800
f 9729 10456 10291
f 10677 9620 10258
f 10608 10373 10551
f 10553 10820 10819
f 10793 10526 9827
f 10180 10396 10699
f 10770 9744 9743
f 9854 9856 10219
f 10827 10755 10165
f 10165 9751 10827
f 10301 10200 10416
f 10755 10697 10717
f 10424 10207 10010
f 9776 9827 10526
f 10084 10634 10092
f 10821 10440 11048
f 9995 9994 10798
f 10699 10179 10448
f 10640 10517 10516
f 9750 11055 9748
f 9748 11056 9807
f 10491 10849 9779
f 10227 9775 9833
f 9851 10107 9846
f 10699 10235 10738
f 9782 9858 10646
f 10583 10806 10584
f 9763 10812 10694
f 10322 10815 10147
f 10295 10430 10484
f 10968 10750 9635
f 10218 10087 9617
f 10157 10079 10067
f 10304 10431 10303
f 9845 9844 10519
f 10759 10796 10743
f 10113 10202 10430
f 10741 9856 10756
f 10151 10337 10336
f 10253 10562 10334
f 10748 10966 10746
f 9765 9764 9609
f 11043 10031 10030
f 10063 10686 10639
f 10255 10690 10377
f 10074 10079 10678
f 9645 9768 9628
f 10068 9838 9988
f 9723 9740 9973
f 10405 10791 10222
f 9795 9977 9997
f 10051 9976 9960
f 10043 10702 10225
f 9614 9755 10026
f 10107 9851 9928
f 10579 9954 9699
f 10554 10638 10932
f 9687 9737 9724
f 10072 9986 9945
f 9614 9783 9755
f 10195 10039 10238
f 9645 10417 10008
f 10256 9767 10142
f 10641 10436 10038
f 9974 10000 9878
f 9724 9723 10026
f 10567 10296 10251
f 9927 10399 9928
f 9895 9691 9718
f 10156 9829 10693
f 10507 10335 9980
f 10069 10229 9997
f 10285 10457 10306
f 10552 10073 11051
f 9704 9630 11062
f 10049 10272 10257
f 10514 10678 9771
f 9730 9729 10292
f 9773 9772 9806
f 10007 10395 10235
f 9729 9731 10456
f 9717 10164 10300
f 10589 10682 10440
f 9821 9746 9822
f 10514 10787 10515
f 9689 11062 9687
f 10767 10700 10701
f 9688 9612 9683
f 10240 9932 10398
f 9687 11062 9737
f 9762 9799 9801
f 9683 9655 9689
f 9638 9879 10718
f 9968 10300 10164
f 9703 9762 9850
f 10199 9822 10045
f 10073 10169 11051
f 9689 9688 9683
f 9739 9741 9742
f 10793 9827 9768
f 9660 9631 9630
f 9990 10432 10233
f 9809 9968 10164
f 10439 11048 10440
f 9665 10064 10516
f 10294 10850 10166
f 10186 10185 10744
f 10700 9764 10694
f 10592 10789 9756
f 10240 10239 9932
f 9755 9754 10026
f 9958 10552 10261
f 9975 9961 9960
f 9707 10438 10908
f 9798 9847 9787
f 9734 9641 9658
f 9720 10456 9731
f 9660 9630 10000
f 9732 9734 9719
f 10172 9706 9705
f 9631 9722 9632
f 9756 9646 9628
f 9861 10070 10288
f 9782 9777 11000
f 11063 9740 9667
f 9993 10169 10001
f 9679 9973 11063
f 10300 9753 9728
f 9750 10129 11055
f 9708 10022 10021
f 10718 10584 10018
f 10000 9974 9639
f 9924 9923 10507
f 10647 10646 11053
f 10069 9642 10249
f 11062 9630 9737
f 11063 9973 9740
f 9662 9667 9740
f 9956 10029 10334
f 9640 9797 9658
f 10673 10719 10674
f 9708 10027 11057
f 10405 10222 10661
f 9819 10248 9778
f 10091 10084 10092
f 10085 10066 10065
f 9689 9655 9704
f 10282 10232 10366
f 10285 10284 10387
f 10190 10182 10766
f 9726 9691 9895
f 9795 10229 9796
f 9790 10334 10562
f 9649 9828 9718
f 10803 10426 10631
f 10334 10029 10253
f 9679 9667 9678
f 9679 11063 9667
f 10207 10655 10011
f 10000 9704 9878
f 11044 11043 10030
f 9668 9703 9667
f 10688 10687 10378
f 9761 9800 9826
f 9624 10424 9625
f 10650 9780 9779
f 10808 10789 10733
f 10183 10850 10187
f 10341 10346 10339
f 10026 9723 9614
f 9689 9704 11062
f 10129 10275 10406
f 9651 9687 9724
f 9631 9662 9740
f 9838 10068 9664
f 10150 10149 10148
f 9878 9640 9974
f 10639 10365 10063
f 10299 9835 9834
f 10655 10207 10418
f 10673 10700 10719
