# base of bin.obj (continuous mesh)
# 6882 vertices, 11402 faces

v 0.212387 0.012419 -0.073114
v 0.213996 0.014299 -0.076870
v 0.214539 0.015221 -0.074694
v 0.202915 0.013506 -0.063160
v 0.184630 0.010523 -0.069615
v 0.203247 0.012461 -0.065769
v 0.197523 0.014955 -0.053733
v 0.200374 0.014283 -0.059902
v 0.200837 0.015388 -0.052424
v 0.202182 0.015478 -0.055678
v 0.201960 0.015189 -0.054153
v 0.201749 0.015385 -0.055225
v 0.200649 0.015126 -0.053287
v 0.206085 0.009787 -0.075067
v 0.205797 0.010653 -0.070837
v 0.204664 0.014681 -0.059986
v 0.208214 0.012834 -0.067883
v 0.203908 0.015133 -0.058138
v 0.207833 0.013690 -0.065028
v 0.204716 0.015036 -0.058801
v 0.203964 0.015048 -0.057258
v 0.203004 0.015073 -0.055839
v 0.202899 0.014986 -0.056947
v 0.203790 0.015255 -0.058306
v 0.211114 0.012696 -0.070691
v 0.213548 0.016015 -0.072805
v 0.213012 0.016156 -0.071731
v 0.207379 0.015326 -0.063388
v 0.207004 0.014146 -0.063784
v 0.202779 0.016099 -0.056965
v 0.204088 0.016223 -0.058687
v 0.208378 0.016531 -0.064483
v 0.206407 0.015963 -0.061762
v 0.212926 0.015294 -0.071115
v 0.212176 0.014299 -0.069911
v 0.213172 0.014722 -0.071735
v 0.212254 0.013779 -0.070364
v 0.212446 0.015827 -0.070671
v 0.211671 0.016078 -0.069697
v 0.211777 0.014913 -0.069250
v 0.210723 0.015558 -0.067978
v 0.210825 0.014494 -0.068103
v 0.205004 0.015744 -0.060021
v 0.201250 0.017074 -0.054774
v 0.209569 0.015529 -0.066321
v 0.214322 0.016392 -0.074142
v 0.208986 0.015016 -0.065022
v 0.213189 0.013876 -0.072009
v 0.200405 0.016231 -0.053325
v 0.213858 0.014871 -0.073229
v -0.082101 0.012802 -0.131471
v -0.084290 0.013730 -0.128319
v -0.082451 0.015359 -0.133873
v -0.079528 0.016745 -0.140008
v -0.077769 0.014497 -0.140696
v -0.122109 0.015000 -0.070581
v -0.120975 0.016889 -0.074016
v -0.119637 0.013906 -0.073429
v -0.123504 0.017316 -0.070290
v -0.118583 0.016943 -0.077462
v -0.117370 0.014477 -0.077725
v -0.123760 0.014101 -0.066451
v -0.107086 0.016302 -0.097191
v -0.106620 0.014958 -0.096574
v -0.110207 0.017091 -0.092056
v -0.126027 0.015563 -0.065310
v -0.112809 0.016467 -0.086472
v -0.113521 0.013489 -0.081763
v -0.116024 0.016479 -0.081198
v -0.104120 0.015480 -0.101869
v -0.104888 0.016989 -0.101564
v -0.108771 0.013610 -0.089689
v -0.114682 0.011879 -0.072097
v -0.105450 0.011182 -0.085451
v -0.119512 0.012058 -0.065286
v -0.081814 0.009520 -0.120987
v -0.086714 0.014131 -0.125140
v -0.100558 0.011694 -0.101269
v -0.099109 0.014228 -0.108266
v -0.094227 0.011205 -0.111902
v -0.092014 0.012638 -0.115196
v -0.074581 0.012561 -0.143854
v -0.090616 0.015811 -0.120428
v 0.171496 0.014901 -0.010152
v 0.170733 0.014894 -0.008880
v 0.171459 0.014277 -0.009820
v 0.169817 0.013333 -0.005654
v 0.171441 0.013674 -0.007720
v 0.169446 0.013674 -0.005387
v 0.161213 0.012996 0.007704
v 0.160865 0.011567 0.006593
v 0.165834 0.012480 0.000630
v 0.153547 0.007424 -0.038592
v 0.184630 0.010523 -0.069615
v 0.171026 0.006027 -0.045469
v 0.168042 0.013522 -0.003315
v 0.168507 0.013163 -0.003646
v 0.169036 0.013422 -0.004583
v 0.171752 0.013925 -0.008998
v 0.170268 0.013907 -0.007870
v 0.169544 0.013858 -0.006447
v 0.167393 0.013614 -0.003615
v 0.166276 0.014442 -0.002446
v 0.165344 0.013650 -0.000904
v 0.159278 0.018183 0.007699
v 0.164724 0.013910 0.000258
v 0.164740 0.014818 0.000139
v 0.180763 0.012694 -0.027477
v 0.178691 0.008413 -0.033335
v 0.164742 0.013549 0.001014
v 0.164454 0.013580 0.000767
v 0.156378 0.009135 -0.000533
v 0.171050 0.006545 -0.030885
v 0.170608 0.011288 -0.010327
v 0.164107 0.013876 0.001254
v 0.166789 0.013297 -0.001271
v 0.165499 0.013103 0.001112
v 0.170457 0.016457 -0.008609
v 0.164062 0.017771 0.000565
v 0.161585 0.017114 0.004657
v 0.163159 0.015532 0.002623
v 0.166261 0.015942 -0.002352
v 0.163188 0.014180 0.002633
v 0.163599 0.013548 0.002354
v 0.167694 0.014668 -0.004694
v 0.165198 0.013425 0.001112
v 0.164178 0.013310 0.003050
v 0.171330 0.014069 -0.009206
v 0.166359 0.013423 -0.001306
v 0.169119 0.014731 -0.006635
v 0.160568 0.013761 0.006913
v 0.163109 0.013634 0.004137
v 0.162439 0.013761 0.004220
v 0.162714 0.013357 0.005363
v 0.163474 0.013148 0.004283
v 0.169653 0.015825 -0.007221
v 0.172691 0.013804 -0.010925
v 0.161218 0.013646 0.007469
v 0.167862 0.016330 -0.004972
v 0.170959 0.013969 -0.008561
v 0.161714 0.014686 0.004861
v 0.170643 0.013000 -0.006249
v 0.172531 0.012927 -0.008811
v 0.175101 0.013078 -0.012901
v 0.159798 0.015409 0.007528
v 0.170280 0.014495 -0.008052
v 0.168532 0.012747 -0.003231
v 0.174483 0.013616 -0.012637
v 0.109716 0.007781 -0.100721
v 0.173722 0.013671 -0.012660
v -0.030853 0.014952 -0.008105
v -0.033364 0.014947 -0.010514
v -0.035307 0.015007 -0.005413
v -0.020580 0.014974 -0.005988
v -0.017173 0.014911 -0.010927
v -0.021601 0.015022 -0.009927
v -0.019955 0.015128 -0.030664
v -0.018779 0.015092 -0.027128
v -0.014887 0.015164 -0.028386
v 0.080501 0.015528 0.115311
v 0.079584 0.015363 0.113546
v 0.078866 0.015288 0.116754
v 0.071618 0.015392 0.016999
v 0.068809 0.015402 0.014211
v 0.068240 0.015409 0.016255
v 0.061722 0.015303 0.136274
v 0.060582 0.015332 0.132531
v 0.058889 0.015339 0.136542
v 0.019094 0.015190 0.095880
v 0.015593 0.015217 0.093683
v 0.015591 0.015190 0.097618
v 0.007262 0.015189 0.089659
v 0.009891 0.015170 0.095636
v 0.012579 0.015194 0.090423
v 0.004518 0.015279 0.093143
v 0.005165 0.015260 0.096264
v 0.057795 0.015447 -0.012096
v 0.061300 0.015442 -0.016278
v 0.058208 0.015382 -0.018610
v -0.022011 0.015066 0.098449
v -0.019134 0.015107 0.101449
v -0.017804 0.015059 0.097721
v -0.026054 0.014986 -0.007947
v -0.028209 0.014986 -0.012483
v 0.065881 0.015226 0.029541
v 0.069875 0.015445 0.033772
v 0.070841 0.015385 0.029288
v 0.043704 0.015543 0.100134
v 0.041615 0.015425 0.098452
v 0.041685 0.015485 0.101791
v 0.022977 0.014962 0.033652
v 0.025330 0.015149 0.030562
v 0.021146 0.015130 0.028850
v 0.026715 0.014970 0.071470
v 0.024692 0.014948 0.073928
v 0.026748 0.015062 0.076226
v 0.053693 0.015499 0.133645
v 0.055590 0.015322 0.137128
v 0.059918 0.015480 0.056001
v 0.058784 0.015466 0.060297
v 0.061176 0.015427 0.059922
v 0.062122 0.015268 0.031274
v 0.063704 0.015259 0.032924
v 0.088470 0.015718 0.105250
v 0.073998 0.015632 0.040828
v 0.069946 0.015698 0.039433
v 0.071254 0.015714 0.043736
v 0.059677 0.015508 0.063260
v 0.056516 0.015451 0.062749
v 0.077411 0.015490 0.019161
v 0.081380 0.015555 0.017510
v 0.080092 0.015517 0.015223
v 0.052085 0.015158 0.035043
v 0.049279 0.015104 0.031397
v 0.047426 0.015047 0.035125
v 0.082360 0.015644 0.098859
v 0.083767 0.015666 0.096793
v 0.079628 0.015728 0.096532
v 0.076982 0.015515 0.044762
v 0.080796 0.015493 0.041700
v 0.077995 0.015489 0.039494
v 0.081216 0.015590 0.045623
v 0.031208 0.015042 0.038423
v 0.033035 0.015029 0.034716
v 0.028110 0.015024 0.034799
v -0.014762 0.015101 -0.019981
v -0.011249 0.014999 -0.017465
v -0.012277 0.015032 -0.022960
v 0.040966 0.015331 0.083228
v 0.042164 0.015366 0.083204
v 0.041791 0.015263 0.081648
v -0.034296 0.015084 -0.023090
v -0.032356 0.015076 -0.016860
v -0.027629 0.014996 -0.023379
v -0.026492 0.015075 -0.017247
v 0.089443 0.015345 0.100878
v 0.087993 0.015300 0.099542
v 0.086233 0.015291 0.103641
v 0.062120 0.015566 -0.012573
v 0.031225 0.015728 0.115187
v 0.028911 0.015417 0.110398
v 0.028527 0.015696 0.114128
v -0.000293 0.015246 0.090625
v 0.001210 0.015249 0.095638
v 0.042281 0.015208 0.011317
v 0.037140 0.015120 0.014337
v 0.041541 0.015182 0.017136
v 0.093383 0.015443 0.097358
v 0.094418 0.015990 0.098390
v 0.094746 0.015720 0.096804
v 0.032569 0.015640 0.112688
v 0.064542 0.015298 0.129872
v 0.061498 0.015408 0.129490
v 0.062932 0.015755 0.142613
v 0.063725 0.015496 0.140999
v 0.060812 0.015550 0.142067
v 0.005378 0.015177 0.112703
v 0.005770 0.015196 0.115801
v 0.008146 0.015256 0.112616
v 0.066210 0.015388 0.117041
v 0.061514 0.015668 0.117786
v 0.063543 0.015531 0.119797
v 0.014544 0.015130 0.035721
v 0.017181 0.015094 0.032615
v 0.012868 0.015176 0.033432
v 0.028243 0.015059 0.055766
v 0.031367 0.015022 0.051624
v 0.026585 0.015100 0.051771
v 0.078581 0.014956 0.121145
v 0.077392 0.014847 0.122820
v 0.078960 0.014953 0.123262
v 0.077255 0.014838 0.128109
v 0.077093 0.015570 0.128976
v 0.077881 0.015925 0.127600
v 0.061255 0.015550 0.121554
v 0.057123 0.015544 0.124314
v 0.062197 0.015418 0.125984
v 0.026363 0.015062 -0.004484
v 0.030047 0.015156 -0.006054
v 0.025910 0.015189 -0.006926
v 0.021514 0.015491 0.112208
v 0.020099 0.015336 0.110077
v 0.018911 0.015454 0.113711
v 0.102634 0.015276 0.076979
v 0.100579 0.015333 0.076306
v 0.099574 0.015388 0.079166
v 0.011348 0.015214 0.110338
v 0.015997 0.015244 0.108745
v 0.012695 0.015227 0.106103
v 0.029697 0.015102 0.060400
v 0.032477 0.015107 0.056982
v 0.090123 0.015249 0.089099
v 0.094810 0.015288 0.087285
v 0.092810 0.015390 0.084228
v 0.024823 0.014868 0.036671
v 0.029126 0.015220 0.089858
v 0.026951 0.015071 0.092156
v 0.031470 0.015316 0.091513
v 0.064277 0.015577 0.112891
v 0.067808 0.015605 0.107868
v -0.038489 0.015052 -0.000123
v -0.033183 0.015145 0.001600
v 0.038746 0.015411 0.088700
v 0.036292 0.015284 0.085631
v 0.035416 0.015371 0.090310
v 0.072085 0.014671 0.135677
v 0.073242 0.014830 0.136487
v 0.073633 0.014583 0.135059
v 0.031344 0.015029 0.065064
v 0.034443 0.015085 0.062122
v 0.025091 0.015062 0.047342
v 0.026742 0.014900 0.041418
v 0.021108 0.015014 0.044985
v 0.057250 0.015508 0.143848
v 0.127971 0.015544 0.043555
v 0.088871 0.015648 0.083696
v 0.053218 0.015532 0.142179
v 0.057615 0.015381 0.140001
v 0.075426 0.014892 0.131613
v 0.076111 0.014918 0.130156
v 0.075002 0.014703 0.130686
v 0.076966 0.014736 0.124653
v 0.091150 0.015261 0.098336
v 0.037667 0.015098 0.020439
v 0.033612 0.015137 0.018080
v 0.033260 0.015026 0.022131
v 0.051805 0.015401 -0.011687
v 0.045299 0.015333 -0.010956
v 0.050026 0.015450 -0.008814
v 0.050700 0.015639 0.135464
v 0.052472 0.015473 0.136853
v 0.051284 0.015537 0.139547
v 0.049052 0.015649 0.137494
v 0.045796 0.015093 0.032067
v 0.072197 0.015456 0.105094
v 0.068843 0.015732 0.103402
v 0.121576 0.016001 0.056747
v 0.069256 0.015385 0.112663
v 0.069846 0.015193 0.128939
v 0.067202 0.015314 0.126087
v 0.066899 0.015074 0.133503
v 0.035914 0.015053 0.024514
v 0.101048 0.015605 0.084628
v 0.101322 0.015494 0.083186
v 0.098975 0.015317 0.084731
v -0.021399 0.015156 -0.019903
v 0.046706 0.015587 0.070732
v 0.051104 0.015536 0.068503
v 0.065215 0.015531 -0.015734
v 0.051410 0.015623 0.082290
v 0.054331 0.015406 0.139204
v 0.055828 0.015499 0.128852
v -0.025648 0.015098 -0.030512
v -0.022013 0.014984 -0.026069
v 0.033649 0.015161 -0.009043
v 0.029716 0.015206 -0.011428
v 0.033659 0.015138 -0.012892
v 0.010318 0.015303 0.114953
v 0.026530 0.014996 0.066535
v 0.030354 0.015032 0.068887
v -0.022402 0.015102 -0.013680
v -0.016740 0.015126 -0.016525
v 0.075008 0.015519 0.100859
v 0.066673 0.015759 0.141868
v 0.077860 0.014983 0.127304
v 0.025709 0.015251 -0.009582
v 0.079830 0.015513 0.119736
v 0.078945 0.015207 0.119036
v -0.042810 0.015025 -0.004680
v 0.062194 0.015371 0.138893
v 0.071186 0.015187 0.125811
v 0.070225 0.015232 0.123425
v 0.082796 0.015362 0.103183
v 0.079465 0.015355 0.104042
v 0.082469 0.015345 0.105710
v 0.098703 0.015735 0.088017
v 0.099587 0.015553 0.086241
v 0.097352 0.015480 0.087582
v 0.049058 0.015476 -0.016560
v 0.014708 0.015010 0.077497
v 0.013884 0.015093 0.072597
v 0.011361 0.015052 0.075295
v 0.014309 0.015371 0.112836
v 0.068469 0.014887 0.135849
v 0.066800 0.015020 0.136616
v 0.066656 0.015350 0.121795
v 0.071507 0.015246 0.121084
v 0.071877 0.015239 0.117203
v 0.054025 0.015489 -0.015985
v 0.021803 0.015289 0.107339
v 0.024153 0.015426 0.111114
v 0.025097 0.015310 0.107819
v 0.023225 0.014967 0.069120
v 0.042103 0.015036 0.029835
v 0.043344 0.015059 0.035530
v 0.070267 0.014812 0.134519
v 0.070092 0.014836 0.136573
v -0.036713 0.015017 -0.013271
v 0.014944 0.015285 0.104434
v 0.017201 0.015269 0.105092
v 0.084678 0.015478 0.100331
v 0.095241 0.015544 0.093285
v 0.096148 0.015843 0.093356
v 0.096250 0.015644 0.091444
v -0.030520 0.015050 -0.004431
v 0.094688 0.015567 0.079645
v 0.097551 0.015539 0.075364
v 0.066425 0.015204 0.139548
v 0.081403 0.015621 0.112708
v 0.071632 0.015541 0.010462
v 0.123985 0.015718 0.053045
v 0.122661 0.015469 0.054058
v 0.123282 0.015867 0.054399
v 0.059257 0.015444 0.128643
v 0.068268 0.014913 0.137630
v -0.002766 0.015193 0.099546
v 0.000633 0.015128 0.099367
v -0.001973 0.015167 0.096869
v 0.082564 0.015633 0.092916
v 0.074375 0.014759 0.134141
v 0.073252 0.014700 0.133511
v 0.074655 0.014997 0.122665
v 0.074191 0.015076 0.119795
v -0.013833 0.015006 -0.013903
v 0.089657 0.015432 0.102244
v 0.091243 0.015491 0.100400
v 0.074444 0.014696 0.132393
v 0.073955 0.014758 0.131590
v 0.019058 0.015222 0.107029
v 0.071549 0.015430 0.108969
v 0.074182 0.015319 0.111868
v 0.074789 0.015343 0.108025
v -0.012127 0.015261 0.110794
v -0.006783 0.015154 0.111362
v -0.008078 0.015265 0.107467
v 0.075156 0.015076 0.117948
v 0.105262 0.015125 0.074901
v 0.105315 0.015321 0.077619
v 0.108025 0.015287 0.075589
v 0.064832 0.015719 0.142005
v 0.040783 0.015544 0.107441
v 0.037224 0.015619 0.108090
v 0.035964 0.015255 0.077142
v 0.038428 0.015284 0.080913
v 0.037832 0.015281 0.078044
v 0.031314 0.015380 0.106532
v 0.033971 0.015558 0.109945
v 0.034699 0.015425 0.106095
v -0.040000 0.015084 -0.024750
v -0.039604 0.015091 -0.018780
v 0.025857 0.015656 0.114561
v -0.006535 0.015054 0.087609
v -0.007938 0.014971 0.084321
v -0.009770 0.015039 0.088786
v -0.003817 0.015064 0.086091
v -0.005057 0.014970 0.081221
v 0.091350 0.015703 0.101678
v 0.071416 0.014934 0.132009
v 0.074268 0.014803 0.129682
v -0.017426 0.015154 -0.020196
v -0.017314 0.015093 -0.023720
v 0.076243 0.014626 0.129086
v 0.024289 0.014859 0.061541
v 0.022902 0.014911 0.065773
v 0.022357 0.015252 0.097342
v 0.022617 0.015116 0.093766
v 0.027831 0.015171 0.085296
v 0.025553 0.015192 0.081422
v 0.024297 0.015157 0.085698
v 0.084907 0.015564 0.088313
v 0.078876 0.015329 0.107939
v 0.076470 0.015314 0.109838
v 0.079878 0.015469 0.117475
v 0.076504 0.015146 0.115607
v -0.036396 0.014946 -0.009453
v 0.038341 0.015172 -0.015293
v 0.032045 0.015313 -0.017167
v 0.043907 0.015556 0.101786
v 0.042962 0.015494 0.101420
v 0.043589 0.015308 -0.016567
v 0.040819 0.015265 -0.020508
v 0.029340 0.015243 -0.014967
v 0.063109 0.015189 0.026384
v 0.060733 0.015268 0.028298
v 0.080661 0.015457 0.100771
v -0.039491 0.014926 -0.009151
v 0.038168 0.015244 -0.009691
v 0.077878 0.015294 0.111565
v 0.071624 0.014658 0.137373
v 0.069753 0.014872 0.138717
v 0.075870 0.014755 0.128006
v 0.060068 0.015213 0.024289
v 0.079486 0.016184 0.124211
v 0.092509 0.015154 0.095478
v 0.094264 0.015294 0.093056
v 0.092233 0.015122 0.092049
v 0.067649 0.015480 0.141203
v 0.067947 0.016597 0.142230
v 0.119668 0.015755 0.058857
v 0.014335 0.014972 0.022100
v 0.018300 0.014977 0.019055
v 0.013567 0.014933 0.017383
v 0.007044 0.015180 0.109936
v 0.004423 0.015121 0.105854
v 0.002361 0.015189 0.110239
v 0.004522 0.015097 0.101420
v -0.000280 0.015118 0.103001
v 0.031992 0.015156 0.086389
v 0.030857 0.015331 0.088969
v 0.032565 0.015277 0.089233
v 0.019033 0.015261 0.099607
v 0.016710 0.015219 0.102200
v 0.019932 0.015266 0.103828
v 0.074780 0.014725 0.132985
v 0.074366 0.015597 0.134904
v 0.075383 0.016445 0.133034
v 0.074991 0.015395 0.133497
v 0.010834 0.015224 0.081045
v 0.008639 0.015199 0.082268
v 0.011848 0.015178 0.083584
v 0.009156 0.015142 0.106620
v 0.128965 0.015558 0.040980
v 0.022799 0.015347 0.101004
v 0.002876 0.015178 0.113671
v 0.075503 0.015440 0.132382
v 0.077090 0.014864 0.121627
v 0.076990 0.015007 0.119408
v 0.030621 0.015328 0.095923
v 0.031924 0.015403 0.094049
v 0.029973 0.015232 0.093842
v 0.019909 0.014840 0.061146
v 0.021091 0.014867 0.064428
v 0.092847 0.015582 0.099192
v 0.110583 0.016117 0.074816
v 0.035365 0.015392 -0.020480
v 0.050776 0.015251 0.021383
v 0.048225 0.015324 0.025003
v 0.052254 0.015225 0.025777
v 0.019362 0.015156 0.091934
v 0.016491 0.015212 0.090138
v -0.025798 0.015024 0.097057
v -0.025122 0.015089 0.101576
v 0.077193 0.014621 0.126638
v 0.127175 0.015520 0.045784
v 0.047442 0.015208 0.019013
v 0.046274 0.015343 0.021933
v -0.001241 0.015124 0.077357
v -0.006006 0.015075 0.077626
v 0.022115 0.015156 0.050924
v 0.023905 0.014991 0.055920
v -0.015643 0.015128 -0.035419
v -0.021508 0.015180 -0.035244
v 0.007983 0.015100 0.075989
v 0.011300 0.015095 0.078374
v 0.026912 0.015586 0.112682
v 0.031998 0.015107 0.026611
v 0.028511 0.015057 0.022721
v 0.051623 0.015248 0.010577
v 0.054659 0.015195 0.010587
v 0.053166 0.015294 0.007555
v 0.070665 0.015560 0.139798
v 0.071432 0.015008 0.138575
v 0.082647 0.015423 0.107944
v 0.030013 0.015167 0.030645
v 0.025854 0.015194 0.026614
v 0.078494 0.015595 0.126261
v 0.079461 0.015206 0.121711
v 0.034474 0.015139 0.073694
v 0.031436 0.015170 0.077307
v 0.073187 0.015371 0.021981
v 0.069667 0.015338 0.021240
v 0.069970 0.015310 0.025376
v -0.003180 0.015251 0.102302
v 0.039688 0.015255 0.076187
v 0.042160 0.015291 0.072163
v 0.037953 0.015201 0.072703
v 0.004719 0.015052 0.083729
v 0.005182 0.015170 0.078259
v 0.045693 0.015281 0.016000
v 0.086845 0.015381 0.093378
v 0.090118 0.015626 0.103089
v -0.017096 0.015079 0.100053
v 0.079861 0.015901 0.122683
v 0.068518 0.015659 0.043787
v 0.008611 0.015179 0.079305
v 0.044771 0.015549 0.097064
v 0.078792 0.015508 0.024426
v 0.081162 0.015527 0.020594
v 0.089620 0.015175 0.095880
v 0.086637 0.015440 0.097382
v 0.081135 0.015476 0.110533
v 0.001073 0.015173 0.116419
v 0.000106 0.015241 0.112729
v 0.089531 0.015145 0.092847
v 0.038384 0.015399 0.104400
v 0.082629 0.015738 0.111017
v 0.078502 0.014786 0.125159
v 0.068279 0.015442 0.056583
v 0.070417 0.015447 0.055677
v 0.069128 0.015456 0.054648
v 0.033818 0.015217 0.081492
v 0.091803 0.015546 0.081986
v 0.080061 0.015810 0.121254
v -0.009040 0.015338 0.101661
v -0.012476 0.015286 0.105679
v 0.075231 0.015732 0.060173
v 0.074525 0.015693 0.055257
v 0.069597 0.015482 0.059040
v 0.056232 0.015383 0.059528
v 0.052757 0.015418 0.062146
v 0.076042 0.015449 0.023067
v 0.008944 0.015059 0.071883
v 0.003428 0.015083 0.073346
v 0.085462 0.015536 0.107158
v 0.084191 0.015393 0.106367
v 0.079603 0.015360 0.122454
v 0.080893 0.015877 0.117081
v 0.092432 0.015807 0.100511
v 0.074293 0.014911 0.126615
v 0.067464 0.015374 0.011740
v 0.046460 0.015383 0.079615
v 0.046866 0.015429 0.081898
v 0.049002 0.015546 0.079410
v 0.021541 0.014857 0.038020
v 0.050697 0.015279 0.003371
v 0.048550 0.015430 -0.001922
v 0.046043 0.015254 0.001968
v 0.065508 0.015343 0.015447
v 0.066862 0.015319 0.018975
v 0.083663 0.015722 0.109445
v 0.095308 0.015385 0.090142
v 0.097173 0.015329 0.082837
v 0.094640 0.015462 0.095002
v 0.013989 0.015004 0.039630
v 0.010880 0.015048 0.036745
v 0.088605 0.015515 0.104026
v 0.042140 0.015128 0.003246
v 0.043662 0.015293 -0.000504
v 0.102128 0.015209 0.073776
v 0.032917 0.015198 0.014706
v 0.030826 0.015263 0.016526
v 0.087680 0.015975 0.106587
v 0.042846 0.015359 -0.004969
v 0.048354 0.015522 -0.006278
v 0.118117 0.015703 0.062310
v 0.119083 0.015836 0.060549
v 0.033181 0.015324 0.101107
v 0.033910 0.015328 0.097906
v 0.031466 0.015303 0.098502
v 0.042396 0.015223 0.021471
v 0.044230 0.015283 0.025246
v 0.013954 0.015109 0.081454
v 0.066773 0.015385 0.057948
v -0.014330 0.015121 0.084440
v -0.010108 0.015126 0.078473
v 0.018994 0.015057 0.070583
v 0.020799 0.014956 0.066866
v 0.017780 0.015010 0.064977
v 0.046891 0.015508 0.085545
v 0.017433 0.014998 0.038185
v 0.017053 0.015024 0.042570
v 0.018730 0.014944 0.078884
v 0.016115 0.015035 0.080080
v 0.122303 0.015638 0.055225
v 0.025197 0.015174 0.095683
v 0.027931 0.015215 0.095323
v 0.058477 0.015211 0.012305
v 0.056081 0.015130 0.018069
v 0.061035 0.015213 0.015686
v 0.050229 0.015078 0.016883
v 0.068855 0.015382 0.140597
v 0.046728 0.015222 0.028684
v 0.008856 0.015111 0.100598
v 0.010913 0.015175 0.103625
v 0.013357 0.015268 0.100863
v 0.097048 0.015605 0.089299
v 0.102957 0.015556 0.081733
v 0.102821 0.015416 0.079517
v 0.100595 0.015366 0.081789
v 0.023197 0.014937 0.072193
v 0.021900 0.015000 0.075336
v 0.066676 0.015478 0.056432
v 0.064153 0.015463 0.057382
v 0.125667 0.015354 0.047677
v 0.126852 0.015553 0.047131
v 0.056282 0.015175 0.027730
v 0.052241 0.015166 0.029933
v 0.061940 0.015565 -0.007935
v 0.058269 0.015425 -0.007184
v 0.009659 0.015067 0.068593
v 0.013454 0.015095 0.067642
v 0.008726 0.015099 0.064724
v 0.057924 0.015449 0.054182
v 0.055917 0.015439 0.056128
v 0.024086 0.015083 -0.001105
v 0.018863 0.015057 -0.000273
v 0.021850 0.015085 0.002870
v 0.048161 0.015571 0.077058
v 0.047451 0.015627 0.074291
v 0.021249 0.015161 -0.005842
v 0.006506 0.015130 0.098547
v 0.036209 0.015206 -0.005128
v 0.107800 0.015195 0.073134
v 0.041996 0.015204 0.078686
v 0.044096 0.015308 0.080515
v 0.028476 0.015157 -0.001167
v 0.026419 0.015200 0.002914
v 0.125441 0.015408 0.049634
v 0.126792 0.015734 0.048508
v -0.012258 0.015127 0.092238
v -0.006319 0.015199 0.094858
v 0.106074 0.015719 0.078911
v 0.107306 0.015560 0.077396
v 0.042961 0.015361 0.084719
v 0.043825 0.015490 0.087200
v 0.061991 0.015186 0.019682
v 0.058275 0.015220 0.021274
v 0.043945 0.015303 0.068598
v 0.021151 0.014918 0.058278
v 0.044592 0.015548 0.093716
v 0.040458 0.015424 0.092553
v 0.042280 0.015434 0.095665
v -0.004365 0.015206 0.089571
v -0.006432 0.015144 0.089944
v 0.017642 0.015008 0.075163
v 0.076271 0.015555 0.035352
v 0.072693 0.015569 0.036309
v 0.060238 0.015139 0.043775
v 0.056097 0.015166 0.045681
v 0.061775 0.015215 0.048042
v 0.120511 0.015630 0.056539
v -0.000115 0.015017 0.084313
v 0.045232 0.015342 0.065041
v 0.047477 0.015485 0.067621
v 0.058556 0.015227 0.031681
v 0.077553 0.015520 0.029784
v 0.068577 0.015522 0.062023
v 0.071128 0.015505 0.062604
v 0.116602 0.015574 0.064469
v 0.143995 0.015556 0.019730
v 0.115108 0.015869 0.067919
v 0.114466 0.015390 0.066889
v 0.114088 0.015776 0.069173
v 0.007776 0.015135 0.103815
v 0.131441 0.015810 0.025228
v 0.141533 0.015466 0.020893
v 0.139257 0.015478 0.022693
v 0.141364 0.015406 0.022794
v 0.118071 0.015783 0.048444
v 0.116219 0.015717 0.051233
v 0.033309 0.015111 0.059444
v 0.080864 0.015642 0.003255
v 0.126009 0.015810 0.050356
v 0.132616 0.015699 0.029021
v 0.136119 0.015558 0.029560
v 0.136705 0.015464 0.026065
v 0.108578 0.015614 0.076616
v 0.108638 0.015218 0.070036
v 0.109592 0.015286 0.072007
v 0.128020 0.015710 0.037178
v 0.126142 0.015387 0.045109
v 0.123518 0.015362 0.046657
v 0.111022 0.015726 0.073319
v 0.111206 0.015616 0.072064
v 0.109792 0.015461 0.073746
v 0.139527 0.015577 0.027609
v 0.140791 0.015376 0.024906
v 0.057041 0.015172 0.035625
v 0.061547 0.015218 0.039928
v 0.061442 0.015222 0.034433
v 0.111746 0.015166 0.063725
v 0.108607 0.015322 0.065907
v 0.111046 0.015173 0.067006
v 0.116379 0.015294 0.058643
v 0.114598 0.015475 0.055662
v 0.114204 0.015178 0.060651
v 0.122776 0.015756 0.038543
v 0.121425 0.015621 0.043210
v 0.116362 0.015192 0.060915
v 0.118069 0.015401 0.059463
v 0.115948 0.015766 0.066554
v 0.142841 0.015413 0.022654
v 0.038627 0.015194 0.050216
v 0.040268 0.015187 0.054561
v 0.043564 0.015102 0.047597
v 0.135224 0.015744 0.022402
v 0.123800 0.015260 0.049933
v 0.124693 0.015503 0.051305
v 0.122777 0.015325 0.052448
v 0.023244 0.015592 0.116459
v 0.144243 0.015536 0.021868
v 0.040313 0.015156 0.069786
v 0.035715 0.014995 0.068745
v 0.034515 0.015493 0.094745
v 0.111317 0.015731 0.050960
v 0.109394 0.015680 0.075752
v 0.098253 0.015614 0.063574
v 0.138627 0.015727 0.019429
v 0.055115 0.015139 0.031882
v -0.010505 0.015180 -0.031228
v 0.003155 0.015080 0.087820
v 0.053557 0.015335 0.050970
v 0.052783 0.015348 0.054961
v 0.056022 0.015474 0.052732
v 0.022794 0.015071 0.017250
v 0.018801 0.015143 0.016161
v 0.125681 0.015487 0.042216
v 0.112553 0.015503 0.069877
v 0.102561 0.015851 0.083398
v 0.142726 0.015538 0.024620
v 0.142102 0.015792 0.026399
v 0.023742 0.015275 0.104297
v 0.026575 0.015211 0.102161
v 0.143923 0.015617 0.023550
v 0.120430 0.015388 0.051230
v 0.022666 0.015069 0.079371
v 0.022963 0.015111 0.089660
v 0.021811 0.015142 0.086525
v -0.022461 0.014892 0.094589
v 0.117740 0.015485 0.053913
v 0.110601 0.015330 0.070807
v 0.111085 0.015227 0.069402
v 0.117629 0.015409 0.056484
v 0.119250 0.015384 0.054659
v 0.027533 0.015227 0.105661
v 0.030149 0.015234 0.102918
v 0.120431 0.015578 0.047106
v 0.113430 0.015071 0.065152
v -0.010724 0.014969 -0.010790
v -0.015269 0.014991 -0.007339
v 0.094977 0.015581 0.071461
v 0.037976 0.014939 0.033822
v 0.017078 0.015027 0.061001
v 0.013810 0.015147 0.061844
v 0.071518 0.015575 0.102456
v 0.103697 0.015289 0.068268
v 0.105968 0.015548 0.063062
v 0.101735 0.015504 0.063516
v 0.012894 0.015267 0.103686
v 0.095906 0.016035 0.095346
v 0.142070 0.015711 0.017083
v 0.035980 0.015022 0.044692
v 0.034397 0.014982 0.043211
v 0.032956 0.014984 0.046486
v 0.095793 0.015562 0.066828
v 0.098964 0.015424 0.070537
v 0.099686 0.015474 0.066612
v 0.119497 0.015527 0.056941
v 0.035583 0.014974 0.064675
v 0.020817 0.015081 0.083284
v 0.023023 0.015156 0.081096
v 0.112256 0.015286 0.061013
v 0.111958 0.015423 0.058686
v 0.020470 0.015480 0.126086
v 0.019714 0.015453 0.124336
v 0.016428 0.015381 0.125090
v 0.117016 0.015324 0.062170
v 0.115506 0.015159 0.063419
v 0.066460 0.015531 0.040482
v 0.069644 0.016754 0.141089
v 0.080395 0.015716 -0.002277
v 0.071999 0.016001 0.138581
v 0.076773 0.016038 0.129736
v 0.076212 0.016078 0.130976
v 0.072572 0.015198 0.137762
v 0.021907 0.015051 0.010306
v 0.016377 0.015024 0.010583
v 0.020280 0.015159 0.013864
v 0.067808 0.015470 -0.011839
v 0.069590 0.015392 -0.005867
v 0.071877 0.015537 -0.012575
v 0.073378 0.016266 0.136732
v -0.003079 0.015209 0.109383
v 0.075019 0.015456 -0.008384
v 0.054919 0.015537 0.073298
v 0.121086 0.015320 0.054791
v 0.057041 0.015281 0.049187
v 0.087237 0.015494 0.105472
v -0.003005 0.015241 0.113828
v -0.000043 0.015172 0.106813
v 0.061945 0.015331 0.006815
v 0.057411 0.015343 0.008356
v 0.112588 0.015255 0.067936
v 0.104550 0.015633 0.079882
v -0.001373 0.015222 -0.024092
v -0.001917 0.015055 -0.017211
v 0.004236 0.015148 -0.019832
v 0.022784 0.014959 0.021663
v 0.018887 0.014991 0.021916
v 0.019557 0.015116 0.024529
v 0.027550 0.015195 0.016785
v 0.029976 0.015114 0.019544
v 0.048903 0.015147 0.037886
v 0.045819 0.015147 0.038279
v 0.003821 0.015156 -0.027190
v 0.002281 0.015324 -0.032122
v -0.001431 0.015385 -0.030568
v 0.010042 0.015055 -0.021576
v 0.008925 0.015131 -0.017352
v 0.015724 0.015204 -0.014698
v 0.020707 0.015334 -0.016870
v 0.017240 0.015366 -0.018996
v 0.001671 0.015137 -0.013014
v -0.002027 0.015034 -0.013309
v -0.004962 0.015409 -0.031581
v -0.004492 0.015499 -0.035062
v -0.007345 0.015328 -0.032454
v -0.005743 0.015190 -0.028352
v -0.006914 0.015125 -0.021719
v 0.026453 0.015254 -0.018947
v 0.007326 0.015092 -0.024451
v -0.007063 0.015015 -0.015852
v 0.084209 0.015587 0.043107
v 0.084234 0.015614 0.039543
v 0.025261 0.015213 -0.014060
v 0.006391 0.015178 -0.014953
v 0.006783 0.015118 -0.010098
v 0.010648 0.015111 -0.014006
v 0.015357 0.015135 0.085726
v 0.019402 0.015138 0.088005
v 0.066183 0.015285 0.002158
v 0.067759 0.015284 -0.001236
v 0.064672 0.015313 -0.003083
v 0.007216 0.015197 -0.031416
v 0.054241 0.015423 -0.005935
v 0.007220 0.015185 -0.027427
v 0.035925 0.015053 0.042380
v -0.010015 0.015061 -0.026648
v 0.010804 0.015184 -0.026842
v -0.001999 0.014973 -0.009888
v 0.015199 0.015236 -0.023411
v 0.020456 0.015189 -0.011966
v 0.013451 0.015140 -0.008693
v 0.064267 0.015164 0.136491
v 0.026160 0.015280 0.098490
v -0.004979 0.014967 -0.012233
v 0.022733 0.015532 0.113730
v 0.048884 0.015383 0.007966
v 0.045726 0.015244 0.005178
v 0.045413 0.015297 0.008726
v 0.044751 0.015210 0.019168
v 0.014112 0.014953 -0.002457
v 0.081657 0.015632 0.037839
v 0.059218 0.015362 0.051903
v 0.015029 0.015170 -0.028783
v 0.026492 0.015402 -0.025554
v 0.020821 0.015343 -0.022025
v 0.110001 0.015555 0.055295
v 0.020039 0.015279 -0.028538
v 0.001516 0.015020 -0.005667
v -0.013085 0.015149 0.096512
v 0.012930 0.015196 -0.018169
v 0.062018 0.015369 0.051812
v 0.073568 0.015544 0.045784
v 0.030441 0.015421 -0.021647
v 0.029992 0.015166 0.003031
v 0.033369 0.015078 0.005563
v 0.033564 0.015187 -0.000283
v 0.041537 0.015430 0.088936
v 0.044511 0.015610 0.090026
v 0.021468 0.014963 0.065861
v -0.005696 0.014911 -0.005645
v 0.010998 0.015052 -0.004379
v 0.008728 0.015125 -0.001376
v 0.019457 0.014977 0.040854
v 0.007518 0.015037 -0.005525
v 0.033890 0.015376 -0.026034
v 0.052486 0.015618 0.070958
v -0.001883 0.015229 0.094551
v 0.043744 0.015362 0.074866
v 0.045156 0.015348 0.077517
v -0.014418 0.015061 0.089027
v 0.030765 0.014997 0.072700
v 0.066844 0.015413 -0.009045
v 0.064927 0.015510 -0.010929
v 0.036429 0.015206 0.058506
v 0.034360 0.015032 0.030730
v 0.037366 0.015040 0.028525
v 0.045775 0.015612 0.087754
v 0.029154 0.015006 0.046938
v 0.005555 0.015093 0.068544
v 0.003402 0.015163 0.098211
v 0.045925 0.015371 0.057069
v 0.044600 0.015458 0.060543
v 0.048949 0.015359 0.058017
v -0.028991 0.015126 0.098611
v 0.054692 0.015288 0.048198
v 0.039880 0.015088 0.025031
v 0.063972 0.015428 0.053435
v 0.063852 0.015326 0.011542
v 0.057146 0.015456 0.065569
v 0.059395 0.015444 0.067526
v 0.026485 0.015017 0.019926
v 0.078665 0.015757 0.051907
v -0.018381 0.014994 0.091281
v 0.049652 0.015237 0.028087
v 0.016053 0.015411 0.120848
v 0.011865 0.015380 0.122219
v 0.073613 0.015499 0.031843
v 0.038744 0.015134 0.045880
v 0.038067 0.015071 0.042132
v 0.019790 0.015527 0.121990
v 0.076068 0.015336 0.105076
v 0.035285 0.015338 0.103039
v 0.037287 0.015350 0.099091
v 0.039862 0.015426 0.095798
v 0.057272 0.015453 0.003333
v 0.054527 0.015360 -0.001012
v 0.028958 0.014994 0.007525
v 0.067680 0.015292 0.007089
v 0.052984 0.015045 0.013752
v 0.047804 0.015289 0.012053
v 0.074687 0.015473 0.049717
v 0.058931 0.015583 0.074176
v -0.005252 0.015293 0.100728
v 0.016145 0.015235 0.100012
v 0.050007 0.015423 0.064956
v 0.003837 0.015207 0.090355
v 0.105436 0.015133 0.072112
v 0.109653 0.015494 0.061167
v 0.109570 0.015565 0.058151
v 0.107286 0.015633 0.059719
v 0.039023 0.015200 -0.000584
v 0.013992 0.015441 0.117258
v 0.042890 0.015547 0.104913
v 0.040517 0.015364 0.059616
v 0.039582 0.015088 0.064078
v 0.109637 0.015486 0.074948
v 0.028224 0.015173 0.079162
v 0.029982 0.015219 0.081762
v 0.031781 0.014958 0.042547
v 0.035580 0.015046 0.039273
v 0.010052 0.015149 0.086004
v 0.019001 0.015548 0.118163
v 0.039528 0.015102 0.038388
v -0.019414 0.015243 -0.037842
v 0.043328 0.015623 0.103082
v 0.067753 0.015579 0.055345
v 0.037826 0.015428 0.094506
v 0.032918 0.015317 0.104037
v 0.022696 0.015573 0.123910
v 0.076562 0.015583 0.013374
v 0.063215 0.015510 0.061406
v 0.065667 0.015459 -0.007328
v 0.040218 0.015360 0.085664
v 0.044056 0.015437 0.083054
v 0.045214 0.015178 0.053299
v 0.043378 0.015344 0.057393
v 0.062485 0.015591 0.065212
v 0.023939 0.015086 0.006860
v 0.075825 0.015598 0.008664
v 0.029218 0.015193 0.013126
v 0.025837 0.015020 0.010320
v 0.011371 0.015144 0.070357
v -0.004195 0.015265 0.104472
v 0.047371 0.015271 0.055600
v 0.049656 0.015249 0.052676
v 0.065717 0.015341 0.035778
v 0.066489 0.015444 0.054426
v 0.055164 0.015436 0.068651
v 0.053932 0.015407 0.065419
v 0.078695 0.015617 0.048502
v 0.052931 0.015350 0.058749
v 0.050950 0.015371 0.060322
v 0.041069 0.015086 0.067195
v 0.048824 0.015408 0.062125
v -0.009555 0.015255 -0.035758
v 0.061251 0.015560 0.070747
v 0.061998 0.015586 0.067809
v 0.019551 0.015043 0.006747
v 0.017733 0.015085 0.003713
v 0.066036 0.015601 0.062779
v 0.042974 0.015134 0.006869
v 0.037461 0.015102 0.003739
v 0.037220 0.015062 0.008678
v 0.040308 0.015041 0.006508
v 0.074383 0.015451 0.026550
v 0.079431 0.015617 0.035640
v 0.026808 0.015133 0.088496
v 0.008174 0.015277 0.119342
v 0.029437 0.015206 0.087813
v 0.071328 0.015444 0.052758
v 0.078129 0.015562 -0.007941
v 0.077619 0.015641 -0.005221
v 0.010122 0.015119 0.032741
v 0.057730 0.015428 0.070793
v 0.045712 0.015289 -0.019645
v 0.051729 0.015121 0.044847
v 0.052170 0.015211 0.048090
v 0.015665 0.015094 0.027342
v 0.037609 0.015167 0.061585
v 0.035844 0.015111 0.053567
v 0.065699 0.015500 0.059826
v -0.016468 0.015160 0.104995
v -0.014917 0.015152 0.101325
v 0.059129 0.015366 -0.002766
v 0.062044 0.015392 0.001319
v 0.075548 0.015430 -0.000507
v 0.052167 0.015104 0.040531
v 0.054294 0.015184 0.037431
v -0.016652 0.015096 0.087762
v 0.012261 0.014923 0.013378
v 0.016307 0.015076 0.014526
v 0.029104 0.015334 0.097894
v 0.028984 0.015288 0.100147
v 0.026461 0.014993 0.058403
v 0.063292 0.015265 0.044272
v 0.055396 0.015197 0.023008
v 0.048009 0.015128 0.048626
v 0.070241 0.015302 0.001664
v 0.042127 0.015215 0.041194
v 0.056875 0.015093 0.041759
v 0.039333 0.015464 0.094381
v 0.032608 0.015421 0.096171
v 0.065448 0.015437 0.043022
v 0.023909 0.015561 0.127363
v 0.019683 0.015182 0.054772
v 0.018470 0.015063 0.058299
v 0.031102 0.015237 0.100953
v 0.065315 0.015186 0.023418
v 0.027925 0.015033 0.063324
v 0.068104 0.015455 0.054301
v 0.033000 0.015083 0.010613
v 0.016925 0.015079 0.082027
v 0.063604 0.015319 0.050860
v -0.035549 0.015069 0.089860
v -0.029924 0.014893 0.087772
v -0.033432 0.014977 0.086505
v -0.036650 0.014989 0.047894
v -0.035770 0.014804 0.051768
v -0.034298 0.014932 0.048453
v -0.075120 0.014882 0.044049
v -0.069056 0.014839 0.043741
v -0.075209 0.014958 0.039579
v -0.068210 0.014835 0.055455
v -0.068028 0.014813 0.058493
v -0.064681 0.014900 0.056393
v -0.050152 0.014704 0.061324
v -0.056201 0.014789 0.061213
v -0.054856 0.014771 0.065743
v -0.011461 0.014968 0.061468
v -0.010405 0.015059 0.064830
v -0.008503 0.014952 0.061313
v 0.005717 0.015012 0.043349
v 0.009172 0.014974 0.045813
v 0.010086 0.014959 0.041476
v -0.014042 0.014865 0.063538
v -0.037330 0.014852 0.060094
v -0.039066 0.014752 0.056618
v -0.038787 0.014954 0.063312
v 0.013085 0.015022 0.044575
v 0.010538 0.015058 0.049941
v -0.056247 0.014863 0.051723
v -0.052757 0.014811 0.048566
v -0.057862 0.014917 0.045645
v 0.001505 0.014974 0.054589
v -0.001829 0.014849 0.052235
v -0.000084 0.014863 0.057304
v -0.001233 0.014978 -0.001316
v -0.005655 0.015000 0.001771
v -0.000478 0.014934 0.003445
v -0.044536 0.014866 0.065429
v -0.046767 0.014793 0.065167
v -0.044472 0.014854 0.068321
v -0.077900 0.014884 0.042494
v -0.080283 0.014844 0.040156
v -0.079913 0.014812 0.046472
v -0.032056 0.014895 0.065384
v -0.031501 0.014951 0.060784
v -0.035013 0.014891 0.061511
v -0.053145 0.014698 0.079922
v -0.050230 0.014859 0.085806
v -0.049703 0.014786 0.081749
v -0.027593 0.014802 0.038979
v -0.031145 0.014835 0.040626
v -0.027310 0.014808 0.043876
v -0.028531 0.014948 0.066208
v -0.029139 0.014941 0.070966
v -0.047350 0.014797 0.082734
v -0.044869 0.014736 0.085945
v -0.043852 0.014774 0.081226
v 0.006626 0.015119 0.034714
v 0.004889 0.015038 0.031822
v 0.002066 0.014930 0.033610
v 0.019568 0.015046 0.049058
v 0.018669 0.015036 0.051504
v 0.012186 0.015135 0.030122
v 0.007611 0.015123 0.029674
v -0.032062 0.015097 0.016670
v -0.029038 0.014979 0.017464
v -0.028924 0.014943 0.014658
v -0.071481 0.014760 0.056475
v -0.063671 0.014985 0.027012
v -0.061835 0.014800 0.031219
v -0.060254 0.014915 0.025703
v -0.067668 0.014901 0.062462
v -0.071753 0.014727 0.059811
v -0.055836 0.014655 0.088063
v -0.057266 0.014626 0.083092
v -0.060855 0.014611 0.084653
v -0.018670 0.015027 0.073591
v -0.016076 0.015074 0.078264
v -0.013716 0.015019 0.073463
v -0.032900 0.014963 0.007463
v -0.035824 0.014976 0.007071
v -0.035790 0.014982 0.012090
v -0.035305 0.014901 0.065797
v -0.063430 0.014885 0.042097
v -0.062799 0.014793 0.036826
v -0.068913 0.014916 0.037875
v -0.046574 0.014829 0.017199
v -0.051872 0.015014 0.019644
v -0.047407 0.014866 0.023307
v -0.075392 0.014729 0.065996
v -0.069748 0.014694 0.068956
v -0.072098 0.014769 0.063866
v -0.034931 0.014897 0.032073
v -0.031905 0.014844 0.027242
v -0.037199 0.014850 0.025905
v -0.024299 0.014823 0.026984
v -0.028757 0.014885 0.025044
v -0.028126 0.014793 0.028462
v -0.025289 0.014728 0.037238
v -0.027751 0.014736 0.035145
v 0.016747 0.015237 0.056342
v -0.009739 0.015045 0.043854
v -0.013220 0.014979 0.047170
v -0.006846 0.015041 0.046973
v -0.085739 0.014785 0.046136
v -0.083779 0.014879 0.050860
v -0.010566 0.014835 0.025500
v -0.015111 0.014792 0.027136
v -0.010996 0.014785 0.029797
v -0.020348 0.014943 0.079930
v -0.018430 0.014949 0.079335
v -0.020124 0.014967 0.077314
v -0.061385 0.014802 0.075063
v -0.058625 0.014797 0.070027
v -0.064464 0.014774 0.070406
v -0.017037 0.014821 0.061360
v -0.017660 0.014831 0.065918
v -0.075964 0.014906 0.027282
v -0.077663 0.014953 0.031858
v -0.071720 0.014974 0.032118
v -0.043430 0.014847 0.045095
v -0.043577 0.014802 0.048750
v -0.039572 0.014955 0.045280
v -0.032112 0.014966 0.079266
v -0.031342 0.014925 0.075385
v -0.034303 0.014946 0.077336
v -0.063552 0.014783 0.079484
v -0.067846 0.014648 0.078795
v -0.066561 0.014581 0.084117
v -0.035168 0.014962 0.074801
v -0.066934 0.014723 0.074630
v 0.068600 0.015383 0.052581
v 0.070103 0.015489 0.048293
v 0.066145 0.015308 0.050464
v -0.042582 0.014934 0.065008
v -0.045434 0.014762 0.063367
v -0.052866 0.014785 0.072349
v -0.050134 0.014749 0.075857
v -0.046791 0.014740 0.073090
v -0.078569 0.014725 0.058722
v -0.075232 0.014728 0.057590
v -0.079280 0.014874 0.053788
v -0.045447 0.014946 0.093279
v -0.044212 0.014796 0.090078
v -0.047850 0.014893 0.090448
v 0.001881 0.015066 0.049113
v -0.001758 0.015083 0.046382
v -0.051431 0.014780 0.052949
v -0.052352 0.014790 0.056029
v -0.048104 0.014731 0.056149
v -0.028494 0.014861 0.079477
v 0.006296 0.015127 0.060817
v 0.008158 0.015029 0.057542
v 0.004712 0.015033 0.056563
v -0.010039 0.014857 0.057892
v -0.008873 0.014931 0.052454
v -0.013210 0.014952 0.055144
v -0.033562 0.015000 0.044927
v -0.084046 0.014816 0.036904
v -0.079159 0.014969 0.035980
v -0.082820 0.014987 0.032632
v -0.021902 0.014970 0.087742
v -0.025333 0.014941 0.084390
v -0.024542 0.014804 0.090010
v -0.056896 0.014786 0.075451
v -0.058808 0.014766 0.079706
v -0.035074 0.014932 0.080611
v -0.063962 0.014783 0.066020
v -0.059536 0.014707 0.064562
v -0.045629 0.014864 0.038580
v -0.040107 0.014866 0.035224
v -0.043610 0.014752 0.033652
v -0.040427 0.014871 0.087730
v -0.041479 0.014986 0.092131
v 0.003579 0.015142 0.064855
v -0.053428 0.014873 0.034452
v -0.053573 0.014776 0.030706
v -0.057633 0.014723 0.034545
v -0.024472 0.014907 0.052942
v -0.027164 0.015043 0.058604
v -0.021491 0.014963 0.056847
v -0.013137 0.014917 0.021500
v -0.019245 0.014769 0.024195
v -0.012243 0.015045 0.006337
v -0.017159 0.015016 0.002941
v -0.016553 0.015070 0.007581
v -0.000114 0.015059 0.068412
v -0.004588 0.015126 0.071536
v -0.000852 0.015110 0.072261
v -0.054388 0.014870 0.037844
v -0.053628 0.014821 0.042963
v -0.050671 0.014830 0.038940
v 0.010894 0.015126 0.053233
v 0.010842 0.015092 0.055768
v 0.012998 0.015092 0.053030
v -0.047614 0.015102 -0.000233
v -0.042481 0.014982 0.002122
v -0.020833 0.014867 0.029688
v -0.023446 0.014852 0.029425
v -0.066159 0.014753 0.067977
v -0.067986 0.014823 0.065554
v -0.049180 0.014793 0.067660
v -0.039994 0.014783 0.082714
v -0.031994 0.014831 0.034840
v -0.030923 0.014780 0.037699
v -0.049129 0.014731 0.042058
v -0.046354 0.014779 0.043457
v -0.043807 0.014827 0.060103
v -0.075717 0.014690 0.060928
v -0.075833 0.014670 0.063373
v -0.058450 0.014847 0.040340
v -0.074420 0.014844 0.054163
v -0.070944 0.014854 0.053189
v -0.074566 0.014873 0.050185
v -0.071234 0.014649 0.072387
v -0.041883 0.014857 0.040982
v 0.016604 0.015029 0.016677
v -0.047837 0.014822 0.078750
v -0.043189 0.014657 0.077208
v -0.038170 0.014785 0.077358
v -0.041679 0.014760 0.073152
v -0.029683 0.015045 0.095422
v -0.026778 0.014842 0.093014
v -0.030706 0.014986 0.092025
v -0.036062 0.014962 0.085071
v -0.041041 0.014767 0.079652
v -0.059348 0.014807 0.061630
v -0.063125 0.014923 0.061084
v -0.037734 0.014936 0.072987
v -0.039245 0.015021 0.068931
v -0.075542 0.014861 0.046782
v -0.017476 0.014746 0.041925
v -0.012343 0.014923 0.041003
v -0.036463 0.014765 0.057964
v -0.087601 0.014987 0.033962
v -0.088362 0.014861 0.038517
v -0.084456 0.014759 0.041716
v -0.033699 0.015071 0.094312
v -0.035345 0.015066 0.098130
v -0.031961 0.015122 0.097476
v -0.038290 0.015086 0.094960
v -0.025191 0.014770 0.030989
v -0.029898 0.014820 0.031470
v -0.023717 0.014878 0.079112
v -0.011321 0.014868 0.035791
v -0.015491 0.014867 0.037665
v -0.034633 0.014974 0.070405
v -0.023759 0.014869 0.006988
v -0.023194 0.014870 0.003256
v -0.028469 0.014930 0.005882
v -0.056108 0.014867 0.057044
v -0.060161 0.014934 0.058214
v -0.021705 0.015011 0.068499
v -0.016879 0.014934 0.069881
v -0.009987 0.014918 -0.001958
v -0.011645 0.015033 -0.005481
v -0.015529 0.015041 -0.002357
v -0.019220 0.014921 0.049094
v -0.019348 0.015088 0.053120
v -0.020570 0.014934 0.005888
v -0.031471 0.014988 0.083249
v -0.030854 0.014921 0.011213
v -0.051373 0.014926 0.090745
v -0.042999 0.014938 0.007838
v -0.041429 0.014888 0.014445
v -0.039062 0.014977 0.009341
v -0.027435 0.014880 0.075856
v -0.066434 0.014963 0.033374
v 0.035394 0.015099 0.049141
v -0.062429 0.014906 0.047389
v -0.061604 0.014873 0.053074
v -0.057247 0.014780 0.029104
v -0.035660 0.014750 0.055407
v -0.037797 0.014882 0.030513
v -0.040711 0.014761 0.030238
v -0.025614 0.014960 0.017515
v -0.021014 0.015043 0.014752
v -0.025874 0.014931 0.011528
v -0.032794 0.014837 0.057435
v -0.017137 0.015088 0.055537
v 0.011160 0.015119 0.000745
v -0.023598 0.015042 0.073512
v -0.025701 0.015042 0.068765
v -0.024101 0.014908 0.022419
v -0.030198 0.014775 0.049599
v -0.081066 0.014831 0.050570
v -0.045284 0.014760 0.029159
v -0.050149 0.014861 0.032130
v -0.047681 0.014851 0.034992
v -0.053266 0.015057 0.014882
v -0.052515 0.014989 0.008827
v -0.055963 0.015066 0.011595
v 0.010257 0.015152 0.059751
v -0.057362 0.014751 0.063251
v -0.021402 0.015024 0.082262
v -0.001582 0.014823 0.030135
v -0.002001 0.014841 0.034013
v 0.037220 0.015331 -0.023211
v 0.053784 0.015475 -0.020296
v -0.043692 0.014761 0.053871
v -0.047515 0.014922 0.012004
v 0.049501 0.015365 -0.021007
v -0.022589 0.014767 0.034783
v -0.035437 0.014771 0.038722
v 0.005762 0.015048 0.048657
v -0.070084 0.014782 0.050101
v -0.071843 0.014815 0.046923
v -0.066782 0.014769 0.048751
v -0.045895 0.014963 0.004285
v -0.047445 0.014993 0.007600
v -0.028028 0.014840 0.090431
v 0.000666 0.014991 0.042315
v -0.005812 0.015104 0.040406
v 0.005169 0.015012 -0.002791
v 0.003057 0.014934 0.000192
v -0.028920 0.015014 0.062945
v -0.003629 0.014923 0.036128
v -0.006062 0.014739 0.033101
v -0.021250 0.014856 0.062069
v -0.037075 0.015007 0.067502
v -0.101671 0.014911 0.039854
v -0.106617 0.014887 0.043398
v -0.102571 0.014859 0.046061
v -0.068613 0.015061 0.021171
v -0.066851 0.015121 0.025230
v -0.064223 0.015023 0.021882
v -0.018353 0.015013 0.081631
v -0.065823 0.015013 0.029311
v -0.039778 0.014847 0.050706
v -0.013454 0.014922 0.068248
v -0.011317 0.014942 0.070900
v -0.018780 0.014924 0.058817
v -0.046147 0.014729 0.046791
v -0.049446 0.014720 0.045963
v -0.019526 0.015095 0.085765
v -0.025852 0.015024 0.064389
v -0.066918 0.014786 0.052559
v -0.088586 0.014871 0.042910
v -0.000946 0.014926 0.037761
v -0.058270 0.014953 0.019702
v -0.056605 0.014913 0.024914
v -0.020620 0.015040 0.009839
v -0.053032 0.014920 0.023547
v -0.074553 0.014992 0.035494
v -0.029626 0.014807 0.054304
v -0.033168 0.014697 0.053478
v 0.016322 0.015005 0.048634
v -0.054047 0.014798 0.027102
v -0.050310 0.014854 0.027570
v -0.016623 0.014964 0.033057
v 0.003214 0.014908 0.020547
v 0.001270 0.015029 0.023376
v 0.005889 0.014998 0.024337
v -0.016650 0.014894 0.017616
v -0.016765 0.015054 0.012563
v -0.098021 0.014754 0.042368
v -0.093227 0.014807 0.040949
v -0.096558 0.014793 0.039333
v -0.092290 0.014960 0.035626
v -0.036810 0.015031 0.018399
v 0.009423 0.014908 0.022427
v 0.006587 0.014865 0.019786
v 0.003521 0.015047 0.038960
v -0.006144 0.015130 0.074997
v 0.002791 0.015031 0.028131
v -0.017231 0.014867 0.020904
v -0.020628 0.014970 0.019876
v -0.004435 0.014800 0.014951
v -0.006681 0.014740 0.019468
v -0.001066 0.014856 0.019444
v -0.051202 0.014929 0.035708
v -0.108423 0.015002 0.039144
v 0.008637 0.015069 0.054515
v 0.006799 0.015104 0.052448
v 0.011609 0.014970 0.009623
v 0.008528 0.015085 0.011900
v -0.015888 0.014952 0.058003
v -0.109491 0.014916 0.043010
v -0.094592 0.014852 0.037990
v -0.097066 0.014868 0.036442
v -0.005294 0.014766 0.058217
v -0.068460 0.015003 0.030416
v -0.022934 0.014814 0.039785
v -0.009111 0.015001 0.068847
v -0.009005 0.015036 0.073356
v -0.071102 0.014948 0.028175
v -0.024362 0.014793 0.048047
v -0.021327 0.014786 0.044806
v -0.068494 0.015072 0.027624
v -0.017687 0.014809 0.045619
v -0.013644 0.014913 0.059555
v -0.015706 0.015074 0.051784
v -0.011038 0.014873 0.015188
v -0.007781 0.014817 0.022833
v -0.003411 0.014880 0.022818
v -0.041357 0.014799 0.026031
v -0.043797 0.014859 0.024591
v -0.005170 0.014928 0.064816
v 0.002194 0.014924 0.016143
v -0.071660 0.014967 0.024012
v -0.042096 0.014882 0.020915
v -0.012360 0.014981 0.051334
v -0.047847 0.014743 0.050764
v -0.005838 0.014835 0.026717
v -0.001857 0.014840 0.061304
v -0.038437 0.015025 0.004875
v -0.050003 0.015034 0.004336
v -0.026817 0.014843 0.001285
v -0.019027 0.014819 0.037463
v -0.000403 0.015013 0.064208
v 0.001808 0.015024 0.060942
v 0.008266 0.015075 0.003595
v 0.013820 0.015201 0.002622
v 0.036832 0.015033 0.063238
v -0.032585 0.014934 0.022344
v -0.058509 0.015025 0.013520
v -0.043412 0.014847 0.017508
v 0.003461 0.014940 0.006210
v 0.007764 0.015073 0.008330
v -0.008440 0.014976 0.010188
v -0.071227 0.014670 0.075898
v -0.001770 0.015024 0.008903
v -0.028494 0.014915 0.020731
v -0.026497 0.014927 0.023987
v 0.066080 0.015375 0.046426
v -0.012923 0.015044 0.010433
v 0.004566 0.015105 0.011534
v 0.010927 0.015126 0.006278
v 0.014690 0.015110 0.006429
v 0.048109 0.015078 0.044318
v 0.003190 0.015038 0.052351
v 0.002518 0.015043 0.046307
v -0.026662 0.014906 -0.003066
v 0.016408 0.015143 0.053262
v 0.008218 0.015016 0.015731
v -0.022211 0.014868 -0.001031
v -0.001293 0.014965 0.026052
v 0.007550 0.015082 0.039290
v 0.013896 0.015201 0.056884
v 0.015922 0.015139 0.058749
v 0.056094 0.015349 -0.003316
v -0.007700 0.015036 0.005949
v 0.024526 0.015092 0.013690
v -0.008087 0.015157 0.076254
v 0.010380 0.014909 0.019686
v -0.096478 0.014747 0.045412
v 0.010950 0.014965 0.025639
v -0.011342 0.014931 0.001785
v 0.000960 0.014972 -0.001890
v 0.071574 0.015430 0.006263
v 0.073291 0.015520 0.007378
v 0.054289 0.015118 0.042915
v 0.077255 0.015503 0.005207
v -0.074791 0.014759 0.070706
v 0.046522 0.015146 0.041691
v 0.073994 0.015423 0.004661
v 0.056502 0.015130 0.039011
v 0.077017 0.016599 -0.171448
v 0.080280 0.016065 -0.168888
v 0.078159 0.012461 -0.170898
v 0.075707 0.010958 -0.168555
v 0.073760 0.012616 -0.171959
v 0.101434 0.016403 -0.155142
v 0.081061 0.013952 -0.168101
v 0.082869 0.014529 -0.166985
v 0.083938 0.013705 -0.166575
v 0.087666 0.016196 -0.164224
v 0.098846 0.016230 -0.157153
v 0.096166 0.016468 -0.158849
v 0.102465 0.011182 -0.140943
v 0.109716 0.007781 -0.100721
v 0.096759 0.011040 -0.144435
v 0.081678 0.015299 -0.167766
v 0.079298 0.015395 -0.169235
v 0.085911 0.014408 -0.165205
v 0.069682 0.016019 -0.175901
v 0.094428 0.013362 -0.160440
v 0.092984 0.011066 -0.157637
v 0.090203 0.011961 -0.161378
v 0.076994 0.015331 -0.170819
v 0.078323 0.015782 -0.170081
v 0.097117 0.015379 -0.158146
v 0.096244 0.014422 -0.158657
v 0.094751 0.015038 -0.159811
v 0.098383 0.011702 -0.154421
v 0.102676 0.012117 -0.151832
v 0.056800 0.010932 -0.172818
v 0.065369 0.012427 -0.177921
v 0.068268 0.011194 -0.174462
v 0.102833 0.015364 -0.154000
v 0.104464 0.014601 -0.152792
v 0.101342 0.014460 -0.154901
v 0.104073 0.016375 -0.153436
v 0.073871 0.012377 -0.173711
v 0.072150 0.012908 -0.174066
v 0.075995 0.012519 -0.171350
v 0.089232 0.016138 -0.163367
v 0.092084 0.016334 -0.161722
v 0.093490 0.015668 -0.160772
v 0.090840 0.015014 -0.162367
v 0.066468 0.016240 -0.178152
v 0.093161 0.014007 -0.161010
v 0.090738 0.013825 -0.162743
v 0.092518 0.014689 -0.161305
v 0.019875 0.007481 -0.152698
v 0.081864 0.011133 -0.153933
v 0.096936 0.013793 -0.158223
v 0.098633 0.014302 -0.156811
v 0.099224 0.013672 -0.156509
v 0.085191 0.015508 -0.165647
v 0.086604 0.013531 -0.165287
v 0.077937 0.013174 -0.170056
v 0.081250 0.013178 -0.168212
v 0.079367 0.012495 -0.169303
v 0.060607 0.010955 -0.179429
v 0.068031 0.015313 -0.177145
v 0.069467 0.014394 -0.176108
v 0.064831 0.014568 -0.179459
v 0.090381 0.015840 -0.162771
v 0.062253 0.011022 -0.168691
v 0.083017 0.016092 -0.167093
v 0.084874 0.011728 -0.165097
v 0.079561 0.010696 -0.164817
v 0.078201 0.013756 -0.169911
v 0.075121 0.013430 -0.171989
v 0.072631 0.015595 -0.173926
v 0.071638 0.013695 -0.174463
v 0.074576 0.014397 -0.172353
v 0.066878 0.011003 -0.162991
v 0.100376 0.013271 -0.156435
v 0.081967 0.012583 -0.168737
v 0.087490 0.012476 -0.162811
v 0.088275 0.015236 -0.163797
v 0.088553 0.014153 -0.163875
v 0.069143 0.012544 -0.177072
v 0.067413 0.013309 -0.177609
v 0.102416 0.013764 -0.154365
v 0.062762 0.015670 -0.181433
v 0.106237 0.011497 -0.139262
v 0.096888 0.013173 -0.158929
v 0.079134 0.014604 -0.169211
v 0.099547 0.015174 -0.156194
v 0.064835 0.015258 -0.179624
v 0.065719 0.012477 -0.179933
v 0.066614 0.012595 -0.178391
v 0.105847 0.015567 -0.152099
v 0.065091 0.013900 -0.179369
v 0.062417 0.013139 -0.181821
v 0.064681 0.012692 -0.179863
v 0.132809 0.009661 0.053050
v 0.135711 0.009718 0.048701
v 0.131936 0.010497 0.053944
v 0.123802 0.011513 0.065970
v 0.127508 0.010797 0.060325
v 0.127374 0.011551 0.060155
v 0.143174 0.010927 0.038655
v 0.142951 0.012064 0.038418
v 0.140684 0.011367 0.041340
v 0.143817 0.013428 0.033203
v 0.142157 0.013652 0.034560
v 0.142929 0.013189 0.035083
v 0.143459 0.015513 0.032454
v 0.142286 0.016539 0.034068
v 0.142209 0.014935 0.034343
v 0.138333 0.009900 0.044893
v 0.139564 0.010641 0.043142
v 0.135758 0.010819 0.048216
v 0.148179 0.011539 0.030786
v 0.145760 0.011007 0.034984
v 0.146775 0.010499 0.033359
v 0.159278 0.018183 0.007699
v 0.132266 0.012337 0.052172
v 0.130658 0.011408 0.055165
v 0.133646 0.011588 0.050798
v 0.156378 0.009135 -0.000533
v 0.157826 0.010480 0.012050
v 0.155602 0.008637 0.012221
v 0.157262 0.010590 0.012385
v 0.129129 0.013088 0.056393
v 0.127760 0.013551 0.057459
v 0.127227 0.012750 0.059324
v 0.149823 0.012135 0.027713
v 0.151412 0.012662 0.024827
v 0.147934 0.012749 0.030846
v 0.147538 0.009779 0.032313
v 0.149580 0.010457 0.028537
v 0.157659 0.013544 0.012685
v 0.159047 0.013730 0.010122
v 0.156979 0.013702 0.012693
v 0.158559 0.013203 0.011605
v 0.158184 0.012960 0.012304
v 0.161213 0.012996 0.007704
v 0.125921 0.012146 0.062044
v 0.157937 0.016366 0.010377
v 0.159798 0.015409 0.007528
v 0.153865 0.013944 0.017491
v 0.154456 0.014122 0.015940
v 0.153248 0.014748 0.017652
v 0.129148 0.013532 0.055512
v 0.126269 0.013098 0.060066
v 0.144627 0.013299 0.033306
v 0.155263 0.014483 0.014589
v 0.156431 0.015129 0.012767
v 0.155177 0.015650 0.014675
v 0.149840 0.014622 0.023055
v 0.149012 0.013758 0.024826
v 0.150014 0.013737 0.023654
v 0.126313 0.013879 0.058900
v 0.126249 0.014865 0.058940
v 0.125082 0.014208 0.060766
v 0.160568 0.013761 0.006913
v 0.157984 0.014196 0.010410
v 0.129072 0.009933 0.058415
v 0.126123 0.010195 0.062588
v 0.151315 0.009907 0.025064
v 0.149416 0.009684 0.028949
v 0.129487 0.013887 0.054123
v 0.130066 0.013463 0.054176
v 0.130271 0.014028 0.052915
v 0.129009 0.012235 0.057084
v 0.145641 0.011886 0.034878
v 0.134384 0.008330 0.048537
v 0.130153 0.008741 0.054479
v 0.130990 0.008271 0.041508
v 0.155723 0.017496 0.013317
v 0.122910 0.012378 0.066923
v 0.153814 0.016962 0.016374
v 0.122636 0.012903 0.065587
v 0.122639 0.013671 0.064529
v 0.121421 0.013430 0.067119
v 0.121580 0.014625 0.066033
v 0.123116 0.014778 0.063549
v 0.117037 0.008986 0.074354
v 0.120843 0.008847 0.068206
v 0.118669 0.009795 0.074759
v 0.143250 0.009934 0.038836
v 0.141080 0.009853 0.041429
v 0.155382 0.013725 0.015842
v 0.124633 0.012698 0.062945
v 0.156350 0.014082 0.012912
v 0.155798 0.011728 0.016677
v 0.160865 0.011567 0.006593
v 0.139825 0.016520 0.037903
v 0.137342 0.017274 0.041290
v 0.139222 0.014920 0.038855
v 0.126889 0.018407 0.056645
v 0.157200 0.012590 0.014202
v 0.123891 0.014106 0.062632
v 0.124430 0.015059 0.061684
v 0.145764 0.013393 0.033240
v 0.147909 0.013574 0.029629
v 0.146145 0.013338 0.031847
v 0.145836 0.009860 0.035193
v 0.135925 0.011588 0.047385
v 0.137423 0.012072 0.044759
v 0.134970 0.012186 0.048093
v 0.155595 0.013854 0.014384
v 0.136108 0.013768 0.044515
v 0.134990 0.015307 0.045165
v 0.135160 0.013937 0.045728
v 0.124411 0.006784 0.010120
v 0.109716 0.007781 -0.100721
v 0.153547 0.007424 -0.038592
v 0.150410 0.013447 0.025852
v 0.152615 0.013092 0.022032
v 0.152118 0.013286 0.021883
v 0.137461 0.014276 0.041850
v 0.138159 0.013665 0.041308
v 0.137952 0.014606 0.040741
v 0.125409 0.016452 0.059745
v 0.139070 0.013612 0.039253
v 0.141164 0.013241 0.037538
v 0.140204 0.013726 0.037646
v 0.145355 0.013308 0.033267
v 0.144493 0.013185 0.034251
v 0.132409 0.013171 0.050950
v 0.133600 0.013480 0.048895
v 0.132391 0.014074 0.049564
v 0.159573 0.013492 0.010066
v 0.161218 0.013646 0.007469
v 0.151609 0.015849 0.020195
v 0.133209 0.015248 0.048212
v 0.133412 0.014289 0.048008
v 0.150718 0.013612 0.023794
v 0.151134 0.013697 0.021816
v 0.134320 0.012950 0.048523
v 0.138192 0.011380 0.044506
v 0.147859 0.008757 0.030904
v 0.150343 0.008864 0.026447
v 0.122621 0.009418 0.067595
v 0.124169 0.009960 0.065726
v 0.120854 0.010196 0.070653
v 0.153275 0.009477 0.021834
v 0.153002 0.008582 0.017912
v 0.155539 0.009879 0.017001
v 0.135543 0.013428 0.046187
v 0.134155 0.013860 0.047358
v 0.141425 0.012434 0.039546
v 0.143185 0.012682 0.037399
v 0.119554 0.014545 0.069162
v 0.120377 0.014946 0.067921
v 0.119524 0.015470 0.069140
v 0.147787 0.014892 0.025877
v 0.148099 0.013633 0.026322
v 0.148586 0.014387 0.024729
v 0.155582 0.010537 0.016375
v 0.145598 0.017089 0.028854
v 0.146228 0.014695 0.028086
v 0.147807 0.017647 0.025400
v 0.154273 0.015065 0.016005
v 0.151492 0.014287 0.020452
v 0.150692 0.014345 0.021726
v 0.144641 0.012999 0.035237
v 0.156327 0.013156 0.015116
v 0.120672 0.016553 0.067082
v 0.130754 0.012930 0.053778
v 0.132936 0.011043 0.052150
v 0.136784 0.014089 0.042981
v 0.129063 0.009532 0.059594
v 0.127193 0.008804 0.059163
v 0.144486 0.008178 0.025816
v 0.145332 0.008125 0.033301
v 0.139718 0.009236 0.043944
v 0.135930 0.009296 0.049586
v 0.153296 0.013706 0.019163
v 0.151897 0.013605 0.021452
v 0.139215 0.012453 0.041855
v 0.136790 0.012814 0.044815
v 0.145072 0.014337 0.030014
v 0.145644 0.013551 0.029757
v 0.124070 0.013366 0.062885
v 0.144098 0.017049 0.031253
v 0.149256 0.013588 0.026158
v 0.122588 0.016118 0.064283
v 0.123789 0.016103 0.062369
v 0.131057 0.014492 0.051563
v 0.129792 0.015351 0.053205
v 0.136566 0.013322 0.044668
v 0.137295 0.013416 0.043261
v 0.152221 0.013742 0.020002
v 0.152889 0.013791 0.018575
v 0.152253 0.014398 0.019275
v 0.141278 0.013392 0.036195
v 0.117792 0.016941 0.071284
v 0.123630 0.010597 0.066262
v 0.131625 0.015817 0.050396
v 0.139960 0.011968 0.041746
v 0.150087 0.013506 0.025456
v 0.145080 0.013302 0.032109
v 0.144609 0.013466 0.031329
v 0.136909 0.015031 0.042373
v 0.128781 0.017885 0.053870
v 0.127518 0.015361 0.056659
v 0.149387 0.015938 0.023472
v 0.128622 0.014169 0.055297
v 0.143249 0.014067 0.032858
v 0.145046 0.012579 0.035297
v 0.134388 0.013328 0.047824
v 0.142873 0.009273 0.039846
v 0.120426 0.013978 0.068236
v 0.125330 0.013381 0.061140
v 0.138754 0.013008 0.041592
v 0.139679 0.013140 0.039708
v 0.154274 0.010953 0.019328
v 0.144555 0.009580 0.037334
v 0.146309 0.009349 0.035007
v 0.133980 0.014601 0.047177
v 0.143387 0.013078 0.035781
v 0.150753 0.008127 0.022683
v 0.132112 0.009373 0.055082
v 0.153508 0.010205 0.020494
v 0.141880 0.008237 0.040210
v 0.140745 0.014556 0.036491
v 0.141304 0.016101 0.035898
v 0.151811 0.011577 0.024189
v 0.153864 0.012408 0.020334
v 0.154055 0.013341 0.018951
v 0.122809 0.012625 0.066110
v 0.144225 0.014421 0.031427
v 0.144814 0.015470 0.030562
v 0.154454 0.012876 0.018849
v 0.134646 0.018780 0.044854
v 0.118718 0.014765 0.070487
v 0.147019 0.013598 0.027527
v 0.126556 0.009764 0.062646
v 0.124945 0.009402 0.063780
v 0.132468 0.018186 0.048392
v 0.141339 0.012875 0.038719
v 0.145958 0.013321 0.030773
v 0.144173 0.008552 0.037195
v 0.147766 0.013440 0.028317
v 0.152024 0.010646 0.023765
v 0.153082 0.012762 0.021648
v 0.145510 0.015255 0.029320
v 0.131119 0.013584 0.052149
v 0.146643 0.013367 0.029105
v 0.112130 0.008516 0.071908
v 0.117032 0.008511 0.062349
v 0.124205 0.008783 0.055511
v 0.127568 0.008478 0.047084
v 0.147005 0.013324 0.030079
v 0.148587 0.008554 0.012205
v 0.138694 0.008271 0.043064
v 0.145745 0.008120 0.018541
v 0.140146 0.008131 0.033235
v 0.134199 0.008205 0.037301
v 0.144775 0.010311 0.036679
v 0.130557 0.017434 0.051434
v 0.120924 0.008594 0.056841
v 0.019875 0.007481 -0.152698
v 0.109716 0.007781 -0.100721
v 0.031737 0.004994 -0.100399
v -0.033716 0.003351 -0.050027
v -0.085249 0.001798 0.032301
v -0.044258 0.001504 0.058903
v -0.064826 0.002131 0.119662
v 0.008915 0.003012 0.148070
v -0.033716 0.003351 -0.050027
v -0.120935 0.001533 0.084481
v -0.138989 0.002959 0.023926
v -0.049453 0.004710 -0.102127
v -0.106972 0.007112 -0.048161
v -0.081814 0.009520 -0.120987
v 0.019875 0.007481 -0.152698
v -0.033716 0.003351 -0.050027
v -0.100558 0.011694 -0.101269
v -0.105450 0.011182 -0.085451
v -0.108771 0.013610 -0.089689
v -0.164220 0.011174 -0.006121
v -0.162441 0.012479 -0.009224
v -0.161979 0.010389 -0.008551
v -0.085249 0.001798 0.032301
v -0.136051 0.016245 -0.046019
v -0.042038 0.005577 -0.137595
v -0.036176 0.006925 -0.163093
v -0.125414 0.012771 -0.058910
v -0.130706 0.015829 -0.056462
v -0.143025 0.016421 -0.038466
v -0.119512 0.012058 -0.065286
v -0.114682 0.011879 -0.072097
v -0.128092 0.016137 -0.062259
v -0.152021 0.017281 -0.026336
v -0.147561 0.014605 -0.030891
v -0.150030 0.013905 -0.026947
v -0.123760 0.014101 -0.066451
v -0.126027 0.015563 -0.065310
v -0.157500 0.014174 -0.016609
v -0.158721 0.013069 -0.014265
v -0.160653 0.013916 -0.012059
v -0.154965 0.013926 -0.019865
v -0.155887 0.015073 -0.019594
v -0.153019 0.014674 -0.023203
v -0.158550 0.011173 -0.013721
v -0.156209 0.012719 -0.017639
v -0.155610 0.010698 -0.016879
v -0.160539 0.012631 -0.011631
v -0.159053 0.015929 -0.015697
v -0.155532 0.016758 -0.021157
v -0.151456 0.011590 -0.023516
v -0.153416 0.011093 -0.020307
v -0.153284 0.013002 -0.021672
v -0.147069 0.012160 -0.029485
v -0.148669 0.011111 -0.026864
v -0.141853 0.011017 -0.031602
v -0.146652 0.017398 -0.034297
v -0.143232 0.014273 -0.036249
v -0.149906 0.018637 -0.029899
v -0.110207 0.017091 -0.092056
v -0.106620 0.014958 -0.096574
v -0.112809 0.016467 -0.086472
v -0.151202 0.013063 -0.024639
v -0.138989 0.002959 0.023926
v -0.149313 0.005704 -0.012195
v -0.153015 0.009826 -0.017091
v -0.155309 0.009841 -0.014033
v -0.158516 0.009782 -0.010488
v -0.159991 0.009400 -0.007784
v -0.162564 0.008818 -0.003103
v -0.149606 0.009895 -0.022280
v -0.166540 0.007465 0.010313
v -0.174911 0.003985 0.039150
v -0.167453 0.010816 -0.000909
v -0.161125 0.011201 -0.010533
v -0.094227 0.011205 -0.111902
v -0.112598 0.016528 -0.075843
v -0.111336 0.015899 -0.077886
v -0.111962 0.015215 -0.076874
v -0.166540 0.007465 0.010313
v -0.171214 0.012490 0.002937
v -0.167453 0.010816 -0.000909
v -0.175568 0.011869 0.011583
v -0.184138 0.012584 0.025677
v -0.179261 0.014030 0.014580
v -0.174911 0.003985 0.039150
v -0.168175 0.013983 -0.002336
v -0.168210 0.015693 -0.003384
v -0.179555 0.016817 0.012849
v -0.176007 0.016497 0.007482
v -0.177868 0.015090 0.011421
v -0.171243 0.016263 0.000709
v -0.175033 0.014288 0.007714
v -0.182500 0.015208 0.019369
v -0.187639 0.017035 0.025618
v -0.163429 0.017324 -0.010472
v -0.183416 0.017129 0.019401
v -0.184968 0.016375 0.022378
v -0.180638 0.015779 0.015608
v -0.159053 0.015929 -0.015697
v -0.160653 0.013916 -0.012059
v -0.163210 0.015181 -0.009520
v -0.165862 0.013784 -0.005345
v -0.163545 0.013543 -0.008256
v -0.190155 0.016114 0.030017
v -0.166168 0.015281 -0.005751
v -0.164220 0.011174 -0.006121
v -0.162441 0.012479 -0.009224
v 0.030700 0.014384 -0.202771
v 0.033984 0.015637 -0.201004
v 0.037093 0.015291 -0.197442
v 0.040895 0.016582 -0.196765
v 0.036553 0.015873 -0.199245
v 0.038990 0.016699 -0.197650
v 0.037725 0.016129 -0.198467
v 0.044428 0.015498 -0.194604
v 0.042344 0.015918 -0.195933
v 0.045791 0.016495 -0.193692
v 0.042244 0.014303 -0.195362
v 0.039921 0.014051 -0.194518
v 0.028545 0.013954 -0.202012
v 0.029479 0.011128 -0.193603
v -0.100057 0.006117 0.149121
v -0.103791 0.006814 0.148260
v -0.104016 0.005582 0.145723
v -0.135201 0.011161 0.129101
v -0.135109 0.009883 0.128947
v -0.132278 0.009842 0.130439
v -0.154538 0.009606 0.115090
v -0.157139 0.010667 0.114518
v -0.159260 0.009145 0.111987
v -0.120160 0.012717 0.139001
v -0.120299 0.013724 0.139040
v -0.121637 0.013803 0.138309
v -0.080268 0.014764 0.165771
v -0.077780 0.014644 0.167373
v -0.079224 0.015959 0.167194
v -0.116425 0.014790 0.141743
v -0.117718 0.015945 0.141622
v -0.118136 0.015088 0.140800
v -0.113993 0.014837 0.143438
v -0.115765 0.015527 0.142579
v -0.115104 0.014622 0.142477
v -0.058654 0.015539 0.181332
v -0.058458 0.016895 0.182033
v -0.106214 0.006650 0.146640
v -0.105729 0.007475 0.146581
v -0.138176 0.010175 0.127393
v -0.140170 0.010929 0.126393
v -0.140923 0.009078 0.124865
v -0.181503 0.015518 0.100057
v -0.133684 0.008292 0.128692
v -0.151807 0.013449 0.119566
v -0.155180 0.013388 0.117588
v -0.153179 0.013090 0.118546
v -0.107448 0.009796 0.146418
v -0.108717 0.008447 0.144960
v -0.103492 0.009404 0.149064
v -0.061859 0.012899 0.178036
v -0.062948 0.013642 0.177572
v -0.063788 0.013062 0.176874
v -0.109390 0.006961 0.144223
v -0.107400 0.005477 0.142993
v -0.063274 0.014701 0.177692
v -0.064659 0.013839 0.176548
v -0.135704 0.008410 0.127525
v -0.127124 0.012147 0.134240
v -0.124318 0.011714 0.135801
v -0.125385 0.012716 0.135471
v -0.120092 0.017386 0.140604
v -0.122697 0.013033 0.137553
v -0.120886 0.011857 0.138309
v -0.073211 0.012538 0.169896
v -0.067558 0.011947 0.173524
v -0.071476 0.013136 0.171589
v -0.097778 0.016295 0.154782
v -0.097745 0.015196 0.154315
v -0.097200 0.015428 0.154970
v -0.103585 0.008355 0.148626
v -0.166865 0.013284 0.109317
v -0.165345 0.013917 0.110469
v -0.168863 0.014578 0.108517
v -0.098087 0.014572 0.153666
v -0.099414 0.015199 0.153319
v -0.127617 0.009439 0.132673
v -0.125799 0.010667 0.134353
v -0.130038 0.010663 0.131806
v -0.158324 0.014147 0.115578
v -0.156794 0.013986 0.116709
v -0.156909 0.014748 0.116296
v -0.070055 0.013625 0.172635
v -0.139039 0.008812 0.125694
v -0.112739 0.007597 0.141903
v -0.108717 0.007726 0.144603
v -0.196643 0.004940 0.070984
v -0.178036 0.003951 0.083847
v -0.195514 0.011964 0.085747
v -0.170485 0.008962 0.102958
v -0.165022 0.009881 0.108056
v -0.173152 0.010990 0.102736
v -0.123145 0.016313 0.138070
v -0.167620 0.016667 0.109154
v -0.169789 0.015923 0.107914
v -0.128565 0.013137 0.133716
v -0.130185 0.013362 0.132594
v -0.129819 0.012485 0.132720
v -0.064826 0.002131 0.119662
v -0.101137 0.004691 0.138169
v -0.120935 0.001533 0.084481
v -0.161802 0.015583 0.113022
v -0.163326 0.014139 0.111886
v -0.161732 0.013964 0.112862
v -0.079825 0.013872 0.166013
v -0.081435 0.013589 0.165258
v -0.080447 0.013132 0.165868
v -0.161789 0.003243 0.100407
v -0.171070 0.006609 0.098434
v -0.108799 0.012113 0.146390
v -0.112906 0.011568 0.143488
v -0.108273 0.011047 0.146324
v -0.103945 0.014941 0.150079
v -0.104985 0.013590 0.149155
v -0.102701 0.013744 0.150747
v -0.094134 0.012533 0.156633
v -0.095007 0.013133 0.156052
v -0.097328 0.012837 0.154172
v -0.116307 0.012608 0.141499
v -0.118129 0.013588 0.140493
v -0.118835 0.013007 0.140039
v -0.131828 0.008195 0.129391
v -0.133899 0.007600 0.126718
v -0.103980 0.010625 0.149173
v -0.104315 0.011976 0.149361
v -0.186488 0.013304 0.094570
v -0.182095 0.011862 0.096715
v -0.154148 0.010540 0.116470
v -0.151779 0.009369 0.117230
v -0.151773 0.010697 0.118244
v -0.115057 0.006189 0.137756
v -0.175938 0.017357 0.104020
v -0.177183 0.015643 0.102945
v -0.161549 0.010847 0.111601
v -0.158459 0.011453 0.114156
v -0.162107 0.011491 0.111600
v -0.049734 0.015849 0.186839
v -0.052377 0.015885 0.185510
v -0.050370 0.015213 0.186600
v -0.085414 0.013876 0.162330
v -0.084963 0.013076 0.162624
v -0.083914 0.013599 0.163200
v -0.143132 0.016699 0.125071
v -0.142947 0.014887 0.125167
v -0.141471 0.015622 0.125899
v -0.056723 0.011749 0.180887
v -0.055411 0.012490 0.182295
v -0.059077 0.012807 0.180050
v -0.123135 0.014509 0.137226
v -0.121636 0.014897 0.138296
v -0.123782 0.015548 0.137383
v -0.090523 0.012209 0.158871
v -0.094584 0.010849 0.155780
v -0.052181 0.009144 0.182303
v -0.051888 0.009965 0.183139
v -0.054923 0.010006 0.181106
v -0.106821 0.011850 0.147593
v -0.141994 0.008679 0.122557
v -0.143185 0.009798 0.123861
v -0.112311 0.008717 0.142676
v -0.112759 0.009761 0.142735
v -0.127668 0.016160 0.135019
v -0.129669 0.016077 0.133572
v -0.129128 0.015192 0.133435
v -0.132143 0.012082 0.131282
v -0.128922 0.011591 0.132765
v -0.159062 0.014912 0.114842
v -0.098928 0.011003 0.152813
v -0.106048 0.012609 0.148212
v -0.103869 0.012924 0.149877
v -0.113861 0.008913 0.141751
v -0.147454 0.009061 0.118610
v -0.149461 0.009501 0.119201
v -0.099142 0.013980 0.153029
v -0.097282 0.013978 0.154143
v -0.111588 0.012534 0.144904
v -0.114109 0.012523 0.143211
v -0.094824 0.007480 0.153946
v -0.094921 0.006373 0.151136
v -0.090441 0.007468 0.156500
v -0.108826 0.013884 0.146656
v -0.108369 0.014660 0.146949
v -0.110523 0.014353 0.145477
v -0.122537 0.011903 0.137156
v -0.123746 0.012518 0.136481
v -0.116062 0.008821 0.140292
v -0.114475 0.008330 0.141052
v -0.118210 0.009458 0.139156
v -0.110274 0.015565 0.146148
v -0.108124 0.016320 0.147985
v -0.092176 0.015380 0.158195
v -0.093299 0.017347 0.158220
v -0.094115 0.015614 0.157162
v -0.108340 0.013103 0.147106
v -0.106600 0.014166 0.148043
v -0.140335 0.014828 0.126940
v -0.138687 0.014715 0.128249
v -0.139010 0.015579 0.127645
v -0.124115 0.008370 0.134184
v -0.122902 0.009243 0.135838
v -0.125493 0.009075 0.133992
v -0.152733 0.011818 0.118151
v -0.154794 0.011690 0.116682
v -0.152126 0.011409 0.118338
v -0.106537 0.014890 0.148388
v -0.105984 0.015524 0.149255
v -0.096227 0.014372 0.154881
v -0.095310 0.014178 0.155746
v -0.095402 0.015002 0.155891
v -0.121349 0.010659 0.137411
v -0.102615 0.016358 0.151625
v -0.172678 0.012844 0.104480
v -0.177621 0.013884 0.101500
v -0.176144 0.012321 0.101582
v -0.131267 0.016761 0.132737
v -0.082759 0.014618 0.164284
v -0.081408 0.014062 0.165136
v -0.101126 0.014521 0.151783
v -0.155104 0.017077 0.117411
v -0.158007 0.016529 0.115555
v -0.154467 0.015236 0.117706
v -0.100399 0.016859 0.153471
v -0.107870 0.015303 0.147803
v -0.090760 0.010335 0.158038
v -0.087155 0.009287 0.159608
v -0.084435 0.010799 0.161998
v -0.153053 0.008656 0.114058
v -0.116475 0.014068 0.141614
v -0.117202 0.013841 0.140959
v -0.115534 0.013236 0.142224
v -0.115169 0.013923 0.142505
v -0.113598 0.013238 0.143815
v -0.139357 0.012231 0.127162
v -0.135369 0.012807 0.129672
v -0.137743 0.013227 0.128563
v -0.086787 0.013553 0.161649
v -0.126968 0.013102 0.134677
v -0.114059 0.014065 0.143289
v -0.112284 0.014929 0.144575
v -0.112589 0.014077 0.144309
v -0.067284 0.009348 0.171989
v -0.074879 0.009126 0.166997
v -0.070736 0.008089 0.168841
v -0.171518 0.011937 0.104646
v -0.149703 0.008788 0.116711
v -0.166121 0.015478 0.110261
v -0.165223 0.014713 0.110903
v -0.164258 0.015846 0.111377
v -0.151116 0.012774 0.119998
v -0.154793 0.012762 0.117334
v -0.153605 0.012179 0.117886
v -0.120669 0.015694 0.139519
v -0.117719 0.011421 0.140197
v -0.124384 0.013274 0.136077
v -0.154519 0.011080 0.116490
v -0.135952 0.014486 0.129396
v -0.134399 0.014731 0.130107
v -0.135498 0.015262 0.129902
v -0.075484 0.015248 0.169260
v -0.075666 0.014198 0.168942
v -0.127320 0.013940 0.134416
v -0.100863 0.013595 0.151844
v -0.102055 0.012812 0.151193
v -0.141876 0.014307 0.126079
v -0.125837 0.013637 0.135352
v -0.124484 0.014138 0.136090
v -0.082705 0.013820 0.164158
v -0.150018 0.014114 0.120814
v -0.152595 0.013964 0.119051
v -0.077059 0.016050 0.168873
v -0.104442 0.015935 0.150354
v -0.091120 0.008152 0.156552
v -0.113941 0.016193 0.144080
v -0.140234 0.016138 0.126970
v -0.125406 0.015263 0.136031
v -0.125478 0.016539 0.136712
v -0.137150 0.009123 0.127415
v -0.127987 0.008420 0.131004
v -0.138190 0.005640 0.118642
v -0.120429 0.008759 0.135777
v -0.081004 0.009821 0.163575
v -0.083549 0.008304 0.160975
v -0.180929 0.013081 0.098558
v -0.183557 0.014246 0.097648
v -0.129938 0.008631 0.131024
v -0.127455 0.014937 0.134432
v -0.130789 0.015295 0.132430
v -0.132518 0.015154 0.131172
v -0.169484 0.012295 0.106603
v -0.169767 0.012911 0.107069
v -0.172292 0.013966 0.105720
v -0.166471 0.011581 0.108254
v -0.126160 0.014485 0.135211
v -0.147437 0.014252 0.122576
v -0.145700 0.013843 0.123780
v -0.144808 0.015125 0.123987
v -0.157128 0.012180 0.115490
v -0.193788 0.017753 0.092280
v -0.189982 0.016997 0.094323
v -0.173390 0.015362 0.105365
v -0.137641 0.014049 0.128757
v -0.136876 0.014856 0.129013
v -0.096176 0.013775 0.155028
v -0.060066 0.009737 0.177259
v -0.055447 0.016932 0.183967
v -0.130412 0.014282 0.132307
v -0.131485 0.013557 0.131873
v -0.097170 0.014601 0.154335
v -0.132027 0.014203 0.131494
v -0.084068 0.014112 0.163118
v -0.137607 0.008113 0.125211
v -0.135630 0.007812 0.126040
v -0.077222 0.013171 0.167870
v -0.076023 0.012728 0.168257
v -0.075673 0.013291 0.168944
v -0.160348 0.008003 0.108513
v -0.094012 0.014616 0.156600
v -0.081822 0.012264 0.164378
v -0.078565 0.012755 0.166825
v -0.128852 0.014154 0.133361
v -0.142197 0.011367 0.125255
v -0.135838 0.013841 0.129500
v -0.133642 0.015895 0.131008
v -0.132850 0.013194 0.131208
v -0.133875 0.013944 0.130490
v -0.154812 0.014202 0.117796
v -0.111821 0.008332 0.142847
v -0.134987 0.016405 0.130376
v -0.137140 0.016120 0.128859
v -0.131391 0.012864 0.131917
v -0.077264 0.007743 0.164421
v -0.143145 0.014083 0.125409
v -0.099983 0.013019 0.152512
v -0.095767 0.016373 0.156371
v -0.143999 0.014279 0.124765
v -0.073806 0.014573 0.170259
v -0.160675 0.013272 0.113637
v -0.160010 0.014091 0.114305
v -0.091272 0.016765 0.159422
v -0.167039 0.014859 0.109841
v -0.167933 0.015385 0.109150
v -0.190733 0.015276 0.093028
v -0.144355 0.013632 0.124589
v -0.146593 0.012586 0.122892
v -0.148907 0.010937 0.120479
v -0.145781 0.011168 0.122593
v -0.147850 0.013376 0.122313
v -0.140310 0.013551 0.127283
v -0.150832 0.011926 0.119764
v -0.173898 0.016043 0.104978
v -0.173079 0.015614 0.105596
v -0.172568 0.016901 0.105953
v -0.149454 0.013572 0.121271
v -0.061095 0.015581 0.179646
v -0.063326 0.015858 0.178338
v -0.061493 0.013698 0.178719
v -0.145204 0.009617 0.121135
v -0.079903 0.011067 0.164978
v -0.090198 0.014701 0.159174
v -0.089502 0.016089 0.160205
v -0.084720 0.005929 0.157007
v -0.072317 0.006410 0.166525
v -0.146694 0.015393 0.122682
v -0.060290 0.014582 0.179902
v -0.078498 0.013540 0.167143
v -0.118793 0.014430 0.140263
v -0.119638 0.014216 0.139558
v -0.055335 0.006271 0.174579
v -0.060108 0.006631 0.173957
v -0.059865 0.005572 0.164943
v -0.061944 0.011903 0.177312
v -0.058148 0.011180 0.179618
v -0.158331 0.013541 0.115630
v -0.065062 0.005629 0.168823
v -0.086592 0.011900 0.161203
v -0.087678 0.012853 0.160982
v -0.065690 0.014585 0.176154
v -0.066141 0.015645 0.176241
v -0.067629 0.014783 0.175019
v -0.071968 0.010860 0.169943
v -0.163213 0.013421 0.111644
v -0.110810 0.013452 0.145505
v -0.055169 0.015352 0.183677
v -0.056551 0.014003 0.182298
v -0.075179 0.016262 0.170222
v -0.148369 0.014759 0.121524
v -0.148554 0.016213 0.121400
v -0.120813 0.009119 0.137347
v -0.101483 0.015547 0.152068
v -0.151426 0.014594 0.119506
v -0.062058 0.015249 0.178912
v -0.096500 0.015563 0.155405
v -0.145372 0.017339 0.123441
v -0.076382 0.010778 0.167088
v -0.064736 0.012656 0.175841
v -0.063058 0.012537 0.177169
v -0.149861 0.015056 0.120608
v -0.077355 0.011947 0.167082
v -0.075123 0.012330 0.168553
v -0.139964 0.008305 0.123552
v -0.054573 0.010949 0.181981
v -0.055845 0.011028 0.181104
v -0.151822 0.016112 0.119358
v -0.153146 0.014405 0.118572
v -0.069213 0.015991 0.174347
v -0.050946 0.013823 0.185637
v -0.051072 0.014680 0.185891
v -0.053316 0.014287 0.184353
v -0.053070 0.013265 0.184254
v -0.158176 0.012828 0.115322
v -0.092708 0.008931 0.156035
v -0.088878 0.013518 0.160270
v -0.082534 0.013207 0.164251
v -0.162292 0.012344 0.112113
v -0.069382 0.014637 0.173455
v -0.096660 0.014996 0.154980
v -0.094837 0.013752 0.156070
v -0.056876 0.007006 0.178024
v -0.062104 0.008499 0.175013
v -0.064815 0.007662 0.172481
v -0.067440 0.013465 0.174404
v -0.096780 0.007964 0.153104
v -0.101032 0.011986 0.151684
v -0.066470 0.014061 0.175231
v -0.160197 0.002497 0.063286
v -0.138989 0.002959 0.023926
v -0.074525 0.011676 0.168709
v -0.174911 0.003985 0.039150
v -0.071781 0.016418 0.172642
v -0.071114 0.015444 0.172539
v -0.171771 0.015477 0.106574
v -0.076991 0.013756 0.168045
v -0.073361 0.015643 0.171033
v -0.097840 0.009187 0.152935
v -0.067855 0.006049 0.168751
v -0.074020 0.005149 0.156246
v -0.067788 0.014194 0.174546
v -0.166935 0.012400 0.108805
v -0.153721 -0.000000 0.090608
v -0.101315 0.007698 0.149971
v -0.071688 0.014743 0.171719
v -0.054200 0.011483 0.182737
v -0.055304 0.011609 0.181691
v -0.143166 0.013373 0.125349
v -0.052944 0.010807 0.183097
v -0.052633 0.011931 0.184041
v -0.054580 0.008370 0.180509
v -0.178868 0.008900 0.095929
v -0.065381 0.013438 0.175616
v -0.092076 0.014368 0.157931
v -0.093192 0.014285 0.157138
v -0.093578 0.013572 0.157145
v -0.165499 0.016887 0.110551
v -0.149746 0.014537 0.120674
v -0.073849 0.013628 0.170277
v -0.185572 0.015560 0.097078
v -0.083777 0.016104 0.163966
v -0.085438 0.014795 0.162441
v -0.184362 0.004901 0.061776
v -0.144324 0.010832 0.123601
v -0.087216 0.014202 0.161221
v -0.086725 0.016029 0.161924
v -0.091173 0.013147 0.158613
v -0.090045 0.013947 0.159153
v -0.091856 0.013734 0.158097
v -0.072342 0.013994 0.171146
v -0.132014 0.007738 0.128046
v -0.087913 0.014965 0.160806
v -0.088776 0.014297 0.159979
v -0.187604 0.016553 0.095795
v -0.058875 0.006632 0.177170
v -0.061435 0.006961 0.174351
v -0.062944 0.006729 0.173811
v -0.065672 0.006869 0.171197
v -0.081467 0.015647 0.165412
v -0.143127 0.012207 0.124881
v -0.050133 0.010998 0.184845
v 0.140747 0.015177 -0.129376
v 0.140106 0.015911 -0.130113
v 0.143283 0.015315 -0.128068
v 0.177862 0.014824 -0.104323
v 0.176466 0.014294 -0.105401
v 0.173488 0.014585 -0.107766
v 0.142457 0.014332 -0.128469
v 0.139404 0.014450 -0.130115
v 0.140333 0.014630 -0.129470
v 0.163071 0.014047 -0.115155
v 0.160640 0.013040 -0.115317
v 0.159000 0.013128 -0.116805
v 0.123300 0.016567 -0.140821
v 0.173275 0.013257 -0.107687
v 0.175694 0.013038 -0.105963
v 0.172938 0.012850 -0.107841
v 0.125758 0.013914 -0.132372
v 0.109716 0.007781 -0.100721
v 0.119935 0.012738 -0.130544
v 0.173981 0.015279 -0.107606
v 0.178238 0.013238 -0.104081
v 0.180661 0.012989 -0.102001
v 0.178471 0.012801 -0.103732
v 0.142940 0.016545 -0.128403
v 0.146004 0.015307 -0.126584
v 0.125818 0.015624 -0.138717
v 0.126658 0.016770 -0.138317
v 0.168342 0.016575 -0.111237
v 0.131180 0.014927 -0.135144
v 0.133123 0.013737 -0.132342
v 0.118810 0.015759 -0.143625
v 0.173370 0.016289 -0.107898
v 0.159587 0.014465 -0.117487
v 0.156813 0.015126 -0.119461
v 0.160520 0.015276 -0.116772
v 0.153562 0.016166 -0.121750
v 0.141292 0.014732 -0.129059
v 0.143506 0.014648 -0.127828
v 0.166566 0.011459 -0.110765
v 0.171952 0.012382 -0.109215
v 0.170420 0.011398 -0.107378
v 0.154761 0.012342 -0.113354
v 0.184630 0.010523 -0.069615
v 0.179939 0.015634 -0.102637
v 0.181611 0.015269 -0.101297
v 0.146141 0.014634 -0.126328
v 0.167141 0.015471 -0.112648
v 0.170016 0.014972 -0.110481
v 0.165668 0.014800 -0.113326
v 0.178878 0.012252 -0.103444
v 0.175714 0.012512 -0.105834
v 0.170785 0.015729 -0.110186
v 0.157594 0.015885 -0.119029
v 0.177055 0.015650 -0.104982
v 0.113871 0.012875 -0.145387
v 0.114871 0.012461 -0.135895
v 0.110500 0.012108 -0.140204
v 0.133977 0.015010 -0.133277
v 0.134809 0.015695 -0.132719
v 0.136583 0.015005 -0.131528
v 0.146390 0.015960 -0.126506
v 0.124419 0.015161 -0.140001
v 0.170200 0.012930 -0.110012
v 0.173009 0.013672 -0.107989
v 0.168980 0.014209 -0.111019
v 0.151877 0.013003 -0.122064
v 0.151141 0.014741 -0.123342
v 0.154229 0.013242 -0.120547
v 0.121846 0.015373 -0.141768
v 0.122975 0.013796 -0.139213
v 0.120825 0.015055 -0.142807
v 0.137436 0.014530 -0.131817
v 0.177777 0.011673 -0.103023
v 0.173619 0.011276 -0.105273
v 0.180994 0.013432 -0.101790
v 0.177572 0.013596 -0.104459
v 0.148313 0.015169 -0.125133
v 0.182383 0.016216 -0.100814
v 0.178275 0.014379 -0.103848
v 0.118250 0.014991 -0.144341
v 0.120025 0.013387 -0.140777
v 0.117792 0.014606 -0.145323
v 0.132552 0.016060 -0.134349
v 0.163951 0.015707 -0.114695
v 0.163727 0.015182 -0.114669
v 0.112999 0.016132 -0.147407
v 0.113459 0.014986 -0.147076
v 0.113669 0.014391 -0.147574
v 0.111571 0.013855 -0.148135
v 0.106564 0.012216 -0.149737
v 0.109007 0.013283 -0.149602
v 0.179897 0.014198 -0.102677
v 0.175804 0.014027 -0.106030
v 0.175504 0.013386 -0.106106
v 0.129549 0.012554 -0.124421
v 0.129226 0.016560 -0.136526
v 0.169906 0.011909 -0.102206
v 0.136362 0.011767 -0.119900
v 0.144655 0.012325 -0.124655
v 0.139083 0.014963 -0.130191
v 0.137982 0.012942 -0.128551
v 0.162242 0.014779 -0.115525
v 0.117138 0.012299 -0.131901
v 0.115584 0.015641 -0.145626
v 0.147592 0.013310 -0.125444
v 0.121251 0.016139 -0.142152
v 0.148735 0.014462 -0.124951
v 0.160893 0.015821 -0.116801
v 0.117945 0.013261 -0.141715
v 0.177978 0.011343 -0.096521
v 0.173543 0.014133 -0.107685
v 0.106237 0.011497 -0.139262
v 0.174617 0.011581 -0.098834
v 0.116426 0.013308 -0.144607
v 0.115317 0.014462 -0.146700
v 0.137556 0.015617 -0.131301
v 0.127335 0.015489 -0.137069
v 0.142191 0.014167 -0.129248
v 0.156681 0.013604 -0.118799
v 0.165498 0.012679 -0.113428
v 0.115862 0.014816 -0.145711
v 0.151032 0.015697 -0.123430
v 0.153829 0.014892 -0.121540
v 0.148655 0.015666 -0.124911
v 0.181251 0.012491 -0.101600
v -0.087614 0.017006 -0.126768
v -0.090616 0.015811 -0.120428
v -0.101398 0.016069 -0.106309
v -0.095720 0.017243 -0.114422
v -0.099109 0.014228 -0.108266
v -0.098665 0.016092 -0.109952
v -0.104120 0.015480 -0.101869
v -0.104888 0.016989 -0.101564
v -0.085367 0.015703 -0.129498
v -0.084290 0.013730 -0.128319
v -0.086714 0.014131 -0.125140
v -0.083834 0.017219 -0.133085
v -0.082451 0.015359 -0.133873
v -0.079528 0.016745 -0.140008
v 0.117792 0.016941 0.071284
v 0.107252 0.011218 0.090886
v 0.103431 0.011070 0.096275
v 0.104245 0.010453 0.095127
v 0.112788 0.008707 0.080823
v 0.109948 0.009827 0.087856
v 0.108726 0.008829 0.088068
v 0.116723 0.013649 0.073958
v 0.117561 0.014462 0.072103
v 0.116277 0.014700 0.073888
v 0.115267 0.014297 0.075643
v 0.115637 0.015052 0.075067
v 0.115077 0.015945 0.075591
v 0.114239 0.013190 0.078205
v 0.113450 0.013392 0.079186
v 0.113084 0.012965 0.080232
v 0.113045 0.014906 0.078943
v 0.112498 0.018280 0.078820
v 0.111263 0.015828 0.081599
v 0.101692 0.008388 0.098106
v 0.105145 0.008180 0.083601
v 0.105595 0.008488 0.091483
v 0.101736 0.011470 0.098684
v 0.104759 0.011693 0.094212
v 0.104664 0.013961 0.092657
v 0.105539 0.014491 0.091003
v 0.104655 0.014389 0.092271
v 0.111065 0.012424 0.084867
v 0.110727 0.012032 0.085446
v 0.112702 0.012043 0.082680
v 0.102059 0.016956 0.095787
v 0.103118 0.015647 0.094329
v 0.103600 0.017534 0.093211
v 0.106221 0.009883 0.093198
v 0.113781 0.012778 0.079857
v 0.115147 0.012421 0.078667
v 0.105486 0.016943 0.090305
v 0.115260 0.013151 0.077063
v 0.115782 0.012838 0.076789
v 0.112130 0.008516 0.071908
v 0.099306 0.009498 0.102967
v 0.102307 0.009723 0.098638
v 0.107032 0.013904 0.088894
v 0.106462 0.015078 0.089280
v 0.108523 0.016582 0.085770
v 0.121397 0.011995 0.069707
v 0.120835 0.011620 0.070544
v 0.123802 0.011513 0.065970
v 0.100439 0.013744 0.099428
v 0.101956 0.013419 0.097588
v 0.100862 0.014020 0.098483
v 0.105236 0.012984 0.092747
v 0.103523 0.012460 0.095530
v 0.106286 0.012526 0.091596
v 0.109673 0.014151 0.084594
v 0.110044 0.013337 0.085050
v 0.110608 0.013521 0.084063
v 0.109928 0.016162 0.083690
v 0.110264 0.015094 0.083498
v 0.109374 0.015369 0.084782
v 0.108778 0.014901 0.085762
v 0.113733 0.009955 0.081780
v 0.111323 0.010123 0.085150
v 0.113259 0.009749 0.083072
v 0.106012 0.013374 0.091278
v 0.107448 0.013356 0.089019
v 0.118594 0.012548 0.073323
v 0.120838 0.012823 0.069217
v 0.119012 0.012785 0.072148
v 0.119526 0.011103 0.072711
v 0.104155 0.013645 0.093775
v 0.105147 0.013428 0.092635
v 0.107708 0.014608 0.087405
v 0.108766 0.013931 0.086104
v 0.108047 0.010370 0.089762
v 0.098422 0.008403 0.102819
v 0.100682 0.013039 0.099603
v 0.099971 0.010332 0.101199
v 0.107705 0.012733 0.089283
v 0.111613 0.012802 0.083165
v 0.109829 0.012922 0.086043
v 0.106966 0.016202 0.088218
v 0.117809 0.013402 0.072927
v 0.116863 0.013008 0.074607
v 0.112515 0.013307 0.080471
v 0.111931 0.013043 0.081743
v 0.120630 0.012423 0.070637
v 0.113192 0.013824 0.079056
v 0.112776 0.013730 0.079683
v 0.115628 0.009740 0.079464
v 0.115553 0.010005 0.079004
v 0.117525 0.012785 0.074192
v 0.107802 0.012067 0.089621
v 0.111604 0.011567 0.084528
v 0.115464 0.011728 0.078671
v 0.113603 0.013836 0.078415
v 0.104153 0.015014 0.092884
v 0.110496 0.013647 0.083510
v 0.111196 0.013666 0.082315
v 0.110426 0.014160 0.083264
v 0.103657 0.014454 0.093810
v 0.114782 0.011118 0.079843
v 0.116215 0.013115 0.075459
v 0.115773 0.013628 0.075316
v 0.100365 0.014853 0.099025
v 0.100851 0.015794 0.097946
v 0.099627 0.015617 0.100038
v 0.102479 0.014630 0.095547
v 0.111959 0.010756 0.084280
v 0.122910 0.012378 0.066923
v 0.111820 0.013387 0.081290
v 0.119164 0.013239 0.071305
v 0.119401 0.013832 0.069856
v 0.118545 0.013944 0.071275
v 0.118689 0.011987 0.073717
v 0.120303 0.013377 0.069189
v 0.111314 0.013095 0.083290
v 0.111204 0.013387 0.083074
v 0.112357 0.012809 0.081746
v 0.093531 0.008157 0.110342
v 0.124411 0.006784 0.010120
v 0.103421 0.013434 0.095271
v 0.114268 0.014297 0.077151
v 0.119554 0.014545 0.069162
v 0.120426 0.013978 0.068236
v 0.112272 0.012667 0.082692
v 0.102041 0.013952 0.096978
v 0.121421 0.013430 0.067119
v 0.116510 0.010446 0.077494
v 0.120854 0.010196 0.070653
v 0.113986 0.013527 0.077930
v 0.099466 0.014571 0.100257
v 0.118669 0.009795 0.074759
v 0.104604 0.016015 0.091953
v 0.118718 0.014765 0.070487
v 0.101047 0.014489 0.097930
v 0.122636 0.012903 0.065587
v 0.115047 0.013430 0.076486
v 0.111916 0.014088 0.080874
v 0.108522 0.013581 0.087176
v 0.099730 0.012050 0.101076
v 0.117037 0.008986 0.074354
v 0.123630 0.010597 0.066262
v 0.114542 0.013593 0.076934
v 0.098734 0.010998 0.102818
v 0.101586 0.014582 0.097120
v 0.124169 0.009960 0.065726
v 0.122809 0.012625 0.066110
v 0.110970 0.014543 0.082355
v 0.113755 0.010281 0.081726
v 0.117032 0.008511 0.062349
v -0.070186 0.017677 -0.154193
v -0.079528 0.016745 -0.140008
v -0.076804 0.016906 -0.144447
v -0.073803 0.017000 -0.148843
v -0.070990 0.015376 -0.151751
v -0.074581 0.012561 -0.143854
v -0.077769 0.014497 -0.140696
v -0.077757 0.016066 -0.142286
v 0.109007 0.013283 -0.149602
v 0.106564 0.012216 -0.149737
v 0.105797 0.013895 -0.152411
v 0.105847 0.015567 -0.152099
v 0.102416 0.013764 -0.154365
v 0.104464 0.014601 -0.152792
v 0.107981 0.014813 -0.150633
v 0.108191 0.015957 -0.150592
v 0.110736 0.015682 -0.148872
v 0.102676 0.012117 -0.151832
v 0.103639 0.013407 -0.154255
v 0.106237 0.011497 -0.139262
v 0.100376 0.013271 -0.156435
v 0.190541 0.015745 -0.095274
v 0.189645 0.016185 -0.096009
v 0.187518 0.016346 -0.097484
v 0.183252 0.010459 -0.096975
v 0.181920 0.011891 -0.101392
v 0.186066 0.011097 -0.097641
v 0.191635 0.014839 -0.094337
v 0.189535 0.014379 -0.095745
v 0.189000 0.015237 -0.096336
v 0.191713 0.013860 -0.094196
v 0.186243 0.013616 -0.098039
v 0.193156 0.014466 -0.093215
v 0.183941 0.012160 -0.099583
v 0.184597 0.016161 -0.099367
v 0.184707 0.015218 -0.099235
v 0.181611 0.015269 -0.101297
v 0.193750 0.014941 -0.092662
v 0.187497 0.012821 -0.097103
v 0.190899 0.012101 -0.094919
v 0.187083 0.012154 -0.097444
v 0.195078 0.015817 -0.092271
v 0.192614 0.015516 -0.093788
v 0.195865 0.014949 -0.091336
v 0.185802 0.014497 -0.098427
v 0.190914 0.010415 -0.086594
v 0.189728 0.010703 -0.093503
v 0.193643 0.010433 -0.090621
v 0.180994 0.013432 -0.101790
v 0.179897 0.014198 -0.102677
v 0.182383 0.016216 -0.100814
v 0.195727 0.014299 -0.091448
v 0.194985 0.013418 -0.091866
v 0.177777 0.011673 -0.103023
v 0.178878 0.012252 -0.103444
v 0.194513 0.012366 -0.092261
v 0.197076 0.011057 -0.089080
v 0.181769 0.011113 -0.093156
v 0.190860 0.013109 -0.094847
v 0.183879 0.012877 -0.099561
v 0.181251 0.012491 -0.101600
v 0.187255 0.010665 -0.090107
v 0.195031 0.015329 -0.091986
v 0.180661 0.012989 -0.102001
v 0.177978 0.011343 -0.096521
v 0.184727 0.011058 -0.089462
v 0.177572 0.013596 -0.104459
v -0.045047 0.016032 0.180227
v -0.043354 0.015057 0.180447
v -0.045033 0.015111 0.179701
v -0.046701 0.015037 0.178568
v -0.047106 0.015831 0.178770
v -0.045992 0.015376 0.179255
v -0.058112 0.015047 0.171230
v -0.056857 0.014547 0.171721
v -0.057535 0.014601 0.171048
v -0.053264 0.014745 0.173856
v -0.051502 0.014724 0.173034
v -0.053178 0.014657 0.172360
v -0.051680 0.014597 0.174399
v -0.053927 0.014486 0.173096
v -0.054522 0.014556 0.172270
v -0.045735 0.014815 0.178663
v -0.051288 0.015946 0.176331
v -0.053338 0.015589 0.174618
v -0.052367 0.015036 0.174824
v -0.046560 0.014790 0.177738
v -0.045237 0.014823 0.177269
v -0.040058 0.015315 0.183265
v -0.041700 0.015041 0.181647
v -0.042078 0.016175 0.182316
v -0.047572 0.014982 0.177818
v -0.048390 0.015536 0.177863
v -0.049818 0.015836 0.177196
v -0.056051 0.016587 0.173198
v -0.054158 0.016473 0.174558
v -0.056782 0.015424 0.172369
v -0.057977 0.016430 0.171663
v -0.048640 0.014871 0.176798
v -0.049864 0.014746 0.175950
v -0.046047 0.014967 0.174069
v -0.047120 0.014781 0.176392
v -0.051199 0.014876 0.175337
v -0.055530 0.014601 0.172653
v -0.054607 0.014672 0.173384
v -0.054648 0.014429 0.172971
v -0.027214 0.015682 0.190992
v -0.050859 0.015366 0.176114
v -0.054454 0.015471 0.165358
v -0.050592 0.015667 0.164724
v -0.053296 0.015624 0.162221
v -0.035707 0.015079 0.185701
v -0.035186 0.014930 0.184760
v -0.037430 0.015060 0.184681
v -0.019089 0.015569 0.189365
v -0.021697 0.015487 0.187791
v -0.022399 0.015479 0.189557
v -0.027443 0.015414 0.180927
v -0.028706 0.015166 0.184171
v -0.025091 0.015300 0.184316
v -0.024674 0.015465 0.189813
v -0.023582 0.015621 0.191421
v -0.025583 0.015579 0.191140
v -0.042337 0.014954 0.180687
v -0.041648 0.014959 0.180950
v -0.018051 0.015593 0.166474
v -0.056917 0.014621 0.170838
v -0.043551 0.014918 0.175976
v -0.042431 0.015295 0.172265
v -0.058499 0.015090 0.169007
v -0.059756 0.015411 0.169347
v -0.058762 0.015010 0.170094
v -0.051938 0.015556 0.175445
v -0.055851 0.014511 0.171403
v -0.054330 0.014830 0.170783
v -0.048491 0.014698 0.175034
v -0.049029 0.014991 0.172206
v -0.024502 0.015303 0.187539
v -0.059324 0.015729 0.170630
v -0.050224 0.014651 0.174346
v -0.013681 0.015640 0.168323
v -0.054748 0.015429 0.173687
v -0.024642 0.015614 0.177547
v -0.060265 0.016428 0.169973
v -0.060935 0.016063 0.168841
v -0.034932 0.015625 0.171384
v -0.038312 0.015407 0.174330
v -0.034544 0.015587 0.175750
v -0.010644 0.015520 0.164947
v -0.057441 0.015605 0.162387
v -0.057027 0.015404 0.165531
v -0.023506 0.015530 0.166684
v -0.023078 0.015430 0.161095
v -0.027096 0.015420 0.162856
v -0.053975 0.015265 0.174067
v -0.046361 0.015307 0.169809
v -0.040878 0.015480 0.168485
v -0.039029 0.015502 0.170897
v -0.037857 0.015485 0.167927
v -0.043547 0.015462 0.167499
v -0.040702 0.015026 0.177923
v -0.038852 0.015038 0.180930
v -0.036696 0.015244 0.179157
v -0.013808 0.015478 0.162376
v -0.018736 0.015466 0.162026
v -0.052138 0.015439 0.167612
v -0.029972 0.015390 0.160426
v -0.034823 0.015433 0.159719
v -0.031740 0.015438 0.163350
v -0.035162 0.015773 0.186559
v -0.044459 0.014781 0.178999
v -0.046652 0.015511 0.165431
v -0.040650 0.014890 0.181314
v -0.055047 0.015180 0.168164
v -0.030952 0.015217 0.182363
v -0.031855 0.015531 0.178960
v -0.034174 0.015178 0.182119
v -0.019144 0.015305 0.157316
v -0.061335 0.015856 0.166459
v -0.060354 0.015691 0.164790
v -0.036977 0.014938 0.182699
v -0.038594 0.016480 0.184827
v -0.060004 0.015494 0.167611
v -0.061257 0.015772 0.167707
v -0.015244 0.015350 0.158141
v -0.028845 0.015542 0.166184
v -0.052006 0.015083 0.170491
v -0.057897 0.015213 0.167374
v -0.057792 0.014798 0.170317
v -0.020862 0.015580 0.192209
v -0.056585 0.014866 0.169712
v -0.041796 0.014900 0.179990
v -0.040235 0.015969 0.183561
v -0.026364 0.015370 0.158980
v -0.038918 0.014925 0.182831
v -0.043166 0.014786 0.178702
v -0.049563 0.015394 0.168514
v -0.020893 0.015671 0.185349
v -0.007901 0.015577 0.166814
v -0.010427 0.015414 0.156845
v -0.013512 0.015298 0.156311
v -0.032092 0.015029 0.184697
v -0.029678 0.015083 0.186574
v -0.009594 0.015444 0.161307
v -0.023141 0.015585 0.181815
v -0.042648 0.014867 0.180003
v -0.008006 0.015489 0.163853
v -0.028532 0.015615 0.178083
v -0.005937 0.015464 0.164810
v -0.027006 0.015414 0.189383
v -0.028102 0.015532 0.190174
v -0.027026 0.015177 0.185989
v -0.027447 0.015225 0.187621
v -0.028619 0.015430 0.189522
v -0.028922 0.015558 0.190042
v 0.209863 0.016213 -0.083010
v 0.211784 0.015588 -0.081065
v 0.201564 0.017219 -0.087736
v 0.184630 0.010523 -0.069615
v 0.194910 0.010053 -0.084441
v 0.198017 0.009953 -0.081032
v 0.204327 0.015215 -0.085915
v 0.199891 0.015426 -0.089199
v 0.203478 0.016292 -0.086889
v 0.213866 0.017238 -0.078996
v 0.202675 0.013859 -0.086482
v 0.198451 0.013961 -0.089528
v 0.197913 0.016831 -0.090766
v 0.205536 0.012146 -0.083215
v 0.202423 0.009810 -0.078862
v 0.202810 0.010339 -0.083188
v 0.196949 0.015679 -0.091204
v 0.195078 0.015817 -0.092271
v 0.209864 0.011819 -0.079689
v 0.199851 0.010440 -0.085911
v 0.206085 0.009787 -0.075067
v 0.213996 0.014299 -0.076870
v 0.190914 0.010415 -0.086594
v 0.197076 0.011057 -0.089080
v 0.193643 0.010433 -0.090621
v 0.208077 0.014483 -0.083052
v 0.211042 0.014280 -0.080846
v 0.195727 0.014299 -0.091448
v 0.194985 0.013418 -0.091866
v 0.212839 0.014674 -0.079695
v 0.206840 0.015772 -0.084549
v 0.205000 0.015860 -0.085657
v 0.184727 0.011058 -0.089462
v 0.187255 0.010665 -0.090107
v 0.198815 0.012719 -0.088922
v 0.199547 0.017311 -0.089329
v 0.195031 0.015329 -0.091986
v 0.195865 0.014949 -0.091336
v 0.215151 0.017805 -0.075582
v 0.215253 0.017639 -0.076914
v 0.194513 0.012366 -0.092261
v 0.214803 0.016922 -0.077578
v 0.181769 0.011113 -0.093156
v 0.177978 0.011343 -0.096521
v 0.202599 0.012259 -0.085985
v 0.095533 0.009161 0.107626
v 0.093531 0.008157 0.110342
v 0.098422 0.008403 0.102819
v 0.096382 0.011473 0.106352
v 0.096725 0.010141 0.105705
v 0.098734 0.010998 0.102818
v 0.097421 0.009520 0.105133
v 0.094143 0.009903 0.109642
v 0.099306 0.009498 0.102967
v 0.099971 0.010332 0.101199
v 0.061491 0.005442 0.134929
v 0.008915 0.003012 0.148070
v 0.071989 0.006389 0.125536
v 0.085549 0.007554 0.120527
v 0.087785 0.007220 0.116655
v 0.088354 0.016349 0.117863
v 0.087939 0.015209 0.119294
v 0.089215 0.014906 0.117587
v 0.092412 0.011706 0.112638
v 0.094853 0.012556 0.108876
v 0.087044 0.014778 0.121109
v 0.088407 0.014096 0.119198
v 0.083149 0.008372 0.126067
v 0.087022 0.008866 0.120299
v 0.084165 0.009501 0.125109
v 0.089010 0.014439 0.118230
v 0.089270 0.011262 0.117606
v 0.086348 0.012309 0.122118
v 0.087002 0.010448 0.120945
v 0.085628 0.008121 0.122148
v 0.087387 0.008122 0.119657
v 0.088567 0.012868 0.118729
v 0.090310 0.013775 0.116223
v 0.080019 0.006892 0.127155
v 0.083971 0.007696 0.124677
v 0.081919 0.007434 0.127601
v 0.093269 0.015140 0.110375
v 0.094479 0.014183 0.108751
v 0.094241 0.015047 0.108636
v 0.098350 0.013085 0.103293
v 0.096607 0.012833 0.106160
v 0.092946 0.013194 0.111849
v 0.093703 0.013961 0.110526
v 0.092451 0.014497 0.112495
v 0.089566 0.016381 0.115902
v 0.090052 0.014658 0.116584
v 0.096170 0.016767 0.105360
v 0.095574 0.013520 0.107420
v 0.096716 0.013918 0.105155
v 0.095357 0.014867 0.106759
v 0.090827 0.015149 0.114651
v 0.090731 0.014467 0.115611
v 0.091606 0.014099 0.114168
v 0.094216 0.016500 0.108383
v 0.092420 0.017239 0.111039
v 0.090465 0.016400 0.114445
v 0.085781 0.007645 0.122195
v 0.089482 0.008317 0.116669
v 0.087209 0.013966 0.121194
v 0.098125 0.015806 0.102237
v 0.099627 0.015617 0.100038
v 0.090839 0.009541 0.114736
v 0.091477 0.015970 0.112942
v 0.100439 0.013744 0.099428
v 0.099197 0.013888 0.101248
v 0.100682 0.013039 0.099603
v 0.099730 0.012050 0.101076
v 0.073880 0.006188 0.135352
v 0.094531 0.013343 0.109287
v 0.090013 0.015095 0.116028
v 0.089264 0.015362 0.116838
v 0.099466 0.014571 0.100257
v 0.098563 0.014661 0.101690
v 0.096786 0.015130 0.104512
v 0.091485 0.008384 0.113917
v 0.097840 0.014362 0.102957
v 0.086560 0.013448 0.122162
v 0.056708 0.005150 0.141485
v 0.191783 0.015440 -0.040432
v 0.192875 0.015018 -0.041879
v 0.192832 0.016886 -0.042114
v 0.180763 0.012694 -0.027477
v 0.186492 0.014380 -0.037848
v 0.183789 0.014212 -0.029031
v 0.185840 0.014587 -0.030937
v 0.192029 0.014334 -0.040396
v 0.191255 0.014662 -0.039471
v 0.192207 0.014248 -0.039973
v 0.188275 0.015138 -0.035346
v 0.188024 0.014217 -0.034423
v 0.189050 0.014248 -0.035541
v 0.193629 0.014277 -0.042662
v 0.193158 0.014249 -0.041689
v 0.194000 0.014273 -0.041993
v 0.197332 0.015546 -0.046734
v 0.198007 0.014760 -0.046579
v 0.197242 0.014559 -0.045941
v 0.193176 0.014326 -0.040925
v 0.190980 0.014491 -0.036436
v 0.191321 0.014298 -0.038262
v 0.190201 0.014370 -0.036287
v 0.194926 0.014274 -0.043899
v 0.195853 0.014273 -0.045123
v 0.194753 0.014736 -0.044735
v 0.197489 0.014715 -0.048532
v 0.196801 0.014153 -0.046782
v 0.197791 0.014558 -0.047319
v 0.194238 0.014313 -0.043694
v 0.194401 0.014287 -0.043054
v 0.189621 0.016043 -0.037255
v 0.190680 0.017600 -0.039103
v 0.188362 0.017810 -0.035754
v 0.184630 0.010523 -0.069615
v 0.192755 0.014620 -0.043324
v 0.198708 0.016782 -0.050856
v 0.197443 0.016455 -0.048837
v 0.189368 0.014983 -0.036801
v 0.189906 0.014901 -0.036230
v 0.191306 0.014874 -0.037063
v 0.189491 0.014384 -0.034089
v 0.200802 0.015127 -0.052450
v 0.201960 0.015189 -0.054153
v 0.200649 0.015126 -0.053287
v 0.195751 0.017986 -0.046777
v 0.194479 0.016484 -0.044506
v 0.190395 0.014686 -0.038090
v 0.189638 0.014252 -0.036825
v 0.195870 0.015422 -0.046564
v 0.185337 0.016040 -0.030815
v 0.185970 0.015192 -0.031796
v 0.186829 0.016238 -0.033038
v 0.195019 0.014299 -0.043195
v 0.196188 0.014612 -0.044038
v 0.189107 0.014431 -0.034665
v 0.185418 0.014172 -0.030416
v 0.187475 0.014361 -0.031880
v 0.200837 0.015388 -0.052424
v 0.198459 0.015426 -0.050255
v 0.198705 0.014623 -0.049984
v 0.192464 0.014498 -0.041076
v 0.187520 0.014071 -0.032995
v 0.187917 0.014221 -0.032823
v 0.183593 0.015187 -0.028209
v 0.182755 0.014562 -0.026791
v 0.198619 0.014863 -0.047599
v 0.199327 0.015373 -0.049534
v 0.198711 0.014798 -0.048801
v 0.184009 0.014142 -0.028087
v 0.193776 0.015234 -0.043237
v 0.199876 0.014963 -0.050681
v 0.199561 0.014937 -0.051449
v 0.183635 0.017017 -0.028380
v 0.190674 0.015628 -0.038771
v 0.191403 0.014201 -0.038841
v 0.197523 0.014955 -0.053733
v 0.187896 0.014939 -0.033313
v 0.184527 0.015208 -0.029681
v 0.186564 0.014642 -0.032724
v 0.185414 0.014879 -0.031005
v 0.199565 0.015754 -0.051876
v 0.182288 0.013852 -0.025736
v 0.192054 0.014374 -0.038328
v 0.180938 0.013787 -0.023628
v 0.200405 0.016231 -0.053325
v -0.032923 0.015104 0.187465
v -0.032225 0.014989 0.186620
v -0.033434 0.014967 0.186616
v -0.030925 0.015056 0.187827
v -0.030027 0.015589 0.189465
v -0.028922 0.015558 0.190042
v -0.029177 0.015279 0.188536
v -0.029678 0.015083 0.186574
v -0.027447 0.015225 0.187621
v -0.027026 0.015177 0.185989
v -0.035707 0.015079 0.185701
v -0.034495 0.014984 0.186333
v -0.035186 0.014930 0.184760
v -0.033665 0.014964 0.185831
v -0.028619 0.015430 0.189522
v -0.032191 0.016039 0.188401
v -0.027006 0.015414 0.189383
v -0.035162 0.015773 0.186559
v -0.031334 0.015307 0.188599
v -0.032092 0.015029 0.184697
v -0.030317 0.015204 0.188717
v -0.044810 0.007024 0.184739
v -0.044666 0.008686 0.187269
v -0.046739 0.008182 0.185637
v -0.042938 0.008165 0.188392
v -0.040914 0.009753 0.190328
v -0.047205 0.010658 0.186395
v -0.050133 0.010998 0.184845
v -0.049534 0.009520 0.184223
v -0.042184 0.005907 0.175209
v -0.047302 0.006996 0.182764
v -0.050694 0.006814 0.179866
v -0.054580 0.008370 0.180509
v -0.056876 0.007006 0.178024
v -0.048197 0.006647 0.180653
v -0.043783 0.010741 0.188888
v -0.042788 0.011876 0.190247
v -0.045621 0.011537 0.188182
v -0.048428 0.008523 0.184591
v -0.064826 0.002131 0.119662
v 0.008915 0.003012 0.148070
v -0.052181 0.009144 0.182303
v -0.051888 0.009965 0.183139
v -0.059865 0.005572 0.164943
v -0.040625 0.006332 0.186794
v -0.047869 0.011663 0.186638
v -0.055335 0.006271 0.174579
v -0.048351 0.015040 0.187769
v -0.050370 0.015213 0.186600
v -0.051072 0.014680 0.185891
v -0.046804 0.016393 0.188538
v -0.045079 0.014900 0.189816
v -0.047817 0.013994 0.187916
v -0.049734 0.015849 0.186839
v -0.053070 0.013265 0.184254
v -0.049439 0.012715 0.186314
v -0.050946 0.013823 0.185637
v -0.043977 0.016254 0.190305
v -0.042128 0.015570 0.191514
v -0.050642 0.007846 0.182722
v -0.045925 0.012543 0.188249
v -0.043891 0.013065 0.190155
v -0.046364 0.013193 0.188640
v -0.044445 0.013775 0.190273
v -0.041274 0.012719 0.191774
v -0.041538 0.013494 0.192174
v -0.039566 0.008440 0.190849
v -0.042396 0.014266 0.191635
v -0.058875 0.006632 0.177170
v -0.045971 0.009489 0.186675
v -0.043854 0.012504 0.189760
v -0.044909 0.012077 0.188931
v -0.052633 0.011931 0.184041
v -0.039036 0.011402 0.192605
v 0.051958 0.015502 -0.035381
v 0.056533 0.015451 -0.035755
v 0.051978 0.015605 -0.042069
v 0.040388 0.015510 -0.048938
v 0.038809 0.015649 -0.052092
v 0.035486 0.015498 -0.049305
v 0.029796 0.015211 -0.032059
v 0.026492 0.015402 -0.025554
v 0.033890 0.015376 -0.026034
v 0.037220 0.015331 -0.023211
v 0.039921 0.015327 -0.026183
v 0.075019 0.015456 -0.008384
v 0.076368 0.015587 -0.014263
v 0.071877 0.015537 -0.012575
v 0.040819 0.015265 -0.020508
v 0.037093 0.015291 -0.029216
v 0.026464 0.015231 -0.037810
v 0.024780 0.015307 -0.031683
v 0.046726 0.015269 -0.024544
v 0.045712 0.015289 -0.019645
v 0.067808 0.015470 -0.011839
v 0.069349 0.015574 -0.016133
v 0.063776 0.015572 -0.021462
v 0.061300 0.015442 -0.016278
v 0.065215 0.015531 -0.015734
v 0.058208 0.015382 -0.018610
v 0.039948 0.015324 -0.031059
v 0.035441 0.015239 -0.033102
v 0.049501 0.015365 -0.021007
v 0.021019 0.015367 -0.035307
v 0.021798 0.015384 -0.040597
v 0.035581 0.015349 -0.037766
v 0.039961 0.015468 -0.037706
v 0.052866 0.015414 -0.024152
v 0.043772 0.015408 -0.028940
v 0.053784 0.015475 -0.020296
v 0.059088 0.015600 -0.024744
v 0.024283 0.015304 -0.044241
v 0.031953 0.015239 -0.038025
v 0.051824 0.015384 -0.026838
v 0.044011 0.015435 -0.033056
v 0.055926 0.015588 -0.027886
v 0.025764 0.015351 -0.049273
v 0.022165 0.015394 -0.048463
v 0.021286 0.015507 -0.053413
v 0.019017 0.015556 -0.049232
v 0.049237 0.015454 -0.030386
v 0.053252 0.015501 -0.028928
v 0.055038 0.015530 -0.031336
v 0.046841 0.015564 -0.036691
v 0.035554 0.015429 -0.042202
v 0.043950 0.015686 -0.040470
v 0.040510 0.015606 -0.044109
v 0.080019 0.015546 -0.011297
v 0.029900 0.015398 -0.044830
v 0.061990 0.015626 -0.032723
v 0.044950 0.015579 -0.046861
v 0.032883 0.015586 -0.053477
v 0.030095 0.015434 -0.051485
v 0.060165 0.015654 -0.039216
v 0.047016 0.015527 -0.050825
v -0.011406 0.015194 -0.040229
v -0.015643 0.015128 -0.035419
v -0.009555 0.015255 -0.035758
v 0.054019 0.015573 -0.045956
v 0.051984 0.015487 -0.048352
v 0.048745 0.015480 -0.047023
v 0.078129 0.015562 -0.007941
v 0.050933 0.015795 -0.052614
v -0.007370 0.015253 -0.038880
v -0.004492 0.015499 -0.035062
v -0.003961 0.015298 -0.039119
v 0.036282 0.015759 -0.056279
v -0.003150 0.015336 -0.048307
v -0.012169 0.015215 -0.046056
v -0.006437 0.015208 -0.042553
v 0.056733 0.015914 -0.052612
v 0.001125 0.015314 -0.046919
v 0.003237 0.015390 -0.049319
v 0.055337 0.015617 -0.048074
v 0.004457 0.015347 -0.045713
v 0.008063 0.015409 -0.048208
v 0.001007 0.015187 -0.044783
v 0.019645 0.015397 -0.044937
v 0.016285 0.015418 -0.040424
v 0.014327 0.015580 -0.048320
v 0.009856 0.015435 -0.043521
v 0.016063 0.015278 -0.033640
v 0.020039 0.015279 -0.028538
v -0.000968 0.015130 -0.041818
v 0.004536 0.015253 -0.041650
v 0.010053 0.015176 -0.037070
v 0.012014 0.015183 -0.031723
v -0.002580 0.015456 -0.036819
v 0.003231 0.015275 -0.036804
v 0.007216 0.015197 -0.031416
v 0.015029 0.015170 -0.028783
v -0.000727 0.015347 -0.037972
v 0.010804 0.015184 -0.026842
v -0.000534 0.015477 -0.034710
v 0.002281 0.015324 -0.032122
v 0.000278 0.015435 -0.032469
v -0.001431 0.015385 -0.030568
v -0.017618 0.015270 -0.041521
v -0.019414 0.015243 -0.037842
v 0.060841 0.009279 0.159723
v 0.062558 0.011091 0.158307
v 0.057965 0.010242 0.163979
v 0.055593 0.015605 0.169819
v 0.058412 0.013159 0.165680
v 0.058538 0.013987 0.165918
v 0.056073 0.012781 0.168535
v 0.061659 0.006874 0.158547
v 0.056127 0.005472 0.160578
v 0.057975 0.005393 0.157704
v 0.061668 0.012285 0.159947
v 0.064007 0.012882 0.156953
v 0.065770 0.015588 0.154498
v 0.062458 0.006006 0.155073
v 0.066348 0.011003 0.153296
v 0.064927 0.009542 0.154521
v 0.058523 0.012348 0.164817
v 0.060906 0.013224 0.161853
v 0.060086 0.014913 0.163863
v 0.054057 0.013159 0.170980
v 0.059809 0.013809 0.163938
v 0.051869 0.010493 0.171702
v 0.053311 0.011211 0.170105
v 0.053746 0.012111 0.170343
v 0.058549 0.016264 0.165063
v 0.065591 0.012044 0.154540
v 0.067163 0.011744 0.152326
v 0.067256 0.012472 0.152128
v 0.063697 0.007339 0.155165
v 0.061759 0.007709 0.157692
v 0.057495 0.011536 0.165508
v 0.056766 0.012185 0.167153
v 0.059627 0.011772 0.162631
v 0.062909 0.015725 0.158738
v 0.062387 0.008505 0.157424
v 0.064456 0.008238 0.154577
v 0.065749 0.007022 0.152721
v 0.065942 0.007793 0.152419
v 0.065908 0.014991 0.155058
v 0.063559 0.015083 0.158434
v 0.064628 0.014486 0.157145
v 0.054815 0.011612 0.169022
v 0.066757 0.014379 0.153781
v 0.057087 0.007608 0.164069
v 0.059834 0.008165 0.160318
v 0.057397 0.008738 0.163490
v 0.068117 0.009995 0.150462
v 0.053872 0.010221 0.168960
v 0.067997 0.015189 0.151560
v 0.052374 0.014930 0.174457
v 0.050666 0.013983 0.176271
v 0.050085 0.015551 0.178121
v 0.064902 0.005241 0.149813
v 0.067995 0.016012 0.150806
v 0.067732 0.008651 0.150354
v 0.068059 0.007435 0.149457
v 0.049647 0.014920 0.178404
v 0.048407 0.015293 0.180578
v 0.052535 0.015953 0.174522
v 0.059411 0.007186 0.161386
v 0.061665 0.014292 0.161414
v 0.055829 0.011031 0.167303
v 0.066758 0.013436 0.153149
v 0.065843 0.012773 0.154190
v 0.055288 0.009149 0.166333
v 0.054675 0.008122 0.166732
v 0.057890 0.015180 0.166646
v 0.063331 0.013807 0.158755
v 0.065291 0.013862 0.155907
v 0.053175 0.008822 0.168664
v 0.060119 0.015653 0.163161
v 0.048016 0.015674 0.181174
v 0.215151 0.017805 -0.075582
v 0.213996 0.014299 -0.076870
v 0.214539 0.015221 -0.074694
v 0.214322 0.016392 -0.074142
v -0.098434 0.014108 -0.096285
v -0.097053 0.014130 -0.096560
v -0.097503 0.014140 -0.097151
v -0.098147 0.014790 -0.088941
v -0.100159 0.014183 -0.089659
v -0.100689 0.014623 -0.086048
v -0.099512 0.014372 -0.095317
v -0.098950 0.014661 -0.096352
v -0.099734 0.015640 -0.095141
v -0.100257 0.013926 -0.092477
v -0.099557 0.013921 -0.094252
v -0.100287 0.014552 -0.094188
v -0.095028 0.014687 -0.093950
v -0.097833 0.014375 -0.091481
v -0.094752 0.015439 -0.090448
v -0.098592 0.013984 -0.095220
v -0.097856 0.014055 -0.094135
v -0.102083 0.014746 -0.091574
v -0.101651 0.013877 -0.090644
v -0.103651 0.014175 -0.088512
v -0.102814 0.014208 -0.089965
v -0.103536 0.015395 -0.089396
v -0.095477 0.014320 -0.096047
v -0.104466 0.014349 -0.087811
v -0.104147 0.014856 -0.088318
v -0.104767 0.015074 -0.087467
v -0.102058 0.014050 -0.088748
v -0.103239 0.014091 -0.086918
v -0.100909 0.015584 -0.081418
v -0.099102 0.015426 -0.084186
v -0.101626 0.016765 -0.092000
v -0.100909 0.015076 -0.093228
v -0.098497 0.015263 -0.096993
v -0.104168 0.013975 -0.087527
v -0.098073 0.014368 -0.097421
v -0.103430 0.017707 -0.089034
v -0.096943 0.015577 -0.086296
v -0.105206 0.016467 -0.086712
v -0.097574 0.015103 -0.098492
v -0.098110 0.016699 -0.097427
v -0.103220 0.014236 -0.085107
v -0.093675 0.016110 -0.088014
v -0.090687 0.016272 -0.091282
v -0.107239 0.014160 -0.081219
v -0.108612 0.014734 -0.081847
v -0.109034 0.014178 -0.080541
v -0.111525 0.014387 -0.077540
v -0.110439 0.014068 -0.077723
v -0.111115 0.014661 -0.078389
v -0.109624 0.015291 -0.080443
v -0.102842 0.014641 -0.083342
v -0.108061 0.014666 -0.082751
v -0.107843 0.015605 -0.083038
v -0.105790 0.014935 -0.085972
v -0.106814 0.015525 -0.084654
v -0.106684 0.014082 -0.083435
v -0.107824 0.014096 -0.082567
v -0.108697 0.016458 -0.081661
v -0.104848 0.014098 -0.086690
v -0.105693 0.014021 -0.085022
v -0.108842 0.014110 -0.079112
v -0.110093 0.014266 -0.079400
v -0.106793 0.014486 -0.084683
v -0.111962 0.015215 -0.076874
v -0.111506 0.015034 -0.077663
v -0.110201 0.017160 -0.079367
v -0.107503 0.014644 -0.083581
v -0.110564 0.015373 -0.079173
v -0.111336 0.015899 -0.077886
v -0.104887 0.014212 -0.083401
v -0.104406 0.014033 -0.085519
v -0.097898 0.015946 -0.082863
v -0.104758 0.014767 -0.079806
v -0.107435 0.014296 -0.078649
v -0.018537 0.018304 -0.214442
v -0.023283 0.018024 -0.208805
v -0.031628 0.020655 -0.207583
v -0.016819 0.018591 -0.220071
v 0.000007 0.012481 -0.219637
v -0.002406 0.011954 -0.206518
v -0.005089 0.013606 -0.220185
v -0.010301 0.015815 -0.222663
v -0.003928 0.014074 -0.223586
v -0.006789 0.014630 -0.224315
v -0.010710 0.015390 -0.217186
v -0.035925 0.019384 -0.202666
v -0.031369 0.011233 -0.190629
v -0.037751 0.018499 -0.199555
v -0.007801 0.016377 -0.226346
v -0.002354 0.015003 -0.223735
v -0.000105 0.015269 -0.222462
v -0.005228 0.015818 -0.225638
v -0.004019 0.015538 -0.224724
v -0.004113 0.016539 -0.225191
v -0.002266 0.016704 -0.224002
v -0.000611 0.017343 -0.222384
v 0.001841 0.016476 -0.221407
v 0.045491 0.012334 0.184941
v 0.042902 0.011936 0.188783
v 0.044833 0.011293 0.184982
v 0.039034 0.011232 0.194525
v 0.042338 0.009565 0.187803
v 0.047054 0.013200 0.182711
v 0.045344 0.013016 0.185930
v 0.048016 0.015674 0.181174
v 0.046655 0.016155 0.183355
v 0.046608 0.015431 0.183448
v 0.046694 0.013999 0.183896
v 0.046789 0.012064 0.182087
v 0.045710 0.010215 0.181984
v 0.047602 0.014809 0.181982
v 0.045609 0.014727 0.185555
v 0.048407 0.015293 0.180578
v 0.048356 0.014206 0.180095
v 0.048637 0.013055 0.179182
v 0.040423 0.013373 0.193495
v 0.041955 0.012809 0.190820
v 0.042149 0.013625 0.190740
v 0.045259 0.016054 0.185541
v 0.045183 0.013796 0.186496
v 0.043688 0.013159 0.188459
v 0.049647 0.014920 0.178404
v 0.050666 0.013983 0.176271
v 0.047637 0.011008 0.179182
v 0.049654 0.011882 0.176264
v 0.036654 0.012880 0.199053
v 0.035671 0.012029 0.200076
v 0.038046 0.013606 0.196983
v 0.036392 0.014408 0.199469
v 0.036057 0.013878 0.200067
v 0.043750 0.014151 0.188432
v 0.041860 0.014672 0.191069
v 0.043090 0.016737 0.188724
v 0.039350 0.016314 0.194326
v 0.040566 0.015518 0.192519
v 0.041858 0.015615 0.190648
v 0.035814 0.007663 0.194475
v 0.042969 0.007186 0.176204
v 0.041684 0.008112 0.186485
v 0.043361 0.015168 0.188440
v 0.008915 0.003012 0.148070
v 0.052957 0.004779 0.147305
v 0.051380 0.005023 0.153029
v 0.039867 0.012530 0.193931
v 0.044641 0.015570 0.186397
v 0.050202 0.006994 0.169870
v 0.040823 0.006150 0.165223
v 0.046343 0.005072 0.156801
v 0.044064 0.005293 0.159342
v 0.054057 0.013159 0.170980
v 0.064902 0.005241 0.149813
v 0.062458 0.006006 0.155073
v 0.057975 0.005393 0.157704
v 0.051131 0.008898 0.171477
v 0.053872 0.010221 0.168960
v 0.051869 0.010493 0.171702
v 0.021782 0.002033 0.186124
v 0.041931 0.005653 0.161563
v 0.053175 0.008822 0.168664
v 0.039092 0.014247 0.195455
v 0.037845 0.015435 0.196714
v 0.037405 0.014559 0.197834
v 0.038558 0.009923 0.194220
v 0.054675 0.008122 0.166732
v 0.056127 0.005472 0.160578
v 0.053843 0.005781 0.163450
v 0.059411 0.007186 0.161386
v 0.057087 0.007608 0.164069
v 0.051506 0.006155 0.166198
v 0.035508 0.010757 0.199377
v 0.035199 0.016916 0.200609
v 0.040800 0.014080 0.192903
v 0.039823 0.014984 0.194009
v 0.037956 0.016802 0.196525
v 0.034741 0.014774 0.201478
v 0.034493 0.014016 0.202233
v 0.036700 0.016752 0.198341
v 0.035950 0.015364 0.199499
v 0.034138 0.013235 0.202976
v 0.033288 0.014819 0.203375
v 0.033571 0.015541 0.203125
v 0.034588 0.015724 0.201553
v -0.004126 0.015399 0.165251
v -0.004561 0.015488 0.167975
v -0.001004 0.015454 0.166086
v -0.000911 0.015518 0.170313
v -0.004144 0.015664 0.171860
v 0.004871 0.015569 0.171724
v 0.002496 0.015552 0.169469
v -0.007537 0.015689 0.170677
v -0.007901 0.015577 0.166814
v -0.005937 0.015464 0.164810
v 0.006770 0.015541 0.169573
v 0.004805 0.015489 0.169257
v -0.047248 0.015472 0.143876
v -0.050453 0.015465 0.143113
v -0.049028 0.015556 0.145661
v -0.051978 0.015664 0.145573
v -0.054427 0.015530 0.142174
v -0.050388 0.015392 0.139511
v -0.046387 0.015349 0.133214
v -0.050077 0.015392 0.131618
v -0.050380 0.015373 0.134943
v -0.054721 0.015392 0.138812
v -0.057590 0.015447 0.140001
v -0.060649 0.015581 0.143377
v -0.055235 0.015352 0.135570
v -0.053534 0.015378 0.132355
v -0.060297 0.015530 0.140226
v -0.059825 0.015452 0.138577
v -0.048103 0.015300 0.129194
v -0.063617 0.015517 0.139363
v -0.065847 0.015591 0.145100
v -0.066095 0.015511 0.142207
v -0.061256 0.015404 0.135691
v -0.066881 0.015388 0.136426
v -0.070045 0.015342 0.139988
v -0.070153 0.015485 0.144268
v -0.075781 0.015498 0.143208
v -0.047264 0.015357 0.137110
v -0.042311 0.015227 0.138290
v -0.043401 0.015295 0.134945
v -0.044852 0.015321 0.137010
v -0.038876 0.015382 0.158087
v -0.041680 0.015376 0.158358
v -0.040155 0.015284 0.161576
v -0.034823 0.015433 0.159719
v -0.035948 0.015473 0.164574
v -0.041212 0.015399 0.154670
v -0.041171 0.015481 0.148815
v -0.045098 0.015506 0.151646
v -0.047066 0.015614 0.154729
v -0.038857 0.015156 0.138593
v -0.040556 0.015319 0.142008
v -0.045853 0.015485 0.147406
v -0.049484 0.015700 0.149256
v -0.047161 0.015582 0.158442
v -0.032237 0.015522 0.166160
v -0.031740 0.015438 0.163350
v -0.047792 0.015636 0.162073
v -0.044431 0.015463 0.160938
v -0.037442 0.015494 0.145653
v -0.041053 0.015450 0.144568
v -0.036510 0.015548 0.150512
v -0.032906 0.015492 0.149114
v -0.028845 0.015542 0.166184
v -0.034548 0.015544 0.167943
v -0.037857 0.015485 0.167927
v -0.089118 0.015761 0.147732
v -0.086202 0.015777 0.149508
v -0.042340 0.015354 0.131411
v -0.069509 0.015685 0.148390
v -0.037995 0.015317 0.141962
v -0.057688 0.015388 0.137666
v -0.037098 0.015510 0.154724
v -0.082641 0.015360 0.146853
v -0.080360 0.015489 0.147894
v -0.080535 0.015349 0.144338
v -0.044378 0.015444 0.141781
v -0.033564 0.015638 0.153526
v -0.083567 0.015789 0.151344
v -0.078210 0.015713 0.149541
v -0.078042 0.015554 0.146659
v -0.081012 0.015631 0.150477
v -0.044626 0.015466 0.145338
v -0.040710 0.015199 0.135358
v -0.033997 0.015518 0.156408
v -0.045180 0.015271 0.129322
v -0.044190 0.015446 0.156279
v -0.043547 0.015462 0.167499
v -0.040878 0.015480 0.168485
v -0.040573 0.015407 0.165742
v -0.046652 0.015511 0.165431
v -0.043291 0.015406 0.164002
v -0.034932 0.015625 0.171384
v -0.085292 0.015477 0.147850
v -0.074450 0.015724 0.148267
v -0.084987 0.015260 0.144035
v -0.043119 0.015175 0.126291
v 0.019593 0.015621 0.223481
v 0.017795 0.015026 0.225272
v 0.019977 0.014439 0.223379
v 0.027970 0.015866 0.211350
v 0.028562 0.015223 0.210402
v 0.029510 0.016432 0.209111
v 0.028067 0.014448 0.211103
v 0.029340 0.014356 0.209194
v 0.032449 0.015504 0.204778
v 0.031381 0.016487 0.206458
v 0.026530 0.015953 0.213621
v 0.030425 0.015251 0.207594
v 0.033571 0.015541 0.203125
v 0.023359 0.008835 0.209242
v 0.027272 0.012245 0.212582
v 0.025851 0.011626 0.213752
v 0.028558 0.011806 0.210545
v 0.030770 0.014386 0.207277
v 0.018545 0.012637 0.224568
v 0.019449 0.011026 0.220149
v 0.021637 0.012955 0.220358
v 0.017011 0.010922 0.223653
v 0.015125 0.012936 0.226338
v 0.024792 0.014456 0.215710
v 0.023928 0.013626 0.217019
v 0.024658 0.013683 0.216042
v 0.032250 0.014507 0.205178
v 0.031614 0.015360 0.206009
v 0.030426 0.013947 0.207913
v 0.030197 0.013140 0.208732
v 0.023707 0.016262 0.217534
v 0.024754 0.015665 0.216014
v 0.030386 0.011021 0.207323
v 0.018709 0.016632 0.224107
v 0.033288 0.014819 0.203375
v 0.031904 0.013482 0.206154
v 0.034493 0.014016 0.202233
v 0.032399 0.011983 0.204973
v 0.034138 0.013235 0.202976
v 0.026056 0.013626 0.214398
v 0.033722 0.012342 0.203269
v 0.027002 0.014836 0.212687
v 0.031384 0.009905 0.204145
v 0.033286 0.010585 0.202169
v 0.023371 0.012990 0.217811
v 0.023931 0.013192 0.217211
v 0.023026 0.013860 0.218289
v 0.035508 0.010757 0.199377
v 0.027288 0.013857 0.212378
v 0.035671 0.012029 0.200076
v 0.020928 0.015976 0.221695
v 0.035118 0.009931 0.199070
v 0.016796 0.015463 0.225732
v 0.017095 0.015849 0.225369
v 0.016441 0.016119 0.225636
v 0.016511 0.015097 0.225996
v 0.016116 0.015775 0.226154
v 0.024851 0.013204 0.215986
v 0.025989 0.012741 0.214581
v 0.021782 0.002033 0.186124
v 0.035814 0.007663 0.194475
v 0.022158 0.016951 0.219792
v 0.024355 0.011817 0.215649
v 0.012532 0.007862 0.218647
v 0.017610 0.016524 0.224896
v -0.006097 0.005239 0.197036
v 0.027828 0.015327 0.211417
v 0.020687 0.014696 0.222215
v 0.022132 0.014987 0.220015
v 0.023516 0.014894 0.217808
v 0.028424 0.013536 0.210936
v 0.024765 0.012641 0.215892
v 0.023909 0.015561 0.127363
v 0.020470 0.015480 0.126086
v 0.020043 0.015364 0.129368
v 0.019356 0.015525 0.140803
v 0.022336 0.015578 0.140347
v 0.010939 0.015404 0.167486
v 0.014032 0.015400 0.166279
v 0.011287 0.015338 0.163618
v 0.009255 0.015536 0.169710
v 0.011636 0.015576 0.171219
v 0.019761 0.015421 0.137521
v 0.016080 0.015441 0.138473
v -0.001600 0.015262 0.146484
v 0.000643 0.015270 0.144569
v -0.003161 0.015344 0.141722
v 0.010535 0.015574 0.143882
v 0.011609 0.015496 0.139226
v 0.007995 0.015522 0.140820
v -0.014807 0.015224 0.154161
v -0.013512 0.015298 0.156311
v -0.010427 0.015414 0.156845
v 0.009035 0.015371 0.133738
v 0.008152 0.015460 0.136736
v 0.012007 0.015341 0.135155
v 0.007192 0.015524 0.144186
v 0.008244 0.015544 0.146903
v 0.004163 0.015392 0.139752
v 0.009517 0.015395 0.131083
v 0.013409 0.015289 0.132111
v 0.012202 0.015366 0.129895
v -0.008107 0.015469 0.159270
v -0.009594 0.015444 0.161307
v -0.005091 0.015414 0.162087
v 0.016901 0.015505 0.141945
v 0.016095 0.015520 0.145039
v 0.001653 0.015416 0.141181
v 0.002262 0.015359 0.142533
v -0.005937 0.015464 0.164810
v -0.004126 0.015399 0.165251
v 0.002482 0.015260 0.131795
v -0.000287 0.015199 0.128294
v -0.000794 0.015251 0.131124
v 0.010274 0.015529 0.147795
v 0.012923 0.015518 0.146576
v 0.005936 0.015499 0.142318
v 0.002825 0.015395 0.153908
v 0.000105 0.015459 0.156678
v 0.004315 0.015344 0.156813
v 0.004217 0.015353 0.162480
v 0.004270 0.015338 0.159522
v 0.001429 0.015438 0.160311
v 0.017964 0.015584 0.146984
v -0.002503 0.015456 0.159415
v -0.003201 0.015407 0.154234
v -0.004801 0.015442 0.156407
v 0.000353 0.015289 0.132585
v 0.021103 0.015382 0.133700
v 0.018506 0.015279 0.131881
v 0.016768 0.015360 0.134265
v 0.022940 0.015486 0.137511
v 0.016428 0.015381 0.125090
v 0.011865 0.015380 0.122219
v 0.012559 0.015342 0.124821
v 0.009357 0.015343 0.157039
v 0.011716 0.015379 0.159337
v 0.011465 0.015391 0.156136
v -0.004518 0.015375 0.151359
v -0.003873 0.015376 0.149309
v -0.007232 0.015399 0.149200
v -0.006697 0.015435 0.153049
v 0.004471 0.015374 0.135059
v 0.001130 0.015303 0.135637
v -0.001004 0.015454 0.166086
v 0.008053 0.015390 0.166966
v 0.009040 0.015322 0.164608
v 0.006853 0.015288 0.164361
v 0.010368 0.015387 0.125450
v 0.007826 0.015492 0.150405
v 0.011659 0.015482 0.152255
v -0.001762 0.015243 0.133024
v 0.000291 0.015458 0.162876
v 0.000338 0.015354 0.142032
v 0.015144 0.015491 0.148395
v 0.017358 0.015527 0.151385
v -0.008589 0.015336 0.145343
v -0.010920 0.015233 0.147829
v 0.008174 0.015277 0.119342
v 0.007685 0.015298 0.124002
v 0.023529 0.015433 0.131213
v 0.013999 0.015541 0.155704
v 0.015695 0.015272 0.129995
v 0.026376 0.015549 0.130477
v 0.003866 0.015368 0.144550
v 0.025623 0.015511 0.135236
v 0.025610 0.015554 0.140113
v 0.004287 0.015443 0.166370
v 0.014108 0.015553 0.142319
v 0.006283 0.015364 0.132699
v 0.005714 0.015454 0.147931
v 0.001682 0.015241 0.149068
v 0.012807 0.015350 0.127360
v 0.010452 0.015416 0.128042
v 0.005013 0.015416 0.151475
v 0.000485 0.015316 0.139433
v -0.004902 0.015340 0.146054
v -0.007052 0.015296 0.142357
v -0.006388 0.015433 0.158526
v 0.006803 0.015409 0.154437
v 0.006552 0.015350 0.157987
v 0.008176 0.015386 0.127109
v -0.008006 0.015489 0.163853
v -0.001494 0.015331 0.152102
v -0.004013 0.015449 0.152630
v 0.013765 0.015484 0.162683
v 0.004615 0.015298 0.127624
v 0.016822 0.015723 0.161999
v 0.007969 0.015239 0.161109
v -0.010640 0.015306 0.151893
v 0.000586 0.015166 0.124551
v 0.015196 0.015525 0.163590
v 0.014846 0.015578 0.164453
v 0.016306 0.015532 0.165051
v -0.001423 0.015259 0.149201
v 0.013492 0.015539 0.169629
v 0.006770 0.015541 0.169573
v 0.016796 0.015485 0.167752
v 0.015177 0.015614 0.159323
v 0.002496 0.015552 0.169469
v 0.005770 0.015196 0.115801
v 0.003984 0.015121 0.119136
v 0.015570 0.015507 0.169540
v 0.004152 0.015148 0.122567
v -0.002912 0.015323 0.147889
v -0.002582 0.015300 0.136563
v 0.004805 0.015489 0.169257
v 0.045791 0.016495 -0.193692
v 0.049170 0.016031 -0.191347
v 0.044428 0.015498 -0.194604
v 0.062417 0.013139 -0.181821
v 0.061633 0.013948 -0.182171
v 0.065091 0.013900 -0.179369
v 0.048766 0.015303 -0.191736
v 0.052534 0.015637 -0.189161
v 0.052081 0.014904 -0.189560
v 0.056522 0.015449 -0.186395
v 0.055292 0.016005 -0.186979
v 0.057894 0.016361 -0.184955
v 0.055698 0.014296 -0.186979
v 0.060728 0.014731 -0.183199
v 0.058452 0.013965 -0.184807
v 0.029479 0.011128 -0.193603
v 0.044374 0.010549 -0.180527
v 0.019875 0.007481 -0.152698
v 0.058194 0.013294 -0.185226
v 0.052320 0.012378 -0.188723
v 0.056281 0.013662 -0.186579
v 0.046998 0.014456 -0.192860
v 0.045802 0.014921 -0.193615
v 0.048650 0.014745 -0.191691
v 0.065719 0.012477 -0.179933
v 0.062485 0.012483 -0.182733
v 0.064681 0.012692 -0.179863
v 0.060607 0.010955 -0.179429
v 0.055589 0.010587 -0.181448
v 0.050117 0.014069 -0.190845
v 0.046906 0.012622 -0.191428
v 0.058225 0.014938 -0.185213
v 0.055263 0.011092 -0.184910
v 0.060049 0.015917 -0.183578
v 0.059784 0.015314 -0.184070
v 0.049269 0.010658 -0.174967
v 0.042244 0.014303 -0.195362
v 0.044167 0.014063 -0.194262
v 0.039921 0.014051 -0.194518
v 0.045100 0.013321 -0.193004
v 0.041409 0.013100 -0.192625
v 0.062762 0.015670 -0.181433
v 0.043735 0.012365 -0.191098
v 0.064835 0.015258 -0.179624
v 0.045597 0.011327 -0.188108
v 0.064831 0.014568 -0.179459
v 0.056800 0.010932 -0.172818
v 0.083593 0.016637 0.125580
v 0.072762 0.014856 0.144193
v 0.073009 0.013779 0.143868
v 0.073983 0.014535 0.142210
v 0.075610 0.015895 0.138475
v 0.076871 0.016437 0.136286
v 0.074247 0.015713 0.140774
v 0.072508 0.015988 0.143631
v 0.073886 0.015253 0.141885
v 0.073323 0.015174 0.142992
v 0.075269 0.014795 0.140118
v 0.071553 0.009971 0.145130
v 0.072027 0.012358 0.144965
v 0.069056 0.011449 0.149562
v 0.068492 0.005053 0.142990
v 0.071067 0.006972 0.144760
v 0.064902 0.005241 0.149813
v 0.071216 0.014126 0.146611
v 0.069168 0.013008 0.149420
v 0.087939 0.015209 0.119294
v 0.086601 0.015610 0.120783
v 0.087044 0.014778 0.121109
v 0.081193 0.016248 0.129556
v 0.086348 0.012309 0.122118
v 0.085014 0.011548 0.124221
v 0.087002 0.010448 0.120945
v 0.082329 0.016831 0.127698
v 0.067995 0.016012 0.150806
v 0.069434 0.015859 0.148769
v 0.079944 0.015742 0.131488
v 0.080942 0.015190 0.130325
v 0.077581 0.006745 0.134275
v 0.079557 0.007757 0.131060
v 0.076533 0.007744 0.135427
v 0.068828 0.014214 0.150440
v 0.066758 0.013436 0.153149
v 0.076801 0.010837 0.136811
v 0.075157 0.009826 0.139054
v 0.079041 0.009466 0.132772
v 0.080089 0.006949 0.130945
v 0.081919 0.007434 0.127601
v 0.084783 0.015865 0.123820
v 0.067997 0.015189 0.151560
v 0.083449 0.014250 0.127152
v 0.083202 0.012831 0.127648
v 0.084993 0.013706 0.124962
v 0.076974 0.014837 0.137088
v 0.076720 0.015574 0.136744
v 0.083149 0.008372 0.126067
v 0.079886 0.012559 0.132636
v 0.078532 0.011348 0.134275
v 0.080431 0.011237 0.131281
v 0.076936 0.012439 0.137112
v 0.078245 0.013768 0.135517
v 0.076556 0.013850 0.138214
v 0.080428 0.014876 0.131447
v 0.079410 0.015084 0.133022
v 0.085806 0.015779 0.122148
v 0.077837 0.015489 0.135169
v 0.078734 0.016119 0.133451
v 0.074683 0.006773 0.138817
v 0.066757 0.014379 0.153781
v 0.077871 0.016196 0.134738
v 0.073880 0.006188 0.135352
v 0.071515 0.015238 0.145919
v 0.085709 0.014624 0.123424
v 0.087209 0.013966 0.121194
v 0.078676 0.014660 0.134641
v 0.085061 0.015173 0.123693
v 0.085458 0.015265 0.122914
v 0.070695 0.015862 0.146620
v 0.070102 0.015138 0.148373
v 0.084228 0.014805 0.125668
v 0.074694 0.013343 0.140989
v 0.083845 0.015525 0.125460
v 0.082683 0.015380 0.127361
v 0.083089 0.010953 0.127249
v 0.081697 0.011935 0.129763
v 0.088354 0.016349 0.117863
v 0.087234 0.016399 0.119634
v 0.081255 0.014701 0.130517
v 0.074539 0.011284 0.140652
v 0.081798 0.015176 0.129435
v 0.084665 0.015182 0.124494
v 0.080019 0.006892 0.127155
v 0.084165 0.009501 0.125109
v 0.068059 0.007435 0.149457
v 0.070456 0.008191 0.145885
v 0.067732 0.008651 0.150354
v 0.068117 0.009995 0.150462
v 0.080481 0.014111 0.132023
v 0.056708 0.005150 0.141485
v 0.086180 0.015185 0.122028
v 0.073859 0.008287 0.140181
v 0.082314 0.014421 0.129150
v 0.067163 0.011744 0.152326
v 0.066348 0.011003 0.153296
v 0.052957 0.004779 0.147305
v 0.008915 0.003012 0.148070
v 0.067256 0.012472 0.152128
v 0.086560 0.013448 0.122162
v -0.042038 0.005577 -0.137595
v -0.059357 0.007834 -0.150170
v -0.036176 0.006925 -0.163093
v -0.054667 0.008981 -0.166238
v -0.060987 0.011765 -0.164885
v -0.057115 0.011993 -0.169707
v -0.072540 0.011234 -0.146340
v -0.081814 0.009520 -0.120987
v -0.074581 0.012561 -0.143854
v -0.068929 0.009149 -0.148184
v -0.031369 0.011233 -0.190629
v -0.038787 0.016754 -0.195278
v -0.038053 0.017292 -0.196991
v -0.053625 0.010791 -0.173271
v -0.047164 0.009276 -0.176290
v -0.047158 0.012556 -0.181618
v -0.062591 0.009217 -0.158915
v -0.061299 0.015687 -0.165424
v -0.059076 0.013848 -0.167819
v -0.063369 0.013806 -0.161984
v -0.039685 0.016391 -0.193600
v -0.040878 0.015932 -0.191361
v -0.052611 0.014006 -0.176231
v -0.051534 0.011784 -0.176855
v -0.055225 0.013336 -0.172796
v -0.051749 0.015886 -0.178092
v -0.048432 0.017030 -0.182751
v -0.047807 0.014722 -0.182860
v -0.046069 0.015427 -0.185212
v -0.042986 0.015550 -0.188305
v -0.066458 0.011860 -0.157110
v -0.058467 0.018315 -0.170142
v -0.068606 0.013525 -0.154229
v -0.046243 0.017153 -0.185755
v -0.070990 0.015376 -0.151751
v -0.065790 0.015418 -0.159186
v -0.063727 0.017411 -0.162908
v -0.067502 0.016918 -0.157651
v -0.070186 0.017677 -0.154193
v -0.056243 0.015387 -0.171936
v -0.055585 0.016813 -0.173460
v -0.043684 0.013961 -0.185832
v -0.037751 0.018499 -0.199555
v 0.038896 0.015654 0.179642
v 0.034561 0.015582 0.178552
v 0.036425 0.015591 0.175898
v 0.037491 0.015598 0.182007
v 0.036824 0.015493 0.179349
v 0.038629 0.015586 0.177042
v -0.036117 0.015019 0.107904
v -0.038816 0.015100 0.109901
v -0.034297 0.015087 0.109833
v -0.027584 0.015231 0.122917
v -0.030630 0.015248 0.125876
v -0.024390 0.015291 0.126276
v -0.018544 0.015327 0.142159
v -0.017458 0.015207 0.145845
v -0.015312 0.015213 0.142914
v -0.021002 0.015296 0.124041
v -0.024532 0.015241 0.121590
v -0.022728 0.015079 0.114025
v -0.020137 0.015371 0.120407
v -0.015800 0.015358 0.118071
v -0.015881 0.015302 0.114102
v -0.012127 0.015261 0.110794
v -0.012142 0.015277 0.115417
v -0.014956 0.015229 0.108259
v -0.017833 0.015122 0.107788
v -0.016991 0.015222 0.110766
v -0.028982 0.014983 0.109357
v -0.030603 0.015086 0.113934
v -0.016790 0.015315 0.124928
v -0.019219 0.015338 0.128262
v -0.040094 0.015237 0.114528
v -0.036053 0.015161 0.113734
v -0.011862 0.015305 0.118788
v -0.008130 0.015150 0.117725
v -0.024156 0.015020 0.108053
v -0.029875 0.015218 0.122155
v -0.028341 0.015159 0.118657
v -0.012476 0.015286 0.105679
v -0.020475 0.015074 0.109457
v -0.020876 0.015003 0.105577
v -0.036010 0.015209 0.125809
v -0.034288 0.015295 0.131210
v -0.038954 0.015302 0.128702
v -0.042340 0.015354 0.131411
v -0.038457 0.015336 0.132722
v -0.009084 0.015156 0.113854
v -0.006104 0.015117 0.114638
v -0.026058 0.015340 0.131516
v -0.029576 0.015270 0.134777
v -0.024906 0.015324 0.136931
v -0.037331 0.014996 0.106013
v -0.013300 0.015333 0.120947
v -0.015882 0.015407 0.121536
v -0.005867 0.015295 0.132956
v -0.002582 0.015300 0.136563
v -0.001762 0.015243 0.133024
v -0.034504 0.015201 0.122995
v -0.031996 0.015162 0.121207
v -0.037332 0.015125 0.117633
v -0.041257 0.015211 0.118102
v -0.016384 0.015448 0.134009
v -0.019234 0.015461 0.133912
v -0.020255 0.015418 0.137013
v -0.035190 0.015092 0.120133
v 0.000719 0.015088 0.120623
v -0.003194 0.015183 0.117900
v -0.002125 0.015177 0.122187
v -0.006783 0.015154 0.111362
v -0.013114 0.015287 0.123745
v -0.028157 0.015015 0.105172
v -0.038049 0.015153 0.121443
v -0.033422 0.015088 0.117541
v -0.021090 0.015374 0.131878
v -0.023726 0.015265 0.118822
v -0.039930 0.015185 0.124608
v -0.005786 0.015225 0.121787
v -0.014819 0.015369 0.129681
v -0.042055 0.015170 0.121927
v -0.033446 0.014998 0.105682
v -0.014578 0.015162 0.146602
v -0.011842 0.015245 0.143834
v -0.007522 0.015201 0.125252
v -0.010568 0.015201 0.125421
v -0.008386 0.015265 0.128717
v -0.016862 0.015367 0.138987
v -0.013759 0.015303 0.138773
v -0.023027 0.015385 0.133919
v -0.013561 0.015377 0.132778
v -0.010639 0.015326 0.131915
v -0.050098 0.014958 0.098007
v -0.053235 0.014951 0.098186
v -0.050378 0.014922 0.100821
v -0.007052 0.015296 0.142357
v -0.006686 0.015251 0.140078
v -0.009611 0.015277 0.139910
v -0.008589 0.015336 0.145343
v -0.009355 0.015274 0.142742
v -0.034555 0.015255 0.136875
v -0.036257 0.015294 0.140257
v -0.033141 0.015357 0.140708
v -0.033386 0.015389 0.145206
v -0.031309 0.015298 0.144317
v -0.032593 0.015342 0.143004
v -0.032906 0.015492 0.149114
v -0.029811 0.015492 0.149483
v -0.030520 0.015369 0.146219
v -0.036320 0.015272 0.134178
v -0.029893 0.015306 0.130956
v -0.024889 0.015059 0.105081
v -0.035201 0.015381 0.142911
v -0.037442 0.015494 0.145653
v -0.026725 0.015496 0.147754
v -0.029602 0.015315 0.143034
v -0.003987 0.015258 0.129715
v -0.030122 0.015306 0.138869
v -0.026811 0.015317 0.140482
v -0.027633 0.015326 0.137762
v -0.009983 0.015239 0.121748
v -0.011975 0.015312 0.135646
v -0.022794 0.015406 0.143332
v -0.037811 0.015213 0.135593
v -0.026293 0.015392 0.143480
v -0.030952 0.015555 0.152193
v 0.001073 0.015173 0.116419
v -0.037995 0.015317 0.141962
v -0.012521 0.015223 0.127268
v -0.040710 0.015199 0.135358
v -0.038857 0.015156 0.138593
v -0.028423 0.015511 0.151999
v -0.033564 0.015638 0.153526
v -0.019433 0.015331 0.144986
v -0.016468 0.015160 0.104995
v -0.022915 0.015376 0.157414
v -0.025545 0.015437 0.154000
v -0.026364 0.015370 0.158980
v -0.016727 0.015168 0.149836
v -0.019588 0.015347 0.147625
v -0.019872 0.015376 0.151131
v -0.025122 0.015089 0.101576
v -0.022513 0.015499 0.149710
v -0.044816 0.015187 0.118435
v -0.046129 0.015065 0.122495
v -0.030378 0.015483 0.156173
v -0.034823 0.015433 0.159719
v -0.029972 0.015390 0.160426
v -0.018449 0.015261 0.153530
v -0.043119 0.015175 0.126291
v -0.033997 0.015518 0.156408
v -0.021341 0.015362 0.154166
v -0.014807 0.015224 0.154161
v -0.019144 0.015305 0.157316
v -0.013499 0.015142 0.149703
v -0.023078 0.015430 0.161095
v -0.012592 0.015170 0.147083
v -0.015244 0.015350 0.158141
v -0.013512 0.015298 0.156311
v -0.010640 0.015306 0.151893
v -0.010920 0.015233 0.147829
v 0.003984 0.015121 0.119136
v 0.005770 0.015196 0.115801
v 0.000586 0.015166 0.124551
v -0.013959 0.015338 0.136124
v -0.003858 0.015234 0.125690
v -0.006222 0.015253 0.127453
v -0.019134 0.015107 0.101449
v -0.007201 0.015255 0.136893
v -0.031408 0.015114 0.101074
v -0.000794 0.015251 0.131124
v -0.000287 0.015199 0.128294
v -0.056161 0.014985 0.100148
v -0.053022 0.014932 0.101350
v -0.058281 0.014875 0.094843
v -0.060836 0.014677 0.089129
v -0.064807 0.014785 0.090781
v -0.049188 0.014978 0.094956
v -0.047850 0.014893 0.090448
v -0.051373 0.014926 0.090745
v -0.041020 0.014949 0.105635
v -0.041720 0.015074 0.109234
v -0.045447 0.014946 0.093279
v -0.045838 0.014913 0.107163
v -0.048014 0.014878 0.103386
v -0.050871 0.014901 0.107304
v -0.047156 0.015001 0.098760
v -0.046337 0.014945 0.096006
v -0.048100 0.015062 0.118540
v -0.046836 0.015144 0.115025
v -0.049687 0.015060 0.115452
v -0.063109 0.014653 0.087213
v -0.060855 0.014611 0.084653
v -0.055836 0.014655 0.088063
v -0.043569 0.015224 0.115007
v 0.004152 0.015148 0.122567
v -0.003161 0.015344 0.141722
v -0.003005 0.015241 0.113828
v -0.053419 0.014892 0.094058
v -0.036392 0.014982 0.102582
v -0.066561 0.014581 0.084117
v -0.051459 0.014897 0.096432
v -0.031961 0.015122 0.097476
v -0.028991 0.015126 0.098611
v -0.054859 0.015005 0.103068
v -0.052020 0.014890 0.103896
v -0.043024 0.015047 0.096584
v -0.045519 0.015116 0.111846
v -0.049380 0.015030 0.111656
v -0.044118 0.015015 0.101950
v -0.039554 0.015051 0.099426
v -0.043534 0.015024 0.109304
v -0.041479 0.014986 0.092131
v -0.038290 0.015086 0.094960
v -0.042535 0.015156 0.111661
v -0.035345 0.015066 0.098130
v -0.056263 0.015019 0.106067
v 0.022525 0.013213 -0.208103
v 0.020383 0.012632 -0.209082
v 0.020272 0.013704 -0.209975
v 0.014377 0.013008 -0.213654
v 0.009603 0.012172 -0.215638
v 0.014231 0.013874 -0.213520
v 0.017238 0.013733 -0.211658
v 0.003828 0.016278 -0.219756
v 0.014159 0.012292 -0.212689
v 0.017728 0.013195 -0.211915
v 0.019875 0.007481 -0.152698
v -0.031369 0.011233 -0.190629
v -0.004754 0.008469 -0.184507
v 0.009009 0.015536 -0.216201
v 0.012679 0.015584 -0.213693
v 0.009452 0.014469 -0.216114
v 0.006859 0.014486 -0.217812
v 0.029463 0.015851 -0.203755
v 0.007391 0.016053 -0.217198
v 0.010472 0.013821 -0.215717
v 0.019124 0.016221 -0.209723
v 0.013354 0.014616 -0.213618
v 0.017184 0.014230 -0.211665
v 0.023040 0.014073 -0.208274
v 0.020154 0.014326 -0.209749
v 0.023600 0.014591 -0.207603
v 0.017110 0.014606 -0.211485
v 0.006275 0.011851 -0.213486
v 0.003658 0.011869 -0.215307
v 0.021489 0.015688 -0.208302
v 0.025059 0.015835 -0.206267
v 0.023761 0.015338 -0.207023
v -0.002406 0.011954 -0.206518
v 0.000007 0.012481 -0.219637
v 0.026554 0.013885 -0.205621
v 0.025936 0.015029 -0.205850
v 0.021469 0.015010 -0.208605
v 0.017260 0.015402 -0.211010
v 0.016258 0.016309 -0.211590
v 0.006351 0.012827 -0.217860
v 0.029479 0.011128 -0.193603
v 0.015057 0.011764 -0.206508
v 0.020938 0.012219 -0.205550
v 0.028545 0.013954 -0.202012
v 0.024783 0.013317 -0.205899
v 0.002330 0.014882 -0.220565
v -0.000105 0.015269 -0.222462
v 0.004403 0.014175 -0.219307
v 0.005048 0.015653 -0.218804
v 0.024112 0.013149 -0.204583
v 0.012847 0.012241 -0.213754
v 0.010826 0.011749 -0.214300
v 0.006163 0.015100 -0.218090
v 0.016442 0.011753 -0.209862
v 0.001841 0.016476 -0.221407
v 0.009092 0.012075 -0.212613
v 0.010540 0.012183 -0.210388
v 0.033984 0.015637 -0.201004
v 0.030700 0.014384 -0.202771
v -0.036176 0.006925 -0.163093
v -0.034211 0.015828 -0.186786
v -0.036285 0.015549 -0.184510
v -0.036493 0.015409 -0.186948
v 0.175634 0.013619 -0.014082
v 0.176100 0.013730 -0.015277
v 0.174992 0.013782 -0.013683
v 0.176438 0.015240 -0.017854
v 0.177019 0.013985 -0.017577
v 0.177269 0.014025 -0.018717
v 0.174483 0.013616 -0.012637
v 0.175101 0.013078 -0.012901
v 0.174955 0.013769 -0.014612
v 0.176381 0.013850 -0.016329
v 0.172114 0.015666 -0.011133
v 0.171355 0.016199 -0.009867
v 0.180763 0.012694 -0.027477
v 0.180938 0.013787 -0.023628
v 0.180188 0.013558 -0.021888
v 0.177152 0.013626 -0.016445
v 0.177732 0.013734 -0.018164
v 0.177068 0.013828 -0.016813
v 0.173269 0.014417 -0.013116
v 0.172337 0.014195 -0.011617
v 0.176228 0.014002 -0.017127
v 0.175599 0.014301 -0.016567
v 0.175679 0.013720 -0.016127
v 0.174798 0.015339 -0.015395
v 0.174191 0.014562 -0.014312
v 0.174936 0.014095 -0.015401
v 0.182288 0.013852 -0.025736
v 0.182755 0.014562 -0.026791
v 0.180572 0.014658 -0.023942
v 0.178636 0.013827 -0.019388
v 0.178894 0.013288 -0.019213
v 0.179405 0.014682 -0.022052
v 0.178549 0.014223 -0.020694
v 0.179589 0.013992 -0.021655
v 0.179491 0.013982 -0.020393
v 0.173269 0.016386 -0.012965
v 0.177727 0.014684 -0.019697
v 0.178035 0.013736 -0.019512
v 0.174560 0.017621 -0.015366
v 0.183593 0.015187 -0.028209
v 0.182138 0.015818 -0.026149
v 0.178611 0.015381 -0.020932
v 0.174537 0.013976 -0.014650
v 0.183635 0.017017 -0.028380
v 0.180592 0.016300 -0.023844
v 0.181557 0.015265 -0.025118
v 0.176824 0.018563 -0.018849
v 0.174141 0.013992 -0.014200
v 0.178866 0.016881 -0.021413
v 0.170457 0.016457 -0.008609
v 0.171496 0.014901 -0.010152
v 0.173722 0.013671 -0.012660
v 0.172691 0.013804 -0.010925
v 0.179579 0.015663 -0.022232
v 0.170608 0.011288 -0.010327
v 0.178691 0.008413 -0.033335
v 0.177648 0.016205 -0.019612
v 0.172531 0.012927 -0.008811
v -0.010619 0.015243 0.212599
v -0.010436 0.015933 0.212718
v -0.011703 0.015331 0.211847
v 0.007947 0.010941 0.222734
v 0.004331 0.011109 0.220534
v 0.004266 0.010256 0.220176
v 0.011395 0.011987 0.225238
v 0.010701 0.010856 0.224149
v 0.012478 0.011484 0.225225
v -0.002985 0.013969 0.217557
v 0.000023 0.014559 0.219307
v -0.002894 0.014528 0.217806
v 0.015125 0.012936 0.226338
v 0.013391 0.014250 0.227034
v 0.013050 0.012776 0.226273
v 0.002682 0.015282 0.220846
v 0.002615 0.014572 0.221039
v 0.004337 0.014953 0.222298
v 0.000272 0.015737 0.219189
v -0.008741 0.015807 0.213865
v 0.003465 0.014221 0.221667
v -0.009022 0.014796 0.213887
v -0.007554 0.014685 0.214963
v -0.007827 0.014953 0.214643
v 0.008644 0.016064 0.225447
v 0.004985 0.008904 0.219769
v 0.009010 0.010103 0.222912
v 0.004634 0.012889 0.221749
v 0.002012 0.012546 0.219841
v 0.004196 0.012429 0.221074
v 0.005901 0.012442 0.222344
v 0.006827 0.013298 0.223645
v 0.004085 0.015971 0.222103
v 0.005456 0.015859 0.223259
v 0.001346 0.009526 0.218018
v 0.000940 0.010297 0.217952
v 0.000195 0.009782 0.217121
v -0.015208 0.013034 0.209164
v -0.015267 0.011610 0.208462
v -0.010311 0.012495 0.212278
v -0.007173 0.015614 0.214874
v 0.015613 0.016161 0.227498
v 0.014451 0.017132 0.228538
v 0.005023 0.014277 0.222576
v 0.007058 0.011938 0.222725
v 0.008774 0.014720 0.225338
v 0.009805 0.016562 0.226410
v -0.015588 0.013783 0.209469
v -0.018904 0.013676 0.207129
v 0.003204 0.013492 0.221292
v 0.000643 0.013172 0.219554
v -0.004909 0.015357 0.216055
v -0.006336 0.014933 0.215475
v -0.005075 0.014696 0.216350
v -0.005648 0.016414 0.215612
v 0.010800 0.010072 0.223712
v 0.010738 0.008141 0.221805
v 0.012937 0.009803 0.224039
v 0.008497 0.013128 0.224492
v 0.010271 0.014808 0.226225
v -0.004417 0.011336 0.215217
v -0.009572 0.011144 0.211849
v -0.006324 0.010325 0.213375
v 0.013312 0.016290 0.228049
v 0.002231 0.016600 0.220752
v 0.006985 0.016484 0.224613
v -0.001568 0.009825 0.216086
v -0.006954 0.015107 0.214884
v -0.009036 0.015206 0.213658
v -0.011083 0.014864 0.212604
v -0.012398 0.015925 0.211336
v -0.013446 0.015172 0.210905
v 0.001223 0.008500 0.217239
v -0.002007 0.015095 0.217891
v 0.001492 0.013943 0.220430
v -0.001095 0.013619 0.218518
v -0.005634 0.013662 0.215857
v -0.009249 0.013633 0.213590
v -0.007079 0.013125 0.214569
v 0.015768 0.015652 0.226964
v 0.017795 0.015026 0.225272
v 0.003978 0.011949 0.220617
v -0.002489 0.010441 0.215849
v -0.002841 0.009307 0.215230
v -0.000977 0.009365 0.216325
v -0.012983 0.014154 0.211458
v -0.015598 0.014406 0.209508
v -0.001814 0.012627 0.217274
v 0.000376 0.011413 0.218146
v -0.001672 0.008431 0.215326
v -0.004702 0.008610 0.213917
v -0.004317 0.009695 0.214336
v -0.007059 0.009002 0.212514
v -0.009588 0.014392 0.213659
v -0.011243 0.008251 0.208795
v -0.010583 0.009923 0.210618
v -0.013456 0.015933 0.210606
v 0.008374 0.008913 0.221839
v 0.005766 0.013669 0.222776
v 0.006089 0.015142 0.223540
v -0.002840 0.015766 0.217315
v -0.001373 0.015718 0.218269
v -0.007256 0.014336 0.215115
v -0.004055 0.013308 0.216331
v 0.005145 0.007731 0.216408
v 0.012532 0.007862 0.218647
v -0.006295 0.012305 0.214582
v -0.006446 0.008047 0.209955
v -0.000425 0.008060 0.213523
v 0.010009 0.012600 0.224845
v 0.010200 0.013601 0.225379
v -0.006097 0.005239 0.197036
v -0.016961 0.007885 0.204585
v -0.011841 0.007555 0.204890
v 0.012604 0.014890 0.227069
v 0.016511 0.015097 0.225996
v 0.007392 0.015374 0.224254
v -0.005394 0.014134 0.216317
v 0.006742 0.014519 0.223520
v 0.007478 0.014193 0.224137
v 0.010233 0.016158 0.226526
v 0.011305 0.014243 0.226230
v 0.007869 0.014890 0.224329
v 0.008320 0.014870 0.224802
v 0.010984 0.016551 0.227160
v 0.011829 0.016092 0.227478
v -0.014398 0.015915 0.209887
v 0.012212 0.013458 0.226264
v -0.004153 0.015922 0.216464
v -0.015232 0.009352 0.207488
v -0.015135 0.010459 0.207891
v 0.016116 0.015775 0.226154
v -0.037726 0.016247 0.194292
v -0.020386 0.015218 0.205943
v -0.021044 0.015589 0.205642
v -0.022860 0.014919 0.204630
v -0.034995 0.010755 0.195055
v -0.040914 0.009753 0.190328
v -0.036028 0.009619 0.193679
v -0.033668 0.012125 0.196621
v -0.029724 0.012656 0.199470
v -0.031275 0.013207 0.198696
v -0.018519 0.016261 0.207118
v -0.021333 0.016509 0.205339
v -0.024453 0.011914 0.202702
v -0.029170 0.010188 0.198653
v -0.020872 0.010875 0.204445
v -0.020291 0.014148 0.206095
v -0.022084 0.014035 0.204945
v -0.022458 0.013612 0.204727
v -0.042128 0.015570 0.191514
v -0.042396 0.014266 0.191635
v -0.039393 0.014422 0.193446
v -0.029303 0.008792 0.197975
v -0.022410 0.009376 0.202771
v -0.036166 0.015718 0.195633
v -0.016980 0.014752 0.208390
v -0.018904 0.013676 0.207129
v -0.015598 0.014406 0.209508
v -0.035050 0.014013 0.196648
v -0.036598 0.014544 0.195359
v -0.037088 0.013980 0.194898
v -0.031398 0.014393 0.199414
v -0.033662 0.015295 0.197655
v -0.022933 0.015322 0.204630
v -0.023966 0.015905 0.203991
v -0.031121 0.013741 0.199421
v -0.028687 0.014156 0.201265
v -0.021351 0.014377 0.205227
v -0.023275 0.014211 0.204432
v -0.033473 0.013768 0.198007
v -0.025788 0.014190 0.203097
v -0.026453 0.015024 0.202587
v -0.037649 0.013400 0.194568
v -0.041274 0.012719 0.191774
v -0.038870 0.012597 0.193306
v -0.024476 0.013106 0.203470
v -0.026531 0.013350 0.201931
v -0.039036 0.011402 0.192605
v -0.038368 0.012177 0.193532
v -0.040261 0.012105 0.192304
v -0.026153 0.017081 0.202627
v -0.030586 0.015459 0.200000
v -0.030636 0.016712 0.200063
v -0.032206 0.016487 0.198888
v -0.028919 0.016432 0.201127
v -0.041538 0.013494 0.192174
v -0.022010 0.012725 0.204900
v -0.022413 0.013130 0.204814
v -0.015208 0.013034 0.209164
v -0.020059 0.012620 0.205939
v -0.015135 0.010459 0.207891
v -0.034337 0.017788 0.197210
v -0.014398 0.015915 0.209887
v -0.015232 0.009352 0.207488
v -0.036540 0.012184 0.194847
v -0.034503 0.012627 0.196434
v -0.036155 0.012841 0.195129
v -0.024248 0.014538 0.204018
v -0.022436 0.014540 0.204738
v -0.026534 0.012575 0.201738
v -0.029860 0.011709 0.199096
v -0.039566 0.008440 0.190849
v -0.021216 0.014762 0.205334
v -0.015262 0.015222 0.209304
v -0.016466 0.015676 0.208407
v -0.038013 0.015198 0.194282
v -0.019997 0.014708 0.206202
v -0.024070 0.012649 0.203564
v -0.018769 0.014621 0.207255
v -0.035124 0.013590 0.196698
v -0.017784 0.015260 0.207624
v -0.024569 0.013777 0.203674
v -0.027905 0.013751 0.201421
v -0.034153 0.013416 0.196971
v -0.042788 0.011876 0.190247
v -0.015333 0.015931 0.209157
v -0.024294 0.007449 0.199629
v -0.033993 0.013053 0.196809
v -0.035627 0.006756 0.191525
v -0.034678 0.008738 0.194217
v -0.018831 0.015168 0.206817
v -0.019169 0.012000 0.206081
v -0.013446 0.015172 0.210905
v -0.024182 0.014814 0.204038
v -0.024466 0.015133 0.203855
v -0.040625 0.006332 0.186794
v -0.015267 0.011610 0.208462
v -0.042184 0.005907 0.175209
v -0.006097 0.005239 0.197036
v -0.032152 0.006230 0.188989
v 0.008915 0.003012 0.148070
v 0.021782 0.002033 0.186124
v -0.030818 0.007183 0.195155
v -0.017882 0.007100 0.200534
v -0.022755 0.006864 0.197158
v -0.027644 0.006643 0.193717
v -0.039682 0.016319 0.193039
v -0.016961 0.007885 0.204585
v -0.011841 0.007555 0.204890
v 0.046996 0.015476 0.156355
v 0.043867 0.015525 0.159138
v 0.046117 0.015466 0.161805
v 0.042942 0.015510 0.162061
v 0.038449 0.015518 0.169077
v 0.039961 0.015505 0.165140
v 0.057204 0.015804 0.155715
v 0.016796 0.015485 0.167752
v 0.019267 0.015527 0.167045
v 0.016306 0.015532 0.165051
v 0.055344 0.015245 0.152459
v 0.055288 0.015417 0.149723
v 0.053626 0.015302 0.151560
v 0.043566 0.015449 0.164682
v 0.046718 0.015777 0.169189
v 0.050873 0.015616 0.145292
v 0.051734 0.015498 0.149095
v 0.053674 0.015555 0.145646
v 0.050080 0.015845 0.166027
v 0.056478 0.015461 0.154505
v 0.058443 0.016042 0.153285
v 0.058218 0.015778 0.150917
v 0.055515 0.015573 0.157616
v 0.046779 0.015630 0.149817
v 0.042270 0.015558 0.171709
v 0.053713 0.015641 0.159993
v 0.057132 0.015530 0.149922
v 0.039173 0.015527 0.173236
v 0.048183 0.015651 0.146629
v 0.042207 0.015494 0.168544
v 0.044767 0.015546 0.168911
v 0.049876 0.015421 0.159198
v 0.051641 0.015257 0.154104
v 0.053651 0.015331 0.157114
v 0.042931 0.015510 0.155826
v 0.057322 0.015610 0.148034
v 0.048111 0.015493 0.164550
v 0.051601 0.015605 0.161606
v 0.055753 0.015508 0.147176
v 0.048510 0.015489 0.152563
v 0.045110 0.015456 0.165719
v 0.045517 0.015534 0.153087
v 0.018421 0.015597 0.170071
v -0.202612 0.017369 0.053424
v -0.201118 0.016916 0.051450
v -0.199560 0.013211 0.052221
v -0.203793 0.017307 0.085405
v -0.212075 0.016614 0.072365
v -0.196643 0.004940 0.070984
v -0.184362 0.004901 0.061776
v -0.184138 0.012584 0.025677
v -0.193106 0.015319 0.036816
v -0.208436 0.018658 0.060952
v -0.210170 0.016717 0.066136
v -0.205659 0.017968 0.057208
v -0.203436 0.016890 0.054789
v -0.174911 0.003985 0.039150
v -0.200147 0.018054 0.048661
v -0.208559 0.015109 0.078336
v -0.195514 0.011964 0.085747
v -0.206031 0.016411 0.082212
v -0.206671 0.010545 0.071370
v -0.196658 0.016667 0.089884
v -0.193788 0.017753 0.092280
v -0.197825 0.015518 0.088307
v -0.190733 0.015276 0.093028
v -0.193075 0.017019 0.034528
v -0.196289 0.016452 0.041642
v -0.212155 0.019481 0.075799
v -0.210023 0.018527 0.079422
v -0.198319 0.017125 0.045861
v -0.190155 0.016114 0.030017
v -0.195440 0.015445 0.063377
v -0.194418 0.015546 0.061410
v -0.198200 0.014918 0.062682
v -0.197307 0.015143 0.064171
v -0.195616 0.015564 0.065488
v -0.198573 0.015317 0.058354
v -0.198614 0.015751 0.056750
v -0.199682 0.015807 0.058112
v -0.199165 0.014943 0.065512
v -0.206376 0.015546 0.066404
v -0.207065 0.016046 0.067722
v -0.206357 0.014859 0.067658
v -0.195605 0.015374 0.059727
v -0.194662 0.015416 0.057194
v -0.196980 0.015284 0.058556
v -0.190753 0.015804 0.058605
v -0.163705 0.015588 0.078146
v -0.161768 0.015634 0.074082
v -0.197113 0.015373 0.057079
v -0.156538 0.015364 0.063435
v -0.156020 0.015255 0.066865
v -0.152689 0.015142 0.065203
v -0.205418 0.016216 0.064616
v -0.204959 0.014391 0.066011
v -0.146432 0.014941 0.056146
v -0.146360 0.014974 0.060163
v -0.142027 0.014925 0.058507
v -0.191726 0.015976 0.062896
v -0.198894 0.015031 0.060174
v -0.204062 0.015899 0.070397
v -0.146728 0.014994 0.063281
v -0.142866 0.014871 0.064937
v -0.151665 0.015083 0.067923
v -0.150451 0.015113 0.069026
v -0.148426 0.015091 0.066518
v -0.199797 0.015152 0.059213
v -0.195981 0.015307 0.055605
v -0.130892 0.014910 0.058915
v -0.133655 0.015003 0.056194
v -0.133844 0.014930 0.061391
v -0.197630 0.015374 0.055968
v -0.203685 0.016324 0.062235
v -0.202628 0.014870 0.061468
v -0.202054 0.015985 0.060257
v -0.149706 0.015144 0.070929
v -0.152324 0.015198 0.073363
v -0.148844 0.015062 0.075222
v -0.129548 0.015017 0.056421
v -0.128142 0.014885 0.058558
v -0.166914 0.015446 0.055559
v -0.164849 0.015419 0.059048
v -0.164388 0.015344 0.055995
v -0.200354 0.015503 0.068810
v -0.197725 0.015846 0.068723
v -0.199664 0.015234 0.067463
v -0.206567 0.015791 0.069787
v -0.203902 0.014459 0.063296
v -0.202315 0.014734 0.066978
v -0.202916 0.015507 0.069071
v -0.201958 0.014390 0.064475
v -0.162959 0.015530 0.083824
v -0.168243 0.015657 0.084416
v -0.140297 0.014859 0.070617
v -0.136224 0.014830 0.066457
v -0.151446 0.015053 0.056750
v -0.197484 0.015506 0.067084
v -0.200708 0.015506 0.059215
v -0.201365 0.014455 0.062115
v -0.144038 0.014864 0.074219
v -0.145475 0.014978 0.070386
v -0.200999 0.014907 0.060403
v -0.204481 0.014937 0.067553
v -0.205486 0.014757 0.067455
v -0.205211 0.015132 0.068619
v -0.145162 0.015019 0.079486
v -0.169378 0.015971 0.098195
v -0.139360 0.014911 0.054559
v -0.143723 0.014930 0.054809
v -0.171295 0.015326 0.094724
v -0.172230 0.015461 0.093031
v -0.173781 0.015867 0.093535
v -0.150752 0.015105 0.062051
v -0.157155 0.015290 0.054289
v -0.155950 0.015329 0.059351
v -0.167679 0.014856 0.098255
v -0.166119 0.014740 0.097542
v -0.166797 0.014833 0.096486
v -0.169599 0.014942 0.097077
v -0.165473 0.015609 0.064129
v -0.169592 0.015724 0.059915
v -0.165978 0.015405 0.088123
v -0.168473 0.014838 0.096216
v -0.170598 0.015609 0.097050
v -0.171431 0.015631 0.096529
v -0.164328 0.014894 0.096403
v -0.160215 0.015156 0.094756
v -0.163387 0.015194 0.092166
v -0.158372 0.015407 0.065195
v -0.159948 0.015512 0.068326
v -0.153391 0.015165 0.069726
v -0.167543 0.015088 0.093325
v -0.170973 0.015187 0.096173
v -0.169936 0.014991 0.095948
v -0.153333 0.015156 0.067548
v -0.173800 0.015686 0.091742
v -0.153630 0.015210 0.076042
v -0.159320 0.015317 0.091125
v -0.154213 0.015320 0.090658
v -0.159513 0.015408 0.087415
v -0.152627 0.015251 0.086027
v -0.156923 0.015350 0.085153
v -0.169499 0.015090 0.094772
v -0.159663 0.015443 0.079798
v -0.160895 0.015527 0.077254
v -0.160682 0.015454 0.062477
v -0.153263 0.015225 0.080939
v -0.156432 0.015376 0.073385
v -0.162403 0.015389 0.088483
v -0.154121 0.015272 0.062466
v -0.138195 0.014922 0.061874
v -0.157645 0.015414 0.077083
v -0.137453 0.014974 0.058581
v -0.172397 0.015858 0.095741
v -0.170583 0.015251 0.092636
v -0.161286 0.015277 0.056849
v -0.158697 0.015404 0.082335
v -0.170300 0.015487 0.088509
v -0.169457 0.015643 0.056039
v -0.175066 0.015894 0.085257
v -0.172692 0.015555 0.090355
v -0.129046 0.014885 0.061373
v -0.171642 0.015911 0.082265
v 0.029812 0.015596 0.182395
v 0.033134 0.015665 0.188100
v 0.036048 0.015567 0.184946
v 0.033385 0.015440 0.185195
v 0.029396 0.015569 0.184745
v 0.031782 0.015568 0.180267
v 0.034561 0.015582 0.178552
v 0.030268 0.015594 0.187008
v 0.031755 0.015446 0.183690
v 0.034728 0.015416 0.181912
v 0.018421 0.015597 0.170071
v 0.015570 0.015507 0.169540
v 0.037491 0.015598 0.182007
v 0.016796 0.015485 0.167752
v 0.036824 0.015493 0.179349
v -0.034238 0.015603 -0.192209
v -0.037509 0.015869 -0.189720
v -0.037627 0.015419 -0.188083
v -0.035912 0.015486 -0.190107
v -0.035458 0.015584 -0.191921
v -0.036437 0.016324 -0.191485
v -0.033904 0.015737 -0.189685
v -0.036493 0.015409 -0.186948
v -0.034211 0.015828 -0.186786
v -0.038532 0.016128 -0.188508
v -0.165822 0.012991 0.004257
v -0.165270 0.013019 0.004968
v -0.164239 0.013025 0.003142
v -0.166107 0.012965 0.006354
v -0.166098 0.012873 0.005373
v -0.167019 0.013071 0.005787
v -0.124264 0.015085 0.045951
v -0.127735 0.015148 0.046845
v -0.125416 0.015133 0.049083
v -0.148045 0.015138 0.050812
v -0.151682 0.015244 0.049365
v -0.150100 0.015083 0.053010
v -0.194774 0.014523 0.050751
v -0.193976 0.014478 0.050343
v -0.195055 0.014449 0.049723
v -0.194817 0.015310 0.048420
v -0.194005 0.016446 0.046974
v -0.195007 0.017663 0.048785
v -0.189101 0.015386 0.054166
v -0.189558 0.014882 0.050800
v -0.192212 0.015076 0.053150
v -0.138351 0.015366 0.033589
v -0.132557 0.015423 0.028623
v -0.138918 0.015465 0.027675
v -0.170914 0.014674 0.011550
v -0.171807 0.015780 0.013215
v -0.172170 0.013473 0.013172
v -0.186045 0.015271 0.051240
v -0.173613 0.016500 0.016080
v -0.173707 0.013961 0.015253
v -0.171263 0.013473 0.011874
v -0.143407 0.015551 0.029913
v -0.148313 0.015574 0.031384
v -0.144960 0.015513 0.035368
v -0.177750 0.018083 0.022777
v -0.175802 0.016148 0.019206
v -0.186008 0.018818 0.035197
v -0.183985 0.017202 0.031780
v -0.162140 0.014299 0.007817
v -0.166910 0.013201 0.009055
v -0.165430 0.014146 0.011482
v -0.196162 0.015204 0.051088
v -0.139942 0.014904 0.050508
v -0.138236 0.014970 0.048156
v -0.142420 0.015041 0.046809
v -0.194734 0.014238 0.048811
v -0.170476 0.013808 0.010880
v -0.170459 0.013116 0.011118
v -0.169895 0.013557 0.010113
v -0.164074 0.013355 0.005566
v -0.131429 0.015691 0.022378
v -0.125860 0.015337 0.025590
v -0.126059 0.015521 0.019557
v -0.174945 0.014510 0.017313
v -0.197889 0.016127 0.053956
v -0.180799 0.016199 0.026719
v -0.169134 0.013003 0.009803
v -0.170924 0.013059 0.012476
v -0.167538 0.012873 0.007327
v -0.157155 0.015290 0.054289
v -0.162742 0.015316 0.052274
v -0.161286 0.015277 0.056849
v -0.187081 0.014870 0.048889
v -0.160592 0.015621 0.027622
v -0.178072 0.014902 0.022440
v -0.168505 0.013917 0.015097
v -0.165774 0.014851 0.016459
v -0.164481 0.014800 0.013666
v -0.188052 0.016899 0.037946
v -0.186788 0.015390 0.035723
v -0.109491 0.014916 0.043010
v -0.108423 0.015002 0.039144
v -0.113590 0.014948 0.043028
v -0.193728 0.014176 0.049135
v -0.194446 0.014226 0.048298
v -0.193748 0.014136 0.047395
v -0.163132 0.013063 0.001055
v -0.162683 0.013451 -0.000726
v -0.163850 0.013654 0.000575
v -0.175603 0.013110 0.019435
v -0.175242 0.013154 0.018276
v -0.175973 0.013545 0.018908
v -0.149618 0.015256 0.040571
v -0.147856 0.015204 0.047077
v -0.145386 0.015161 0.043301
v -0.169449 0.013187 0.011484
v -0.192502 0.014583 0.050631
v -0.191718 0.014174 0.048549
v -0.144675 0.015562 0.021792
v -0.177217 0.013397 0.021035
v -0.176348 0.013236 0.020115
v -0.176573 0.014065 0.019901
v -0.174147 0.012941 0.017345
v -0.182791 0.015166 0.029485
v -0.195971 0.017594 0.050412
v -0.175734 0.014250 0.018609
v -0.155533 0.015357 0.049037
v -0.153369 0.015266 0.051094
v -0.136603 0.015601 0.024011
v -0.173167 0.013198 0.017854
v -0.172795 0.013171 0.016540
v -0.112761 0.014977 0.032512
v -0.114096 0.015099 0.028790
v -0.115144 0.015023 0.032370
v -0.152372 0.015603 0.032279
v -0.155527 0.015634 0.034781
v -0.174236 0.013237 0.019651
v -0.177075 0.015140 0.036839
v -0.177334 0.015355 0.041122
v -0.174127 0.015376 0.036981
v -0.161286 0.013920 0.004474
v -0.161762 0.013417 0.002167
v -0.114789 0.014985 0.036417
v -0.109272 0.014908 0.033717
v -0.170931 0.015447 0.044070
v -0.168384 0.015503 0.047367
v -0.164990 0.015401 0.042572
v -0.180008 0.015121 0.040892
v -0.131412 0.015184 0.048397
v -0.135375 0.014992 0.047719
v -0.135546 0.014986 0.051312
v -0.197630 0.015374 0.055968
v -0.195981 0.015307 0.055605
v -0.197401 0.015331 0.054650
v -0.177899 0.013423 0.022157
v -0.126339 0.015543 0.015206
v -0.186153 0.014200 0.034876
v -0.185238 0.014759 0.033321
v -0.169158 0.013678 0.008960
v -0.196887 0.017487 0.051929
v -0.135135 0.015123 0.038532
v -0.130934 0.015091 0.040460
v -0.131466 0.015175 0.036574
v -0.186763 0.013617 0.035848
v -0.176249 0.013364 0.019463
v -0.176462 0.013201 0.021101
v -0.198190 0.016157 0.054851
v -0.187132 0.013410 0.037182
v -0.177115 0.013116 0.021893
v -0.175679 0.013234 0.020494
v -0.181099 0.014610 0.038132
v -0.159130 0.015670 0.013879
v -0.161679 0.015252 0.012610
v -0.163073 0.015247 0.014861
v -0.176198 0.013260 0.022028
v -0.169888 0.015369 0.028744
v -0.169610 0.015056 0.024880
v -0.173758 0.014937 0.028873
v -0.146410 0.014957 0.053282
v -0.146432 0.014941 0.056146
v -0.143723 0.014930 0.054809
v -0.141769 0.015129 0.041744
v -0.137529 0.015023 0.043886
v -0.138877 0.015172 0.038992
v -0.185535 0.013435 0.036580
v -0.186163 0.013576 0.038080
v -0.198270 0.015730 0.055600
v -0.194060 0.015277 0.055186
v -0.195338 0.014931 0.053546
v -0.187173 0.013510 0.039475
v -0.184651 0.013914 0.038578
v -0.161302 0.013256 -0.000681
v -0.160774 0.013329 -0.002351
v -0.161438 0.013244 -0.001553
v -0.168857 0.014361 0.018489
v -0.195550 0.016032 0.049514
v -0.151446 0.015053 0.056750
v -0.153440 0.015178 0.052952
v -0.120168 0.014981 0.042202
v -0.126682 0.015094 0.042352
v -0.166537 0.015366 0.025729
v -0.168212 0.013536 0.012267
v -0.165704 0.015262 0.021520
v -0.161574 0.015629 0.019647
v -0.163777 0.015347 0.017702
v -0.171091 0.013390 0.015679
v -0.172248 0.013080 0.015102
v -0.163229 0.015491 0.024039
v -0.164443 0.015473 0.027616
v -0.159706 0.017225 -0.004635
v -0.162605 0.017758 -0.000238
v -0.166577 0.013780 0.004746
v -0.165526 0.013739 0.003162
v -0.159858 0.015626 0.022885
v -0.102443 0.014937 0.033323
v -0.106232 0.014953 0.030455
v -0.121439 0.015467 0.015999
v -0.144677 0.015291 0.039857
v -0.190753 0.015804 0.058605
v -0.191964 0.015444 0.055780
v -0.194662 0.015416 0.057194
v -0.133655 0.015003 0.056194
v -0.139360 0.014911 0.054559
v -0.149629 0.015441 0.035470
v -0.121422 0.014950 0.034456
v -0.169590 0.014586 0.009689
v -0.129435 0.015215 0.033008
v -0.133410 0.015286 0.033883
v -0.164580 0.014338 0.001746
v -0.165796 0.015119 0.003752
v -0.117213 0.014861 0.053675
v -0.115793 0.014885 0.048682
v -0.122151 0.014925 0.052083
v -0.198614 0.015751 0.056750
v -0.188393 0.014119 0.038047
v -0.162831 0.014816 0.011124
v -0.159849 0.015230 0.009708
v -0.121826 0.015019 0.047746
v -0.164469 0.015617 0.032248
v -0.167439 0.015508 0.038290
v -0.162213 0.015569 0.037062
v -0.158791 0.014202 0.001942
v -0.155245 0.015003 0.000846
v -0.155856 0.014113 -0.002987
v -0.165349 0.017877 0.003850
v -0.163990 0.015920 0.001252
v -0.171481 0.013555 0.017847
v -0.171863 0.013974 0.020856
v -0.172967 0.014432 0.024676
v -0.169238 0.014728 0.021684
v -0.182389 0.013574 0.033219
v -0.180377 0.013631 0.030070
v -0.182638 0.013315 0.031515
v -0.133920 0.015011 0.045690
v -0.194130 0.014693 0.051723
v -0.133623 0.015016 0.042678
v -0.129021 0.015280 0.052443
v -0.125725 0.014920 0.055965
v -0.154391 0.015303 0.045486
v -0.109410 0.014822 0.046749
v -0.167823 0.014620 0.006889
v -0.120194 0.015127 0.028036
v -0.124455 0.015156 0.028349
v -0.155970 0.015679 0.007307
v -0.153667 0.015634 0.002665
v -0.155990 0.015414 0.004041
v -0.162365 0.014257 -0.001443
v -0.161862 0.013574 -0.002080
v -0.168683 0.017609 0.009035
v -0.128538 0.015277 0.049625
v -0.161131 0.013926 -0.003243
v -0.160446 0.013785 -0.004416
v -0.160431 0.014786 -0.004304
v -0.128310 0.015083 0.037398
v -0.127057 0.015184 0.029409
v -0.101671 0.014911 0.039854
v -0.117264 0.014996 0.032259
v -0.120389 0.015261 0.021983
v -0.174998 0.015452 0.043058
v -0.175328 0.015514 0.047350
v -0.124074 0.015034 0.031001
v -0.125736 0.015001 0.034320
v -0.170551 0.013259 0.013794
v -0.164213 0.015369 0.047485
v -0.159996 0.015307 0.043558
v -0.184331 0.013432 0.034799
v -0.185806 0.013241 0.035056
v -0.159729 0.013725 -0.005244
v -0.161893 0.015324 -0.002008
v -0.158800 0.014914 -0.006642
v -0.157823 0.015790 -0.007790
v -0.158302 0.015741 0.034821
v -0.157770 0.015470 0.038260
v -0.159540 0.015330 0.047882
v -0.141870 0.015350 0.037641
v -0.169861 0.015538 0.033540
v -0.167040 0.015508 0.029335
v -0.197230 0.015645 0.052796
v -0.179002 0.013145 0.024952
v -0.178825 0.013142 0.024217
v -0.179468 0.013175 0.024793
v -0.176280 0.013803 0.025726
v -0.174859 0.013663 0.023230
v -0.183881 0.013277 0.032999
v -0.184965 0.013259 0.033889
v -0.177767 0.013123 0.023082
v -0.178004 0.013293 0.024892
v -0.178649 0.013466 0.023151
v -0.179639 0.013907 0.024594
v -0.172046 0.015482 0.038984
v -0.130689 0.015071 0.044691
v -0.151936 0.015357 -0.001755
v -0.180185 0.013205 0.026641
v -0.181516 0.013056 0.028282
v -0.180308 0.013317 0.028144
v -0.182067 0.014346 0.028070
v -0.178658 0.013562 0.027335
v -0.176603 0.014207 0.028086
v -0.160661 0.015405 0.040453
v -0.158765 0.015346 0.040704
v -0.183242 0.013107 0.030696
v -0.184042 0.013308 0.031282
v -0.183699 0.013125 0.031846
v -0.177068 0.014845 0.033430
v -0.173373 0.015317 0.032774
v -0.159949 0.013324 -0.003844
v -0.155816 0.015327 0.051408
v -0.109640 0.014972 0.030090
v -0.109497 0.015104 0.026978
v -0.173001 0.015688 0.050937
v -0.185626 0.013674 0.033982
v -0.182991 0.013636 0.029492
v -0.182142 0.013146 0.029987
v -0.179625 0.013171 0.025347
v -0.180587 0.014031 0.025990
v -0.181340 0.014060 0.026935
v -0.142914 0.015465 0.025995
v -0.140574 0.015495 0.024133
v -0.184014 0.014398 0.031244
v -0.184716 0.013486 0.032605
v -0.140289 0.015642 0.021089
v -0.157397 0.014971 0.003599
v -0.183090 0.013817 0.035908
v -0.166684 0.014906 0.019019
v -0.183710 0.013478 0.030563
v -0.097066 0.014868 0.036442
v -0.150490 0.015780 0.000363
v -0.158526 0.015331 0.050578
v -0.159059 0.013421 -0.002825
v -0.159432 0.013621 -0.000409
v -0.157891 0.014084 -0.008240
v -0.178686 0.015643 0.052177
v -0.159485 0.014982 -0.005531
v -0.126826 0.015093 0.031657
v -0.161919 0.014387 -0.002061
v -0.166914 0.015446 0.055559
v -0.164388 0.015344 0.055995
v -0.155329 0.013548 -0.007108
v -0.156914 0.013307 -0.007793
v -0.157313 0.013395 -0.006280
v -0.168459 0.015594 0.052271
v -0.174763 0.015425 0.039667
v -0.124271 0.014982 0.038273
v -0.129548 0.015017 0.056421
v -0.120373 0.014820 0.057441
v -0.159164 0.013938 -0.006288
v -0.164644 0.013243 0.001919
v -0.177302 0.014451 0.030725
v -0.158408 0.015109 0.006275
v -0.169457 0.015643 0.056039
v -0.155473 0.015305 0.041023
v -0.153455 0.015400 0.037338
v -0.168373 0.012980 0.008287
v -0.102571 0.014859 0.046061
v -0.106617 0.014887 0.043398
v -0.115804 0.015225 0.024410
v -0.163282 0.014505 -0.000053
v -0.158424 0.013395 -0.006764
v -0.159067 0.013399 -0.005879
v -0.158658 0.013373 -0.005071
v -0.110093 0.014809 0.051283
v -0.192733 0.013605 0.045960
v -0.192412 0.013797 0.047178
v -0.189185 0.014309 0.047805
v -0.186377 0.014549 0.046300
v -0.189143 0.013737 0.044662
v -0.190413 0.013247 0.043362
v -0.189112 0.013414 0.041830
v -0.190750 0.013171 0.042216
v -0.186828 0.013832 0.041973
v -0.184410 0.015077 0.047553
v -0.191086 0.013794 0.046601
v -0.106846 0.015083 0.027595
v -0.181051 0.015256 0.044972
v -0.183374 0.014841 0.043404
v -0.185865 0.013885 0.040413
v -0.191435 0.013381 0.045086
v -0.190788 0.013333 0.044278
v -0.189876 0.017531 0.040773
v -0.147647 0.015522 0.026592
v -0.180140 0.014207 0.033620
v -0.157351 0.013543 -0.004705
v -0.188790 0.013293 0.039916
v -0.105436 0.014811 0.050568
v -0.190663 0.014449 0.041374
v -0.189609 0.014743 0.039783
v -0.189958 0.013312 0.040833
v -0.184535 0.014301 0.041078
v -0.186117 0.014280 0.043751
v -0.191770 0.013496 0.043656
v -0.178529 0.015412 0.046319
v -0.182383 0.015399 0.049645
v -0.192842 0.016606 0.045150
v -0.193490 0.015033 0.046004
v -0.192680 0.014554 0.044696
v -0.159542 0.014559 0.004839
v -0.153822 0.014859 -0.001999
v -0.152343 0.014874 -0.004255
v -0.191712 0.015605 0.043160
v -0.191268 0.013983 0.042507
v -0.192370 0.013493 0.044823
v -0.184936 0.015609 0.054825
v -0.161727 0.014290 -0.002443
v -0.144118 0.015012 0.051152
v -0.110908 0.015210 0.023889
v -0.112313 0.014802 0.054301
v -0.128142 0.014885 0.058558
v -0.161834 0.013248 -0.001183
v -0.165117 0.013046 0.003005
v -0.045582 0.015210 -0.026412
v -0.040000 0.015084 -0.024750
v -0.040087 0.015149 -0.030468
v -0.101668 0.015529 0.005674
v -0.100316 0.015426 0.010098
v -0.095132 0.015369 0.007476
v -0.059599 0.015298 -0.015437
v -0.061591 0.015236 -0.010016
v -0.055443 0.015223 -0.011829
v -0.136594 0.015303 -0.027204
v -0.136066 0.015662 -0.025153
v -0.133609 0.015840 -0.027710
v -0.107454 0.015224 0.019680
v -0.113156 0.015255 0.020250
v -0.110908 0.015210 0.023889
v -0.107680 0.015349 0.009286
v -0.113849 0.015557 0.008943
v -0.109107 0.015305 0.014158
v -0.116807 0.015295 0.018298
v -0.113757 0.015471 0.015249
v -0.077663 0.014953 0.031858
v -0.081997 0.015022 0.028558
v -0.082820 0.014987 0.032632
v -0.053269 0.015341 -0.025223
v -0.053371 0.015248 -0.017978
v -0.049346 0.015305 -0.022669
v -0.127055 0.013652 -0.053315
v -0.127114 0.014427 -0.053860
v -0.127993 0.014165 -0.052596
v -0.100415 0.015630 -0.009435
v -0.095435 0.015654 -0.009890
v -0.131440 0.015968 -0.031194
v -0.134396 0.015506 -0.029905
v -0.110550 0.015534 0.005009
v -0.096023 0.015067 0.031592
v -0.102443 0.014937 0.033323
v -0.097066 0.014868 0.036442
v -0.080980 0.015545 -0.020258
v -0.085472 0.015620 -0.021402
v -0.083625 0.015489 -0.018081
v -0.117861 0.014604 -0.059435
v -0.117593 0.015111 -0.057450
v -0.116394 0.015161 -0.059202
v -0.057237 0.015302 -0.023050
v -0.050643 0.015262 -0.030550
v -0.053893 0.015439 -0.034584
v -0.054877 0.015366 -0.030372
v -0.072936 0.015129 0.012882
v -0.073895 0.015208 0.007416
v -0.077916 0.015159 0.011279
v -0.056476 0.015433 -0.039400
v -0.049822 0.015286 -0.038189
v -0.140657 0.015974 -0.015015
v -0.144458 0.015652 -0.011099
v -0.143386 0.015476 -0.015683
v -0.059712 0.015350 -0.019770
v -0.134675 0.017569 -0.041804
v -0.134573 0.014829 -0.042912
v -0.132958 0.016094 -0.044875
v -0.151841 0.014286 -0.007910
v -0.153063 0.013602 -0.010306
v -0.155329 0.013548 -0.007108
v -0.104829 0.015217 0.015638
v -0.047343 0.015090 -0.013782
v -0.045896 0.015114 -0.018237
v -0.139632 0.015135 -0.023474
v -0.049825 0.015318 -0.026042
v -0.149704 0.017725 -0.019450
v -0.151421 0.015836 -0.017353
v -0.150481 0.015100 -0.019050
v -0.089766 0.015065 0.026425
v -0.086558 0.015088 0.029674
v -0.085622 0.015024 0.026041
v -0.085737 0.015248 0.017131
v -0.082196 0.015107 0.020387
v -0.079121 0.015138 0.016292
v -0.110807 0.015458 -0.067531
v -0.112019 0.014740 -0.069266
v -0.113438 0.014748 -0.067295
v -0.130853 0.013921 -0.046534
v -0.130932 0.015150 -0.048010
v -0.132134 0.014569 -0.046485
v -0.081824 0.015381 -0.006625
v -0.087014 0.015445 -0.007612
v -0.086234 0.015418 -0.002767
v -0.077165 0.014977 0.021722
v -0.081805 0.014962 0.024339
v -0.075964 0.014906 0.027282
v -0.079845 0.015433 -0.011210
v -0.078217 0.015358 -0.008903
v -0.075848 0.015376 -0.011889
v -0.058187 0.015364 -0.027763
v -0.078336 0.015206 0.005724
v -0.081721 0.015240 0.001038
v -0.082734 0.015213 0.007086
v -0.064823 0.015433 -0.024606
v -0.063607 0.015475 -0.021641
v -0.060965 0.015369 -0.024179
v -0.146822 0.013936 -0.024581
v -0.146442 0.013317 -0.023735
v -0.145643 0.013380 -0.024758
v -0.116562 0.014819 -0.061130
v -0.114962 0.015270 -0.061326
v -0.116225 0.014649 -0.062958
v -0.122220 0.014211 -0.061396
v -0.121740 0.016221 -0.061684
v -0.123085 0.014953 -0.059975
v -0.143136 0.013520 -0.027225
v -0.144272 0.013724 -0.027970
v -0.144740 0.013451 -0.026134
v -0.091279 0.015137 0.030275
v -0.092309 0.015111 0.026859
v -0.094456 0.015121 0.027815
v -0.069176 0.015247 0.010250
v -0.065018 0.015094 0.013196
v -0.064826 0.015170 0.007727
v -0.140978 0.016583 -0.032669
v -0.143432 0.015515 -0.029258
v -0.122941 0.013636 -0.059666
v -0.122607 0.013782 -0.060451
v -0.066488 0.015589 -0.041333
v -0.054675 0.015364 -0.043626
v -0.058696 0.015445 -0.033853
v -0.069199 0.015298 -0.011705
v -0.067417 0.015320 -0.005439
v -0.131085 0.014265 -0.040648
v -0.130501 0.015086 -0.037998
v -0.130010 0.014828 -0.039766
v -0.063695 0.015462 -0.018222
v -0.064293 0.015312 -0.014311
v -0.071235 0.015617 -0.034530
v -0.068211 0.015530 -0.037681
v -0.068542 0.015529 -0.021465
v -0.104441 0.015539 -0.075634
v -0.105197 0.015873 -0.071906
v -0.133776 0.014046 -0.038206
v -0.132915 0.014854 -0.035868
v -0.063727 0.015217 -0.000121
v -0.062154 0.015136 0.003806
v -0.061027 0.015149 0.000761
v -0.135657 0.013469 -0.039172
v -0.136264 0.013610 -0.037509
v -0.067640 0.015471 -0.026545
v -0.073149 0.015541 -0.027473
v -0.122933 0.013813 -0.055918
v -0.121534 0.014081 -0.056412
v -0.123767 0.013606 -0.056385
v -0.109997 0.015002 -0.070568
v -0.058067 0.015037 0.002353
v -0.054380 0.015035 0.005087
v -0.053585 0.015054 0.000639
v -0.068146 0.015492 -0.030537
v -0.063342 0.015359 -0.028767
v -0.045209 0.015213 -0.032732
v -0.064223 0.015023 0.021882
v -0.063407 0.014941 0.017479
v -0.068018 0.015012 0.016359
v -0.110737 0.015317 0.017487
v -0.093012 0.015675 -0.017646
v -0.054886 0.015170 -0.007089
v -0.049330 0.015117 -0.005645
v -0.051574 0.015215 -0.009235
v -0.107990 0.015724 -0.069242
v -0.145609 0.015808 -0.006333
v -0.075242 0.015272 -0.005686
v -0.050973 0.015170 -0.012480
v -0.047403 0.015036 -0.009139
v -0.065422 0.015437 -0.035386
v -0.139797 0.014019 -0.028864
v -0.137017 0.014738 -0.030050
v -0.139390 0.013736 -0.031221
v -0.143224 0.013344 -0.028489
v -0.061470 0.015509 -0.039888
v -0.131667 0.016290 -0.046681
v -0.122903 0.013522 -0.058632
v -0.123857 0.013790 -0.058564
v -0.067563 0.015391 -0.016833
v -0.072785 0.015449 -0.016613
v -0.143799 0.013832 -0.029091
v -0.141679 0.014374 -0.032178
v -0.141072 0.013739 -0.033091
v -0.140745 0.014571 -0.033441
v -0.079879 0.015572 -0.015892
v -0.075624 0.015515 -0.021064
v -0.109745 0.016150 -0.064765
v -0.112744 0.015895 -0.060679
v -0.103995 0.015534 -0.006634
v -0.059320 0.015567 -0.044910
v -0.152511 0.018449 -0.014918
v -0.152948 0.014529 -0.015447
v -0.043636 0.015045 -0.010372
v -0.042141 0.015152 -0.013981
v -0.112551 0.015496 -0.064419
v -0.124315 0.015244 -0.058026
v -0.125309 0.016518 -0.056298
v -0.125260 0.014426 -0.056392
v -0.119161 0.014528 -0.057499
v -0.119273 0.015293 -0.054634
v -0.105416 0.015264 0.012758
v -0.103878 0.015338 0.010608
v -0.156914 0.013307 -0.007793
v -0.155337 0.013283 -0.009704
v -0.156908 0.013423 -0.009243
v -0.151604 0.013905 -0.017684
v -0.152053 0.013188 -0.016111
v -0.150637 0.013272 -0.017132
v -0.056827 0.015530 -0.048576
v -0.044134 0.015146 -0.021922
v -0.087180 0.015444 -0.016396
v -0.141641 0.013485 -0.032055
v -0.140427 0.013371 -0.032487
v -0.091881 0.015536 -0.007291
v -0.089524 0.015455 -0.004359
v -0.121727 0.013595 -0.060371
v -0.052515 0.014989 0.008827
v -0.050003 0.015034 0.004336
v -0.147700 0.016932 -0.022375
v -0.039491 0.014926 -0.009151
v -0.036713 0.015017 -0.013271
v -0.083591 0.015263 0.012406
v -0.090110 0.015330 0.012368
v -0.067650 0.015215 -0.000710
v -0.070224 0.015232 0.003724
v -0.066218 0.015137 0.002662
v -0.137452 0.017886 -0.037615
v -0.148454 0.013277 -0.019931
v -0.145585 0.013978 -0.020539
v -0.147366 0.013381 -0.021198
v -0.142773 0.013600 -0.030474
v -0.142278 0.013746 -0.031351
v -0.142477 0.014621 -0.030881
v -0.133246 0.014055 -0.044901
v -0.141687 0.013329 -0.030766
v -0.134162 0.013411 -0.040779
v -0.150215 0.013463 -0.019134
v -0.149337 0.014930 -0.020724
v -0.093754 0.015093 0.023481
v -0.143465 0.013869 -0.024504
v -0.146667 0.013416 -0.022403
v -0.059689 0.015096 -0.002797
v -0.123684 0.015152 -0.049009
v -0.124502 0.014134 -0.052604
v -0.125829 0.014436 -0.049530
v -0.150052 0.013990 -0.012582
v -0.147196 0.014878 -0.012189
v -0.039604 0.015091 -0.018780
v -0.126483 0.014958 -0.045592
v -0.129152 0.014483 -0.043249
v -0.127963 0.015248 -0.040984
v -0.139169 0.015994 -0.035618
v -0.139057 0.014197 -0.036272
v -0.137983 0.015017 -0.037775
v -0.136406 0.015267 -0.040010
v -0.136202 0.013669 -0.040257
v -0.135583 0.013832 -0.041511
v -0.137149 0.015814 -0.022318
v -0.096421 0.015404 0.013930
v -0.101784 0.015307 0.013328
v -0.107496 0.015194 -0.072716
v -0.141620 0.013527 -0.029066
v -0.094496 0.015551 -0.004670
v -0.149799 0.013673 -0.015528
v -0.147522 0.013924 -0.017806
v -0.149318 0.013494 -0.017896
v -0.047614 0.015102 -0.000233
v -0.042810 0.015025 -0.004680
v -0.128861 0.014200 -0.045913
v -0.131771 0.013735 -0.043458
v -0.128087 0.015824 -0.037310
v -0.130725 0.015689 -0.034869
v -0.100346 0.015461 -0.003848
v -0.092397 0.015121 0.020452
v -0.095566 0.015210 0.018968
v -0.144194 0.017330 -0.027470
v -0.137132 0.013674 -0.038983
v -0.148165 0.014838 -0.022249
v -0.148543 0.013545 -0.021728
v -0.147826 0.013651 -0.022975
v -0.124532 0.015668 0.010471
v -0.145849 0.013518 -0.025539
v -0.145997 0.014350 -0.025606
v -0.146308 0.014128 -0.025154
v -0.100909 0.015584 -0.081418
v -0.093387 0.015473 0.000998
v -0.087867 0.015495 0.001545
v -0.089600 0.015529 -0.001308
v -0.118965 0.015686 0.010354
v -0.115741 0.015570 0.012065
v -0.129702 0.016982 -0.049319
v -0.130848 0.017105 -0.047626
v -0.125496 0.014802 -0.047863
v -0.106577 0.015549 0.004968
v -0.103750 0.015560 0.001290
v -0.103922 0.015442 0.008030
v -0.119661 0.015824 -0.051904
v -0.121068 0.015953 -0.048744
v -0.118048 0.016121 -0.052281
v -0.052824 0.015135 -0.003149
v -0.124397 0.015707 -0.044580
v -0.121206 0.015405 -0.051701
v -0.075452 0.015206 0.001605
v -0.065177 0.015192 -0.002599
v -0.089676 0.015534 -0.011794
v -0.058509 0.015025 0.013520
v -0.061649 0.014934 0.015368
v -0.058270 0.014953 0.019702
v -0.115764 0.015791 -0.056888
v -0.090626 0.015340 0.009137
v -0.122021 0.013654 -0.058261
v -0.120031 0.013914 -0.059736
v -0.115178 0.014590 -0.065081
v -0.152120 0.013421 -0.013359
v -0.153698 0.013218 -0.012788
v -0.153882 0.013352 -0.011605
v -0.091707 0.015542 -0.004679
v -0.091910 0.015523 -0.002704
v -0.126962 0.014469 -0.047663
v -0.128706 0.014025 -0.048398
v -0.058752 0.015062 0.008174
v -0.087870 0.015093 0.022017
v -0.145963 0.015963 -0.025250
v -0.131695 0.013739 -0.045297
v -0.130408 0.013887 -0.045760
v -0.149118 0.015699 -0.003147
v -0.150490 0.015780 0.000363
v -0.107539 0.014630 -0.076133
v -0.091210 0.015251 0.017351
v -0.105141 0.015515 -0.002658
v -0.102755 0.015602 -0.078522
v -0.104758 0.014767 -0.079806
v -0.125169 0.015983 -0.040376
v -0.156661 0.014768 -0.009845
v -0.157891 0.014084 -0.008240
v -0.107435 0.014296 -0.078649
v -0.117291 0.015497 0.014156
v -0.083860 0.015470 -0.015626
v -0.098828 0.015142 0.026565
v -0.148805 0.015340 -0.006827
v -0.151936 0.015357 -0.001755
v -0.127023 0.015981 -0.053729
v -0.128280 0.015499 -0.051888
v -0.133919 0.015162 -0.032835
v -0.122793 0.014933 -0.051741
v -0.121982 0.014616 -0.053708
v -0.084371 0.015380 -0.012342
v -0.096952 0.015501 -0.001304
v -0.106764 0.015192 0.024604
v -0.110578 0.014306 -0.073294
v -0.077260 0.015166 0.014136
v -0.075822 0.015099 0.014526
v -0.147880 0.014254 -0.014941
v -0.126339 0.015543 0.015206
v -0.061974 0.015066 0.011813
v -0.137078 0.014132 -0.033145
v -0.098803 0.015515 0.001762
v -0.106846 0.015083 0.027595
v -0.103927 0.015106 0.027229
v -0.143291 0.014105 -0.029865
v -0.142880 0.013303 -0.029580
v -0.140025 0.015759 -0.019261
v -0.108842 0.014110 -0.079112
v -0.109154 0.014198 -0.077155
v -0.112876 0.013975 -0.073807
v -0.112836 0.014018 -0.072442
v -0.144884 0.015017 -0.027346
v -0.145077 0.013666 -0.027046
v -0.117323 0.017272 -0.068119
v -0.115824 0.017913 -0.070623
v -0.118652 0.013904 -0.064114
v -0.119339 0.013893 -0.062413
v -0.117902 0.014215 -0.062157
v -0.117148 0.014197 -0.064545
v -0.116863 0.014071 -0.066269
v -0.118429 0.014072 -0.066062
v -0.115109 0.014981 -0.072046
v -0.115448 0.015831 -0.071527
v -0.115521 0.014370 -0.071038
v -0.120298 0.015814 -0.064017
v -0.115900 0.014115 -0.067737
v -0.114230 0.017028 -0.073392
v -0.118220 0.014965 -0.067030
v -0.118654 0.015895 -0.066387
v -0.113997 0.015112 -0.073900
v -0.113291 0.015722 -0.074877
v -0.114434 0.014236 -0.072623
v -0.113975 0.013971 -0.071360
v -0.116612 0.015431 -0.069556
v -0.117617 0.015477 -0.067863
v -0.117652 0.014219 -0.067455
v -0.123103 0.018456 -0.059037
v -0.119583 0.014693 -0.065261
v -0.114657 0.015519 -0.072725
v -0.117269 0.014502 -0.068473
v -0.116705 0.014253 -0.068960
v -0.112280 0.014285 -0.071069
v -0.121302 0.013889 -0.062570
v -0.121431 0.014918 -0.062488
v -0.120082 0.013893 -0.063738
v -0.119260 0.013747 -0.064930
v -0.120466 0.013691 -0.061771
v -0.114082 0.014220 -0.069602
v -0.156302 0.018090 -0.009201
v -0.121439 0.015467 0.015999
v -0.071643 0.015248 -0.001610
v -0.089400 0.015302 0.010292
v -0.087582 0.015351 0.009010
v -0.090066 0.015466 0.005672
v -0.085635 0.015404 0.004839
v -0.102571 0.015176 0.022616
v -0.116020 0.014139 -0.069473
v -0.145559 0.014710 -0.016789
v -0.113010 0.014502 -0.075145
v -0.111478 0.014059 -0.075003
v -0.147417 0.014821 -0.023471
v -0.130157 0.014637 -0.048959
v -0.129646 0.014967 -0.049787
v -0.155856 0.014113 -0.002987
v -0.152343 0.014874 -0.004255
v -0.120389 0.015261 0.021983
v -0.116506 0.015246 0.021240
v -0.115804 0.015225 0.024410
v -0.141450 0.013791 -0.027342
v -0.109497 0.015104 0.026978
v -0.142771 0.014483 -0.022143
v -0.142585 0.015066 -0.019716
v -0.101002 0.015218 0.017803
v -0.098649 0.015168 0.021679
v -0.135126 0.014217 -0.035672
v -0.087601 0.014987 0.033962
v -0.083331 0.015293 0.004479
v -0.128938 0.015913 -0.050744
v -0.128789 0.014029 -0.050577
v -0.138826 0.013621 -0.033425
v -0.129834 0.014035 -0.047184
v -0.146371 0.013354 -0.025020
v -0.123019 0.014044 -0.054970
v -0.156238 0.013454 -0.010311
v -0.155106 0.013293 -0.011760
v -0.155891 0.014105 -0.011061
v -0.152490 0.013201 -0.014821
v -0.152859 0.013203 -0.015425
v -0.153302 0.013165 -0.014700
v -0.154210 0.013467 -0.013607
v -0.153136 0.013207 -0.013841
v -0.154893 0.015144 -0.012334
v -0.055963 0.015066 0.011595
v -0.134238 0.013384 -0.042637
v -0.132482 0.013550 -0.044420
v -0.133475 0.013361 -0.043793
v -0.110439 0.014068 -0.077723
v -0.111867 0.014240 -0.076397
v -0.110549 0.014115 -0.076274
v -0.109862 0.014210 -0.075413
v -0.111962 0.015215 -0.076874
v -0.111525 0.014387 -0.077540
v -0.112598 0.016528 -0.075843
v -0.112580 0.015235 -0.075926
v -0.139893 0.013554 -0.034418
v -0.072990 0.014967 0.018087
v -0.092290 0.014960 0.035626
v -0.139452 0.014493 -0.027020
v -0.126839 0.013933 -0.051070
v -0.151339 0.013380 -0.015471
v -0.126602 0.013732 -0.052647
v -0.127348 0.014138 -0.049360
v -0.137590 0.013643 -0.035538
v -0.124618 0.014001 -0.057539
v -0.125928 0.013622 -0.054480
v -0.137813 0.013520 -0.037451
v -0.071660 0.014967 0.024012
v -0.106232 0.014953 0.030455
v -0.126330 0.014849 -0.055043
v -0.068613 0.015061 0.021171
v -0.145540 0.014162 -0.026242
v -0.147456 0.013673 -0.023789
v -0.157823 0.015790 -0.007790
v -0.139981 0.014908 -0.034585
v -0.085550 0.014713 0.087568
v -0.088840 0.014792 0.088242
v -0.086003 0.014686 0.092620
v -0.118368 0.014717 0.072107
v -0.118130 0.014732 0.069519
v -0.120904 0.014824 0.069006
v -0.052543 0.014965 0.124532
v -0.052431 0.015286 0.128835
v -0.049069 0.015029 0.125556
v -0.074499 0.014897 0.099563
v -0.070425 0.014860 0.100527
v -0.072118 0.014882 0.096245
v -0.129046 0.014885 0.061373
v -0.125123 0.014859 0.059964
v -0.128142 0.014885 0.058558
v -0.129412 0.014769 0.074994
v -0.125675 0.014832 0.069557
v -0.132048 0.014823 0.070773
v -0.110093 0.014809 0.051283
v -0.112313 0.014802 0.054301
v -0.106320 0.014821 0.055392
v -0.132235 0.014826 0.074080
v -0.052576 0.014985 0.114112
v -0.053842 0.014953 0.110575
v -0.055835 0.014904 0.113334
v -0.066098 0.014887 0.103969
v -0.064217 0.015064 0.109927
v -0.061253 0.014991 0.107036
v -0.140671 0.016425 0.117002
v -0.094367 0.014708 0.088647
v -0.096588 0.014715 0.090984
v -0.091880 0.014740 0.091146
v -0.094790 0.014749 0.056446
v -0.089709 0.014837 0.056806
v -0.092021 0.014934 0.052836
v -0.140857 0.015499 0.116651
v -0.141689 0.015664 0.116092
v -0.114526 0.014651 0.071931
v -0.112299 0.014597 0.075476
v -0.110264 0.014655 0.071897
v -0.108136 0.014791 0.064784
v -0.109541 0.014815 0.059351
v -0.113013 0.014706 0.062569
v -0.109054 0.014631 0.078993
v -0.107802 0.014620 0.075634
v -0.110786 0.014595 0.077571
v -0.082245 0.014646 0.089782
v -0.077648 0.014704 0.088561
v -0.082752 0.014664 0.084359
v -0.102990 0.014826 0.061913
v -0.097579 0.014620 0.065188
v -0.097092 0.014644 0.060262
v -0.121966 0.014847 0.071986
v -0.124341 0.014762 0.075249
v -0.121315 0.014849 0.063910
v -0.126467 0.014831 0.064160
v -0.083263 0.014735 0.097023
v -0.081836 0.014793 0.100900
v -0.078686 0.014834 0.097613
v -0.109315 0.014710 0.070203
v -0.106061 0.014746 0.070037
v -0.111651 0.014740 0.068223
v -0.066561 0.014581 0.084117
v -0.071006 0.014655 0.079886
v -0.071572 0.014661 0.083887
v -0.116867 0.014650 0.070540
v -0.133398 0.014449 0.121119
v -0.134500 0.014771 0.120721
v -0.133737 0.015027 0.121444
v -0.099553 0.014752 0.094908
v -0.101013 0.014665 0.090098
v -0.082381 0.014672 0.068243
v -0.079637 0.014712 0.072251
v -0.078529 0.014733 0.067772
v -0.131355 0.015006 0.122483
v -0.132881 0.015165 0.122180
v -0.131967 0.015811 0.122890
v -0.130825 0.016506 0.123646
v -0.116864 0.014634 0.075588
v -0.120952 0.014748 0.079603
v -0.113681 0.014646 0.080353
v -0.093569 0.014723 0.076393
v -0.097291 0.014712 0.077849
v -0.093915 0.014718 0.081406
v -0.069000 0.014681 0.087337
v -0.072797 0.014670 0.087869
v -0.132430 0.017072 0.122722
v -0.114977 0.014809 0.057708
v -0.072834 0.014673 0.092010
v -0.069261 0.014746 0.090250
v -0.068221 0.014880 0.094020
v -0.056263 0.015019 0.106067
v -0.060783 0.014944 0.103633
v -0.120373 0.014820 0.057441
v -0.139161 0.015978 0.117875
v -0.140087 0.015075 0.117047
v -0.086224 0.014676 0.069653
v -0.083707 0.014672 0.071838
v -0.055693 0.015126 0.126961
v -0.081131 0.014724 0.093866
v -0.089923 0.014668 0.095893
v -0.094378 0.014710 0.095090
v -0.075601 0.014890 0.096789
v -0.069285 0.015022 0.113204
v -0.065832 0.015123 0.114240
v -0.067733 0.015043 0.110777
v -0.094126 0.014623 0.062448
v -0.089997 0.014769 0.061559
v -0.093076 0.014675 0.059229
v -0.099819 0.014745 0.056641
v -0.118527 0.014750 0.067304
v -0.100558 0.014625 0.071647
v -0.100973 0.014700 0.067599
v -0.055952 0.015038 0.124085
v -0.126855 0.014701 0.079389
v -0.134850 0.014878 0.073696
v -0.136262 0.014866 0.070956
v -0.125725 0.014920 0.055965
v -0.101886 0.014816 0.052872
v -0.099046 0.014870 0.049563
v -0.102570 0.014851 0.049959
v -0.077892 0.014797 0.102124
v -0.080980 0.014775 0.103620
v -0.082520 0.014804 0.103096
v -0.083681 0.014823 0.105237
v -0.096478 0.014747 0.045412
v -0.094371 0.014878 0.049360
v -0.134519 0.016285 0.121208
v -0.050042 0.014982 0.121525
v -0.053916 0.014956 0.120822
v -0.098021 0.014754 0.042368
v -0.102571 0.014859 0.046061
v -0.076084 0.014731 0.084452
v -0.102582 0.014856 0.093595
v -0.104109 0.014882 0.097351
v -0.120464 0.014752 0.075107
v -0.116002 0.014698 0.068776
v -0.072585 0.014956 0.104780
v -0.058932 0.014987 0.110944
v -0.118784 0.014710 0.086009
v -0.112948 0.014701 0.085388
v -0.117183 0.014738 0.061114
v -0.105436 0.014811 0.050568
v -0.096982 0.014827 0.052945
v -0.107720 0.014748 0.083131
v -0.105266 0.014644 0.078897
v -0.100918 0.014625 0.081502
v -0.079603 0.014684 0.091776
v -0.076893 0.014771 0.093774
v -0.085739 0.014785 0.046136
v -0.089017 0.014941 0.049129
v -0.083779 0.014879 0.050860
v -0.088722 0.014895 0.045951
v -0.091512 0.014859 0.045455
v -0.116442 0.014722 0.065189
v -0.078569 0.014725 0.058722
v -0.082250 0.014845 0.058747
v -0.079939 0.014764 0.063431
v -0.086674 0.014700 0.097028
v -0.085318 0.014792 0.100128
v -0.086411 0.014708 0.073346
v -0.087406 0.014712 0.075372
v -0.083611 0.014671 0.077294
v -0.057584 0.015019 0.102572
v -0.060108 0.014977 0.099825
v -0.073150 0.014671 0.073356
v -0.071234 0.014649 0.072387
v -0.074791 0.014759 0.070706
v -0.079280 0.014874 0.053788
v -0.061590 0.015017 0.114964
v -0.058024 0.014894 0.114465
v -0.075231 0.014771 0.074884
v -0.071227 0.014670 0.075898
v -0.088402 0.014734 0.099109
v -0.117213 0.014861 0.053675
v -0.104482 0.014797 0.066159
v -0.087832 0.014954 0.053087
v -0.084854 0.014922 0.055325
v -0.086291 0.014893 0.058822
v -0.088586 0.014871 0.042910
v -0.093227 0.014807 0.040949
v -0.141012 0.014637 0.115921
v -0.067175 0.014840 0.098943
v -0.085346 0.014843 0.062282
v -0.088490 0.014726 0.066309
v -0.058600 0.014937 0.117029
v -0.060272 0.015075 0.119940
v -0.085775 0.014663 0.080627
v -0.088245 0.014754 0.083783
v -0.137796 0.015790 0.118799
v -0.136584 0.016612 0.119757
v -0.136081 0.015192 0.119838
v -0.078904 0.014802 0.106940
v -0.074677 0.014844 0.109215
v -0.103781 0.014696 0.084335
v -0.105574 0.014727 0.087899
v -0.049380 0.015030 0.111656
v -0.079122 0.014701 0.081104
v -0.097303 0.014623 0.086275
v -0.093094 0.014603 0.066338
v -0.098487 0.014592 0.067594
v -0.096774 0.014599 0.069912
v -0.102139 0.014609 0.075648
v -0.097400 0.014658 0.074230
v -0.075151 0.014703 0.079909
v -0.078667 0.014747 0.076883
v -0.094675 0.014637 0.073543
v -0.092318 0.014775 0.086320
v -0.090694 0.014701 0.072713
v -0.067846 0.014648 0.078795
v -0.055466 0.014918 0.116559
v -0.136224 0.014830 0.066457
v -0.051465 0.014980 0.117708
v -0.050871 0.014901 0.107304
v -0.075392 0.014729 0.065996
v -0.089205 0.014675 0.078120
v -0.130569 0.014828 0.065601
v -0.133844 0.014930 0.061391
v -0.101722 0.014632 0.085808
v -0.064258 0.015126 0.118330
v -0.137461 0.014595 0.118412
v -0.138744 0.014701 0.117597
v -0.142796 0.016688 0.115741
v -0.142699 0.015617 0.115446
v -0.142323 0.014814 0.115293
v -0.075833 0.014670 0.063373
v -0.075717 0.014690 0.060928
v -0.143738 0.015397 0.114708
v -0.088272 0.015205 0.141138
v -0.084987 0.015260 0.144035
v -0.083229 0.015260 0.139273
v -0.085292 0.015477 0.147850
v -0.088914 0.015350 0.144557
v -0.089118 0.015761 0.147732
v -0.091930 0.015237 0.138863
v -0.093150 0.015193 0.141510
v -0.075781 0.015498 0.143208
v -0.079004 0.015377 0.141179
v -0.080535 0.015349 0.144338
v -0.091138 0.015355 0.136139
v -0.088092 0.015293 0.137949
v -0.087040 0.015407 0.133636
v -0.063694 0.014922 0.096467
v -0.064807 0.014785 0.090781
v -0.054859 0.015005 0.103068
v -0.073608 0.014863 0.113766
v -0.070930 0.014948 0.109561
v -0.165169 0.015199 0.100218
v -0.164960 0.014889 0.099483
v -0.165734 0.014807 0.099423
v -0.150518 0.014648 0.109755
v -0.148828 0.014488 0.110709
v -0.149400 0.014335 0.109332
v -0.056161 0.014985 0.100148
v -0.057231 0.015019 0.121455
v -0.154552 0.015529 0.107746
v -0.153296 0.016313 0.109119
v -0.152197 0.014939 0.109054
v -0.151282 0.014389 0.108854
v -0.150354 0.014408 0.108000
v -0.084570 0.014741 0.065569
v -0.049687 0.015060 0.115452
v -0.091924 0.015960 0.147435
v -0.154028 0.014664 0.107132
v -0.155699 0.015123 0.106655
v -0.056995 0.014984 0.119058
v -0.094650 0.015712 0.145103
v -0.091066 0.014649 0.075925
v -0.092658 0.015470 0.144717
v -0.153160 0.014801 0.108163
v -0.156912 0.015007 0.105512
v -0.158609 0.014866 0.104171
v -0.158659 0.015361 0.104682
v -0.145127 0.016401 0.114166
v -0.147734 0.017157 0.112951
v -0.063421 0.014904 0.100562
v -0.167328 0.016497 0.099759
v -0.048103 0.015300 0.129194
v -0.096774 0.015543 0.142553
v -0.073239 0.014691 0.077462
v -0.151346 0.015650 0.110045
v -0.095072 0.015210 0.138958
v -0.100988 0.015651 0.140006
v -0.097828 0.015280 0.139468
v -0.095250 0.015324 0.136653
v -0.097309 0.015283 0.137874
v -0.093590 0.015424 0.133628
v -0.101301 0.015463 0.137731
v -0.103986 0.015596 0.137643
v -0.099696 0.015400 0.136297
v -0.091825 0.015317 0.130198
v -0.068112 0.014963 0.107797
v -0.096446 0.015428 0.130899
v -0.098540 0.015501 0.133571
v -0.100946 0.015468 0.130752
v -0.079056 0.014672 0.084790
v -0.106957 0.015626 0.135487
v -0.104417 0.015501 0.134808
v -0.102092 0.015499 0.133245
v -0.094904 0.015230 0.128523
v -0.048100 0.015062 0.118540
v -0.097373 0.015189 0.124727
v -0.094759 0.015152 0.126057
v -0.094784 0.015178 0.123468
v -0.098329 0.015279 0.127844
v -0.157662 0.015992 0.105884
v -0.160079 0.015502 0.103955
v -0.109846 0.015800 0.134937
v -0.105205 0.015393 0.130164
v -0.102203 0.015306 0.128058
v -0.087521 0.015269 0.126897
v -0.108902 0.015465 0.132620
v -0.100489 0.015208 0.124974
v -0.112347 0.015716 0.132895
v -0.103717 0.015241 0.125972
v -0.155501 0.014776 0.106329
v -0.102677 0.015201 0.120674
v -0.110284 0.015397 0.128749
v -0.107290 0.015319 0.125343
v -0.112514 0.015582 0.130701
v -0.112193 0.015321 0.125017
v -0.118836 0.015811 0.129208
v -0.114433 0.015515 0.127797
v -0.108804 0.015204 0.120767
v -0.149677 0.015607 0.111137
v -0.148206 0.015489 0.111915
v -0.043119 0.015175 0.126291
v -0.046129 0.015065 0.122495
v -0.046142 0.015125 0.126534
v -0.117703 0.015536 0.127747
v -0.122487 0.015908 0.127749
v -0.124712 0.015727 0.125409
v -0.121696 0.015456 0.126595
v -0.121016 0.015943 0.128604
v -0.118754 0.015243 0.124452
v -0.114504 0.015119 0.120101
v -0.110675 0.015097 0.117193
v -0.152222 0.014339 0.108013
v -0.123691 0.015821 0.126833
v -0.119775 0.015251 0.120828
v -0.123596 0.015515 0.125351
v -0.123586 0.015414 0.124351
v -0.113068 0.015066 0.113494
v -0.129258 0.015900 0.124012
v -0.146774 0.015641 0.112859
v -0.128341 0.015595 0.123823
v -0.127510 0.015569 0.123824
v -0.126027 0.015536 0.123946
v -0.125732 0.015350 0.123066
v -0.118719 0.015267 0.117103
v -0.159333 0.015291 0.104216
v -0.130051 0.015317 0.123040
v -0.123740 0.015274 0.121888
v -0.127015 0.015369 0.123030
v -0.128544 0.015317 0.123064
v -0.123684 0.015208 0.118304
v -0.127171 0.015208 0.122088
v -0.053534 0.015378 0.132355
v -0.050077 0.015392 0.131618
v -0.121776 0.015337 0.115278
v -0.129547 0.014982 0.121593
v -0.127415 0.015050 0.120235
v -0.142288 0.014882 0.103361
v -0.143458 0.014641 0.108176
v -0.138398 0.014857 0.105873
v -0.133905 0.014434 0.120058
v -0.060047 0.015253 0.130533
v -0.132998 0.014847 0.076476
v -0.132124 0.014615 0.120841
v -0.135271 0.014410 0.119709
v -0.164188 0.015448 0.101195
v -0.164937 0.016472 0.101233
v -0.059189 0.015055 0.123633
v -0.061271 0.015126 0.126138
v -0.058269 0.015090 0.126365
v -0.062704 0.015102 0.123072
v -0.062178 0.015281 0.133309
v -0.061256 0.015404 0.135691
v -0.066123 0.015086 0.125695
v -0.129265 0.015012 0.117468
v -0.066881 0.015388 0.136426
v -0.064846 0.015329 0.133442
v -0.069588 0.015364 0.133940
v -0.105977 0.015111 0.115686
v -0.102022 0.015113 0.115863
v -0.067773 0.015298 0.130666
v -0.152630 0.014581 0.106199
v -0.149064 0.014743 0.104348
v -0.063152 0.015036 0.120826
v -0.071906 0.015324 0.136273
v -0.072481 0.015404 0.134289
v -0.075419 0.015376 0.134539
v -0.076441 0.015342 0.138398
v -0.136263 0.014290 0.118583
v -0.134984 0.014360 0.118968
v -0.122740 0.015242 0.113285
v -0.125795 0.015181 0.114801
v -0.123333 0.015105 0.110597
v -0.124702 0.015090 0.112418
v -0.065271 0.015083 0.121610
v -0.130411 0.014845 0.119659
v -0.132994 0.014597 0.118682
v -0.135298 0.014481 0.117828
v -0.147958 0.014366 0.109028
v -0.127426 0.015069 0.111183
v -0.072797 0.015213 0.127544
v -0.130911 0.014987 0.113866
v -0.139548 0.014417 0.116781
v -0.139850 0.014400 0.115868
v -0.122556 0.014982 0.107064
v -0.125533 0.015000 0.108271
v -0.133690 0.014694 0.116404
v -0.140228 0.014367 0.115137
v -0.129031 0.014930 0.106983
v -0.125528 0.015019 0.105130
v -0.070863 0.015053 0.122905
v -0.076158 0.015160 0.123672
v -0.109437 0.014811 0.091942
v -0.113729 0.014641 0.093633
v -0.110826 0.014701 0.096301
v -0.069006 0.015116 0.118154
v -0.073127 0.015435 0.131845
v -0.068046 0.015039 0.122266
v -0.081667 0.015201 0.123903
v -0.085675 0.015262 0.123330
v -0.080286 0.015317 0.134695
v -0.077595 0.015304 0.131496
v -0.136977 0.014328 0.116648
v -0.134938 0.014748 0.114195
v -0.133357 0.014935 0.110184
v -0.126146 0.015029 0.101364
v -0.121897 0.015103 0.103198
v -0.143204 0.014410 0.114507
v -0.104419 0.014753 0.101892
v -0.107748 0.014723 0.101027
v -0.144043 0.014360 0.113532
v -0.075462 0.015322 0.129790
v -0.127396 0.014925 0.098137
v -0.123291 0.014989 0.098991
v -0.128628 0.014944 0.103514
v -0.152627 0.015251 0.086027
v -0.148783 0.015109 0.088918
v -0.149115 0.015162 0.084791
v -0.141566 0.014386 0.113539
v -0.142818 0.014356 0.112832
v -0.142820 0.014240 0.113816
v -0.132739 0.014828 0.104265
v -0.093341 0.015010 0.109382
v -0.095210 0.014992 0.108069
v -0.095261 0.015090 0.109726
v -0.126122 0.014936 0.095202
v -0.130482 0.014859 0.099744
v -0.145372 0.015216 0.113553
v -0.146440 0.014654 0.112576
v -0.145355 0.014301 0.112590
v -0.143963 0.014328 0.111757
v -0.138776 0.014516 0.113654
v -0.138371 0.014779 0.109436
v -0.141477 0.014460 0.111677
v -0.088497 0.014781 0.102786
v -0.084476 0.014827 0.102422
v -0.135515 0.014867 0.106695
v -0.082087 0.015316 0.129658
v -0.139354 0.014863 0.099347
v -0.136901 0.014822 0.102849
v -0.134737 0.014849 0.100366
v -0.122961 0.014755 0.091254
v -0.122487 0.014812 0.095566
v -0.126033 0.014819 0.085189
v -0.147524 0.014573 0.111857
v -0.077723 0.015227 0.127848
v -0.138979 0.014890 0.090811
v -0.134839 0.014939 0.095189
v -0.134603 0.015029 0.089095
v -0.129681 0.014991 0.091036
v -0.129766 0.014949 0.095774
v -0.146149 0.014159 0.111103
v -0.147702 0.014228 0.110598
v -0.058281 0.014875 0.094843
v -0.074342 0.015035 0.119238
v -0.135584 0.014835 0.105041
v -0.130766 0.014860 0.082328
v -0.134371 0.014892 0.079725
v -0.135685 0.015041 0.084146
v -0.155089 0.014582 0.105567
v -0.138894 0.014363 0.116126
v -0.077531 0.014839 0.111385
v -0.078388 0.015099 0.120319
v -0.078210 0.014939 0.116390
v -0.131271 0.014989 0.086173
v -0.130887 0.014769 0.078828
v -0.119903 0.015069 0.108699
v -0.169378 0.015971 0.098195
v -0.143496 0.014851 0.099453
v -0.142235 0.014234 0.114399
v -0.141069 0.014325 0.114737
v -0.140326 0.014886 0.095056
v -0.154549 0.014632 0.103772
v -0.082152 0.014861 0.111607
v -0.146667 0.014896 0.100498
v -0.091899 0.015171 0.127233
v -0.138231 0.015002 0.087243
v -0.142887 0.014913 0.097435
v -0.055235 0.015352 0.135570
v -0.095036 0.014722 0.102394
v -0.099764 0.014715 0.099004
v -0.100293 0.014710 0.102528
v -0.079387 0.014871 0.113680
v -0.085194 0.015194 0.121011
v -0.136672 0.014828 0.076463
v -0.088284 0.015273 0.122105
v -0.091614 0.015199 0.124225
v -0.156705 0.014632 0.104492
v -0.083821 0.014854 0.108716
v -0.143457 0.014894 0.090822
v -0.119156 0.015308 0.112528
v -0.137729 0.014844 0.073373
v -0.140435 0.014954 0.088401
v -0.157481 0.014691 0.103167
v -0.143768 0.014928 0.094911
v -0.147245 0.014967 0.095556
v -0.138920 0.014920 0.080084
v -0.141694 0.015046 0.084796
v -0.159648 0.014747 0.102613
v -0.153428 0.014911 0.101091
v -0.082738 0.014882 0.115117
v -0.161633 0.015046 0.102375
v -0.163069 0.015060 0.101504
v -0.162604 0.016092 0.102605
v -0.140297 0.014859 0.070617
v -0.077128 0.014909 0.113791
v -0.086103 0.014866 0.109671
v -0.085263 0.014920 0.110920
v -0.088253 0.014989 0.110502
v -0.096296 0.015097 0.117494
v -0.092977 0.015196 0.120969
v -0.088505 0.015138 0.117477
v -0.087426 0.014880 0.107505
v -0.086746 0.015008 0.113045
v -0.082572 0.015019 0.119004
v -0.157509 0.014852 0.100582
v -0.091426 0.014930 0.108491
v -0.093298 0.014892 0.108104
v -0.112264 0.014736 0.101098
v -0.108485 0.014764 0.098281
v -0.092258 0.014719 0.099224
v -0.104022 0.014938 0.111763
v -0.102096 0.015069 0.113211
v -0.099128 0.015071 0.109860
v -0.093789 0.014878 0.106501
v -0.091058 0.014835 0.105679
v -0.161550 0.014786 0.100709
v -0.140578 0.014828 0.075758
v -0.150567 0.014986 0.099260
v -0.163882 0.014970 0.100347
v -0.097397 0.015230 0.121852
v -0.145689 0.015085 0.086481
v -0.154555 0.015088 0.097962
v -0.102380 0.014769 0.100014
v -0.163572 0.014866 0.098903
v -0.145162 0.015019 0.079486
v -0.160703 0.014929 0.098271
v -0.093031 0.015128 0.112211
v -0.145981 0.015119 0.083476
v -0.157850 0.015118 0.097232
v -0.156372 0.015262 0.094421
v -0.070045 0.015342 0.139988
v -0.045180 0.015271 0.129322
v -0.165604 0.014745 0.098559
v -0.144038 0.014864 0.074219
v -0.102517 0.014738 0.105749
v -0.097688 0.014806 0.105657
v -0.152738 0.015186 0.095301
v -0.154213 0.015320 0.090658
v -0.167679 0.014856 0.098255
v -0.166281 0.015255 0.099790
v -0.148255 0.015135 0.081981
v -0.159320 0.015317 0.091125
v -0.160215 0.015156 0.094756
v -0.164328 0.014894 0.096403
v -0.119404 0.014974 0.106029
v -0.166119 0.014740 0.097542
v -0.115753 0.014948 0.107444
v -0.117464 0.014939 0.103105
v -0.116807 0.014790 0.099226
v -0.153263 0.015225 0.080939
v -0.119763 0.015020 0.100585
v -0.120155 0.014856 0.097937
v -0.109405 0.015048 0.114658
v -0.098972 0.015133 0.114130
v -0.110100 0.014729 0.087551
v -0.118101 0.014596 0.094720
v -0.116265 0.014587 0.092215
v -0.118327 0.014627 0.090709
v -0.100002 0.015157 0.116919
v -0.096350 0.014726 0.098252
v -0.114313 0.014653 0.089694
v -0.104511 0.014818 0.108932
v -0.107467 0.014861 0.095262
v -0.105211 0.014873 0.092581
v -0.108582 0.014775 0.106614
v -0.107861 0.014953 0.111735
v -0.114304 0.014671 0.097119
v -0.033849 0.015680 -0.064889
v -0.028015 0.015444 -0.065338
v -0.031314 0.015713 -0.070901
v -0.038554 0.015411 -0.181644
v -0.039515 0.015133 -0.183582
v -0.040641 0.015077 -0.182533
v -0.066693 0.015157 -0.136981
v -0.069306 0.015164 -0.134134
v -0.067499 0.015600 -0.133419
v -0.082076 0.016174 -0.106526
v -0.079549 0.016066 -0.111071
v -0.082060 0.014346 -0.120844
v -0.082792 0.014400 -0.119226
v -0.081343 0.014409 -0.119476
v -0.034966 0.016525 -0.179067
v -0.084777 0.014635 -0.116597
v -0.084312 0.014521 -0.117548
v -0.084946 0.015529 -0.117680
v -0.033337 0.015189 -0.037007
v -0.033557 0.015366 -0.041655
v -0.038032 0.015233 -0.037156
v -0.034704 0.015126 -0.032518
v -0.029797 0.015259 -0.034900
v -0.075968 0.014852 -0.126760
v -0.078204 0.014705 -0.120987
v -0.073610 0.015309 -0.125126
v -0.080415 0.014441 -0.122027
v -0.078769 0.014570 -0.124097
v -0.091576 0.014476 -0.104961
v -0.091511 0.014532 -0.106451
v -0.092205 0.014688 -0.105841
v -0.083174 0.014655 -0.120265
v -0.085886 0.015109 -0.115798
v -0.085705 0.016289 -0.116315
v -0.077985 0.014632 -0.126435
v -0.083640 0.014502 -0.119179
v -0.042590 0.015120 -0.177960
v -0.041760 0.015126 -0.179790
v -0.043609 0.015028 -0.179080
v -0.093205 0.015522 -0.104998
v -0.092914 0.014613 -0.104827
v -0.092615 0.015385 -0.105791
v -0.039982 0.015081 -0.184498
v -0.040895 0.015343 -0.184027
v -0.026055 0.015587 -0.071607
v -0.040169 0.015555 -0.185441
v -0.038832 0.015184 -0.185344
v -0.038532 0.016128 -0.188508
v -0.090742 0.014837 -0.107748
v -0.090246 0.015242 -0.109135
v -0.090635 0.015918 -0.108505
v -0.087940 0.015055 -0.112155
v -0.086582 0.014701 -0.112656
v -0.087278 0.015565 -0.113500
v -0.086329 0.014774 -0.114306
v -0.086473 0.016074 -0.115007
v -0.076708 0.014800 -0.127773
v -0.089128 0.014987 -0.110150
v -0.089761 0.015993 -0.109706
v -0.080427 0.014627 -0.123850
v -0.081726 0.014771 -0.122547
v -0.021508 0.015180 -0.035244
v -0.025649 0.015326 -0.035976
v -0.025648 0.015098 -0.030512
v -0.094027 0.014861 -0.103690
v -0.094471 0.016065 -0.103057
v -0.095081 0.014861 -0.102233
v -0.027348 0.015380 -0.039754
v -0.064317 0.016122 -0.135155
v -0.043301 0.015368 -0.180655
v -0.044000 0.015690 -0.179919
v -0.089089 0.014584 -0.108768
v -0.089158 0.014541 -0.107219
v -0.078618 0.015270 -0.115664
v -0.081124 0.014616 -0.116908
v -0.082185 0.015127 -0.112982
v -0.049822 0.015286 -0.038189
v -0.045209 0.015213 -0.032732
v -0.043562 0.015333 -0.037706
v -0.066827 0.014795 -0.139165
v -0.064903 0.015114 -0.140219
v -0.085184 0.014746 -0.111667
v -0.087510 0.014682 -0.110848
v -0.087320 0.014704 -0.108839
v -0.048072 0.015570 -0.048278
v -0.044140 0.015577 -0.048280
v -0.044424 0.015708 -0.179265
v -0.044683 0.015161 -0.178219
v -0.095729 0.014854 -0.101246
v -0.095398 0.014245 -0.100671
v -0.041732 0.015471 -0.042480
v -0.031520 0.015080 -0.028717
v -0.038086 0.015272 -0.184228
v -0.091140 0.016129 -0.107584
v -0.030851 0.015267 -0.038990
v -0.096466 0.014896 -0.100161
v -0.079348 0.014575 -0.125249
v -0.040400 0.015610 -0.177332
v -0.084623 0.015351 -0.108148
v -0.022489 0.015376 -0.039270
v -0.079101 0.014867 -0.126299
v -0.088140 0.014642 -0.109587
v -0.078874 0.015793 -0.127117
v -0.080023 0.015310 -0.125290
v -0.094322 0.014212 -0.101922
v -0.093027 0.014349 -0.102971
v -0.050758 0.015603 -0.050768
v -0.051187 0.015408 -0.046557
v -0.088703 0.016560 -0.111270
v -0.058423 0.014672 -0.155764
v -0.059446 0.014729 -0.154080
v -0.057614 0.014786 -0.154610
v -0.087810 0.014820 -0.106530
v -0.046337 0.015365 -0.042000
v -0.088572 0.015147 -0.111265
v -0.083649 0.014661 -0.114568
v -0.072890 0.015974 -0.118727
v -0.072421 0.015860 -0.121865
v -0.084283 0.014688 -0.118429
v -0.083639 0.014432 -0.118287
v -0.033752 0.015565 -0.060869
v -0.033580 0.015594 -0.057786
v -0.091890 0.015392 -0.106684
v -0.092213 0.016813 -0.106107
v -0.054985 0.015657 -0.054503
v -0.094073 0.014219 -0.099696
v -0.091387 0.014537 -0.102716
v -0.066679 0.016140 -0.130663
v -0.088530 0.015086 -0.103651
v -0.091258 0.014783 -0.100386
v -0.095572 0.016222 -0.101353
v -0.093569 0.016367 -0.104285
v -0.067774 0.014908 -0.143754
v -0.067000 0.015868 -0.145069
v -0.067996 0.016264 -0.143669
v -0.036285 0.015549 -0.184510
v -0.036493 0.015409 -0.186948
v -0.034271 0.016117 -0.183939
v -0.040536 0.017007 -0.185239
v -0.041805 0.016272 -0.183252
v -0.075413 0.015324 -0.119304
v -0.023886 0.015402 -0.043259
v -0.078423 0.014843 -0.127247
v -0.077545 0.014743 -0.127724
v -0.040135 0.015537 -0.051699
v -0.082622 0.015031 -0.121508
v -0.073098 0.014896 -0.132373
v -0.073491 0.014948 -0.133995
v -0.074609 0.015451 -0.133162
v -0.058264 0.014905 -0.157445
v -0.059090 0.015881 -0.156689
v -0.059297 0.014940 -0.155941
v -0.085596 0.015856 -0.103571
v -0.019414 0.015243 -0.037842
v -0.036013 0.015109 -0.027523
v -0.040000 0.015084 -0.024750
v -0.034296 0.015084 -0.023090
v -0.040087 0.015149 -0.030468
v -0.041398 0.015234 -0.034101
v -0.087919 0.016032 -0.112493
v -0.070885 0.015289 -0.130733
v -0.070097 0.016013 -0.125888
v -0.069126 0.014642 -0.140454
v -0.067946 0.014620 -0.139963
v -0.067947 0.014538 -0.141889
v -0.071971 0.014864 -0.135222
v -0.070073 0.014814 -0.136050
v -0.071886 0.014857 -0.136432
v -0.070327 0.017135 -0.139859
v -0.071088 0.016037 -0.138972
v -0.070429 0.015102 -0.139566
v -0.084845 0.014590 -0.115290
v -0.061789 0.015815 -0.140160
v -0.063875 0.014872 -0.143632
v -0.083936 0.015326 -0.119426
v -0.073526 0.015036 -0.129102
v -0.072570 0.014972 -0.131146
v -0.088424 0.015706 -0.111713
v -0.090536 0.014460 -0.106341
v -0.044796 0.016366 -0.178732
v -0.066182 0.014608 -0.143287
v -0.083365 0.014460 -0.117088
v -0.030252 0.015353 -0.041100
v -0.061553 0.014689 -0.151396
v -0.063153 0.014849 -0.149749
v -0.061466 0.014755 -0.149314
v -0.066230 0.014752 -0.141308
v -0.081890 0.016355 -0.122712
v -0.077002 0.014875 -0.128840
v -0.075911 0.014890 -0.129024
v -0.076353 0.015205 -0.130337
v -0.071696 0.014939 -0.133862
v -0.083090 0.015664 -0.120779
v -0.073788 0.014881 -0.131271
v -0.074731 0.014906 -0.129817
v -0.037597 0.015430 -0.041773
v -0.041638 0.015128 -0.182994
v -0.042353 0.015332 -0.182511
v -0.042747 0.016128 -0.181973
v -0.089804 0.014594 -0.105178
v -0.064946 0.015622 -0.147999
v -0.063762 0.016665 -0.149516
v -0.065734 0.016641 -0.146807
v -0.041664 0.015014 -0.182099
v -0.041016 0.015107 -0.181405
v -0.069756 0.015546 -0.141017
v -0.056351 0.017095 -0.161143
v -0.083760 0.016827 -0.119592
v -0.081046 0.015491 -0.123951
v -0.043184 0.016523 -0.181121
v -0.043626 0.016099 -0.180430
v -0.075371 0.014908 -0.130221
v -0.078009 0.015098 -0.128108
v -0.075150 0.014855 -0.131108
v -0.074617 0.014901 -0.132153
v -0.077651 0.015926 -0.128937
v -0.080205 0.016470 -0.125399
v -0.063618 0.014729 -0.146334
v -0.064886 0.014615 -0.145327
v -0.065253 0.014634 -0.144309
v -0.068521 0.014667 -0.138062
v -0.045697 0.016885 -0.177290
v -0.046289 0.015507 -0.176375
v -0.045492 0.015483 -0.177466
v -0.072669 0.014850 -0.134632
v -0.075619 0.016013 -0.131845
v -0.062851 0.014748 -0.148031
v -0.061685 0.014994 -0.146786
v -0.090187 0.016175 -0.109013
v -0.047143 0.016411 -0.175300
v -0.074198 0.016005 -0.134171
v -0.076800 0.016648 -0.130269
v -0.064226 0.014741 -0.147787
v -0.060392 0.014858 -0.150847
v -0.058754 0.015248 -0.149358
v -0.065663 0.015007 -0.146505
v -0.064679 0.014637 -0.146472
v -0.066386 0.014632 -0.144845
v -0.072736 0.015882 -0.136532
v -0.071956 0.015329 -0.137605
v -0.039130 0.015544 -0.186901
v -0.057032 0.015081 -0.152605
v -0.058480 0.014788 -0.153273
v -0.059165 0.014882 -0.151992
v -0.073215 0.015419 -0.135265
v -0.074867 0.016689 -0.133147
v -0.053977 0.016201 -0.147643
v -0.060415 0.014760 -0.152432
v -0.071402 0.015392 -0.138486
v -0.070553 0.014692 -0.137858
v -0.071871 0.017120 -0.137648
v -0.091289 0.015630 -0.094731
v -0.088994 0.015627 -0.099501
v -0.017618 0.015270 -0.041521
v -0.059653 0.015559 -0.145148
v -0.073852 0.017588 -0.134681
v -0.057876 0.016598 -0.158668
v -0.057611 0.014944 -0.159095
v -0.056490 0.015099 -0.160609
v -0.068852 0.015617 -0.142431
v -0.096905 0.016191 -0.099419
v -0.045889 0.015476 -0.045381
v -0.054675 0.015364 -0.043626
v -0.064187 0.015435 -0.148840
v -0.061113 0.015134 -0.153299
v -0.062326 0.015822 -0.151675
v -0.028966 0.015397 -0.043666
v -0.037648 0.015366 -0.045910
v -0.027768 0.015467 -0.059035
v -0.030225 0.015586 -0.054239
v -0.038051 0.015314 -0.186752
v -0.060087 0.015745 -0.155103
v -0.060973 0.016851 -0.153586
v -0.019483 0.015278 -0.046626
v -0.026485 0.015334 -0.048846
v -0.085288 0.014642 -0.113648
v -0.056827 0.015530 -0.048576
v -0.055666 0.015533 -0.162159
v -0.032493 0.015347 -0.045996
v -0.069346 0.014628 -0.139118
v -0.075499 0.016019 -0.114552
v -0.034168 0.015433 -0.050033
v -0.048428 0.017281 -0.173163
v -0.069034 0.014808 -0.141527
v -0.055766 0.015613 -0.150648
v -0.096686 0.014195 -0.098573
v -0.092770 0.014785 -0.097209
v -0.042341 0.015050 -0.181402
v -0.031389 0.015480 -0.061657
v -0.036198 0.015544 -0.054617
v -0.037627 0.015419 -0.188083
v -0.094752 0.015439 -0.090448
v -0.090687 0.016272 -0.091282
v -0.052720 0.015669 -0.153749
v -0.027629 0.014996 -0.023379
v -0.078094 0.015756 -0.113735
v -0.043146 0.015221 -0.176360
v -0.043749 0.015045 -0.177711
v -0.044576 0.015076 -0.176862
v -0.045454 0.015038 -0.176288
v -0.044774 0.015059 -0.175184
v -0.043209 0.015525 -0.173329
v -0.045585 0.014991 -0.173102
v -0.046051 0.014942 -0.174457
v -0.045917 0.014991 -0.175482
v -0.046872 0.015067 -0.175061
v -0.048214 0.014684 -0.168492
v -0.048801 0.014550 -0.170556
v -0.049650 0.014445 -0.169362
v -0.047835 0.015208 -0.174319
v -0.047117 0.014808 -0.173503
v -0.050140 0.014443 -0.168048
v -0.047280 0.014714 -0.171492
v -0.045549 0.015078 -0.170876
v -0.051936 0.017022 -0.167691
v -0.053406 0.016601 -0.165653
v -0.052125 0.015341 -0.167712
v -0.055424 0.014951 -0.155415
v -0.049460 0.014970 -0.163995
v -0.051270 0.014509 -0.165465
v -0.052517 0.014553 -0.164048
v -0.049050 0.015647 -0.159119
v -0.048801 0.015150 -0.172578
v -0.048180 0.015976 -0.174034
v -0.052727 0.014994 -0.157965
v -0.045886 0.015897 -0.162994
v -0.043847 0.015710 -0.168017
v -0.057072 0.014558 -0.158551
v -0.095028 0.014687 -0.093950
v -0.050070 0.015027 -0.170513
v -0.049834 0.016231 -0.171297
v -0.056876 0.014660 -0.156900
v -0.050923 0.014774 -0.168832
v -0.050896 0.016030 -0.169401
v -0.054955 0.014633 -0.158122
v -0.053050 0.014581 -0.161025
v -0.057390 0.014469 -0.159124
v -0.053722 0.014967 -0.164861
v -0.054079 0.014769 -0.163807
v -0.056193 0.014559 -0.158248
v -0.056868 0.014580 -0.159591
v -0.050030 0.014584 -0.166571
v -0.055748 0.014523 -0.159781
v -0.052673 0.014644 -0.166042
v -0.051405 0.014459 -0.167130
v -0.054792 0.016019 -0.163634
v -0.050979 0.015005 -0.160362
v -0.056386 0.014636 -0.160036
v -0.054992 0.014568 -0.161546
v -0.053886 0.014552 -0.162789
v -0.054927 0.014859 -0.162793
v -0.055594 0.014912 -0.161927
v -0.098073 0.014368 -0.097421
v -0.097503 0.014140 -0.097151
v -0.098110 0.016699 -0.097427
v -0.097053 0.014130 -0.096560
v -0.095477 0.014320 -0.096047
v -0.097574 0.015103 -0.098492
v 0.021286 0.015507 -0.053413
v 0.025764 0.015351 -0.049273
v 0.026343 0.015445 -0.054128
v 0.018867 0.015525 -0.059282
v 0.016887 0.015487 -0.063529
v 0.020675 0.015514 -0.063008
v 0.018956 0.015531 -0.068000
v -0.004353 0.015596 -0.074049
v -0.015732 0.015612 -0.077617
v 0.012357 0.015558 -0.067558
v -0.010745 0.015685 -0.076447
v -0.017928 0.015603 -0.062590
v -0.017103 0.015681 -0.058762
v 0.012655 0.015614 -0.061135
v -0.022298 0.015544 -0.057163
v -0.023815 0.015502 -0.062376
v -0.020577 0.015744 -0.077965
v -0.018847 0.015541 -0.075553
v -0.016640 0.015442 -0.072703
v 0.005859 0.015520 -0.059040
v 0.003367 0.015681 -0.061017
v 0.003038 0.015484 -0.058880
v 0.000621 0.015541 -0.067489
v -0.009118 0.015475 -0.071653
v -0.013074 0.015522 -0.073865
v 0.010025 0.015362 -0.052154
v 0.006437 0.015303 -0.051832
v 0.008063 0.015409 -0.048208
v 0.007355 0.015302 -0.053705
v 0.003179 0.015268 -0.054874
v -0.021221 0.015482 -0.073294
v -0.019104 0.015526 -0.070030
v -0.005641 0.015393 -0.067934
v 0.009588 0.015565 -0.058825
v 0.013010 0.015584 -0.054859
v 0.008240 0.015409 -0.055890
v -0.009142 0.015459 -0.067647
v -0.015690 0.015520 -0.068371
v -0.022639 0.015571 -0.067733
v -0.003321 0.015655 -0.063087
v -0.024296 0.015724 -0.076142
v -0.000373 0.015670 -0.059649
v -0.011698 0.015416 -0.065065
v -0.012552 0.015462 -0.070067
v -0.007578 0.015505 -0.064768
v 0.014327 0.015580 -0.048320
v -0.015548 0.015538 -0.064907
v 0.003237 0.015390 -0.049319
v -0.026632 0.015499 -0.056058
v -0.025320 0.015457 -0.053427
v -0.028015 0.015444 -0.065338
v -0.013686 0.015447 -0.061518
v -0.008257 0.015567 -0.060665
v -0.027768 0.015467 -0.059035
v -0.011836 0.015533 -0.057042
v -0.004875 0.015540 -0.055945
v -0.003150 0.015336 -0.048307
v -0.016578 0.015634 -0.054428
v -0.021554 0.015459 -0.052277
v -0.010782 0.015407 -0.051971
v -0.030225 0.015586 -0.054239
v -0.016664 0.015372 -0.049963
v -0.021027 0.015322 -0.049350
v -0.012169 0.015215 -0.046056
v -0.026055 0.015587 -0.071607
v -0.026485 0.015334 -0.048846
v -0.019483 0.015278 -0.046626
v -0.017618 0.015270 -0.041521
v 0.030162 0.015577 -0.056315
v 0.030095 0.015434 -0.051485
v 0.024865 0.015614 -0.059264
v 0.032883 0.015586 -0.053477
v 0.107981 0.014813 -0.150633
v 0.111571 0.013855 -0.148135
v 0.109007 0.013283 -0.149602
v 0.112999 0.016132 -0.147407
v 0.110736 0.015682 -0.148872
v 0.113459 0.014986 -0.147076
f 1 2 3
f 4 5 6
f 7 5 8
f 9 7 10
f 11 12 13
f 4 8 5
f 5 14 15
f 16 8 4
f 5 15 17
f 10 8 18
f 5 17 6
f 8 16 18
f 10 7 8
f 6 17 19
f 18 16 20
f 21 22 10
f 10 22 11
f 15 14 1
f 23 12 22
f 24 23 21
f 22 12 11
f 22 21 23
f 2 1 14
f 1 25 15
f 21 18 20
f 28 4 29
f 32 33 28
f 34 35 36
f 17 37 35
f 38 39 40
f 41 42 40
f 33 4 28
f 16 4 33
f 11 9 10
f 28 47 32
f 36 26 34
f 42 17 40
f 25 1 48
f 13 12 49
f 38 34 27
f 47 17 45
f 26 27 34
f 16 33 43
f 48 1 50
f 50 1 3
f 35 34 40
f 50 36 48
f 3 46 50
f 35 37 36
f 40 17 35
f 29 19 47
f 12 44 49
f 37 25 48
f 36 37 48
f 16 43 20
f 43 24 20
f 24 43 31
f 19 29 6
f 30 12 23
f 47 28 29
f 40 39 41
f 29 4 6
f 24 31 30
f 24 30 23
f 30 44 12
f 17 25 37
f 17 15 25
f 42 41 17
f 46 26 50
f 34 38 40
f 17 41 45
f 20 24 21
f 36 50 26
f 32 47 45
f 18 21 10
f 17 47 19
f 51 52 53
f 54 55 53
f 56 57 58
f 58 57 60
f 61 58 60
f 56 62 59
f 63 64 65
f 57 56 59
f 67 68 69
f 70 63 71
f 69 61 60
f 64 63 70
f 68 67 72
f 73 58 61
f 59 62 66
f 61 69 68
f 72 74 68
f 58 75 56
f 68 73 61
f 73 75 58
f 75 62 56
f 73 68 74
f 52 76 77
f 78 79 80
f 81 80 79
f 55 51 53
f 76 55 82
f 80 81 76
f 79 64 70
f 76 51 55
f 64 79 78
f 76 83 77
f 51 76 52
f 83 76 81
f 79 83 81
f 84 85 86
f 87 88 89
f 90 91 92
f 93 94 95
f 96 97 98
f 99 100 101
f 102 103 104
f 106 104 107
f 108 109 94
f 102 96 89
f 110 104 111
f 112 113 114
f 107 115 106
f 116 117 97
f 118 85 84
f 106 115 111
f 93 113 112
f 93 95 113
f 123 124 115
f 107 121 123
f 111 124 110
f 88 99 101
f 125 102 101
f 117 126 127
f 85 128 86
f 126 129 110
f 117 116 126
f 101 100 130
f 129 96 102
f 113 94 109
f 91 112 114
f 88 101 89
f 131 132 133
f 127 134 135
f 118 136 85
f 123 115 107
f 86 128 137
f 129 104 110
f 91 114 92
f 135 117 127
f 138 134 132
f 103 102 125
f 107 122 119
f 96 98 89
f 94 113 95
f 134 138 90
f 86 137 84
f 107 103 122
f 126 132 127
f 136 139 130
f 135 90 117
f 124 111 115
f 122 125 139
f 140 99 128
f 120 141 121
f 141 123 121
f 87 89 98
f 97 96 116
f 142 114 143
f 131 138 132
f 125 130 139
f 144 99 88
f 129 126 116
f 141 120 145
f 85 146 128
f 147 114 142
f 92 114 147
f 147 117 92
f 127 132 134
f 133 132 124
f 103 125 122
f 102 104 129
f 143 88 142
f 124 123 133
f 144 137 99
f 101 102 89
f 104 106 111
f 145 131 141
f 145 120 105
f 87 142 88
f 128 146 140
f 137 128 99
f 133 141 131
f 87 98 97
f 123 141 133
f 130 125 101
f 96 129 116
f 110 132 126
f 97 147 142
f 137 144 148
f 103 107 104
f 117 147 97
f 130 146 136
f 132 110 124
f 93 149 94
f 146 85 136
f 117 90 92
f 150 137 148
f 119 121 107
f 146 100 140
f 143 144 88
f 114 113 109
f 142 87 97
f 90 135 134
f 140 100 99
f 100 146 130
f 151 152 153
f 154 155 156
f 157 158 159
f 160 161 162
f 163 164 165
f 166 167 168
f 169 170 171
f 172 173 174
f 175 176 173
f 177 178 179
f 180 181 182
f 183 184 151
f 185 186 187
f 188 189 190
f 191 192 193
f 194 195 196
f 197 198 168
f 199 200 201
f 185 202 203
f 208 200 209
f 210 211 212
f 213 214 215
f 219 220 221
f 219 222 220
f 223 224 225
f 226 227 228
f 229 230 231
f 232 233 234
f 234 233 235
f 236 237 238
f 178 177 239
f 240 241 242
f 175 243 244
f 245 246 247
f 248 249 250
f 252 253 167
f 254 255 256
f 257 258 259
f 260 261 262
f 263 264 265
f 266 267 268
f 269 270 271
f 272 273 274
f 275 276 277
f 278 279 280
f 281 282 283
f 284 285 286
f 287 288 289
f 266 290 291
f 292 293 294
f 225 191 295
f 296 297 298
f 197 168 167
f 301 302 153
f 303 304 305
f 306 307 308
f 290 309 310
f 311 312 313
f 317 314 318
f 319 320 321
f 271 270 322
f 323 237 236
f 324 325 326
f 327 328 329
f 197 330 331
f 332 331 333
f 214 334 215
f 335 336 300
f 299 338 300
f 338 299 260
f 252 339 340
f 252 341 339
f 342 324 326
f 343 344 345
f 235 346 234
f 178 239 349
f 318 351 317
f 167 352 197
f 353 234 354
f 279 355 356
f 356 355 357
f 358 287 259
f 359 194 360
f 361 362 346
f 365 272 274
f 279 366 280
f 367 368 269
f 153 369 301
f 370 318 256
f 371 372 340
f 373 374 375
f 376 377 378
f 379 328 327
f 380 381 382
f 288 287 383
f 384 341 385
f 386 387 388
f 389 379 327
f 390 391 392
f 393 194 359
f 394 395 334
f 396 384 397
f 233 398 152
f 399 288 400
f 235 184 361
f 401 238 237
f 279 356 366
f 233 152 184
f 155 362 361
f 153 405 151
f 408 370 255
f 163 410 164
f 411 412 413
f 361 184 183
f 277 276 414
f 384 385 415
f 416 417 418
f 308 420 421
f 422 387 372
f 388 387 423
f 155 424 362
f 236 425 426
f 427 428 421
f 429 400 288
f 277 340 386
f 430 431 432
f 415 385 408
f 433 434 435
f 372 371 422
f 436 388 423
f 437 438 439
f 443 444 445
f 446 447 448
f 232 449 450
f 452 453 454
f 235 233 184
f 455 456 453
f 458 428 459
f 460 461 346
f 275 277 386
f 345 377 343
f 440 364 408
f 320 273 462
f 463 464 359
f 169 465 466
f 467 468 469
f 314 256 318
f 471 432 472
f 473 368 367
f 474 388 436
f 421 396 306
f 475 152 398
f 158 461 159
f 333 331 330
f 361 156 155
f 357 476 477
f 478 188 479
f 476 480 481
f 356 357 482
f 185 483 484
f 218 485 216
f 341 252 167
f 398 486 475
f 328 476 487
f 276 352 414
f 488 472 431
f 233 232 450
f 428 319 321
f 319 428 427
f 489 397 490
f 462 491 459
f 484 483 492
f 494 495 496
f 497 364 498
f 500 501 502
f 503 504 505
f 414 352 167
f 504 506 507
f 508 509 510
f 450 398 233
f 321 320 459
f 511 512 513
f 514 319 427
f 515 516 517
f 518 519 520
f 504 503 521
f 523 511 513
f 257 524 258
f 514 525 319
f 270 269 526
f 364 497 408
f 527 474 436
f 528 529 530
f 458 339 341
f 463 531 532
f 323 426 533
f 535 477 476
f 536 537 538
f 401 485 373
f 161 474 162
f 539 540 170
f 180 541 542
f 543 272 365
f 517 525 514
f 515 517 420
f 368 527 269
f 545 546 536
f 547 548 456
f 268 549 550
f 169 171 511
f 346 354 234
f 551 552 157
f 542 181 180
f 382 553 554
f 556 326 557
f 558 559 560
f 561 562 490
f 471 563 375
f 564 565 192
f 162 527 368
f 471 472 488
f 271 567 269
f 443 568 569
f 342 326 556
f 570 571 572
f 507 416 573
f 574 575 576
f 547 577 578
f 245 247 579
f 292 470 580
f 181 582 182
f 543 491 272
f 470 292 316
f 518 585 519
f 586 189 188
f 238 401 373
f 305 304 508
f 210 587 588
f 373 375 238
f 589 580 590
f 161 409 591
f 592 524 593
f 387 422 423
f 580 589 594
f 442 441 595
f 409 596 591
f 340 372 386
f 571 570 163
f 543 566 597
f 598 599 600
f 601 444 443
f 417 416 507
f 334 395 215
f 604 605 435
f 496 292 594
f 606 607 608
f 609 610 209
f 611 210 570
f 612 613 553
f 614 238 615
f 567 616 603
f 458 459 339
f 367 617 473
f 174 170 540
f 322 422 619
f 620 164 410
f 269 567 367
f 286 407 406
f 621 622 623
f 624 295 191
f 625 626 627
f 165 628 629
f 430 335 300
f 225 312 223
f 496 631 293
f 316 294 602
f 286 406 632
f 457 426 425
f 339 619 371
f 388 260 386
f 633 495 494
f 634 263 635
f 248 494 323
f 637 627 638
f 388 474 431
f 459 320 462
f 527 436 423
f 248 323 533
f 622 350 623
f 407 285 639
f 325 640 641
f 328 643 644
f 647 648 649
f 546 650 651
f 173 172 175
f 518 652 554
f 598 653 608
f 654 453 655
f 656 657 658
f 285 284 639
f 188 190 479
f 660 634 661
f 662 380 663
f 297 665 666
f 474 161 488
f 667 668 669
f 670 545 536
f 408 671 490
f 651 672 537
f 673 674 675
f 378 345 293
f 677 678 679
f 655 453 456
f 652 663 380
f 680 681 195
f 653 682 683
f 684 685 544
f 686 538 687
f 612 382 381
f 494 589 323
f 239 177 688
f 688 177 689
f 690 691 692
f 679 632 345
f 253 414 167
f 497 498 671
f 693 694 199
f 345 378 377
f 695 696 697
f 387 386 372
f 700 695 278
f 173 176 701
f 643 487 702
f 439 703 437
f 704 231 705
f 706 695 707
f 684 708 709
f 543 597 322
f 454 710 711
f 283 288 383
f 714 715 659
f 716 717 492
f 575 347 718
f 463 550 719
f 720 721 722
f 229 714 230
f 711 723 724
f 381 725 656
f 728 729 730
f 630 591 596
f 679 678 286
f 732 455 243
f 733 718 734
f 735 484 686
f 196 195 681
f 737 738 608
f 741 742 743
f 674 673 744
f 669 716 628
f 404 631 495
f 151 184 152
f 746 747 748
f 487 355 702
f 751 291 290
f 709 708 753
f 754 755 756
f 758 703 759
f 306 396 397
f 684 761 762
f 763 764 765
f 754 756 745
f 756 766 767
f 768 769 770
f 771 772 773
f 399 400 512
f 679 345 344
f 774 775 776
f 774 779 780
f 748 782 746
f 461 354 346
f 783 784 785
f 713 438 712
f 766 756 755
f 268 311 549
f 756 786 745
f 159 461 228
f 608 738 606
f 747 756 767
f 473 617 160
f 347 348 734
f 708 787 788
f 412 411 789
f 156 183 154
f 589 494 496
f 227 226 362
f 767 748 747
f 684 709 685
f 485 401 216
f 296 298 509
f 792 793 576
f 794 298 529
f 757 796 439
f 426 457 618
f 503 287 521
f 798 747 746
f 686 687 799
f 159 800 551
f 801 732 243
f 453 452 455
f 802 803 804
f 501 805 806
f 807 315 522
f 786 747 798
f 810 767 811
f 812 813 523
f 814 791 782
f 815 787 762
f 816 681 662
f 817 469 818
f 180 819 541
f 777 807 760
f 328 487 643
f 453 654 454
f 778 762 807
f 499 780 646
f 782 748 767
f 811 767 766
f 810 782 767
f 815 750 820
f 758 821 822
f 820 823 824
f 825 446 826
f 494 248 633
f 815 762 827
f 438 284 678
f 771 773 828
f 173 170 174
f 424 155 829
f 190 478 479
f 810 814 782
f 756 747 786
f 154 830 155
f 753 708 788
f 788 789 411
f 807 761 315
f 832 395 394
f 833 834 658
f 315 761 544
f 536 668 670
f 300 338 430
f 820 824 815
f 836 837 838
f 399 675 839
f 759 821 758
f 840 633 250
f 740 746 782
f 841 798 746
f 842 843 844
f 674 289 839
f 789 788 787
f 845 846 847
f 823 780 848
f 309 793 849
f 235 361 346
f 271 583 616
f 765 703 439
f 850 851 816
f 852 776 853
f 362 460 346
f 854 855 856
f 739 857 858
f 849 310 309
f 293 631 378
f 628 165 164
f 460 226 461
f 344 677 679
f 863 320 864
f 489 562 865
f 866 867 868
f 863 273 320
f 869 870 871
f 872 865 862
f 873 435 434
f 827 762 778
f 874 871 870
f 807 777 778
f 497 671 408
f 872 307 865
f 158 354 461
f 865 562 862
f 865 307 489
f 687 213 799
f 515 307 872
f 836 772 837
f 684 787 708
f 864 525 516
f 841 746 740
f 158 157 354
f 522 760 807
f 320 319 864
f 789 876 412
f 562 561 862
f 525 864 319
f 804 877 802
f 238 614 878
f 762 761 807
f 873 434 879
f 574 445 444
f 507 880 504
f 456 732 547
f 664 413 412
f 611 587 210
f 567 271 616
f 850 816 662
f 881 882 667
f 822 883 773
f 876 337 664
f 731 337 876
f 876 664 412
f 438 678 884
f 775 853 776
f 885 886 887
f 876 824 848
f 888 889 890
f 488 161 591
f 376 378 676
f 641 891 892
f 893 215 894
f 895 896 897
f 898 887 899
f 900 901 902
f 761 684 544
f 764 759 765
f 903 886 904
f 815 789 787
f 580 419 217
f 905 906 907
f 905 908 897
f 908 909 885
f 491 543 619
f 910 482 477
f 911 895 887
f 909 912 886
f 750 815 749
f 876 789 815
f 220 913 914
f 915 482 910
f 916 917 918
f 781 739 742
f 897 906 905
f 919 540 920
f 921 922 923
f 307 306 489
f 706 278 695
f 742 741 781
f 924 896 895
f 876 815 824
f 644 626 925
f 638 626 643
f 895 926 924
f 356 915 366
f 927 843 842
f 909 908 928
f 908 905 907
f 887 916 899
f 924 926 929
f 897 885 895
f 904 930 903
f 903 887 886
f 931 929 898
f 192 191 225
f 932 900 933
f 341 934 385
f 465 523 935
f 916 918 899
f 926 911 929
f 912 936 886
f 932 915 901
f 261 260 299
f 283 790 937
f 909 886 885
f 938 939 940
f 324 246 325
f 829 912 227
f 908 885 897
f 941 579 247
f 898 911 887
f 700 933 942
f 943 221 220
f 695 700 696
f 693 199 944
f 931 945 929
f 946 947 910
f 941 545 579
f 929 911 898
f 917 916 903
f 945 931 949
f 909 227 912
f 928 908 800
f 750 775 820
f 930 950 903
f 775 750 795
f 951 604 711
f 258 524 592
f 680 195 194
f 895 911 926
f 887 895 885
f 936 904 886
f 916 887 903
f 931 898 952
f 953 730 944
f 557 326 892
f 955 946 910
f 956 957 958
f 899 952 898
f 800 908 907
f 675 173 673
f 947 949 931
f 902 931 952
f 931 902 947
f 420 308 515
f 404 495 402
f 535 955 477
f 901 915 910
f 902 901 947
f 829 936 912
f 959 960 715
f 952 899 918
f 961 657 464
f 829 962 936
f 917 933 918
f 950 917 903
f 930 904 936
f 930 962 950
f 285 407 286
f 660 264 263
f 952 900 902
f 523 465 511
f 952 918 900
f 949 947 946
f 963 964 942
f 958 706 956
f 660 965 624
f 917 966 933
f 934 408 385
f 768 735 799
f 900 918 933
f 936 962 930
f 901 910 947
f 341 167 934
f 932 901 900
f 933 966 963
f 946 955 967
f 455 723 243
f 700 932 933
f 339 371 340
f 932 366 915
f 964 963 966
f 942 933 963
f 244 176 175
f 967 955 535
f 243 969 244
f 910 477 955
f 970 704 971
f 932 700 366
f 710 454 972
f 696 700 942
f 356 482 915
f 533 249 248
f 363 485 218
f 360 194 973
f 974 869 975
f 795 948 775
f 402 633 403
f 303 305 721
f 751 976 291
f 934 370 408
f 191 264 624
f 977 978 556
f 699 970 971
f 583 271 493
f 429 282 390
f 579 545 670
f 844 980 267
f 981 612 690
f 244 982 176
f 983 984 985
f 430 338 431
f 325 892 326
f 520 919 652
f 505 880 873
f 541 986 542
f 263 634 660
f 877 729 987
f 630 614 563
f 345 632 293
f 650 324 988
f 241 555 242
f 504 880 505
f 701 176 982
f 629 163 165
f 258 358 259
f 199 989 953
f 628 620 990
f 321 459 428
f 823 820 775
f 601 304 444
f 669 990 667
f 991 992 208
f 557 993 888
f 421 428 458
f 744 504 521
f 325 246 640
f 710 995 951
f 563 615 375
f 191 193 264
f 996 214 687
f 997 998 856
f 506 673 701
f 480 328 379
f 524 257 505
f 727 999 186
f 1000 1001 842
f 173 171 170
f 856 855 1002
f 484 202 185
f 335 432 1003
f 448 595 1004
f 1005 189 1006
f 625 1007 1008
f 318 370 168
f 257 503 505
f 1009 956 707
f 244 418 417
f 620 1010 990
f 570 210 163
f 619 339 459
f 670 1011 1012
f 504 744 506
f 834 692 691
f 1013 607 994
f 553 578 585
f 1015 416 711
f 1011 559 558
f 1016 675 512
f 1017 734 348
f 614 615 563
f 175 172 1018
f 537 536 546
f 639 437 1019
f 1020 1021 1022
f 734 1017 733
f 701 673 173
f 1023 638 643
f 243 175 1018
f 1024 998 997
f 475 153 152
f 909 228 227
f 984 1026 1027
f 514 420 517
f 576 443 574
f 363 1003 374
f 1028 796 534
f 857 780 779
f 731 876 848
f 569 1029 1030
f 312 311 980
f 1031 843 1032
f 982 506 701
f 202 735 770
f 691 381 656
f 1033 519 577
f 530 298 297
f 405 183 151
f 432 335 430
f 403 633 840
f 775 774 823
f 1005 190 189
f 1032 1035 832
f 551 1036 552
f 228 928 159
f 552 353 157
f 890 193 565
f 644 925 329
f 672 214 996
f 416 1015 573
f 675 674 839
f 1038 598 600
f 721 305 1039
f 182 995 819
f 801 577 732
f 1040 448 1004
f 990 669 628
f 163 210 1042
f 848 824 823
f 578 577 519
f 568 973 569
f 553 613 578
f 589 590 237
f 775 948 853
f 1037 478 190
f 782 791 740
f 683 201 1043
f 870 869 974
f 774 780 823
f 159 551 157
f 572 185 187
f 974 975 1044
f 286 678 284
f 282 281 391
f 853 948 1021
f 1044 975 688
f 287 503 259
f 881 667 990
f 166 168 370
f 704 970 574
f 734 718 347
f 944 730 877
f 206 727 186
f 388 338 260
f 347 970 699
f 684 762 787
f 1045 959 715
f 815 827 749
f 499 848 780
f 779 774 776
f 1046 231 230
f 189 586 722
f 363 374 485
f 983 1047 1048
f 1050 707 697
f 537 996 538
f 621 971 705
f 636 238 878
f 853 1021 1020
f 351 332 317
f 588 211 210
f 858 779 776
f 853 1020 852
f 433 435 605
f 247 324 650
f 645 646 780
f 172 801 1018
f 1052 1009 1053
f 516 525 517
f 843 927 1032
f 779 858 857
f 699 971 698
f 668 717 716
f 776 828 858
f 295 312 225
f 852 771 776
f 1049 208 992
f 690 612 1054
f 196 816 468
f 880 1055 873
f 1056 985 1057
f 172 577 801
f 674 744 521
f 384 396 341
f 698 971 621
f 780 857 645
f 282 429 288
f 776 771 828
f 186 185 1058
f 852 1020 771
f 989 683 1059
f 331 198 197
f 421 514 427
f 1060 1061 348
f 667 882 559
f 1013 1062 219
f 670 668 1011
f 1032 224 223
f 771 1020 772
f 639 284 437
f 1022 837 1020
f 424 227 362
f 1063 985 1064
f 401 217 216
f 718 1065 792
f 985 984 1066
f 486 369 153
f 394 334 672
f 465 169 511
f 644 329 328
f 1067 551 800
f 992 1068 1069
f 227 424 829
f 609 1063 610
f 870 974 1044
f 1070 697 1071
f 468 467 1030
f 706 958 279
f 447 442 448
f 857 739 645
f 694 693 804
f 907 1067 800
f 571 163 629
f 859 1058 769
f 858 828 742
f 622 659 350
f 978 832 394
f 351 331 332
f 928 800 159
f 375 615 238
f 594 292 580
f 772 1020 837
f 940 1073 245
f 495 631 496
f 1074 1075 1076
f 213 215 893
f 1060 992 991
f 187 1077 572
f 199 953 944
f 1078 221 943
f 469 817 1079
f 358 1080 1024
f 296 509 1081
f 666 528 530
f 609 694 1063
f 888 890 565
f 543 322 619
f 567 603 367
f 393 359 464
f 907 906 1067
f 599 607 1082
f 329 925 327
f 253 252 277
f 390 513 429
f 858 742 739
f 209 200 609
f 828 773 883
f 758 773 772
f 206 186 1058
f 828 883 742
f 892 891 993
f 792 575 718
f 228 909 928
f 362 226 460
f 265 1085 635
f 1086 1014 1068
f 379 1087 480
f 1086 992 1060
f 822 773 758
f 1088 1089 729
f 193 1090 264
f 976 1091 1026
f 1092 784 783
f 883 808 742
f 808 883 822
f 1072 608 1093
f 695 697 707
f 804 803 694
f 1094 605 1095
f 836 758 772
f 353 354 157
f 556 565 564
f 569 1030 601
f 243 723 711
f 577 172 1033
f 1096 1007 1097
f 568 443 576
f 743 742 808
f 808 822 821
f 847 836 838
f 838 797 847
f 1084 1098 861
f 758 836 1019
f 703 1019 437
f 764 808 821
f 454 711 724
f 847 797 845
f 1099 1100 213
f 836 847 846
f 231 1046 705
f 703 758 1019
f 657 961 532
f 1024 1080 998
f 925 626 1008
f 764 821 759
f 288 399 289
f 393 680 194
f 846 845 831
f 491 462 272
f 677 884 678
f 575 792 576
f 370 934 166
f 593 879 592
f 639 836 846
f 639 1019 836
f 568 793 973
f 960 979 715
f 759 703 765
f 659 715 979
f 639 846 407
f 972 1101 995
f 574 444 704
f 688 923 1044
f 558 1012 1011
f 414 253 277
f 474 488 431
f 648 1005 794
f 846 831 407
f 1050 697 1070
f 406 294 632
f 765 534 763
f 850 468 851
f 1102 1103 867
f 224 564 225
f 706 707 956
f 850 920 818
f 226 228 461
f 1066 733 1017
f 182 582 1095
f 309 359 360
f 809 344 343
f 1104 1105 649
f 422 270 526
f 1089 987 729
f 991 208 209
f 999 1077 187
f 526 527 422
f 1086 875 1014
f 458 341 396
f 1065 793 792
f 336 335 835
f 540 539 920
f 550 1106 266
f 442 595 448
f 960 721 720
f 625 1008 626
f 1107 728 730
f 650 941 247
f 1010 921 881
f 342 988 324
f 1046 230 714
f 445 574 443
f 1072 737 608
f 492 1108 686
f 1057 1089 1109
f 199 683 989
f 537 672 996
f 944 804 693
f 1110 922 921
f 1057 985 803
f 289 674 521
f 971 704 705
f 1007 625 560
f 1005 647 1004
f 648 647 1005
f 303 721 959
f 1066 1064 985
f 581 457 425
f 1039 794 1005
f 231 444 229
f 1111 894 395
f 348 1061 1017
f 728 769 1112
f 752 861 1098
f 849 793 1027
f 262 275 386
f 943 220 914
f 867 1103 868
f 520 652 518
f 882 560 559
f 292 496 293
f 507 506 417
f 618 533 426
f 1109 785 1047
f 305 794 1039
f 1006 1113 1039
f 470 419 580
f 866 1070 867
f 1027 793 1065
f 199 694 609
f 438 713 439
f 531 658 532
f 375 374 471
f 309 360 793
f 415 408 490
f 610 1061 209
f 246 324 247
f 698 621 623
f 677 344 809
f 647 1040 1004
f 1114 648 794
f 515 308 307
f 1045 715 714
f 653 598 682
f 769 1115 859
f 279 278 706
f 229 1045 714
f 1012 940 245
f 920 850 919
f 1042 210 212
f 726 221 1078
f 454 654 972
f 635 263 265
f 1096 689 925
f 839 289 399
f 854 1116 1041
f 1075 1074 957
f 719 1117 1118
f 459 491 619
f 1081 509 508
f 447 446 241
f 318 198 351
f 1119 647 649
f 185 1120 483
f 1081 508 467
f 704 444 231
f 593 524 505
f 194 196 973
f 1120 185 572
f 468 816 851
f 534 765 1028
f 939 938 625
f 241 251 447
f 446 448 1040
f 532 464 463
f 665 297 466
f 575 970 347
f 714 659 1046
f 1121 290 463
f 305 298 794
f 794 529 1114
f 1023 702 958
f 941 546 545
f 1095 605 604
f 417 506 982
f 1122 1059 1038
f 1038 600 1122
f 223 1031 1032
f 1052 641 640
f 322 597 271
f 334 214 672
f 1023 643 702
f 676 631 404
f 957 1009 1123
f 1124 919 850
f 489 306 397
f 530 529 298
f 713 757 439
f 793 360 973
f 553 382 612
f 649 648 1114
f 993 891 805
f 582 181 1095
f 251 241 240
f 649 1114 528
f 196 1029 569
f 221 205 219
f 1125 953 989
f 1126 1127 1128
f 1129 1130 1131
f 1132 1133 1134
f 1135 1136 1137
f 1138 1139 1140
f 1141 1142 1143
f 1144 1145 1146
f 1147 1142 1141
f 1010 881 990
f 298 305 510
f 304 1045 444
f 267 291 1092
f 1148 1149 1150
f 529 528 1114
f 1113 1006 721
f 765 439 1028
f 1151 1145 1152
f 1153 1154 1155
f 1156 1157 1158
f 601 443 569
f 1159 1160 1161
f 546 941 650
f 1124 850 662
f 1162 1163 1164
f 1165 1166 1167
f 1168 1169 1170
f 368 473 162
f 659 622 1046
f 1171 1172 1173
f 423 422 527
f 190 1005 595
f 290 1121 309
f 1174 1175 1176
f 951 182 1095
f 1177 1168 1178
f 273 272 462
f 204 636 878
f 1179 1180 1181
f 1182 1183 1184
f 425 236 238
f 549 1185 1186
f 1187 1188 1085
f 1189 1190 1191
f 691 690 1054
f 1136 1135 1192
f 1193 1194 1195
f 431 472 432
f 1196 1136 1197
f 291 267 266
f 1198 1199 1200
f 359 1121 463
f 311 268 980
f 1025 595 441
f 1201 1202 1203
f 384 415 397
f 1204 1205 1206
f 1207 1168 1170
f 1208 1209 1210
f 663 652 1124
f 1211 1212 1213
f 1214 1215 1216
f 1217 1218 1219
f 1090 1187 264
f 1113 721 1039
f 1220 1221 1222
f 1174 1223 1224
f 1118 1117 1225
f 962 1160 1159
f 1226 1227 1228
f 304 601 508
f 978 342 556
f 193 192 565
f 1167 1229 1230
f 1231 1232 1233
f 1234 1235 1236
f 1237 1238 1239
f 1240 1241 1147
f 1242 1243 1244
f 1245 1246 1247
f 335 1003 363
f 1132 1165 1167
f 1248 1249 1250
f 1251 1252 1253
f 1254 1250 1249
f 1108 538 686
f 1252 1251 1255
f 1256 1257 1258
f 1162 1259 1260
f 803 802 1057
f 597 566 493
f 1095 604 951
f 1261 1262 1263
f 193 890 1090
f 954 1257 1013
f 359 309 1121
f 1264 1265 1266
f 1179 1173 1172
f 505 873 593
f 870 1044 923
f 1267 1268 1269
f 415 490 397
f 1157 1270 1271
f 1272 1273 1274
f 1248 1275 1249
f 1276 1277 1278
f 1279 1280 1281
f 1282 1247 1129
f 1283 1284 1285
f 995 182 951
f 1286 1287 1288
f 1171 1289 1290
f 1248 1250 1291
f 1026 984 1048
f 1292 1238 1293
f 1294 1295 1296
f 1297 1298 1126
f 977 224 832
f 635 1085 1182
f 692 1299 981
f 860 671 498
f 1300 1301 1302
f 1303 1304 1305
f 1232 1306 1307
f 1101 972 654
f 1308 1309 1310
f 1311 1312 1313
f 1031 980 844
f 1314 1315 1316
f 1317 1318 1319
f 989 1059 1258
f 874 1084 1083
f 877 987 802
f 1237 1255 1251
f 1320 1321 369
f 1322 1220 1323
f 1324 1325 1215
f 1326 1164 1163
f 1105 826 1119
f 298 510 509
f 1267 1298 1268
f 169 466 539
f 527 526 269
f 1200 1251 1253
f 978 977 832
f 1324 1292 1325
f 819 180 182
f 1297 1327 1180
f 608 653 1093
f 1172 1269 1180
f 1224 1328 1329
f 1257 1256 1082
f 1294 1330 1331
f 318 168 198
f 1123 1075 957
f 1150 1332 1259
f 1181 1180 1327
f 548 655 456
f 520 1033 919
f 1055 604 435
f 1216 1333 1334
f 550 266 268
f 172 174 1033
f 302 1205 1204
f 1155 1335 1208
f 1268 1297 1180
f 520 519 1033
f 980 268 267
f 1336 1337 1338
f 671 561 490
f 676 378 631
f 236 426 323
f 1339 1255 1215
f 1196 1216 1325
f 1238 1261 1140
f 1056 1047 983
f 1331 1340 1294
f 806 1341 501
f 973 196 569
f 1263 1342 1343
f 1343 1344 1345
f 1346 1347 1348
f 1163 1138 1326
f 1290 1237 1251
f 1327 1297 1349
f 826 1105 813
f 162 474 527
f 1058 185 203
f 1327 1350 1181
f 985 1056 983
f 1351 1352 1293
f 1345 1353 1354
f 1167 1355 1132
f 1298 1297 1268
f 363 835 335
f 995 710 972
f 1173 1179 1342
f 1356 1227 1357
f 564 977 556
f 1148 1170 1358
f 581 425 636
f 1359 1360 1283
f 1283 1361 1166
f 1362 1363 1364
f 723 455 452
f 1365 1126 1298
f 1362 1365 1363
f 1344 1350 1327
f 1096 1097 923
f 826 813 825
f 1366 1222 1367
f 692 981 690
f 1368 1275 1287
f 1207 1170 1150
f 1357 1369 1370
f 1371 1178 1168
f 1334 1214 1216
f 1372 1373 1374
f 1187 1085 265
f 1375 1376 1139
f 1120 492 483
f 1377 1201 1378
f 1089 802 987
f 992 1069 1049
f 183 156 361
f 1133 1210 1134
f 1361 1167 1166
f 1089 1088 1109
f 1284 1283 1166
f 1164 1263 1345
f 842 1001 927
f 1326 1140 1261
f 1274 1273 1138
f 1379 1380 1381
f 1382 1303 1383
f 1309 1373 1384
f 1239 1238 1292
f 1265 1264 1333
f 528 1104 649
f 1287 1385 1127
f 1206 1386 1204
f 1269 1172 1387
f 1388 1389 1390
f 1391 1249 1275
f 1136 1196 1352
f 1126 1362 1348
f 1210 1209 1392
f 1254 1371 1353
f 1126 1128 1349
f 1393 1092 783
f 1291 1349 1385
f 1153 1394 1395
f 214 213 687
f 1302 1301 1396
f 1375 1139 1138
f 642 204 878
f 1149 1397 1130
f 1295 1398 1399
f 1400 1401 1402
f 1167 1338 1355
f 1127 1126 1348
f 843 1031 844
f 1403 1169 1304
f 1404 1383 1305
f 964 1405 942
f 1128 1385 1349
f 1239 1215 1255
f 1324 1215 1239
f 647 826 1040
f 825 241 446
f 1336 1338 1266
f 513 400 429
f 636 425 238
f 633 248 250
f 1271 1228 1157
f 1035 1111 395
f 1178 1406 1407
f 1408 1220 1307
f 1127 1385 1128
f 951 711 710
f 966 917 950
f 1131 1409 1282
f 1084 874 1098
f 995 1286 1288
f 1266 1410 1230
f 1138 1273 1375
f 1411 1412 1413
f 1162 1260 1163
f 1414 1415 1416
f 1315 1335 1155
f 1043 201 208
f 541 1346 986
f 984 983 1048
f 1413 1296 1411
f 1417 692 834
f 1385 1275 1248
f 409 161 160
f 1108 492 717
f 1254 1344 1250
f 1351 1418 1139
f 1410 1266 1167
f 1313 613 1311
f 512 511 1016
f 1297 1126 1349
f 1368 1287 1419
f 1133 1208 1210
f 1250 1344 1291
f 1354 1150 1259
f 1332 1274 1138
f 224 1032 832
f 1272 1153 1273
f 1410 1167 1230
f 1276 692 1417
f 803 1063 694
f 813 812 825
f 1366 1323 1220
f 1149 1332 1150
f 1272 1154 1153
f 223 312 1031
f 1420 1421 1184
f 535 1422 967
f 1336 1192 1337
f 481 1422 535
f 389 1423 379
f 1149 1424 1332
f 1425 1211 1389
f 543 365 566
f 1087 379 1426
f 1366 1224 1427
f 1282 1428 1247
f 1152 1145 1429
f 1247 1428 1340
f 1352 1196 1292
f 1338 1430 1431
f 153 475 486
f 1358 1149 1148
f 1432 1395 1394
f 1433 1434 1388
f 1435 1347 1288
f 1196 1325 1292
f 735 202 484
f 1436 1437 1271
f 964 1438 1439
f 1169 1440 1304
f 1430 1432 1431
f 1132 1355 1431
f 1154 1315 1155
f 555 241 391
f 1441 1421 1442
f 1406 1391 1368
f 1240 1443 1241
f 888 501 889
f 258 1080 358
f 1208 1394 1155
f 1170 1403 1358
f 1354 1444 1150
f 1445 1446 1447
f 1362 1126 1365
f 342 978 988
f 392 391 241
f 1448 1449 1450
f 1315 1330 1316
f 1288 1347 819
f 1017 610 1066
f 1451 1234 1419
f 1392 1194 1452
f 1453 1149 1130
f 1454 1203 1455
f 1240 1456 1443
f 1457 1331 1458
f 1236 1235 1202
f 654 1451 1459
f 935 813 1105
f 1168 1177 1440
f 1407 1377 1460
f 1395 1461 1137
f 1462 1361 1360
f 1325 1216 1215
f 1461 1337 1135
f 1218 1217 1367
f 1421 1441 1463
f 1464 1195 1465
f 1265 1336 1266
f 1350 1344 1343
f 1402 1401 1466
f 1105 1104 935
f 1464 1465 1467
f 1179 1181 1342
f 1368 1236 1406
f 1305 1456 1404
f 1346 1364 986
f 575 574 970
f 1259 1162 1164
f 1134 1284 1166
f 819 995 1288
f 421 458 396
f 1340 1245 1247
f 1335 1314 1302
f 1139 1418 1140
f 1033 174 919
f 995 1101 1459
f 1406 1201 1377
f 1210 1468 1134
f 1387 1172 1198
f 1359 1283 1285
f 1403 1469 1470
f 1129 1131 1282
f 1340 1331 1245
f 1345 1344 1353
f 1471 1152 1319
f 1467 1472 1473
f 1458 1331 1330
f 1354 1353 1371
f 1370 1369 1474
f 591 471 488
f 1475 1476 1477
f 1451 1202 1235
f 181 1094 1095
f 1478 1479 1401
f 894 215 395
f 1397 1470 1130
f 1259 1164 1354
f 1407 1177 1178
f 805 501 888
f 1316 1294 1413
f 1164 1345 1354
f 873 1055 435
f 1241 1377 1378
f 1466 1310 1384
f 1480 1481 1482
f 1284 1134 1468
f 1483 1481 1360
f 1461 1432 1430
f 365 274 566
f 1206 1389 1484
f 1290 1200 1199
f 179 389 177
f 1450 1193 1195
f 1117 719 550
f 1469 1303 1409
f 1380 962 829
f 1209 1194 1392
f 1485 1486 1477
f 1322 1232 1307
f 1378 1203 1454
f 1241 1378 1454
f 1480 1445 1447
f 651 988 394
f 1424 1149 1453
f 1487 1436 1144
f 548 547 1488
f 1489 1183 1188
f 1307 1490 1491
f 1265 1197 1192
f 1492 1493 1494
f 266 1106 290
f 1322 1323 1366
f 1295 1428 1217
f 1430 1337 1461
f 1495 1413 1412
f 1055 1015 604
f 1489 1477 1476
f 1302 1194 1209
f 655 1202 654
f 1266 1338 1167
f 1349 1291 1327
f 1445 1496 1446
f 1006 722 721
f 1302 1396 1194
f 1471 1151 1152
f 1311 613 981
f 1243 1285 1284
f 1172 1180 1179
f 1497 1152 1498
f 1329 1428 1175
f 1314 1495 1300
f 1348 1435 1127
f 1117 550 549
f 1102 1499 1500
f 1045 229 444
f 1356 1357 1370
f 1456 1240 1501
f 1176 1282 1409
f 1502 1446 1496
f 1503 1504 1482
f 1505 1157 1280
f 1392 1452 1506
f 511 171 1016
f 1399 1296 1295
f 1411 1296 1399
f 1300 1412 1301
f 1263 1164 1326
f 1451 654 1202
f 1411 1473 1412
f 1507 1427 1223
f 1269 1268 1180
f 1444 1207 1150
f 1403 1470 1397
f 1470 1409 1130
f 1507 1174 1176
f 1295 1217 1398
f 1497 1278 1277
f 1233 1369 1442
f 1175 1174 1329
f 1280 1228 1227
f 1396 1195 1194
f 1472 1396 1301
f 1400 1408 1491
f 1508 1142 1454
f 1509 1455 1203
f 721 960 959
f 1244 1510 1242
f 1506 1510 1244
f 1462 1229 1361
f 1511 1303 1382
f 539 170 169
f 1512 1511 1382
f 1182 1188 1183
f 1041 1002 855
f 1510 1506 1513
f 1398 1219 1399
f 1227 1226 1357
f 1473 1472 1301
f 1428 1328 1217
f 1473 1301 1412
f 1411 1213 1473
f 1222 1366 1220
f 1351 1139 1376
f 1287 1275 1385
f 1402 1191 1400
f 1509 1508 1455
f 1227 1514 1382
f 1141 1279 1515
f 1383 1404 1516
f 1170 1148 1150
f 1516 1382 1383
f 1386 1189 1191
f 1307 1491 1408
f 1492 1517 1493
f 1056 1057 1047
f 1518 1519 1493
f 578 613 547
f 1507 1223 1174
f 1411 1520 1521
f 1520 1399 1219
f 1175 1428 1282
f 1367 1328 1224
f 1472 1467 1465
f 1521 1213 1411
f 538 996 687
f 1402 1466 1372
f 1508 1522 1142
f 1515 1281 1501
f 1335 1209 1208
f 1517 1306 1493
f 1449 1513 1452
f 1316 1413 1495
f 1217 1219 1398
f 1346 1362 1364
f 1505 1279 1143
f 655 1203 1202
f 1511 1512 1176
f 1494 1523 1492
f 1443 1460 1377
f 1287 1459 1419
f 1293 1418 1351
f 1452 1194 1193
f 724 723 452
f 1312 1488 547
f 1515 1279 1281
f 380 554 652
f 467 508 1030
f 1460 1443 1304
f 1513 1524 1510
f 1342 1262 1171
f 1449 1524 1513
f 1303 1305 1383
f 1366 1367 1224
f 1125 989 1258
f 1029 468 1030
f 1220 1322 1307
f 1287 1127 1288
f 1473 1213 1467
f 1525 1213 1521
f 1244 1243 1468
f 1304 1303 1469
f 382 554 380
f 1066 610 1064
f 1516 1526 1227
f 944 877 804
f 1527 1457 1458
f 1227 1356 1514
f 1279 1505 1280
f 937 391 281
f 1448 1524 1449
f 1223 1427 1224
f 1361 1229 1167
f 1316 1495 1314
f 1233 1442 1528
f 1222 1218 1367
f 1525 1211 1213
f 379 1423 1426
f 1158 1505 1529
f 1170 1169 1403
f 1491 1490 1478
f 1390 1205 1530
f 1531 1434 1433
f 1406 1236 1201
f 568 576 793
f 784 1026 1048
f 1450 1195 1464
f 1532 302 1374
f 1533 1507 1356
f 1464 1212 1414
f 1442 1369 1437
f 1236 1368 1234
f 1431 1432 1133
f 1529 1534 1535
f 464 532 961
f 1405 1536 1537
f 1202 1201 1236
f 1425 1415 1414
f 1507 1533 1427
f 310 1538 1091
f 1356 1370 1533
f 1312 547 1313
f 1512 1356 1507
f 1443 1377 1241
f 1478 1401 1491
f 1231 1528 1518
f 700 280 366
f 1531 1415 1434
f 549 1186 1117
f 1427 1322 1366
f 1059 1256 1258
f 1401 1479 1466
f 166 934 167
f 1539 1218 1221
f 1428 1295 1340
f 1414 1540 1464
f 1541 1525 1389
f 1424 1527 1274
f 1157 1505 1158
f 1330 1294 1316
f 1218 1222 1221
f 634 1146 1151
f 1032 1001 1035
f 1542 1543 1536
f 1461 1135 1137
f 1544 1517 1492
f 1369 1357 1437
f 1311 1534 1522
f 729 877 730
f 1474 1533 1370
f 1427 1474 1322
f 1525 1484 1389
f 1252 1255 1545
f 1535 1534 1299
f 1540 1414 1416
f 829 830 1380
f 1211 1425 1414
f 1260 1138 1163
f 1546 1492 1523
f 1547 1189 1539
f 1289 1261 1238
f 1534 1311 1299
f 1294 1296 1413
f 641 892 325
f 440 255 254
f 598 1038 682
f 632 294 293
f 1418 1293 1140
f 1504 1445 1482
f 1318 1317 1497
f 1151 661 634
f 1206 1390 1389
f 1437 1226 1228
f 1231 1233 1528
f 1221 1220 1548
f 1219 1484 1525
f 1263 1326 1261
f 1400 1491 1401
f 981 1299 1311
f 1158 1529 1535
f 1305 1443 1456
f 1524 1242 1510
f 437 284 438
f 1369 1233 1474
f 1441 1442 1437
f 729 728 1112
f 200 199 609
f 1472 1465 1396
f 1079 296 1081
f 1549 584 1115
f 1166 1165 1134
f 1310 1550 1308
f 1228 1271 1437
f 1188 1182 1085
f 1189 1206 1484
f 1004 595 1005
f 1306 1517 1478
f 1404 1456 1501
f 296 1079 297
f 1235 1234 1451
f 1542 1546 1551
f 1254 1353 1344
f 595 1025 190
f 834 691 658
f 1531 1433 1320
f 1292 1293 1352
f 1537 1552 1553
f 1143 1279 1141
f 1407 1406 1377
f 1464 1467 1212
f 1184 1489 1420
f 675 171 173
f 1463 1487 1184
f 1278 1156 1158
f 1278 1535 1276
f 1526 1280 1227
f 1548 1408 1547
f 1109 1088 1554
f 1400 1547 1408
f 1470 1469 1409
f 1232 1322 1474
f 1404 1281 1516
f 1134 1165 1132
f 1392 1244 1210
f 422 322 270
f 1153 1155 1394
f 1276 1299 692
f 1278 1555 1156
f 1270 1157 1555
f 1057 802 1089
f 1144 1556 1429
f 1281 1526 1516
f 1538 849 1027
f 1328 1367 1217
f 313 1471 1185
f 1437 1463 1441
f 1557 302 1532
f 1386 1191 1402
f 1107 730 1549
f 724 452 454
f 1435 1348 1347
f 1498 1555 1278
f 719 531 463
f 1333 1197 1265
f 155 830 829
f 1154 1272 1527
f 1017 1061 610
f 1052 640 1123
f 1546 1161 1160
f 1437 1436 1463
f 1219 1525 1520
f 1190 1400 1191
f 1108 668 536
f 1421 1463 1184
f 722 1006 189
f 1225 1117 1558
f 1525 1521 1520
f 389 327 177
f 541 819 1347
f 1433 1388 1321
f 1196 1197 1216
f 531 719 1118
f 1270 1429 1556
f 1559 1551 1523
f 1190 1547 1400
f 1206 1205 1390
f 769 728 1107
f 476 481 535
f 1434 1425 1388
f 1459 1286 995
f 1421 1420 1442
f 1386 1374 1204
f 1320 1433 1321
f 1276 1417 1277
f 1463 1436 1487
f 1420 1528 1442
f 1065 733 1027
f 1498 1152 1429
f 1144 1429 1145
f 1532 1560 1557
f 1528 1420 1561
f 507 1055 880
f 290 1106 463
f 1306 1231 1518
f 1478 1517 1479
f 1198 1172 1171
f 1505 1143 1522
f 661 965 660
f 975 869 349
f 1555 1498 1429
f 1562 1487 1144
f 468 1029 196
f 1047 1057 1109
f 1519 1528 1561
f 1424 1246 1527
f 1012 558 938
f 1495 1412 1300
f 937 451 391
f 1511 1409 1303
f 1225 1563 1564
f 1372 1384 1373
f 1417 1563 1318
f 925 177 327
f 1076 1075 245
f 1182 1184 1487
f 1506 1452 1513
f 1565 1096 925
f 1494 1476 1475
f 584 1257 207
f 1306 1518 1493
f 1467 1213 1212
f 392 812 390
f 1130 1409 1131
f 1544 1566 1308
f 1474 1427 1533
f 1440 1169 1168
f 891 1567 805
f 1350 1343 1181
f 1199 1171 1290
f 1568 1509 655
f 1529 1522 1534
f 702 355 279
f 826 446 1040
f 1544 1492 1546
f 1519 1476 1494
f 1317 1319 1152
f 1562 1144 1146
f 969 418 244
f 1314 1335 1315
f 373 485 374
f 665 935 666
f 1376 1375 1395
f 1277 1318 1497
f 1544 1550 1517
f 1302 1314 1300
f 1183 1489 1184
f 612 981 613
f 1293 1238 1140
f 1352 1376 1137
f 1177 1407 1460
f 1251 1200 1290
f 730 1125 1258
f 881 1007 882
f 1092 291 976
f 711 969 243
f 1530 302 301
f 1073 940 939
f 1306 1490 1307
f 1522 1529 1505
f 599 1082 600
f 1059 1122 1256
f 1476 1519 1561
f 696 1071 697
f 1558 1471 1319
f 1558 1319 1563
f 1490 1306 1478
f 1386 1206 1189
f 1096 1008 1007
f 287 358 383
f 1274 1527 1272
f 1559 1486 1569
f 1560 1532 1373
f 1493 1519 1494
f 1176 1409 1511
f 1186 1471 1558
f 1003 432 471
f 1471 661 1151
f 635 1146 634
f 1527 1458 1154
f 1414 1212 1211
f 1526 1281 1280
f 383 358 1024
f 1210 1244 1468
f 1494 1475 1523
f 1566 1544 1546
f 1192 1135 1337
f 1382 1514 1512
f 422 371 619
f 1309 1381 1560
f 1091 1538 1027
f 1481 1480 1570
f 1060 875 1086
f 1138 1260 1332
f 388 431 338
f 1375 1273 1153
f 1486 1523 1475
f 590 401 237
f 464 657 393
f 465 935 665
f 1417 1318 1277
f 1310 1309 1384
f 1560 154 1557
f 1071 1553 1070
f 1187 1090 1571
f 1471 313 661
f 799 213 768
f 1362 1346 1348
f 417 982 244
f 183 1557 154
f 1008 1096 1565
f 1381 154 1560
f 1302 1209 1335
f 1343 1342 1181
f 716 1120 629
f 313 1185 549
f 1185 1471 1186
f 1321 301 369
f 255 440 408
f 965 313 624
f 1572 1308 1566
f 1309 1308 1572
f 1256 600 1082
f 1556 1436 1271
f 264 660 624
f 785 1000 783
f 405 153 302
f 1550 1479 1517
f 549 311 313
f 1075 246 245
f 1391 1275 1368
f 1091 1027 1026
f 206 1058 859
f 1390 1530 1388
f 844 267 1393
f 1371 1444 1354
f 599 608 607
f 1486 1485 1569
f 1310 1479 1550
f 1309 1572 1381
f 1546 1160 1566
f 1115 769 1107
f 1060 968 875
f 1559 1102 1500
f 1508 1454 1455
f 1290 1289 1237
f 1543 1552 1536
f 502 1559 1569
f 410 163 1042
f 1546 1542 1161
f 1205 302 1530
f 613 1313 547
f 493 271 597
f 783 1000 1393
f 1562 635 1182
f 1489 1561 1420
f 530 297 666
f 1372 1466 1384
f 502 1102 1559
f 1381 1380 830
f 1099 1554 1088
f 224 977 564
f 591 563 471
f 286 632 679
f 722 586 720
f 1419 1234 1368
f 1188 1187 1571
f 1204 1374 302
f 1542 1551 1543
f 1439 1536 964
f 1261 1171 1262
f 1539 1189 1484
f 1439 1573 1159
f 1439 1159 1161
f 1425 1389 1388
f 661 313 965
f 866 1050 1070
f 1380 1379 962
f 1528 1519 1518
f 784 1047 785
f 1539 1219 1218
f 594 589 496
f 1501 1240 1515
f 964 1536 1405
f 252 340 277
f 833 531 1118
f 658 657 532
f 1406 1178 1391
f 1168 1207 1371
f 1424 1274 1332
f 1283 1360 1361
f 1376 1352 1351
f 1499 867 1553
f 962 1159 950
f 1525 1541 1211
f 1476 1561 1489
f 964 966 1438
f 866 868 1567
f 816 196 681
f 1574 1010 410
f 1188 1571 1477
f 1545 1255 1339
f 1329 1174 1224
f 599 598 608
f 1567 891 1052
f 1286 1459 1287
f 1474 1233 1232
f 879 593 873
f 856 1002 997
f 1486 1475 1477
f 1159 1573 950
f 950 1439 1438
f 500 1569 1485
f 1082 1013 1257
f 1130 1129 1453
f 1459 1101 654
f 1000 1111 1001
f 1556 1271 1270
f 391 390 282
f 1438 966 950
f 1486 1559 1523
f 768 770 735
f 1539 1484 1219
f 1050 866 1053
f 1499 1552 1543
f 1405 1537 942
f 1249 1178 1371
f 563 591 630
f 812 513 390
f 1243 1284 1468
f 882 1007 560
f 784 1092 976
f 817 297 1079
f 844 1393 842
f 1440 1460 1304
f 993 557 892
f 1557 405 302
f 1560 1373 1309
f 1074 1023 958
f 1124 652 919
f 1389 1211 1541
f 1255 1237 1239
f 1310 1466 1479
f 1481 1462 1360
f 1574 410 1575
f 638 1023 637
f 806 868 1103
f 627 939 625
f 1247 1453 1129
f 1344 1327 1291
f 487 476 357
f 351 198 331
f 1112 1576 729
f 1388 1530 1321
f 1402 1374 1386
f 870 923 922
f 1281 1404 1501
f 1465 1195 1396
f 1488 1509 1568
f 1343 1345 1263
f 870 1110 1098
f 1192 1336 1265
f 1105 1119 649
f 1106 550 463
f 1458 1315 1154
f 1530 301 1321
f 1003 471 374
f 1018 801 243
f 1216 1197 1333
f 1341 1103 502
f 668 716 669
f 1256 1122 600
f 1136 1192 1197
f 1009 707 1050
f 162 473 160
f 1199 1198 1171
f 923 688 1096
f 1424 1453 1246
f 1572 1379 1381
f 1392 1506 1244
f 1027 733 984
f 1074 637 1023
f 1225 1564 1118
f 806 1103 1341
f 1485 1477 1571
f 1372 1374 1402
f 1500 1543 1551
f 1431 1355 1338
f 1175 1282 1176
f 554 553 585
f 508 510 305
f 830 154 1381
f 1549 730 1258
f 1337 1430 1338
f 1342 1263 1262
f 1326 1138 1140
f 812 392 825
f 1012 245 579
f 1332 1260 1259
f 1564 833 1118
f 1248 1291 1385
f 656 681 680
f 1548 1220 1408
f 1115 1107 1549
f 1002 1034 997
f 826 647 1119
f 1503 1482 1481
f 686 484 492
f 1240 1147 1515
f 1098 1577 752
f 1578 1339 1215
f 888 993 805
f 938 560 625
f 1552 1499 1553
f 1232 1231 1306
f 922 1110 870
f 1550 1544 1308
f 1439 950 1573
f 921 1010 1110
f 1050 1053 1009
f 1066 984 733
f 1552 1537 1536
f 1539 1221 1547
f 541 1347 1346
f 283 937 281
f 548 1568 655
f 1289 1238 1237
f 812 523 513
f 939 627 637
f 490 562 489
f 1127 1435 1288
f 297 817 466
f 1340 1295 1294
f 1469 1403 1304
f 519 585 578
f 467 469 1079
f 1147 1241 1454
f 956 1009 957
f 1579 785 1554
f 469 850 818
f 1133 1394 1208
f 1147 1454 1142
f 1579 894 1111
f 668 667 1011
f 1092 1393 267
f 1522 1312 1311
f 1551 1546 1523
f 402 495 633
f 1278 1497 1498
f 1432 1394 1133
f 1452 1193 1449
f 1146 635 1562
f 958 957 1074
f 1371 1207 1444
f 1443 1305 1304
f 1375 1153 1395
f 222 913 220
f 1076 637 1074
f 1504 1503 1483
f 1542 1439 1161
f 1553 867 1070
f 1563 1225 1558
f 1359 1483 1360
f 1010 620 410
f 1522 1508 1312
f 1186 1558 1117
f 1299 1276 1535
f 1411 1399 1520
f 1005 1006 1039
f 1341 502 501
f 502 1569 500
f 1254 1249 1371
f 938 940 1012
f 1201 1203 1378
f 976 751 310
f 1397 1149 1358
f 1397 1358 1403
f 1434 1415 1425
f 991 209 1061
f 482 357 477
f 1246 1457 1527
f 770 1058 203
f 682 1059 683
f 1249 1391 1178
f 1580 1577 1098
f 1453 1247 1246
f 785 1109 1554
f 278 280 700
f 1319 1318 1563
f 1245 1457 1246
f 1048 1047 784
f 1098 1110 1580
f 799 735 686
f 287 289 521
f 1431 1133 1132
f 705 622 621
f 1548 1547 1221
f 696 942 1537
f 1509 1312 1508
f 1136 1352 1137
f 1097 921 923
f 1171 1261 1289
f 881 1097 1007
f 1062 1013 994
f 1482 1445 1480
f 980 1031 312
f 733 1065 718
f 1317 1152 1497
f 171 675 1016
f 259 503 257
f 1379 1160 962
f 1432 1461 1395
f 603 616 583
f 500 1485 1571
f 770 203 202
f 768 213 1100
f 1507 1176 1512
f 725 381 380
f 1499 1102 867
f 1053 866 1567
f 1459 1451 1419
f 1572 1160 1379
f 540 919 174
f 1193 1450 1449
f 1395 1137 1376
f 680 393 656
f 1073 939 637
f 217 401 590
f 642 878 614
f 658 531 833
f 1556 1144 1436
f 637 1076 1073
f 1572 1566 1160
f 1280 1157 1228
f 579 670 1012
f 1536 1439 1542
f 183 405 1557
f 1157 1156 1555
f 536 538 1108
f 1535 1278 1158
f 806 805 868
f 539 817 920
f 572 571 1120
f 832 1035 395
f 554 585 518
f 1024 283 383
f 1509 1488 1312
f 392 241 825
f 1580 1051 1577
f 466 465 665
f 638 627 626
f 921 1097 881
f 1142 1522 1143
f 1500 1551 1559
f 1499 1543 1500
f 1532 1374 1373
f 1329 1328 1428
f 1547 1190 1189
f 1037 190 1025
f 246 1075 1123
f 854 1041 855
f 1108 717 668
f 1509 1203 655
f 1173 1342 1171
f 557 565 556
f 420 514 421
f 1571 1090 500
f 1417 834 1563
f 691 1054 381
f 256 255 370
f 842 1393 1000
f 1151 1146 1145
f 1245 1331 1457
f 1239 1292 1324
f 1330 1315 1458
f 1516 1227 1382
f 1141 1515 1147
f 601 1030 508
f 386 260 262
f 1028 439 796
f 1177 1460 1440
f 1215 1214 1578
f 283 282 288
f 958 702 279
f 696 1537 1071
f 628 164 620
f 391 451 555
f 217 590 580
f 1071 1537 1553
f 1100 1581 768
f 1429 1270 1555
f 1226 1437 1357
f 1081 467 1079
f 1562 1182 1487
f 548 1488 1568
f 999 187 186
f 1489 1188 1477
f 602 294 406
f 1356 1512 1514
f 976 310 1091
f 1503 1481 1483
f 1099 1581 1100
f 1115 584 859
f 769 1058 770
f 790 283 1034
f 644 643 626
f 177 925 689
f 1043 1093 683
f 868 805 1567
f 348 968 1060
f 1120 716 492
f 624 313 312
f 769 1581 1112
f 589 237 323
f 561 671 860
f 604 1015 711
f 1257 954 207
f 290 310 751
f 889 501 500
f 502 1103 1102
f 985 1063 803
f 1564 834 833
f 1054 612 381
f 1032 927 1001
f 1013 219 954
f 681 656 725
f 265 264 1187
f 1046 622 705
f 925 1008 1565
f 303 1045 304
f 999 736 1077
f 416 418 711
f 640 246 1123
f 573 1015 1055
f 1051 1580 1575
f 997 1034 1024
f 292 294 316
f 476 328 480
f 528 666 1104
f 573 1055 507
f 607 1013 1082
f 1257 584 1549
f 817 818 920
f 1063 1064 610
f 726 205 221
f 1580 1110 1574
f 688 689 1096
f 611 570 1077
f 736 587 1077
f 512 400 513
f 1098 874 870
f 564 192 225
f 1112 1099 1576
f 784 976 1026
f 1061 1060 991
f 890 500 1090
f 1034 283 1024
f 663 1124 662
f 662 725 380
f 1099 1088 1576
f 785 1579 1111
f 199 201 683
f 1574 1575 1580
f 682 1038 1059
f 893 1579 1099
f 850 469 468
f 732 456 455
f 889 500 890
f 834 1564 1563
f 389 179 1423
f 559 1011 667
f 1077 570 572
f 200 208 201
f 560 938 558
f 1120 571 629
f 711 418 969
f 1125 730 953
f 691 656 658
f 673 506 744
f 1576 1088 729
f 1099 1579 1554
f 1052 891 641
f 393 657 656
f 1035 1001 1111
f 1538 310 849
f 546 651 537
f 295 624 312
f 565 557 888
f 308 421 306
f 992 1086 1068
f 1045 303 959
f 683 1093 653
f 666 935 1104
f 1123 1009 1052
f 245 1073 1076
f 725 662 681
f 1579 893 894
f 893 1099 213
f 988 978 394
f 1053 1567 1052
f 577 547 732
f 672 651 394
f 817 539 466
f 438 884 712
f 1258 1257 1549
f 628 716 629
f 611 1077 587
f 512 675 399
f 935 523 813
f 480 1087 481
f 1112 1581 1099
f 651 650 988
f 357 355 487
f 1581 769 768
f 1574 1110 1010
f 1000 785 1111
f 1584 1585 1586
f 1588 1589 1590
f 1594 1595 1596
f 1583 1597 1598
f 1599 1590 1589
f 1601 1602 1603
f 1598 1604 1605
f 1606 1607 1608
f 1609 1610 1594
f 1611 1612 1613
f 1614 1615 1616
f 1618 1619 1620
f 1622 1623 1624
f 1626 1627 1628
f 1595 1629 1630
f 1631 1632 1633
f 1596 1630 1602
f 1599 1635 1590
f 1623 1593 1608
f 1636 1637 1638
f 1639 1612 1611
f 1607 1626 1608
f 1640 1641 1642
f 1644 1629 1611
f 1646 1630 1647
f 1648 1636 1649
f 1650 1641 1640
f 1651 1652 1649
f 1647 1630 1653
f 1610 1609 1654
f 1603 1626 1601
f 1595 1630 1596
f 1584 1620 1638
f 1585 1584 1655
f 1586 1618 1584
f 1613 1618 1586
f 1650 1604 1652
f 1656 1603 1630
f 1630 1629 1653
f 1599 1657 1658
f 1629 1644 1653
f 1599 1658 1635
f 1619 1659 1660
f 1618 1659 1619
f 1613 1644 1611
f 1632 1616 1633
f 1656 1630 1646
f 1635 1658 1656
f 1600 1650 1640
f 1630 1603 1602
f 1589 1597 1634
f 1608 1628 1623
f 1633 1616 1661
f 1652 1641 1650
f 1628 1608 1626
f 1610 1663 1594
f 1622 1624 1643
f 1631 1664 1601
f 1655 1646 1647
f 1621 1657 1591
f 1634 1597 1645
f 1604 1598 1665
f 1636 1620 1649
f 1635 1646 1590
f 1606 1592 1666
f 1641 1651 1660
f 1665 1588 1648
f 1665 1652 1604
f 1652 1648 1649
f 1653 1585 1647
f 1633 1664 1631
f 1640 1625 1600
f 1620 1636 1638
f 1625 1667 1662
f 1666 1616 1632
f 1609 1602 1664
f 1668 1669 1659
f 1602 1609 1596
f 1589 1588 1665
f 1627 1626 1603
f 1607 1601 1626
f 1599 1634 1657
f 1664 1654 1609
f 1670 1614 1617
f 1609 1594 1596
f 1583 1645 1597
f 1592 1606 1593
f 1671 1660 1672
f 1657 1621 1643
f 1667 1625 1640
f 1656 1658 1627
f 1598 1597 1665
f 1588 1590 1637
f 1632 1631 1607
f 1660 1671 1641
f 1603 1656 1627
f 1655 1637 1646
f 1608 1593 1606
f 1661 1616 1615
f 1654 1664 1633
f 1649 1619 1651
f 1614 1670 1615
f 1661 1654 1633
f 1652 1651 1641
f 1637 1648 1588
f 1632 1607 1666
f 1595 1594 1663
f 1651 1619 1660
f 1602 1601 1664
f 1634 1599 1589
f 1665 1597 1589
f 1624 1628 1627
f 1650 1582 1604
f 1620 1619 1649
f 1587 1666 1592
f 1666 1607 1606
f 1642 1667 1640
f 1672 1660 1673
f 1669 1668 1673
f 1612 1639 1668
f 1638 1655 1584
f 1643 1624 1657
f 1644 1586 1585
f 1582 1605 1604
f 1601 1607 1631
f 1585 1655 1647
f 1648 1637 1636
f 1637 1590 1646
f 1671 1642 1641
f 1673 1660 1669
f 1637 1655 1638
f 1587 1614 1666
f 1644 1613 1586
f 1620 1584 1618
f 1616 1666 1614
f 1659 1618 1613
f 1628 1624 1623
f 1614 1587 1617
f 1612 1659 1613
f 1627 1658 1624
f 1598 1605 1583
f 1648 1652 1665
f 1668 1659 1612
f 1585 1653 1644
f 1660 1659 1669
f 1624 1658 1657
f 1634 1591 1657
f 1646 1635 1656
f 1674 1675 1676
f 1677 1678 1679
f 1680 1681 1682
f 1683 1684 1685
f 1686 1687 1688
f 1689 1690 1691
f 1692 1693 1694
f 1696 1697 1698
f 1699 1700 1701
f 1699 1702 1700
f 1703 1704 1705
f 1706 1707 1708
f 1709 1710 1694
f 1711 1712 1713
f 1714 1715 1716
f 1679 1717 1677
f 1718 1719 1695
f 1720 1721 1722
f 1723 1704 1703
f 1705 1704 1724
f 1725 1683 1685
f 1708 1692 1706
f 1726 1727 1728
f 1729 1730 1731
f 1732 1733 1734
f 1735 1719 1736
f 1737 1678 1738
f 1739 1710 1740
f 1741 1742 1743
f 1744 1705 1717
f 1692 1745 1693
f 1746 1747 1748
f 1750 1677 1717
f 1752 1753 1754
f 1755 1753 1756
f 1757 1758 1759
f 1749 1728 1727
f 1760 1680 1761
f 1721 1720 1762
f 1763 1717 1705
f 1764 1736 1727
f 1765 1702 1766
f 1767 1768 1769
f 1766 1716 1771
f 1772 1773 1756
f 1774 1775 1776
f 1777 1709 1694
f 1778 1779 1780
f 1698 1778 1780
f 1781 1764 1726
f 1782 1783 1784
f 1785 1786 1787
f 1788 1789 1790
f 1791 1792 1793
f 1727 1726 1764
f 1733 1794 1734
f 1795 1796 1797
f 1774 1798 1799
f 1800 1801 1802
f 1772 1756 1753
f 1736 1712 1735
f 1803 1716 1804
f 1696 1698 1780
f 1806 1802 1807
f 1808 1809 1731
f 1800 1810 1801
f 1779 1778 1811
f 1812 1813 1740
f 1814 1815 1816
f 1739 1813 1817
f 1818 1701 1819
f 1820 1784 1821
f 1822 1681 1823
f 1674 1676 1737
f 1824 1825 1826
f 1827 1828 1829
f 1700 1702 1830
f 1819 1700 1830
f 1718 1749 1727
f 1831 1832 1833
f 1751 1834 1728
f 1712 1803 1804
f 1724 1763 1705
f 1784 1820 1782
f 1835 1836 1809
f 1708 1774 1837
f 1838 1714 1711
f 1713 1736 1764
f 1839 1826 1825
f 1744 1696 1840
f 1691 1841 1676
f 1737 1676 1678
f 1714 1838 1715
f 1766 1771 1765
f 1679 1697 1744
f 1711 1762 1838
f 1842 1792 1791
f 1747 1843 1844
f 1845 1812 1846
f 1847 1675 1848
f 1790 1849 1850
f 1712 1736 1713
f 1779 1851 1852
f 1832 1853 1854
f 1727 1736 1718
f 1712 1711 1803
f 1736 1719 1718
f 1855 1734 1772
f 1745 1681 1680
f 1729 1731 1836
f 1809 1808 1850
f 1731 1730 1857
f 1771 1716 1715
f 1858 1756 1859
f 1743 1860 1861
f 1782 1862 1863
f 1699 1766 1702
f 1864 1865 1866
f 1796 1867 1797
f 1744 1697 1696
f 1863 1842 1782
f 1869 1738 1678
f 1713 1762 1711
f 1820 1852 1862
f 1802 1806 1870
f 1871 1822 1851
f 1872 1788 1808
f 1868 1826 1839
f 1873 1874 1683
f 1734 1794 1773
f 1791 1875 1842
f 1876 1770 1877
f 1705 1744 1703
f 1753 1752 1855
f 1878 1827 1829
f 1741 1879 1723
f 1874 1880 1683
f 1723 1703 1742
f 1837 1823 1881
f 1867 1796 1685
f 1722 1866 1865
f 1882 1810 1820
f 1883 1761 1847
f 1678 1677 1869
f 1755 1756 1858
f 1884 1755 1825
f 1763 1885 1855
f 1886 1887 1792
f 1702 1765 1888
f 1744 1717 1679
f 1862 1852 1863
f 1788 1708 1707
f 1675 1847 1689
f 1756 1773 1859
f 1689 1847 1761
f 1884 1754 1755
f 1725 1685 1799
f 1777 1889 1890
f 1802 1821 1807
f 1740 1813 1739
f 1708 1837 1881
f 1707 1789 1788
f 1811 1682 1871
f 1821 1783 1891
f 1863 1886 1792
f 1892 1837 1774
f 1817 1893 1818
f 1747 1894 1843
f 1773 1794 1859
f 1682 1690 1680
f 1813 1845 1893
f 1699 1785 1787
f 1723 1742 1741
f 1774 1799 1892
f 1819 1895 1817
f 1762 1713 1781
f 1778 1698 1691
f 1883 1847 1896
f 1722 1865 1720
f 1714 1803 1711
f 1678 1676 1697
f 1769 1797 1897
f 1849 1762 1720
f 1825 1824 1884
f 1889 1760 1883
f 1761 1883 1760
f 1899 1900 1707
f 1775 1708 1788
f 1838 1762 1901
f 1783 1806 1891
f 1902 1750 1763
f 1849 1864 1850
f 1763 1752 1902
f 1768 1783 1875
f 1885 1734 1855
f 1880 1688 1684
f 1849 1720 1865
f 1678 1697 1679
f 1708 1775 1774
f 1724 1704 1732
f 1692 1710 1899
f 1808 1790 1850
f 1798 1774 1776
f 1686 1903 1904
f 1722 1834 1751
f 1747 1746 1894
f 1878 1833 1827
f 1742 1703 1840
f 1882 1821 1801
f 1905 1900 1771
f 1905 1771 1838
f 1905 1901 1789
f 1832 1827 1833
f 1822 1871 1681
f 1790 1789 1901
f 1906 1783 1768
f 1824 1826 1907
f 1827 1832 1908
f 1829 1828 1730
f 1895 1739 1817
f 1734 1885 1732
f 1844 1909 1910
f 1721 1781 1726
f 1729 1805 1878
f 1788 1790 1808
f 1753 1755 1754
f 1879 1741 1861
f 1887 1912 1796
f 1794 1733 1877
f 1913 1874 1873
f 1815 1814 1910
f 1890 1914 1846
f 1857 1828 1915
f 1888 1899 1916
f 1917 1707 1900
f 1918 1853 1832
f 1860 1870 1861
f 1828 1827 1908
f 1698 1841 1691
f 1764 1781 1713
f 1795 1797 1769
f 1771 1715 1838
f 1806 1783 1911
f 1812 1740 1709
f 1800 1802 1919
f 1831 1856 1904
f 1697 1841 1698
f 1840 1696 1800
f 1911 1783 1906
f 1887 1886 1912
f 1685 1684 1867
f 1843 1737 1909
f 1703 1744 1840
f 1849 1790 1901
f 1743 1742 1919
f 1901 1905 1838
f 1915 1828 1908
f 1832 1854 1920
f 1821 1802 1801
f 1674 1894 1848
f 1853 1918 1904
f 1921 1785 1922
f 1858 1839 1755
f 1801 1810 1882
f 1710 1916 1899
f 1853 1874 1854
f 1836 1835 1805
f 1738 1909 1737
f 1886 1863 1852
f 1844 1923 1924
f 1775 1788 1857
f 1915 1920 1925
f 1913 1920 1854
f 1926 1699 1701
f 1866 1805 1835
f 1722 1805 1866
f 1927 1896 1847
f 1850 1864 1809
f 1781 1721 1762
f 1877 1861 1876
f 1835 1864 1866
f 1890 1812 1709
f 1842 1783 1782
f 1840 1919 1742
f 1919 1802 1860
f 1785 1928 1845
f 1908 1832 1920
f 1877 1770 1794
f 1750 1717 1763
f 1814 1759 1758
f 1895 1819 1830
f 1924 1747 1844
f 1885 1763 1724
f 1897 1797 1867
f 1880 1684 1683
f 1851 1912 1886
f 1899 1706 1692
f 1929 1846 1914
f 1925 1913 1776
f 1888 1916 1895
f 1776 1775 1925
f 1729 1878 1829
f 1746 1848 1894
f 1680 1693 1745
f 1748 1785 1930
f 1739 1895 1916
f 1785 1929 1930
f 1854 1874 1913
f 1795 1792 1887
f 1681 1871 1682
f 1796 1795 1887
f 1680 1931 1693
f 1832 1831 1918
f 1732 1885 1724
f 1932 1876 1861
f 1728 1834 1726
f 1874 1903 1880
f 1925 1775 1915
f 1834 1722 1721
f 1688 1880 1686
f 1929 1785 1845
f 1767 1897 1898
f 1852 1851 1886
f 1751 1805 1722
f 1769 1793 1795
f 1704 1879 1877
f 1881 1681 1745
f 1701 1818 1926
f 1879 1704 1723
f 1687 1898 1688
f 1726 1834 1721
f 1819 1817 1818
f 1776 1913 1873
f 1740 1710 1709
f 1701 1700 1819
f 1737 1843 1894
f 1691 1676 1675
f 1785 1699 1926
f 1811 1871 1779
f 1746 1748 1930
f 1894 1674 1737
f 1783 1821 1784
f 1765 1899 1888
f 1901 1762 1849
f 1845 1813 1812
f 1809 1864 1835
f 1856 1686 1904
f 1915 1775 1857
f 1877 1733 1732
f 1931 1680 1760
f 1927 1930 1929
f 1912 1851 1822
f 1805 1729 1836
f 1897 1688 1898
f 1899 1765 1900
f 1800 1696 1810
f 1893 1817 1813
f 1773 1772 1734
f 1912 1823 1837
f 1688 1897 1684
f 1888 1830 1702
f 1896 1929 1914
f 1789 1917 1905
f 1919 1840 1800
f 1693 1931 1694
f 1676 1841 1697
f 1897 1867 1684
f 1725 1798 1776
f 1877 1732 1704
f 1924 1785 1748
f 1862 1782 1820
f 1870 1860 1802
f 1910 1923 1844
f 1747 1924 1748
f 1753 1855 1772
f 1851 1779 1871
f 1825 1755 1839
f 1681 1881 1823
f 1745 1708 1881
f 1730 1729 1829
f 1690 1689 1761
f 1931 1889 1777
f 1685 1892 1799
f 1796 1912 1892
f 1900 1905 1917
f 1760 1889 1931
f 1883 1914 1889
f 1892 1685 1796
f 1847 1848 1927
f 1811 1690 1682
f 1917 1789 1707
f 1725 1776 1873
f 1818 1928 1926
f 1680 1690 1761
f 1923 1785 1924
f 1930 1927 1746
f 1830 1888 1895
f 1914 1883 1896
f 1785 1926 1928
f 1738 1869 1815
f 1922 1785 1933
f 1793 1768 1875
f 1710 1692 1694
f 1846 1812 1890
f 1860 1743 1919
f 1920 1915 1908
f 1691 1811 1778
f 1807 1821 1891
f 1875 1791 1793
f 1907 1826 1868
f 1793 1792 1795
f 1793 1769 1768
f 1896 1927 1929
f 1814 1923 1910
f 1923 1814 1758
f 1912 1822 1823
f 1909 1815 1910
f 1904 1918 1831
f 1909 1844 1843
f 1692 1708 1745
f 1842 1863 1792
f 1922 1933 1757
f 1779 1852 1780
f 1731 1809 1836
f 1837 1892 1912
f 1788 1872 1857
f 1914 1890 1889
f 1933 1923 1758
f 1675 1689 1691
f 1690 1811 1691
f 1783 1842 1875
f 1730 1828 1857
f 1820 1821 1882
f 1891 1806 1807
f 1709 1777 1890
f 1904 1903 1853
f 1857 1872 1808
f 1870 1932 1861
f 1675 1674 1848
f 1804 1735 1712
f 1845 1928 1893
f 1810 1696 1780
f 1929 1845 1846
f 1785 1923 1933
f 1683 1725 1873
f 1927 1848 1746
f 1725 1799 1798
f 1758 1757 1933
f 1743 1861 1741
f 1893 1928 1818
f 1897 1767 1769
f 1852 1820 1810
f 1911 1870 1806
f 1707 1706 1899
f 1879 1861 1877
f 1716 1803 1714
f 1710 1739 1916
f 1777 1694 1931
f 1880 1903 1686
f 1816 1759 1814
f 1920 1913 1925
f 1808 1731 1857
f 1864 1849 1865
f 1752 1763 1855
f 1903 1874 1853
f 1909 1738 1815
f 1780 1852 1810
f 1771 1900 1765
f 1934 1935 1936
f 1934 1936 1937
f 1938 1939 1940
f 1939 1941 1940
f 1938 1942 1939
f 1938 1940 1943
f 1944 1938 1943
f 1945 1946 1947
f 1945 1948 1949
f 1950 1951 1952
f 1953 1954 1955
f 1949 1956 1946
f 1945 1949 1946
f 1947 1951 1950
f 1958 1948 1945
f 1959 1948 1958
f 1960 1957 1961
f 1946 1963 1964
f 1965 1960 1961
f 1963 1946 1960
f 1966 1967 1968
f 1969 1960 1970
f 1971 1972 1973
f 1974 1975 1976
f 1977 1978 1979
f 1980 1973 1972
f 1981 1982 1975
f 1983 1984 1985
f 1984 1979 1978
f 1976 1985 1974
f 1969 1963 1960
f 1981 1975 1971
f 1985 1978 1974
f 1968 1986 1987
f 1946 1988 1957
f 1967 1989 1990
f 1978 1971 1974
f 1966 1968 1976
f 1960 1965 1970
f 1968 1967 1986
f 1972 1978 1977
f 1977 1980 1972
f 1992 1993 1994
f 1957 1988 1990
f 1983 1995 1987
f 1967 1966 1991
f 1996 1946 1956
f 1946 1997 1988
f 1975 1982 1976
f 1989 1967 1991
f 1987 1995 1968
f 1985 1976 1995
f 1972 1971 1978
f 1951 1946 1964
f 1947 1946 1951
f 1968 1995 1976
f 1971 1973 1981
f 1978 1985 1984
f 1971 1975 1974
f 1985 1995 1983
f 1998 1999 1979
f 2000 2001 1955
f 1962 1990 1989
f 1982 1966 1976
f 1947 1958 1945
f 1946 1957 1960
f 1994 1993 1952
f 2001 1997 2002
f 1990 1988 1967
f 1997 1999 1998
f 1997 2001 2000
f 1984 1983 2003
f 2001 1953 1955
f 1953 2001 2002
f 1987 1988 2003
f 1997 2004 2002
f 1986 1988 1987
f 1996 2005 2004
f 1967 1988 1986
f 1988 1997 2003
f 1999 1977 1979
f 2006 1953 2002
f 2004 1997 1996
f 2002 2004 2006
f 1962 1957 1990
f 2003 1997 1998
f 1979 1984 1998
f 1955 2007 2000
f 2003 1983 1987
f 1984 2003 1998
f 1999 1997 2000
f 2000 2007 1977
f 1977 1999 2000
f 2007 1955 1954
f 1980 1954 1973
f 1980 1977 2007
f 1952 1993 1950
f 2007 1954 1980
f 1946 1996 1997
f 1947 1950 2008
f 2010 2009 2011
f 2012 2013 2014
f 2013 2012 2015
f 2012 2016 2015
f 2016 2017 2015
f 2012 2018 2016
f 2019 2013 2020
f 2021 2022 2023
f 2024 2025 2022
f 2017 2016 2026
f 2017 2023 2025
f 2013 2024 2020
f 2029 2031 2026
f 2033 2034 2032
f 2028 2032 2034
f 2013 2025 2024
f 2035 2034 2036
f 2025 2013 2015
f 2025 2023 2022
f 2015 2017 2025
f 2016 2037 2027
f 2034 2033 2036
f 2028 2034 2038
f 2017 2031 2023
f 2035 2014 2019
f 2039 2014 2035
f 2020 2028 2038
f 2020 2038 2019
f 2031 2017 2026
f 2030 2016 2027
f 2026 2030 2029
f 2034 2035 2038
f 2019 2014 2013
f 2040 2036 2033
f 2035 2019 2038
f 2040 2039 2036
f 2035 2036 2039
f 2023 2031 2021
f 2030 2026 2016
f 2041 2042 2043
f 2047 2043 2045
f 2043 2042 2045
f 2048 2049 2050
f 2043 2048 2051
f 2049 2043 2044
f 2046 2043 2047
f 2052 2043 2051
f 2041 2043 2053
f 2046 2044 2043
f 2049 2048 2043
f 2054 2043 2052
f 2043 2054 2053
f 2055 2056 2057
f 2058 2059 2060
f 2061 2062 2063
f 2064 2065 2066
f 2067 2068 2069
f 2070 2071 2072
f 2073 2074 2075
f 2078 2056 2079
f 2080 2081 2082
f 2060 2059 2084
f 2085 2086 2087
f 2088 2089 2090
f 2091 2092 2093
f 2094 2095 2078
f 2096 2097 2092
f 2084 2059 2098
f 2099 2100 2101
f 2064 2103 2104
f 2105 2106 2107
f 2108 2109 2110
f 2090 2089 2111
f 2112 2113 2114
f 2115 2109 2116
f 2117 2118 2119
f 2120 2121 2122
f 2106 2123 2107
f 2082 2124 2080
f 2125 2094 2126
f 2127 2128 2129
f 2130 2131 2132
f 2136 2137 2138
f 2139 2140 2141
f 2142 2143 2144
f 2145 2146 2147
f 2128 2148 2149
f 2150 2151 2152
f 2153 2154 2155
f 2156 2157 2158
f 2159 2160 2161
f 2162 2084 2163
f 2152 2164 2165
f 2078 2079 2094
f 2166 2129 2167
f 2168 2169 2170
f 2171 2140 2095
f 2174 2175 2176
f 2177 2178 2179
f 2180 2181 2182
f 2183 2184 2185
f 2186 2187 2188
f 2189 2190 2191
f 2192 2156 2193
f 2194 2195 2196
f 2197 2152 2165
f 2198 2082 2199
f 2200 2089 2201
f 2202 2203 2204
f 2138 2205 2206
f 2120 2122 2207
f 2197 2150 2152
f 2158 2208 2156
f 2154 2209 2210
f 2201 2211 2200
f 2059 2058 2080
f 2206 2119 2118
f 2169 2212 2213
f 2115 2214 2215
f 2216 2217 2151
f 2218 2219 2220
f 2221 2222 2223
f 2224 2103 2225
f 2211 2226 2227
f 2201 2228 2226
f 2231 2232 2233
f 2234 2216 2150
f 2235 2221 2234
f 2236 2237 2238
f 2225 2100 2224
f 2239 2240 2241
f 2242 2243 2244
f 2245 2222 2235
f 2245 2153 2246
f 2247 2248 2249
f 2224 2250 2104
f 2078 2057 2056
f 2104 2103 2224
f 2252 2253 2254
f 2067 2256 2257
f 2258 2153 2155
f 2259 2260 2261
f 2222 2263 2229
f 2246 2263 2245
f 2264 2265 2266
f 2267 2061 2063
f 2268 2269 2270
f 2250 2100 2118
f 2240 2118 2241
f 2090 2164 2088
f 2271 2270 2272
f 2273 2274 2275
f 2165 2209 2197
f 2180 2276 2181
f 2099 2277 2136
f 2278 2271 2272
f 2223 2279 2280
f 2230 2229 2263
f 2281 2282 2283
f 2100 2225 2101
f 2254 2284 2252
f 2066 2190 2189
f 2212 2169 2285
f 2286 2287 2288
f 2289 2290 2291
f 2292 2072 2102
f 2268 2072 2269
f 2100 2099 2118
f 2250 2293 2104
f 2225 2103 2294
f 2243 2295 2244
f 2296 2297 2298
f 2299 2068 2300
f 2277 2301 2136
f 2302 2155 2303
f 2236 2185 2304
f 2217 2270 2159
f 2294 2305 2101
f 2268 2070 2072
f 2103 2189 2306
f 2307 2146 2257
f 2292 2133 2190
f 2308 2309 2085
f 2220 2312 2218
f 2074 2073 2313
f 2097 2093 2092
f 2238 2314 2236
f 2073 2075 2278
f 2126 2094 2079
f 2210 2155 2154
f 2202 2315 2316
f 2317 2059 2080
f 2318 2319 2320
f 2159 2269 2160
f 2282 2321 2322
f 2323 2253 2324
f 2058 2119 2205
f 2162 2325 2060
f 2315 2202 2326
f 2327 2255 2328
f 2252 2329 2330
f 2331 2173 2253
f 2131 2174 2332
f 2326 2333 2315
f 2119 2058 2060
f 2334 2335 2336
f 2290 2337 2291
f 2326 2202 2204
f 2329 2252 2284
f 2153 2311 2246
f 2228 2201 2293
f 2340 2172 2173
f 2341 2296 2342
f 2158 2343 2215
f 2206 2205 2119
f 2201 2152 2151
f 2281 2344 2106
f 2073 2280 2279
f 2228 2293 2250
f 2313 2279 2229
f 2346 2347 2137
f 2058 2274 2273
f 2348 2115 2215
f 2347 2346 2349
f 2182 2307 2350
f 2098 2351 2352
f 2353 2354 2355
f 2356 2148 2319
f 2233 2249 2357
f 2358 2359 2147
f 2346 2360 2204
f 2349 2327 2328
f 2361 2199 2081
f 2341 2275 2362
f 2297 2296 2362
f 2364 2349 2365
f 2121 2086 2366
f 2191 2190 2133
f 2200 2227 2367
f 2298 2342 2296
f 2298 2363 2368
f 2342 2298 2369
f 2138 2370 2205
f 2365 2274 2364
f 2282 2322 2371
f 2304 2184 2372
f 2362 2296 2341
f 2090 2208 2164
f 2312 2220 2322
f 2158 2214 2373
f 2372 2184 2375
f 2271 2075 2070
f 2274 2205 2364
f 2300 2376 2299
f 2377 2378 2144
f 2063 2356 2267
f 2114 2380 2381
f 2142 2287 2143
f 2135 2381 2134
f 2382 2129 2166
f 2217 2216 2272
f 2383 2372 2375
f 2184 2336 2375
f 2384 2385 2386
f 2384 2335 2387
f 2351 2098 2317
f 2304 2388 2236
f 2335 2384 2383
f 2289 2389 2384
f 2320 2240 2239
f 2387 2393 2289
f 2335 2334 2387
f 2396 2091 2188
f 2092 2396 2096
f 2159 2151 2217
f 2212 2397 2213
f 2375 2335 2383
f 2170 2244 2295
f 2287 2114 2113
f 2266 2398 2358
f 2231 2399 2400
f 2401 2220 2219
f 2284 2332 2329
f 2385 2170 2213
f 2371 2401 2402
f 2215 2214 2158
f 2334 2336 2403
f 2244 2389 2242
f 2396 2404 2096
f 2068 2145 2405
f 2406 2407 2160
f 2408 2409 2410
f 2370 2364 2205
f 2188 2411 2412
f 2140 2401 2219
f 2388 2341 2237
f 2377 2413 2378
f 2409 2414 2410
f 2415 2181 2416
f 2417 2418 2419
f 2420 2281 2106
f 2421 2143 2113
f 2223 2422 2221
f 2210 2165 2303
f 2077 2076 2423
f 2076 2404 2424
f 2426 2403 2427
f 2228 2250 2428
f 2131 2332 2132
f 2185 2184 2304
f 2429 2251 2153
f 2309 2308 2430
f 2431 2404 2394
f 2320 2319 2171
f 2411 2344 2412
f 2108 2110 2432
f 2422 2223 2280
f 2291 2337 2243
f 2321 2434 2398
f 2093 2435 2436
f 2105 2355 2354
f 2346 2204 2327
f 2364 2370 2347
f 2243 2242 2291
f 2426 2427 2437
f 2089 2125 2126
f 2240 2320 2428
f 2438 2439 2354
f 2185 2236 2314
f 2124 2082 2440
f 2441 2442 2196
f 2437 2427 2443
f 2168 2062 2061
f 2062 2175 2174
f 2444 2366 2309
f 2419 2418 2445
f 2446 2447 2448
f 2354 2439 2105
f 2449 2448 2424
f 2417 2097 2096
f 2113 2112 2421
f 2413 2377 2450
f 2234 2154 2235
f 2413 2086 2121
f 2403 2426 2334
f 2309 2086 2085
f 2264 2451 2265
f 2192 2416 2452
f 2057 2078 2095
f 2151 2150 2216
f 2350 2180 2182
f 2116 2262 2429
f 2227 2320 2125
f 2119 2325 2117
f 2432 2249 2374
f 2063 2174 2131
f 2453 2307 2182
f 2421 2454 2377
f 2445 2455 2419
f 2432 2456 2249
f 2430 2443 2261
f 2343 2457 2248
f 2458 2459 2460
f 2312 2322 2265
f 2418 2096 2395
f 2248 2457 2357
f 2061 2285 2169
f 2175 2062 2295
f 2123 2461 2455
f 2247 2456 2348
f 2215 2247 2348
f 2325 2119 2060
f 2116 2109 2108
f 2312 2451 2462
f 2397 2385 2213
f 2152 2088 2164
f 2165 2164 2463
f 2419 2464 2417
f 2317 2124 2351
f 2465 2466 2141
f 2071 2102 2072
f 2297 2365 2328
f 2434 2467 2438
f 2243 2175 2295
f 2468 2466 2465
f 2170 2385 2244
f 2175 2243 2337
f 2445 2469 2470
f 2084 2352 2163
f 2281 2460 2459
f 2179 2178 2447
f 2135 2471 2114
f 2423 2076 2424
f 2355 2300 2472
f 2434 2438 2398
f 2397 2386 2385
f 2451 2264 2474
f 2475 2476 2414
f 2464 2419 2477
f 2424 2187 2449
f 2454 2112 2478
f 2421 2144 2143
f 2461 2106 2435
f 2128 2479 2148
f 2467 2434 2420
f 2207 2122 2260
f 2056 2480 2079
f 2481 2473 2376
f 2482 2187 2483
f 2372 2484 2304
f 2485 2486 2482
f 2487 2196 2344
f 2460 2281 2283
f 2456 2247 2249
f 2192 2264 2415
f 2109 2348 2456
f 2155 2302 2258
f 2229 2223 2222
f 2222 2221 2235
f 2366 2086 2309
f 2094 2171 2095
f 2470 2473 2481
f 2087 2086 2290
f 2187 2424 2188
f 2068 2299 2310
f 2237 2369 2238
f 2403 2336 2433
f 2129 2488 2167
f 2167 2488 2132
f 2374 2249 2233
f 2093 2097 2489
f 2402 2460 2283
f 2262 2116 2108
f 2470 2481 2455
f 2490 2491 2492
f 2120 2378 2413
f 2286 2380 2287
f 2207 2378 2120
f 2453 2181 2358
f 2140 2139 2476
f 2248 2247 2343
f 2302 2214 2258
f 2343 2247 2215
f 2405 2147 2359
f 2117 2318 2241
f 2303 2373 2302
f 2450 2086 2413
f 2471 2392 2391
f 2479 2319 2148
f 2275 2388 2273
f 2083 2324 2253
f 2188 2424 2404
f 2382 2339 2338
f 2155 2210 2303
f 2175 2454 2176
f 2443 2430 2437
f 2146 2307 2453
f 2091 2411 2188
f 2356 2063 2131
f 2430 2308 2494
f 2454 2421 2112
f 2324 2382 2166
f 2154 2234 2209
f 2084 2162 2060
f 2085 2393 2308
f 2486 2449 2187
f 2214 2302 2373
f 2442 2441 2483
f 2275 2274 2362
f 2376 2300 2495
f 2254 2253 2323
f 2496 2382 2324
f 2134 2286 2493
f 2391 2340 2471
f 2207 2142 2378
f 2457 2491 2357
f 2235 2153 2245
f 2497 2498 2256
f 2420 2106 2105
f 2183 2336 2184
f 2430 2261 2444
f 2070 2075 2074
f 2396 2092 2091
f 2318 2117 2325
f 2390 2340 2391
f 2397 2319 2198
f 2142 2207 2260
f 2058 2273 2081
f 2490 2399 2231
f 2492 2491 2457
f 2472 2405 2353
f 2405 2472 2068
f 2493 2286 2288
f 2441 2482 2483
f 2499 2128 2127
f 2400 2379 2231
f 2132 2254 2167
f 2485 2196 2195
f 2385 2389 2244
f 2114 2381 2135
f 2373 2303 2463
f 2386 2397 2500
f 2343 2158 2457
f 2372 2383 2484
f 2321 2266 2265
f 2412 2344 2196
f 2366 2444 2261
f 2122 2121 2366
f 2069 2068 2310
f 2168 2295 2062
f 2464 2477 2461
f 2082 2081 2199
f 2214 2116 2258
f 2284 2132 2332
f 2377 2454 2450
f 2099 2136 2138
f 2407 2406 2292
f 2187 2482 2486
f 2435 2411 2436
f 2461 2123 2106
f 2169 2168 2061
f 2208 2463 2164
f 2457 2157 2492
f 2066 2103 2064
f 2501 2452 2276
f 2124 2440 2351
f 2170 2295 2168
f 2201 2151 2293
f 2340 2114 2471
f 2407 2161 2160
f 2070 2268 2271
f 2114 2287 2380
f 2280 2272 2422
f 2476 2410 2414
f 2260 2122 2261
f 2284 2254 2132
f 2503 2504 2505
f 2494 2308 2426
f 2156 2492 2157
f 2465 2128 2499
f 2505 2156 2503
f 2319 2285 2267
f 2376 2495 2506
f 2140 2055 2057
f 2420 2282 2281
f 2144 2421 2377
f 2461 2477 2455
f 2450 2454 2337
f 2240 2428 2250
f 2505 2490 2492
f 2440 2319 2351
f 2320 2227 2226
f 2300 2068 2472
f 2393 2334 2308
f 2489 2461 2435
f 2412 2442 2186
f 2149 2148 2356
f 2319 2318 2507
f 2320 2228 2428
f 2292 2190 2407
f 2340 2173 2331
f 2349 2364 2347
f 2289 2393 2085
f 2403 2433 2427
f 2089 2200 2367
f 2281 2459 2344
f 2186 2188 2412
f 2115 2348 2109
f 2103 2306 2294
f 2459 2458 2344
f 2500 2397 2199
f 2297 2328 2363
f 2467 2105 2439
f 2357 2249 2248
f 2398 2438 2358
f 2362 2274 2365
f 2438 2354 2359
f 2101 2305 2277
f 2093 2436 2091
f 2497 2502 2498
f 2366 2261 2122
f 2360 2346 2137
f 2502 2508 2498
f 2140 2319 2141
f 2508 2399 2509
f 2322 2401 2371
f 2399 2504 2509
f 2301 2326 2360
f 2392 2471 2135
f 2163 2319 2507
f 2474 2090 2111
f 2474 2208 2090
f 2291 2389 2289
f 2503 2156 2192
f 2464 2097 2417
f 2326 2301 2333
f 2159 2270 2269
f 2319 2397 2212
f 2121 2120 2413
f 2137 2136 2360
f 2332 2454 2478
f 2455 2481 2123
f 2340 2390 2172
f 2439 2438 2467
f 2227 2125 2367
f 2062 2174 2063
f 2371 2283 2282
f 2104 2293 2064
f 2456 2432 2110
f 2141 2479 2465
f 2309 2430 2444
f 2490 2505 2399
f 2306 2333 2305
f 2305 2294 2306
f 2105 2107 2495
f 2210 2209 2165
f 2353 2355 2472
f 2463 2158 2373
f 2363 2298 2297
f 2096 2418 2417
f 2337 2454 2175
f 2352 2084 2098
f 2506 2107 2123
f 2470 2455 2445
f 2447 2178 2423
f 2094 2125 2171
f 2056 2055 2480
f 2065 2190 2066
f 2187 2186 2483
f 2255 2327 2203
f 2326 2204 2360
f 2125 2089 2367
f 2125 2320 2171
f 2401 2140 2476
f 2455 2477 2419
f 2269 2072 2406
f 2065 2064 2161
f 2196 2485 2441
f 2409 2408 2511
f 2511 2458 2512
f 2511 2513 2409
f 2513 2475 2414
f 2360 2136 2301
f 2402 2475 2514
f 2513 2511 2512
f 2513 2514 2475
f 2514 2513 2512
f 2414 2409 2513
f 2512 2460 2514
f 2319 2140 2171
f 2072 2292 2406
f 2099 2206 2118
f 2258 2429 2153
f 2256 2515 2497
f 2107 2506 2495
f 2492 2156 2505
f 2501 2498 2508
f 2509 2501 2508
f 2504 2503 2452
f 2305 2333 2301
f 2208 2474 2193
f 2208 2193 2156
f 2237 2342 2369
f 2220 2401 2322
f 2480 2111 2079
f 2319 2163 2352
f 2353 2359 2354
f 2361 2081 2273
f 2473 2299 2376
f 2398 2266 2321
f 2361 2516 2500
f 2516 2384 2386
f 2496 2324 2083
f 2329 2478 2330
f 2458 2460 2512
f 2176 2454 2332
f 2189 2315 2306
f 2226 2211 2201
f 2339 2382 2510
f 2298 2368 2369
f 2241 2118 2117
f 2389 2291 2242
f 2152 2201 2088
f 2087 2289 2085
f 2173 2083 2253
f 2401 2476 2402
f 2404 2396 2188
f 2273 2388 2516
f 2483 2186 2442
f 2282 2434 2321
f 2394 2395 2431
f 2431 2395 2096
f 2404 2076 2394
f 2246 2230 2263
f 2498 2350 2256
f 2257 2145 2067
f 2498 2501 2180
f 2213 2170 2169
f 2507 2318 2325
f 2501 2509 2452
f 2452 2503 2192
f 2111 2480 2474
f 2334 2393 2387
f 2055 2462 2480
f 2385 2384 2389
f 2463 2303 2165
f 2379 2232 2231
f 2402 2476 2475
f 2363 2328 2255
f 2448 2447 2423
f 2299 2425 2310
f 2437 2494 2426
f 2506 2481 2376
f 2240 2250 2118
f 2321 2265 2322
f 2515 2067 2069
f 2180 2350 2498
f 2407 2190 2065
f 2273 2516 2361
f 2293 2161 2064
f 2058 2205 2274
f 2099 2101 2277
f 2290 2086 2450
f 2128 2488 2129
f 2082 2198 2440
f 2157 2457 2158
f 2095 2140 2057
f 2059 2317 2098
f 2358 2438 2359
f 2452 2509 2504
f 2370 2138 2137
f 2300 2355 2495
f 2350 2307 2256
f 2381 2286 2134
f 2294 2101 2225
f 2191 2316 2315
f 2123 2481 2506
f 2465 2479 2128
f 2357 2231 2233
f 2176 2332 2174
f 2434 2282 2420
f 2272 2270 2217
f 2275 2341 2388
f 2161 2407 2065
f 2327 2349 2346
f 2480 2462 2474
f 2461 2489 2464
f 2193 2264 2192
f 2351 2319 2352
f 2111 2089 2079
f 2201 2089 2088
f 2223 2229 2279
f 2079 2089 2126
f 2216 2234 2422
f 2162 2163 2507
f 2209 2234 2150
f 2137 2347 2370
f 2365 2297 2362
f 2114 2340 2331
f 2319 2479 2141
f 2206 2099 2138
f 2485 2482 2441
f 2301 2277 2305
f 2158 2463 2208
f 2218 2462 2055
f 2058 2081 2080
f 2342 2237 2341
f 2517 2485 2195
f 2112 2114 2331
f 2315 2333 2306
f 2145 2257 2146
f 2516 2388 2484
f 2315 2189 2191
f 2287 2142 2288
f 2473 2470 2469
f 2055 2140 2219
f 2478 2329 2332
f 2307 2257 2256
f 2130 2149 2356
f 2231 2357 2491
f 2280 2073 2278
f 2234 2221 2422
f 2219 2218 2055
f 2422 2272 2216
f 2502 2400 2508
f 2318 2320 2239
f 2388 2304 2484
f 2116 2214 2115
f 2327 2204 2203
f 2411 2435 2106
f 2147 2453 2358
f 2323 2167 2254
f 2183 2433 2336
f 2500 2516 2386
f 2105 2467 2420
f 2196 2487 2194
f 2356 2319 2267
f 2237 2236 2388
f 2319 2440 2198
f 2404 2431 2096
f 2384 2387 2289
f 2150 2197 2209
f 2199 2361 2500
f 2452 2416 2276
f 2276 2416 2181
f 2415 2416 2192
f 2474 2462 2451
f 2071 2070 2074
f 2355 2105 2495
f 2253 2252 2331
f 2406 2160 2269
f 2143 2287 2113
f 2112 2330 2478
f 2110 2109 2456
f 2358 2415 2266
f 2311 2153 2251
f 2411 2106 2344
f 2435 2093 2489
f 2442 2412 2196
f 2181 2453 2182
f 2423 2345 2077
f 2484 2384 2516
f 2271 2278 2075
f 2166 2323 2324
f 2384 2484 2383
f 2429 2258 2116
f 2334 2426 2308
f 2510 2382 2496
f 2276 2180 2501
f 2241 2318 2239
f 2405 2359 2353
f 2189 2103 2066
f 2489 2097 2464
f 2460 2402 2514
f 2400 2399 2508
f 2290 2289 2087
f 2147 2405 2145
f 2453 2147 2146
f 2264 2266 2415
f 2283 2371 2402
f 2218 2312 2462
f 2061 2267 2285
f 2145 2068 2067
f 2423 2178 2345
f 2486 2485 2517
f 2211 2227 2200
f 2425 2299 2473
f 2323 2166 2167
f 2228 2320 2226
f 2325 2162 2507
f 2494 2437 2430
f 2154 2153 2235
f 2436 2411 2091
f 2476 2139 2410
f 2378 2142 2144
f 2381 2380 2286
f 2132 2488 2130
f 2067 2515 2256
f 2424 2448 2423
f 2448 2449 2446
f 2265 2451 2312
f 2279 2313 2073
f 2278 2272 2280
f 2199 2397 2198
f 2181 2415 2358
f 2336 2335 2375
f 2193 2474 2264
f 2270 2271 2268
f 2488 2149 2130
f 2349 2328 2365
f 2124 2317 2080
f 2285 2319 2212
f 2222 2245 2263
f 2259 2261 2443
f 2293 2151 2159
f 2131 2130 2356
f 2499 2468 2465
f 2337 2290 2450
f 2491 2490 2231
f 2250 2224 2100
f 2161 2293 2159
f 2330 2112 2331
f 2252 2330 2331
f 2149 2488 2128
f 2487 2344 2458
f 2504 2399 2505
f 2518 2519 2520
f 2521 2522 2523
f 2524 2525 2526
f 2527 2528 2529
f 2531 2532 2533
f 2534 2535 2536
f 2523 2537 2521
f 2538 2539 2540
f 2520 2541 2542
f 2546 2547 2534
f 2550 2551 2552
f 2554 2518 2555
f 2556 2557 2558
f 2559 2560 2535
f 2521 2561 2562
f 2563 2555 2520
f 2564 2565 2566
f 2540 2567 2568
f 2565 2564 2569
f 2570 2552 2551
f 2572 2573 2574
f 2575 2576 2577
f 2542 2541 2578
f 2543 2534 2579
f 2580 2581 2531
f 2582 2566 2565
f 2561 2521 2571
f 2583 2584 2585
f 2586 2587 2588
f 2525 2589 2577
f 2557 2590 2591
f 2592 2538 2593
f 2578 2594 2542
f 2522 2521 2596
f 2597 2598 2599
f 2602 2552 2601
f 2536 2598 2587
f 2573 2535 2574
f 2604 2605 2606
f 2607 2608 2574
f 2562 2609 2521
f 2609 2581 2610
f 2558 2557 2591
f 2579 2530 2543
f 2568 2557 2533
f 2532 2568 2533
f 2538 2611 2593
f 2522 2609 2610
f 2535 2534 2612
f 2614 2556 2558
f 2611 2581 2593
f 2559 2615 2616
f 2518 2554 2617
f 2547 2618 2612
f 2590 2557 2568
f 2618 2615 2612
f 2552 2619 2550
f 2598 2536 2620
f 2619 2527 2550
f 2560 2559 2614
f 2615 2535 2612
f 2537 2549 2571
f 2577 2589 2575
f 2549 2537 2569
f 2548 2597 2621
f 2529 2550 2527
f 2622 2559 2616
f 2618 2547 2589
f 2586 2623 2579
f 2546 2600 2575
f 2622 2624 2583
f 2521 2609 2596
f 2532 2531 2611
f 2598 2620 2626
f 2590 2627 2591
f 2614 2559 2556
f 2522 2610 2628
f 2557 2580 2533
f 2552 2602 2619
f 2607 2574 2629
f 2564 2602 2601
f 2627 2560 2630
f 2594 2624 2542
f 2611 2538 2532
f 2573 2631 2626
f 2574 2606 2572
f 2632 2605 2604
f 2586 2588 2548
f 2558 2630 2614
f 2618 2616 2615
f 2620 2535 2573
f 2576 2633 2577
f 2634 2534 2543
f 2603 2621 2604
f 2601 2545 2564
f 2544 2634 2543
f 2566 2582 2527
f 2557 2556 2580
f 2613 2600 2546
f 2617 2633 2518
f 2581 2611 2531
f 2579 2534 2587
f 2628 2523 2522
f 2525 2524 2635
f 2624 2622 2563
f 2636 2551 2550
f 2540 2532 2538
f 2530 2579 2623
f 2630 2558 2591
f 2548 2623 2586
f 2559 2637 2556
f 2636 2559 2585
f 2637 2527 2582
f 2597 2599 2638
f 2638 2604 2621
f 2528 2559 2529
f 2587 2586 2579
f 2570 2551 2553
f 2520 2555 2518
f 2563 2542 2624
f 2538 2592 2539
f 2519 2541 2520
f 2619 2566 2527
f 2602 2564 2566
f 2617 2526 2525
f 2524 2526 2554
f 2533 2580 2531
f 2529 2559 2636
f 2610 2581 2628
f 2547 2546 2575
f 2561 2595 2562
f 2591 2627 2630
f 2637 2580 2556
f 2535 2620 2536
f 2598 2597 2588
f 2577 2617 2525
f 2576 2575 2600
f 2555 2563 2622
f 2606 2605 2572
f 2625 2601 2552
f 2575 2589 2547
f 2582 2581 2637
f 2581 2580 2637
f 2537 2571 2521
f 2534 2613 2546
f 2594 2584 2624
f 2606 2574 2608
f 2589 2635 2618
f 2582 2523 2628
f 2587 2534 2536
f 2581 2609 2593
f 2597 2548 2588
f 2542 2563 2520
f 2559 2528 2637
f 2559 2622 2583
f 2639 2640 2584
f 2594 2578 2641
f 2641 2584 2594
f 2640 2551 2636
f 2585 2640 2636
f 2641 2639 2584
f 2584 2640 2585
f 2553 2640 2639
f 2640 2553 2551
f 2526 2617 2554
f 2613 2534 2634
f 2585 2559 2583
f 2574 2535 2629
f 2565 2523 2582
f 2519 2518 2633
f 2527 2637 2528
f 2626 2620 2573
f 2565 2537 2523
f 2544 2613 2634
f 2545 2569 2564
f 2550 2529 2636
f 2599 2598 2626
f 2632 2599 2631
f 2609 2522 2596
f 2616 2618 2635
f 2559 2535 2615
f 2631 2599 2626
f 2605 2632 2572
f 2631 2572 2632
f 2617 2577 2633
f 2567 2540 2642
f 2612 2534 2547
f 2635 2622 2616
f 2552 2570 2625
f 2598 2588 2587
f 2635 2589 2525
f 2638 2599 2632
f 2602 2566 2619
f 2532 2540 2568
f 2604 2638 2632
f 2540 2539 2642
f 2555 2622 2524
f 2560 2614 2630
f 2581 2582 2628
f 2590 2568 2567
f 2621 2597 2638
f 2584 2583 2624
f 2572 2631 2573
f 2569 2537 2565
f 2622 2635 2524
f 2554 2555 2524
f 2647 2645 2648
f 2645 2649 2650
f 2649 2645 2647
f 2646 2647 2648
f 2644 2647 2646
f 2651 2652 2653
f 2653 2644 2643
f 2655 2652 2651
f 2655 2651 2654
f 2656 2655 2654
f 2643 2651 2653
f 2658 2659 2660
f 2661 2662 2663
f 2664 2665 2666
f 2667 2668 2669
f 2670 2671 2672
f 2673 2674 2675
f 2676 2677 2678
f 2679 2659 2680
f 2681 2682 2683
f 2684 2685 2686
f 2663 2690 2678
f 2691 2670 2672
f 2686 2692 2684
f 2694 2691 2695
f 2663 2696 2661
f 2697 2676 2698
f 2699 2700 2682
f 2702 2703 2704
f 2705 2706 2707
f 2708 2709 2710
f 2711 2712 2713
f 2714 2715 2675
f 2716 2701 2717
f 2718 2719 2720
f 2682 2721 2722
f 2723 2724 2725
f 2726 2704 2703
f 2727 2728 2681
f 2717 2729 2730
f 2719 2731 2662
f 2676 2697 2732
f 2706 2705 2733
f 2734 2697 2698
f 2722 2721 2735
f 2731 2658 2660
f 2736 2712 2737
f 2738 2729 2701
f 2732 2677 2676
f 2730 2712 2711
f 2739 2664 2740
f 2741 2742 2672
f 2671 2741 2672
f 2743 2724 2723
f 2671 2744 2745
f 2746 2747 2718
f 2748 2723 2725
f 2710 2749 2735
f 2669 2674 2673
f 2750 2751 2686
f 2744 2671 2752
f 2681 2683 2753
f 2754 2755 2756
f 2681 2757 2727
f 2758 2726 2751
f 2754 2711 2713
f 2740 2759 2695
f 2664 2760 2759
f 2761 2762 2763
f 2764 2687 2762
f 2662 2661 2720
f 2731 2765 2658
f 2666 2665 2657
f 2738 2700 2729
f 2724 2743 2766
f 2711 2756 2715
f 2755 2742 2767
f 2768 2769 2770
f 2723 2692 2771
f 2768 2724 2772
f 2664 2739 2665
f 2773 2742 2774
f 2775 2672 2742
f 2749 2685 2684
f 2776 2777 2677
f 2727 2764 2778
f 2669 2666 2657
f 2667 2666 2668
f 2752 2779 2673
f 2682 2700 2693
f 2780 2769 2781
f 2695 2748 2740
f 2753 2757 2681
f 2677 2732 2776
f 2679 2680 2709
f 2695 2691 2692
f 2782 2684 2692
f 2764 2783 2778
f 2700 2738 2693
f 2757 2688 2764
f 2759 2740 2664
f 2733 2709 2706
f 2758 2751 2750
f 2695 2759 2694
f 2768 2772 2769
f 2765 2731 2719
f 2680 2658 2749
f 2756 2711 2754
f 2784 2781 2772
f 2742 2755 2774
f 2775 2691 2672
f 2785 2786 2726
f 2699 2682 2722
f 2787 2779 2752
f 2659 2679 2734
f 2689 2688 2753
f 2735 2708 2710
f 2716 2717 2711
f 2669 2779 2667
f 2763 2788 2761
f 2775 2742 2773
f 2747 2746 2789
f 2790 2682 2693
f 2671 2745 2741
f 2721 2708 2735
f 2791 2770 2769
f 2728 2727 2708
f 2682 2681 2721
f 2718 2720 2746
f 2783 2792 2707
f 2743 2771 2702
f 2685 2749 2750
f 2678 2698 2676
f 2771 2703 2702
f 2784 2724 2793
f 2659 2658 2680
f 2696 2678 2677
f 2662 2720 2719
f 2709 2680 2749
f 2760 2794 2694
f 2741 2745 2795
f 2712 2730 2796
f 2713 2774 2754
f 2733 2797 2709
f 2684 2782 2737
f 2666 2667 2760
f 2661 2798 2720
f 2785 2789 2786
f 2785 2758 2765
f 2704 2726 2799
f 2667 2800 2794
f 2673 2744 2752
f 2753 2682 2790
f 2714 2716 2715
f 2743 2702 2766
f 2800 2667 2779
f 2691 2736 2782
f 2659 2734 2660
f 2770 2739 2768
f 2679 2797 2801
f 2736 2773 2712
f 2764 2762 2802
f 2795 2767 2741
f 2750 2749 2658
f 2726 2758 2785
f 2778 2706 2709
f 2662 2690 2663
f 2781 2769 2772
f 2803 2799 2786
f 2669 2673 2779
f 2798 2789 2746
f 2707 2761 2788
f 2771 2726 2703
f 2690 2662 2731
f 2699 2722 2796
f 2698 2660 2734
f 2746 2720 2798
f 2745 2673 2795
f 2766 2804 2724
f 2756 2755 2805
f 2709 2797 2679
f 2704 2766 2702
f 2739 2770 2665
f 2787 2671 2670
f 2769 2780 2791
f 2792 2762 2761
f 2789 2785 2747
f 2764 2727 2757
f 2774 2713 2773
f 2787 2670 2800
f 2795 2675 2805
f 2805 2675 2715
f 2771 2743 2723
f 2678 2696 2663
f 2761 2707 2792
f 2737 2782 2736
f 2737 2796 2722
f 2707 2788 2705
f 2751 2692 2686
f 2796 2737 2712
f 2800 2670 2794
f 2711 2717 2730
f 2694 2759 2760
f 2715 2756 2805
f 2806 2765 2719
f 2688 2757 2753
f 2677 2777 2696
f 2758 2750 2765
f 2748 2768 2739
f 2749 2710 2709
f 2675 2795 2673
f 2791 2665 2770
f 2773 2736 2775
f 2713 2712 2773
f 2742 2741 2767
f 2670 2691 2694
f 2689 2753 2790
f 2698 2678 2690
f 2745 2744 2673
f 2805 2755 2795
f 2726 2771 2751
f 2765 2750 2658
f 2779 2787 2800
f 2752 2671 2787
f 2778 2708 2727
f 2748 2739 2740
f 2718 2806 2719
f 2748 2692 2723
f 2696 2807 2661
f 2765 2806 2785
f 2706 2778 2783
f 2768 2748 2725
f 2734 2679 2801
f 2657 2665 2791
f 2802 2762 2792
f 2735 2737 2722
f 2666 2669 2668
f 2795 2755 2767
f 2760 2664 2666
f 2716 2711 2715
f 2794 2760 2667
f 2706 2783 2707
f 2783 2764 2802
f 2660 2698 2690
f 2799 2726 2786
f 2721 2681 2728
f 2731 2660 2690
f 2709 2708 2778
f 2725 2724 2768
f 2692 2748 2695
f 2749 2684 2735
f 2798 2661 2807
f 2792 2783 2802
f 2794 2670 2694
f 2730 2729 2796
f 2682 2753 2683
f 2692 2691 2782
f 2728 2708 2721
f 2699 2729 2700
f 2747 2806 2718
f 2755 2754 2774
f 2729 2699 2796
f 2701 2716 2714
f 2736 2691 2775
f 2772 2724 2784
f 2729 2717 2701
f 2785 2806 2747
f 2724 2804 2793
f 2771 2692 2751
f 2735 2684 2737
f 2685 2750 2686
f 2688 2687 2764
f 2811 2808 2812
f 2813 2814 2812
f 2814 2815 2810
f 2814 2809 2815
f 2814 2811 2812
f 2814 2810 2811
f 2816 2817 2818
f 2820 2821 2818
f 2822 2823 2824
f 2825 2826 2817
f 2827 2825 2817
f 2822 2818 2821
f 2821 2819 2822
f 2817 2826 2818
f 2828 2820 2826
f 2818 2826 2820
f 2818 2822 2816
f 2823 2822 2819
f 2828 2826 2825
f 2832 2833 2834
f 2835 2836 2837
f 2836 2838 2839
f 2836 2835 2840
f 2834 2833 2841
f 2842 2843 2844
f 2835 2845 2840
f 2846 2847 2848
f 2851 2840 2845
f 2850 2845 2835
f 2831 2837 2843
f 2837 2836 2852
f 2853 2854 2855
f 2856 2857 2839
f 2840 2851 2859
f 2860 2838 2859
f 2833 2861 2862
f 2848 2834 2841
f 2855 2863 2864
f 2865 2861 2832
f 2852 2839 2857
f 2839 2852 2836
f 2837 2831 2830
f 2843 2857 2844
f 2838 2860 2866
f 2850 2837 2829
f 2867 2841 2868
f 2854 2853 2869
f 2861 2833 2832
f 2830 2829 2837
f 2848 2854 2834
f 2839 2867 2856
f 2847 2854 2848
f 2845 2850 2870
f 2868 2871 2867
f 2863 2855 2847
f 2844 2858 2842
f 2866 2847 2846
f 2866 2863 2847
f 2851 2845 2870
f 2850 2849 2870
f 2852 2843 2837
f 2839 2846 2867
f 2837 2850 2835
f 2867 2871 2856
f 2861 2865 2872
f 2854 2847 2855
f 2866 2839 2838
f 2841 2833 2868
f 2841 2867 2848
f 2846 2848 2867
f 2839 2866 2846
f 2859 2838 2840
f 2843 2842 2831
f 2868 2833 2862
f 2869 2873 2832
f 2869 2832 2834
f 2874 2857 2856
f 2832 2873 2865
f 2843 2852 2857
f 2869 2834 2854
f 2863 2866 2860
f 2840 2838 2836
f 2875 2876 2877
f 2878 2879 2880
f 2877 2880 2875
f 2881 2882 2883
f 2884 2885 2886
f 2887 2885 2884
f 2888 2884 2886
f 2888 2886 2889
f 2880 2877 2890
f 2892 2893 2884
f 2894 2890 2895
f 2896 2897 2898
f 2879 2878 2899
f 2904 2881 2905
f 2906 2907 2901
f 2895 2908 2909
f 2887 2893 2910
f 2911 2912 2913
f 2907 2910 2915
f 2916 2917 2918
f 2919 2920 2921
f 2915 2891 2901
f 2922 2923 2924
f 2925 2926 2927
f 2928 2929 2924
f 2928 2930 2929
f 2931 2897 2932
f 2883 2882 2934
f 2908 2935 2936
f 2937 2938 2939
f 2941 2889 2942
f 2943 2908 2944
f 2900 2899 2906
f 2945 2924 2923
f 2938 2946 2939
f 2887 2910 2947
f 2909 2943 2906
f 2884 2912 2949
f 2899 2894 2909
f 2903 2949 2902
f 2905 2902 2904
f 2949 2903 2892
f 2898 2876 2875
f 2953 2954 2955
f 2879 2899 2900
f 2881 2946 2905
f 2895 2909 2894
f 2891 2915 2940
f 2910 2893 2940
f 2912 2888 2913
f 2894 2878 2890
f 2882 2881 2904
f 2916 2957 2958
f 2959 2960 2961
f 2940 2893 2892
f 2949 2892 2962
f 2944 2908 2963
f 2911 2949 2912
f 2947 2885 2887
f 2964 2965 2966
f 2967 2936 2964
f 2904 2911 2882
f 2968 2969 2970
f 2943 2909 2908
f 2899 2878 2894
f 2933 2971 2972
f 2916 2973 2917
f 2974 2975 2976
f 2921 2977 2919
f 2890 2877 2978
f 2979 2963 2967
f 2884 2962 2892
f 2888 2912 2884
f 2897 2896 2980
f 2944 2947 2943
f 2949 2962 2884
f 2901 2900 2906
f 2887 2884 2893
f 2916 2981 2973
f 2947 2910 2907
f 2935 2908 2895
f 2982 2983 2984
f 2880 2879 2875
f 2889 2913 2888
f 2960 2972 2985
f 2970 2969 2988
f 2947 2907 2943
f 2952 2990 2991
f 2899 2909 2906
f 2972 2992 2985
f 2898 2897 2876
f 2885 2994 2886
f 2981 2942 2994
f 2995 2981 2958
f 2939 2996 2937
f 2934 2882 2941
f 2937 2996 2998
f 2878 2880 2890
f 2999 2932 2980
f 2997 2922 2924
f 2990 2995 2987
f 2951 2946 2938
f 2988 2920 2984
f 2932 2897 2980
f 3001 2974 2961
f 2980 2896 3002
f 3001 2961 2960
f 3003 2968 2935
f 2937 2995 2990
f 2947 2944 2885
f 2889 2911 2913
f 2996 2939 2881
f 2960 2959 2972
f 2995 2937 2998
f 2982 2925 2983
f 2877 2876 2978
f 2987 2995 2958
f 2994 3004 2973
f 2935 2895 3003
f 2972 2971 2992
f 2896 2898 3000
f 2959 2933 2972
f 2922 3005 2923
f 2990 2986 2991
f 3004 2994 2944
f 3007 3008 2992
f 2979 2917 3004
f 2965 2954 2953
f 2966 2965 2953
f 2941 2998 2934
f 2971 3007 2992
f 3009 3010 2926
f 3004 2963 2979
f 3004 2917 2973
f 2936 2967 2963
f 3007 2971 3011
f 2982 2984 3009
f 2952 2951 2938
f 2971 2948 2956
f 2876 3003 2978
f 2981 2998 2942
f 2924 2929 2997
f 2948 2971 2933
f 3004 2944 2963
f 2908 2936 2963
f 2987 2958 2957
f 2964 2936 2965
f 2925 2927 3012
f 2876 2931 3013
f 2973 2981 2994
f 2956 3011 2971
f 2926 2982 3009
f 2911 2889 2941
f 2961 2993 2959
f 2918 2957 2916
f 2976 2961 2974
f 3014 3011 2956
f 2993 2961 2976
f 2965 2936 2954
f 3006 3014 2956
f 2968 2954 2936
f 2944 2994 2885
f 2936 2935 2968
f 2969 2968 2980
f 3006 3016 3014
f 2914 2930 3017
f 2994 2942 2886
f 2954 2968 2970
f 2954 2970 2955
f 2958 2981 2916
f 2989 2921 2896
f 2895 2890 2978
f 2897 2931 2876
f 2981 2995 2998
f 2941 2942 2998
f 2889 2886 2942
f 2983 2955 2970
f 3015 2925 2950
f 2926 3019 2927
f 2896 3000 2989
f 2996 2934 2998
f 3003 2999 2968
f 2970 2984 2983
f 3015 2983 2925
f 2934 2996 2883
f 3003 3013 2999
f 2968 2999 2980
f 2876 3013 3003
f 2986 2990 2987
f 3012 2950 2925
f 2931 2999 3013
f 2938 2937 2990
f 2881 2883 2996
f 2920 3009 2984
f 2882 2911 2941
f 2970 2988 2984
f 2952 2938 2990
f 2946 2881 2939
f 2999 2931 2932
f 3003 2895 2978
f 2925 2982 2926
f 2907 2915 2901
f 3002 2988 2969
f 2969 2980 3002
f 3005 2945 2923
f 3005 3012 2927
f 3002 2921 2988
f 3005 2927 2945
f 2988 2921 2920
f 2921 3002 2896
f 3019 2926 3010
f 2945 2927 3019
f 2924 2945 2928
f 3017 2928 2945
f 3019 3020 2945
f 2910 2940 2915
f 3020 3017 2945
f 3017 2930 2928
f 2904 2949 2911
f 2914 3017 3018
f 3021 3018 3017
f 3018 3021 3022
f 2977 2921 2989
f 2906 2943 2907
f 2902 2949 2904
f 3026 3027 3028
f 3029 3030 3031
f 3030 3033 3034
f 3036 3037 3038
f 3037 3036 3041
f 3028 3027 3042
f 3043 3041 3044
f 3027 3026 3045
f 3046 3027 3047
f 3041 3048 3049
f 3050 3034 3051
f 3037 3026 3028
f 3038 3028 3042
f 3049 3024 3052
f 3048 3033 3029
f 3053 3029 3054
f 3026 3055 3056
f 3023 3048 3053
f 3030 3025 3031
f 3033 3030 3029
f 3033 3057 3034
f 3035 3030 3039
f 3059 3039 3060
f 3024 3049 3048
f 3048 3036 3033
f 3034 3057 3051
f 3028 3038 3037
f 3024 3048 3023
f 3024 3032 3052
f 3026 3056 3045
f 3039 3059 3040
f 3048 3041 3036
f 3025 3030 3058
f 3061 3044 3062
f 3051 3057 3063
f 3029 3053 3048
f 3037 3043 3026
f 3054 3029 3031
f 3052 3041 3049
f 3058 3030 3035
f 3034 3050 3030
f 3062 3044 3064
f 3032 3044 3052
f 3042 3027 3046
f 3037 3041 3043
f 3047 3027 3045
f 3039 3030 3060
f 3055 3026 3065
f 3044 3032 3064
f 3026 3066 3065
f 3067 3036 3038
f 3060 3030 3050
f 3044 3041 3052
f 3063 3057 3046
f 3046 3057 3042
f 3057 3067 3042
f 3042 3067 3038
f 3033 3067 3057
f 3067 3033 3036
f 3068 3069 3070
f 3071 3072 3073
f 3070 3074 3068
f 3072 3071 3075
f 3075 3069 3068
f 3076 3077 3074
f 3078 3079 3080
f 3081 3080 3082
f 3080 3069 3082
f 3083 3084 3085
f 3086 3071 3087
f 3088 3089 3084
f 3090 3091 3092
f 3084 3089 3093
f 3094 3095 3096
f 3097 3098 3091
f 3089 3099 3100
f 3101 3102 3103
f 3104 3105 3106
f 3071 3107 3108
f 3087 3109 3086
f 3109 3110 3111
f 3108 3087 3071
f 3113 3085 3100
f 3115 3116 3117
f 3118 3119 3120
f 3115 3087 3108
f 3093 3100 3085
f 3121 3122 3104
f 3102 3101 3124
f 3081 3125 3098
f 3099 3089 3126
f 3090 3102 3097
f 3105 3104 3110
f 3094 3096 3129
f 3096 3092 3091
f 3131 3132 3133
f 3097 3102 3124
f 3134 3133 3107
f 3101 3135 3078
f 3071 3073 3134
f 3136 3087 3115
f 3105 3115 3117
f 3100 3099 3086
f 3122 3130 3104
f 3136 3110 3109
f 3117 3114 3121
f 3108 3107 3116
f 3136 3109 3087
f 3125 3081 3082
f 3130 3123 3118
f 3137 3112 3138
f 3086 3094 3129
f 3091 3098 3125
f 3111 3110 3104
f 3139 3127 3140
f 3105 3117 3106
f 3112 3083 3138
f 3118 3111 3130
f 3083 3085 3138
f 3113 3138 3085
f 3086 3129 3075
f 3075 3071 3086
f 3141 3117 3116
f 3124 3081 3098
f 3142 3082 3069
f 3117 3121 3106
f 3141 3127 3114
f 3132 3107 3133
f 3132 3131 3139
f 3114 3117 3141
f 3120 3111 3118
f 3140 3127 3143
f 3119 3118 3137
f 3109 3120 3100
f 3104 3130 3111
f 3141 3143 3127
f 3100 3119 3113
f 3100 3086 3109
f 3144 3095 3099
f 3139 3128 3127
f 3085 3084 3093
f 3121 3104 3106
f 3126 3089 3088
f 3126 3144 3099
f 3145 3078 3135
f 3102 3090 3103
f 3098 3097 3124
f 3120 3109 3111
f 3140 3132 3139
f 3143 3107 3132
f 3143 3141 3116
f 3120 3119 3100
f 3079 3078 3145
f 3142 3129 3125
f 3069 3129 3142
f 3116 3107 3143
f 3093 3089 3100
f 3118 3112 3137
f 3125 3129 3091
f 3116 3115 3108
f 3110 3136 3105
f 3113 3119 3137
f 3101 3081 3124
f 3095 3094 3099
f 3107 3071 3134
f 3132 3140 3143
f 3094 3086 3099
f 3115 3105 3136
f 3129 3069 3075
f 3138 3113 3137
f 3091 3090 3097
f 3112 3118 3123
f 3096 3091 3129
f 3082 3142 3125
f 3081 3101 3080
f 3078 3080 3101
f 3079 3069 3080
f 3072 3075 3068
f 3074 3072 3068
f 3074 3077 3072
f 3074 3070 3076
f 3073 3072 3077
f 3146 3147 3148
f 3149 3150 3151
f 3150 3152 3151
f 3153 3154 3155
f 3156 3157 3158
f 3159 3160 3161
f 3162 3163 3164
f 3155 3165 3153
f 3166 3167 3168
f 3169 3170 3171
f 3172 3173 3174
f 3175 3159 3176
f 3180 3181 3150
f 3161 3165 3181
f 3156 3184 3177
f 3155 3167 3181
f 3185 3186 3187
f 3188 3189 3190
f 3174 3164 3163
f 3167 3193 3194
f 3195 3171 3170
f 3196 3197 3198
f 3199 3181 3200
f 3158 3157 3201
f 3202 3152 3203
f 3156 3194 3184
f 3189 3188 3204
f 3158 3168 3194
f 3205 3172 3206
f 3160 3207 3165
f 3208 3202 3209
f 3150 3181 3185
f 3176 3169 3175
f 3202 3210 3211
f 3212 3213 3214
f 3215 3151 3152
f 3166 3187 3186
f 3216 3159 3175
f 3173 3172 3195
f 3213 3217 3214
f 3190 3218 3188
f 3183 3205 3182
f 3220 3146 3178
f 3200 3162 3164
f 3183 3172 3205
f 3154 3193 3221
f 3165 3161 3160
f 3181 3180 3222
f 3223 3185 3187
f 3214 3172 3174
f 3219 3210 3224
f 3168 3158 3201
f 3159 3147 3160
f 3147 3146 3207
f 3207 3146 3153
f 3150 3185 3223
f 3165 3155 3181
f 3225 3202 3208
f 3206 3172 3214
f 3176 3161 3199
f 3209 3203 3187
f 3225 3157 3156
f 3203 3223 3187
f 3225 3197 3226
f 3227 3218 3190
f 3205 3218 3227
f 3162 3213 3212
f 3209 3201 3208
f 3168 3167 3194
f 3226 3197 3196
f 3215 3211 3228
f 3173 3195 3170
f 3181 3229 3186
f 3193 3220 3177
f 3154 3221 3155
f 3181 3162 3200
f 3203 3152 3223
f 3202 3226 3224
f 3185 3181 3186
f 3192 3195 3191
f 3194 3156 3158
f 3214 3174 3212
f 3167 3155 3221
f 3217 3213 3204
f 3152 3202 3215
f 3146 3154 3153
f 3225 3226 3202
f 3230 3149 3228
f 3202 3211 3215
f 3222 3162 3181
f 3231 3227 3190
f 3174 3163 3212
f 3182 3205 3227
f 3166 3201 3187
f 3164 3174 3173
f 3171 3192 3216
f 3163 3162 3212
f 3147 3207 3160
f 3229 3181 3167
f 3228 3149 3151
f 3177 3179 3156
f 3170 3164 3173
f 3220 3193 3154
f 3166 3229 3167
f 3213 3222 3204
f 3152 3150 3223
f 3192 3171 3195
f 3164 3170 3200
f 3151 3215 3228
f 3206 3214 3217
f 3170 3199 3200
f 3154 3146 3220
f 3194 3193 3184
f 3226 3196 3224
f 3191 3195 3183
f 3161 3176 3159
f 3169 3199 3170
f 3147 3216 3148
f 3148 3216 3192
f 3202 3203 3209
f 3146 3148 3178
f 3156 3179 3198
f 3206 3218 3205
f 3217 3188 3218
f 3201 3157 3208
f 3188 3217 3204
f 3166 3168 3201
f 3159 3216 3147
f 3149 3180 3150
f 3171 3175 3169
f 3210 3202 3224
f 3198 3225 3156
f 3157 3225 3208
f 3169 3176 3199
f 3195 3172 3183
f 3161 3181 3199
f 3193 3167 3221
f 3213 3162 3222
f 3186 3229 3166
f 3171 3216 3175
f 3184 3193 3177
f 3198 3197 3225
f 3218 3206 3217
f 3165 3207 3153
f 3201 3209 3187
f 3219 3224 3196
f 3232 3233 3234
f 3235 3233 3232
f 3238 3239 3235
f 3238 3240 3239
f 3239 3233 3235
f 3241 3239 3240
f 3242 3243 3244
f 3244 3243 3245
f 3246 3236 3237
f 3238 3248 3240
f 3249 3243 3242
f 3232 3247 3250
f 3232 3250 3235
f 3251 3245 3233
f 3247 3232 3249
f 3236 3250 3247
f 3232 3243 3249
f 3235 3250 3252
f 3252 3238 3235
f 3246 3248 3238
f 3238 3236 3246
f 3245 3251 3244
f 3233 3239 3251
f 3245 3243 3234
f 3234 3233 3245
f 3250 3236 3252
f 3252 3236 3238
f 3243 3232 3234
f 3253 3254 3255
f 3256 3257 3254
f 3258 3259 3260
f 3261 3253 3262
f 3263 3264 3265
f 3266 3261 3262
f 3267 3268 3269
f 3262 3255 3270
f 3261 3271 3272
f 3273 3260 3274
f 3263 3261 3266
f 3271 3261 3275
f 3253 3261 3276
f 3258 3269 3277
f 3275 3261 3278
f 3256 3254 3253
f 3279 3280 3281
f 3282 3279 3283
f 3265 3261 3263
f 3284 3279 3281
f 3261 3265 3278
f 3286 3287 3288
f 3260 3259 3274
f 3264 3291 3273
f 3292 3293 3294
f 3277 3259 3258
f 3291 3262 3270
f 3293 3295 3294
f 3260 3273 3291
f 3277 3269 3292
f 3296 3297 3293
f 3295 3283 3284
f 3269 3258 3267
f 3256 3276 3298
f 3289 3282 3283
f 3298 3257 3256
f 3291 3270 3260
f 3299 3290 3283
f 3288 3287 3284
f 3265 3300 3278
f 3301 3255 3254
f 3302 3268 3296
f 3264 3263 3291
f 3294 3295 3284
f 3259 3277 3287
f 3258 3301 3267
f 3297 3299 3295
f 3303 3292 3269
f 3284 3287 3294
f 3301 3257 3267
f 3262 3291 3266
f 3295 3293 3297
f 3286 3304 3287
f 3302 3293 3292
f 3269 3268 3303
f 3276 3256 3253
f 3305 3267 3257
f 3290 3289 3283
f 3255 3262 3253
f 3301 3270 3255
f 3303 3302 3292
f 3299 3283 3295
f 3281 3288 3284
f 3291 3263 3266
f 3260 3270 3301
f 3296 3293 3302
f 3268 3302 3303
f 3257 3301 3254
f 3292 3287 3277
f 3294 3287 3292
f 3283 3279 3284
f 3279 3285 3280
f 3267 3305 3268
f 3301 3258 3260
f 3285 3279 3282
f 3304 3259 3287
f 3306 3307 3308
f 3309 3310 3311
f 3312 3313 3314
f 3314 3315 3316
f 3317 3318 3319
f 3315 3320 3316
f 3316 3321 3314
f 3312 3322 3323
f 3324 3320 3325
f 3326 3319 3327
f 3328 3329 3330
f 3328 3331 3329
f 3332 3333 3321
f 3324 3325 3334
f 3320 3324 3316
f 3321 3316 3332
f 3335 3322 3336
f 3337 3333 3338
f 3324 3334 3339
f 3332 3316 3340
f 3341 3342 3339
f 3322 3343 3336
f 3344 3322 3312
f 3342 3331 3328
f 3345 3324 3339
f 3346 3332 3340
f 3347 3345 3339
f 3339 3342 3347
f 3348 3349 3343
f 3349 3350 3351
f 3333 3332 3338
f 3324 3345 3352
f 3352 3340 3324
f 3345 3353 3352
f 3347 3353 3345
f 3342 3341 3331
f 3348 3350 3349
f 3346 3355 3338
f 3355 3346 3352
f 3352 3353 3354
f 3338 3356 3337
f 3338 3357 3358
f 3354 3306 3352
f 3317 3359 3318
f 3356 3360 3344
f 3355 3352 3306
f 3307 3306 3354
f 3307 3354 3361
f 3358 3311 3356
f 3309 3311 3358
f 3363 3364 3311
f 3333 3344 3312
f 3367 3368 3369
f 3371 3372 3308
f 3371 3366 3372
f 3371 3374 3366
f 3375 3376 3377
f 3311 3364 3360
f 3362 3308 3372
f 3379 3380 3381
f 3382 3374 3371
f 3379 3383 3384
f 3356 3311 3360
f 3341 3339 3334
f 3355 3357 3338
f 3322 3344 3360
f 3356 3338 3358
f 3314 3333 3312
f 3365 3308 3307
f 3386 3387 3384
f 3360 3364 3348
f 3348 3343 3360
f 3386 3384 3383
f 3383 3379 3388
f 3389 3343 3349
f 3390 3391 3392
f 3336 3389 3390
f 3335 3336 3390
f 3335 3393 3394
f 3390 3393 3335
f 3385 3382 3371
f 3379 3395 3388
f 3387 3386 3392
f 3396 3392 3386
f 3397 3392 3396
f 3389 3351 3391
f 3392 3397 3390
f 3388 3396 3386
f 3397 3398 3393
f 3389 3391 3390
f 3399 3377 3376
f 3397 3400 3401
f 3402 3393 3398
f 3395 3403 3400
f 3395 3377 3403
f 3404 3398 3401
f 3399 3403 3377
f 3381 3395 3379
f 3395 3381 3377
f 3402 3398 3404
f 3397 3396 3400
f 3399 3405 3403
f 3343 3389 3336
f 3388 3395 3396
f 3335 3394 3323
f 3395 3400 3396
f 3401 3400 3406
f 3401 3398 3397
f 3393 3390 3397
f 3376 3405 3399
f 3403 3405 3400
f 3377 3381 3375
f 3389 3349 3351
f 3381 3380 3367
f 3406 3407 3408
f 3408 3405 3376
f 3394 3393 3402
f 3313 3323 3394
f 3332 3346 3338
f 3392 3391 3387
f 3367 3375 3381
f 3406 3405 3407
f 3400 3405 3406
f 3405 3408 3407
f 3316 3324 3340
f 3337 3356 3344
f 3362 3372 3366
f 3352 3346 3340
f 3335 3323 3322
f 3378 3363 3311
f 3333 3337 3344
f 3369 3375 3367
f 3383 3388 3386
f 3367 3380 3409
f 3326 3327 3330
f 3308 3370 3371
f 3361 3365 3307
f 3410 3368 3409
f 3385 3371 3370
f 3310 3378 3311
f 3369 3376 3375
f 3313 3312 3323
f 3314 3321 3333
f 3317 3373 3359
f 3322 3360 3343
f 3409 3368 3367
f 3411 3412 3413
f 3415 3416 3417
f 3418 3419 3420
f 3421 3412 3422
f 3420 3424 3418
f 3425 3412 3426
f 3415 3427 3428
f 3429 3430 3416
f 3416 3415 3431
f 3432 3433 3434
f 3436 3437 3438
f 3439 3440 3418
f 3441 3427 3442
f 3443 3413 3412
f 3445 3446 3426
f 3439 3447 3448
f 3449 3450 3451
f 3452 3442 3417
f 3417 3442 3415
f 3453 3449 3451
f 3454 3455 3456
f 3426 3457 3425
f 3458 3433 3432
f 3418 3424 3439
f 3423 3449 3459
f 3445 3426 3411
f 3440 3439 3446
f 3460 3461 3430
f 3449 3453 3459
f 3424 3463 3447
f 3452 3434 3433
f 3426 3465 3457
f 3427 3441 3443
f 3463 3466 3447
f 3448 3446 3439
f 3467 3462 3468
f 3422 3428 3421
f 3448 3466 3465
f 3465 3446 3448
f 3455 3470 3440
f 3430 3417 3416
f 3447 3466 3448
f 3412 3436 3422
f 3447 3439 3424
f 3449 3423 3450
f 3465 3426 3446
f 3445 3440 3446
f 3428 3431 3415
f 3431 3471 3416
f 3411 3426 3412
f 3452 3458 3472
f 3425 3436 3412
f 3411 3455 3445
f 3440 3445 3455
f 3440 3470 3418
f 3473 3474 3438
f 3461 3460 3467
f 3456 3411 3413
f 3455 3411 3456
f 3419 3418 3470
f 3475 3476 3456
f 3412 3421 3443
f 3474 3436 3438
f 3413 3475 3456
f 3455 3454 3470
f 3477 3430 3429
f 3451 3478 3479
f 3474 3473 3422
f 3436 3474 3422
f 3475 3413 3458
f 3456 3476 3454
f 3423 3459 3464
f 3453 3479 3473
f 3473 3479 3422
f 3472 3458 3413
f 3458 3480 3475
f 3476 3475 3480
f 3477 3481 3435
f 3437 3436 3425
f 3471 3428 3478
f 3451 3479 3453
f 3478 3422 3479
f 3413 3443 3441
f 3441 3472 3413
f 3441 3442 3472
f 3422 3478 3428
f 3421 3428 3443
f 3451 3450 3471
f 3444 3450 3423
f 3478 3451 3471
f 3427 3443 3428
f 3472 3442 3452
f 3458 3452 3433
f 3471 3450 3429
f 3450 3444 3429
f 3427 3415 3442
f 3471 3429 3416
f 3429 3444 3481
f 3471 3431 3428
f 3434 3452 3417
f 3481 3477 3429
f 3417 3430 3434
f 3430 3432 3434
f 3435 3414 3477
f 3414 3430 3477
f 3430 3414 3460
f 3469 3460 3414
f 3469 3462 3460
f 3460 3462 3467
f 3468 3462 3482
f 3484 3483 3485
f 3486 3485 3483
f 3487 3488 3489
f 3490 3491 3492
f 3493 3494 3495
f 3496 3497 3498
f 3499 3500 3501
f 3488 3502 3503
f 3496 3504 3505
f 3506 3507 3508
f 3499 3509 3503
f 3507 3504 3508
f 3510 3511 3512
f 3500 3491 3490
f 3513 3514 3492
f 3515 3516 3492
f 3496 3503 3497
f 3517 3504 3518
f 3501 3500 3490
f 3495 3494 3519
f 3500 3503 3496
f 3514 3506 3520
f 3521 3487 3489
f 3522 3508 3517
f 3513 3505 3507
f 3506 3508 3511
f 3493 3498 3497
f 3507 3505 3504
f 3513 3491 3505
f 3523 3501 3490
f 3487 3502 3488
f 3508 3512 3511
f 3513 3492 3491
f 3522 3524 3508
f 3502 3493 3497
f 3504 3517 3508
f 3496 3505 3491
f 3506 3511 3510
f 3508 3524 3512
f 3509 3488 3503
f 3507 3506 3513
f 3510 3520 3506
f 3525 3526 3519
f 3487 3494 3493
f 3514 3513 3506
f 3523 3492 3516
f 3518 3504 3496
f 3498 3495 3518
f 3502 3497 3503
f 3523 3490 3492
f 3500 3499 3503
f 3496 3491 3500
f 3495 3498 3493
f 3526 3495 3519
f 3498 3518 3496
f 3521 3494 3487
f 3521 3519 3494
f 3521 3525 3519
f 3487 3493 3502
f 3514 3527 3492
f 3528 3529 3501
f 3530 3531 3532
f 3533 3534 3535
f 3531 3536 3532
f 3492 3527 3537
f 3538 3539 3531
f 3540 3524 3541
f 3530 3542 3543
f 3515 3492 3537
f 3545 3540 3546
f 3534 3547 3548
f 3524 3540 3512
f 3531 3530 3543
f 3549 3546 3540
f 3550 3533 3551
f 3536 3544 3552
f 3541 3539 3553
f 3548 3532 3536
f 3543 3542 3553
f 3536 3554 3548
f 3520 3510 3545
f 3535 3534 3548
f 3554 3555 3535
f 3554 3552 3555
f 3553 3549 3541
f 3540 3541 3549
f 3554 3535 3548
f 3520 3545 3514
f 3531 3544 3536
f 3542 3546 3549
f 3539 3538 3553
f 3549 3553 3542
f 3543 3538 3531
f 3550 3551 3555
f 3553 3538 3543
f 3551 3533 3535
f 3537 3527 3556
f 3556 3542 3530
f 3535 3555 3551
f 3545 3512 3540
f 3512 3545 3510
f 3556 3557 3546
f 3557 3514 3545
f 3556 3546 3542
f 3557 3556 3527
f 3527 3514 3557
f 3545 3546 3557
f 3552 3554 3536
f 3548 3547 3532
f 3547 3530 3532
f 3531 3539 3544
f 3517 3518 3495
f 3523 3516 3558
f 3537 3556 3559
f 3516 3515 3558
f 3515 3537 3559
f 3530 3547 3560
f 3530 3559 3556
f 3528 3501 3523
f 3530 3560 3559
f 3565 3566 3567
f 3567 3569 3565
f 3569 3567 3570
f 3571 3568 3566
f 3566 3568 3567
f 3564 3568 3571
f 3571 3566 3564
f 3572 3573 3574
f 3566 3573 3562
f 3563 3573 3572
f 3566 3562 3561
f 3567 3568 3570
f 3568 3575 3570
f 3569 3576 3565
f 3563 3562 3573
f 3577 3565 3576
f 3570 3578 3569
f 3578 3579 3569
f 3579 3580 3576
f 3576 3581 3577
f 3581 3582 3577
f 3577 3582 3583
f 3564 3566 3561
f 3575 3578 3570
f 3576 3569 3579
f 3581 3576 3580
f 3584 3585 3586
f 3587 3588 3585
f 3584 3589 3590
f 3591 3592 3593
f 3594 3590 3589
f 3586 3585 3588
f 3595 3589 3584
f 3595 3586 3596
f 3594 3597 3598
f 3593 3599 3591
f 3589 3600 3594
f 3589 3595 3601
f 3602 3603 3604
f 3593 3592 3605
f 3597 3594 3600
f 3601 3600 3589
f 3590 3606 3607
f 3599 3597 3608
f 3600 3601 3609
f 3601 3610 3611
f 3611 3609 3601
f 3587 3612 3613
f 3614 3615 3616
f 3590 3585 3584
f 3604 3617 3618
f 3600 3608 3597
f 3586 3588 3596
f 3585 3590 3607
f 3607 3606 3617
f 3598 3606 3594
f 3623 3624 3625
f 3607 3603 3585
f 3598 3626 3617
f 3627 3628 3629
f 3612 3587 3630
f 3631 3619 3626
f 3632 3624 3633
f 3627 3634 3635
f 3624 3636 3611
f 3629 3628 3637
f 3624 3627 3633
f 3629 3638 3639
f 3640 3641 3642
f 3643 3627 3624
f 3627 3644 3633
f 3632 3645 3640
f 3624 3610 3596
f 3646 3647 3648
f 3649 3588 3587
f 3637 3638 3629
f 3642 3624 3640
f 3645 3632 3650
f 3610 3624 3611
f 3617 3604 3607
f 3640 3624 3632
f 3651 3652 3635
f 3652 3653 3654
f 3618 3617 3626
f 3652 3651 3653
f 3654 3655 3652
f 3587 3656 3649
f 3631 3598 3593
f 3645 3641 3640
f 3630 3585 3603
f 3604 3603 3607
f 3626 3598 3631
f 3604 3618 3658
f 3608 3600 3609
f 3658 3602 3604
f 3659 3658 3618
f 3630 3602 3614
f 3620 3659 3621
f 3618 3622 3621
f 3647 3620 3660
f 3614 3612 3630
f 3616 3661 3662
f 3602 3630 3603
f 3658 3659 3646
f 3616 3612 3614
f 3663 3647 3660
f 3615 3614 3648
f 3656 3623 3649
f 3664 3661 3615
f 3662 3665 3612
f 3648 3614 3646
f 3661 3616 3615
f 3620 3647 3659
f 3633 3655 3632
f 3634 3629 3639
f 3612 3616 3662
f 3597 3599 3593
f 3647 3646 3659
f 3613 3656 3587
f 3614 3602 3646
f 3662 3661 3666
f 3644 3652 3655
f 3585 3630 3587
f 3609 3611 3636
f 3626 3619 3622
f 3661 3667 3666
f 3634 3627 3629
f 3596 3610 3595
f 3623 3588 3649
f 3612 3665 3613
f 3648 3664 3615
f 3668 3661 3664
f 3621 3659 3618
f 3590 3594 3606
f 3605 3631 3593
f 3617 3606 3598
f 3635 3634 3651
f 3626 3622 3618
f 3655 3650 3632
f 3655 3633 3644
f 3586 3595 3584
f 3664 3648 3647
f 3597 3593 3598
f 3655 3654 3650
f 3668 3664 3657
f 3646 3602 3658
f 3595 3610 3601
f 3657 3664 3663
f 3636 3624 3642
f 3647 3663 3664
f 3661 3668 3667
f 3652 3644 3635
f 3588 3625 3624
f 3644 3627 3635
f 3588 3624 3596
f 3634 3639 3651
f 3588 3623 3625
f 3643 3624 3623
f 3669 3670 3671
f 3671 3670 3672
f 3677 3676 3670
f 3669 3678 3670
f 3670 3678 3677
f 3676 3673 3670
f 3673 3672 3670
f 3679 3680 3674
f 3675 3671 3672
f 3680 3675 3674
f 3681 3682 3683
f 3684 3683 3682
f 3685 3684 3682
f 3682 3686 3685
f 3687 3688 3689
f 3690 3685 3686
f 3685 3691 3692
f 3693 3690 3686
f 3694 3689 3688
f 3695 3691 3696
f 3688 3687 3697
f 3696 3698 3695
f 3698 3701 3702
f 3698 3703 3700
f 3704 3703 3705
f 3704 3699 3700
f 3690 3691 3685
f 3698 3702 3703
f 3689 3706 3687
f 3707 3708 3709
f 3710 3711 3712
f 3713 3712 3714
f 3715 3716 3717
f 3719 3707 3720
f 3683 3721 3681
f 3712 3713 3710
f 3724 3725 3714
f 3723 3726 3727
f 3728 3729 3716
f 3728 3730 3731
f 3732 3725 3724
f 3733 3714 3734
f 3687 3708 3737
f 3719 3720 3739
f 3729 3728 3720
f 3696 3701 3698
f 3740 3691 3690
f 3693 3689 3694
f 3703 3704 3700
f 3741 3730 3716
f 3742 3743 3744
f 3740 3696 3691
f 3715 3741 3716
f 3721 3717 3716
f 3716 3729 3745
f 3731 3730 3746
f 3728 3716 3730
f 3724 3714 3733
f 3748 3749 3743
f 3729 3720 3745
f 3716 3745 3751
f 3740 3690 3693
f 3737 3708 3752
f 3745 3720 3707
f 3737 3754 3687
f 3755 3715 3717
f 3740 3693 3701
f 3692 3691 3695
f 3751 3745 3681
f 3755 3723 3727
f 3714 3725 3713
f 3727 3711 3755
f 3756 3757 3758
f 3718 3755 3717
f 3745 3686 3681
f 3709 3708 3687
f 3711 3710 3715
f 3710 3741 3715
f 3701 3696 3740
f 3713 3753 3741
f 3728 3739 3720
f 3710 3713 3741
f 3723 3755 3718
f 3721 3716 3751
f 3683 3722 3721
f 3727 3712 3711
f 3727 3726 3759
f 3707 3709 3745
f 3707 3719 3752
f 3758 3714 3712
f 3708 3707 3752
f 3759 3760 3727
f 3760 3758 3712
f 3709 3687 3706
f 3759 3756 3760
f 3717 3721 3722
f 3758 3734 3714
f 3693 3686 3689
f 3686 3682 3681
f 3754 3697 3687
f 3709 3706 3745
f 3706 3689 3686
f 3686 3745 3706
f 3760 3756 3758
f 3734 3758 3757
f 3733 3734 3761
f 3681 3721 3751
f 3711 3715 3755
f 3736 3762 3735
f 3750 3748 3743
f 3727 3760 3712
f 3699 3704 3738
f 3764 3742 3744
f 3704 3763 3738
f 3764 3762 3742
f 3763 3704 3705
f 3736 3747 3762
f 3749 3744 3743
f 3705 3749 3763
f 3705 3744 3749
f 3743 3742 3750
f 3750 3742 3762
f 3747 3750 3762
f 3765 3754 3737
f 3766 3767 3768
f 3769 3770 3771
f 3772 3773 3770
f 3777 3770 3773
f 3779 3780 3781
f 3780 3779 3782
f 3773 3783 3777
f 3784 3785 3786
f 3785 3784 3787
f 3786 3767 3784
f 3784 3788 3787
f 3779 3786 3785
f 3767 3788 3784
f 3789 3790 3791
f 3792 3774 3793
f 3793 3775 3777
f 3794 3773 3795
f 3782 3779 3798
f 3792 3800 3774
f 3798 3795 3782
f 3783 3801 3792
f 3800 3792 3802
f 3795 3798 3803
f 3801 3804 3792
f 3805 3789 3791
f 3803 3806 3801
f 3776 3807 3769
f 3808 3809 3798
f 3767 3766 3799
f 3806 3804 3801
f 3770 3807 3772
f 3810 3811 3812
f 3809 3813 3803
f 3805 3780 3814
f 3815 3804 3806
f 3795 3803 3801
f 3806 3813 3815
f 3809 3817 3813
f 3818 3819 3820
f 3821 3767 3818
f 3822 3818 3820
f 3805 3823 3824
f 3825 3826 3779
f 3828 3779 3781
f 3786 3768 3767
f 3783 3773 3794
f 3829 3779 3785
f 3801 3794 3795
f 3779 3829 3831
f 3830 3819 3767
f 3807 3770 3832
f 3829 3785 3787
f 3821 3818 3822
f 3833 3816 3766
f 3825 3779 3831
f 3816 3834 3827
f 3816 3833 3834
f 3834 3835 3796
f 3780 3805 3824
f 3792 3777 3783
f 3836 3782 3795
f 3798 3779 3808
f 3826 3809 3808
f 3799 3830 3767
f 3767 3819 3818
f 3779 3826 3808
f 3788 3829 3787
f 3817 3826 3813
f 3832 3770 3769
f 3786 3833 3768
f 3834 3786 3812
f 3812 3786 3810
f 3835 3789 3797
f 3790 3812 3811
f 3791 3790 3823
f 3811 3823 3790
f 3811 3810 3837
f 3778 3774 3800
f 3836 3795 3773
f 3807 3776 3789
f 3823 3811 3837
f 3780 3824 3781
f 3769 3807 3832
f 3792 3793 3777
f 3792 3804 3802
f 3813 3806 3803
f 3810 3786 3828
f 3835 3834 3812
f 3790 3789 3812
f 3837 3781 3824
f 3789 3776 3797
f 3786 3834 3833
f 3770 3777 3771
f 3789 3835 3812
f 3786 3779 3828
f 3781 3837 3828
f 3836 3814 3780
f 3771 3777 3775
f 3772 3814 3836
f 3826 3817 3809
f 3823 3805 3791
f 3796 3835 3797
f 3768 3833 3766
f 3773 3772 3836
f 3774 3775 3793
f 3801 3783 3794
f 3837 3810 3828
f 3782 3836 3780
f 3837 3824 3823
f 3807 3789 3805
f 3814 3807 3805
f 3807 3814 3772
f 3809 3803 3798
f 3827 3834 3796
f 3838 3839 3840
f 3843 3844 3845
f 3843 3846 3847
f 3841 3848 3849
f 3850 3851 3852
f 3853 3854 3855
f 3856 3857 3858
f 3859 3860 3861
f 3864 3855 3860
f 3865 3866 3867
f 3868 3869 3870
f 3864 3873 3874
f 3870 3875 3876
f 3877 3878 3879
f 3883 3884 3885
f 3886 3887 3888
f 3884 3890 3888
f 3891 3892 3884
f 3879 3893 3877
f 3861 3865 3859
f 3894 3895 3896
f 3897 3894 3848
f 3898 3899 3900
f 3901 3902 3903
f 3904 3905 3906
f 3906 3907 3904
f 3908 3909 3864
f 3876 3910 3870
f 3911 3912 3913
f 3899 3914 3900
f 3915 3916 3880
f 3864 3860 3908
f 3879 3917 3893
f 3886 3888 3918
f 3851 3874 3919
f 3918 3890 3870
f 3889 3920 3921
f 3922 3923 3906
f 3924 3925 3899
f 3894 3926 3840
f 3928 3866 3896
f 3930 3882 3864
f 3931 3897 3932
f 3886 3933 3913
f 3864 3882 3855
f 3854 3853 3934
f 3935 3908 3860
f 3841 3842 3848
f 3936 3930 3937
f 3938 3914 3939
f 3884 3887 3885
f 3865 3935 3859
f 3915 3936 3940
f 3865 3867 3939
f 3896 3849 3848
f 3920 3889 3872
f 3874 3930 3864
f 3941 3873 3864
f 3922 3942 3943
f 3851 3937 3930
f 3919 3873 3941
f 3944 3890 3892
f 3851 3930 3874
f 3901 3945 3946
f 3917 3909 3893
f 3914 3925 3947
f 3948 3875 3870
f 3891 3884 3949
f 3904 3907 3950
f 3845 3951 3902
f 3860 3854 3861
f 3916 3921 3920
f 3901 3916 3945
f 3952 3935 3865
f 3918 3888 3890
f 3869 3868 3858
f 3849 3861 3854
f 3864 3909 3941
f 3933 3886 3918
f 3881 3880 3916
f 3935 3860 3859
f 3912 3954 3913
f 3938 3867 3928
f 3954 3902 3901
f 3942 3850 3852
f 3858 3907 3955
f 3866 3928 3867
f 3952 3956 3878
f 3894 3896 3848
f 3887 3886 3954
f 3849 3896 3861
f 3892 3890 3884
f 3899 3925 3914
f 3955 3906 3923
f 3943 3942 3852
f 3949 3960 3905
f 3906 3905 3942
f 3911 3933 3962
f 3919 3852 3851
f 3949 3904 3950
f 3945 3915 3940
f 3963 3959 3844
f 3915 3863 3936
f 3840 3928 3895
f 3916 3901 3903
f 3860 3855 3854
f 3887 3954 3946
f 3861 3896 3866
f 3911 3913 3933
f 3951 3964 3902
f 3913 3954 3886
f 3933 3910 3965
f 3947 3952 3865
f 3915 3945 3916
f 3958 3951 3844
f 3870 3890 3944
f 3966 3967 3924
f 3961 3843 3847
f 3869 3948 3870
f 3968 3963 3844
f 3946 3954 3901
f 3957 3951 3958
f 3919 3874 3873
f 3897 3848 3842
f 3956 3952 3969
f 3942 3970 3850
f 3850 3960 3937
f 3959 3958 3844
f 3909 3971 3941
f 3933 3918 3910
f 3946 3945 3885
f 3902 3927 3903
f 3933 3965 3972
f 3888 3887 3884
f 3917 3971 3909
f 3949 3883 3937
f 3968 3844 3961
f 3929 3838 3926
f 3951 3845 3844
f 3960 3850 3970
f 3891 3950 3907
f 3930 3936 3862
f 3912 3911 3843
f 3846 3843 3911
f 3887 3946 3885
f 3940 3936 3937
f 3840 3926 3838
f 3949 3937 3960
f 3892 3858 3944
f 3927 3916 3903
f 3928 3840 3898
f 3900 3938 3898
f 3845 3912 3843
f 3905 3904 3949
f 3868 3944 3858
f 3932 3897 3842
f 3871 3849 3934
f 3953 3964 3951
f 3950 3891 3949
f 3867 3938 3939
f 3882 3930 3862
f 3927 3921 3916
f 3849 3871 3841
f 3918 3870 3910
f 3905 3960 3970
f 3849 3854 3934
f 3952 3925 3969
f 3928 3898 3938
f 3931 3894 3897
f 3951 3957 3953
f 3852 3941 3971
f 3883 3949 3884
f 3872 3881 3920
f 3840 3895 3894
f 3894 3931 3926
f 3877 3935 3952
f 3883 3885 3945
f 3937 3883 3940
f 3863 3915 3880
f 3877 3909 3908
f 3914 3947 3939
f 3856 3858 3955
f 3900 3914 3938
f 3892 3891 3907
f 3858 3892 3907
f 3962 3933 3972
f 3840 3839 3898
f 3844 3843 3961
f 3940 3883 3945
f 3906 3942 3922
f 3928 3896 3895
f 3947 3925 3952
f 3877 3893 3909
f 3970 3942 3905
f 3877 3908 3935
f 3925 3924 3969
f 3851 3850 3937
f 3964 3927 3902
f 3866 3865 3861
f 3916 3920 3881
f 3969 3924 3967
f 3926 3931 3929
f 3878 3877 3952
f 3868 3870 3944
f 3936 3863 3862
f 3845 3954 3912
f 3939 3947 3865
f 3907 3906 3955
f 3911 3962 3846
f 3919 3941 3852
f 3954 3845 3902
f 3973 3974 3975
f 3976 3977 3978
f 3979 3980 3981
f 3982 3983 3984
f 3985 3986 3987
f 3988 3989 3990
f 3991 3992 3993
f 3994 3995 3996
f 3997 3998 3999
f 3998 3976 3999
f 4000 4001 3998
f 3982 3980 3983
f 4002 3992 4003
f 3986 3985 4004
f 3976 4005 3991
f 4006 4007 3982
f 4001 4000 4008
f 3995 3979 3996
f 3980 3979 3974
f 4009 4010 4011
f 3992 3985 3993
f 3994 3996 4002
f 4012 4013 4011
f 4012 4010 3994
f 4006 4014 4007
f 4013 4012 4003
f 3975 3995 4009
f 3977 3991 3987
f 3993 3985 3987
f 4003 4015 4013
f 3986 4014 4016
f 3981 4002 3996
f 3982 3981 3980
f 4008 3989 4001
f 4014 3986 4007
f 3992 4017 4015
f 4005 3998 4001
f 4015 3988 4013
f 3982 3984 4006
f 4010 4012 4011
f 3981 3982 3985
f 4012 4002 4003
f 3992 3991 4005
f 3988 4015 4017
f 3985 3982 4004
f 3990 3989 4008
f 4005 3976 3998
f 3989 3988 4017
f 4000 3998 3997
f 3977 3986 4018
f 3986 3977 3987
f 4018 3978 3977
f 3989 4005 4001
f 3982 4007 4004
f 4019 3990 4008
f 3992 4015 4003
f 4005 3989 4017
f 4019 4008 4000
f 3979 3995 3975
f 4010 3995 3994
f 3975 3974 3979
f 3994 4002 4012
f 3977 3976 3991
f 3988 4011 4013
f 4010 4009 3995
f 3979 3981 3996
f 4017 3992 4005
f 3992 4002 3985
f 4016 4018 3986
f 3987 3991 3993
f 3985 4002 3981
f 4004 4007 3986
f 4021 4022 4023
f 4026 4027 4028
f 4028 4027 4029
f 4021 4023 4029
f 4028 4030 4026
f 4031 4032 4033
f 4034 4035 4036
f 4037 4038 4032
f 4039 4040 4041
f 4043 4044 4045
f 4029 4023 4028
f 4042 4049 4050
f 4051 4052 4053
f 4038 4054 4055
f 4056 4057 4058
f 4052 4059 4060
f 4062 4048 4047
f 4063 4064 4065
f 4066 4067 4024
f 4068 4058 4052
f 4030 4024 4026
f 4069 4070 4071
f 4072 4073 4074
f 4075 4049 4076
f 4050 4049 4075
f 4043 4065 4064
f 4078 4076 4079
f 4035 4034 4080
f 4054 4062 4081
f 4082 4025 4078
f 4080 4083 4051
f 4084 4037 4021
f 4085 4086 4041
f 4087 4066 4073
f 4088 4089 4061
f 4090 4091 4084
f 4065 4085 4092
f 4030 4023 4093
f 4020 4046 4095
f 4096 4045 4044
f 4097 4071 4096
f 4039 4098 4099
f 4064 4044 4043
f 4066 4087 4078
f 4100 4050 4075
f 4101 4093 4032
f 4050 4100 4102
f 4064 4096 4044
f 4077 4061 4089
f 4072 4069 4073
f 4089 4088 4085
f 4088 4061 4103
f 4053 4080 4051
f 4083 4104 4059
f 4049 4079 4076
f 4102 4042 4050
f 4045 4096 4105
f 4068 4052 4060
f 4069 4072 4070
f 4106 4107 4108
f 4031 4033 4109
f 4063 4092 4095
f 4032 4031 4101
f 4037 4032 4022
f 4067 4078 4025
f 4030 4074 4066
f 4075 4110 4100
f 4072 4056 4070
f 4052 4058 4053
f 4034 4111 4083
f 4112 4077 4089
f 4072 4093 4101
f 4110 4069 4064
f 4038 4033 4032
f 4094 4103 4061
f 4113 4080 4053
f 4035 4113 4107
f 4100 4114 4102
f 4103 4094 4092
f 4083 4059 4051
f 4101 4031 4057
f 4085 4112 4089
f 4107 4106 4035
f 4101 4056 4072
f 4093 4023 4022
f 4073 4066 4074
f 4115 4116 4033
f 4078 4079 4082
f 4074 4093 4072
f 4066 4078 4067
f 4094 4095 4092
f 4073 4110 4087
f 4114 4100 4110
f 4108 4031 4109
f 4035 4106 4036
f 4062 4054 4091
f 4111 4034 4117
f 4077 4112 4040
f 4020 4095 4094
f 4021 4027 4084
f 4117 4118 4111
f 4036 4117 4034
f 4095 4042 4102
f 4112 4085 4041
f 4092 4085 4103
f 4107 4031 4108
f 4059 4104 4060
f 4105 4058 4068
f 4114 4063 4095
f 4092 4063 4065
f 4069 4110 4073
f 4023 4030 4028
f 4085 4088 4103
f 4076 4110 4075
f 4113 4035 4080
f 4109 4033 4116
f 4038 4119 4033
f 4119 4038 4055
f 4040 4112 4041
f 4040 4039 4099
f 4032 4093 4022
f 4095 4102 4114
f 4038 4037 4054
f 4114 4064 4063
f 4071 4070 4058
f 4096 4058 4105
f 4058 4113 4053
f 4076 4078 4087
f 4087 4110 4076
f 4091 4090 4048
f 4048 4062 4091
f 4083 4080 4034
f 4113 4057 4031
f 4091 4037 4084
f 4031 4107 4113
f 4120 4085 4065
f 4093 4074 4030
f 4022 4021 4037
f 4086 4085 4120
f 4052 4051 4059
f 4110 4064 4114
f 4070 4056 4058
f 4096 4064 4097
f 4027 4021 4029
f 4065 4043 4120
f 4037 4091 4054
f 4057 4056 4101
f 4071 4058 4096
f 4115 4033 4119
f 4057 4113 4058
f 4066 4024 4030
f 4081 4055 4054
f 4071 4097 4069
f 4090 4084 4027
f 4046 4042 4095
f 4097 4064 4069
f 4121 4122 4123
f 4123 4122 4124
f 4124 4125 4126
f 4127 4128 4129
f 4128 4127 4130
f 4131 4132 4133
f 4134 4135 4124
f 4136 4131 4135
f 4137 4122 4130
f 4138 4139 4140
f 4134 4124 4126
f 4141 4131 4142
f 4139 4125 4140
f 4143 4144 4145
f 4146 4147 4148
f 4149 4148 4147
f 4139 4145 4126
f 4136 4146 4148
f 4125 4151 4140
f 4126 4125 4139
f 4145 4134 4126
f 4151 4153 4140
f 4150 4149 4154
f 4153 4155 4156
f 4153 4156 4140
f 4147 4154 4149
f 4138 4160 4139
f 4155 4158 4156
f 4156 4158 4157
f 4130 4151 4137
f 4153 4127 4129
f 4144 4134 4145
f 4124 4122 4137
f 4148 4149 4162
f 4153 4151 4127
f 4163 4131 4133
f 4149 4150 4162
f 4138 4156 4157
f 4140 4156 4138
f 4143 4160 4146
f 4160 4138 4152
f 4155 4153 4129
f 4146 4160 4161
f 4145 4160 4143
f 4146 4136 4143
f 4151 4125 4137
f 4144 4143 4136
f 4158 4155 4159
f 4151 4130 4127
f 4160 4152 4161
f 4139 4160 4145
f 4162 4136 4148
f 4135 4134 4144
f 4128 4122 4121
f 4131 4150 4142
f 4150 4131 4162
f 4131 4136 4162
f 4132 4131 4141
f 4135 4131 4123
f 4122 4128 4130
f 4125 4124 4137
f 4136 4135 4144
f 4135 4123 4124
f 4168 4167 4164
f 4166 4165 4168
f 4168 4164 4169
f 4166 4168 4169
f 4170 4171 4172
f 4173 4174 4175
f 4176 4177 4178
f 4179 4180 4175
f 4181 4182 4183
f 4181 4183 4184
f 4185 4184 4186
f 4187 4188 4189
f 4190 4191 4181
f 4192 4179 4193
f 4194 4195 4171
f 4186 4196 4197
f 4181 4198 4190
f 4199 4173 4200
f 4180 4200 4173
f 4201 4187 4185
f 4202 4203 4198
f 4174 4204 4205
f 4206 4207 4208
f 4209 4197 4210
f 4211 4212 4213
f 4206 4208 4205
f 4171 4170 4214
f 4173 4175 4180
f 4215 4183 4216
f 4206 4205 4204
f 4198 4181 4202
f 4217 4218 4219
f 4220 4174 4221
f 4222 4194 4223
f 4204 4174 4220
f 4224 4225 4226
f 4227 4220 4221
f 4228 4229 4230
f 4209 4231 4185
f 4216 4192 4232
f 4198 4233 4190
f 4179 4192 4182
f 4204 4220 4234
f 4200 4191 4235
f 4236 4193 4175
f 4181 4200 4237
f 4222 4195 4194
f 4238 4206 4204
f 4227 4235 4222
f 4223 4234 4222
f 4225 4236 4226
f 4199 4200 4221
f 4229 4239 4230
f 4193 4240 4192
f 4181 4189 4202
f 4174 4211 4175
f 4238 4234 4241
f 4242 4190 4233
f 4184 4189 4181
f 4178 4243 4244
f 4245 4246 4247
f 4248 4249 4224
f 4191 4172 4195
f 4203 4202 4188
f 4172 4191 4190
f 4236 4211 4250
f 4240 4251 4252
f 4191 4195 4235
f 4182 4237 4180
f 4250 4226 4236
f 4253 4254 4255
f 4221 4174 4199
f 4256 4257 4258
f 4184 4183 4186
f 4224 4193 4236
f 4186 4197 4209
f 4199 4174 4173
f 4259 4260 4244
f 4261 4262 4263
f 4264 4265 4266
f 4267 4268 4269
f 4205 4208 4270
f 4271 4212 4211
f 4198 4203 4272
f 4264 4269 4265
f 4264 4273 4274
f 4269 4275 4276
f 4261 4205 4270
f 4271 4205 4212
f 4277 4217 4219
f 4278 4261 4263
f 4278 4212 4261
f 4278 4279 4280
f 4197 4281 4239
f 4269 4276 4265
f 4239 4281 4245
f 4282 4252 4251
f 4283 4213 4279
f 4279 4213 4280
f 4261 4270 4284
f 4285 4283 4279
f 4267 4286 4268
f 4287 4229 4228
f 4235 4195 4222
f 4273 4288 4274
f 4275 4283 4285
f 4192 4240 4289
f 4290 4291 4284
f 4213 4250 4211
f 4285 4276 4275
f 4193 4179 4175
f 4200 4180 4237
f 4286 4292 4268
f 4275 4268 4292
f 4276 4266 4265
f 4291 4288 4262
f 4224 4236 4225
f 4276 4285 4279
f 4269 4268 4275
f 4267 4293 4286
f 4177 4176 4294
f 4252 4247 4289
f 4269 4264 4267
f 4295 4188 4187
f 4296 4297 4298
f 4261 4291 4262
f 4263 4266 4276
f 4299 4300 4301
f 4297 4275 4292
f 4205 4261 4212
f 4272 4302 4233
f 4300 4294 4283
f 4303 4275 4297
f 4304 4305 4241
f 4306 4307 4308
f 4306 4292 4286
f 4208 4207 4290
f 4261 4284 4291
f 4294 4176 4283
f 4299 4301 4309
f 4303 4301 4300
f 4292 4306 4297
f 4297 4306 4298
f 4207 4206 4310
f 4284 4208 4290
f 4306 4311 4307
f 4310 4206 4238
f 4301 4312 4309
f 4195 4172 4171
f 4294 4300 4177
f 4313 4299 4309
f 4314 4309 4312
f 4226 4213 4283
f 4264 4274 4267
f 4212 4278 4280
f 4298 4306 4308
f 4312 4301 4303
f 4296 4312 4297
f 4299 4313 4315
f 4288 4273 4262
f 4262 4273 4263
f 4297 4312 4303
f 4296 4298 4316
f 4315 4317 4243
f 4280 4213 4212
f 4244 4260 4258
f 4208 4284 4270
f 4314 4296 4316
f 4273 4264 4266
f 4311 4306 4293
f 4314 4313 4309
f 4318 4313 4314
f 4221 4235 4227
f 4313 4318 4319
f 4275 4303 4283
f 4313 4320 4315
f 4321 4315 4320
f 4300 4283 4303
f 4251 4224 4282
f 4234 4227 4222
f 4276 4279 4278
f 4281 4197 4196
f 4296 4314 4312
f 4299 4315 4243
f 4306 4286 4293
f 4273 4266 4263
f 4322 4323 4287
f 4278 4263 4276
f 4315 4321 4317
f 4250 4213 4226
f 4289 4240 4252
f 4232 4215 4216
f 4238 4241 4310
f 4190 4242 4172
f 4244 4317 4321
f 4175 4211 4236
f 4182 4181 4237
f 4243 4317 4244
f 4228 4230 4324
f 4185 4186 4209
f 4179 4182 4180
f 4215 4281 4196
f 4232 4192 4289
f 4184 4185 4189
f 4249 4258 4282
f 4243 4178 4177
f 4325 4249 4282
f 4277 4326 4327
f 4210 4231 4209
f 4239 4229 4197
f 4216 4183 4182
f 4197 4229 4210
f 4328 4302 4203
f 4329 4218 4217
f 4182 4192 4216
f 4234 4238 4204
f 4202 4189 4188
f 4321 4259 4244
f 4181 4191 4200
f 4242 4233 4330
f 4277 4331 4332
f 4333 4334 4254
f 4335 4336 4337
f 4338 4339 4340
f 4341 4342 4171
f 4343 4339 4338
f 4344 4345 4346
f 4338 4347 4348
f 4349 4350 4351
f 4352 4336 4353
f 4172 4242 4170
f 4336 4335 4354
f 4211 4174 4271
f 4304 4350 4349
f 4355 4223 4194
f 4305 4304 4349
f 4252 4282 4329
f 4196 4183 4215
f 4271 4174 4205
f 4234 4223 4241
f 4356 4322 4228
f 4203 4295 4328
f 4247 4246 4289
f 4295 4203 4188
f 4304 4241 4223
f 4234 4220 4227
f 4256 4357 4257
f 4256 4260 4259
f 4258 4260 4256
f 4257 4357 4329
f 4331 4277 4219
f 4258 4257 4329
f 4324 4230 4326
f 4228 4322 4287
f 4201 4295 4187
f 4244 4249 4178
f 4218 4329 4357
f 4177 4300 4299
f 4326 4277 4332
f 4198 4272 4233
f 4299 4243 4177
f 4258 4249 4244
f 4326 4230 4239
f 4223 4355 4304
f 4329 4282 4258
f 4327 4326 4245
f 4210 4229 4358
f 4287 4358 4229
f 4248 4178 4249
f 4277 4247 4217
f 4176 4178 4248
f 4277 4327 4247
f 4217 4247 4252
f 4245 4247 4327
f 4196 4186 4183
f 4302 4272 4203
f 4282 4224 4325
f 4356 4228 4324
f 4329 4217 4252
f 4283 4176 4226
f 4248 4226 4176
f 4239 4245 4326
f 4251 4240 4224
f 4210 4358 4231
f 4325 4224 4249
f 4332 4324 4326
f 4246 4245 4281
f 4241 4305 4310
f 4224 4226 4248
f 4246 4281 4232
f 4221 4200 4235
f 4187 4189 4185
f 4224 4240 4193
f 4335 4254 4359
f 4214 4242 4360
f 4361 4352 4353
f 4359 4340 4354
f 4359 4362 4338
f 4363 4330 4364
f 4338 4362 4253
f 4334 4365 4366
f 4347 4253 4255
f 4367 4348 4347
f 4255 4334 4366
f 4362 4254 4253
f 4368 4344 4369
f 4370 4371 4367
f 4368 4372 4344
f 4369 4351 4350
f 4369 4350 4368
f 4373 4367 4374
f 4341 4371 4370
f 4372 4375 4342
f 4367 4371 4374
f 4348 4367 4343
f 4371 4341 4360
f 4341 4372 4342
f 4334 4333 4365
f 4171 4375 4194
f 4341 4171 4214
f 4171 4342 4375
f 4375 4355 4194
f 4254 4362 4359
f 4376 4371 4360
f 4377 4346 4366
f 4254 4335 4333
f 4360 4242 4330
f 4348 4343 4338
f 4368 4375 4372
f 4374 4371 4376
f 4373 4343 4367
f 4302 4364 4330
f 4345 4344 4370
f 4354 4335 4359
f 4350 4304 4355
f 4347 4370 4367
f 4352 4361 4337
f 4170 4242 4214
f 4347 4255 4345
f 4353 4336 4354
f 4255 4254 4334
f 4214 4360 4341
f 4368 4355 4375
f 4345 4255 4366
f 4352 4337 4336
f 4376 4330 4363
f 4346 4345 4366
f 4368 4350 4355
f 4344 4346 4369
f 4347 4345 4370
f 4359 4338 4340
f 4341 4344 4372
f 4376 4360 4330
f 4347 4338 4253
f 4302 4330 4233
f 4341 4370 4344
f 4366 4365 4377
f 4289 4246 4232
f 4232 4281 4215
f 4378 4379 4380
f 4381 4382 4383
f 4381 4383 4384
f 4386 4381 4387
f 4388 4389 4390
f 4391 4392 4393
f 4393 4394 4391
f 4383 4382 4397
f 4393 4392 4399
f 4383 4400 4384
f 4399 4397 4393
f 4380 4401 4378
f 4380 4402 4401
f 4399 4383 4397
f 4403 4401 4402
f 4399 4404 4383
f 4382 4405 4406
f 4407 4408 4409
f 4410 4411 4406
f 4412 4403 4413
f 4414 4402 4404
f 4398 4415 4416
f 4414 4413 4403
f 4404 4415 4414
f 4397 4417 4393
f 4418 4419 4420
f 4392 4415 4399
f 4384 4400 4402
f 4412 4421 4422
f 4423 4411 4424
f 4413 4414 4409
f 4417 4382 4406
f 4407 4414 4415
f 4404 4399 4415
f 4414 4407 4409
f 4415 4398 4407
f 4402 4414 4403
f 4402 4400 4404
f 4425 4394 4417
f 4426 4423 4385
f 4379 4427 4420
f 4403 4412 4401
f 4428 4429 4381
f 4378 4401 4422
f 4425 4430 4394
f 4415 4392 4416
f 4379 4431 4387
f 4380 4387 4384
f 4417 4411 4425
f 4382 4381 4429
f 4387 4380 4379
f 4382 4417 4397
f 4386 4387 4431
f 4402 4380 4384
f 4391 4430 4396
f 4404 4400 4383
f 4381 4386 4428
f 4417 4394 4393
f 4394 4430 4391
f 4384 4387 4381
f 4430 4426 4396
f 4425 4426 4430
f 4410 4405 4433
f 4419 4410 4434
f 4435 4436 4395
f 4426 4425 4423
f 4412 4413 4436
f 4434 4386 4431
f 4421 4412 4436
f 4405 4382 4429
f 4388 4410 4418
f 4406 4411 4417
f 4410 4433 4434
f 4427 4378 4422
f 4427 4418 4420
f 4437 4389 4388
f 4433 4428 4386
f 4422 4421 4427
f 4410 4390 4389
f 4420 4419 4431
f 4421 4418 4427
f 4431 4419 4434
f 4390 4410 4388
f 4431 4379 4420
f 4386 4434 4433
f 4433 4405 4429
f 4379 4378 4427
f 4405 4410 4406
f 4429 4428 4433
f 4395 4413 4408
f 4418 4410 4419
f 4436 4413 4395
f 4408 4413 4409
f 4401 4412 4422
f 4411 4423 4425
f 4432 4423 4424
f 4423 4432 4385
f 4440 4439 4438
f 4441 4442 4443
f 4444 4445 4446
f 4447 4448 4441
f 4443 4447 4441
f 4442 4449 4443
f 4449 4442 4450
f 4453 4454 4455
f 4456 4457 4458
f 4450 4458 4445
f 4459 4451 4460
f 4461 4462 4463
f 4450 4445 4461
f 4463 4450 4461
f 4464 4465 4466
f 4467 4468 4469
f 4470 4456 4471
f 4472 4473 4474
f 4445 4444 4461
f 4462 4466 4463
f 4471 4455 4475
f 4465 4464 4476
f 4473 4477 4478
f 4444 4462 4461
f 4466 4462 4464
f 4468 4480 4481
f 4482 4473 4472
f 4449 4466 4483
f 4477 4444 4446
f 4479 4476 4464
f 4462 4444 4464
f 4484 4481 4480
f 4483 4466 4465
f 4469 4486 4485
f 4444 4479 4464
f 4457 4446 4445
f 4476 4459 4465
f 4444 4487 4479
f 4469 4454 4467
f 4459 4449 4488
f 4457 4445 4458
f 4456 4448 4471
f 4490 4491 4452
f 4455 4474 4475
f 4492 4447 4443
f 4493 4492 4460
f 4470 4473 4478
f 4481 4485 4486
f 4442 4456 4458
f 4451 4491 4460
f 4457 4470 4478
f 4470 4475 4474
f 4459 4460 4492
f 4466 4449 4463
f 4450 4463 4449
f 4460 4491 4493
f 4451 4459 4476
f 4454 4469 4474
f 4465 4459 4488
f 4488 4483 4465
f 4471 4453 4455
f 4495 4496 4453
f 4487 4444 4497
f 4477 4482 4497
f 4448 4453 4471
f 4475 4470 4471
f 4449 4459 4492
f 4469 4494 4472
f 4448 4495 4453
f 4458 4450 4442
f 4478 4477 4446
f 4474 4455 4454
f 4494 4482 4472
f 4443 4449 4492
f 4497 4482 4489
f 4494 4469 4485
f 4473 4470 4474
f 4469 4468 4486
f 4483 4488 4449
f 4456 4470 4457
f 4446 4457 4478
f 4442 4441 4456
f 4448 4456 4441
f 4474 4469 4472
f 4491 4451 4452
f 4497 4444 4477
f 4486 4468 4481
f 4477 4473 4482
f 4489 4482 4494
f 4495 4448 4498
f 4499 4500 4501
f 4502 4503 4504
f 4505 4506 4507
f 4508 4509 4510
f 4511 4512 4513
f 4514 4515 4516
f 4515 4519 4516
f 4520 4521 4522
f 4502 4524 4525
f 4526 4527 4528
f 4529 4530 4526
f 4531 4516 4532
f 4533 4534 4535
f 4536 4537 4538
f 4511 4540 4541
f 4542 4516 4519
f 4503 4502 4543
f 4523 4544 4545
f 4546 4547 4536
f 4527 4548 4549
f 4550 4551 4552
f 4554 4555 4556
f 4557 4558 4544
f 4559 4560 4561
f 4511 4541 4562
f 4531 4563 4514
f 4535 4534 4565
f 4533 4524 4504
f 4566 4567 4522
f 4520 4567 4568
f 4569 4570 4501
f 4524 4533 4571
f 4510 4509 4572
f 4549 4573 4574
f 4574 4509 4508
f 4575 4576 4577
f 4578 4540 4579
f 4501 4568 4499
f 4580 4543 4529
f 4559 4561 4581
f 4565 4582 4583
f 4584 4570 4585
f 4551 4566 4522
f 4549 4586 4527
f 4583 4535 4565
f 4534 4503 4587
f 4582 4588 4583
f 4573 4548 4519
f 4573 4549 4548
f 4589 4590 4591
f 4529 4526 4528
f 4509 4573 4515
f 4592 4568 4584
f 4593 4591 4594
f 4548 4527 4526
f 4555 4554 4596
f 4590 4589 4582
f 4530 4597 4526
f 4577 4576 4538
f 4499 4567 4500
f 4598 4516 4542
f 4552 4521 4601
f 4508 4602 4574
f 4579 4540 4511
f 4603 4604 4555
f 4555 4604 4556
f 4519 4515 4573
f 4586 4602 4605
f 4566 4551 4550
f 4604 4511 4556
f 4606 4607 4588
f 4557 4608 4609
f 4607 4524 4571
f 4610 4604 4603
f 4610 4607 4606
f 4567 4518 4500
f 4593 4611 4612
f 4612 4606 4593
f 4607 4610 4603
f 4534 4587 4581
f 4588 4607 4571
f 4610 4606 4612
f 4512 4562 4613
f 4579 4614 4578
f 4596 4603 4555
f 4564 4615 4523
f 4584 4536 4576
f 4616 4552 4601
f 4617 4615 4598
f 4542 4617 4598
f 4596 4524 4603
f 4607 4603 4524
f 4589 4606 4588
f 4608 4557 4543
f 4526 4597 4548
f 4597 4530 4618
f 4557 4530 4529
f 4502 4525 4506
f 4544 4619 4545
f 4516 4531 4514
f 4556 4507 4554
f 4591 4593 4606
f 4620 4558 4609
f 4583 4588 4533
f 4548 4597 4542
f 4544 4618 4530
f 4595 4570 4569
f 4572 4517 4600
f 4615 4617 4621
f 4602 4508 4575
f 4621 4618 4622
f 4546 4584 4585
f 4625 4570 4595
f 4574 4586 4549
f 4538 4560 4605
f 4624 4620 4613
f 4524 4596 4525
f 4521 4552 4551
f 4514 4509 4515
f 4585 4547 4546
f 4620 4626 4613
f 4513 4512 4626
f 4587 4559 4581
f 4591 4561 4594
f 4568 4501 4570
f 4512 4511 4562
f 4621 4622 4523
f 4544 4523 4622
f 4539 4567 4566
f 4528 4527 4580
f 4577 4605 4602
f 4505 4513 4626
f 4533 4504 4534
f 4543 4580 4503
f 4626 4620 4608
f 4617 4542 4597
f 4525 4596 4554
f 4581 4590 4565
f 4618 4544 4622
f 4553 4539 4550
f 4530 4557 4544
f 4598 4615 4564
f 4521 4520 4592
f 4601 4576 4616
f 4529 4528 4580
f 4501 4500 4569
f 4519 4548 4542
f 4511 4513 4507
f 4615 4621 4523
f 4507 4513 4505
f 4558 4557 4609
f 4611 4593 4628
f 4590 4581 4561
f 4594 4628 4593
f 4522 4567 4520
f 4592 4601 4521
f 4626 4608 4505
f 4524 4502 4504
f 4608 4502 4505
f 4568 4567 4499
f 4536 4584 4546
f 4576 4592 4584
f 4506 4505 4502
f 4535 4583 4533
f 4564 4532 4598
f 4619 4558 4623
f 4502 4608 4543
f 4567 4539 4518
f 4577 4538 4605
f 4517 4509 4514
f 4577 4602 4575
f 4624 4558 4620
f 4599 4572 4600
f 4560 4559 4605
f 4616 4508 4510
f 4543 4557 4529
f 4560 4629 4594
f 4594 4561 4560
f 4562 4624 4613
f 4503 4534 4504
f 4561 4591 4590
f 4628 4594 4629
f 4532 4516 4598
f 4554 4506 4525
f 4511 4507 4556
f 4571 4533 4588
f 4588 4582 4589
f 4512 4613 4626
f 4508 4616 4575
f 4503 4580 4587
f 4620 4609 4608
f 4576 4536 4538
f 4627 4550 4599
f 4568 4592 4520
f 4586 4559 4587
f 4617 4597 4618
f 4506 4554 4507
f 4510 4552 4616
f 4558 4619 4544
f 4509 4517 4572
f 4590 4582 4565
f 4568 4570 4584
f 4510 4572 4552
f 4559 4586 4605
f 4614 4630 4578
f 4592 4576 4601
f 4627 4553 4550
f 4586 4574 4602
f 4539 4566 4550
f 4527 4587 4580
f 4573 4509 4574
f 4565 4534 4581
f 4576 4575 4616
f 4550 4552 4572
f 4591 4606 4589
f 4586 4587 4527
f 4599 4550 4572
f 4537 4629 4560
f 4618 4621 4617
f 4560 4538 4537
f 4514 4563 4517
f 4521 4551 4522
f 4558 4624 4623
f 4632 4633 4634
f 4635 4636 4637
f 4638 4639 4640
f 4643 4644 4645
f 4646 4647 4648
f 4649 4650 4651
f 4644 4652 4653
f 4655 4656 4657
f 4658 4659 4660
f 4658 4661 4662
f 4663 4642 4664
f 4661 4665 4666
f 4647 4667 4668
f 4665 4661 4669
f 4666 4670 4671
f 4672 4673 4674
f 4675 4648 4676
f 4677 4678 4679
f 4681 4682 4683
f 4672 4685 4673
f 4686 4656 4687
f 4677 4635 4638
f 4688 4656 4689
f 4645 4653 4690
f 4648 4656 4646
f 4671 4681 4661
f 4653 4693 4690
f 4694 4695 4696
f 4697 4671 4670
f 4667 4698 4668
f 4699 4639 4700
f 4689 4686 4643
f 4637 4644 4635
f 4659 4662 4654
f 4661 4658 4669
f 4636 4701 4637
f 4667 4702 4698
f 4655 4703 4704
f 4663 4633 4642
f 4631 4705 4654
f 4657 4703 4655
f 4702 4667 4706
f 4694 4677 4638
f 4675 4699 4707
f 4675 4676 4699
f 4689 4656 4686
f 4645 4644 4653
f 4650 4685 4651
f 4708 4656 4655
f 4699 4700 4643
f 4669 4658 4709
f 4641 4710 4704
f 4676 4711 4712
f 4713 4669 4709
f 4640 4665 4713
f 4644 4700 4635
f 4679 4673 4714
f 4703 4715 4704
f 4674 4679 4678
f 4694 4678 4677
f 4668 4670 4711
f 4716 4653 4652
f 4669 4713 4665
f 4670 4668 4697
f 4687 4707 4686
f 4636 4635 4677
f 4659 4705 4651
f 4659 4654 4705
f 4695 4640 4717
f 4703 4692 4715
f 4709 4672 4713
f 4666 4665 4712
f 4718 4719 4701
f 4707 4687 4675
f 4708 4710 4720
f 4713 4672 4696
f 4685 4672 4651
f 4640 4676 4712
f 4712 4711 4670
f 4633 4663 4634
f 4689 4721 4688
f 4713 4717 4640
f 4722 4692 4703
f 4666 4671 4661
f 4703 4657 4722
f 4634 4698 4702
f 4720 4632 4706
f 4676 4640 4639
f 4648 4711 4676
f 4662 4659 4658
f 4676 4639 4699
f 4712 4665 4640
f 4723 4724 4671
f 4724 4723 4663
f 4718 4701 4725
f 4671 4684 4681
f 4634 4723 4671
f 4696 4674 4678
f 4696 4678 4694
f 4706 4632 4702
f 4644 4719 4652
f 4671 4680 4684
f 4635 4700 4638
f 4706 4708 4720
f 4696 4672 4674
f 4710 4655 4704
f 4667 4647 4646
f 4640 4695 4638
f 4632 4720 4641
f 4698 4634 4697
f 4671 4664 4680
f 4690 4726 4645
f 4634 4671 4697
f 4727 4728 4729
f 4723 4634 4663
f 4655 4710 4708
f 4647 4711 4648
f 4730 4731 4728
f 4732 4716 4652
f 4646 4706 4667
f 4728 4733 4734
f 4708 4706 4646
f 4735 4732 4718
f 4637 4701 4719
f 4725 4727 4729
f 4727 4730 4728
f 4695 4694 4638
f 4716 4732 4734
f 4649 4651 4736
f 4732 4735 4734
f 4668 4698 4697
f 4718 4729 4735
f 4737 4733 4738
f 4681 4683 4662
f 4683 4691 4662
f 4639 4638 4700
f 4670 4666 4712
f 4729 4718 4725
f 4717 4696 4695
f 4736 4705 4631
f 4734 4733 4716
f 4643 4721 4689
f 4641 4633 4632
f 4693 4653 4737
f 4684 4682 4681
f 4656 4648 4687
f 4691 4654 4662
f 4732 4652 4719
f 4668 4711 4647
f 4658 4672 4709
f 4664 4724 4663
f 4719 4718 4732
f 4664 4671 4724
f 4719 4644 4637
f 4656 4708 4646
f 4672 4658 4660
f 4717 4713 4696
f 4700 4644 4643
f 4679 4714 4677
f 4737 4653 4716
f 4721 4643 4645
f 4707 4643 4686
f 4643 4707 4699
f 4728 4738 4733
f 4679 4674 4673
f 4733 4737 4716
f 4659 4651 4660
f 4735 4728 4734
f 4632 4634 4702
f 4651 4705 4736
f 4651 4672 4660
f 4645 4726 4721
f 4720 4710 4641
f 4726 4688 4721
f 4648 4675 4687
f 4661 4681 4662
f 4728 4735 4729
f 4739 4740 4741
f 4742 4741 4740
f 4746 4747 4748
f 4749 4750 4751
f 4744 4752 4742
f 4754 4755 4756
f 4758 4759 4760
f 4760 4765 4749
f 4765 4750 4749
f 4768 4766 4763
f 4770 4739 4741
f 4749 4771 4772
f 4758 4772 4761
f 4740 4739 4773
f 4744 4768 4752
f 4775 4757 4776
f 4750 4777 4755
f 4771 4749 4751
f 4739 4771 4778
f 4775 4741 4779
f 4780 4773 4739
f 4779 4769 4775
f 4768 4763 4769
f 4755 4778 4771
f 4771 4739 4770
f 4767 4755 4754
f 4767 4762 4755
f 4752 4768 4779
f 4764 4772 4776
f 4765 4774 4750
f 4749 4772 4758
f 4778 4755 4762
f 4776 4770 4775
f 4776 4772 4770
f 4753 4775 4769
f 4745 4759 4758
f 4778 4762 4780
f 4772 4771 4770
f 4777 4750 4774
f 4779 4768 4769
f 4768 4743 4766
f 4770 4741 4775
f 4779 4741 4752
f 4755 4751 4750
f 4761 4745 4758
f 4777 4756 4755
f 4775 4753 4757
f 4747 4746 4781
f 4749 4758 4760
f 4751 4755 4771
f 4761 4772 4764
f 4742 4752 4741
f 4743 4768 4744
f 4739 4778 4780
f 4782 4783 4784
f 4787 4784 4788
f 4789 4784 4790
f 4788 4784 4795
f 4797 4798 4799
f 4797 4800 4798
f 4801 4803 4804
f 4798 4785 4799
f 4784 4789 4795
f 4805 4790 4806
f 4804 4803 4798
f 4807 4797 4808
f 4806 4784 4809
f 4784 4793 4794
f 4784 4800 4792
f 4809 4784 4796
f 4800 4786 4792
f 4787 4800 4784
f 4803 4785 4798
f 4784 4791 4793
f 4802 4801 4804
f 4787 4798 4800
f 4810 4789 4790
f 4808 4797 4799
f 4790 4784 4806
f 4797 4807 4786
f 4782 4784 4794
f 4796 4784 4783
f 4790 4805 4810
f 4800 4797 4786
f 4791 4784 4792
f 4811 4812 4813
f 4811 4814 4815
f 4816 4817 4818
f 4819 4814 4813
f 4820 4821 4822
f 4823 4824 4825
f 4823 4812 4826
f 4817 4816 4829
f 4830 4831 4832
f 4825 4824 4829
f 4833 4820 4834
f 4835 4836 4837
f 4825 4816 4839
f 4839 4813 4823
f 4836 4841 4842
f 4843 4844 4845
f 4823 4825 4839
f 4816 4846 4839
f 4829 4824 4847
f 4848 4849 4850
f 4847 4851 4829
f 4852 4853 4854
f 4855 4856 4857
f 4858 4848 4859
f 4860 4861 4862
f 4846 4816 4818
f 4863 4864 4865
f 4851 4817 4829
f 4852 4867 4853
f 4868 4869 4863
f 4813 4870 4819
f 4813 4814 4811
f 4834 4820 4822
f 4816 4825 4829
f 4865 4868 4863
f 4873 4874 4842
f 4868 4865 4819
f 4835 4875 4836
f 4877 4846 4818
f 4812 4823 4813
f 4876 4819 4865
f 4813 4839 4878
f 4864 4876 4865
f 4879 4873 4880
f 4857 4879 4880
f 4846 4877 4881
f 4882 4834 4883
f 4884 4840 4869
f 4880 4855 4857
f 4824 4823 4826
f 4878 4839 4881
f 4885 4879 4857
f 4837 4887 4888
f 4889 4890 4891
f 4892 4836 4875
f 4836 4892 4841
f 4893 4894 4875
f 4894 4892 4875
f 4895 4896 4897
f 4886 4895 4898
f 4899 4861 4900
f 4872 4901 4871
f 4854 4881 4877
f 4898 4895 4902
f 4905 4906 4907
f 4855 4845 4844
f 4908 4909 4831
f 4866 4822 4821
f 4844 4843 4910
f 4910 4856 4855
f 4911 4897 4905
f 4912 4898 4913
f 4902 4913 4898
f 4897 4911 4902
f 4845 4892 4832
f 4914 4843 4832
f 4916 4857 4856
f 4917 4907 4906
f 4815 4819 4876
f 4917 4918 4919
f 4918 4920 4921
f 4902 4922 4913
f 4905 4907 4911
f 4827 4923 4924
f 4830 4925 4908
f 4855 4844 4910
f 4920 4926 4921
f 4927 4856 4910
f 4928 4907 4917
f 4917 4919 4928
f 4832 4892 4929
f 4871 4919 4921
f 4870 4813 4878
f 4830 4929 4894
f 4874 4930 4842
f 4881 4853 4878
f 4916 4927 4931
f 4850 4849 4932
f 4889 4933 4912
f 4930 4874 4850
f 4846 4881 4839
f 4830 4832 4929
f 4907 4928 4901
f 4930 4932 4837
f 4930 4850 4932
f 4932 4849 4887
f 4837 4932 4887
f 4914 4832 4831
f 4913 4889 4912
f 4837 4888 4835
f 4842 4930 4837
f 4837 4836 4842
f 4925 4830 4894
f 4916 4931 4926
f 4868 4870 4834
f 4934 4922 4911
f 4878 4853 4867
f 4935 4862 4861
f 4925 4894 4935
f 4921 4926 4936
f 4928 4919 4871
f 4910 4914 4831
f 4904 4903 4912
f 4890 4889 4934
f 4937 4911 4901
f 4830 4908 4831
f 4815 4838 4811
f 4902 4911 4922
f 4931 4924 4923
f 4936 4926 4923
f 4822 4866 4884
f 4904 4912 4933
f 4916 4926 4857
f 4871 4901 4928
f 4936 4871 4921
f 4909 4910 4831
f 4838 4812 4811
f 4909 4828 4927
f 4866 4840 4884
f 4919 4918 4921
f 4861 4925 4935
f 4832 4843 4845
f 4909 4908 4925
f 4841 4845 4842
f 4935 4894 4893
f 4922 4889 4913
f 4892 4845 4841
f 4938 4900 4860
f 4867 4834 4870
f 4926 4885 4857
f 4940 4915 4890
f 4868 4834 4882
f 4880 4873 4842
f 4934 4940 4890
f 4910 4843 4914
f 4842 4845 4880
f 4941 4859 4848
f 4872 4937 4901
f 4922 4934 4889
f 4901 4911 4907
f 4925 4899 4909
f 4848 4850 4941
f 4937 4934 4911
f 4861 4860 4900
f 4925 4861 4899
f 4870 4868 4819
f 4891 4890 4915
f 4822 4884 4883
f 4869 4868 4882
f 4940 4937 4939
f 4895 4897 4902
f 4855 4880 4845
f 4884 4869 4882
f 4815 4814 4819
f 4871 4923 4827
f 4848 4858 4849
f 4833 4834 4867
f 4867 4852 4833
f 4898 4903 4886
f 4937 4942 4939
f 4853 4881 4854
f 4937 4940 4934
f 4903 4898 4912
f 4897 4896 4905
f 4926 4931 4923
f 4931 4927 4828
f 4856 4927 4916
f 4828 4924 4931
f 4936 4923 4871
f 4834 4822 4883
f 4878 4867 4870
f 4882 4883 4884
f 4937 4872 4942
f 4894 4929 4892
f 4927 4910 4909
f 4889 4891 4933
f 4944 4945 4946
f 4948 4943 4951
f 4947 4951 4943
f 4950 4951 4947
f 4948 4952 4949
f 4950 4946 4951
f 4955 4952 4945
f 4946 4950 4944
f 4952 4948 4951
f 4952 4946 4945
f 4954 4953 4956
f 4952 4951 4946
f 4957 4949 4952
f 4955 4957 4952
f 4959 4960 4961
f 4962 4963 4961
f 4961 4958 4962
f 4964 4965 4966
f 4958 4961 4964
f 4967 4960 4959
f 4959 4961 4963
f 4965 4964 4961
f 4961 4960 4965
f 4968 4969 4970
f 4971 4972 4973
f 4974 4975 4976
f 4977 4978 4979
f 4980 4981 4982
f 4983 4984 4985
f 4986 4987 4988
f 4989 4990 4991
f 4992 4993 4994
f 4987 4986 4995
f 4993 4996 4997
f 4992 4994 4998
f 5006 5007 5008
f 4982 5009 4980
f 5010 5011 5012
f 5013 4983 4982
f 5014 5015 5016
f 5015 5014 4998
f 4969 5017 4970
f 5018 5019 5020
f 4997 4996 5021
f 5015 5024 5016
f 5025 5015 4998
f 5026 5007 4971
f 5027 5028 5029
f 4995 5030 4987
f 5021 4996 5003
f 5002 5032 5003
f 5033 5034 5035
f 5004 5036 5037
f 5038 5039 5040
f 5013 5041 5042
f 5043 5042 5041
f 5044 5045 5046
f 5047 5048 5049
f 5050 5051 5052
f 5015 5053 5024
f 5041 5054 5055
f 5053 5007 5024
f 5015 5025 5053
f 5057 5058 5059
f 5060 5021 5048
f 5032 5059 5003
f 5023 5032 5002
f 5061 5023 5005
f 5059 5063 5003
f 5064 5065 4978
f 5060 5067 5068
f 5032 5057 5059
f 5059 5049 5063
f 5069 5070 5071
f 5049 5048 5063
f 5060 5074 5067
f 5075 5076 5077
f 5017 5078 5079
f 5080 5039 5081
f 5082 5083 5084
f 5075 5085 5076
f 5086 5087 5088
f 5089 5090 5091
f 5047 5074 5048
f 5032 5092 5057
f 5037 5094 5095
f 5096 5016 5024
f 5098 5099 5100
f 5101 5094 5037
f 5102 5059 5058
f 5057 5103 5058
f 5105 5101 5037
f 5049 5102 5047
f 5102 5058 5047
f 5057 5106 5103
f 5107 5047 5058
f 5005 5004 5037
f 5085 5075 5108
f 5109 5110 5111
f 5074 5107 5112
f 5112 5103 5106
f 5113 5114 5115
f 5116 5117 5118
f 5119 5120 5121
f 5122 5105 5123
f 5091 5124 5089
f 5125 5126 5090
f 5123 5105 5127
f 5128 5122 5123
f 5128 5123 5127
f 5129 5130 5131
f 5034 5033 5132
f 5133 4983 4985
f 5134 5135 5027
f 4974 5136 5137
f 5114 5113 5138
f 5007 5053 5139
f 5140 5141 5142
f 5092 5106 5057
f 5068 5143 5144
f 5145 5138 5146
f 5149 4968 5150
f 5152 5153 5081
f 4969 4971 5017
f 5020 5154 5093
f 5050 5052 5155
f 5156 5157 5158
f 5091 5022 5104
f 5159 5088 5160
f 5161 5000 5072
f 5136 5080 5162
f 5163 5016 5096
f 5164 4990 5165
f 5150 5166 5167
f 5168 5169 5170
f 5037 5172 5105
f 5173 5110 5174
f 4974 4976 5175
f 5179 5180 5181
f 5182 5167 5183
f 5132 5033 5184
f 5185 5186 5187
f 5188 5189 5190
f 5044 5129 5045
f 5060 5068 4997
f 5087 5086 5191
f 5192 5054 4981
f 5120 5011 5087
f 5193 5099 5098
f 4976 5194 5170
f 4992 5014 5163
f 5195 5170 5194
f 5051 5196 4978
f 5040 5197 5038
f 5111 5110 5035
f 5167 5198 5149
f 5199 5019 5200
f 5201 5202 5203
f 5204 5045 5205
f 5013 5042 4983
f 5198 5206 5163
f 5194 5207 5086
f 5187 5114 5140
f 5208 5209 5210
f 5211 5100 5099
f 5164 5212 4990
f 5213 5152 5039
f 5109 5142 5141
f 5199 5162 5214
f 5215 5154 5020
f 5216 5217 5082
f 5170 5175 4976
f 5162 5218 5219
f 5033 5220 5143
f 5031 5151 5145
f 5084 5221 5222
f 5223 5224 5122
f 5209 5225 5210
f 5148 5226 5147
f 5227 5228 5147
f 5162 5199 5218
f 5229 5178 5230
f 5231 5196 5222
f 5136 4974 5175
f 5169 5136 5175
f 5119 5232 5155
f 5113 5233 5234
f 5091 5235 5022
f 5080 5081 5069
f 5236 5237 5238
f 5239 5186 5240
f 5241 5242 5223
f 5112 5243 5244
f 5237 5245 5246
f 5216 5082 5247
f 5099 5193 5248
f 5202 5249 5180
f 5106 5243 5112
f 5250 5251 5252
f 5100 5164 5165
f 5253 5023 5061
f 5239 5254 5255
f 5237 5244 5243
f 4977 5051 4978
f 5230 5256 5257
f 5258 5259 5260
f 5261 5075 5262
f 5163 5014 5016
f 5208 5130 5263
f 5065 5264 5135
f 5070 5265 5266
f 5262 5113 5115
f 5074 5112 5240
f 5082 5267 5083
f 5268 5224 5242
f 5244 5240 5112
f 5260 5190 5258
f 5185 5184 5074
f 5188 5241 5223
f 5245 5032 5246
f 5244 5237 5236
f 5244 5250 5254
f 5189 5254 5252
f 5245 5237 5243
f 5253 5061 5269
f 5189 5251 5270
f 5238 5271 5236
f 5250 5272 5273
f 5274 4991 5275
f 5251 5250 5273
f 5276 5277 5259
f 5094 5224 5268
f 5077 5247 5233
f 5220 5025 4994
f 5106 5092 5243
f 5237 5246 5238
f 5092 5032 5245
f 5244 5271 5250
f 5245 5243 5092
f 5021 5060 4997
f 5240 5244 5239
f 5246 5271 5238
f 5254 5250 5252
f 5239 5244 5254
f 5251 5273 5253
f 5191 5120 5087
f 5271 5272 5250
f 5246 5272 5271
f 5023 5273 5272
f 5203 5180 5279
f 5207 4975 5086
f 5273 5023 5253
f 5128 5280 5122
f 5252 5251 5189
f 5032 5023 5246
f 5114 5186 5115
f 5269 5258 5270
f 5263 5225 5209
f 5251 5253 5269
f 5034 5281 5142
f 5246 5023 5272
f 5271 5244 5236
f 5251 5269 5270
f 5276 5269 5061
f 4981 4980 5192
f 5088 5010 5160
f 5005 5276 5061
f 5282 5269 5276
f 5190 5189 5270
f 5152 5213 5283
f 5258 5190 5270
f 5269 5282 5258
f 4972 4971 4969
f 5095 5276 5005
f 5282 5276 5259
f 5268 5095 5094
f 5259 5258 5282
f 5233 5247 5177
f 5202 5284 5249
f 5069 5265 5070
f 5277 5276 5095
f 5120 5098 5121
f 5241 5190 5260
f 4991 5274 4999
f 5277 5095 5268
f 5190 5241 5188
f 5259 5277 5260
f 5277 5241 5260
f 5242 5277 5268
f 5241 5277 5242
f 5188 5223 5280
f 5223 5242 5224
f 5285 5027 5264
f 4991 4990 5066
f 5144 5143 5220
f 5079 5129 5044
f 5100 5211 5164
f 4983 5043 4984
f 5264 5027 5135
f 5286 5287 5181
f 5288 5228 5227
f 5075 5077 5262
f 5133 4982 4983
f 5290 5227 5147
f 5012 5052 5051
f 5226 5210 5147
f 5212 5164 5291
f 5226 5204 5292
f 5098 5100 5165
f 5144 5220 4994
f 5028 5293 5294
f 5295 5296 5297
f 5069 5071 5080
f 5140 5142 5281
f 5027 5285 5028
f 5111 5035 5034
f 5248 5193 5191
f 5145 5151 5141
f 5080 5071 5214
f 5164 5219 5291
f 5298 5221 5083
f 5077 5299 5247
f 5121 5232 5119
f 5136 5300 5137
f 4977 4979 5116
f 4979 5065 5135
f 5084 5178 5177
f 5082 5217 5267
f 5001 5161 5050
f 5255 5186 5239
f 5099 5248 5137
f 4997 5144 4994
f 5194 5159 5301
f 5170 5302 5168
f 5198 5026 4973
f 5079 5044 4970
f 5207 4976 4975
f 5184 5033 5143
f 5303 5227 5290
f 5003 5063 5021
f 5225 5290 5210
f 5247 5299 5216
f 5211 5300 5219
f 5232 4989 5001
f 5080 5214 5162
f 4971 4973 5026
f 5304 5044 5046
f 5013 4982 5041
f 5126 5091 5090
f 5211 5219 5164
f 5261 5115 5305
f 5226 5208 5210
f 5138 5234 5146
f 5137 5248 4975
f 5041 4982 4981
f 5006 5174 5306
f 5230 5308 5309
f 5037 5095 5005
f 5096 5024 5310
f 5309 5073 5230
f 5115 5255 5305
f 5028 5285 5231
f 5311 5312 5197
f 5101 5224 5094
f 5070 5313 5199
f 5183 5314 5226
f 5290 5225 5303
f 5227 5315 5288
f 5224 5101 5122
f 5177 5247 5082
f 5019 5018 4990
f 4999 4989 4991
f 5222 5257 5256
f 5306 5174 5201
f 4989 5165 4990
f 5222 5196 5308
f 5183 5226 5148
f 5169 5175 5170
f 5308 5257 5222
f 5316 5225 5317
f 5169 5318 5197
f 5319 5043 5320
f 5223 5122 5280
f 5321 5322 5323
f 5324 5325 5326
f 5127 5325 5327
f 5028 5231 5221
f 5322 5030 5328
f 5055 5321 5329
f 5265 5330 5266
f 5331 5332 5328
f 5127 5333 5128
f 5196 5050 5308
f 5329 5334 5319
f 5335 5323 5324
f 5248 5086 4975
f 5212 5218 5200
f 5137 5300 5211
f 5300 5136 5162
f 5218 5212 5291
f 5211 5099 5137
f 5172 5037 5036
f 5323 5325 5324
f 5218 5199 5200
f 5107 5103 5112
f 5088 5011 5010
f 5188 5338 5189
f 5008 5173 5006
f 5297 5339 5295
f 5339 5286 5181
f 5127 5340 5325
f 5142 5109 5111
f 5080 5040 5039
f 4998 5014 4992
f 5275 5056 5274
f 5197 5341 5311
f 5314 5204 5226
f 5183 5166 5314
f 5315 5303 5316
f 5029 5028 5294
f 5342 5343 5336
f 5329 5319 5320
f 5049 5059 5102
f 5030 4995 5328
f 4987 5030 5321
f 5344 5326 5325
f 5019 4990 5212
f 5328 5332 5322
f 5001 4989 4999
f 5222 5256 5084
f 5332 5345 5346
f 5334 5335 5347
f 5317 5286 5339
f 5043 5055 5320
f 5173 5174 5006
f 4993 4992 5206
f 5179 5079 5078
f 5216 5076 5348
f 5343 5344 5340
f 5328 4995 5349
f 5342 5326 5344
f 5329 5321 5323
f 5351 5319 5352
f 5307 5293 5298
f 5179 5353 5279
f 5329 5320 5055
f 4979 5117 5116
f 5340 5344 5325
f 5322 5346 5323
f 5325 5323 5327
f 5233 5262 5077
f 5074 5240 5185
f 5319 5351 5043
f 5331 5328 5349
f 5323 5346 5327
f 5181 5354 5355
f 5054 5041 4981
f 5142 5111 5034
f 5036 5336 5343
f 5343 5342 5344
f 5044 5304 4970
f 5352 5356 5350
f 5332 5108 5345
f 5326 5357 5347
f 5203 5306 5201
f 5153 5265 5081
f 5358 5319 5334
f 5279 5353 5306
f 5347 5357 5356
f 5056 5337 5274
f 5043 5351 4984
f 5351 5352 5350
f 5347 5358 5334
f 4995 5359 5349
f 5103 5107 5058
f 5347 5335 5324
f 5031 5146 5176
f 5357 5342 5356
f 4994 4993 4997
f 5231 5064 5196
f 5353 5006 5306
f 5076 5331 5348
f 5336 5356 5342
f 5332 5346 5322
f 5107 5074 5047
f 5348 5349 5289
f 5207 5194 4976
f 5326 5347 5324
f 5139 5053 5220
f 4987 5321 5055
f 5217 5348 5289
f 5045 5204 5314
f 5166 5046 5314
f 4984 5351 5350
f 5215 5020 5019
f 5088 5194 5086
f 5348 5217 5216
f 5034 5132 5281
f 5172 5340 5127
f 5128 5345 5108
f 5181 5287 5179
f 5226 5360 5208
f 5349 5359 5289
f 5041 5055 5043
f 5345 5128 5333
f 5108 5332 5085
f 5172 5343 5340
f 5085 5332 5331
f 5358 5352 5319
f 5315 5317 5297
f 5334 5329 5323
f 5225 5263 5317
f 5297 5296 5315
f 5116 5361 4977
f 5208 5263 5209
f 5105 5122 5101
f 5070 5362 5313
f 5169 5168 5363
f 5143 5068 5184
f 5075 5261 5108
f 5302 5170 5195
f 5341 5197 5318
f 5214 5071 5070
f 5162 5219 5300
f 5076 5216 5299
f 5169 5363 5318
f 5338 5305 5189
f 5033 5035 5008
f 5304 5046 5166
f 5305 5338 5261
f 5205 5292 5204
f 5292 5360 5226
f 5301 5364 5195
f 5208 5360 5205
f 5317 5339 5297
f 5124 5171 5089
f 5121 5098 4989
f 5078 5006 5353
f 5159 5194 5088
f 5035 5110 5173
f 5118 5160 5361
f 5033 5139 5220
f 5327 5345 5333
f 5145 5146 5031
f 5338 5188 5280
f 5221 5298 5028
f 5309 5308 5050
f 5064 5264 5065
f 5285 5264 5064
f 5299 5077 5076
f 5255 5189 5305
f 5012 5119 5052
f 5358 5347 5352
f 5257 5308 5230
f 4987 5054 4988
f 5291 5219 5218
f 5191 5193 5120
f 4989 5098 5165
f 5331 5076 5085
f 5007 5310 5024
f 5301 5195 5194
f 5105 5172 5127
f 5192 4988 5054
f 5360 5292 5205
f 5197 5312 5038
f 5017 5006 5078
f 5198 5163 5096
f 5255 5115 5186
f 5249 5355 5354
f 5082 5084 5177
f 5150 5167 5149
f 4971 5007 5017
f 4994 5025 4998
f 5210 5290 5147
f 5196 5051 5050
f 5338 5108 5261
f 5315 5227 5303
f 5036 5343 5172
f 5286 5129 5287
f 5321 5030 5322
f 5140 5114 5138
f 5231 5285 5064
f 5060 5048 5074
f 5275 4991 5066
f 5215 5019 5199
f 5197 5040 5169
f 5347 5356 5352
f 5155 5232 5001
f 5196 5064 4978
f 5198 5167 5182
f 5187 5140 5281
f 5180 5249 5354
f 5121 4989 5232
f 5293 5028 5298
f 5349 5348 5331
f 5007 5139 5008
f 5205 5045 5365
f 5166 5150 5304
f 5139 5033 5008
f 5051 5361 5012
f 5234 5138 5113
f 5208 5205 5130
f 5309 5072 5073
f 5286 5263 5130
f 5087 5011 5088
f 5181 5295 5339
f 5180 5354 5181
f 5262 5233 5113
f 5317 5315 5316
f 5280 5128 5108
f 5001 5000 5161
f 5125 5158 5157
f 5306 5203 5279
f 5012 5011 5120
f 5068 5144 4997
f 5221 5231 5222
f 5357 5326 5342
f 5146 5234 5176
f 5361 5051 4977
f 5079 5179 5287
f 5334 5323 5335
f 4987 5055 5054
f 5155 5052 5119
f 5174 5109 5201
f 5361 5160 5010
f 5187 5132 5185
f 5278 5275 5066
f 5134 4979 5135
f 5124 5091 5104
f 5130 5205 5131
f 5203 5202 5180
f 5127 5327 5333
f 5345 5327 5346
f 5240 5186 5185
f 5017 5007 5006
f 5019 5212 5200
f 5206 5198 5182
f 5365 5131 5205
f 5045 5129 5365
f 5310 5007 5026
f 5230 5073 5229
f 5198 4973 5149
f 5090 5158 5125
f 5001 5050 5155
f 5230 5178 5256
f 5304 5150 5366
f 5097 5009 5062
f 5129 5286 5130
f 5009 5097 5235
f 5132 5187 5281
f 5361 5116 5118
f 5115 5261 5262
f 5145 5141 5140
f 5309 5050 5161
f 5187 5186 5114
f 5362 5070 5266
f 4986 5157 5156
f 5136 5169 5040
f 5063 5048 5021
f 5256 5178 5084
f 5288 5315 5296
f 5083 5221 5084
f 5080 5136 5040
f 5133 5062 5009
f 4970 5017 5079
f 5173 5008 5035
f 5179 5279 5180
f 5191 5086 5248
f 5235 5126 5009
f 5126 5235 5091
f 5125 5157 4988
f 5310 5026 5198
f 4992 5163 5206
f 5126 5125 4988
f 5215 5199 5313
f 5117 4979 5134
f 4986 5156 5359
f 5072 5309 5161
f 5081 5265 5069
f 5131 5365 5129
f 5179 5078 5353
f 5043 4983 5042
f 4982 5133 5009
f 4970 5304 5366
f 5184 5068 5067
f 5009 5126 5192
f 5150 4968 5366
f 4990 5018 5066
f 5265 5153 5330
f 4973 4968 5149
f 5012 5361 5010
f 5278 5056 5275
f 5338 5280 5108
f 5214 5070 5199
f 5129 5079 5287
f 5192 5126 4988
f 5366 4968 4970
f 5254 5189 5255
f 4968 4973 4972
f 5045 5314 5046
f 5025 5220 5053
f 4972 4969 4968
f 4975 4974 5137
f 4978 5065 4979
f 5009 5192 4980
f 5174 5110 5109
f 5185 5132 5184
f 5012 5120 5119
f 5157 4986 4988
f 5138 5145 5140
f 5303 5225 5316
f 5184 5067 5074
f 5039 5152 5081
f 5274 5337 4999
f 5317 5263 5286
f 4986 5359 4995
f 5310 5198 5096
f 5167 5166 5183
f 5120 5193 5098
f 5367 5368 5369
f 5370 5371 5372
f 5373 5374 5375
f 5376 5377 5378
f 5379 5380 5381
f 5382 5383 5384
f 5385 5380 5386
f 5387 5388 5389
f 5390 5391 5392
f 5393 5394 5395
f 5401 5402 5403
f 5404 5405 5406
f 5407 5408 5409
f 5410 5391 5390
f 5411 5412 5413
f 5414 5415 5416
f 5417 5412 5418
f 5420 5419 5421
f 5373 5391 5422
f 5423 5424 5425
f 5384 5383 5386
f 5426 5427 5428
f 5379 5429 5384
f 5391 5430 5431
f 5377 5376 5432
f 5390 5433 5411
f 5434 5435 5436
f 5437 5438 5439
f 5440 5441 5442
f 5443 5444 5445
f 5446 5447 5448
f 5449 5450 5451
f 5452 5453 5454
f 5455 5456 5457
f 5413 5458 5390
f 5459 5460 5461
f 5462 5463 5464
f 5465 5466 5467
f 5468 5469 5470
f 5471 5472 5473
f 5474 5475 5476
f 5477 5478 5479
f 5480 5481 5482
f 5473 5485 5486
f 5417 5418 5488
f 5413 5489 5458
f 5490 5491 5374
f 5458 5410 5390
f 5367 5411 5433
f 5410 5464 5422
f 5492 5493 5494
f 5373 5495 5496
f 5464 5410 5458
f 5495 5463 5499
f 5502 5503 5493
f 5504 5505 5506
f 5507 5508 5502
f 5509 5510 5499
f 5511 5512 5513
f 5422 5464 5463
f 5514 5444 5443
f 5375 5391 5373
f 5515 5516 5517
f 5518 5509 5519
f 5489 5412 5417
f 5520 5367 5369
f 5521 5522 5523
f 5380 5379 5524
f 5526 5527 5528
f 5531 5456 5449
f 5430 5391 5532
f 5496 5374 5373
f 5528 5527 5533
f 5489 5534 5519
f 5535 5536 5537
f 5474 5538 5475
f 5489 5539 5534
f 5448 5540 5425
f 5513 5541 5542
f 5456 5531 5457
f 5462 5464 5519
f 5490 5543 5544
f 5475 5538 5545
f 5546 5547 5548
f 5491 5490 5531
f 5488 5554 5417
f 5367 5520 5411
f 5556 5435 5555
f 5430 5557 5558
f 5469 5552 5559
f 5560 5561 5562
f 5408 5563 5564
f 5519 5509 5462
f 5382 5565 5566
f 5567 5568 5569
f 5570 5571 5572
f 5495 5499 5543
f 5392 5431 5574
f 5575 5406 5405
f 5543 5499 5544
f 5576 5577 5547
f 5578 5579 5450
f 5485 5580 5486
f 5390 5411 5413
f 5516 5581 5582
f 5558 5584 5585
f 5440 5586 5587
f 5588 5589 5590
f 5592 5593 5594
f 5595 5596 5597
f 5539 5417 5554
f 5388 5387 5454
f 5388 5438 5389
f 5584 5558 5557
f 5518 5497 5510
f 5425 5598 5448
f 5596 5595 5599
f 5417 5539 5489
f 5518 5534 5497
f 5502 5600 5507
f 5436 5601 5602
f 5565 5382 5384
f 5375 5532 5391
f 5603 5478 5437
f 5604 5466 5605
f 5606 5526 5374
f 5607 5608 5609
f 5610 5426 5611
f 5574 5612 5368
f 5534 5539 5487
f 5613 5614 5615
f 5489 5413 5412
f 5616 5617 5618
f 5532 5533 5430
f 5433 5390 5392
f 5619 5620 5621
f 5373 5422 5495
f 5543 5490 5496
f 5422 5391 5410
f 5509 5499 5462
f 5377 5432 5622
f 5506 5505 5515
f 5623 5371 5624
f 5625 5514 5529
f 5474 5626 5538
f 5628 5629 5630
f 5431 5430 5558
f 5527 5631 5632
f 5557 5430 5533
f 5612 5574 5431
f 5593 5605 5594
f 5464 5458 5519
f 5632 5533 5527
f 5633 5634 5614
f 5411 5520 5418
f 5519 5534 5518
f 5635 5493 5636
f 5396 5637 5397
f 5638 5639 5603
f 5641 5620 5619
f 5642 5643 5644
f 5550 5544 5499
f 5412 5411 5418
f 5646 5647 5648
f 5650 5651 5652
f 5497 5534 5498
f 5423 5591 5619
f 5609 5657 5607
f 5544 5457 5490
f 5374 5526 5375
f 5371 5660 5566
f 5627 5397 5637
f 5509 5518 5510
f 5392 5367 5433
f 5543 5496 5495
f 5532 5375 5528
f 5527 5526 5664
f 5488 5573 5554
f 5392 5574 5367
f 5665 5607 5613
f 5443 5551 5529
f 5564 5666 5661
f 5495 5422 5463
f 5533 5632 5557
f 5459 5667 5460
f 5528 5533 5532
f 5668 5504 5606
f 5670 5671 5672
f 5383 5654 5386
f 5469 5409 5673
f 5564 5663 5673
f 5372 5587 5674
f 5531 5490 5457
f 5675 5512 5676
f 5559 5677 5469
f 5678 5427 5610
f 5498 5534 5487
f 5463 5462 5499
f 5476 5467 5604
f 5679 5680 5678
f 5579 5681 5682
f 5664 5631 5527
f 5633 5683 5684
f 5407 5409 5468
f 5505 5685 5515
f 5453 5686 5439
f 5446 5688 5689
f 5590 5505 5504
f 5392 5391 5431
f 5619 5591 5618
f 5625 5500 5692
f 5616 5618 5591
f 5522 5671 5481
f 5529 5501 5625
f 5552 5551 5559
f 5639 5638 5693
f 5542 5541 5485
f 5695 5696 5500
f 5553 5637 5396
f 5698 5699 5569
f 5478 5603 5479
f 5625 5501 5500
f 5585 5612 5558
f 5692 5696 5700
f 5375 5526 5528
f 5631 5517 5582
f 5653 5701 5654
f 5459 5415 5667
f 5549 5406 5702
f 5661 5666 5662
f 5563 5408 5407
f 5402 5401 5703
f 5704 5705 5690
f 5395 5706 5707
f 5636 5708 5398
f 5709 5710 5608
f 5711 5669 5450
f 5491 5668 5606
f 5455 5449 5456
f 5517 5631 5664
f 5627 5637 5712
f 5606 5515 5517
f 5379 5381 5713
f 5514 5625 5714
f 5416 5586 5442
f 5702 5575 5711
f 5401 5477 5479
f 5374 5496 5490
f 5431 5558 5612
f 5715 5442 5716
f 5610 5611 5717
f 5584 5557 5632
f 5445 5677 5559
f 5519 5458 5489
f 5523 5480 5414
f 5455 5711 5449
f 5578 5681 5579
f 5481 5719 5482
f 5708 5720 5536
f 5712 5637 5721
f 5574 5368 5367
f 5713 5722 5723
f 5513 5675 5541
f 5724 5725 5595
f 5641 5508 5507
f 5606 5517 5664
f 5727 5728 5700
f 5714 5729 5730
f 5731 5732 5475
f 5735 5736 5737
f 5738 5739 5740
f 5677 5739 5738
f 5549 5455 5457
f 5741 5742 5743
f 5745 5739 5677
f 5747 5748 5740
f 5746 5749 5750
f 5751 5743 5752
f 5753 5742 5734
f 5606 5504 5506
f 5729 5749 5751
f 5668 5491 5588
f 5754 5747 5755
f 5579 5451 5450
f 5427 5568 5428
f 5473 5756 5560
f 5687 5731 5640
f 5382 5660 5658
f 5739 5745 5755
f 5740 5748 5757
f 5749 5758 5751
f 5759 5745 5760
f 5761 5714 5730
f 5652 5682 5650
f 5515 5606 5506
f 5590 5504 5588
f 5743 5751 5741
f 5659 5721 5637
f 5751 5758 5741
f 5677 5738 5470
f 5762 5763 5471
f 5752 5761 5730
f 5757 5764 5765
f 5765 5764 5735
f 5766 5762 5580
f 5421 5419 5726
f 5416 5461 5586
f 5740 5735 5738
f 5504 5668 5588
f 5767 5745 5445
f 5737 5676 5407
f 5736 5676 5737
f 5470 5738 5737
f 5653 5645 5769
f 5752 5743 5767
f 5760 5753 5759
f 5685 5505 5482
f 5761 5767 5444
f 5494 5493 5615
f 5531 5770 5491
f 5730 5751 5752
f 5763 5744 5472
f 5682 5652 5579
f 5761 5752 5767
f 5385 5386 5701
f 5674 5771 5772
f 5651 5773 5774
f 5733 5754 5753
f 5723 5775 5713
f 5587 5623 5693
f 5764 5744 5762
f 5718 5769 5645
f 5592 5643 5602
f 5776 5745 5767
f 5776 5753 5760
f 5628 5630 5572
f 5451 5579 5652
f 5658 5660 5370
f 5761 5444 5514
f 5660 5382 5566
f 5385 5701 5769
f 5531 5449 5460
f 5650 5721 5372
f 5745 5776 5760
f 5740 5765 5735
f 5651 5451 5652
f 5650 5372 5773
f 5747 5754 5748
f 5757 5748 5744
f 5514 5714 5761
f 5734 5733 5753
f 5762 5744 5763
f 5737 5468 5470
f 5482 5589 5480
f 5467 5476 5646
f 5759 5755 5745
f 5625 5692 5714
f 5767 5743 5776
f 5754 5755 5759
f 5611 5421 5777
f 5434 5436 5602
f 5407 5468 5737
f 5624 5565 5429
f 5445 5444 5767
f 5747 5740 5755
f 5757 5744 5764
f 5472 5471 5763
f 5778 5749 5729
f 5735 5764 5736
f 5445 5745 5677
f 5749 5746 5758
f 5743 5742 5753
f 5741 5758 5742
f 5721 5370 5372
f 5651 5774 5460
f 5764 5762 5766
f 5755 5740 5739
f 5729 5751 5730
f 5757 5765 5740
f 5571 5570 5556
f 5764 5766 5736
f 5729 5714 5779
f 5687 5780 5465
f 5776 5743 5753
f 5736 5766 5676
f 5738 5735 5737
f 5748 5754 5733
f 5524 5384 5386
f 5754 5759 5753
f 5421 5611 5420
f 5781 5782 5655
f 5770 5588 5491
f 5426 5783 5784
f 5590 5482 5505
f 5601 5592 5602
f 5415 5459 5416
f 5785 5385 5769
f 5688 5634 5689
f 5371 5370 5660
f 5427 5426 5610
f 5624 5566 5565
f 5786 5787 5380
f 5398 5708 5399
f 5535 5626 5788
f 5381 5789 5713
f 5611 5777 5717
f 5774 5773 5772
f 5382 5400 5383
f 5667 5589 5770
f 5675 5513 5512
f 5432 5790 5791
f 5792 5793 5639
f 5794 5720 5708
f 5786 5385 5785
f 5662 5666 5607
f 5503 5708 5636
f 5478 5477 5437
f 5564 5661 5663
f 5613 5615 5665
f 5703 5603 5793
f 5494 5615 5492
f 5536 5376 5399
f 5666 5564 5710
f 5792 5639 5623
f 5448 5688 5446
f 5773 5372 5674
f 5385 5786 5380
f 5705 5704 5784
f 5524 5386 5380
f 5791 5777 5421
f 5634 5492 5614
f 5696 5695 5649
f 5689 5634 5633
f 5421 5726 5791
f 5694 5659 5637
f 5400 5382 5658
f 5795 5438 5477
f 5536 5399 5708
f 5460 5774 5796
f 5613 5633 5614
f 5792 5624 5429
f 5797 5782 5798
f 5408 5673 5409
f 5524 5379 5384
f 5443 5445 5559
f 5719 5670 5685
f 5469 5677 5470
f 5694 5637 5553
f 5482 5590 5589
f 5773 5651 5650
f 5611 5426 5704
f 5775 5723 5703
f 5712 5721 5650
f 5454 5453 5388
f 5685 5516 5515
f 5479 5603 5703
f 5787 5786 5785
f 5692 5500 5696
f 5415 5589 5667
f 5772 5773 5674
f 5530 5704 5690
f 5399 5376 5378
f 5792 5623 5624
f 5577 5537 5799
f 5800 5446 5689
f 5648 5801 5646
f 5523 5522 5481
f 5655 5656 5447
f 5796 5461 5460
f 5700 5728 5692
f 5443 5559 5551
f 5493 5503 5636
f 5588 5770 5589
f 5701 5386 5654
f 5513 5802 5511
f 5409 5469 5468
f 5674 5587 5771
f 5783 5426 5428
f 5792 5429 5379
f 5667 5770 5531
f 5450 5449 5711
f 5426 5784 5704
f 5503 5502 5794
f 5401 5479 5703
f 5493 5492 5502
f 5405 5525 5575
f 5481 5671 5719
f 5402 5703 5723
f 5517 5516 5582
f 5800 5684 5781
f 5708 5503 5794
f 5564 5673 5408
f 5480 5523 5481
f 5803 5804 5805
f 5806 5807 5808
f 5808 5556 5809
f 5678 5806 5810
f 5811 5804 5809
f 5467 5801 5465
f 5415 5414 5480
f 5803 5805 5698
f 5775 5792 5379
f 5804 5811 5805
f 5698 5805 5811
f 5809 5556 5811
f 5711 5575 5669
f 5555 5811 5556
f 5807 5556 5808
f 5810 5808 5809
f 5812 5581 5685
f 5806 5571 5807
f 5806 5808 5810
f 5701 5653 5769
f 5807 5571 5556
f 5804 5803 5568
f 5414 5416 5716
f 5688 5448 5598
f 5813 5600 5634
f 5688 5598 5814
f 5634 5688 5814
f 5587 5772 5771
f 5814 5598 5815
f 5815 5598 5424
f 5813 5634 5815
f 5801 5467 5646
f 5634 5814 5815
f 5724 5484 5545
f 5406 5575 5702
f 5815 5424 5813
f 5424 5621 5813
f 5587 5586 5772
f 5816 5817 5818
f 5779 5817 5778
f 5714 5692 5819
f 5820 5817 5821
f 5818 5779 5819
f 5778 5729 5779
f 5779 5714 5819
f 5750 5823 5822
f 5817 5820 5823
f 5820 5822 5823
f 5778 5750 5749
f 5817 5779 5818
f 5728 5818 5819
f 5547 5577 5824
f 5821 5817 5816
f 5414 5716 5825
f 5580 5762 5471
f 5793 5603 5639
f 5817 5823 5778
f 5816 5728 5727
f 5623 5372 5371
f 5547 5546 5576
f 5818 5728 5816
f 5728 5819 5692
f 5614 5492 5615
f 5578 5450 5669
f 5476 5604 5474
f 5810 5809 5679
f 5563 5512 5564
f 5403 5826 5401
f 5709 5607 5666
f 5512 5710 5564
f 5809 5804 5679
f 5678 5810 5679
f 5607 5709 5608
f 5680 5679 5804
f 5600 5492 5634
f 5676 5512 5563
f 5629 5628 5717
f 5512 5802 5710
f 5790 5593 5791
f 5777 5791 5593
f 5804 5568 5680
f 5427 5678 5680
f 5793 5792 5775
f 5563 5407 5676
f 5666 5710 5709
f 5512 5511 5802
f 5593 5629 5777
f 5568 5427 5680
f 5628 5610 5717
f 5432 5827 5604
f 5676 5766 5580
f 5802 5608 5710
f 5606 5374 5491
f 5812 5685 5670
f 5593 5790 5604
f 5610 5628 5678
f 5536 5535 5827
f 5657 5613 5607
f 5580 5675 5676
f 5704 5420 5611
f 5609 5608 5828
f 5608 5802 5513
f 5650 5627 5712
f 5806 5678 5829
f 5775 5703 5793
f 5678 5628 5829
f 5535 5788 5827
f 5683 5613 5657
f 5609 5683 5657
f 5830 5828 5608
f 5667 5531 5460
f 5635 5615 5493
f 5442 5825 5716
f 5541 5580 5485
f 5549 5544 5550
f 5629 5593 5592
f 5604 5605 5593
f 5717 5777 5629
f 5567 5428 5568
f 5571 5806 5829
f 5451 5651 5460
f 5572 5829 5628
f 5828 5831 5609
f 5720 5794 5832
f 5711 5549 5702
f 5720 5799 5537
f 5452 5825 5442
f 5788 5474 5604
f 5502 5508 5794
f 5633 5613 5683
f 5831 5683 5609
f 5828 5830 5395
f 5395 5830 5393
f 5442 5715 5416
f 5542 5833 5513
f 5693 5686 5440
f 5789 5722 5713
f 5834 5394 5393
f 5376 5536 5827
f 5477 5826 5795
f 5569 5568 5803
f 5829 5572 5571
f 5630 5601 5572
f 5832 5799 5720
f 5671 5522 5672
f 5535 5537 5626
f 5626 5474 5788
f 5414 5825 5523
f 5466 5604 5467
f 5832 5508 5835
f 5544 5549 5457
f 5486 5580 5471
f 5798 5831 5828
f 5825 5452 5836
f 5722 5837 5723
f 5485 5473 5542
f 5833 5562 5513
f 5638 5686 5693
f 5834 5838 5394
f 5685 5482 5719
f 5834 5562 5838
f 5836 5839 5825
f 5726 5622 5432
f 5586 5461 5772
f 5623 5639 5693
f 5629 5592 5630
f 5508 5832 5794
f 5605 5643 5594
f 5476 5840 5646
f 5459 5461 5416
f 5705 5691 5690
f 5686 5638 5603
f 5569 5699 5567
f 5569 5803 5698
f 5451 5460 5449
f 5592 5601 5630
f 5824 5799 5832
f 5799 5824 5577
f 5577 5599 5537
f 5537 5599 5626
f 5732 5840 5476
f 5617 5832 5835
f 5621 5600 5813
f 5620 5507 5600
f 5633 5800 5689
f 5471 5473 5486
f 5831 5798 5684
f 5447 5656 5540
f 5713 5775 5379
f 5395 5707 5798
f 5685 5581 5516
f 5706 5395 5394
f 5715 5716 5416
f 5440 5587 5693
f 5560 5542 5473
f 5562 5833 5560
f 5838 5706 5394
f 5406 5549 5404
f 5838 5562 5561
f 5560 5833 5542
f 5834 5608 5513
f 5441 5440 5686
f 5643 5592 5594
f 5437 5686 5603
f 5402 5723 5837
f 5644 5466 5841
f 5436 5570 5601
f 5832 5617 5824
f 5599 5577 5576
f 5626 5599 5725
f 5669 5575 5525
f 5538 5626 5725
f 5648 5465 5801
f 5841 5466 5465
f 5461 5796 5774
f 5475 5732 5476
f 5615 5697 5665
f 5617 5835 5618
f 5687 5647 5840
f 5389 5438 5795
f 5732 5731 5840
f 5641 5507 5620
f 5624 5371 5566
f 5641 5618 5835
f 5684 5800 5633
f 5797 5798 5707
f 5798 5782 5684
f 5561 5706 5838
f 5834 5830 5608
f 5683 5831 5684
f 5788 5604 5827
f 5686 5437 5439
f 5841 5780 5644
f 5699 5698 5842
f 5435 5556 5570
f 5673 5552 5469
f 5435 5570 5436
f 5824 5617 5843
f 5824 5548 5547
f 5576 5596 5599
f 5595 5725 5599
f 5545 5538 5725
f 5545 5725 5724
f 5647 5687 5648
f 5606 5664 5526
f 5687 5465 5648
f 5465 5780 5841
f 5687 5840 5731
f 5619 5618 5641
f 5598 5425 5424
f 5446 5800 5447
f 5472 5756 5473
f 5672 5522 5521
f 5782 5781 5684
f 5561 5560 5756
f 5452 5454 5836
f 5665 5662 5607
f 5604 5790 5432
f 5546 5597 5596
f 5395 5798 5828
f 5644 5643 5605
f 5686 5453 5441
f 5452 5441 5453
f 5514 5443 5529
f 5601 5570 5572
f 5602 5643 5642
f 5642 5644 5780
f 5768 5842 5698
f 5726 5432 5791
f 5811 5768 5698
f 5843 5548 5824
f 5576 5546 5596
f 5484 5475 5545
f 5731 5475 5484
f 5424 5619 5621
f 5447 5800 5781
f 5782 5797 5655
f 5492 5600 5502
f 5442 5586 5440
f 5616 5843 5617
f 5780 5583 5642
f 5811 5555 5768
f 5627 5650 5682
f 5434 5602 5583
f 5483 5548 5843
f 5616 5483 5843
f 5523 5839 5521
f 5548 5483 5546
f 5724 5595 5597
f 5697 5615 5635
f 5583 5780 5687
f 5640 5731 5484
f 5423 5619 5424
f 5448 5447 5540
f 5447 5781 5655
f 5523 5825 5839
f 5646 5840 5647
f 5546 5483 5597
f 5835 5508 5641
f 5376 5827 5432
f 5600 5621 5620
f 5644 5605 5466
f 5441 5452 5442
f 5437 5477 5438
f 5439 5388 5453
f 5420 5704 5530
f 5372 5623 5587
f 5541 5675 5580
f 5719 5671 5670
f 5720 5537 5536
f 5484 5724 5597
f 5597 5483 5484
f 5830 5834 5393
f 5583 5602 5642
f 5388 5439 5438
f 5826 5477 5401
f 5774 5772 5461
f 5380 5787 5381
f 5513 5562 5834
f 5384 5429 5565
f 5589 5415 5480
f 5711 5455 5549
f 5823 5750 5778
f 5844 5845 5846
f 5847 5848 5849
f 5850 5851 5852
f 5853 5854 5855
f 5856 5857 5858
f 5859 5860 5861
f 5862 5863 5864
f 5865 5859 5861
f 5866 5867 5868
f 5869 5870 5871
f 5873 5874 5875
f 5876 5877 5878
f 5881 5882 5883
f 5884 5885 5886
f 5887 5888 5889
f 5890 5891 5892
f 5893 5894 5895
f 5896 5860 5897
f 5860 5898 5899
f 5900 5901 5902
f 5903 5904 5905
f 5906 5907 5908
f 5847 5909 5848
f 5904 5884 5905
f 5910 5911 5912
f 5913 5874 5914
f 5915 5916 5917
f 5918 5919 5920
f 5922 5923 5924
f 5925 5926 5927
f 5928 5908 5929
f 5931 5885 5863
f 5932 5933 5929
f 5855 5934 5932
f 5935 5936 5871
f 5857 5898 5937
f 5872 5938 5939
f 5915 5940 5941
f 5850 5942 5851
f 5943 5900 5902
f 5944 5875 5945
f 5946 5902 5853
f 5947 5948 5949
f 5950 5951 5952
f 5953 5864 5893
f 5898 5849 5954
f 5955 5956 5904
f 5850 5957 5942
f 5923 5897 5958
f 5959 5861 5960
f 5932 5934 5933
f 5857 5961 5858
f 5962 5963 5964
f 5965 5901 5966
f 5856 5899 5857
f 5967 5968 5966
f 5969 5963 5970
f 5971 5919 5912
f 5972 5973 5850
f 5969 5974 5975
f 5929 5976 5891
f 5977 5978 5913
f 5923 5979 5897
f 5979 5847 5896
f 5954 5848 5980
f 5981 5853 5965
f 5871 5982 5935
f 5924 5983 5984
f 5886 5931 5985
f 5964 5986 5962
f 5963 5962 5987
f 5988 5989 5887
f 5922 5882 5881
f 5889 5882 5924
f 5988 5990 5989
f 5991 5992 5891
f 5993 5994 5995
f 5962 5864 5953
f 5994 5996 5997
f 5998 5954 5980
f 5953 5876 5987
f 5929 5933 5928
f 5999 6000 6001
f 5900 6002 6003
f 5924 5882 5922
f 5902 5965 5853
f 5885 5893 5864
f 6004 6005 6006
f 6007 6008 5936
f 6009 6010 6011
f 5881 5905 5980
f 5999 6012 6000
f 5982 6013 6014
f 6009 6015 6016
f 6017 6003 6002
f 5895 5876 5953
f 5922 5979 5923
f 5917 6001 5915
f 5931 6018 5937
f 6019 5893 5884
f 6020 5878 5877
f 5876 5895 5952
f 5941 6004 6006
f 6000 6021 6022
f 5985 5931 5937
f 5997 6023 6024
f 6025 5880 5879
f 5881 5909 5847
f 5980 5905 5998
f 5855 5854 6026
f 5943 5992 5991
f 6027 5951 6028
f 6019 5904 5956
f 6029 6013 6030
f 5894 5893 5956
f 5898 5954 5998
f 5928 5906 5908
f 5895 5894 5950
f 5892 6031 6032
f 6033 6034 6035
f 5981 6036 6037
f 6038 5988 6039
f 5902 5946 5992
f 5867 5866 6040
f 5860 5849 5898
f 5876 5952 5877
f 5996 5994 5993
f 6018 5931 5863
f 6041 6006 5892
f 6020 5877 6021
f 5975 5963 5969
f 6021 5877 6022
f 6022 5877 5951
f 6042 5927 5990
f 5939 6025 5879
f 5950 5894 6043
f 6042 5874 5873
f 6021 6000 6012
f 5951 5950 6043
f 6044 6045 5894
f 5956 5893 6019
f 5904 5888 6046
f 5955 6046 6047
f 5932 5891 5992
f 6048 6015 6049
f 5925 6050 6047
f 5955 6047 6045
f 6051 5873 5875
f 5846 5845 5875
f 5940 6028 6052
f 5844 6032 5845
f 5906 6053 5907
f 5932 5992 5855
f 5847 5979 5922
f 5925 6047 5926
f 6015 6011 5916
f 5868 6054 5866
f 5982 5871 5870
f 5960 5861 6055
f 5893 5895 5953
f 5973 6056 6054
f 6028 5951 6043
f 5944 6002 5846
f 5955 6045 5956
f 6054 5868 6014
f 5867 6057 5935
f 5924 5988 5887
f 6058 6001 5917
f 5921 5918 5920
f 5916 5915 5941
f 5920 5919 5930
f 6059 6032 6031
f 5930 5919 5971
f 5943 5846 5900
f 6055 6060 6061
f 6052 6043 6045
f 6052 6028 6043
f 5919 5910 5912
f 5912 5911 5971
f 5914 6062 6039
f 6038 6062 5990
f 6034 5971 6035
f 5911 6035 5971
f 5861 5860 6060
f 6030 6013 6063
f 6033 6035 6064
f 6065 5938 6033
f 6064 6065 6033
f 6065 5939 5938
f 5872 5939 5879
f 6068 5880 6025
f 6069 6070 6001
f 6067 5880 6068
f 6001 6000 6027
f 5975 5986 5964
f 6067 6071 6066
f 6062 5914 6042
f 6068 6071 6067
f 5934 5855 6026
f 5926 6047 6046
f 6072 6073 6074
f 6075 6076 6077
f 6078 6079 6072
f 6080 6081 6082
f 5972 6056 5973
f 6083 6084 6085
f 6072 6079 6076
f 6086 6087 5934
f 6059 6031 6006
f 6074 6073 6082
f 6084 6083 6078
f 6082 6081 6074
f 5917 5916 6011
f 6007 5935 6088
f 5883 5903 5905
f 5926 6046 5990
f 6073 6076 6075
f 6037 6089 6090
f 5888 5883 5882
f 6074 6084 6072
f 5867 6040 6057
f 6073 6072 6076
f 5988 6038 5990
f 6078 6072 6084
f 6091 6092 6093
f 6084 6074 6085
f 6094 6095 6096
f 5849 5896 5847
f 6007 6097 6008
f 6051 6032 5927
f 6052 6050 5925
f 5989 5990 6046
f 6027 6022 5951
f 6042 5990 6062
f 6023 5997 5996
f 5973 6098 5957
f 5922 5881 5847
f 5883 5888 5904
f 6037 6090 5981
f 6054 6014 6029
f 6048 6041 5976
f 5902 5992 5943
f 6002 5944 6017
f 6042 6051 5927
f 6045 6047 6050
f 6004 5940 6052
f 6027 6000 6022
f 6099 6100 6101
f 6102 6094 6103
f 5940 6104 6028
f 6011 6058 5917
f 5871 5936 5869
f 5915 6001 6104
f 6105 5866 6056
f 5890 5846 5943
f 5953 5987 5962
f 6052 6059 6005
f 6099 6107 6108
f 5929 5908 5976
f 6003 5901 5900
f 5869 5854 5981
f 6109 6030 6098
f 5955 5904 6046
f 6013 6029 6014
f 5892 6032 5844
f 5884 5893 5885
f 5925 5927 6059
f 6111 6059 6052
f 6106 6077 6112
f 6112 6110 6106
f 5965 5966 6036
f 6113 6107 6099
f 6013 5870 5948
f 5961 5857 5937
f 6059 5927 6032
f 6109 5973 6054
f 6105 6040 5866
f 6114 6115 6116
f 5936 6119 5869
f 5907 6048 5908
f 6112 6077 6076
f 6006 6005 6059
f 6119 5936 6008
f 5851 6121 5852
f 6079 6112 6076
f 6110 6112 6122
f 5895 5950 5952
f 6015 6123 6016
f 6006 6049 5916
f 5868 5982 6014
f 6124 6094 6101
f 6051 5875 5845
f 6079 6078 6125
f 6125 6127 6079
f 6083 6128 6078
f 5845 6032 6051
f 6125 6128 6129
f 6129 6127 6125
f 5994 6020 5995
f 6104 6027 6028
f 6063 6013 5948
f 5864 5863 5885
f 6128 6083 6130
f 6049 6015 5916
f 6007 5936 5935
f 5982 5867 5935
f 6044 5894 5956
f 5973 6109 6098
f 5890 5943 5991
f 6131 6126 6127
f 6131 6127 6133
f 6060 5856 6061
f 5946 5853 5855
f 5897 5979 5896
f 6041 6048 6049
f 6130 6085 6134
f 6133 6129 6128
f 6052 6045 6050
f 5870 6013 5982
f 6019 5884 5904
f 5981 6090 6135
f 6131 6132 6126
f 6136 6130 6134
f 5866 6054 6056
f 5925 6059 6111
f 6026 5854 5869
f 6016 5907 6053
f 5989 5888 5887
f 5846 5875 5944
f 6137 6136 6138
f 5908 6048 5976
f 5886 5905 5884
f 5846 5890 5844
f 5976 6139 5891
f 6132 6131 6141
f 6137 6142 6133
f 6143 6136 6134
f 6109 6054 6029
f 5949 5948 5870
f 6056 5972 6144
f 6043 5894 6045
f 5968 6036 5966
f 6145 6146 6147
f 6135 6090 5949
f 6136 6148 6138
f 5997 5969 5970
f 6142 6137 6138
f 6146 6145 6148
f 6143 6148 6136
f 6148 6143 6146
f 5957 5850 5973
f 6149 6116 6150
f 6141 6142 6152
f 6148 6153 6138
f 5905 5881 5883
f 5970 5878 5994
f 5902 5901 5965
f 5985 5937 5898
f 6154 6134 6085
f 5915 6104 5940
f 6005 6004 6052
f 5980 5909 5881
f 5914 5977 5913
f 6151 6140 6155
f 6142 6138 6152
f 6156 6148 6145
f 6108 6114 6149
f 5864 5962 5986
f 6153 6152 6138
f 6152 6155 6141
f 6149 6099 6108
f 6124 6101 6100
f 6153 6158 6152
f 6153 6156 6158
f 6114 6108 6159
f 6160 6158 6156
f 6152 6161 6155
f 6158 6160 6162
f 6155 6161 6163
f 6162 6164 6161
f 5890 5991 5891
f 5916 5941 6006
f 6166 6163 6161
f 6164 6162 6167
f 5887 5889 5924
f 5892 5844 5890
f 6071 6117 6066
f 6168 6118 6169
f 6170 6171 6172
f 5861 6060 6055
f 6001 6027 6104
f 5848 5954 5849
f 5927 5926 5990
f 6165 6176 6177
f 6178 6173 6166
f 6165 6173 6176
f 6178 6166 6164
f 6097 6007 6088
f 6179 6167 6180
f 6102 6181 6101
f 6176 6182 6174
f 6173 6178 6176
f 6164 6179 6178
f 6175 6182 6176
f 6183 6178 6179
f 6184 6185 6175
f 6140 6141 6155
f 6180 6186 6179
f 6114 6116 6149
f 6176 6185 6184
f 6185 6176 6178
f 6191 6185 6192
f 6183 6179 6193
f 6115 6150 6194
f 5921 6187 6195
f 6196 6178 6183
f 5986 5862 5864
f 5892 6139 6041
f 6197 6191 6192
f 6190 6197 6198
f 5898 5998 5985
f 6178 6196 6185
f 6192 6185 6196
f 5899 6060 5860
f 6193 6199 6183
f 6196 6200 6192
f 6201 6202 5851
f 6199 6193 6203
f 6198 6200 6204
f 6200 6196 6205
f 6206 6207 6208
f 6209 5911 5910
f 6190 6191 6197
f 6205 6204 6200
f 6199 6205 6196
f 5851 5942 6210
f 5865 6211 5859
f 6209 5910 6212
f 6213 5911 6209
f 5868 5867 5982
f 6214 6091 6215
f 6216 6217 6218
f 6216 6218 5957
f 5911 6213 6035
f 5905 5886 5998
f 5857 5899 5898
f 6219 6217 6216
f 5957 6098 6216
f 6210 6220 6221
f 6036 5981 5965
f 6217 6219 6222
f 6030 6216 6098
f 6205 6199 6223
f 6224 6225 6226
f 6090 5947 5949
f 6227 6160 6228
f 6210 6217 6222
f 6222 6229 6210
f 6230 6103 6231
f 5970 5994 5997
f 6219 6030 6232
f 6233 6234 6235
f 6081 6080 6236
f 6237 6213 6238
f 6239 6240 6203
f 6203 6240 6199
f 5983 5924 5923
f 6239 6241 6242
f 6232 6063 6243
f 6188 6169 6118
f 6199 6240 6223
f 6240 6239 6242
f 6244 6223 6245
f 6245 6246 6238
f 6096 6247 6103
f 6233 6226 6234
f 6248 6240 6242
f 6030 6063 6232
f 6101 6094 6102
f 6249 6229 6222
f 6240 6250 6223
f 5939 6251 6252
f 6240 6248 6250
f 6241 6253 6254
f 6248 6241 6254
f 6250 6255 6223
f 6025 6252 6256
f 6257 6254 6258
f 6249 6259 6260
f 6261 6262 6263
f 6063 6264 6243
f 6254 6257 6248
f 6226 6229 6265
f 6243 6264 6266
f 6154 6267 6268
f 6266 6259 6222
f 6269 6235 6270
f 6271 6255 6272
f 6248 6257 6273
f 6274 6258 6275
f 6272 6255 6250
f 6071 6068 6276
f 6277 5978 6278
f 6123 6048 5907
f 6279 6071 6276
f 6270 6265 6280
f 6281 6274 6282
f 6283 6258 6274
f 6284 6285 6286
f 6287 6288 6289
f 6273 6257 6290
f 6291 6292 6293
f 6290 6257 6283
f 6264 6063 5948
f 6294 6281 6282
f 6274 6295 6283
f 6108 6107 6159
f 6274 6275 6282
f 6296 6297 6188
f 6298 6297 6296
f 6299 6279 6288
f 6085 6074 6269
f 6119 6008 6086
f 6300 6301 6302
f 6303 6304 6003
f 6290 6305 6273
f 6274 6281 6295
f 6085 6269 6306
f 6295 6290 6283
f 6090 6089 5947
f 6307 6308 6309
f 6086 6026 6119
f 6310 6294 6311
f 5983 6312 6310
f 6188 6297 6313
f 6280 6249 6314
f 6315 6316 6317
f 6294 6310 6318
f 6166 6161 6164
f 6310 6312 6318
f 6095 6168 6169
f 6305 6208 6301
f 6294 6319 6281
f 6312 5983 5923
f 6313 6320 6321
f 6273 6301 6300
f 6008 6322 6086
f 6323 6264 6089
f 6324 6208 6305
f 6324 6290 6308
f 6071 6296 6117
f 6295 6309 6290
f 6217 6210 6218
f 5958 6325 6312
f 6313 6321 6095
f 6133 6142 6141
f 6308 6208 6324
f 6290 6309 6308
f 5892 6006 6031
f 6202 6121 5851
f 6326 6327 6325
f 6130 6083 6085
f 6253 6258 6254
f 6198 6187 6189
f 6095 6247 6096
f 6162 6161 6152
f 6159 6107 6328
f 6156 6153 6148
f 5918 6212 5919
f 6312 5923 5958
f 6065 6271 6329
f 6116 6115 6194
f 6181 6107 6113
f 6208 6308 6206
f 6237 6035 6213
f 6037 6330 6089
f 6295 6316 6309
f 6318 6316 6319
f 6099 6101 6113
f 6265 6229 6249
f 6331 6323 6332
f 6318 6333 6317
f 6308 6307 6206
f 6229 6225 6210
f 6131 6133 6141
f 6306 6314 6267
f 6334 5859 6211
f 6241 6335 6253
f 6316 6318 6317
f 6247 6207 6231
f 6337 6206 6307
f 6316 6307 6309
f 6267 6314 6260
f 5906 5928 6087
f 6338 6068 6339
f 6316 6340 6307
f 6316 6315 6340
f 5853 5981 5854
f 6114 6159 6328
f 6230 6341 6328
f 6288 6279 6289
f 6103 6247 6231
f 5869 6135 5870
f 6296 6071 6279
f 6036 6342 6330
f 6343 6231 6206
f 6344 6143 6134
f 6211 6326 6334
f 6168 6094 6124
f 6315 6317 6345
f 6194 6150 6116
f 6317 6327 6345
f 6337 6343 6206
f 6122 6112 6079
f 6337 6307 6346
f 6347 6210 6221
f 6102 6103 6181
f 6319 6294 6318
f 6348 6349 6350
f 6008 6097 6322
f 6351 6330 6342
f 6267 6352 6268
f 5959 6353 6211
f 6268 6354 6154
f 6212 6204 6244
f 6154 6355 6344
f 6328 6341 6356
f 5968 6357 6036
f 6058 6069 6001
f 6009 6016 6010
f 6256 6300 6339
f 6315 6358 6340
f 6113 6101 6181
f 5873 6051 6042
f 6359 6193 6186
f 6353 6326 6211
f 6065 6251 5939
f 5960 6360 5959
f 6361 6315 6345
f 6356 6341 6362
f 6146 6143 6344
f 6340 6358 6363
f 6364 6337 6346
f 6363 6346 6340
f 6355 6146 6344
f 6081 6236 6074
f 6326 6365 6327
f 6345 6366 6361
f 6367 6115 6362
f 6341 6231 6368
f 6337 6364 6343
f 6250 6273 6272
f 6342 6369 6351
f 6346 6363 6364
f 6370 6371 6372
f 5846 6002 5900
f 6326 6353 6365
f 6360 5960 6373
f 6089 6330 6374
f 6331 6260 6323
f 6225 6224 6221
f 6226 6265 6234
f 6357 6375 6376
f 6282 6311 6294
f 6323 6259 6264
f 6377 6376 6375
f 6147 6146 6355
f 6378 6379 6380
f 5901 5967 5966
f 6332 6089 6374
f 6381 6357 5968
f 6236 6233 6235
f 6375 6357 6381
f 6376 6382 6342
f 6379 6147 6355
f 6369 6380 6383
f 6267 6383 6352
f 5948 5947 6264
f 6342 6382 6369
f 6380 6379 6354
f 5901 6304 5967
f 6327 6365 6366
f 6270 6280 6314
f 6341 6368 6384
f 6385 6386 6291
f 6272 6300 6271
f 6382 6376 6377
f 6387 6278 6388
f 6303 6017 6389
f 5999 6001 6070
f 6382 6380 6369
f 5949 5870 6135
f 6026 6086 5934
f 6390 6391 6392
f 6381 5968 6303
f 6348 6393 6394
f 5992 5946 5855
f 6377 6375 6381
f 6362 6341 6384
f 5941 5940 6004
f 6304 5901 6003
f 6305 6301 6273
f 6370 6367 6395
f 6214 6372 6371
f 6306 6154 6085
f 5934 6087 5933
f 6303 5968 6304
f 6214 6215 6372
f 6360 6373 6396
f 6367 6362 6384
f 6231 6397 6368
f 6394 6381 6303
f 6364 6397 6343
f 6357 6342 6036
f 6398 6371 6395
f 6145 6147 6399
f 6147 6379 6399
f 6195 6198 6204
f 6271 6237 6246
f 6400 6358 6366
f 6367 6384 6395
f 6368 6397 6401
f 6350 6349 6402
f 6200 6197 6192
f 6398 6395 6403
f 5910 5919 6212
f 5886 5985 5998
f 6346 6307 6340
f 6089 6264 5947
f 6285 6358 6400
f 6404 6366 6365
f 6376 6342 6357
f 6395 6384 6405
f 6368 6401 6384
f 6406 6382 6377
f 6363 6358 6364
f 6260 6259 6323
f 6291 6406 6385
f 6145 6399 6156
f 6360 6353 5959
f 6365 6396 6404
f 6400 6407 6286
f 6384 6401 6408
f 6408 6401 6409
f 6358 6285 6364
f 6410 6236 6080
f 6403 6395 6405
f 6170 6172 6411
f 6367 6150 6115
f 6406 6377 6385
f 6092 6412 6093
f 6413 6404 6396
f 6350 6414 6415
f 6366 6404 6407
f 6380 6382 6406
f 6401 6416 6409
f 6288 6302 6299
f 6364 6285 6417
f 6418 6419 6412
f 6231 6341 6230
f 6407 6404 6420
f 6409 6421 6422
f 5995 6020 6021
f 6423 6405 6422
f 6423 6412 6403
f 6424 6253 6335
f 6425 6412 6423
f 6290 6324 6305
f 6334 6326 6325
f 6426 6359 6186
f 6408 6409 6422
f 6119 6026 5869
f 6416 6417 6409
f 6356 6115 6114
f 6421 6409 6417
f 6128 6137 6133
f 6427 6387 6428
f 6339 6287 6338
f 6412 6425 6418
f 6429 6420 6404
f 6094 6168 6095
f 6196 6183 6199
f 6286 6420 6429
f 6338 6276 6068
f 6251 6065 6329
f 6092 6398 6403
f 6378 6399 6379
f 6429 6284 6286
f 6212 5918 6204
f 6386 6385 6393
f 6282 6430 6431
f 6236 6269 6074
f 6215 6419 6120
f 5918 5921 6195
f 6151 6155 6157
f 5987 5878 5970
f 6351 6369 6332
f 6017 5944 6389
f 6180 6227 6432
f 6356 6362 6115
f 6320 6207 6247
f 6292 6386 6393
f 6103 6094 6096
f 6392 6415 6414
f 6328 6107 6230
f 6394 6303 6348
f 6386 6292 6291
f 6299 6207 6320
f 6389 5944 5945
f 6419 6093 6412
f 5980 5848 5909
f 6091 6093 6419
f 6378 6406 6433
f 5988 5984 6434
f 6380 6406 6378
f 6252 6300 6256
f 6235 6269 6236
f 6435 6436 6437
f 6334 6325 5958
f 6301 6207 6302
f 6384 6408 6405
f 6412 6092 6403
f 6246 6237 6238
f 6091 6214 6398
f 6364 6416 6397
f 6253 6275 6258
f 6361 6358 6315
f 6011 6015 6009
f 6185 6191 6175
f 6175 6176 6184
f 6373 6413 6396
f 6367 6370 6150
f 6127 6126 6122
f 6245 6255 6246
f 6212 6244 6245
f 6130 6137 6128
f 6370 6372 6150
f 6169 6188 6313
f 6127 6122 6079
f 6345 6327 6366
f 6092 6091 6398
f 6025 6256 6339
f 6215 6091 6419
f 6333 6318 6312
f 6255 6271 6246
f 6353 6396 6365
f 6328 6356 6114
f 6295 6281 6319
f 6137 6130 6136
f 6253 6424 6275
f 6359 6203 6193
f 5891 5932 5929
f 6397 6231 6343
f 6359 6239 6203
f 6298 6299 6320
f 6158 6162 6152
f 6400 6286 6285
f 6252 6329 6300
f 6427 6424 6426
f 6380 6352 6383
f 6433 6438 6378
f 6160 6156 6399
f 6439 6389 5945
f 6167 6162 6160
f 6348 6389 6439
f 6397 6416 6401
f 6406 6291 6293
f 6210 5942 6218
f 6405 6408 6422
f 6273 6250 6248
f 6435 6262 6436
f 6198 6189 6190
f 6056 6144 6105
f 6383 6267 6331
f 6241 6239 6359
f 6298 6320 6297
f 6209 6238 6213
f 6245 6209 6212
f 5860 5896 5849
f 5983 6437 6440
f 6179 6164 6167
f 6378 6438 6160
f 6392 6414 6441
f 6300 6329 6271
f 6271 6065 6064
f 6300 6302 6287
f 6329 6252 6251
f 6125 6078 6128
f 6406 6293 6392
f 5874 5945 5875
f 6020 5994 5878
f 6228 6160 6438
f 6406 6392 6433
f 6177 6176 6174
f 6415 6392 6292
f 6393 6415 6292
f 6302 6207 6299
f 6393 6348 6415
f 5945 5874 5913
f 6415 6348 6350
f 6279 6299 6298
f 6255 6245 6223
f 5865 5861 5959
f 6233 6236 6410
f 6322 6087 6086
f 5959 6211 5865
f 5924 5984 5988
f 6391 6228 6433
f 6400 6366 6407
f 6381 6394 6385
f 6420 6286 6407
f 5978 6277 6402
f 6442 6388 5978
f 6172 6171 5852
f 6418 6120 6419
f 6339 6068 6025
f 6336 6120 6418
f 6193 6179 6186
f 6353 6360 6396
f 5928 5933 6087
f 6320 6313 6297
f 5978 6402 6349
f 6371 6370 6395
f 6423 6403 6405
f 5939 6252 6025
f 6391 6227 6228
f 6325 6327 6333
f 6237 6271 6064
f 6198 6197 6200
f 6321 6320 6247
f 6260 6314 6249
f 6245 6238 6209
f 6160 6399 6378
f 6276 6338 6289
f 6310 6437 5983
f 6333 6327 6317
f 6205 6223 6244
f 6298 6296 6279
f 6169 6313 6095
f 6371 6398 6214
f 6180 6432 6186
f 5897 5859 5958
f 6107 6181 6230
f 6295 6319 6316
f 6242 6241 6248
f 6127 6129 6133
f 5859 6334 5958
f 6244 6204 6205
f 6195 6187 6198
f 6289 6279 6276
f 6103 6230 6181
f 6392 6391 6433
f 6121 6172 5852
f 6288 6287 6302
f 5977 6443 5978
f 6155 6163 6157
f 6361 6366 6358
f 6332 6369 6383
f 6289 6338 6287
f 6359 6335 6241
f 5878 5987 5876
f 6354 6379 6355
f 6277 6278 6444
f 6394 6393 6385
f 6312 6325 6333
f 6035 6237 6064
f 6284 6417 6285
f 6206 6231 6207
f 6439 5913 6349
f 6227 6391 6390
f 6321 6247 6095
f 6052 5925 6111
f 6055 6373 5960
f 5918 6195 6204
f 6207 6301 6208
f 6296 6188 6117
f 6364 6417 6416
f 6300 6272 6273
f 6283 6257 6258
f 6287 6339 6300
f 5931 5886 5885
f 5984 6440 6434
f 5869 5981 6135
f 6039 5988 6434
f 6015 6048 6123
f 5984 5983 6440
f 6330 6351 6374
f 6062 6038 6039
f 5860 5859 5897
f 6243 6222 6219
f 6021 6012 5995
f 6437 6310 6435
f 6123 5907 6016
f 5952 5951 5877
f 6265 6235 6234
f 6441 6444 6445
f 6331 6267 6260
f 6060 5899 5856
f 5969 5997 6024
f 5883 5904 5903
f 6216 6030 6219
f 6349 5913 5978
f 5914 6443 5977
f 6039 6261 6443
f 6261 6442 6443
f 6414 6350 6277
f 6265 6270 6235
f 6402 6277 6350
f 6003 6017 6303
f 6443 6442 5978
f 5942 5957 6218
f 6046 5888 5989
f 5882 5889 5888
f 6154 6306 6267
f 6411 6172 6121
f 6430 6275 6427
f 6392 6441 6390
f 6440 6436 6262
f 6310 6311 6435
f 6144 5972 6171
f 5891 6139 5892
f 6030 6109 6029
f 6440 6261 6434
f 6186 6432 6445
f 6139 5976 6041
f 6445 6390 6441
f 6160 6227 6167
f 6335 6426 6424
f 5987 5970 5963
f 6249 6280 6265
f 6431 6311 6282
f 6269 6270 6306
f 5914 5874 6042
f 6435 6431 6428
f 6264 6259 6266
f 6438 6433 6228
f 6430 6282 6275
f 6351 6332 6374
f 6410 6224 6233
f 6180 6167 6227
f 6303 6389 6348
f 6266 6222 6243
f 5964 5963 5975
f 6435 6311 6431
f 6446 6262 6435
f 6262 6261 6440
f 6221 6220 6225
f 6444 6387 6426
f 6352 6380 6354
f 6332 6383 6331
f 6036 6330 6037
f 6381 6385 6377
f 6445 6432 6227
f 6354 6268 6352
f 6229 6226 6225
f 6427 6426 6387
f 6277 6444 6414
f 6414 6444 6441
f 6023 5996 5993
f 6201 6210 6347
f 6387 6446 6428
f 6430 6428 6431
f 6263 6388 6442
f 6426 6335 6359
f 6437 6436 6440
f 6220 6210 6225
f 5852 6171 5972
f 5914 6039 6443
f 6427 6275 6424
f 6226 6233 6224
f 6344 6134 6154
f 6387 6388 6263
f 6332 6323 6089
f 6232 6243 6219
f 6210 6201 5851
f 6348 6439 6349
f 6261 6039 6434
f 6049 6006 6041
f 5968 5967 6304
f 6442 6261 6263
f 6388 6278 5978
f 6387 6263 6446
f 6292 6392 6293
f 6227 6390 6445
f 6428 6430 6427
f 5956 6045 6044
f 6445 6444 6186
f 6387 6444 6278
f 6435 6428 6446
f 5945 5913 6439
f 6306 6270 6314
f 6222 6259 6249
f 6446 6263 6262
f 6186 6444 6426
f 6154 6354 6355
f 5972 5850 5852
f 6447 6448 6449
f 6450 6451 6452
f 6453 6454 6455
f 6458 6459 6460
f 6462 6463 6464
f 6465 6466 6467
f 6465 6468 6469
f 6470 6471 6472
f 6473 6471 6474
f 6458 6460 6473
f 6475 6476 6477
f 6459 6458 6478
f 6479 6464 6480
f 6474 6470 6481
f 6459 6478 6482
f 6483 6484 6485
f 6486 6487 6488
f 6489 6490 6451
f 6492 6489 6493
f 6495 6496 6497
f 6498 6499 6500
f 6479 6462 6464
f 6501 6502 6500
f 6481 6470 6503
f 6496 6504 6505
f 6474 6506 6473
f 6507 6458 6473
f 6508 6509 6510
f 6511 6512 6513
f 6514 6469 6509
f 6455 6515 6453
f 6485 6516 6517
f 6518 6495 6519
f 6520 6521 6522
f 6523 6524 6525
f 6526 6453 6527
f 6528 6529 6530
f 6533 6534 6485
f 6535 6536 6513
f 6467 6537 6525
f 6469 6538 6510
f 6493 6451 6539
f 6540 6495 6497
f 6469 6541 6465
f 6536 6535 6542
f 6506 6474 6543
f 6545 6456 6457
f 6514 6509 6546
f 6481 6547 6543
f 6530 6548 6518
f 6547 6549 6550
f 6511 6551 6552
f 6553 6554 6531
f 6556 6557 6558
f 6559 6530 6519
f 6560 6523 6525
f 6518 6548 6504
f 6504 6529 6561
f 6521 6562 6522
f 6565 6566 6482
f 6529 6504 6548
f 6488 6569 6570
f 6541 6469 6514
f 6572 6573 6552
f 6488 6570 6486
f 6575 6573 6576
f 6535 6513 6577
f 6579 6580 6581
f 6577 6513 6512
f 6539 6582 6583
f 6450 6461 6584
f 6539 6450 6582
f 6471 6520 6587
f 6588 6514 6546
f 6589 6481 6590
f 6478 6458 6592
f 6593 6594 6595
f 6596 6597 6598
f 6590 6481 6503
f 6508 6600 6546
f 6601 6602 6603
f 6545 6528 6530
f 6604 6605 6524
f 6498 6500 6606
f 6607 6608 6574
f 6507 6592 6458
f 6564 6608 6472
f 6609 6610 6611
f 6612 6613 6614
f 6615 6616 6617
f 6501 6618 6479
f 6527 6619 6620
f 6478 6621 6482
f 6622 6607 6623
f 6561 6498 6624
f 6495 6625 6519
f 6627 6579 6611
f 6618 6562 6628
f 6541 6514 6629
f 6492 6490 6489
f 6630 6631 6632
f 6627 6633 6620
f 6635 6636 6637
f 6565 6621 6464
f 6638 6607 6454
f 6473 6506 6507
f 6639 6621 6478
f 6622 6640 6641
f 6556 6596 6598
f 6467 6642 6537
f 6490 6586 6643
f 6644 6586 6645
f 6646 6625 6475
f 6452 6650 6651
f 6646 6475 6573
f 6560 6525 6537
f 6487 6486 6511
f 6652 6615 6617
f 6511 6513 6551
f 6621 6654 6464
f 6638 6454 6613
f 6589 6547 6481
f 6590 6503 6635
f 6506 6655 6507
f 6506 6550 6655
f 6550 6543 6547
f 6585 6586 6490
f 6656 6657 6516
f 6450 6584 6582
f 6517 6516 6657
f 6572 6552 6551
f 6612 6638 6613
f 6658 6637 6636
f 6659 6589 6590
f 6635 6659 6590
f 6634 6507 6655
f 6660 6640 6661
f 6610 6526 6633
f 6490 6643 6452
f 6635 6503 6636
f 6607 6593 6623
f 6658 6660 6637
f 6486 6578 6511
f 6659 6635 6662
f 6663 6634 6655
f 6620 6664 6665
f 6627 6620 6666
f 6583 6493 6539
f 6667 6453 6526
f 6453 6667 6613
f 6643 6644 6650
f 6668 6669 6670
f 6626 6670 6534
f 6502 6501 6479
f 6634 6639 6592
f 6671 6594 6638
f 6672 6637 6660
f 6659 6662 6549
f 6632 6673 6674
f 6610 6667 6526
f 6484 6483 6544
f 6610 6633 6611
f 6595 6661 6593
f 6626 6668 6670
f 6604 6601 6468
f 6677 6595 6594
f 6672 6678 6637
f 6650 6452 6643
f 6679 6664 6673
f 6680 6632 6681
f 6506 6543 6550
f 6679 6682 6683
f 6517 6533 6485
f 6579 6627 6684
f 6685 6614 6686
f 6661 6640 6593
f 6688 6689 6690
f 6677 6594 6691
f 6595 6677 6692
f 6569 6477 6476
f 6631 6673 6632
f 6630 6632 6680
f 6689 6557 6690
f 6690 6557 6694
f 6684 6580 6579
f 6695 6696 6617
f 6695 6686 6696
f 6685 6686 6697
f 6546 6700 6588
f 6619 6701 6620
f 6619 6527 6453
f 6555 6561 6624
f 6575 6576 6699
f 6702 6677 6691
f 6497 6496 6675
f 6477 6569 6488
f 6694 6630 6680
f 6558 6557 6689
f 6703 6704 6705
f 6579 6581 6706
f 6616 6695 6617
f 6665 6683 6682
f 6641 6636 6470
f 6663 6550 6549
f 6697 6686 6695
f 6696 6686 6614
f 6516 6645 6656
f 6537 6708 6560
f 6709 6523 6554
f 6554 6523 6560
f 6647 6710 6648
f 6694 6711 6630
f 6631 6648 6710
f 6631 6630 6712
f 6652 6617 6609
f 6695 6616 6697
f 6593 6607 6638
f 6613 6696 6614
f 6514 6713 6629
f 6714 6537 6642
f 6715 6568 6716
f 6470 6622 6641
f 6509 6508 6546
f 6711 6712 6630
f 6493 6717 6687
f 6557 6556 6598
f 6557 6598 6718
f 6711 6718 6719
f 6535 6577 6542
f 6708 6554 6560
f 6637 6662 6635
f 6519 6646 6559
f 6507 6634 6592
f 6505 6675 6496
f 6700 6546 6600
f 6639 6654 6621
f 6588 6713 6514
f 6711 6694 6557
f 6691 6594 6671
f 6588 6720 6721
f 6562 6618 6722
f 6723 6709 6554
f 6703 6596 6704
f 6724 6653 6705
f 6648 6631 6712
f 6629 6466 6541
f 6466 6725 6714
f 6592 6639 6478
f 6726 6610 6609
f 6659 6549 6589
f 6495 6569 6476
f 6712 6711 6719
f 6649 6580 6682
f 6499 6528 6722
f 6621 6565 6482
f 6604 6467 6605
f 6703 6597 6596
f 6618 6628 6462
f 6710 6679 6631
f 6705 6653 6703
f 6477 6487 6475
f 6463 6462 6628
f 6667 6696 6613
f 6561 6555 6504
f 6632 6674 6681
f 6516 6485 6484
f 6456 6545 6599
f 6714 6725 6728
f 6691 6614 6685
f 6713 6725 6466
f 6479 6480 6502
f 6491 6449 6448
f 6601 6538 6468
f 6499 6501 6500
f 6636 6641 6658
f 6690 6681 6688
f 6633 6627 6611
f 6464 6463 6565
f 6726 6609 6617
f 6528 6499 6529
f 6626 6534 6533
f 6637 6678 6662
f 6455 6607 6574
f 6640 6623 6593
f 6623 6640 6622
f 6720 6588 6700
f 6572 6576 6573
f 6607 6455 6454
f 6541 6466 6465
f 6652 6730 6706
f 6612 6691 6671
f 6681 6731 6688
f 6536 6732 6572
f 6569 6540 6570
f 6550 6663 6655
f 6647 6679 6710
f 6666 6684 6627
f 6537 6714 6532
f 6714 6728 6591
f 6641 6640 6660
f 6625 6646 6519
f 6477 6488 6487
f 6699 6733 6698
f 6730 6652 6609
f 6471 6460 6521
f 6645 6734 6644
f 6665 6682 6684
f 6633 6527 6620
f 6680 6690 6694
f 6651 6650 6734
f 6532 6531 6708
f 6599 6545 6575
f 6528 6545 6522
f 6562 6528 6522
f 6683 6664 6679
f 6722 6501 6499
f 6451 6493 6489
f 6565 6463 6566
f 6450 6539 6451
f 6644 6734 6650
f 6587 6564 6472
f 6452 6651 6450
f 6701 6693 6681
f 6715 6448 6735
f 6591 6728 6736
f 6614 6691 6612
f 6722 6618 6501
f 6721 6728 6725
f 6558 6689 6688
f 6687 6737 6494
f 6520 6471 6521
f 6692 6672 6595
f 6672 6660 6661
f 6466 6714 6642
f 6589 6549 6547
f 6736 6728 6716
f 6606 6624 6498
f 6667 6610 6726
f 6726 6696 6667
f 6518 6519 6530
f 6579 6706 6611
f 6520 6522 6457
f 6711 6557 6718
f 6674 6673 6664
f 6484 6450 6651
f 6671 6638 6612
f 6617 6696 6726
f 6660 6658 6641
f 6618 6462 6479
f 6698 6738 6739
f 6611 6706 6730
f 6532 6714 6591
f 6666 6620 6665
f 6554 6571 6723
f 6504 6496 6518
f 6735 6448 6447
f 6722 6528 6562
f 6661 6595 6672
f 6713 6721 6725
f 6604 6468 6467
f 6651 6734 6484
f 6728 6721 6716
f 6537 6532 6708
f 6628 6562 6521
f 6575 6545 6559
f 6552 6487 6511
f 6572 6551 6536
f 6499 6498 6529
f 6733 6699 6576
f 6538 6603 6741
f 6575 6559 6646
f 6553 6571 6554
f 6460 6628 6521
f 6573 6575 6646
f 6685 6702 6691
f 6684 6682 6580
f 6520 6457 6742
f 6554 6708 6531
f 6510 6538 6741
f 6471 6587 6472
f 6647 6649 6682
f 6594 6593 6638
f 6682 6679 6647
f 6481 6543 6474
f 6475 6487 6552
f 6529 6548 6530
f 6743 6744 6745
f 6670 6746 6745
f 6747 6745 6746
f 6544 6743 6748
f 6572 6733 6576
f 6749 6748 6747
f 6747 6750 6749
f 6751 6752 6750
f 6669 6752 6751
f 6743 6544 6483
f 6683 6665 6664
f 6753 6754 6755
f 6756 6757 6752
f 6756 6752 6676
f 6740 6688 6731
f 6752 6669 6676
f 6755 6758 6753
f 6759 6753 6760
f 6761 6762 6763
f 6727 6563 6587
f 6750 6757 6749
f 6764 6688 6740
f 6469 6468 6538
f 6764 6558 6688
f 6765 6766 6767
f 6754 6753 6759
f 6729 6769 6770
f 6771 6740 6768
f 6483 6485 6744
f 6602 6601 6604
f 6752 6757 6750
f 6772 6773 6765
f 6704 6596 6774
f 6775 6738 6698
f 6755 6754 6776
f 6777 6776 6769
f 6545 6530 6559
f 6769 6729 6777
f 6745 6534 6670
f 6778 6558 6764
f 6773 6748 6760
f 6779 6755 6776
f 6669 6746 6670
f 6776 6777 6780
f 6771 6781 6764
f 6771 6782 6781
f 6774 6783 6704
f 6784 6785 6767
f 6534 6744 6485
f 6781 6778 6764
f 6774 6778 6786
f 6787 6704 6783
f 6779 6776 6780
f 6774 6787 6783
f 6664 6620 6674
f 6755 6779 6758
f 6735 6568 6715
f 6756 6769 6757
f 6540 6569 6495
f 6475 6552 6573
f 6727 6520 6742
f 6758 6788 6753
f 6778 6596 6556
f 6786 6778 6781
f 6774 6786 6789
f 6536 6551 6513
f 6765 6768 6772
f 6767 6766 6790
f 6735 6567 6568
f 6705 6704 6787
f 6789 6787 6774
f 6779 6791 6758
f 6542 6577 6707
f 6745 6747 6743
f 6773 6753 6765
f 6779 6780 6763
f 6747 6746 6751
f 6753 6773 6760
f 6599 6575 6699
f 6545 6457 6522
f 6793 6782 6771
f 6770 6756 6676
f 6476 6625 6495
f 6768 6765 6793
f 6791 6779 6763
f 6794 6705 6787
f 6766 6788 6791
f 6776 6754 6769
f 6778 6774 6596
f 6495 6518 6496
f 6789 6794 6787
f 6794 6789 6705
f 6795 6796 6797
f 6578 6512 6511
f 6791 6763 6790
f 6727 6587 6520
f 6468 6465 6467
f 6769 6754 6759
f 6782 6789 6781
f 6749 6759 6760
f 6759 6757 6769
f 6795 6705 6789
f 6748 6749 6760
f 6642 6467 6466
f 6744 6743 6483
f 6504 6555 6505
f 6797 6798 6795
f 6757 6759 6749
f 6790 6763 6762
f 6705 6798 6724
f 6766 6765 6788
f 6795 6789 6782
f 6797 6785 6792
f 6762 6784 6790
f 6793 6771 6768
f 6790 6784 6767
f 6746 6669 6751
f 6767 6782 6765
f 6753 6788 6765
f 6732 6799 6800
f 6744 6534 6745
f 6566 6459 6482
f 6782 6796 6795
f 6796 6782 6767
f 6556 6558 6778
f 6724 6798 6797
f 6766 6791 6790
f 6701 6681 6674
f 6756 6770 6769
f 6792 6784 6762
f 6536 6542 6732
f 6743 6747 6748
f 6789 6786 6781
f 6795 6798 6705
f 6785 6796 6767
f 6788 6758 6791
f 6764 6740 6771
f 6793 6765 6782
f 6761 6763 6780
f 6750 6747 6751
f 6792 6724 6797
f 6792 6785 6784
f 6785 6797 6796
f 6572 6732 6802
f 6572 6803 6733
f 6524 6605 6525
f 6802 6732 6800
f 6804 6542 6707
f 6603 6538 6601
f 6542 6804 6732
f 6799 6732 6804
f 6475 6625 6476
f 6503 6470 6636
f 6645 6516 6734
f 6608 6607 6472
f 6472 6622 6470
f 6490 6492 6585
f 6567 6735 6447
f 6492 6493 6687
f 6453 6515 6619
f 6525 6605 6467
f 6453 6613 6454
f 6679 6673 6631
f 6713 6466 6629
f 6597 6718 6598
f 6510 6509 6469
f 6484 6734 6516
f 6802 6803 6572
f 6701 6674 6620
f 6693 6731 6681
f 6698 6733 6775
f 6721 6713 6588
f 6563 6564 6587
f 6690 6680 6681
f 6461 6450 6544
f 6643 6586 6644
f 6733 6803 6775
f 6717 6583 6737
f 6717 6737 6687
f 6628 6460 6459
f 6566 6628 6459
f 6611 6730 6609
f 6544 6450 6484
f 6801 6804 6707
f 6633 6526 6527
f 6561 6529 6498
f 6717 6493 6583
f 6463 6628 6566
f 6473 6460 6471
f 6666 6665 6684
f 6452 6451 6490
f 6470 6474 6471
f 6622 6472 6607
f 6805 6806 6807
f 6809 6810 6811
f 6822 6823 6813
f 6824 6825 6826
f 6828 6815 6829
f 6830 6831 6832
f 6833 6834 6831
f 6823 6835 6836
f 6837 6827 6812
f 6824 6840 6838
f 6837 6828 6841
f 6838 6840 6839
f 6835 6843 6836
f 6833 6830 6840
f 6837 6844 6827
f 6830 6833 6831
f 6847 6848 6842
f 6841 6848 6847
f 6837 6849 6844
f 6828 6812 6815
f 6852 6831 6834
f 6819 6853 6854
f 6820 6843 6855
f 6847 6849 6841
f 6851 6816 6856
f 6850 6830 6832
f 6846 6834 6826
f 6857 6847 6856
f 6819 6820 6858
f 6859 6857 6856
f 6817 6856 6816
f 6858 6853 6819
f 6859 6856 6817
f 6837 6812 6828
f 6860 6861 6834
f 6856 6847 6851
f 6862 6819 6863
f 6863 6819 6854
f 6864 6861 6860
f 6840 6830 6839
f 6853 6858 6865
f 6849 6837 6841
f 6866 6864 6862
f 6863 6866 6862
f 6866 6863 6867
f 6864 6868 6861
f 6843 6835 6869
f 6854 6870 6863
f 6848 6823 6842
f 6866 6867 6871
f 6867 6863 6870
f 6865 6870 6854
f 6829 6813 6823
f 6872 6868 6871
f 6848 6829 6823
f 6808 6809 6818
f 6864 6866 6868
f 6864 6859 6862
f 6846 6826 6825
f 6828 6829 6848
f 6809 6814 6818
f 6820 6855 6858
f 6871 6868 6866
f 6846 6860 6834
f 6824 6834 6840
f 6834 6861 6852
f 6867 6870 6871
f 6864 6860 6859
f 6823 6822 6835
f 6848 6841 6828
f 6836 6842 6823
f 6873 6807 6874
f 6821 6835 6822
f 6830 6850 6839
f 6852 6832 6831
f 6842 6851 6847
f 6869 6855 6843
f 6869 6835 6845
f 6835 6821 6845
f 6840 6834 6833
f 6849 6847 6857
f 6865 6854 6853
f 6824 6826 6834
f 6809 6808 6810
f 6874 6807 6806
f 6875 6805 6807
f 6873 6875 6807
f 6874 6876 6873
f 6811 6814 6809
f 6877 6878 6879
f 6881 6880 6882
f 6878 6877 6881
f 6878 6881 6882
