# wall_x_neg of bin.obj (continuous mesh)
# 11701 vertices, 20464 faces

v -0.129005 0.043929 -0.069150
v -0.125878 0.045873 -0.073872
v -0.126831 0.040452 -0.071068
v -0.123235 0.061415 -0.082966
v -0.125256 0.060471 -0.079730
v -0.124718 0.064257 -0.081344
v -0.116546 0.049511 -0.089260
v -0.114452 0.048229 -0.092007
v -0.116180 0.045727 -0.088345
v -0.113761 0.043020 -0.091322
v -0.111824 0.039385 -0.093607
v -0.113168 0.037448 -0.091042
v -0.123026 0.057465 -0.081894
v -0.121211 0.055754 -0.084016
v -0.122822 0.053410 -0.080854
v -0.116540 0.041605 -0.086520
v -0.116865 0.038382 -0.085119
v -0.118566 0.040377 -0.082740
v -0.126727 0.068000 -0.079466
v -0.122992 0.067036 -0.084511
v -0.133073 0.052068 -0.066243
v -0.134346 0.047501 -0.063209
v -0.136721 0.049841 -0.060953
v -0.130079 0.035914 -0.066170
v -0.128763 0.038136 -0.068287
v -0.126592 0.035387 -0.070474
v -0.131972 0.045195 -0.065752
v -0.129213 0.048869 -0.070267
v -0.115138 0.037829 -0.087920
v -0.113962 0.080635 -0.099595
v -0.113765 0.076682 -0.099632
v -0.115986 0.080906 -0.097054
v -0.110925 0.042353 -0.095709
v -0.111313 0.047828 -0.096699
v -0.111168 0.035758 -0.093599
v -0.118112 0.035451 -0.082366
v -0.116240 0.036278 -0.085511
v -0.123423 0.049108 -0.078267
v -0.120538 0.049210 -0.082794
v -0.121712 0.063460 -0.085615
v -0.121018 0.059113 -0.085459
v -0.123205 0.059524 -0.082463
v -0.129554 0.040508 -0.067464
v -0.130652 0.042341 -0.066561
v -0.133272 0.036324 -0.062011
v -0.130804 0.037981 -0.065514
v -0.136176 0.058123 -0.063952
v -0.131361 0.057444 -0.070180
v -0.118042 0.054923 -0.088806
v -0.115639 0.053795 -0.092127
v -0.118096 0.051619 -0.087310
v -0.120352 0.038226 -0.079589
v -0.121844 0.043673 -0.078934
v -0.113082 0.052438 -0.095456
v -0.110690 0.053651 -0.099505
v -0.122723 0.033434 -0.075340
v -0.125718 0.031650 -0.071005
v -0.114120 0.070667 -0.098553
v -0.117280 0.068409 -0.093266
v -0.118621 0.072059 -0.091893
v -0.118368 0.058181 -0.089311
v -0.116758 0.057317 -0.091718
v -0.123984 0.069942 -0.083594
v -0.126464 0.072153 -0.080537
v -0.117024 0.065339 -0.093111
v -0.115576 0.062728 -0.094736
v -0.118564 0.062186 -0.089990
v -0.127143 0.064483 -0.077926
v -0.126296 0.052001 -0.075329
v -0.116903 0.075285 -0.095077
v -0.116517 0.078173 -0.096117
v -0.124940 0.074468 -0.082940
v -0.122406 0.072792 -0.086152
v -0.118721 0.078406 -0.093118
v -0.120211 0.075587 -0.090085
v -0.123805 0.080407 -0.085756
v -0.125251 0.077499 -0.082919
v -0.126848 0.081550 -0.081931
v -0.115772 0.034014 -0.085810
v -0.129425 0.078577 -0.077238
v -0.129498 0.082836 -0.078157
v -0.128458 0.061934 -0.075556
v -0.130227 0.066179 -0.073837
v -0.120488 0.034876 -0.078770
v -0.120067 0.032774 -0.078901
v -0.114710 0.045560 -0.090543
v -0.122554 0.029628 -0.075030
v -0.122864 0.037034 -0.075741
v -0.121965 0.036245 -0.077031
v -0.123453 0.035798 -0.074605
v -0.124391 0.038319 -0.074030
v -0.114602 0.065982 -0.097077
v -0.112918 0.062437 -0.098671
v -0.114809 0.059158 -0.095225
v -0.120010 0.053500 -0.085132
v -0.129021 0.034451 -0.067031
v -0.125500 0.056226 -0.078084
v -0.119864 0.066086 -0.089131
v -0.120725 0.069430 -0.088209
v -0.122647 0.077651 -0.086740
v -0.121206 0.079285 -0.089405
v -0.124245 0.041625 -0.075066
v -0.129511 0.053302 -0.071164
v -0.128075 0.056289 -0.074289
v -0.123036 0.075528 -0.085820
v -0.134089 0.032614 -0.060007
v -0.136918 0.033985 -0.056890
v -0.127248 0.058836 -0.076410
v -0.133957 0.045250 -0.063174
v -0.129889 0.070816 -0.075218
v -0.129115 0.059148 -0.073736
v -0.114188 0.035110 -0.088875
v -0.118588 0.044935 -0.084184
v -0.138948 0.031898 -0.053467
v -0.139562 0.034660 -0.053717
v -0.127088 0.075612 -0.079983
v -0.136799 0.030549 -0.055848
v -0.116778 0.059942 -0.092350
v -0.139284 0.037528 -0.054676
v -0.140844 0.041246 -0.053706
v -0.138444 0.040241 -0.056496
v -0.132226 0.040390 -0.064273
v -0.133557 0.061370 -0.068284
v -0.131049 0.062008 -0.071890
v -0.118029 0.048176 -0.086282
v -0.129895 0.074343 -0.075942
v -0.132928 0.064673 -0.069861
v -0.122534 0.038914 -0.076782
v -0.119748 0.056237 -0.086646
v -0.112969 0.056447 -0.096979
v -0.112326 0.059638 -0.098744
v -0.118114 0.030806 -0.081569
v -0.114804 0.026631 -0.086553
v -0.112494 0.029572 -0.090745
v -0.113084 0.026350 -0.089470
v -0.116641 0.022679 -0.082613
v -0.119074 0.022079 -0.078337
v -0.119990 0.023328 -0.077081
v -0.111740 0.023814 -0.091428
v -0.111530 0.025358 -0.091731
v -0.114145 0.032240 -0.088552
v -0.119884 0.027463 -0.078779
v -0.122173 0.027303 -0.075109
v -0.124995 0.026170 -0.070587
v -0.126148 0.028769 -0.069682
v -0.113059 0.024747 -0.089193
v -0.117610 0.025373 -0.081568
v -0.117242 0.027943 -0.082732
v -0.116182 0.020671 -0.083030
v -0.114288 0.021064 -0.086432
v -0.112804 0.033840 -0.090892
v -0.110329 0.021029 -0.093488
v -0.113409 0.022115 -0.088381
v -0.112217 0.022965 -0.090509
v -0.120469 0.018833 -0.075149
v -0.121672 0.021163 -0.074042
v -0.118816 0.020583 -0.078504
v -0.120292 0.025294 -0.077388
v -0.115347 0.030056 -0.086037
v -0.112231 0.020733 -0.090224
v -0.114601 0.023982 -0.086285
v -0.122008 0.026077 -0.074931
v -0.110201 0.027032 -0.094165
v -0.117858 0.021597 -0.080499
v -0.111663 0.032791 -0.092380
v -0.141825 0.037192 -0.051235
v -0.110210 0.032174 -0.094501
v -0.109915 0.029457 -0.094946
v -0.131060 0.033628 -0.064103
v -0.136917 0.037638 -0.058033
v -0.134719 0.039399 -0.061058
v -0.131234 0.031264 -0.063268
v -0.128714 0.032587 -0.066875
v -0.128700 0.029990 -0.066535
v -0.129237 0.027437 -0.065083
v -0.135999 0.045413 -0.060809
v -0.134229 0.042588 -0.062248
v -0.138850 0.043979 -0.057037
v -0.137982 0.046839 -0.058988
v -0.136524 0.041411 -0.059222
v -0.114316 0.084634 -0.099655
v -0.117850 0.080083 -0.094702
v -0.118038 0.081971 -0.094511
v -0.119705 0.081643 -0.092116
v -0.117183 0.084099 -0.095574
v -0.116443 0.086901 -0.096651
v -0.115075 0.089247 -0.098852
v -0.118915 0.084129 -0.093115
v -0.124779 0.083501 -0.084628
v -0.118492 0.087122 -0.093769
v -0.117164 0.089859 -0.095850
v -0.115857 0.092702 -0.097880
v -0.127324 0.086045 -0.081235
v -0.124091 0.094698 -0.085748
v -0.120993 0.099029 -0.090058
v -0.120612 0.094381 -0.090885
v -0.123819 0.086869 -0.085626
v -0.124174 0.090226 -0.085481
v -0.125506 0.088856 -0.083526
v -0.122144 0.086402 -0.088029
v -0.120489 0.085929 -0.090604
v -0.122209 0.083487 -0.088123
v -0.118640 0.089968 -0.093874
v -0.115369 0.099694 -0.099015
v -0.116930 0.097995 -0.096584
v -0.116991 0.100996 -0.096460
v -0.120066 0.090127 -0.091828
v -0.122256 0.089908 -0.088331
v -0.114595 0.096516 -0.100323
v -0.118273 0.092630 -0.094375
v -0.116879 0.106133 -0.096414
v -0.115421 0.109422 -0.097972
v -0.114792 0.106443 -0.099749
v -0.117949 0.108808 -0.093931
v -0.116623 0.110177 -0.095725
v -0.117384 0.107878 -0.095358
v -0.117129 0.095517 -0.096227
v -0.117926 0.096949 -0.094845
v -0.118657 0.095749 -0.093670
v -0.116466 0.103802 -0.097313
v -0.118512 0.102473 -0.093873
v -0.125768 0.023415 -0.068727
v -0.125548 0.022173 -0.068761
v -0.127023 0.022191 -0.066761
v -0.124382 0.022558 -0.070295
v -0.124421 0.023068 -0.070532
v -0.123489 0.022882 -0.071671
v -0.127185 0.021229 -0.066231
v -0.122408 0.022741 -0.073280
v -0.122935 0.024122 -0.073151
v -0.118784 0.098386 -0.093631
v -0.129274 0.024548 -0.064030
v -0.127785 0.023477 -0.065715
v -0.129897 0.022229 -0.062033
v -0.124024 0.021928 -0.070749
v -0.131304 0.029145 -0.062747
v -0.129966 0.020393 -0.061310
v -0.128648 0.021996 -0.063765
v -0.131318 0.023144 -0.060041
v -0.131660 0.025449 -0.060585
v -0.125654 0.020348 -0.067982
v -0.128486 0.019818 -0.063472
v -0.128330 0.021416 -0.064482
v -0.134559 0.025056 -0.055877
v -0.132773 0.027401 -0.059823
v -0.127521 0.022555 -0.065904
v -0.131133 0.020873 -0.058604
v -0.132568 0.024213 -0.058310
v -0.133690 0.029803 -0.059577
v -0.136724 0.027795 -0.054729
v -0.118535 0.105622 -0.093788
v -0.138127 0.035803 -0.055848
v -0.113793 0.019933 -0.086946
v -0.125812 0.018166 -0.066891
v -0.128092 0.016137 -0.062259
v -0.127666 0.018626 -0.064267
v -0.123445 0.019259 -0.070703
v -0.120975 0.016889 -0.074016
v -0.113694 0.018615 -0.086439
v -0.116588 0.018479 -0.081110
v -0.123504 0.017316 -0.070290
v -0.130761 0.020761 -0.060237
v -0.118583 0.016943 -0.077462
v -0.110207 0.017091 -0.092056
v -0.126027 0.015563 -0.065310
v -0.110257 0.019439 -0.093137
v -0.111660 0.018800 -0.090462
v -0.112454 0.019984 -0.089470
v -0.112809 0.016467 -0.086472
v -0.125886 0.091660 -0.083314
v -0.116024 0.016479 -0.081198
v -0.115036 0.102772 -0.099609
v -0.120580 0.107703 -0.090049
v -0.119399 0.106471 -0.092024
v -0.121260 0.104049 -0.089326
v -0.118377 0.107158 -0.093767
v -0.119996 0.103242 -0.091223
v -0.121752 0.101043 -0.088815
v -0.122832 0.098591 -0.087229
v -0.123304 0.101483 -0.086389
v -0.118832 0.109463 -0.092241
v -0.117290 0.111206 -0.094284
v -0.110952 0.071883 -0.103112
v -0.112918 0.062437 -0.098671
v -0.110604 0.065206 -0.102620
v -0.109978 0.060156 -0.102363
v -0.111396 0.080099 -0.103159
v -0.110276 0.075720 -0.104351
v -0.113765 0.076682 -0.099632
v -0.114602 0.065982 -0.097077
v -0.110974 0.057665 -0.100054
v -0.110690 0.053651 -0.099505
v -0.112969 0.056447 -0.096979
v -0.113962 0.080635 -0.099595
v -0.114120 0.070667 -0.098553
v -0.110999 0.068950 -0.102484
v -0.112326 0.059638 -0.098744
v -0.144279 0.019001 -0.039113
v -0.136051 0.016245 -0.046019
v -0.144503 0.017959 -0.037809
v -0.133216 0.017729 -0.052936
v -0.132001 0.018145 -0.056268
v -0.132607 0.017006 -0.053657
v -0.142595 0.018919 -0.041543
v -0.137599 0.019672 -0.047898
v -0.135117 0.019824 -0.050956
v -0.133722 0.018284 -0.051394
v -0.130706 0.015829 -0.056462
v -0.143025 0.016421 -0.038466
v -0.131318 0.023144 -0.060041
v -0.131852 0.021518 -0.057331
v -0.132921 0.022866 -0.056473
v -0.128092 0.016137 -0.062259
v -0.129966 0.020393 -0.061310
v -0.130016 0.018957 -0.060260
v -0.130859 0.018898 -0.058584
v -0.131334 0.019627 -0.058621
v -0.132486 0.019020 -0.054368
v -0.132274 0.020407 -0.055349
v -0.131798 0.020095 -0.056523
v -0.152021 0.017281 -0.026336
v -0.133083 0.019654 -0.053287
v -0.137434 0.021797 -0.049585
v -0.135049 0.022475 -0.053054
v -0.155532 0.016758 -0.021157
v -0.130917 0.017778 -0.057452
v -0.132137 0.019114 -0.056286
v -0.127666 0.018626 -0.064267
v -0.129451 0.017945 -0.060647
v -0.128486 0.019818 -0.063472
v -0.147769 0.020452 -0.034719
v -0.131133 0.020873 -0.058604
v -0.130761 0.020761 -0.060237
v -0.148989 0.019420 -0.032210
v -0.150486 0.020930 -0.030298
v -0.149140 0.020479 -0.032558
v -0.147557 0.019141 -0.034217
v -0.146652 0.017398 -0.034297
v -0.132372 0.021489 -0.056067
v -0.149906 0.018637 -0.029899
v -0.152117 0.019614 -0.027690
v -0.153014 0.020694 -0.026489
v -0.152188 0.021192 -0.027727
v -0.133191 0.021156 -0.054433
v -0.134559 0.025056 -0.055877
v -0.153194 0.019560 -0.025958
v -0.155510 0.019446 -0.022741
v -0.154192 0.020723 -0.024855
v -0.145907 0.021168 -0.037903
v -0.147185 0.021077 -0.035819
v -0.144009 0.021133 -0.040646
v -0.132568 0.024213 -0.058310
v -0.150450 0.022059 -0.031100
v -0.149589 0.022655 -0.032654
v -0.148178 0.022741 -0.034762
v -0.147592 0.024556 -0.036528
v -0.150245 0.024663 -0.032551
v -0.143789 0.023164 -0.041496
v -0.145307 0.026628 -0.040984
v -0.145631 0.025273 -0.039979
v -0.147134 0.027436 -0.038774
v -0.147093 0.029694 -0.040080
v -0.144726 0.028772 -0.043263
v -0.143383 0.025479 -0.043424
v -0.146481 0.030797 -0.041381
v -0.145872 0.032204 -0.042945
v -0.152216 0.022632 -0.028466
v -0.109601 0.028052 -0.076162
v -0.111210 0.023513 -0.075329
v -0.114160 0.023794 -0.070949
v -0.114325 0.020518 -0.072212
v -0.112811 0.031642 -0.071259
v -0.110872 0.030922 -0.074056
v -0.111094 0.035109 -0.073729
v -0.114584 0.038180 -0.068719
v -0.112524 0.040787 -0.071901
v -0.115777 0.043618 -0.067021
v -0.116168 0.032673 -0.065943
v -0.114256 0.033760 -0.069017
v -0.116525 0.036063 -0.065408
v -0.109878 0.044444 -0.075627
v -0.110842 0.052159 -0.073815
v -0.117139 0.040244 -0.064685
v -0.119237 0.038555 -0.061299
v -0.116502 0.049726 -0.065748
v -0.113650 0.046809 -0.070127
v -0.114738 0.050353 -0.068263
v -0.114615 0.030946 -0.068520
v -0.111231 0.048386 -0.073418
v -0.113233 0.051890 -0.070245
v -0.112072 0.084263 -0.074462
v -0.108626 0.077998 -0.079285
v -0.112495 0.078266 -0.073292
v -0.110148 0.074025 -0.076550
v -0.110805 0.059927 -0.074353
v -0.112668 0.056626 -0.071307
v -0.110103 0.055498 -0.075135
v -0.119045 0.045075 -0.061733
v -0.109729 0.039563 -0.075777
v -0.113097 0.018535 -0.074775
v -0.112164 0.020231 -0.075473
v -0.113491 0.028816 -0.070486
v -0.112657 0.026068 -0.072217
v -0.115362 0.052791 -0.067366
v -0.115026 0.055767 -0.067932
v -0.111739 0.018097 -0.076820
v -0.112598 0.016528 -0.075843
v -0.120931 0.041189 -0.058815
v -0.118142 0.034066 -0.062839
v -0.111336 0.015899 -0.077886
v -0.114230 0.017028 -0.073392
v -0.111909 0.072373 -0.073591
v -0.122948 0.037167 -0.055967
v -0.153219 0.092782 -0.043896
v -0.151852 0.093868 -0.045666
v -0.150997 0.090027 -0.046685
v -0.145043 0.100366 -0.055547
v -0.143370 0.097641 -0.057633
v -0.145219 0.097264 -0.054770
v -0.147118 0.094097 -0.052015
v -0.145539 0.094413 -0.054179
v -0.144982 0.091453 -0.054742
v -0.147399 0.102708 -0.051697
v -0.146655 0.104358 -0.052616
v -0.146224 0.102365 -0.053761
v -0.144224 0.086208 -0.055811
v -0.141612 0.086651 -0.059667
v -0.142097 0.083620 -0.059169
v -0.143777 0.094054 -0.056951
v -0.147065 0.099957 -0.052438
v -0.150136 0.092951 -0.048058
v -0.148629 0.091629 -0.049953
v -0.148676 0.089480 -0.049766
v -0.148407 0.104023 -0.050083
v -0.148478 0.101811 -0.050053
v -0.150310 0.103034 -0.047546
v -0.149392 0.104863 -0.048657
v -0.150177 0.105415 -0.047398
v -0.170130 0.020987 -0.003012
v -0.167021 0.022805 -0.007857
v -0.167246 0.021665 -0.007397
v -0.167628 0.019911 -0.006188
v -0.177425 0.021836 0.007371
v -0.174711 0.022262 0.003383
v -0.174813 0.020395 0.003941
v -0.171466 0.021837 -0.001278
v -0.168715 0.023213 -0.005457
v -0.172978 0.022117 0.000781
v -0.176102 0.023184 0.005266
v -0.171267 0.032269 -0.004265
v -0.169492 0.029390 -0.006253
v -0.172830 0.029913 -0.001229
v -0.178712 0.026960 0.007529
v -0.172967 0.026025 -0.000210
v -0.175871 0.024563 0.004525
v -0.174919 0.028269 0.001970
v -0.174364 0.023744 0.002758
v -0.172885 0.023449 0.000485
v -0.170942 0.023491 -0.002221
v -0.176565 0.030951 0.003631
v -0.182292 0.033633 0.011432
v -0.179358 0.033917 0.007057
v -0.180221 0.030774 0.008851
v -0.178174 0.023745 0.008084
v -0.168581 0.025723 -0.006568
v -0.173990 0.033384 -0.000561
v -0.145067 0.083539 -0.054549
v -0.180952 0.024103 0.011934
v -0.172370 0.035552 -0.003719
v -0.168210 0.015693 -0.003384
v -0.143071 0.100800 -0.058477
v -0.135714 0.081615 -0.068548
v -0.137402 0.079259 -0.065483
v -0.139348 0.081538 -0.063029
v -0.140302 0.083542 -0.061794
v -0.132509 0.076211 -0.072367
v -0.132912 0.079337 -0.072221
v -0.129425 0.078577 -0.077238
v -0.134140 0.080534 -0.070469
v -0.133092 0.081841 -0.072217
v -0.138279 0.094400 -0.065686
v -0.135660 0.094461 -0.069754
v -0.137526 0.090223 -0.066533
v -0.179555 0.016817 0.012849
v -0.176007 0.016497 0.007482
v -0.131198 0.081383 -0.075168
v -0.146978 0.090513 -0.051951
v -0.148965 0.093980 -0.049590
v -0.140501 0.085077 -0.061519
v -0.133055 0.072511 -0.071035
v -0.135123 0.074461 -0.068590
v -0.146011 0.085876 -0.053141
v -0.132928 0.064673 -0.069861
v -0.135818 0.066811 -0.066476
v -0.132953 0.067078 -0.070283
v -0.135569 0.062647 -0.065831
v -0.134509 0.063891 -0.067450
v -0.142955 0.079815 -0.057308
v -0.133926 0.084226 -0.071758
v -0.178627 0.018151 0.010557
v -0.182222 0.019609 0.015376
v -0.124663 0.101334 -0.084556
v -0.125635 0.102322 -0.082920
v -0.124561 0.103700 -0.084387
v -0.145854 0.087467 -0.053269
v -0.179926 0.022351 0.010682
v -0.129498 0.082836 -0.078157
v -0.135399 0.079052 -0.068524
v -0.129895 0.074343 -0.075942
v -0.135162 0.076895 -0.068785
v -0.137034 0.077329 -0.065849
v -0.151792 0.099905 -0.045760
v -0.152400 0.102879 -0.044634
v -0.149049 0.098355 -0.049683
v -0.147054 0.087606 -0.051685
v -0.129889 0.070816 -0.075218
v -0.132722 0.069192 -0.070752
v -0.148007 0.085446 -0.050637
v -0.146819 0.096802 -0.052471
v -0.131670 0.083735 -0.074990
v -0.148834 0.081325 -0.049167
v -0.151908 0.085740 -0.045483
v -0.133557 0.061370 -0.068284
v -0.150932 0.096130 -0.047006
v -0.137374 0.074896 -0.065383
v -0.133073 0.052068 -0.066243
v -0.136493 0.053537 -0.062133
v -0.136176 0.058123 -0.063952
v -0.182850 0.026023 0.014066
v -0.185994 0.025653 0.019153
v -0.183858 0.029579 0.014591
v -0.144838 0.106578 -0.054796
v -0.141727 0.106787 -0.059303
v -0.142776 0.104971 -0.058009
v -0.131858 0.092597 -0.075388
v -0.130855 0.088845 -0.076633
v -0.134147 0.090928 -0.071846
v -0.146070 0.081230 -0.052867
v -0.134541 0.070272 -0.068559
v -0.153921 0.090026 -0.043090
v -0.187339 0.028828 0.020558
v -0.187076 0.031676 0.019345
v -0.155885 0.090660 -0.040585
v -0.155455 0.093431 -0.040859
v -0.153558 0.096897 -0.043547
v -0.130227 0.066179 -0.073837
v -0.185603 0.021629 0.020064
v -0.186740 0.021320 0.021659
v -0.186255 0.022988 0.020720
v -0.136476 0.071595 -0.066224
v -0.182562 0.022141 0.014672
v -0.184632 0.023391 0.017928
v -0.183496 0.024174 0.015715
v -0.184355 0.021709 0.018037
v -0.176353 0.089994 -0.009248
v -0.174734 0.089277 -0.012075
v -0.176354 0.087238 -0.009383
v -0.175888 0.083086 -0.009326
v -0.175482 0.079351 -0.009628
v -0.177516 0.078719 -0.006350
v -0.173906 0.086056 -0.012970
v -0.172557 0.088233 -0.015433
v -0.170886 0.085392 -0.017472
v -0.175052 0.092508 -0.010752
v -0.177583 0.092406 -0.006935
v -0.175565 0.095364 -0.009536
v -0.170726 0.087859 -0.018079
v -0.178042 0.088748 -0.006817
v -0.148290 0.106160 -0.049960
v -0.184611 0.020594 0.018722
v -0.185705 0.020477 0.020450
v -0.163221 0.065826 -0.026263
v -0.166047 0.067113 -0.022589
v -0.164461 0.069416 -0.025494
v -0.188093 0.022253 0.023426
v -0.188372 0.024123 0.023395
v -0.167373 0.070260 -0.021115
v -0.167598 0.068028 -0.020420
v -0.169344 0.069051 -0.017746
v -0.156660 0.082540 -0.038726
v -0.157924 0.078010 -0.036736
v -0.158993 0.081975 -0.035551
v -0.144266 0.062275 -0.053936
v -0.142382 0.065127 -0.057128
v -0.141021 0.059431 -0.057855
v -0.177189 0.073173 -0.005966
v -0.176079 0.068986 -0.007064
v -0.178188 0.068301 -0.003436
v -0.172909 0.091154 -0.014536
v -0.170311 0.092968 -0.018316
v -0.171268 0.089859 -0.017236
v -0.150544 0.077096 -0.046671
v -0.146123 0.077063 -0.052691
v -0.147250 0.072853 -0.050771
v -0.163178 0.071067 -0.027794
v -0.161199 0.068284 -0.030078
v -0.174136 0.071365 -0.010292
v -0.153897 0.063230 -0.040304
v -0.154012 0.060491 -0.039200
v -0.155940 0.061585 -0.036580
v -0.147423 0.069170 -0.050423
v -0.151061 0.070430 -0.045756
v -0.141942 0.068367 -0.058110
v -0.139670 0.066997 -0.061088
v -0.157341 0.072973 -0.036991
v -0.157844 0.075257 -0.036543
v -0.156024 0.074662 -0.039288
v -0.150943 0.036949 -0.037346
v -0.153028 0.037511 -0.034023
v -0.153084 0.040987 -0.035425
v -0.179223 0.020370 0.010281
v -0.187864 0.020665 0.023568
v -0.189581 0.020830 0.025981
v -0.179768 0.082340 -0.003704
v -0.143073 0.091129 -0.057756
v -0.143402 0.088826 -0.057145
v -0.164642 0.057173 -0.021767
v -0.165099 0.063184 -0.022614
v -0.161595 0.060700 -0.027279
v -0.147585 0.048622 -0.046518
v -0.150104 0.047674 -0.042456
v -0.149408 0.051973 -0.044772
v -0.173771 0.080577 -0.012342
v -0.175101 0.036923 0.000262
v -0.155289 0.052168 -0.035208
v -0.151971 0.051901 -0.040605
v -0.152610 0.047458 -0.038130
v -0.145754 0.065830 -0.052366
v -0.179590 0.062838 -0.000140
v -0.178235 0.059613 -0.001203
v -0.180235 0.059402 0.001870
v -0.175232 0.063787 -0.007477
v -0.171311 0.057294 -0.011522
v -0.175634 0.057665 -0.004664
v -0.186210 0.019135 0.022163
v -0.178243 0.086051 -0.006474
v -0.165418 0.079364 -0.025019
v -0.160672 0.075199 -0.032226
v -0.165642 0.073857 -0.024219
v -0.172345 0.051876 -0.007744
v -0.167912 0.050421 -0.014533
v -0.147519 0.036042 -0.042640
v -0.150389 0.042173 -0.040455
v -0.146642 0.040964 -0.045570
v -0.154386 0.084270 -0.042023
v -0.158568 0.087855 -0.036714
v -0.161203 0.064926 -0.028935
v -0.144011 0.039260 -0.048813
v -0.143815 0.043208 -0.050278
v -0.142819 0.039796 -0.050770
v -0.152816 0.043876 -0.036870
v -0.155568 0.032801 -0.028401
v -0.155953 0.039015 -0.030259
v -0.152784 0.034369 -0.033147
v -0.189021 0.026632 0.023606
v -0.190068 0.030304 0.024519
v -0.141169 0.044584 -0.054204
v -0.140844 0.041246 -0.053706
v -0.165338 0.086920 -0.026057
v -0.163506 0.083260 -0.028680
v -0.167405 0.084626 -0.022807
v -0.127635 0.107875 -0.079529
v -0.128993 0.110466 -0.076689
v -0.127521 0.109855 -0.079094
v -0.140289 0.043380 -0.055122
v -0.138850 0.043979 -0.057037
v -0.162447 0.052587 -0.023868
v -0.164396 0.051689 -0.020369
v -0.171513 0.042037 -0.006444
v -0.168164 0.041233 -0.011472
v -0.167751 0.036193 -0.010518
v -0.169812 0.046224 -0.009947
v -0.150389 0.055911 -0.043700
v -0.153852 0.057053 -0.038648
v -0.151944 0.059918 -0.042192
v -0.151455 0.081705 -0.045568
v -0.174158 0.039628 -0.001849
v -0.170947 0.037591 -0.006205
v -0.177645 0.062805 -0.003034
v -0.178997 0.065377 -0.001375
v -0.180415 0.075387 -0.001593
v -0.180830 0.067911 0.000830
v -0.171653 0.063697 -0.012911
v -0.174207 0.067155 -0.009855
v -0.171243 0.016263 0.000709
v -0.170193 0.066521 -0.015804
v -0.172572 0.067660 -0.012521
v -0.155541 0.045546 -0.032974
v -0.180913 0.088401 -0.002439
v -0.178174 0.055995 0.000089
v -0.175158 0.075975 -0.009545
v -0.188416 0.019307 0.025132
v -0.135078 0.110653 -0.068295
v -0.136219 0.111651 -0.066117
v -0.134685 0.111937 -0.068060
v -0.171020 0.073266 -0.015708
v -0.171708 0.069747 -0.014233
v -0.172372 0.082699 -0.014592
v -0.170306 0.078550 -0.017514
v -0.161425 0.038761 -0.020924
v -0.162982 0.040550 -0.019144
v -0.160319 0.040093 -0.023230
v -0.153613 0.067329 -0.041661
v -0.150936 0.064010 -0.044815
v -0.147373 0.061835 -0.049618
v -0.148477 0.066470 -0.048643
v -0.168691 0.058969 -0.016189
v -0.167795 0.062334 -0.018132
v -0.177274 0.096138 -0.007091
v -0.177613 0.099268 -0.006660
v -0.175771 0.098401 -0.009419
v -0.161955 0.071893 -0.029895
v -0.144499 0.103342 -0.056050
v -0.173144 0.094101 -0.013737
v -0.174389 0.094912 -0.011482
v -0.173737 0.097124 -0.012648
v -0.149533 0.059535 -0.045844
v -0.169337 0.082101 -0.019401
v -0.154039 0.075303 -0.042009
v -0.172174 0.095563 -0.015490
v -0.140441 0.051294 -0.056986
v -0.138049 0.052771 -0.060050
v -0.136721 0.049841 -0.060953
v -0.139211 0.084298 -0.063586
v -0.169282 0.086941 -0.020283
v -0.145069 0.053911 -0.051299
v -0.144573 0.058063 -0.052787
v -0.142326 0.054832 -0.055421
v -0.156929 0.066561 -0.036284
v -0.155527 0.070006 -0.039247
v -0.159472 0.045552 -0.026665
v -0.163087 0.045829 -0.020716
v -0.176001 0.051804 -0.002041
v -0.141982 0.092487 -0.059608
v -0.191022 0.026997 0.026822
v -0.169628 0.089356 -0.019850
v -0.190945 0.021722 0.028303
v -0.191250 0.019955 0.029154
v -0.190460 0.018370 0.028772
v -0.192262 0.028155 0.028842
v -0.192678 0.031295 0.028727
v -0.191054 0.024254 0.027668
v -0.189536 0.022693 0.025594
v -0.157938 0.091785 -0.037692
v -0.155361 0.088159 -0.041204
v -0.141413 0.098222 -0.060709
v -0.141755 0.095206 -0.059973
v -0.163258 0.086773 -0.029077
v -0.139283 0.091618 -0.064058
v -0.140323 0.092902 -0.062304
v -0.157784 0.058161 -0.032903
v -0.159619 0.052741 -0.028349
v -0.158377 0.035192 -0.024750
v -0.140760 0.089803 -0.061244
v -0.167712 0.087974 -0.022729
v -0.167380 0.055002 -0.016996
v -0.158639 0.070885 -0.034491
v -0.180640 0.048076 0.005808
v -0.178513 0.050616 0.001950
v -0.176274 0.045553 -0.000015
v -0.167738 0.066028 -0.019539
v -0.187217 0.102513 0.007605
v -0.186317 0.102554 0.006346
v -0.186720 0.100194 0.006654
v -0.161316 0.035793 -0.020153
v -0.165152 0.038129 -0.015211
v -0.190586 0.107582 0.013878
v -0.191403 0.107185 0.015500
v -0.190691 0.108914 0.014896
v -0.195121 0.101902 0.020722
v -0.194303 0.101205 0.019300
v -0.194717 0.099682 0.019395
v -0.136957 0.085022 -0.067371
v -0.190945 0.080453 0.013871
v -0.193054 0.076796 0.018116
v -0.193559 0.079076 0.018526
v -0.193252 0.100908 0.017226
v -0.191140 0.075446 0.015199
v -0.187896 0.075070 0.010575
v -0.190456 0.071249 0.014852
v -0.190507 0.040459 0.022950
v -0.191504 0.043301 0.023622
v -0.188370 0.041689 0.019425
v -0.189886 0.087389 0.011104
v -0.191359 0.089709 0.013821
v -0.189672 0.089890 0.011163
v -0.179440 0.094870 -0.003725
v -0.187475 0.061210 0.012325
v -0.187145 0.056514 0.013132
v -0.189451 0.059208 0.015917
v -0.189227 0.098523 0.010511
v -0.187843 0.098945 0.008323
v -0.187244 0.094603 0.007589
v -0.160762 0.085156 -0.033266
v -0.181905 0.092811 -0.000172
v -0.181314 0.097137 -0.000959
v -0.186722 0.048747 0.014854
v -0.184663 0.052034 0.010727
v -0.183897 0.046552 0.011196
v -0.167099 0.092940 -0.023624
v -0.168131 0.090676 -0.022048
v -0.161841 0.049708 -0.024153
v -0.188285 0.103256 0.009457
v -0.188090 0.107307 0.009799
v -0.187171 0.104541 0.007963
v -0.166213 0.089884 -0.025132
v -0.164381 0.088831 -0.027832
v -0.188457 0.091470 0.009440
v -0.189498 0.095802 0.011085
v -0.139136 0.086771 -0.063502
v -0.139994 0.096114 -0.062859
v -0.166291 0.043624 -0.014977
v -0.133859 0.087024 -0.071973
v -0.132118 0.085914 -0.074719
v -0.161587 0.079577 -0.031322
v -0.192494 0.057890 0.020397
v -0.195190 0.055447 0.025885
v -0.195410 0.058945 0.025825
v -0.185546 0.043300 0.014650
v -0.186227 0.038783 0.016404
v -0.190917 0.093412 0.013130
v -0.189746 0.063243 0.015470
v -0.188758 0.066360 0.013093
v -0.185830 0.096598 0.005548
v -0.192634 0.082767 0.016043
v -0.193451 0.081132 0.017817
v -0.190626 0.101999 0.012709
v -0.189907 0.104446 0.011928
v -0.189187 0.101400 0.010651
v -0.125952 0.105823 -0.082068
v -0.126574 0.108495 -0.080713
v -0.125446 0.108364 -0.082375
v -0.184438 0.073977 0.005221
v -0.183843 0.082033 0.002431
v -0.137330 0.087334 -0.066643
v -0.183332 0.097998 0.001852
v -0.182035 0.101670 0.000225
v -0.195674 0.079474 0.021504
v -0.183972 0.100723 0.002880
v -0.177383 0.040788 0.002974
v -0.194787 0.091580 0.019148
v -0.194922 0.094875 0.019605
v -0.193119 0.093332 0.016602
v -0.139794 0.106189 -0.062793
v -0.141229 0.104838 -0.060527
v -0.194555 0.083459 0.019282
v -0.183052 0.040746 0.010936
v -0.181118 0.054511 0.004523
v -0.183417 0.060993 0.005820
v -0.184916 0.057707 0.009088
v -0.185504 0.061074 0.009025
v -0.122024 0.110039 -0.086833
v -0.123031 0.107905 -0.085874
v -0.122912 0.110030 -0.085366
v -0.184741 0.103538 0.004376
v -0.183305 0.103105 0.002181
v -0.141062 0.101085 -0.061796
v -0.139940 0.098776 -0.063248
v -0.185322 0.088769 0.004698
v -0.188363 0.088296 0.008911
v -0.174060 0.100365 -0.012059
v -0.171895 0.101747 -0.015045
v -0.172768 0.099292 -0.014184
v -0.164095 0.091801 -0.028388
v -0.173045 0.047532 -0.005201
v -0.192588 0.040636 0.026205
v -0.192856 0.089550 0.016332
v -0.194296 0.087707 0.018924
v -0.118832 0.109463 -0.092241
v -0.120580 0.107703 -0.090049
v -0.119624 0.111152 -0.090455
v -0.132363 0.113395 -0.070311
v -0.131000 0.114850 -0.071384
v -0.130809 0.112323 -0.073212
v -0.190777 0.054213 0.018916
v -0.190368 0.056874 0.017546
v -0.160496 0.081796 -0.033263
v -0.153422 0.080834 -0.043087
v -0.154273 0.078659 -0.041900
v -0.189236 0.106307 0.011407
v -0.190418 0.098739 0.012455
v -0.191697 0.100427 0.014386
v -0.142386 0.103112 -0.059338
v -0.140951 0.103279 -0.061681
v -0.138889 0.055128 -0.059737
v -0.192194 0.103863 0.015574
v -0.193585 0.103861 0.018387
v -0.190082 0.049944 0.019454
v -0.193566 0.051677 0.024249
v -0.154532 0.072049 -0.041288
v -0.173428 0.077949 -0.012733
v -0.139600 0.047685 -0.057100
v -0.124048 0.109268 -0.083951
v -0.125080 0.111832 -0.081534
v -0.123289 0.111527 -0.084188
v -0.191410 0.066413 0.017612
v -0.132495 0.101441 -0.074611
v -0.134299 0.102723 -0.072058
v -0.133230 0.104614 -0.073021
v -0.130237 0.085431 -0.077325
v -0.194305 0.102643 0.019649
v -0.191817 0.085546 0.014534
v -0.185995 0.065321 0.009045
v -0.144388 0.036394 -0.047348
v -0.183486 0.036790 0.012790
v -0.185324 0.034327 0.016033
v -0.188720 0.045673 0.018774
v -0.192459 0.047292 0.024082
v -0.186918 0.079296 0.008012
v -0.190090 0.107130 0.012826
v -0.190236 0.108351 0.013631
v -0.190976 0.104735 0.013702
v -0.189105 0.055819 0.016044
v -0.187889 0.052761 0.015303
v -0.188436 0.035202 0.020882
v -0.139615 0.076984 -0.062059
v -0.158986 0.063613 -0.032084
v -0.135851 0.087948 -0.069056
v -0.181516 0.063419 0.002659
v -0.193101 0.097274 0.016123
v -0.191393 0.097424 0.013769
v -0.179561 0.098883 -0.003497
v -0.188792 0.038619 0.020779
v -0.123423 0.104814 -0.085796
v -0.124230 0.106567 -0.084307
v -0.138326 0.063122 -0.062087
v -0.188288 0.084608 0.008737
v -0.186623 0.107033 0.007696
v -0.185997 0.105026 0.006332
v -0.197007 0.085650 0.023425
v -0.190797 0.037860 0.024105
v -0.183504 0.043670 0.011224
v -0.142659 0.048019 -0.053052
v -0.143060 0.051513 -0.053532
v -0.194951 0.077159 0.021123
v -0.186146 0.046046 0.014913
v -0.169463 0.033556 -0.007221
v -0.194410 0.096683 0.018499
v -0.162877 0.088539 -0.030071
v -0.161630 0.089392 -0.032362
v -0.178596 0.101753 -0.004771
v -0.180153 0.100849 -0.002259
v -0.138723 0.097471 -0.065231
v -0.138944 0.100307 -0.064923
v -0.175649 0.101028 -0.009475
v -0.178318 0.053142 0.001112
v -0.193532 0.062879 0.021670
v -0.191342 0.062142 0.018181
v -0.184207 0.092753 0.003242
v -0.183112 0.094950 0.001391
v -0.142631 0.109193 -0.057177
v -0.181238 0.037190 0.009114
v -0.129684 0.107529 -0.076927
v -0.132150 0.108795 -0.073216
v -0.130860 0.110191 -0.074260
v -0.176606 0.102765 -0.007663
v -0.183407 0.104829 0.002781
v -0.182187 0.104839 0.001162
v -0.123304 0.101483 -0.086389
v -0.173764 0.103498 -0.011461
v -0.126506 0.110526 -0.080079
v -0.127324 0.086045 -0.081235
v -0.193030 0.054749 0.022249
v -0.137982 0.046839 -0.058988
v -0.149147 0.034021 -0.038914
v -0.150685 0.033162 -0.035860
v -0.185349 0.101008 0.004894
v -0.161032 0.092444 -0.033055
v -0.184255 0.095814 0.003148
v -0.184899 0.098209 0.004183
v -0.139859 0.019682 -0.045367
v -0.136051 0.016245 -0.046019
v -0.141236 0.019100 -0.043442
v -0.185342 0.069778 0.007347
v -0.183516 0.066674 0.005050
v -0.137106 0.098887 -0.068030
v -0.192436 0.106509 0.017007
v -0.192718 0.108545 0.018133
v -0.130997 0.101894 -0.076293
v -0.130075 0.099640 -0.077409
v -0.193404 0.107341 0.018894
v -0.145209 0.050264 -0.050188
v -0.187639 0.017035 0.025618
v -0.137778 0.102555 -0.066813
v -0.187616 0.070078 0.010570
v -0.186305 0.072509 0.008334
v -0.184077 0.019103 0.018893
v -0.167074 0.017771 -0.005760
v -0.163429 0.017324 -0.010472
v -0.172951 0.018365 0.002150
v -0.183057 0.090380 0.001438
v -0.148275 0.045066 -0.044435
v -0.146344 0.044968 -0.047063
v -0.144621 0.069486 -0.054448
v -0.142595 0.018919 -0.041543
v -0.133064 0.111340 -0.070912
v -0.192334 0.099010 0.015241
v -0.153652 0.069986 -0.042070
v -0.127784 0.090149 -0.080783
v -0.125506 0.088856 -0.083526
v -0.130031 0.092619 -0.077971
v -0.139559 0.102856 -0.063932
v -0.140076 0.104412 -0.062714
v -0.138605 0.104918 -0.065057
v -0.138527 0.069314 -0.063080
v -0.193196 0.072843 0.018788
v -0.164148 0.032210 -0.014870
v -0.175972 0.038995 0.001222
v -0.193138 0.105528 0.017974
v -0.177655 0.019078 0.008586
v -0.195131 0.074491 0.021957
v -0.189449 0.109063 0.012887
v -0.144531 0.073164 -0.054600
v -0.142273 0.071269 -0.057511
v -0.122188 0.105587 -0.087723
v -0.183416 0.017129 0.019401
v -0.184968 0.016375 0.022378
v -0.194457 0.106256 0.020477
v -0.194267 0.109616 0.021372
v -0.190583 0.106355 0.013503
v -0.181711 0.043993 0.008396
v -0.148669 0.054143 -0.046301
v -0.147527 0.056553 -0.048288
v -0.178697 0.037450 0.005453
v -0.180320 0.040544 0.006916
v -0.142564 0.075012 -0.057466
v -0.176789 0.034969 0.003110
v -0.176871 0.037826 0.002840
v -0.134291 0.113312 -0.067442
v -0.191396 0.034439 0.026003
v -0.151663 0.104832 -0.045192
v -0.125886 0.091660 -0.083314
v -0.131239 0.096610 -0.076086
v -0.133349 0.094898 -0.073131
v -0.135936 0.102358 -0.069633
v -0.179591 0.104417 -0.002939
v -0.147268 0.052533 -0.048039
v -0.134454 0.099021 -0.071949
v -0.179156 0.043904 0.004803
v -0.159044 0.028806 -0.021403
v -0.196209 0.089739 0.021771
v -0.136168 0.108758 -0.067368
v -0.137422 0.110300 -0.064986
v -0.139181 0.108490 -0.062918
v -0.127296 0.098552 -0.081033
v -0.124091 0.094698 -0.085748
v -0.127792 0.094311 -0.080750
v -0.136365 0.105304 -0.068076
v -0.137795 0.107003 -0.065670
v -0.176173 0.018270 0.006685
v -0.180638 0.015779 0.015608
v -0.181976 0.017628 0.016590
v -0.145252 0.088670 -0.054316
v -0.121421 0.108816 -0.088242
v -0.141335 0.025325 -0.046486
v -0.138821 0.025604 -0.050251
v -0.140437 0.023485 -0.046414
v -0.160997 0.019434 -0.014982
v -0.163151 0.020321 -0.012372
v -0.160546 0.020653 -0.016362
v -0.159053 0.015929 -0.015697
v -0.158935 0.018365 -0.017226
v -0.155532 0.016758 -0.021157
v -0.195900 0.097870 0.021322
v -0.158934 0.021132 -0.019013
v -0.157371 0.020896 -0.021121
v -0.158767 0.020067 -0.018649
v -0.134937 0.104832 -0.070576
v -0.191601 0.109394 0.016783
v -0.192706 0.110950 0.019317
v -0.159831 0.021913 -0.017600
v -0.139416 0.021380 -0.046744
v -0.137434 0.021797 -0.049585
v -0.137599 0.019672 -0.047898
v -0.194620 0.068267 0.021958
v -0.192431 0.069876 0.018141
v -0.140508 0.069526 -0.060143
v -0.155510 0.019446 -0.022741
v -0.141138 0.021653 -0.044595
v -0.143789 0.023164 -0.041496
v -0.145293 0.047043 -0.049237
v -0.127452 0.104744 -0.080353
v -0.135049 0.022475 -0.053054
v -0.137376 0.023770 -0.050857
v -0.134559 0.025056 -0.055877
v -0.195568 0.071541 0.022880
v -0.139720 0.072504 -0.061387
v -0.154192 0.020723 -0.024855
v -0.155724 0.021030 -0.023187
v -0.154411 0.021664 -0.024903
v -0.157022 0.022032 -0.021725
v -0.140340 0.086109 -0.061687
v -0.144009 0.021133 -0.040646
v -0.194519 0.104243 0.020128
v -0.142098 0.020911 -0.042971
v -0.129294 0.097240 -0.078475
v -0.122832 0.098591 -0.087229
v -0.124382 0.098131 -0.084946
v -0.131106 0.103541 -0.075875
v -0.131673 0.106171 -0.074730
v -0.129050 0.103857 -0.078245
v -0.134154 0.109456 -0.070128
v -0.128148 0.101181 -0.079801
v -0.127114 0.101446 -0.081223
v -0.136197 0.107290 -0.067949
v -0.143383 0.025479 -0.043424
v -0.134468 0.107120 -0.070795
v -0.151459 0.031656 -0.033974
v -0.125261 0.099886 -0.083764
v -0.163896 0.022072 -0.012216
v -0.165443 0.021972 -0.010146
v -0.129512 0.101455 -0.078037
v -0.163931 0.023013 -0.012498
v -0.158071 0.023554 -0.020699
v -0.128848 0.113497 -0.075278
v -0.160932 0.022985 -0.016317
v -0.162164 0.024351 -0.015399
v -0.159356 0.025025 -0.019533
v -0.125076 0.105944 -0.083308
v -0.154857 0.023180 -0.024954
v -0.153014 0.020694 -0.026489
v -0.152188 0.021192 -0.027727
v -0.141825 0.037192 -0.051235
v -0.156788 0.025139 -0.023046
v -0.152216 0.022632 -0.028466
v -0.153014 0.024709 -0.028282
v -0.150450 0.022059 -0.031100
v -0.149589 0.022655 -0.032654
v -0.126742 0.113365 -0.078205
v -0.127810 0.111650 -0.077828
v -0.151978 0.028479 -0.031700
v -0.159776 0.094758 -0.034612
v -0.158001 0.095907 -0.037251
v -0.150454 0.030494 -0.035178
v -0.150245 0.024663 -0.032551
v -0.122123 0.111640 -0.086202
v -0.120893 0.111458 -0.088036
v -0.146481 0.030797 -0.041381
v -0.147093 0.029694 -0.040080
v -0.147876 0.031713 -0.039818
v -0.161030 0.100408 -0.032563
v -0.162830 0.100742 -0.029365
v -0.161444 0.103390 -0.030830
v -0.147592 0.024556 -0.036528
v -0.159695 0.102619 -0.034269
v -0.153785 0.103196 -0.042557
v -0.154879 0.101491 -0.041147
v -0.154765 0.103720 -0.040667
v -0.149395 0.027733 -0.035465
v -0.148789 0.029802 -0.037626
v -0.159205 0.099574 -0.035498
v -0.163404 0.098663 -0.028708
v -0.165197 0.099236 -0.025732
v -0.160301 0.097454 -0.033801
v -0.162005 0.098334 -0.030980
v -0.149514 0.031913 -0.037440
v -0.156354 0.102219 -0.038739
v -0.147672 0.033590 -0.041056
v -0.123417 0.113294 -0.083209
v -0.165614 0.095245 -0.025721
v -0.168110 0.096418 -0.021996
v -0.158156 0.101675 -0.036557
v -0.157205 0.099186 -0.038183
v -0.155876 0.099736 -0.039974
v -0.145872 0.032204 -0.042945
v -0.147134 0.027436 -0.038774
v -0.163271 0.096214 -0.029072
v -0.144571 0.033794 -0.045984
v -0.142796 0.030909 -0.047512
v -0.141843 0.033332 -0.049949
v -0.161253 0.095813 -0.032128
v -0.141965 0.028925 -0.047531
v -0.144726 0.028772 -0.043263
v -0.171181 0.098057 -0.017036
v -0.138948 0.031898 -0.053467
v -0.140615 0.031044 -0.050784
v -0.168517 0.099974 -0.020594
v -0.170119 0.100903 -0.017796
v -0.139422 0.030094 -0.052200
v -0.140574 0.029628 -0.050176
v -0.153722 0.100600 -0.043225
v -0.141540 0.027024 -0.047170
v -0.140352 0.028293 -0.049584
v -0.154802 0.098979 -0.041695
v -0.138537 0.030253 -0.053535
v -0.138710 0.029062 -0.052709
v -0.139212 0.027422 -0.050879
v -0.155872 0.097238 -0.040266
v -0.136799 0.030549 -0.055848
v -0.136724 0.027795 -0.054729
v -0.152866 0.104363 -0.043617
v -0.149785 0.026790 -0.034307
v -0.125369 0.114038 -0.079709
v -0.121260 0.104049 -0.089326
v -0.190155 0.016114 0.030017
v -0.124443 0.114200 -0.081149
v -0.167165 0.031546 -0.010375
v -0.164993 0.025337 -0.011681
v -0.165996 0.028138 -0.011128
v -0.163209 0.028088 -0.015048
v -0.164949 0.023182 -0.010953
v -0.139562 0.034660 -0.053717
v -0.161227 0.090627 0.117729
v -0.161961 0.092665 0.117224
v -0.162171 0.089374 0.117046
v -0.111334 0.065263 0.149849
v -0.112825 0.065381 0.148788
v -0.112138 0.063512 0.149389
v -0.111661 0.035711 0.149346
v -0.108659 0.034459 0.151224
v -0.108849 0.036803 0.151246
v -0.131837 0.108694 0.137665
v -0.132456 0.106807 0.137209
v -0.131007 0.107483 0.138127
v -0.172900 0.053158 0.109280
v -0.174223 0.056800 0.108229
v -0.175795 0.054377 0.107261
v -0.183097 0.029789 0.102249
v -0.184736 0.028552 0.101112
v -0.181792 0.028348 0.102999
v -0.135544 0.094351 0.134864
v -0.137294 0.094273 0.133754
v -0.135627 0.092692 0.134813
v -0.143029 0.108871 0.130244
v -0.144170 0.110327 0.129613
v -0.143384 0.107042 0.129941
v -0.117718 0.015945 0.141622
v -0.115765 0.015527 0.142579
v -0.154470 0.069903 0.121138
v -0.153423 0.068634 0.121651
v -0.153550 0.070397 0.121760
v -0.110108 0.113798 0.152552
v -0.110559 0.111417 0.151961
v -0.144568 0.070599 0.127740
v -0.143499 0.070617 0.128307
v -0.143539 0.071265 0.128078
v -0.127506 0.017760 0.135753
v -0.127351 0.019511 0.136493
v -0.129217 0.019137 0.135146
v -0.120828 0.097877 0.144506
v -0.122708 0.097758 0.143258
v -0.123463 0.096156 0.142790
v -0.141482 0.041463 0.129674
v -0.139847 0.039008 0.130612
v -0.140017 0.041311 0.130585
v -0.149167 0.024498 0.120727
v -0.148128 0.022556 0.121239
v -0.147341 0.024733 0.121839
v -0.181503 0.015518 0.100057
v -0.181439 0.017459 0.100825
v -0.184768 0.017077 0.098356
v -0.142946 0.072261 0.128661
v -0.144017 0.071745 0.127895
v -0.142723 0.071172 0.128667
v -0.114799 0.111522 0.149195
v -0.117093 0.110704 0.147495
v -0.115362 0.107847 0.148494
v -0.139326 0.091631 0.132277
v -0.137730 0.089677 0.133185
v -0.137758 0.092148 0.133332
v -0.155250 0.101017 0.121896
v -0.154972 0.102708 0.122263
v -0.157215 0.101246 0.120634
v -0.127979 0.071207 0.138430
v -0.129254 0.070246 0.137499
v -0.128134 0.069879 0.138345
v -0.147975 0.049890 0.125716
v -0.147846 0.046138 0.125648
v -0.145367 0.049480 0.127460
v -0.182849 0.019904 0.100876
v -0.180658 0.018587 0.101791
v -0.108605 0.040588 0.151505
v -0.110171 0.041985 0.150432
v -0.112417 0.038657 0.148974
v -0.123495 0.100903 0.142890
v -0.124900 0.101499 0.142034
v -0.124224 0.099954 0.142340
v -0.110060 0.027245 0.149704
v -0.111427 0.029195 0.149310
v -0.158883 0.039844 0.117958
v -0.159718 0.036704 0.117069
v -0.156401 0.039351 0.119418
v -0.141662 0.070910 0.129428
v -0.141932 0.071899 0.129239
v -0.133989 0.091756 0.135751
v -0.133714 0.093409 0.136053
v -0.168798 0.078370 0.112169
v -0.168029 0.074911 0.112444
v -0.166747 0.076835 0.113354
v -0.144563 0.094102 0.128805
v -0.145514 0.091257 0.128045
v -0.142290 0.092449 0.130312
v -0.122019 0.073040 0.142544
v -0.123424 0.074047 0.141685
v -0.122812 0.072039 0.141963
v -0.122430 0.031352 0.142013
v -0.120475 0.030756 0.143289
v -0.120839 0.032299 0.143230
v -0.138959 0.109493 0.132996
v -0.137641 0.106940 0.133687
v -0.136069 0.109425 0.134977
v -0.123476 0.113813 0.143240
v -0.120802 0.112308 0.145042
v -0.121454 0.115673 0.144782
v -0.113754 0.086485 0.148651
v -0.115193 0.085665 0.147768
v -0.114271 0.084464 0.148200
v -0.151481 0.078730 0.123256
v -0.151354 0.076759 0.123103
v -0.150498 0.076813 0.123611
v -0.150700 0.021683 0.119762
v -0.148685 0.019849 0.120997
v -0.151940 0.067488 0.122648
v -0.151135 0.066854 0.123237
v -0.151013 0.067781 0.123367
v -0.128012 0.103618 0.140056
v -0.128222 0.101796 0.139881
v -0.126231 0.102863 0.141177
v -0.160958 0.069982 0.116888
v -0.161292 0.069010 0.116565
v -0.160639 0.068610 0.117040
v -0.167068 0.067768 0.112954
v -0.167934 0.068815 0.112483
v -0.168101 0.067367 0.112448
v -0.110512 0.074808 0.150129
v -0.130161 0.064198 0.137616
v -0.128036 0.064720 0.138982
v -0.129825 0.065393 0.137712
v -0.112053 0.020458 0.146649
v -0.111200 0.017833 0.146369
v -0.125782 0.112015 0.141557
v -0.123030 0.111402 0.143385
v -0.122785 0.019044 0.139235
v -0.120092 0.017386 0.140604
v -0.121716 0.020519 0.140569
v -0.130015 0.073974 0.137216
v -0.129698 0.072827 0.137413
v -0.127711 0.073816 0.138678
v -0.169905 0.041789 0.111247
v -0.171977 0.040474 0.109829
v -0.171135 0.037485 0.110254
v -0.143705 0.069886 0.128115
v -0.144463 0.069175 0.127640
v -0.121397 0.039900 0.143066
v -0.119034 0.041534 0.144685
v -0.124428 0.040305 0.141090
v -0.128518 0.097926 0.139562
v -0.127972 0.095424 0.139829
v -0.126089 0.096497 0.141029
v -0.134448 0.108497 0.135945
v -0.133288 0.110330 0.136745
v -0.152867 0.072288 0.122028
v -0.152840 0.071129 0.122116
v -0.152311 0.071793 0.122327
v -0.153697 0.055768 0.122088
v -0.151119 0.055013 0.123766
v -0.153622 0.058103 0.122198
v -0.151770 0.031838 0.120720
v -0.149478 0.033175 0.122362
v -0.151239 0.035971 0.121971
v -0.165127 0.068275 0.114016
v -0.166047 0.067741 0.113294
v -0.165460 0.067013 0.113650
v -0.137042 0.077040 0.132850
v -0.135403 0.079488 0.134074
v -0.136992 0.079792 0.132988
v -0.135575 0.111604 0.135326
v -0.134000 0.113314 0.136496
v -0.136560 0.113245 0.134815
v -0.119638 0.054217 0.144078
v -0.121408 0.054668 0.143012
v -0.122039 0.050854 0.142551
v -0.127380 0.082915 0.139640
v -0.129488 0.081425 0.138081
v -0.128357 0.079833 0.138789
v -0.113056 0.109426 0.150215
v -0.133792 0.063414 0.135175
v -0.134491 0.064774 0.134630
v -0.136140 0.063064 0.133663
v -0.130876 0.103878 0.138157
v -0.129695 0.102647 0.138911
v -0.129385 0.104304 0.139105
v -0.121078 0.074374 0.143329
v -0.121273 0.029643 0.142626
v -0.119862 0.029011 0.143419
v -0.134947 0.035013 0.133741
v -0.131496 0.035286 0.136190
v -0.133639 0.038573 0.134876
v -0.126175 0.067327 0.139475
v -0.126853 0.066619 0.139204
v -0.125623 0.066920 0.139821
v -0.144721 0.075953 0.127448
v -0.145955 0.073053 0.126537
v -0.144592 0.073731 0.127507
v -0.151321 0.082555 0.123633
v -0.152299 0.083744 0.123152
v -0.153062 0.080717 0.122470
v -0.126966 0.101249 0.140702
v -0.111224 0.079549 0.149940
v -0.151365 0.098884 0.124586
v -0.152357 0.100158 0.123918
v -0.153692 0.097714 0.122919
v -0.110389 0.101333 0.151480
v -0.126028 0.114641 0.141559
v -0.112255 0.100709 0.150219
v -0.111258 0.102408 0.150898
v -0.111898 0.103176 0.150563
v -0.147383 0.018457 0.121917
v -0.147010 0.019711 0.122075
v -0.147546 0.019183 0.121686
v -0.126589 0.071352 0.139365
v -0.126959 0.070346 0.139278
v -0.125845 0.070660 0.140081
v -0.124951 0.085550 0.141467
v -0.123482 0.086121 0.142415
v -0.126255 0.088120 0.140619
v -0.174989 0.029300 0.106975
v -0.173706 0.032934 0.108214
v -0.177785 0.030251 0.105538
v -0.135248 0.099124 0.135152
v -0.135540 0.097067 0.134941
v -0.132502 0.098320 0.137014
v -0.146665 0.023394 0.122266
v -0.114182 0.065518 0.147979
v -0.113422 0.066283 0.148288
v -0.161983 0.069516 0.116353
v -0.135706 0.066414 0.133529
v -0.134364 0.067050 0.134086
v -0.135419 0.067620 0.133502
v -0.145981 0.067207 0.126557
v -0.145525 0.066753 0.126811
v -0.145580 0.067208 0.126989
v -0.123145 0.016313 0.138070
v -0.122860 0.017544 0.138835
v -0.125194 0.017841 0.137411
v -0.127015 0.086322 0.140062
v -0.176966 0.024414 0.105133
v -0.179688 0.023008 0.103385
v -0.178012 0.022405 0.104264
v -0.167620 0.016667 0.109154
v -0.169504 0.018168 0.107898
v -0.169789 0.015923 0.107914
v -0.151278 0.019374 0.119435
v -0.150134 0.017750 0.120220
v -0.181487 0.032130 0.103553
v -0.139149 0.080235 0.131538
v -0.138995 0.083214 0.131763
v -0.141430 0.080627 0.129897
v -0.133190 0.045642 0.135256
v -0.134054 0.042904 0.134640
v -0.132311 0.043473 0.135880
v -0.115224 0.051377 0.146925
v -0.117956 0.049364 0.145158
v -0.113869 0.048009 0.147931
v -0.150200 0.083811 0.124507
v -0.149722 0.086582 0.124969
v -0.151081 0.084846 0.123921
v -0.161802 0.015583 0.113022
v -0.161988 0.061077 0.116777
v -0.160319 0.056953 0.117722
v -0.159406 0.060374 0.118499
v -0.142366 0.108258 0.130723
v -0.141498 0.110010 0.131344
v -0.159798 0.067732 0.117525
v -0.159950 0.068746 0.117708
v -0.126737 0.099796 0.140795
v -0.134010 0.032093 0.134224
v -0.150055 0.039237 0.123359
v -0.152864 0.040355 0.121666
v -0.116223 0.027695 0.145710
v -0.119034 0.026562 0.143674
v -0.116207 0.023837 0.145044
v -0.164712 0.054798 0.114798
v -0.166559 0.055369 0.113517
v -0.166787 0.051180 0.113355
v -0.148942 0.108745 0.126394
v -0.150215 0.109358 0.125612
v -0.149512 0.107015 0.125984
v -0.153427 0.095269 0.122962
v -0.154596 0.095960 0.122219
v -0.154967 0.094730 0.121968
v -0.166669 0.068741 0.113178
v -0.159992 0.064992 0.117919
v -0.158873 0.066655 0.118094
v -0.160382 0.066266 0.117563
v -0.151061 0.096384 0.124666
v -0.154026 0.093284 0.122487
v -0.119030 0.072533 0.144317
v -0.118470 0.075505 0.144949
v -0.121121 0.061974 0.143470
v -0.118581 0.061857 0.145021
v -0.119277 0.063812 0.144569
v -0.115618 0.083802 0.147287
v -0.116414 0.086939 0.146986
v -0.117659 0.086398 0.146070
v -0.128656 0.065904 0.138169
v -0.129586 0.066322 0.137426
v -0.148812 0.075523 0.124618
v -0.148906 0.079349 0.124872
v -0.141680 0.103920 0.130984
v -0.142223 0.100678 0.130570
v -0.139929 0.101683 0.132165
v -0.129490 0.071431 0.137592
v -0.130637 0.070408 0.136787
v -0.131464 0.072261 0.136292
v -0.131511 0.071106 0.136418
v -0.130436 0.071771 0.137022
v -0.121873 0.087540 0.143415
v -0.120821 0.084678 0.144031
v -0.118724 0.084655 0.145402
v -0.138953 0.075463 0.131438
v -0.141126 0.073482 0.129873
v -0.138840 0.072691 0.131363
v -0.151846 0.068844 0.122666
v -0.150849 0.068741 0.123602
v -0.151256 0.069796 0.123332
v -0.181337 0.042701 0.103887
v -0.178748 0.041402 0.105453
v -0.178928 0.046242 0.105280
v -0.131889 0.031693 0.135668
v -0.129422 0.033591 0.137536
v -0.120262 0.090658 0.144663
v -0.118292 0.091063 0.145954
v -0.119557 0.092755 0.145191
v -0.144046 0.089924 0.128968
v -0.175938 0.017357 0.104020
v -0.178969 0.017374 0.102555
v -0.177183 0.015643 0.102945
v -0.157183 0.074460 0.119356
v -0.158428 0.072858 0.118399
v -0.157937 0.072787 0.118657
v -0.132896 0.065563 0.135694
v -0.132539 0.066755 0.135632
v -0.133858 0.066139 0.134844
v -0.143132 0.016699 0.125071
v -0.141471 0.015622 0.125899
v -0.123782 0.015548 0.137383
v -0.174923 0.023162 0.105798
v -0.173751 0.025153 0.106798
v -0.118957 0.111938 0.146377
v -0.119533 0.110950 0.145777
v -0.154116 0.073405 0.121111
v -0.152357 0.074852 0.122351
v -0.155074 0.073975 0.120600
v -0.147974 0.108392 0.126947
v -0.148239 0.110247 0.126926
v -0.127668 0.016160 0.135019
v -0.129669 0.016077 0.133572
v -0.129597 0.086754 0.138428
v -0.129142 0.090018 0.138810
v -0.132178 0.090106 0.136907
v -0.140524 0.077314 0.130483
v -0.142336 0.077527 0.129187
v -0.116093 0.030527 0.146242
v -0.114023 0.029504 0.147395
v -0.112500 0.032543 0.148684
v -0.118162 0.102533 0.146372
v -0.117545 0.103546 0.146853
v -0.118592 0.104627 0.146067
v -0.127349 0.032957 0.138813
v -0.125568 0.035161 0.140292
v -0.155902 0.066171 0.120412
v -0.156578 0.066304 0.119591
v -0.156944 0.065627 0.119733
v -0.131379 0.065078 0.136641
v -0.131733 0.063412 0.136508
v -0.135280 0.081800 0.134164
v -0.137444 0.082155 0.132797
v -0.162432 0.085746 0.116670
v -0.161162 0.086293 0.117618
v -0.113155 0.116456 0.150955
v -0.114406 0.114242 0.149890
v -0.112450 0.112977 0.150946
v -0.110824 0.118234 0.152544
v -0.121499 0.047386 0.142963
v -0.125122 0.045821 0.140643
v -0.152448 0.086201 0.123181
v -0.158868 0.079183 0.118674
v -0.160152 0.077607 0.117662
v -0.158771 0.076031 0.118421
v -0.112216 0.106843 0.150503
v -0.110914 0.109086 0.151630
v -0.137632 0.095989 0.133506
v -0.139970 0.094878 0.131923
v -0.131198 0.110175 0.138061
v -0.129725 0.110558 0.139056
v -0.131174 0.112198 0.138135
v -0.145635 0.088235 0.127748
v -0.147456 0.088225 0.126491
v -0.155757 0.072661 0.120361
v -0.156583 0.072691 0.119807
v -0.143040 0.024991 0.125502
v -0.142881 0.020452 0.125389
v -0.141522 0.023461 0.126742
v -0.125041 0.025964 0.139549
v -0.127113 0.028025 0.138400
v -0.128528 0.025643 0.137087
v -0.144197 0.022888 0.124407
v -0.144542 0.024889 0.124278
v -0.145389 0.023168 0.123280
v -0.140805 0.028172 0.128276
v -0.143158 0.028584 0.126168
v -0.141639 0.026170 0.127043
v -0.137954 0.034559 0.131512
v -0.136903 0.032673 0.132196
v -0.137454 0.035689 0.132107
v -0.164685 0.072747 0.114447
v -0.164392 0.071287 0.114672
v -0.163614 0.072095 0.115009
v -0.117158 0.064951 0.145871
v -0.116415 0.065422 0.146410
v -0.117571 0.065980 0.145379
v -0.174073 0.065823 0.108424
v -0.174311 0.062713 0.108257
v -0.172470 0.062870 0.109614
v -0.129840 0.024290 0.135995
v -0.131058 0.025751 0.135455
v -0.123780 0.090417 0.142380
v -0.126012 0.091892 0.140964
v -0.124871 0.089333 0.141581
v -0.152183 0.093361 0.123742
v -0.114198 0.019595 0.144891
v -0.117128 0.017257 0.142457
v -0.118987 0.019290 0.141988
v -0.136004 0.069388 0.133286
v -0.135443 0.069116 0.133806
v -0.135719 0.070581 0.133503
v -0.144013 0.072797 0.128058
v -0.145030 0.071598 0.127289
v -0.107619 0.038727 0.152022
v -0.136248 0.095468 0.134485
v -0.110274 0.015565 0.146148
v -0.167547 0.080641 0.113073
v -0.166952 0.078946 0.113439
v -0.165747 0.080311 0.114296
v -0.125857 0.066112 0.140090
v -0.126839 0.065730 0.139643
v -0.125439 0.065114 0.140610
v -0.151550 0.103844 0.124455
v -0.149651 0.103340 0.125742
v -0.150795 0.105346 0.125052
v -0.113729 0.106534 0.149470
v -0.116634 0.071169 0.145704
v -0.117366 0.070452 0.145615
v -0.116245 0.070199 0.146454
v -0.144983 0.085372 0.127875
v -0.146749 0.082489 0.126607
v -0.144555 0.082644 0.128013
v -0.161751 0.070403 0.116411
v -0.161364 0.070645 0.116681
v -0.138847 0.070941 0.131296
v -0.138738 0.069980 0.131486
v -0.138204 0.070697 0.131752
v -0.120192 0.065555 0.143932
v -0.119029 0.066393 0.144464
v -0.120057 0.066908 0.143544
v -0.139010 0.015579 0.127645
v -0.126097 0.063192 0.140305
v -0.123939 0.063813 0.141643
v -0.167959 0.045776 0.112529
v -0.168830 0.050471 0.111874
v -0.170361 0.045222 0.110895
v -0.141907 0.088541 0.130346
v -0.144018 0.087791 0.128787
v -0.112346 0.055102 0.148815
v -0.113400 0.056305 0.148211
v -0.115161 0.054872 0.146997
v -0.117172 0.037712 0.145819
v -0.116359 0.036045 0.146281
v -0.130221 0.066818 0.136860
v -0.129469 0.067237 0.137421
v -0.130336 0.068032 0.136876
v -0.150344 0.043159 0.123688
v -0.125834 0.093916 0.141178
v -0.125622 0.095399 0.141349
v -0.113204 0.036710 0.148368
v -0.113612 0.035958 0.148119
v -0.145573 0.105928 0.128462
v -0.146771 0.108724 0.127828
v -0.146702 0.106984 0.127839
v -0.138486 0.078337 0.131813
v -0.138029 0.080288 0.132363
v -0.143759 0.052410 0.128519
v -0.141646 0.051506 0.129748
v -0.142005 0.054357 0.129622
v -0.127837 0.022011 0.136867
v -0.124951 0.023106 0.139077
v -0.135853 0.041145 0.133467
v -0.136718 0.039039 0.132732
v -0.145096 0.072587 0.127150
v -0.142548 0.070046 0.128826
v -0.141043 0.069780 0.130051
v -0.155575 0.086295 0.121246
v -0.157903 0.083794 0.119652
v -0.156868 0.080903 0.120084
v -0.121149 0.039020 0.143198
v -0.119096 0.040026 0.144530
v -0.129069 0.017004 0.134475
v -0.129636 0.018041 0.134368
v -0.131267 0.016761 0.132737
v -0.118634 0.078725 0.145063
v -0.116451 0.079964 0.146601
v -0.119408 0.081896 0.144871
v -0.114199 0.064094 0.147950
v -0.115325 0.065114 0.147186
v -0.116726 0.063712 0.146262
v -0.156370 0.104591 0.121327
v -0.150501 0.067580 0.123632
v -0.158043 0.042099 0.118693
v -0.155104 0.017077 0.117411
v -0.158007 0.016529 0.115555
v -0.167439 0.053570 0.112859
v -0.167526 0.055492 0.112907
v -0.124978 0.049108 0.140558
v -0.127600 0.045974 0.138978
v -0.142972 0.030900 0.126893
v -0.146733 0.021441 0.122216
v -0.157324 0.067443 0.119054
v -0.157537 0.066269 0.119092
v -0.155456 0.069732 0.120485
v -0.156316 0.068914 0.119849
v -0.155173 0.068767 0.120705
v -0.116773 0.019634 0.143440
v -0.118838 0.021354 0.142665
v -0.112828 0.041614 0.148692
v -0.137105 0.111905 0.134426
v -0.114807 0.018037 0.144090
v -0.167378 0.071637 0.112837
v -0.165887 0.072391 0.113657
v -0.172861 0.058920 0.109231
v -0.132963 0.054910 0.135592
v -0.130472 0.054438 0.137189
v -0.131218 0.055822 0.136659
v -0.120098 0.064751 0.144067
v -0.121628 0.064436 0.143133
v -0.110435 0.086105 0.150808
v -0.111819 0.083830 0.149772
v -0.133494 0.101104 0.136302
v -0.135345 0.102196 0.135117
v -0.130503 0.065973 0.136951
v -0.147637 0.106324 0.127147
v -0.115414 0.087317 0.147619
v -0.116237 0.089446 0.147238
v -0.120173 0.049982 0.143721
v -0.148118 0.067592 0.125215
v -0.148372 0.069032 0.125342
v -0.148996 0.068108 0.124637
v -0.154596 0.091661 0.122108
v -0.153148 0.091650 0.123111
v -0.148927 0.083074 0.125152
v -0.111741 0.052742 0.149282
v -0.156995 0.066647 0.119206
v -0.118246 0.089085 0.145916
v -0.119777 0.088106 0.144832
v -0.156048 0.070599 0.120059
v -0.118261 0.039266 0.145134
v -0.157804 0.069159 0.118918
v -0.146691 0.085795 0.126844
v -0.147980 0.084950 0.125951
v -0.112073 0.071470 0.148959
v -0.113037 0.072002 0.148177
v -0.113224 0.070559 0.148449
v -0.121530 0.042433 0.142974
v -0.133696 0.081381 0.135221
v -0.134062 0.079890 0.134925
v -0.131982 0.080630 0.136395
v -0.134695 0.090199 0.135244
v -0.115795 0.021027 0.144501
v -0.138067 0.041858 0.131901
v -0.137342 0.043560 0.132550
v -0.123416 0.077554 0.142013
v -0.134512 0.106011 0.135710
v -0.132794 0.103990 0.136927
v -0.122570 0.109594 0.143724
v -0.120877 0.109449 0.144829
v -0.142133 0.037752 0.128826
v -0.143534 0.035659 0.127450
v -0.141028 0.035567 0.129409
v -0.165327 0.077986 0.114468
v -0.164258 0.015846 0.111377
v -0.157184 0.071158 0.119349
v -0.158571 0.070582 0.118527
v -0.131903 0.115294 0.137882
v -0.129720 0.113800 0.139132
v -0.121886 0.027120 0.141714
v -0.124436 0.028732 0.140403
v -0.120669 0.015694 0.139519
v -0.144851 0.027339 0.124337
v -0.145168 0.030957 0.124934
v -0.147274 0.027714 0.122435
v -0.129813 0.093761 0.138638
v -0.130325 0.096236 0.138339
v -0.122146 0.028890 0.141965
v -0.122454 0.030086 0.141809
v -0.184780 0.023927 0.100392
v -0.185756 0.021680 0.099161
v -0.183403 0.022181 0.100976
v -0.131075 0.077716 0.136786
v -0.134220 0.077480 0.134661
v -0.163057 0.076006 0.115626
v -0.163829 0.078587 0.115359
v -0.168923 0.070664 0.111808
v -0.167331 0.069862 0.112938
v -0.140566 0.092041 0.131436
v -0.140069 0.092752 0.131717
v -0.157376 0.033633 0.118043
v -0.153807 0.033563 0.120005
v -0.154375 0.036840 0.120220
v -0.181445 0.025212 0.102767
v -0.184163 0.026051 0.101100
v -0.112481 0.025489 0.147823
v -0.111622 0.070697 0.149371
v -0.112468 0.070261 0.148945
v -0.156342 0.077891 0.120230
v -0.157675 0.076903 0.119224
v -0.113626 0.079470 0.148284
v -0.114805 0.076060 0.147181
v -0.145347 0.068755 0.127077
v -0.146236 0.068690 0.126447
v -0.145437 0.067795 0.126872
v -0.165709 0.071576 0.113726
v -0.165976 0.071307 0.113599
v -0.165272 0.071018 0.114064
v -0.114746 0.067286 0.147053
v -0.115674 0.067984 0.146408
v -0.115882 0.066633 0.146405
v -0.123395 0.066170 0.141879
v -0.123605 0.065089 0.141882
v -0.122381 0.065550 0.142550
v -0.146862 0.111613 0.127961
v -0.129953 0.056421 0.137489
v -0.131699 0.057902 0.136445
v -0.119372 0.102597 0.145646
v -0.120658 0.102049 0.144679
v -0.118403 0.099704 0.146133
v -0.141109 0.030474 0.128510
v -0.125067 0.019332 0.138000
v -0.124106 0.030742 0.140903
v -0.126875 0.030669 0.138969
v -0.124465 0.033764 0.140942
v -0.125955 0.032481 0.139805
v -0.123788 0.032329 0.141184
v -0.113941 0.016193 0.144080
v -0.145338 0.080892 0.127298
v -0.146298 0.078812 0.126508
v -0.124433 0.020632 0.138765
v -0.140234 0.016138 0.126970
v -0.121628 0.083198 0.143417
v -0.148819 0.063261 0.125407
v -0.146907 0.061552 0.126638
v -0.147153 0.064048 0.126382
v -0.123202 0.081672 0.142390
v -0.124742 0.081790 0.141468
v -0.123266 0.080142 0.142296
v -0.125478 0.016539 0.136712
v -0.142906 0.095741 0.130024
v -0.144780 0.096820 0.128802
v -0.143844 0.103367 0.129556
v -0.142970 0.046007 0.128920
v -0.143712 0.044362 0.128413
v -0.142152 0.043141 0.129340
v -0.120613 0.077610 0.143812
v -0.166547 0.018306 0.109751
v -0.165111 0.020305 0.110810
v -0.167494 0.020074 0.109253
v -0.118983 0.094763 0.145676
v -0.118999 0.096865 0.145727
v -0.120967 0.095532 0.144437
v -0.155164 0.044906 0.120694
v -0.150615 0.048087 0.123908
v -0.152521 0.049944 0.122679
v -0.149970 0.061799 0.124592
v -0.139361 0.104319 0.132442
v -0.136997 0.104265 0.134106
v -0.141017 0.034192 0.129200
v -0.139099 0.034026 0.130627
v -0.131145 0.105716 0.138043
v -0.129471 0.107159 0.139133
v -0.146375 0.066672 0.126249
v -0.147457 0.066682 0.125926
v -0.146764 0.066013 0.126471
v -0.155430 0.071957 0.120314
v -0.154588 0.072309 0.120931
v -0.155032 0.072845 0.120690
v -0.114821 0.065855 0.147398
v -0.129678 0.072164 0.137589
v -0.146849 0.097925 0.127525
v -0.148933 0.095378 0.125948
v -0.147878 0.094440 0.126718
v -0.147865 0.092391 0.126526
v -0.146503 0.093991 0.127608
v -0.145924 0.025347 0.123021
v -0.108577 0.031895 0.151177
v -0.144969 0.065728 0.127660
v -0.144188 0.065007 0.128316
v -0.143635 0.066005 0.128358
v -0.129797 0.020823 0.135204
v -0.165888 0.068612 0.113472
v -0.165919 0.069918 0.113556
v -0.136771 0.067625 0.132662
v -0.137204 0.067691 0.132190
v -0.137303 0.066772 0.132259
v -0.139878 0.110412 0.132532
v -0.139053 0.111692 0.133081
v -0.169909 0.068971 0.111262
v -0.169800 0.066188 0.111313
v -0.123404 0.070210 0.141512
v -0.124210 0.069918 0.141263
v -0.123584 0.069195 0.141506
v -0.132811 0.070074 0.135206
v -0.133172 0.070498 0.134934
v -0.133539 0.069431 0.134882
v -0.154856 0.029083 0.118567
v -0.110744 0.021899 0.148001
v -0.190516 0.018548 0.094658
v -0.193788 0.017753 0.092280
v -0.189982 0.016997 0.094323
v -0.124315 0.092308 0.142091
v -0.141411 0.097706 0.131049
v -0.159195 0.071966 0.117766
v -0.160081 0.071917 0.117224
v -0.159744 0.071311 0.117406
v -0.126535 0.077821 0.139912
v -0.125659 0.075660 0.140293
v -0.140091 0.090354 0.131662
v -0.128065 0.068005 0.138276
v -0.128656 0.067452 0.137933
v -0.127949 0.067148 0.138542
v -0.154286 0.077135 0.121386
v -0.144292 0.067747 0.127571
v -0.144717 0.068352 0.127378
v -0.130837 0.042097 0.136837
v -0.130153 0.046516 0.137238
v -0.148879 0.067442 0.124645
v -0.148705 0.066907 0.124732
v -0.131587 0.101598 0.137668
v -0.164381 0.087322 0.115577
v -0.163757 0.089637 0.116124
v -0.159928 0.069779 0.117684
v -0.159392 0.071028 0.117843
v -0.159775 0.021161 0.114801
v -0.162513 0.022725 0.113120
v -0.161321 0.020392 0.113610
v -0.160750 0.094047 0.118139
v -0.162184 0.095713 0.117129
v -0.169494 0.020852 0.108079
v -0.127739 0.065887 0.138981
v -0.127951 0.066420 0.138489
v -0.177378 0.027119 0.105537
v -0.179424 0.027212 0.104205
v -0.160802 0.067429 0.116708
v -0.168382 0.054473 0.112217
v -0.170240 0.055145 0.111026
v -0.111137 0.023629 0.148325
v -0.110235 0.025108 0.149273
v -0.184119 0.019033 0.099493
v -0.112893 0.022618 0.146760
v -0.118445 0.069701 0.144770
v -0.118263 0.070630 0.145077
v -0.118956 0.070675 0.144256
v -0.123378 0.084168 0.142341
v -0.122735 0.082493 0.142755
v -0.136622 0.060098 0.133321
v -0.135796 0.056168 0.133688
v -0.134340 0.058965 0.134743
v -0.141388 0.112478 0.131549
v -0.153986 0.089777 0.122357
v -0.156557 0.090579 0.120771
v -0.121591 0.106496 0.144249
v -0.121000 0.107692 0.144699
v -0.123672 0.108538 0.142854
v -0.124591 0.066499 0.140681
v -0.123481 0.066817 0.141497
v -0.123606 0.067970 0.141362
v -0.118347 0.031649 0.144715
v -0.119040 0.033249 0.144381
v -0.136499 0.071504 0.132841
v -0.136714 0.070220 0.132837
v -0.150194 0.026999 0.120450
v -0.152378 0.026429 0.119261
v -0.151492 0.024229 0.119374
v -0.123449 0.103480 0.142986
v -0.126018 0.105196 0.141331
v -0.158202 0.086253 0.119553
v -0.159286 0.087754 0.118951
v -0.159564 0.085221 0.118556
v -0.149565 0.030034 0.121467
v -0.154090 0.105396 0.122970
v -0.153137 0.102365 0.123433
v -0.128172 0.055247 0.138678
v -0.128670 0.057522 0.138473
v -0.136825 0.099933 0.134189
v -0.137798 0.101237 0.133577
v -0.114048 0.067908 0.147751
v -0.114239 0.068780 0.147595
v -0.114747 0.068158 0.147237
v -0.116948 0.061374 0.146033
v -0.116540 0.075158 0.146069
v -0.117412 0.073515 0.145337
v -0.115890 0.074063 0.146400
v -0.121115 0.023912 0.141780
v -0.113227 0.069097 0.148297
v -0.114090 0.069792 0.147722
v -0.162761 0.019303 0.112472
v -0.160556 0.018513 0.114033
v -0.126031 0.060851 0.140293
v -0.125948 0.057933 0.140197
v -0.122978 0.059659 0.142155
v -0.131957 0.021653 0.133911
v -0.131469 0.019397 0.133624
v -0.125522 0.080222 0.140697
v -0.122805 0.070685 0.141806
v -0.123288 0.071246 0.141458
v -0.136392 0.069761 0.133105
v -0.136888 0.069245 0.132629
v -0.136498 0.069049 0.133052
v -0.118064 0.030166 0.144884
v -0.116932 0.021495 0.143891
v -0.133501 0.017565 0.131621
v -0.133642 0.015895 0.131008
v -0.137678 0.053002 0.132394
v -0.138570 0.054855 0.131885
v -0.128866 0.077471 0.138198
v -0.136124 0.086802 0.134016
v -0.135612 0.088389 0.134469
v -0.136876 0.087924 0.133538
v -0.129971 0.115869 0.139118
v -0.157972 0.088400 0.119744
v -0.159660 0.091335 0.118688
v -0.120758 0.093856 0.144553
v -0.136950 0.065931 0.132927
v -0.136092 0.065060 0.133518
v -0.132943 0.021016 0.133100
v -0.140760 0.107087 0.131699
v -0.153420 0.066786 0.121758
v -0.145054 0.052422 0.127672
v -0.114323 0.027052 0.146896
v -0.152699 0.070203 0.122300
v -0.134987 0.016405 0.130376
v -0.154883 0.065398 0.121155
v -0.152808 0.063826 0.122679
v -0.153073 0.065727 0.122172
v -0.133769 0.023606 0.132979
v -0.123836 0.072263 0.141255
v -0.125297 0.073228 0.140258
v -0.151302 0.072681 0.123027
v -0.151083 0.071532 0.123183
v -0.149560 0.072396 0.124108
v -0.137487 0.071829 0.132387
v -0.138166 0.071354 0.131799
v -0.137850 0.070927 0.132142
v -0.139709 0.060186 0.131352
v -0.139134 0.057090 0.131570
v -0.112292 0.075914 0.148900
v -0.165134 0.048355 0.114446
v -0.134881 0.048459 0.134127
v -0.135352 0.044700 0.133847
v -0.117043 0.067409 0.145626
v -0.116705 0.077002 0.146150
v -0.114703 0.066414 0.147083
v -0.115472 0.065933 0.146895
v -0.129213 0.028765 0.137218
v -0.131374 0.028608 0.135603
v -0.137140 0.016120 0.128859
v -0.127593 0.091283 0.139948
v -0.134223 0.019963 0.131881
v -0.135522 0.017943 0.130329
v -0.176117 0.036207 0.107024
v -0.176431 0.039746 0.106991
v -0.177291 0.037354 0.106314
v -0.156746 0.064745 0.120029
v -0.156222 0.065468 0.120365
v -0.117511 0.046957 0.145540
v -0.143085 0.085930 0.129235
v -0.141003 0.084756 0.130539
v -0.119126 0.030368 0.144090
v -0.160635 0.088517 0.118042
v -0.149214 0.092659 0.125665
v -0.157646 0.072231 0.118920
v -0.158523 0.071823 0.118232
v -0.117785 0.028712 0.144924
v -0.133222 0.029471 0.134364
v -0.132752 0.026574 0.134333
v -0.117155 0.092973 0.146804
v -0.114147 0.097886 0.148859
v -0.113120 0.094820 0.149534
v -0.111441 0.095772 0.150667
v -0.113608 0.034889 0.148009
v -0.154063 0.100350 0.122757
v -0.155731 0.098914 0.121570
v -0.139683 0.070089 0.130889
v -0.139981 0.024366 0.128306
v -0.119728 0.104904 0.145426
v -0.146053 0.065127 0.127146
v -0.147620 0.065484 0.126133
v -0.163499 0.045953 0.115523
v -0.162697 0.049652 0.116025
v -0.145633 0.102064 0.128422
v -0.146712 0.103085 0.127603
v -0.143297 0.068932 0.128486
v -0.140541 0.066474 0.130149
v -0.139321 0.067207 0.130987
v -0.140717 0.067573 0.129937
v -0.149995 0.065762 0.124391
v -0.148912 0.065088 0.125292
v -0.149170 0.066276 0.124708
v -0.147264 0.068807 0.125808
v -0.121651 0.089691 0.143737
v -0.130204 0.079911 0.137594
v -0.111597 0.105006 0.150976
v -0.113039 0.104279 0.149882
v -0.159195 0.068976 0.118163
v -0.158532 0.019057 0.115327
v -0.142514 0.061982 0.129627
v -0.141418 0.064574 0.130154
v -0.143076 0.064045 0.129187
v -0.186573 0.030361 0.100097
v -0.186218 0.029559 0.100183
v -0.185023 0.030842 0.101227
v -0.138917 0.016688 0.127909
v -0.135935 0.019435 0.130582
v -0.121164 0.080565 0.143621
v -0.167586 0.065967 0.112830
v -0.167941 0.063905 0.112619
v -0.129107 0.062575 0.138340
v -0.147427 0.073483 0.125539
v -0.170717 0.063554 0.110733
v -0.171911 0.065421 0.109962
v -0.158777 0.082300 0.118949
v -0.155140 0.019242 0.117372
v -0.156953 0.018519 0.116349
v -0.119958 0.107584 0.145302
v -0.133850 0.087960 0.135732
v -0.151217 0.065625 0.123675
v -0.150335 0.066682 0.123724
v -0.146310 0.071540 0.126639
v -0.147318 0.071013 0.125826
v -0.147207 0.070097 0.125844
v -0.112597 0.090423 0.149608
v -0.114079 0.091703 0.148753
v -0.114009 0.089603 0.148661
v -0.135098 0.071553 0.133684
v -0.134217 0.072274 0.134284
v -0.135230 0.072285 0.133565
v -0.188005 0.018076 0.096196
v -0.186426 0.019286 0.097966
v -0.189485 0.020755 0.096253
v -0.116606 0.114142 0.148290
v -0.181955 0.023086 0.102098
v -0.180947 0.020668 0.102179
v -0.153618 0.072844 0.121553
v -0.153438 0.071259 0.121861
v -0.138738 0.047862 0.131633
v -0.139398 0.050955 0.131201
v -0.140830 0.048477 0.130311
v -0.147602 0.100422 0.127071
v -0.148772 0.097928 0.126271
v -0.116248 0.098624 0.147575
v -0.116260 0.101083 0.147593
v -0.117911 0.054877 0.145179
v -0.118594 0.058319 0.144842
v -0.178170 0.020420 0.103546
v -0.148752 0.057452 0.125335
v -0.146013 0.057429 0.127175
v -0.111077 0.115546 0.152153
v -0.144571 0.099807 0.129058
v -0.160981 0.071226 0.116787
v -0.161746 0.071317 0.116238
v -0.122164 0.099359 0.143774
v -0.124851 0.098071 0.141926
v -0.163246 0.052397 0.115693
v -0.138448 0.086856 0.132478
v -0.113072 0.092850 0.149411
v -0.110981 0.091366 0.150791
v -0.111346 0.093321 0.150588
v -0.135913 0.084506 0.133999
v -0.116575 0.038880 0.146185
v -0.122561 0.091625 0.143155
v -0.118724 0.034491 0.144644
v -0.121486 0.033720 0.142769
v -0.141019 0.071828 0.129672
v -0.140201 0.072182 0.130282
v -0.139552 0.068791 0.130826
v -0.148223 0.102845 0.126685
v -0.148853 0.104819 0.126332
v -0.119773 0.069773 0.144091
v -0.119121 0.069744 0.144350
v -0.137856 0.074645 0.132190
v -0.129877 0.030967 0.137056
v -0.163384 0.043522 0.115428
v -0.160397 0.045568 0.117419
v -0.137131 0.097762 0.133953
v -0.173898 0.016043 0.104978
v -0.173079 0.015614 0.105596
v -0.172568 0.016901 0.105953
v -0.132126 0.069772 0.135852
v -0.132176 0.068708 0.135739
v -0.131283 0.068810 0.136416
v -0.148727 0.059328 0.125448
v -0.149989 0.057838 0.124587
v -0.112102 0.085963 0.149767
v -0.111751 0.045817 0.149349
v -0.114947 0.044664 0.147260
v -0.136718 0.098756 0.134192
v -0.151201 0.090213 0.124215
v -0.150479 0.093553 0.124921
v -0.122948 0.056389 0.142018
v -0.123040 0.093785 0.142993
v -0.176243 0.044333 0.107100
v -0.173258 0.043950 0.109059
v -0.121270 0.092500 0.144129
v -0.110211 0.054190 0.150321
v -0.155751 0.056284 0.120722
v -0.158302 0.053283 0.119058
v -0.154998 0.053907 0.121218
v -0.166865 0.044575 0.113308
v -0.121959 0.071870 0.142497
v -0.121263 0.072292 0.142856
v -0.192883 0.019700 0.093684
v -0.128569 0.072410 0.138074
v -0.163771 0.073798 0.115071
v -0.165766 0.074495 0.113813
v -0.140083 0.099221 0.131971
v -0.139082 0.097411 0.132581
v -0.118556 0.109744 0.146464
v -0.155796 0.050411 0.120555
v -0.153184 0.088200 0.122848
v -0.146963 0.071865 0.126031
v -0.147759 0.071364 0.125256
v -0.139465 0.045527 0.131079
v -0.137321 0.046384 0.132561
v -0.138623 0.029839 0.130382
v -0.135183 0.028612 0.132909
v -0.113284 0.082583 0.148751
v -0.179065 0.018759 0.102773
v -0.133947 0.070263 0.134496
v -0.139813 0.017916 0.127531
v -0.141396 0.017703 0.126409
v -0.123645 0.106317 0.142964
v -0.125366 0.107913 0.141840
v -0.125457 0.106749 0.141750
v -0.116260 0.033484 0.146266
v -0.136374 0.073738 0.133069
v -0.140240 0.053925 0.130771
v -0.158217 0.065181 0.119003
v -0.130690 0.075386 0.136937
v -0.165904 0.040970 0.113819
v -0.169180 0.036637 0.111358
v -0.167539 0.036954 0.112480
v -0.182351 0.039596 0.103285
v -0.184205 0.041444 0.102119
v -0.185867 0.038104 0.101163
v -0.153044 0.020199 0.118457
v -0.153008 0.018063 0.118448
v -0.142601 0.065358 0.129307
v -0.136161 0.068320 0.133093
v -0.136349 0.067042 0.132973
v -0.158474 0.024775 0.116115
v -0.158815 0.029029 0.116499
v -0.158163 0.057455 0.119197
v -0.179113 0.035368 0.105133
v -0.155763 0.093404 0.121352
v -0.111907 0.056796 0.149302
v -0.139034 0.053158 0.131449
v -0.164975 0.075861 0.114435
v -0.115512 0.071505 0.146438
v -0.114920 0.070512 0.147138
v -0.116440 0.072558 0.145920
v -0.117703 0.071709 0.145192
v -0.173485 0.027814 0.107550
v -0.171378 0.027054 0.108525
v -0.171870 0.030814 0.108997
v -0.152047 0.071253 0.122622
v -0.137291 0.049381 0.132544
v -0.149682 0.067636 0.124039
v -0.155550 0.080045 0.120880
v -0.154742 0.079458 0.121371
v -0.154451 0.082476 0.121770
v -0.163730 0.084069 0.115816
v -0.151739 0.070506 0.123034
v -0.150633 0.070951 0.123727
v -0.135171 0.052414 0.133962
v -0.138672 0.066270 0.131663
v -0.140029 0.065842 0.130808
v -0.138444 0.025788 0.129925
v -0.156263 0.071775 0.119982
v -0.125055 0.069704 0.140513
v -0.126099 0.069633 0.139893
v -0.172776 0.068585 0.109306
v -0.112171 0.098070 0.150256
v -0.116394 0.045914 0.146320
v -0.118684 0.045270 0.144801
v -0.132288 0.067851 0.135627
v -0.131573 0.067601 0.136214
v -0.140224 0.020633 0.127595
v -0.147276 0.091226 0.126881
v -0.148812 0.090150 0.125837
v -0.119960 0.070972 0.143721
v -0.120394 0.072238 0.143471
v -0.120877 0.071046 0.143214
v -0.162832 0.070721 0.115726
v -0.122981 0.039232 0.142052
v -0.121151 0.104371 0.144477
v -0.130535 0.083782 0.137635
v -0.112432 0.088081 0.149633
v -0.113372 0.087929 0.148940
v -0.162333 0.082891 0.116670
v -0.161593 0.082898 0.117104
v -0.164429 0.069855 0.114594
v -0.164609 0.070728 0.114398
v -0.158097 0.097511 0.119877
v -0.158004 0.094026 0.119878
v -0.155958 0.096065 0.121236
v -0.145738 0.066091 0.126851
v -0.128273 0.075797 0.138541
v -0.134856 0.070355 0.134166
v -0.133943 0.071471 0.134396
v -0.134878 0.071268 0.134038
v -0.143695 0.040496 0.128002
v -0.145596 0.039267 0.126542
v -0.143599 0.074261 0.128140
v -0.142463 0.075277 0.128998
v -0.142687 0.073597 0.128693
v -0.126262 0.042532 0.139883
v -0.123400 0.043969 0.141773
v -0.125395 0.043838 0.140406
v -0.169603 0.063086 0.111442
v -0.169790 0.064292 0.111382
v -0.127288 0.109759 0.140518
v -0.127255 0.106914 0.140498
v -0.131205 0.023522 0.134936
v -0.132440 0.070969 0.135720
v -0.132973 0.071474 0.135189
v -0.129130 0.039704 0.138014
v -0.136569 0.037246 0.132810
v -0.138223 0.022516 0.129471
v -0.121366 0.035174 0.143008
v -0.143909 0.084380 0.128621
v -0.148554 0.016213 0.121400
v -0.140206 0.071110 0.130537
v -0.122045 0.079055 0.143062
v -0.166793 0.023149 0.110174
v -0.110244 0.055704 0.150370
v -0.163393 0.017140 0.111951
v -0.162123 0.017579 0.112930
v -0.151400 0.058187 0.123630
v -0.152196 0.060392 0.123103
v -0.162621 0.067024 0.115695
v -0.163515 0.066853 0.114987
v -0.163159 0.065930 0.115754
v -0.145954 0.070520 0.126779
v -0.145598 0.069561 0.126927
v -0.149560 0.071298 0.124289
v -0.134670 0.069378 0.134058
v -0.134274 0.069074 0.134409
v -0.139558 0.036161 0.130544
v -0.111930 0.073286 0.149126
v -0.110637 0.089024 0.150772
v -0.154625 0.066928 0.120909
v -0.115442 0.102681 0.148241
v -0.116464 0.104579 0.147578
v -0.141670 0.032517 0.128395
v -0.128007 0.035883 0.138611
v -0.124004 0.037701 0.141322
v -0.140089 0.043221 0.130695
v -0.145372 0.017339 0.123441
v -0.145419 0.020449 0.123295
v -0.128926 0.111740 0.139585
v -0.128079 0.100823 0.140021
v -0.129472 0.100310 0.139059
v -0.112145 0.043779 0.149127
v -0.139641 0.064525 0.131335
v -0.112344 0.066672 0.148719
v -0.112964 0.067225 0.148376
v -0.109711 0.050390 0.150646
v -0.112614 0.050452 0.148657
v -0.150196 0.070167 0.124174
v -0.143685 0.055329 0.128604
v -0.141957 0.057509 0.129794
v -0.121598 0.071186 0.142804
v -0.121593 0.069764 0.142810
v -0.118656 0.106880 0.146189
v -0.133310 0.083586 0.135730
v -0.134304 0.086348 0.135178
v -0.128231 0.068826 0.138307
v -0.129219 0.069124 0.137566
v -0.129009 0.068144 0.137648
v -0.143473 0.042418 0.128409
v -0.132165 0.086619 0.136720
v -0.162672 0.082136 0.116306
v -0.163740 0.081209 0.115594
v -0.161259 0.080668 0.117155
v -0.127763 0.037577 0.138825
v -0.146540 0.100806 0.127688
v -0.145238 0.045594 0.127440
v -0.122622 0.069339 0.141939
v -0.121930 0.068503 0.142605
v -0.131400 0.066539 0.136399
v -0.130114 0.109017 0.138799
v -0.167761 0.057420 0.112759
v -0.170158 0.048181 0.111031
v -0.170835 0.050424 0.110627
v -0.171112 0.047428 0.110328
v -0.116075 0.040312 0.146566
v -0.154151 0.071368 0.121409
v -0.154951 0.071360 0.120588
v -0.122242 0.070896 0.142291
v -0.166601 0.082947 0.113929
v -0.132940 0.068462 0.135074
v -0.134065 0.068236 0.134566
v -0.164509 0.066975 0.114336
v -0.165773 0.065609 0.114027
v -0.164131 0.066036 0.114912
v -0.161944 0.078230 0.116581
v -0.145808 0.042892 0.126806
v -0.147869 0.042688 0.125316
v -0.119729 0.038266 0.144177
v -0.141682 0.047125 0.129816
v -0.142695 0.049137 0.129117
v -0.151822 0.016112 0.119358
v -0.170632 0.065013 0.110839
v -0.127584 0.093456 0.139938
v -0.111560 0.058958 0.149519
v -0.114235 0.057851 0.147669
v -0.156162 0.107411 0.121589
v -0.168807 0.029264 0.110476
v -0.114942 0.042706 0.147308
v -0.115314 0.115916 0.149405
v -0.138006 0.040294 0.131938
v -0.128113 0.042982 0.138729
v -0.133402 0.041250 0.135161
v -0.148200 0.070260 0.125260
v -0.137737 0.018909 0.129180
v -0.136186 0.021851 0.130980
v -0.134577 0.080694 0.134607
v -0.127142 0.069094 0.139129
v -0.147731 0.031518 0.123055
v -0.120806 0.036807 0.143382
v -0.148942 0.070740 0.124747
v -0.145007 0.063528 0.127849
v -0.125352 0.068171 0.140030
v -0.146466 0.069569 0.126212
v -0.137986 0.067408 0.131775
v -0.113881 0.043785 0.148056
v -0.109103 0.047579 0.151053
v -0.132886 0.069454 0.135185
v -0.116816 0.043077 0.146027
v -0.118504 0.043563 0.144980
v -0.114294 0.101655 0.148853
v -0.150690 0.068129 0.123704
v -0.180526 0.040461 0.104304
v -0.130076 0.105359 0.138782
v -0.118074 0.115746 0.147295
v -0.116650 0.116485 0.148519
v -0.119675 0.109828 0.145632
v -0.127070 0.116001 0.140896
v -0.128464 0.117015 0.140069
v -0.128244 0.115065 0.140044
v -0.162618 0.072129 0.115588
v -0.161421 0.073047 0.116427
v -0.150346 0.064247 0.124297
v -0.134989 0.065812 0.134062
v -0.137382 0.070633 0.132533
v -0.119519 0.106203 0.145590
v -0.124400 0.110519 0.142473
v -0.115045 0.093678 0.148148
v -0.115428 0.091620 0.147957
v -0.155706 0.066934 0.120104
v -0.111799 0.110695 0.151206
v -0.172493 0.048748 0.109513
v -0.137234 0.110928 0.134236
v -0.140914 0.055737 0.130317
v -0.172959 0.022562 0.106597
v -0.174629 0.021562 0.105485
v -0.139284 0.062919 0.131617
v -0.137807 0.064488 0.132570
v -0.168178 0.041135 0.112278
v -0.124310 0.065705 0.141306
v -0.163874 0.064113 0.115442
v -0.156523 0.067002 0.119542
v -0.147218 0.072339 0.125682
v -0.186685 0.025143 0.099290
v -0.151403 0.101650 0.124591
v -0.150415 0.101720 0.125306
v -0.161892 0.068184 0.116164
v -0.161671 0.066993 0.116285
v -0.116976 0.068547 0.145794
v -0.124698 0.083473 0.141458
v -0.137986 0.098725 0.133247
v -0.146758 0.067641 0.126030
v -0.138776 0.100067 0.132893
v -0.137887 0.099799 0.133439
v -0.159439 0.073506 0.117796
v -0.164441 0.060187 0.115068
v -0.166840 0.060951 0.113433
v -0.165944 0.058059 0.113903
v -0.143342 0.098281 0.129849
v -0.160516 0.075556 0.117162
v -0.150889 0.108025 0.125009
v -0.152255 0.107145 0.124173
v -0.133675 0.074502 0.134853
v -0.130625 0.068750 0.136694
v -0.130224 0.069293 0.136969
v -0.163375 0.091816 0.116374
v -0.161042 0.066533 0.116797
v -0.161233 0.065729 0.117075
v -0.122479 0.067974 0.142080
v -0.122566 0.066995 0.141948
v -0.159580 0.093829 0.118830
v -0.133213 0.108254 0.136800
v -0.119048 0.065237 0.144771
v -0.189045 0.024047 0.097486
v -0.171622 0.019148 0.106626
v -0.119353 0.047238 0.144366
v -0.119026 0.046226 0.144617
v -0.181187 0.035193 0.103863
v -0.168906 0.025975 0.109654
v -0.166173 0.026951 0.111654
v -0.134411 0.095628 0.135686
v -0.112112 0.067646 0.148787
v -0.160573 0.082876 0.117862
v -0.163040 0.069399 0.115588
v -0.133711 0.067624 0.134657
v -0.133238 0.067227 0.134854
v -0.123771 0.062166 0.141738
v -0.122629 0.063032 0.142491
v -0.118027 0.113221 0.147110
v -0.127005 0.067867 0.139080
v -0.154969 0.070578 0.120654
v -0.117224 0.044727 0.145857
v -0.132523 0.051040 0.135680
v -0.110418 0.098298 0.151451
v -0.154408 0.101702 0.122621
v -0.133073 0.048514 0.135292
v -0.173937 0.018525 0.105304
v -0.162217 0.035317 0.115463
v -0.163469 0.036730 0.114941
v -0.164932 0.032169 0.113432
v -0.175037 0.048843 0.107792
v -0.113961 0.070922 0.147802
v -0.114339 0.071852 0.147445
v -0.166001 0.043769 0.113797
v -0.131624 0.048620 0.136300
v -0.124291 0.068951 0.140887
v -0.131493 0.092730 0.137565
v -0.132191 0.095255 0.137055
v -0.138764 0.043282 0.131514
v -0.117159 0.107599 0.147201
v -0.147251 0.035666 0.124526
v -0.148303 0.040210 0.124700
v -0.120836 0.043937 0.143444
v -0.127601 0.111602 0.140350
v -0.127728 0.113072 0.140314
v -0.121211 0.065898 0.143123
v -0.119403 0.114344 0.146191
v -0.175454 0.026682 0.106397
v -0.160810 0.049443 0.117255
v -0.188280 0.030204 0.099064
v -0.187661 0.031324 0.099440
v -0.118002 0.064738 0.145354
v -0.124602 0.071819 0.140638
v -0.125517 0.071722 0.139932
v -0.124865 0.070819 0.140736
v -0.152121 0.066045 0.122790
v -0.152544 0.066509 0.122203
v -0.148337 0.071946 0.124874
v -0.133072 0.088783 0.136317
v -0.123782 0.052757 0.141402
v -0.126855 0.049844 0.139440
v -0.114349 0.021292 0.145550
v -0.152901 0.022207 0.118591
v -0.154541 0.021250 0.117637
v -0.125778 0.054135 0.140170
v -0.129131 0.051421 0.137888
v -0.179093 0.025319 0.104086
v -0.120524 0.045658 0.143586
v -0.162392 0.027680 0.114166
v -0.156874 0.021075 0.116477
v -0.138077 0.062070 0.132372
v -0.150868 0.100437 0.124874
v -0.111101 0.060969 0.150057
v -0.127006 0.116994 0.141005
v -0.121876 0.066892 0.142364
v -0.121442 0.067030 0.142675
v -0.121869 0.067492 0.142547
v -0.122734 0.100652 0.143421
v -0.158943 0.049578 0.118535
v -0.142834 0.083118 0.129142
v -0.149593 0.100085 0.125703
v -0.136832 0.068397 0.132651
v -0.137350 0.068445 0.132028
v -0.114518 0.095361 0.148585
v -0.116615 0.096180 0.147179
v -0.137646 0.047905 0.132351
v -0.143866 0.030381 0.126019
v -0.132514 0.072992 0.135552
v -0.114786 0.104301 0.148724
v -0.183358 0.024036 0.101442
v -0.150081 0.081487 0.124372
v -0.158872 0.068013 0.118273
v -0.115727 0.118276 0.149374
v -0.136185 0.106244 0.134748
v -0.141142 0.065748 0.130016
v -0.141998 0.066573 0.129211
v -0.119089 0.051741 0.144431
v -0.135572 0.107540 0.135126
v -0.113995 0.094098 0.148912
v -0.117218 0.053179 0.145605
v -0.154489 0.024120 0.117956
v -0.120441 0.099993 0.144862
v -0.165697 0.063196 0.114241
v -0.164611 0.018418 0.111055
v -0.165499 0.016887 0.110551
v -0.114045 0.061173 0.147983
v -0.163655 0.070264 0.115267
v -0.160485 0.030752 0.115780
v -0.162518 0.030661 0.114642
v -0.151649 0.028753 0.120045
v -0.121531 0.100778 0.144156
v -0.143918 0.080145 0.128241
v -0.178530 0.038135 0.105598
v -0.163479 0.068022 0.114997
v -0.117789 0.069905 0.145358
v -0.111959 0.062042 0.149441
v -0.159821 0.095655 0.118673
v -0.137517 0.069501 0.132157
v -0.138381 0.068395 0.131671
v -0.118499 0.053521 0.144745
v -0.146637 0.052316 0.126717
v -0.185572 0.015560 0.097078
v -0.119986 0.068482 0.143752
v -0.119294 0.068895 0.144403
v -0.169897 0.060686 0.111277
v -0.175811 0.033731 0.107055
v -0.122595 0.101644 0.143433
v -0.144169 0.033222 0.126350
v -0.118096 0.114476 0.147224
v -0.180458 0.038773 0.104400
v -0.161239 0.053199 0.117051
v -0.149448 0.069192 0.124430
v -0.138522 0.102767 0.133056
v -0.173245 0.020370 0.105883
v -0.186594 0.027116 0.099775
v -0.189530 0.027132 0.097685
v -0.149085 0.051883 0.124989
v -0.128991 0.059698 0.138348
v -0.114826 0.073136 0.147110
v -0.161379 0.033069 0.115697
v -0.113822 0.072700 0.147715
v -0.113168 0.073883 0.148158
v -0.175384 0.019946 0.104836
v -0.134615 0.068358 0.133864
v -0.149944 0.105594 0.125619
v -0.161995 0.064540 0.116690
v -0.127938 0.105191 0.140137
v -0.145140 0.054225 0.127616
v -0.147469 0.054392 0.126203
v -0.180256 0.036783 0.104436
v -0.118797 0.069199 0.144506
v -0.171623 0.021274 0.107021
v -0.157416 0.078505 0.119611
v -0.150535 0.059413 0.124277
v -0.176998 0.050686 0.106412
v -0.163560 0.041771 0.115253
v -0.173720 0.036326 0.108493
v -0.132947 0.061088 0.135763
v -0.170542 0.023643 0.108103
v -0.136505 0.090135 0.134077
v -0.121863 0.066376 0.142416
v -0.138003 0.070195 0.132103
v -0.138477 0.069339 0.131787
v -0.156543 0.060054 0.120335
v -0.117641 0.069165 0.145287
v -0.138482 0.032279 0.130979
v -0.160263 0.097369 0.118321
v -0.133100 0.064325 0.135616
v -0.120566 0.069690 0.143498
v -0.136438 0.025419 0.131451
v -0.158347 0.063098 0.119138
v -0.159079 0.043177 0.118077
v -0.161107 0.038502 0.116384
v -0.162652 0.056513 0.116255
v -0.164503 0.024977 0.112174
v -0.160533 0.062898 0.117730
v -0.143544 0.067080 0.128070
v -0.144054 0.068389 0.127899
v -0.143589 0.067958 0.128325
v -0.144868 0.067143 0.127307
v -0.144658 0.066448 0.127395
v -0.142054 0.069046 0.129173
v -0.142321 0.067906 0.129026
v -0.179063 0.050495 0.105029
v -0.112457 0.068310 0.148547
v -0.111979 0.069568 0.149060
v -0.166547 0.066855 0.113189
v -0.174083 0.039487 0.108456
v -0.159909 0.041110 0.117457
v -0.176433 0.021847 0.104771
v -0.182223 0.037079 0.103334
v -0.127646 0.068474 0.138729
v -0.139853 0.032599 0.129938
v -0.118597 0.071348 0.144658
v -0.137666 0.084182 0.132857
v -0.113873 0.066968 0.147752
v -0.114275 0.066196 0.147716
v -0.162033 0.040856 0.116060
v -0.121024 0.068000 0.143037
v -0.187564 0.028689 0.099303
v -0.116971 0.069504 0.145724
v -0.116145 0.068987 0.146263
v -0.126016 0.116420 0.141606
v -0.111634 0.068660 0.149365
v -0.111580 0.067510 0.149346
v -0.123938 0.116733 0.142919
v -0.118108 0.068525 0.144776
v -0.115068 0.069115 0.146835
v -0.165026 0.083791 0.114925
v -0.165914 0.086440 0.114483
v -0.159881 0.099440 0.118681
v -0.178045 0.053329 0.105669
v -0.128742 0.066688 0.137879
v -0.128048 0.111003 0.140138
v -0.162026 0.066203 0.116435
v -0.113315 0.119290 0.151017
v -0.113267 0.067867 0.148150
v -0.158205 0.067838 0.118479
v -0.160344 0.066907 0.117230
v -0.159831 0.066850 0.117599
v -0.155677 0.063155 0.120824
v -0.111606 0.066397 0.149361
v -0.149197 0.067043 0.124346
v -0.149173 0.067567 0.124321
v -0.175902 0.060719 0.107216
v -0.154158 0.061200 0.121850
v -0.150246 0.068305 0.123859
v -0.118088 0.067156 0.144858
v -0.184696 0.032979 0.101604
v -0.123986 0.071002 0.141176
v -0.124497 0.094764 0.142010
v -0.137964 0.063212 0.132495
v -0.138012 0.065656 0.132175
v -0.165390 0.037381 0.113783
v -0.119157 0.067656 0.144355
v -0.169352 0.073081 0.111635
v -0.187604 0.016553 0.095795
v -0.143006 0.078477 0.128777
v -0.155977 0.067798 0.119951
v -0.177878 0.033400 0.105872
v -0.137050 0.023729 0.130594
v -0.128877 0.105745 0.139494
v -0.120975 0.066736 0.142869
v -0.168482 0.033712 0.111464
v -0.170389 0.033589 0.110268
v -0.183950 0.035016 0.102101
v -0.154985 0.067799 0.120687
v -0.171325 0.034177 0.109838
v -0.160189 0.070779 0.117356
v -0.126958 0.072376 0.139194
v -0.152216 0.069540 0.122602
v -0.117431 0.051284 0.145546
v -0.148451 0.066367 0.125432
v -0.141147 0.068608 0.129824
v -0.171544 0.072157 0.110145
v -0.149672 0.066663 0.124148
v -0.187150 0.032630 0.099921
v -0.187613 0.034865 0.099872
v -0.157908 0.106238 0.120434
v -0.135210 0.082418 0.121807
v -0.135539 0.077267 0.121338
v -0.140899 0.079602 0.117854
v -0.130039 0.079943 0.125003
v -0.131218 0.074326 0.124216
v -0.123272 0.071538 0.129636
v -0.118604 0.071047 0.132773
v -0.122643 0.065921 0.129901
v -0.118651 0.062671 0.132307
v -0.122179 0.060947 0.129920
v -0.139634 0.075745 0.118555
v -0.117155 0.095874 0.134341
v -0.117704 0.088390 0.133891
v -0.123325 0.088237 0.130136
v -0.114579 0.059277 0.135106
v -0.108916 0.056928 0.138769
v -0.112215 0.057102 0.136662
v -0.113653 0.089321 0.136634
v -0.108844 0.093355 0.139839
v -0.118405 0.066254 0.132684
v -0.113798 0.066453 0.135896
v -0.108216 0.085811 0.140106
v -0.114754 0.084221 0.135732
v -0.111630 0.079381 0.137577
v -0.117299 0.078358 0.133714
v -0.119508 0.084004 0.132526
v -0.132032 0.088262 0.124245
v -0.133997 0.092106 0.123189
v -0.129097 0.089143 0.126293
v -0.126879 0.097213 0.128016
v -0.121868 0.100402 0.131357
v -0.108896 0.063236 0.139033
v -0.109827 0.076283 0.138748
v -0.108336 0.069409 0.139605
v -0.121735 0.075776 0.130721
v -0.126110 0.075577 0.127737
v -0.123782 0.080893 0.129554
v -0.127538 0.070189 0.126770
v -0.132065 0.069256 0.123785
v -0.108135 0.074133 0.139808
v -0.112486 0.073420 0.136958
v -0.131365 0.085073 0.124413
v -0.118666 0.104240 0.133558
v -0.115413 0.108949 0.135760
v -0.113611 0.103249 0.136897
v -0.127409 0.084796 0.127251
v -0.137022 0.072383 0.120411
v -0.110847 0.098714 0.138677
v -0.134361 0.087030 0.122673
v -0.129090 0.111099 0.126953
v -0.124219 0.106369 0.130114
v -0.130865 0.104607 0.125591
v -0.139515 0.086924 0.119402
v -0.119882 0.058812 0.131302
v -0.119904 0.110155 0.132993
v -0.134163 0.099126 0.123252
v -0.133883 0.109569 0.123708
v -0.124071 0.122851 0.132027
v -0.123415 0.122342 0.131834
v -0.124287 0.122495 0.131400
v -0.124020 0.122069 0.131206
v -0.118935 0.120054 0.133819
v -0.121365 0.120527 0.132447
v -0.121017 0.121587 0.132977
v -0.123072 0.121252 0.131573
v -0.122423 0.122098 0.132331
v -0.122199 0.118303 0.131677
v -0.116472 0.117205 0.135186
v -0.119609 0.115059 0.133178
v -0.124588 0.121685 0.130622
v -0.113439 0.054044 0.135862
v -0.123634 0.113497 0.130645
v -0.125804 0.120712 0.129523
v -0.127139 0.116917 0.128304
v -0.133878 0.115587 0.123841
v -0.124743 0.122284 0.130890
v -0.116772 0.113300 0.135060
v -0.128869 0.122994 0.129392
v -0.130109 0.122675 0.127985
v -0.130692 0.123150 0.128537
v -0.132784 0.123989 0.131937
v -0.129791 0.123945 0.132567
v -0.132980 0.123864 0.130064
v -0.138773 0.120898 0.121056
v -0.139145 0.121409 0.121020
v -0.138122 0.121612 0.121769
v -0.139420 0.123486 0.123599
v -0.140005 0.123760 0.124571
v -0.137384 0.123485 0.125117
v -0.140605 0.122571 0.120891
v -0.141490 0.122251 0.119935
v -0.141542 0.122726 0.120505
v -0.142111 0.123893 0.125654
v -0.142018 0.123902 0.124603
v -0.144253 0.124018 0.124297
v -0.133009 0.122810 0.126014
v -0.132774 0.123207 0.127147
v -0.131686 0.122898 0.127185
v -0.143500 0.123947 0.123560
v -0.137481 0.123782 0.126642
v -0.139888 0.123897 0.127043
v -0.128412 0.123674 0.131754
v -0.131644 0.123578 0.129303
v -0.133742 0.119472 0.124183
v -0.134961 0.120981 0.123679
v -0.132318 0.121316 0.125462
v -0.146610 0.123919 0.121034
v -0.149062 0.124013 0.121591
v -0.146450 0.124044 0.122500
v -0.143212 0.123837 0.122656
v -0.141467 0.123510 0.122370
v -0.136952 0.121150 0.122392
v -0.137747 0.119071 0.121407
v -0.127461 0.123985 0.136387
v -0.124814 0.124035 0.137122
v -0.126994 0.124020 0.135003
v -0.138317 0.122345 0.122103
v -0.136958 0.121984 0.122743
v -0.134106 0.122497 0.124918
v -0.132756 0.122246 0.125575
v -0.133888 0.121871 0.124621
v -0.135819 0.123937 0.130776
v -0.135974 0.123894 0.128975
v -0.138023 0.123836 0.129449
v -0.146104 0.123933 0.124910
v -0.143027 0.123859 0.126603
v -0.126940 0.123914 0.133724
v -0.124561 0.123946 0.135452
v -0.121853 0.124035 0.138104
v -0.121674 0.123774 0.136063
v -0.131597 0.122013 0.126172
v -0.131417 0.122490 0.126641
v -0.129971 0.121863 0.127288
v -0.144831 0.124002 0.122804
v -0.125783 0.123735 0.133371
v -0.123734 0.123690 0.134468
v -0.128912 0.124017 0.134540
v -0.127082 0.123309 0.131216
v -0.122580 0.123416 0.134197
v -0.143361 0.123558 0.121247
v -0.144952 0.123691 0.120825
v -0.129186 0.123373 0.130208
v -0.124472 0.123322 0.132776
v -0.144923 0.122981 0.118819
v -0.143844 0.122190 0.118308
v -0.145126 0.122219 0.117575
v -0.120749 0.123176 0.134852
v -0.147229 0.124007 0.123192
v -0.121934 0.123019 0.133866
v -0.122756 0.122829 0.132851
v -0.121375 0.122597 0.133527
v -0.125432 0.122755 0.131032
v -0.124071 0.122851 0.132027
v -0.119782 0.122441 0.134298
v -0.127194 0.122812 0.130038
v -0.124287 0.122495 0.131400
v -0.128434 0.122468 0.128768
v -0.121870 0.122312 0.132898
v -0.138419 0.092070 0.120322
v -0.138095 0.095802 0.120571
v -0.133997 0.092106 0.123189
v -0.118175 0.121540 0.134653
v -0.121017 0.121587 0.132977
v -0.146117 0.123547 0.119691
v -0.144391 0.123383 0.120164
v -0.124743 0.122284 0.130890
v -0.130598 0.124036 0.133489
v -0.137955 0.099907 0.120651
v -0.141725 0.099379 0.118180
v -0.137458 0.104258 0.121030
v -0.139515 0.086924 0.119402
v -0.141791 0.093157 0.118055
v -0.134789 0.123744 0.127875
v -0.125335 0.122010 0.130226
v -0.122423 0.122098 0.132331
v -0.123415 0.122342 0.131834
v -0.126811 0.122153 0.129361
v -0.150954 0.123778 0.117907
v -0.149488 0.123953 0.119826
v -0.148171 0.123782 0.119303
v -0.125804 0.120712 0.129523
v -0.128124 0.122009 0.128488
v -0.127917 0.121416 0.128298
v -0.149419 0.123815 0.123310
v -0.147803 0.123413 0.117993
v -0.146240 0.122850 0.117643
v -0.147960 0.122930 0.116736
v -0.146571 0.122333 0.116693
v -0.143932 0.120977 0.117745
v -0.142586 0.123166 0.120636
v -0.142804 0.122569 0.119392
v -0.130030 0.119724 0.126650
v -0.146001 0.121310 0.116435
v -0.142381 0.121700 0.119006
v -0.141242 0.120534 0.119387
v -0.133883 0.109569 0.123708
v -0.130865 0.104607 0.125591
v -0.127139 0.116917 0.128304
v -0.133878 0.115587 0.123841
v -0.131524 0.124010 0.133494
v -0.145824 0.118196 0.115967
v -0.143015 0.118640 0.117957
v -0.145090 0.115532 0.116342
v -0.118935 0.120054 0.133819
v -0.134348 0.123468 0.126862
v -0.138859 0.110309 0.120253
v -0.124588 0.121685 0.130622
v -0.140467 0.115295 0.119387
v -0.143534 0.111977 0.117256
v -0.134163 0.099126 0.123252
v -0.140482 0.121520 0.120203
v -0.139300 0.121938 0.121192
v -0.145704 0.119817 0.116265
v -0.135495 0.122069 0.123812
v -0.144078 0.106232 0.116809
v -0.135416 0.122985 0.124901
v -0.137117 0.122561 0.123193
v -0.140375 0.122164 0.120623
v -0.139308 0.123013 0.122479
v -0.132528 0.123946 0.133601
v -0.125472 0.123952 0.138116
v -0.139728 0.122476 0.121337
v -0.134312 0.123953 0.132254
v -0.109812 0.100836 -0.107102
v -0.111057 0.096724 -0.105310
v -0.112869 0.100686 -0.102641
v -0.113659 0.092485 -0.101246
v -0.114595 0.096516 -0.100323
v -0.112654 0.094585 -0.102927
v -0.115075 0.089247 -0.098852
v -0.115857 0.092702 -0.097880
v -0.111396 0.080099 -0.103159
v -0.114316 0.084634 -0.099655
v -0.110203 0.086189 -0.105666
v -0.115369 0.099694 -0.099015
v -0.112946 0.088882 -0.102063
v -0.111020 0.092202 -0.104890
v -0.113962 0.080635 -0.099595
v -0.131903 0.115294 0.137882
v -0.134264 0.115984 0.136482
v -0.134000 0.113314 0.136496
v -0.131769 0.123078 0.137240
v -0.130871 0.122928 0.137803
v -0.131025 0.123271 0.137157
v -0.138154 0.123183 0.132496
v -0.137589 0.123566 0.131836
v -0.139281 0.123352 0.131481
v -0.133922 0.118124 0.136707
v -0.133676 0.119565 0.136850
v -0.135899 0.118370 0.135511
v -0.136237 0.122882 0.134053
v -0.136956 0.123262 0.133301
v -0.137009 0.122860 0.133766
v -0.131771 0.122558 0.137734
v -0.130366 0.123794 0.136375
v -0.129442 0.123654 0.137372
v -0.128744 0.123849 0.136963
v -0.132288 0.121928 0.137532
v -0.133422 0.121843 0.136716
v -0.132575 0.120983 0.137477
v -0.134948 0.120935 0.135963
v -0.130190 0.123967 0.135028
v -0.132426 0.123730 0.135090
v -0.132739 0.122372 0.137080
v -0.131067 0.117994 0.138467
v -0.132841 0.117329 0.137393
v -0.138018 0.122633 0.133421
v -0.138762 0.121361 0.133500
v -0.136814 0.121683 0.134569
v -0.127229 0.123850 0.137926
v -0.125738 0.123742 0.139403
v -0.125472 0.123952 0.138116
v -0.137330 0.123806 0.130747
v -0.138904 0.123691 0.130421
v -0.135773 0.122585 0.134592
v -0.135647 0.122110 0.135156
v -0.134848 0.122667 0.135347
v -0.131927 0.119720 0.137913
v -0.132649 0.118667 0.137378
v -0.137078 0.120295 0.134764
v -0.133564 0.122456 0.136417
v -0.133669 0.122882 0.135938
v -0.134213 0.122620 0.135974
v -0.136568 0.115470 0.134943
v -0.135807 0.123605 0.133107
v -0.135889 0.123814 0.132045
v -0.130483 0.120568 0.138783
v -0.132528 0.123946 0.133601
v -0.134237 0.123832 0.133403
v -0.132420 0.123280 0.136298
v -0.132672 0.122828 0.136819
v -0.134090 0.123253 0.135076
v -0.135316 0.122917 0.134590
v -0.134536 0.122176 0.136000
v -0.131124 0.121733 0.138217
v -0.135537 0.123263 0.134030
v -0.134428 0.123622 0.134220
v -0.134312 0.123953 0.132254
v -0.135819 0.123937 0.130776
v -0.138023 0.123836 0.129449
v -0.136615 0.122437 0.134266
v -0.135171 0.114528 0.135740
v -0.128470 0.123579 0.138071
v -0.128275 0.123209 0.138947
v -0.127363 0.123613 0.138777
v -0.127461 0.123985 0.136387
v -0.130296 0.122435 0.138426
v -0.128912 0.124017 0.134540
v -0.129736 0.123241 0.138129
v -0.130765 0.119463 0.138707
v -0.128941 0.122609 0.139285
v -0.131209 0.123573 0.136463
v -0.130276 0.123540 0.137222
v -0.129520 0.121650 0.139303
v -0.136560 0.113245 0.134815
v -0.130598 0.124036 0.133489
v -0.131524 0.124010 0.133494
v -0.126994 0.124020 0.135003
v -0.202428 0.109246 0.057297
v -0.203023 0.111602 0.058207
v -0.205000 0.109774 0.060712
v -0.207621 0.106937 0.065015
v -0.206873 0.108248 0.063457
v -0.208086 0.110238 0.065600
v -0.208285 0.106947 0.066559
v -0.206951 0.111661 0.063606
v -0.205605 0.104886 0.061830
v -0.207014 0.105410 0.064023
v -0.203603 0.106116 0.058874
v -0.206740 0.102758 0.064062
v -0.207667 0.104122 0.065533
v -0.201157 0.112390 0.055586
v -0.202878 0.101003 0.058313
v -0.205716 0.099910 0.062730
v -0.199707 0.102913 0.053620
v -0.201460 0.105942 0.055939
v -0.204011 0.112783 0.059581
v -0.200211 0.109534 0.054149
v -0.199799 0.098411 0.053926
v -0.207899 0.113115 0.065190
v -0.207180 0.114015 0.063963
v -0.207941 0.115101 0.065102
v -0.206663 0.115414 0.063092
v -0.207467 0.116738 0.063928
v -0.208965 0.116474 0.066769
v -0.207950 0.117870 0.064163
v -0.202619 0.113513 0.057674
v -0.204511 0.096408 0.060993
v -0.201946 0.094241 0.057121
v -0.205586 0.113626 0.061702
v -0.208487 0.103122 0.067638
v -0.215053 0.119863 0.068194
v -0.214159 0.119979 0.066938
v -0.215549 0.119585 0.066465
v -0.194997 0.097784 0.046895
v -0.196182 0.100274 0.048585
v -0.197517 0.097021 0.050614
v -0.196950 0.105028 0.049669
v -0.199358 0.106368 0.052961
v -0.197968 0.100587 0.051140
v -0.195087 0.094020 0.047434
v -0.199168 0.095020 0.053163
v -0.199699 0.090082 0.054108
v -0.198850 0.096783 0.052498
v -0.197234 0.092197 0.050646
v -0.194832 0.089624 0.047588
v -0.196998 0.087109 0.050861
v -0.194797 0.085028 0.047955
v -0.198053 0.109664 0.051149
v -0.196664 0.081043 0.050977
v -0.193490 0.080789 0.046169
v -0.195225 0.076352 0.049080
v -0.212067 0.119935 0.061177
v -0.212225 0.119857 0.059571
v -0.213156 0.119774 0.060638
v -0.213945 0.120027 0.069206
v -0.201752 0.118892 0.054485
v -0.200833 0.118230 0.053893
v -0.200492 0.119040 0.052352
v -0.209672 0.119736 0.063186
v -0.208577 0.119385 0.063326
v -0.208414 0.119698 0.061661
v -0.206809 0.120350 0.055172
v -0.207238 0.120293 0.054087
v -0.208525 0.120099 0.055233
v -0.208371 0.118745 0.064193
v -0.207246 0.118749 0.062275
v -0.211090 0.119857 0.065288
v -0.210896 0.119924 0.062350
v -0.210803 0.118691 0.069065
v -0.210284 0.118318 0.068443
v -0.210603 0.118977 0.067976
v -0.206564 0.120223 0.056916
v -0.208487 0.120204 0.058312
v -0.207333 0.120083 0.058804
v -0.204226 0.120487 0.050333
v -0.204794 0.120344 0.051706
v -0.203936 0.120399 0.051823
v -0.200237 0.116997 0.053701
v -0.199894 0.115840 0.053416
v -0.198274 0.116012 0.050842
v -0.214480 0.119743 0.065777
v -0.213815 0.119908 0.065333
v -0.201321 0.115385 0.055704
v -0.199750 0.114663 0.053409
v -0.209760 0.120101 0.057265
v -0.207958 0.120281 0.056617
v -0.200874 0.120064 0.050704
v -0.202950 0.119945 0.053818
v -0.201282 0.119625 0.052404
v -0.206134 0.120332 0.050455
v -0.205547 0.120424 0.049985
v -0.206001 0.120331 0.049697
v -0.211175 0.119230 0.068674
v -0.204194 0.116532 0.059374
v -0.204248 0.117479 0.059000
v -0.205186 0.117171 0.060542
v -0.204405 0.118941 0.057980
v -0.203771 0.118225 0.057918
v -0.203045 0.118889 0.056293
v -0.201652 0.117690 0.055464
v -0.202697 0.117048 0.057356
v -0.201480 0.116764 0.055602
v -0.205965 0.119858 0.058183
v -0.204964 0.120026 0.056195
v -0.206614 0.117669 0.062218
v -0.199326 0.117977 0.051715
v -0.211316 0.119489 0.071690
v -0.211456 0.119317 0.070547
v -0.211930 0.119698 0.070585
v -0.212372 0.120014 0.066424
v -0.213025 0.120085 0.067764
v -0.211723 0.119791 0.067785
v -0.210412 0.119436 0.066534
v -0.209211 0.119117 0.065255
v -0.209816 0.119595 0.064768
v -0.203664 0.114893 0.058997
v -0.202314 0.119393 0.054437
v -0.202593 0.118096 0.056540
v -0.206239 0.119595 0.059418
v -0.206647 0.119296 0.060580
v -0.205497 0.119323 0.058948
v -0.205349 0.118452 0.059919
v -0.204731 0.120274 0.054130
v -0.202716 0.120295 0.051885
v -0.212589 0.119887 0.069598
v -0.211703 0.119516 0.069500
v -0.205889 0.120256 0.051437
v -0.205261 0.120387 0.050336
v -0.207820 0.120267 0.052044
v -0.208367 0.120274 0.053060
v -0.207195 0.120225 0.052968
v -0.205766 0.120339 0.053170
v -0.204160 0.119567 0.056585
v -0.208146 0.120181 0.053882
v -0.211048 0.118790 0.071074
v -0.210581 0.118021 0.070167
v -0.211162 0.118948 0.069908
v -0.199030 0.112693 0.052452
v -0.210008 0.117467 0.068799
v -0.209662 0.117929 0.067410
v -0.207134 0.120347 0.051089
v -0.213835 0.119803 0.063732
v -0.212681 0.119862 0.062610
v -0.214165 0.119631 0.061864
v -0.207221 0.119781 0.060067
v -0.208812 0.119996 0.060383
v -0.210407 0.120003 0.055353
v -0.211546 0.119925 0.056931
v -0.202012 0.118479 0.055297
v -0.207617 0.119370 0.061791
v -0.211039 0.119341 0.067824
v -0.213016 0.119762 0.061559
v -0.209866 0.118735 0.066962
v -0.205195 0.115836 0.061000
v -0.206176 0.116629 0.062088
v -0.208976 0.118295 0.065795
v -0.209468 0.119847 0.061956
v -0.210453 0.120069 0.059650
v -0.213206 0.120019 0.066285
v -0.207397 0.119549 0.060974
v -0.211424 0.119993 0.058341
v -0.212530 0.119974 0.064653
v -0.214775 0.119625 0.064821
v -0.208619 0.113465 0.066670
v -0.209757 0.116166 0.069104
v -0.210145 0.116888 0.070175
v -0.209904 0.115346 0.070559
v -0.208905 0.110335 0.067709
v -0.208864 0.106964 0.068528
v -0.210494 0.118092 0.071969
v -0.210221 0.116849 0.071346
v -0.209420 0.114082 0.068706
v -0.209112 0.104568 0.070171
v -0.159156 0.107893 0.119642
v -0.157908 0.106238 0.120434
v -0.157571 0.107967 0.120803
v -0.159159 0.114173 0.120036
v -0.156365 0.113359 0.121844
v -0.157924 0.116535 0.121097
v -0.156107 0.118069 0.122533
v -0.155801 0.117213 0.122645
v -0.154606 0.109786 0.122780
v -0.152624 0.110129 0.124059
v -0.153606 0.113835 0.123801
v -0.157504 0.109836 0.120891
v -0.156162 0.107411 0.121589
v -0.154090 0.105396 0.122970
v -0.153528 0.117585 0.124305
v -0.154638 0.119806 0.123553
v -0.161719 0.116261 0.118480
v -0.160905 0.112689 0.118917
v -0.145465 0.113507 0.128999
v -0.146862 0.111613 0.127961
v -0.144170 0.110327 0.129613
v -0.151236 0.115349 0.125507
v -0.149869 0.113583 0.126230
v -0.148335 0.115695 0.127315
v -0.150215 0.109358 0.125612
v -0.148942 0.108745 0.126394
v -0.149629 0.111216 0.126043
v -0.159919 0.109835 0.119363
v -0.158865 0.111994 0.120081
v -0.159480 0.118280 0.119908
v -0.157395 0.118608 0.121491
v -0.157653 0.119940 0.121230
v -0.151174 0.111800 0.125143
v -0.155433 0.115713 0.122731
v -0.148239 0.110247 0.126926
v -0.148485 0.112831 0.126996
v -0.150889 0.108025 0.125009
v -0.152255 0.107145 0.124173
v -0.147135 0.113917 0.127877
v -0.155164 0.114572 0.122733
v -0.160405 0.111275 0.119096
v -0.158663 0.120681 0.120248
v -0.159574 0.119829 0.119726
v -0.159959 0.105593 0.119014
v -0.172359 0.097907 0.095955
v -0.175748 0.097610 0.093899
v -0.174424 0.099752 0.094806
v -0.170025 0.096912 0.097851
v -0.170155 0.099717 0.097969
v -0.168274 0.099115 0.099680
v -0.179398 0.123149 0.097064
v -0.181071 0.122842 0.095120
v -0.181359 0.123339 0.096375
v -0.174283 0.104631 0.095811
v -0.174952 0.102527 0.094950
v -0.176915 0.105476 0.094254
v -0.191605 0.070361 0.082736
v -0.186450 0.068055 0.085953
v -0.188015 0.064837 0.084723
v -0.191676 0.064515 0.082577
v -0.195638 0.067234 0.080390
v -0.197444 0.074154 0.079707
v -0.201550 0.075709 0.077557
v -0.200336 0.079251 0.078115
v -0.197259 0.120809 0.081433
v -0.196951 0.118911 0.081544
v -0.199224 0.120342 0.080087
v -0.177725 0.121558 0.095200
v -0.179413 0.121556 0.094206
v -0.178808 0.122063 0.095045
v -0.186466 0.078744 0.086975
v -0.188581 0.077384 0.085147
v -0.187128 0.081115 0.086436
v -0.195829 0.060665 0.080292
v -0.202208 0.071632 0.077202
v -0.200044 0.067887 0.078193
v -0.168959 0.100219 0.099169
v -0.167994 0.092821 0.099708
v -0.170545 0.094057 0.097445
v -0.167806 0.095520 0.099835
v -0.187867 0.120414 0.087739
v -0.188516 0.121427 0.087697
v -0.187403 0.121272 0.088462
v -0.185801 0.120897 0.089429
v -0.184392 0.121116 0.090479
v -0.183301 0.120146 0.090874
v -0.176448 0.108824 0.095081
v -0.174420 0.111473 0.096563
v -0.171666 0.107445 0.098184
v -0.185468 0.090015 0.088217
v -0.183852 0.085558 0.089375
v -0.186593 0.085137 0.087083
v -0.173766 0.115753 0.096840
v -0.179384 0.112015 0.093190
v -0.178122 0.115007 0.093902
v -0.165813 0.097504 0.101714
v -0.186662 0.095587 0.087645
v -0.185613 0.101569 0.088627
v -0.182575 0.095771 0.090327
v -0.180839 0.097782 0.091420
v -0.181955 0.100473 0.090869
v -0.178785 0.095507 0.092473
v -0.179059 0.099244 0.092386
v -0.193648 0.114311 0.083813
v -0.191812 0.109881 0.084827
v -0.195525 0.111904 0.082639
v -0.190826 0.121291 0.085983
v -0.189316 0.121049 0.086877
v -0.190347 0.120007 0.085948
v -0.182817 0.104272 0.090581
v -0.186238 0.123898 0.098181
v -0.189046 0.123846 0.095109
v -0.190251 0.123685 0.096912
v -0.184238 0.080726 0.089035
v -0.188594 0.113776 0.086959
v -0.188734 0.109605 0.086847
v -0.177123 0.103101 0.093759
v -0.176963 0.101010 0.093570
v -0.178009 0.122204 0.095807
v -0.177897 0.122671 0.096795
v -0.176757 0.122180 0.096570
v -0.179550 0.103201 0.092392
v -0.183167 0.123284 0.094834
v -0.185022 0.108660 0.089444
v -0.189127 0.106018 0.086454
v -0.177004 0.092534 0.093542
v -0.175530 0.089330 0.094769
v -0.179337 0.090916 0.092439
v -0.187076 0.122205 0.090229
v -0.189189 0.122613 0.089731
v -0.187227 0.122894 0.091751
v -0.185257 0.123803 0.096374
v -0.187261 0.123502 0.093769
v -0.181485 0.087595 0.091218
v -0.181435 0.083686 0.091313
v -0.169981 0.090451 0.098318
v -0.191783 0.080275 0.082997
v -0.191036 0.075628 0.083336
v -0.193588 0.076706 0.081837
v -0.190212 0.100293 0.085445
v -0.192618 0.104909 0.084129
v -0.187174 0.121833 0.102933
v -0.186186 0.122560 0.102784
v -0.188434 0.122376 0.101753
v -0.195581 0.108231 0.082423
v -0.180619 0.121205 0.093173
v -0.180622 0.121897 0.093717
v -0.178904 0.120624 0.093954
v -0.196001 0.103636 0.082052
v -0.184350 0.093378 0.089127
v -0.185759 0.119385 0.089068
v -0.185176 0.122621 0.092053
v -0.185522 0.123075 0.101799
v -0.186365 0.123274 0.101074
v -0.186287 0.123097 0.101672
v -0.182191 0.072542 0.089732
v -0.184811 0.075365 0.088129
v -0.181546 0.075055 0.090689
v -0.191524 0.120605 0.085248
v -0.193237 0.120154 0.084053
v -0.187136 0.122935 0.101773
v -0.185556 0.122955 0.102322
v -0.180991 0.120437 0.092527
v -0.181971 0.121043 0.092108
v -0.184953 0.123115 0.102188
v -0.184595 0.123314 0.101655
v -0.181926 0.121843 0.092798
v -0.181351 0.122376 0.093840
v -0.192303 0.117480 0.084593
v -0.189102 0.072763 0.084526
v -0.185224 0.121792 0.090584
v -0.180342 0.119165 0.092657
v -0.183371 0.121427 0.091428
v -0.186861 0.121610 0.089363
v -0.188171 0.121791 0.088769
v -0.188065 0.118155 0.087358
v -0.186965 0.123187 0.101349
v -0.187904 0.123168 0.100738
v -0.173403 0.094901 0.095244
v -0.175907 0.121440 0.096350
v -0.195738 0.116779 0.082434
v -0.197434 0.114511 0.081447
v -0.197637 0.116962 0.081130
v -0.193627 0.101246 0.083366
v -0.182410 0.122314 0.093158
v -0.182937 0.122742 0.093560
v -0.179151 0.122556 0.095661
v -0.174443 0.106553 0.096089
v -0.169707 0.102562 0.098933
v -0.183445 0.122183 0.092232
v -0.172437 0.100669 0.096246
v -0.172996 0.102818 0.096291
v -0.172286 0.104603 0.097229
v -0.198068 0.064871 0.079111
v -0.200637 0.063520 0.077707
v -0.186949 0.072585 0.086082
v -0.183671 0.117086 0.090293
v -0.178362 0.117188 0.093729
v -0.180885 0.115121 0.092100
v -0.171460 0.096028 0.096616
v -0.184164 0.122940 0.093417
v -0.198139 0.111106 0.080746
v -0.200049 0.114191 0.079393
v -0.196617 0.099532 0.081646
v -0.190141 0.095669 0.085306
v -0.174956 0.092648 0.094563
v -0.172676 0.091393 0.096108
v -0.182339 0.123570 0.102261
v -0.184824 0.123701 0.100322
v -0.185411 0.123155 0.093414
v -0.176891 0.120693 0.095305
v -0.189011 0.123207 0.091660
v -0.182273 0.077772 0.090460
v -0.177719 0.123412 0.099199
v -0.177446 0.123037 0.098073
v -0.171847 0.087039 0.097357
v -0.171971 0.089179 0.096982
v -0.186074 0.123565 0.100361
v -0.192175 0.121033 0.084901
v -0.195257 0.120553 0.082726
v -0.188650 0.122727 0.101116
v -0.180047 0.122244 0.094571
v -0.196770 0.121367 0.082204
v -0.195957 0.121175 0.082448
v -0.189830 0.121899 0.087646
v -0.196276 0.081678 0.080418
v -0.180229 0.123593 0.098262
v -0.191624 0.122018 0.086711
v -0.175926 0.094755 0.093896
v -0.198117 0.095304 0.080423
v -0.193426 0.097219 0.083323
v -0.192561 0.093104 0.083577
v -0.171211 0.101947 0.097471
v -0.188867 0.092549 0.085947
v -0.177367 0.119542 0.094660
v -0.192393 0.121620 0.085408
v -0.193331 0.120919 0.084116
v -0.182834 0.123793 0.100667
v -0.181683 0.123861 0.099478
v -0.194575 0.121228 0.083443
v -0.193313 0.121305 0.084471
v -0.167173 0.101672 0.101070
v -0.176211 0.122680 0.097890
v -0.194067 0.120773 0.083546
v -0.186633 0.123730 0.099329
v -0.190027 0.123663 0.092782
v -0.182675 0.091569 0.090290
v -0.187629 0.123449 0.099789
v -0.188877 0.123256 0.099880
v -0.189069 0.123327 0.099050
v -0.188428 0.123609 0.098469
v -0.176642 0.083918 0.094602
v -0.193066 0.122009 0.085909
v -0.199385 0.116616 0.079875
v -0.180199 0.107270 0.092473
v -0.178872 0.077576 0.092844
v -0.174346 0.086999 0.095743
v -0.173395 0.088556 0.096140
v -0.189912 0.088447 0.084832
v -0.183632 0.113184 0.090402
v -0.183958 0.070347 0.088043
v -0.180690 0.080618 0.091832
v -0.192986 0.085209 0.082569
v -0.194586 0.121657 0.084451
v -0.195755 0.121442 0.083042
v -0.195404 0.089474 0.081408
v -0.182849 0.123653 0.096656
v -0.201079 0.083729 0.077386
v -0.174955 0.118760 0.096166
v -0.175307 0.120378 0.096288
v -0.195436 0.086100 0.081082
v -0.201458 0.115391 0.078293
v -0.197244 0.121727 0.082602
v -0.200035 0.121744 0.080933
v -0.198770 0.121624 0.081397
v -0.199838 0.121493 0.080339
v -0.189523 0.082966 0.084626
v -0.197719 0.121461 0.081583
v -0.184818 0.123519 0.094955
v -0.188523 0.060633 0.084410
v -0.201618 0.090691 0.077523
v -0.198584 0.086766 0.079001
v -0.198841 0.121274 0.080612
v -0.168881 0.104822 0.099952
v -0.202837 0.080950 0.076545
v -0.115036 0.102772 -0.099609
v -0.112794 0.105005 -0.102794
v -0.112869 0.100686 -0.102641
v -0.111306 0.112634 -0.103337
v -0.110450 0.109788 -0.105574
v -0.111780 0.107229 -0.103944
v -0.112634 0.107790 -0.102676
v -0.110931 0.106464 -0.105340
v -0.110686 0.103832 -0.105787
v -0.112639 0.115016 -0.100217
v -0.113026 0.116625 -0.099000
v -0.111828 0.116405 -0.100890
v -0.111657 0.118221 -0.100227
v -0.113683 0.114630 -0.098838
v -0.112930 0.113236 -0.100567
v -0.114187 0.113231 -0.098802
v -0.113160 0.110106 -0.101337
v -0.114792 0.106443 -0.099749
v -0.115421 0.109422 -0.097972
v -0.115288 0.112603 -0.097181
v -0.114227 0.111713 -0.099166
v -0.111652 0.114642 -0.102102
v -0.114471 0.114006 -0.097983
v -0.114560 0.115465 -0.096898
v -0.109812 0.100836 -0.107102
v -0.113610 0.117359 -0.097186
v -0.112824 0.118558 -0.097921
v -0.115369 0.099694 -0.099015
v -0.121148 0.121541 -0.075715
v -0.121611 0.121280 -0.075917
v -0.122054 0.121311 -0.074942
v -0.120653 0.120705 -0.079509
v -0.120601 0.120217 -0.080460
v -0.121660 0.120505 -0.078307
v -0.118822 0.123401 -0.074831
v -0.118275 0.123610 -0.075489
v -0.119216 0.123023 -0.075102
v -0.120367 0.122704 -0.074135
v -0.120888 0.122093 -0.074361
v -0.121157 0.122156 -0.073914
v -0.119323 0.119208 -0.084746
v -0.120426 0.118693 -0.083882
v -0.121944 0.118804 -0.081037
v -0.124004 0.118807 -0.077430
v -0.122303 0.119697 -0.078889
v -0.120893 0.111458 -0.088036
v -0.119828 0.113029 -0.089389
v -0.119624 0.111152 -0.090455
v -0.119601 0.123283 -0.074304
v -0.119003 0.123676 -0.074043
v -0.123503 0.117634 -0.079818
v -0.122237 0.116801 -0.082581
v -0.123836 0.115896 -0.080812
v -0.119950 0.121410 -0.077993
v -0.121934 0.121034 -0.076503
v -0.120674 0.121387 -0.076575
v -0.118245 0.121879 -0.079567
v -0.118489 0.121312 -0.080176
v -0.118858 0.121548 -0.079238
v -0.121282 0.118065 -0.083229
v -0.118323 0.116083 -0.089996
v -0.119123 0.114963 -0.089337
v -0.118673 0.116558 -0.089066
v -0.118841 0.119854 -0.084246
v -0.118417 0.120095 -0.084145
v -0.117659 0.120317 -0.085045
v -0.119055 0.120864 -0.080914
v -0.118369 0.120738 -0.082545
v -0.119435 0.120459 -0.081485
v -0.121930 0.114701 -0.084541
v -0.123140 0.115029 -0.082440
v -0.122335 0.115819 -0.083288
v -0.119191 0.120177 -0.082819
v -0.119387 0.117068 -0.087183
v -0.119506 0.118288 -0.085853
v -0.118110 0.117852 -0.088753
v -0.123649 0.120776 -0.074944
v -0.123133 0.120321 -0.076520
v -0.124534 0.120376 -0.074532
v -0.120662 0.117179 -0.084955
v -0.122859 0.122204 -0.071517
v -0.123855 0.121763 -0.071871
v -0.123903 0.122078 -0.070586
v -0.120320 0.119609 -0.082115
v -0.120858 0.121813 -0.075008
v -0.120141 0.122322 -0.074733
v -0.120554 0.115876 -0.086196
v -0.122509 0.123007 -0.071025
v -0.121857 0.122848 -0.071994
v -0.118453 0.123401 -0.074254
v -0.122903 0.115924 -0.082141
v -0.121368 0.122200 -0.073367
v -0.120717 0.113836 -0.087210
v -0.119957 0.121985 -0.076165
v -0.119580 0.115807 -0.087858
v -0.122912 0.122894 -0.070446
v -0.122631 0.123149 -0.070282
v -0.124007 0.119758 -0.076244
v -0.118586 0.122105 -0.078344
v -0.118150 0.115458 -0.090486
v -0.119608 0.122407 -0.075524
v -0.120611 0.120868 -0.078554
v -0.117613 0.119808 -0.086417
v -0.117507 0.119145 -0.088044
v -0.118240 0.120285 -0.083739
v -0.117412 0.120801 -0.083982
v -0.121003 0.123083 -0.072611
v -0.121478 0.122715 -0.072752
v -0.124866 0.115163 -0.079628
v -0.124443 0.114200 -0.081149
v -0.125369 0.114038 -0.079709
v -0.121717 0.121710 -0.073970
v -0.122986 0.121607 -0.073400
v -0.122233 0.121757 -0.073077
v -0.122144 0.122196 -0.072484
v -0.122850 0.121853 -0.072509
v -0.122123 0.111640 -0.086202
v -0.118436 0.112982 -0.091594
v -0.118670 0.113897 -0.090817
v -0.117717 0.114442 -0.092094
v -0.123346 0.121126 -0.074314
v -0.123181 0.118457 -0.079518
v -0.121820 0.123195 -0.071467
v -0.117688 0.121855 -0.080265
v -0.117041 0.121447 -0.082692
v -0.119945 0.120647 -0.080326
v -0.119631 0.120860 -0.080147
v -0.123965 0.122642 -0.069482
v -0.123208 0.122548 -0.070536
v -0.121499 0.116155 -0.084363
v -0.120136 0.123443 -0.073273
v -0.123289 0.111527 -0.084188
v -0.122265 0.112952 -0.085164
v -0.124711 0.121069 -0.072971
v -0.117517 0.116986 -0.090734
v -0.117619 0.113012 -0.093109
v -0.120799 0.122898 -0.073341
v -0.119548 0.121875 -0.077267
v -0.121709 0.123456 -0.070987
v -0.120114 0.120892 -0.079588
v -0.123194 0.122937 -0.070002
v -0.117897 0.121256 -0.081400
v -0.118648 0.122351 -0.077152
v -0.118870 0.122529 -0.076268
v -0.119470 0.121055 -0.079533
v -0.119409 0.122944 -0.072502
v -0.117717 0.123070 -0.074858
v -0.118832 0.109463 -0.092241
v -0.119832 0.123581 -0.072780
v -0.124073 0.121395 -0.072826
v -0.117597 0.115518 -0.091480
v -0.123417 0.113294 -0.083209
v -0.117665 0.122454 -0.079205
v -0.121104 0.123303 -0.071901
v -0.117976 0.123094 -0.076747
v -0.118725 0.123026 -0.075943
v -0.120154 0.123174 -0.073900
v -0.117785 0.122839 -0.078007
v -0.119986 0.123137 -0.074190
v -0.120617 0.123304 -0.072513
v -0.120420 0.123580 -0.072470
v -0.209112 0.104568 0.070171
v -0.209063 0.101008 0.069570
v -0.208487 0.103122 0.067638
v -0.209115 0.096594 0.072402
v -0.209120 0.098321 0.072433
v -0.208726 0.096954 0.073163
v -0.209271 0.097069 0.071638
v -0.209187 0.095307 0.071828
v -0.204762 0.085116 0.075282
v -0.201934 0.087005 0.076964
v -0.201079 0.083729 0.077386
v -0.198139 0.111106 0.080746
v -0.195581 0.108231 0.082423
v -0.199218 0.106587 0.079840
v -0.209216 0.102079 0.071589
v -0.208997 0.101259 0.072758
v -0.209192 0.100141 0.072111
v -0.199003 0.098666 0.080119
v -0.198117 0.095304 0.080423
v -0.202405 0.098836 0.077838
v -0.209690 0.111621 0.071790
v -0.209858 0.113618 0.071722
v -0.209759 0.112893 0.072591
v -0.209509 0.110061 0.072220
v -0.209442 0.111920 0.072972
v -0.208594 0.099408 0.068016
v -0.208499 0.095656 0.067729
v -0.207590 0.099578 0.065936
v -0.205258 0.096332 0.075813
v -0.206279 0.098795 0.075263
v -0.199699 0.090082 0.054108
v -0.201946 0.094241 0.057121
v -0.202335 0.087569 0.058167
v -0.207583 0.096001 0.074145
v -0.208832 0.095299 0.072914
v -0.206004 0.107674 0.075261
v -0.204928 0.111344 0.075949
v -0.203064 0.107128 0.077039
v -0.209158 0.107513 0.070072
v -0.208864 0.106964 0.068528
v -0.208917 0.099887 0.073025
v -0.209650 0.111686 0.070444
v -0.207924 0.101147 0.074043
v -0.209263 0.114860 0.073552
v -0.207865 0.115545 0.074465
v -0.208750 0.112788 0.073801
v -0.196001 0.103636 0.082052
v -0.208726 0.106276 0.073176
v -0.208830 0.104887 0.072889
v -0.209138 0.105648 0.071973
v -0.205142 0.102111 0.075992
v -0.198584 0.086766 0.079001
v -0.203719 0.104142 0.076812
v -0.201975 0.103183 0.078101
v -0.209348 0.108302 0.071494
v -0.209243 0.106608 0.071189
v -0.209812 0.113645 0.072733
v -0.199230 0.101690 0.080059
v -0.196617 0.099532 0.081646
v -0.202735 0.094816 0.077285
v -0.207459 0.111088 0.074538
v -0.208324 0.098520 0.073661
v -0.209198 0.107168 0.072286
v -0.205036 0.104848 0.075927
v -0.207551 0.104688 0.074240
v -0.209005 0.093727 0.072244
v -0.209174 0.093226 0.071033
v -0.208827 0.102718 0.073009
v -0.208817 0.103988 0.072943
v -0.201639 0.111650 0.078001
v -0.209031 0.097559 0.069361
v -0.209856 0.115717 0.073015
v -0.210010 0.115522 0.072112
v -0.210056 0.116789 0.072581
v -0.209248 0.098895 0.070972
v -0.209128 0.104142 0.071987
v -0.209081 0.103352 0.072387
v -0.201458 0.115391 0.078293
v -0.204099 0.116301 0.076589
v -0.209834 0.114517 0.072835
v -0.209599 0.113526 0.073233
v -0.209904 0.115346 0.070559
v -0.208554 0.085713 0.068895
v -0.208592 0.084517 0.070549
v -0.208373 0.084083 0.068826
v -0.209456 0.116224 0.073464
v -0.204171 0.082591 0.075627
v -0.202837 0.080950 0.076545
v -0.205356 0.080385 0.074945
v -0.200049 0.114191 0.079393
v -0.209236 0.096035 0.070636
v -0.208831 0.110017 0.073451
v -0.207934 0.107750 0.074054
v -0.209223 0.109558 0.069306
v -0.209733 0.117593 0.073272
v -0.208243 0.093403 0.073398
v -0.209083 0.093969 0.069482
v -0.208871 0.108018 0.073242
v -0.209420 0.114082 0.068706
v -0.209692 0.113280 0.070148
v -0.209421 0.111822 0.069214
v -0.206740 0.102758 0.064062
v -0.207667 0.104122 0.065533
v -0.209481 0.109751 0.070823
v -0.201618 0.090691 0.077523
v -0.206068 0.092730 0.075019
v -0.209273 0.108676 0.072635
v -0.204365 0.087970 0.075661
v -0.210494 0.118092 0.071969
v -0.208905 0.110335 0.067709
v -0.205716 0.099910 0.062730
v -0.210221 0.116849 0.071346
v -0.205726 0.089571 0.075004
v -0.206656 0.086809 0.074195
v -0.207839 0.088550 0.073396
v -0.207045 0.090427 0.074163
v -0.208143 0.090929 0.073287
v -0.208305 0.082211 0.070859
v -0.208349 0.083069 0.069651
v -0.208309 0.083070 0.071615
v -0.207921 0.086824 0.073109
v -0.208251 0.087438 0.072855
v -0.208905 0.091653 0.072217
v -0.208794 0.089493 0.072152
v -0.207916 0.092269 0.066550
v -0.208770 0.090837 0.068433
v -0.208016 0.087230 0.067195
v -0.208772 0.090596 0.072532
v -0.206621 0.089679 0.064509
v -0.206540 0.094919 0.064262
v -0.203658 0.084567 0.060199
v -0.205071 0.086207 0.062316
v -0.209017 0.088725 0.069497
v -0.209146 0.090972 0.069933
v -0.209075 0.088821 0.070657
v -0.208373 0.086957 0.072510
v -0.207725 0.084531 0.073117
v -0.208532 0.087841 0.072484
v -0.207745 0.085865 0.073265
v -0.208302 0.085959 0.072567
v -0.204511 0.096408 0.060993
v -0.204614 0.091381 0.061351
v -0.207846 0.083302 0.067183
v -0.206328 0.083430 0.064228
v -0.206823 0.085768 0.065165
v -0.207715 0.082550 0.072942
v -0.208150 0.081885 0.071999
v -0.208824 0.086572 0.070042
v -0.208666 0.085540 0.071631
v -0.208752 0.087190 0.071663
v -0.204853 0.082455 0.061892
v -0.206292 0.082672 0.074246
v -0.207434 0.080960 0.073081
v -0.208198 0.084929 0.068018
v -0.209141 0.090780 0.071144
v -0.208692 0.086259 0.069195
v -0.208699 0.087332 0.068779
v -0.208359 0.082058 0.069823
v -0.208317 0.082239 0.068733
v -0.207741 0.095674 0.066273
v -0.146628 0.121670 0.128104
v -0.145482 0.120224 0.129253
v -0.143560 0.121677 0.130159
v -0.143437 0.119265 0.130559
v -0.143056 0.120520 0.130788
v -0.150657 0.123431 0.123865
v -0.150750 0.123055 0.124408
v -0.149557 0.123484 0.124461
v -0.148245 0.122907 0.126273
v -0.148222 0.122410 0.126769
v -0.146618 0.123236 0.127200
v -0.139217 0.122340 0.132908
v -0.140325 0.122079 0.132325
v -0.138762 0.121361 0.133500
v -0.150582 0.121162 0.126027
v -0.144159 0.117735 0.130121
v -0.141304 0.118326 0.131978
v -0.139281 0.123352 0.131481
v -0.140800 0.123259 0.130958
v -0.139911 0.122837 0.132147
v -0.144649 0.122665 0.129158
v -0.143274 0.123177 0.129415
v -0.144977 0.123153 0.128323
v -0.137078 0.120295 0.134764
v -0.139121 0.119192 0.133496
v -0.135899 0.118370 0.135511
v -0.138936 0.122993 0.132406
v -0.138154 0.123183 0.132496
v -0.141125 0.121075 0.132032
v -0.141174 0.121886 0.131763
v -0.142041 0.122044 0.131147
v -0.138396 0.116820 0.133848
v -0.143546 0.122597 0.129848
v -0.140346 0.123740 0.129040
v -0.142434 0.123664 0.128435
v -0.141521 0.123379 0.129829
v -0.149217 0.123143 0.125416
v -0.147786 0.123286 0.126002
v -0.156609 0.121296 0.121712
v -0.158663 0.120681 0.120248
v -0.157653 0.119940 0.121230
v -0.148492 0.120037 0.127443
v -0.146038 0.122676 0.128057
v -0.153248 0.122761 0.123001
v -0.152606 0.123389 0.123025
v -0.153442 0.123179 0.122532
v -0.143711 0.123674 0.127497
v -0.143027 0.123859 0.126603
v -0.138018 0.122633 0.133421
v -0.139038 0.122739 0.132715
v -0.139076 0.114398 0.133224
v -0.136568 0.115470 0.134943
v -0.152072 0.122455 0.124198
v -0.152043 0.122910 0.123611
v -0.151617 0.123669 0.122828
v -0.151972 0.123842 0.121420
v -0.152941 0.123484 0.122054
v -0.149858 0.122643 0.125428
v -0.142674 0.122599 0.130481
v -0.141317 0.116102 0.131865
v -0.144278 0.115624 0.129923
v -0.145309 0.118884 0.129388
v -0.153785 0.121604 0.123764
v -0.150807 0.122110 0.125373
v -0.141141 0.114313 0.131777
v -0.143000 0.113931 0.130575
v -0.144338 0.123469 0.127960
v -0.154638 0.119806 0.123553
v -0.155853 0.120708 0.122511
v -0.148335 0.115695 0.127315
v -0.150296 0.118152 0.126417
v -0.151236 0.115349 0.125507
v -0.148599 0.123441 0.125320
v -0.147696 0.123661 0.125352
v -0.141977 0.123041 0.130488
v -0.146553 0.123578 0.126564
v -0.149419 0.123815 0.123310
v -0.150766 0.123633 0.123364
v -0.150197 0.123590 0.123714
v -0.146111 0.116911 0.128779
v -0.141299 0.122565 0.131401
v -0.153863 0.122304 0.123146
v -0.155168 0.122012 0.122439
v -0.147393 0.118429 0.128151
v -0.145465 0.113507 0.128999
v -0.151615 0.119463 0.125594
v -0.140201 0.123538 0.130408
v -0.139895 0.117655 0.132929
v -0.141327 0.123792 0.127868
v -0.139888 0.123897 0.127043
v -0.149062 0.124013 0.121591
v -0.151480 0.123380 0.123505
v -0.141623 0.119738 0.131811
v -0.145241 0.123735 0.126591
v -0.146104 0.123933 0.124910
v -0.141388 0.112478 0.131549
v -0.154792 0.122697 0.122301
v -0.138023 0.123836 0.129449
v -0.138904 0.123691 0.130421
v -0.145604 0.123500 0.127263
v -0.156505 0.122175 0.121376
v -0.153944 0.122986 0.122412
v -0.154386 0.123180 0.121772
v -0.158174 0.121670 0.120303
v -0.146410 0.115228 0.128530
v -0.145306 0.123427 0.127756
v -0.139053 0.111692 0.133081
v -0.153528 0.117585 0.124305
v -0.151648 0.118670 0.125574
v -0.144170 0.110327 0.129613
v -0.145761 0.118056 0.129117
v -0.147135 0.113917 0.127877
v -0.136560 0.113245 0.134815
v -0.130018 0.101148 -0.049141
v -0.131562 0.095537 -0.046503
v -0.127900 0.097756 -0.052118
v -0.128246 0.073878 -0.049416
v -0.124913 0.073562 -0.054226
v -0.126930 0.081296 -0.052115
v -0.115237 0.074504 -0.068727
v -0.111909 0.072373 -0.073591
v -0.112495 0.078266 -0.073292
v -0.123933 0.079671 -0.056444
v -0.122490 0.076564 -0.058034
v -0.121299 0.080552 -0.060535
v -0.110079 0.096456 -0.079130
v -0.110326 0.102139 -0.078698
v -0.136470 0.091096 -0.038513
v -0.134090 0.091373 -0.042346
v -0.136297 0.093354 -0.039163
v -0.130516 0.077916 -0.046372
v -0.133352 0.081491 -0.042363
v -0.132865 0.075269 -0.042483
v -0.140950 0.069354 -0.030195
v -0.142219 0.064353 -0.028116
v -0.138040 0.062856 -0.034061
v -0.135301 0.086914 -0.039784
v -0.115264 0.087180 -0.070198
v -0.112072 0.084263 -0.074462
v -0.113501 0.088160 -0.072912
v -0.128905 0.049060 -0.046683
v -0.126654 0.054421 -0.050315
v -0.129627 0.053273 -0.045760
v -0.121865 0.050385 -0.057128
v -0.120942 0.056663 -0.058360
v -0.123708 0.055349 -0.054547
v -0.117561 0.082251 -0.066462
v -0.118347 0.087849 -0.065822
v -0.121082 0.086285 -0.061520
v -0.134070 0.059353 -0.039758
v -0.132926 0.052149 -0.040854
v -0.130122 0.058410 -0.045404
v -0.128186 0.065909 -0.049186
v -0.124725 0.066092 -0.054192
v -0.139647 0.084144 -0.033573
v -0.136654 0.082380 -0.037506
v -0.138170 0.088451 -0.035662
v -0.134159 0.071417 -0.040067
v -0.135803 0.076346 -0.038271
v -0.136131 0.071997 -0.037241
v -0.138377 0.072835 -0.034126
v -0.125128 0.048065 -0.052345
v -0.138702 0.078881 -0.034480
v -0.121954 0.060747 -0.057237
v -0.123060 0.059026 -0.055514
v -0.118448 0.072287 -0.063737
v -0.119670 0.066892 -0.061617
v -0.115943 0.067219 -0.067299
v -0.113625 0.062291 -0.070462
v -0.116461 0.060809 -0.066189
v -0.112668 0.056626 -0.071307
v -0.130818 0.089709 -0.047102
v -0.127936 0.092265 -0.051557
v -0.121207 0.072850 -0.059520
v -0.120792 0.076558 -0.060560
v -0.141890 0.086110 -0.030256
v -0.145292 0.089205 -0.025542
v -0.144563 0.082878 -0.025950
v -0.113098 0.109355 -0.075581
v -0.110627 0.107506 -0.078721
v -0.111075 0.111340 -0.078656
v -0.137314 0.098692 -0.038232
v -0.135576 0.099764 -0.040846
v -0.137260 0.102957 -0.038455
v -0.124097 0.051809 -0.053951
v -0.124617 0.088781 -0.056099
v -0.123673 0.083429 -0.057270
v -0.133683 0.098776 -0.043415
v -0.135216 0.096172 -0.041008
v -0.118472 0.102614 -0.066601
v -0.118900 0.097492 -0.065577
v -0.115666 0.098051 -0.070683
v -0.140191 0.087547 -0.032826
v -0.141400 0.091369 -0.031460
v -0.112436 0.105053 -0.076044
v -0.115025 0.104495 -0.072240
v -0.139895 0.099816 -0.034491
v -0.125446 0.042699 -0.052118
v -0.127407 0.045873 -0.049044
v -0.111825 0.089071 -0.075754
v -0.138518 0.068159 -0.033526
v -0.136038 0.068132 -0.036927
v -0.117052 0.107361 -0.068987
v -0.115157 0.109222 -0.072285
v -0.114753 0.079674 -0.070072
v -0.143882 0.077963 -0.026655
v -0.143426 0.073563 -0.027144
v -0.141494 0.075432 -0.029969
v -0.119203 0.106493 -0.065725
v -0.121481 0.104540 -0.062432
v -0.131823 0.063953 -0.043173
v -0.120606 0.092661 -0.062569
v -0.117397 0.094331 -0.067577
v -0.117331 0.090974 -0.067545
v -0.127614 0.059603 -0.049340
v -0.138371 0.094639 -0.036226
v -0.141569 0.096480 -0.031671
v -0.131324 0.071200 -0.044527
v -0.133439 0.067425 -0.040710
v -0.119890 0.074410 -0.061636
v -0.119747 0.061014 -0.060699
v -0.118826 0.057176 -0.061725
v -0.134775 0.064076 -0.038723
v -0.118751 0.076703 -0.063819
v -0.114859 0.091795 -0.071287
v -0.115026 0.055767 -0.067932
v -0.116986 0.055621 -0.064883
v -0.115362 0.052791 -0.067366
v -0.112121 0.066954 -0.072828
v -0.141394 0.080366 -0.030611
v -0.119006 0.052796 -0.061427
v -0.110805 0.059927 -0.074353
v -0.117981 0.058999 -0.063420
v -0.122175 0.064566 -0.057600
v -0.123685 0.062364 -0.055088
v -0.125360 0.060255 -0.052627
v -0.121941 0.099598 -0.061350
v -0.140025 0.077025 -0.032285
v -0.147997 0.084372 -0.021138
v -0.147248 0.078571 -0.021745
v -0.124807 0.095132 -0.056319
v -0.128023 0.087041 -0.050833
v -0.130130 0.083956 -0.047316
v -0.114426 0.082292 -0.070837
v -0.150093 0.080442 -0.017913
v -0.150099 0.076608 -0.017539
v -0.127745 0.102097 -0.052825
v -0.122431 0.044367 -0.056484
v -0.112660 0.094464 -0.075123
v -0.132666 0.086322 -0.043821
v -0.119045 0.045075 -0.061733
v -0.116502 0.049726 -0.065748
v -0.122948 0.037167 -0.055967
v -0.112855 0.100372 -0.075083
v -0.144625 0.068989 -0.025016
v -0.145686 0.074803 -0.023917
v -0.148053 0.073319 -0.020209
v -0.134271 0.102374 -0.043040
v -0.132093 0.100430 -0.045963
v -0.122754 0.068875 -0.057160
v -0.109254 0.090328 -0.080032
v -0.125534 0.100472 -0.056022
v -0.136768 0.056180 -0.035409
v -0.120931 0.041189 -0.058815
v -0.152046 0.078377 -0.014813
v -0.194697 0.111667 0.023153
v -0.194525 0.112459 0.023293
v -0.193915 0.111746 0.022045
v -0.193013 0.112555 0.021016
v -0.194205 0.113602 0.023293
v -0.192448 0.114106 0.021586
v -0.195725 0.112868 0.024900
v -0.194267 0.109616 0.021372
v -0.195705 0.104493 0.022169
v -0.195121 0.101902 0.020722
v -0.196500 0.101665 0.023050
v -0.199039 0.092906 0.026531
v -0.198758 0.095794 0.026256
v -0.196924 0.094313 0.023007
v -0.197728 0.105875 0.026121
v -0.196597 0.106996 0.024395
v -0.197824 0.098745 0.025109
v -0.199104 0.100462 0.027436
v -0.198619 0.102567 0.026738
v -0.200382 0.094219 0.029026
v -0.200093 0.098225 0.028569
v -0.202150 0.107119 0.033080
v -0.202963 0.108087 0.034588
v -0.201765 0.109188 0.032928
v -0.205630 0.104973 0.037915
v -0.207313 0.103942 0.039864
v -0.207088 0.106945 0.039908
v -0.202562 0.095708 0.032524
v -0.205096 0.109061 0.037653
v -0.204701 0.107972 0.036940
v -0.205733 0.108233 0.038303
v -0.199040 0.110201 0.029083
v -0.198414 0.109043 0.027656
v -0.199411 0.108169 0.029295
v -0.202928 0.109655 0.034519
v -0.203138 0.110622 0.035018
v -0.202284 0.110564 0.033843
v -0.204163 0.110187 0.036178
v -0.203849 0.108467 0.035657
v -0.194717 0.099682 0.019395
v -0.208783 0.105304 0.042187
v -0.208674 0.101712 0.041724
v -0.195900 0.097870 0.021322
v -0.200086 0.110569 0.030811
v -0.204052 0.105710 0.035636
v -0.205792 0.101302 0.037770
v -0.204871 0.098173 0.036105
v -0.206190 0.098885 0.038179
v -0.203248 0.100057 0.033604
v -0.204509 0.102138 0.035923
v -0.204842 0.110235 0.037256
v -0.200987 0.107588 0.031406
v -0.207237 0.100428 0.039606
v -0.206518 0.102678 0.038793
v -0.197497 0.110417 0.026804
v -0.196829 0.111945 0.026268
v -0.196494 0.110718 0.025215
v -0.202980 0.105469 0.033743
v -0.201767 0.099470 0.031158
v -0.200661 0.102022 0.029935
v -0.195553 0.111297 0.024265
v -0.194787 0.091580 0.019148
v -0.194922 0.094875 0.019605
v -0.203391 0.103039 0.033936
v -0.202413 0.101680 0.032216
v -0.202350 0.103558 0.032402
v -0.206673 0.095689 0.039120
v -0.209839 0.102192 0.043689
v -0.209602 0.099724 0.043343
v -0.199869 0.105323 0.029314
v -0.197337 0.108272 0.025998
v -0.196341 0.108884 0.024596
v -0.198457 0.111680 0.028609
v -0.194305 0.102643 0.019649
v -0.194519 0.104243 0.020128
v -0.192706 0.110950 0.019317
v -0.201687 0.105234 0.031868
v -0.205507 0.110020 0.038209
v -0.195780 0.107027 0.022781
v -0.195324 0.108414 0.022675
v -0.194457 0.106256 0.020477
v -0.197302 0.113499 0.027494
v -0.198410 0.110459 0.028128
v -0.206629 0.110148 0.039788
v -0.195603 0.109924 0.023779
v -0.208569 0.098099 0.041626
v -0.201313 0.111027 0.032634
v -0.208295 0.118835 0.046184
v -0.207519 0.118945 0.045262
v -0.208165 0.118552 0.045518
v -0.210623 0.119092 0.049656
v -0.209344 0.119231 0.048270
v -0.210236 0.118827 0.048530
v -0.209170 0.117836 0.046239
v -0.208933 0.118558 0.046486
v -0.203326 0.120168 0.044475
v -0.202083 0.120644 0.044584
v -0.202827 0.120164 0.043560
v -0.204202 0.120206 0.046608
v -0.204549 0.120378 0.048008
v -0.203174 0.120485 0.047191
v -0.207122 0.119900 0.048204
v -0.205928 0.120053 0.048224
v -0.205690 0.119897 0.046832
v -0.208582 0.119583 0.048528
v -0.207676 0.119217 0.046440
v -0.211919 0.119038 0.051229
v -0.213176 0.118748 0.052464
v -0.212224 0.119363 0.052020
v -0.209889 0.119301 0.049535
v -0.209842 0.116546 0.046213
v -0.211208 0.116431 0.048111
v -0.210280 0.117310 0.047420
v -0.212887 0.119723 0.054934
v -0.212251 0.119783 0.055046
v -0.211721 0.119816 0.054142
v -0.206206 0.119162 0.044076
v -0.207884 0.120134 0.050154
v -0.207044 0.120318 0.050205
v -0.206891 0.120121 0.049233
v -0.212659 0.117082 0.050550
v -0.213231 0.117563 0.051895
v -0.211712 0.118549 0.050218
v -0.207565 0.116009 0.042905
v -0.206942 0.116726 0.042237
v -0.206823 0.116081 0.041686
v -0.209081 0.118914 0.047246
v -0.210238 0.117972 0.047669
v -0.208265 0.117143 0.044469
v -0.207300 0.117080 0.043138
v -0.210676 0.118348 0.048515
v -0.206638 0.117448 0.042242
v -0.205779 0.119499 0.044714
v -0.204084 0.119882 0.043695
v -0.204667 0.119492 0.042981
v -0.211640 0.119599 0.052152
v -0.210693 0.119799 0.052560
v -0.209962 0.119696 0.050575
v -0.203306 0.120408 0.045726
v -0.209693 0.118424 0.047413
v -0.211106 0.119336 0.050871
v -0.211340 0.119113 0.050452
v -0.207250 0.117854 0.043506
v -0.206124 0.118136 0.042304
v -0.208020 0.120176 0.050908
v -0.207134 0.120347 0.051089
v -0.206438 0.119579 0.046086
v -0.205381 0.119743 0.045342
v -0.204310 0.119926 0.045324
v -0.208367 0.120274 0.053060
v -0.209209 0.120072 0.052572
v -0.209203 0.120108 0.053967
v -0.207028 0.118607 0.044028
v -0.212302 0.119632 0.053702
v -0.213101 0.119318 0.053475
v -0.210474 0.119841 0.053838
v -0.210407 0.120003 0.055353
v -0.211322 0.119845 0.054753
v -0.209021 0.120024 0.051086
v -0.205452 0.120227 0.048905
v -0.202243 0.120718 0.046278
v -0.207964 0.118049 0.044791
v -0.211331 0.117504 0.048729
v -0.206270 0.116682 0.041258
v -0.205796 0.118883 0.042685
v -0.208146 0.120181 0.053882
v -0.208525 0.120099 0.055233
v -0.213627 0.119600 0.054877
v -0.206001 0.120331 0.049697
v -0.208326 0.119945 0.049529
v -0.206075 0.117522 0.041518
v -0.207872 0.120292 0.051409
v -0.204772 0.119209 0.042053
v -0.207820 0.120267 0.052044
v -0.206134 0.120332 0.050455
v -0.207163 0.119612 0.047229
v -0.208436 0.120109 0.051590
v -0.208886 0.115926 0.044612
v -0.169513 0.122000 0.100643
v -0.167922 0.122057 0.101907
v -0.168440 0.121769 0.101027
v -0.164663 0.121127 0.103671
v -0.165299 0.121642 0.103484
v -0.163758 0.121574 0.104562
v -0.168238 0.122469 0.102646
v -0.165051 0.120153 0.103098
v -0.163641 0.120556 0.104322
v -0.167480 0.121511 0.101605
v -0.166494 0.121940 0.102692
v -0.168110 0.123442 0.105924
v -0.166555 0.123622 0.107806
v -0.165163 0.123305 0.107300
v -0.165504 0.122492 0.104613
v -0.166744 0.122185 0.103153
v -0.173766 0.115753 0.096840
v -0.170333 0.111620 0.099242
v -0.174420 0.111473 0.096563
v -0.163249 0.122442 0.106026
v -0.163809 0.122174 0.105102
v -0.170221 0.122821 0.102171
v -0.170311 0.122329 0.101070
v -0.172001 0.122495 0.100370
v -0.172398 0.119252 0.098012
v -0.169404 0.118744 0.099851
v -0.166015 0.121225 0.102621
v -0.168134 0.115478 0.100579
v -0.168886 0.121051 0.100504
v -0.170648 0.120588 0.099321
v -0.165310 0.122071 0.104008
v -0.174254 0.122607 0.099127
v -0.173035 0.122120 0.098685
v -0.174982 0.122161 0.097642
v -0.181683 0.123861 0.099478
v -0.177729 0.123785 0.100889
v -0.180229 0.123593 0.098262
v -0.165981 0.118368 0.102186
v -0.162696 0.118918 0.104749
v -0.163888 0.115610 0.103596
v -0.173696 0.120172 0.097305
v -0.174955 0.118760 0.096166
v -0.166852 0.106385 0.101495
v -0.171666 0.107445 0.098184
v -0.167048 0.120269 0.101634
v -0.172885 0.122969 0.101031
v -0.183841 0.122365 0.104137
v -0.183114 0.123048 0.103779
v -0.184522 0.122778 0.103262
v -0.172441 0.120863 0.098248
v -0.174062 0.121330 0.097430
v -0.171349 0.122105 0.099955
v -0.170762 0.123292 0.103461
v -0.172800 0.121593 0.098253
v -0.171403 0.121655 0.099127
v -0.163564 0.122816 0.106739
v -0.167318 0.122981 0.104710
v -0.168881 0.104822 0.099952
v -0.175307 0.120378 0.096288
v -0.175907 0.121440 0.096350
v -0.174254 0.123842 0.104001
v -0.173166 0.123875 0.106050
v -0.170653 0.123892 0.106993
v -0.170099 0.121439 0.099821
v -0.168698 0.123713 0.106930
v -0.171211 0.123670 0.104820
v -0.174345 0.123497 0.101885
v -0.184233 0.123023 0.102824
v -0.177628 0.123924 0.102664
v -0.180429 0.123118 0.104830
v -0.181677 0.123245 0.103856
v -0.181642 0.122904 0.104755
v -0.180120 0.123819 0.102550
v -0.175627 0.123097 0.099566
v -0.177719 0.123412 0.099199
v -0.165635 0.111779 0.102244
v -0.179146 0.123198 0.105454
v -0.180267 0.123487 0.103992
v -0.182834 0.123793 0.100667
v -0.167173 0.101672 0.101070
v -0.182339 0.123570 0.102261
v -0.176757 0.122180 0.096570
v -0.176211 0.122680 0.097890
v -0.177446 0.123037 0.098073
v -0.181787 0.123764 0.101724
v -0.184595 0.123314 0.101655
v -0.183115 0.123146 0.102886
v -0.175061 0.123925 0.104780
v -0.174389 0.123816 0.106255
v -0.175856 0.123684 0.106161
v -0.176792 0.123887 0.104597
v -0.177953 0.123609 0.105303
v -0.184953 0.123115 0.102188
v -0.185556 0.122955 0.102322
v -0.186186 0.122560 0.102784
v -0.187174 0.121833 0.102933
v -0.213106 0.113039 0.050273
v -0.212677 0.114036 0.049612
v -0.212336 0.113817 0.048784
v -0.212493 0.111766 0.048849
v -0.211776 0.110550 0.047783
v -0.212845 0.110276 0.049711
v -0.213466 0.111579 0.050729
v -0.212677 0.112698 0.049357
v -0.212232 0.106291 0.048461
v -0.211661 0.103431 0.047223
v -0.213237 0.103300 0.050902
v -0.213929 0.109973 0.051931
v -0.208948 0.112086 0.043448
v -0.210519 0.111448 0.045627
v -0.209973 0.113339 0.045154
v -0.213492 0.100209 0.051648
v -0.213542 0.098339 0.052223
v -0.213786 0.098933 0.052974
v -0.213525 0.095850 0.052186
v -0.213743 0.092035 0.053441
v -0.214007 0.094092 0.054117
v -0.211690 0.100509 0.047480
v -0.210777 0.102026 0.045589
v -0.206629 0.110148 0.039788
v -0.207088 0.106945 0.039908
v -0.208193 0.108674 0.041610
v -0.214180 0.108152 0.052881
v -0.213703 0.106199 0.052081
v -0.214213 0.107204 0.053041
v -0.210791 0.106226 0.045407
v -0.210181 0.104244 0.044533
v -0.211639 0.111984 0.047401
v -0.211800 0.113058 0.047905
v -0.209839 0.102192 0.043689
v -0.208783 0.105304 0.042187
v -0.206414 0.113264 0.040270
v -0.205930 0.114330 0.039735
v -0.206049 0.112348 0.039380
v -0.211017 0.112758 0.046601
v -0.210695 0.099554 0.045430
v -0.209476 0.110010 0.043732
v -0.211370 0.107176 0.046621
v -0.210697 0.108484 0.045600
v -0.209496 0.107522 0.043655
v -0.213088 0.108407 0.050293
v -0.206748 0.114241 0.041011
v -0.210937 0.109931 0.046410
v -0.210347 0.110002 0.045298
v -0.214010 0.104316 0.052870
v -0.209692 0.105911 0.043708
v -0.208023 0.110794 0.041916
v -0.207397 0.112744 0.041314
v -0.208687 0.113935 0.043548
v -0.209035 0.115012 0.044371
v -0.208340 0.115205 0.043495
v -0.211756 0.107786 0.047195
v -0.212619 0.100888 0.049679
v -0.213089 0.098913 0.050954
v -0.211732 0.109002 0.047356
v -0.211766 0.097706 0.047707
v -0.212455 0.098456 0.049663
v -0.212352 0.108122 0.048345
v -0.212478 0.109273 0.048717
v -0.209488 0.114448 0.044965
v -0.209950 0.115189 0.045816
v -0.212538 0.095248 0.049848
v -0.207578 0.114530 0.042244
v -0.210840 0.113633 0.046634
v -0.211021 0.114334 0.047136
v -0.211347 0.115201 0.047718
v -0.212460 0.116159 0.049676
v -0.213155 0.114895 0.050542
v -0.213393 0.115547 0.051137
v -0.213822 0.112498 0.051568
v -0.213765 0.097393 0.053223
v -0.212151 0.114614 0.048843
v -0.213996 0.096140 0.053927
v -0.210336 0.114227 0.045984
v -0.214361 0.106534 0.053737
v -0.214461 0.104999 0.054449
v -0.214253 0.102694 0.054020
v -0.214294 0.097861 0.054460
v -0.213909 0.100517 0.053366
v -0.213181 0.092863 0.051580
v -0.212394 0.115017 0.049297
v -0.214119 0.113728 0.052174
v -0.213274 0.113757 0.050806
v -0.214597 0.111981 0.052991
v -0.214193 0.111223 0.052328
v -0.209602 0.099724 0.043343
v -0.214471 0.095050 0.055475
v -0.214646 0.099808 0.055668
v -0.214683 0.097264 0.056033
v -0.212659 0.117082 0.050550
v -0.208886 0.115926 0.044612
v -0.206823 0.116081 0.041686
v -0.206977 0.115276 0.041769
v -0.207565 0.116009 0.042905
v -0.206289 0.115348 0.040864
v -0.213641 0.116110 0.052055
v -0.211208 0.116431 0.048111
v -0.209842 0.116546 0.046213
v -0.211331 0.117504 0.048729
v -0.213231 0.117563 0.051895
v -0.114472 0.118657 -0.075856
v -0.115282 0.116848 -0.073909
v -0.112942 0.116474 -0.077314
v -0.115002 0.121210 -0.076776
v -0.114121 0.120405 -0.077411
v -0.114971 0.121945 -0.077698
v -0.111709 0.119503 -0.080512
v -0.112800 0.118555 -0.078279
v -0.110819 0.117148 -0.080649
v -0.115747 0.121196 -0.075776
v -0.110825 0.120794 -0.082797
v -0.112648 0.122610 -0.082190
v -0.113267 0.122148 -0.080539
v -0.113063 0.121403 -0.079990
v -0.116538 0.122510 -0.075989
v -0.114070 0.122491 -0.079871
v -0.114241 0.114976 -0.074968
v -0.110835 0.122080 -0.084106
v -0.114585 0.112290 -0.073740
v -0.116908 0.111184 -0.069612
v -0.115157 0.109222 -0.072285
v -0.116615 0.121057 -0.085173
v -0.117412 0.120801 -0.083982
v -0.116605 0.121237 -0.083989
v -0.116885 0.123237 -0.078694
v -0.117170 0.123486 -0.077616
v -0.116144 0.123302 -0.077604
v -0.115580 0.123472 -0.080275
v -0.114937 0.123370 -0.079836
v -0.114753 0.123636 -0.081182
v -0.116553 0.120131 -0.087563
v -0.115901 0.120515 -0.087298
v -0.115945 0.120287 -0.088029
v -0.113141 0.123515 -0.085414
v -0.113423 0.123735 -0.084716
v -0.113065 0.124103 -0.084955
v -0.114603 0.122213 -0.085175
v -0.114675 0.121783 -0.086505
v -0.115468 0.121529 -0.085370
v -0.114904 0.123296 -0.082137
v -0.115876 0.122890 -0.081309
v -0.115113 0.121158 -0.087634
v -0.115820 0.121145 -0.086444
v -0.116857 0.122057 -0.081018
v -0.116252 0.123073 -0.079843
v -0.113540 0.124113 -0.083555
v -0.112506 0.124092 -0.084278
v -0.113290 0.124094 -0.084320
v -0.116964 0.119743 -0.087846
v -0.116198 0.119968 -0.088693
v -0.117507 0.119145 -0.088044
v -0.116052 0.123670 -0.078798
v -0.113820 0.123780 -0.084084
v -0.117613 0.119808 -0.086417
v -0.113753 0.123464 -0.081860
v -0.113296 0.123645 -0.082786
v -0.114138 0.123851 -0.082494
v -0.115724 0.123643 -0.079488
v -0.115513 0.120629 -0.088006
v -0.117111 0.123512 -0.076372
v -0.118275 0.123610 -0.075489
v -0.117717 0.123070 -0.074858
v -0.114954 0.122549 -0.083871
v -0.115307 0.122699 -0.083189
v -0.115017 0.123120 -0.083013
v -0.113999 0.123126 -0.084752
v -0.114046 0.123120 -0.080885
v -0.115263 0.123050 -0.078701
v -0.114474 0.123399 -0.082805
v -0.114145 0.123707 -0.083335
v -0.114446 0.123423 -0.083222
v -0.115441 0.123475 -0.079062
v -0.112758 0.113339 -0.076791
v -0.115584 0.122631 -0.082697
v -0.115565 0.122276 -0.083161
v -0.117659 0.120317 -0.085045
v -0.116696 0.120429 -0.086342
v -0.117078 0.122445 -0.079853
v -0.117688 0.121855 -0.080265
v -0.117041 0.121447 -0.082692
v -0.116367 0.122165 -0.081928
v -0.116122 0.122112 -0.082654
v -0.113098 0.109355 -0.075581
v -0.115991 0.121473 -0.084559
v -0.111075 0.111340 -0.078656
v -0.115872 0.121783 -0.083616
v -0.117897 0.121256 -0.081400
v -0.116129 0.114515 -0.071765
v -0.115406 0.121895 -0.084509
v -0.115954 0.122545 -0.082105
v -0.117665 0.122454 -0.079205
v -0.113722 0.122771 -0.086101
v -0.117785 0.122839 -0.078007
v -0.117976 0.123094 -0.076747
v -0.115463 0.122915 -0.082190
v -0.114405 0.123298 -0.083710
v -0.112564 0.124260 -0.085821
v -0.111157 0.123355 -0.085145
v -0.110589 0.114224 -0.079990
v -0.117052 0.107361 -0.068987
v -0.118763 0.109109 -0.066567
v -0.119203 0.106493 -0.065725
v -0.115465 0.119929 -0.075109
v -0.116247 0.118803 -0.073364
v -0.197007 0.085650 0.023425
v -0.199366 0.082172 0.027383
v -0.199390 0.085167 0.027335
v -0.202161 0.091733 0.031585
v -0.200748 0.090386 0.029296
v -0.202942 0.087425 0.033041
v -0.210616 0.095224 0.045685
v -0.209849 0.093325 0.044662
v -0.210855 0.093284 0.046349
v -0.204200 0.068239 0.037317
v -0.202449 0.070549 0.034252
v -0.203701 0.064765 0.037426
v -0.209602 0.099724 0.043343
v -0.208569 0.098099 0.041626
v -0.209953 0.096756 0.044160
v -0.198222 0.078081 0.025442
v -0.195674 0.079474 0.021504
v -0.197421 0.074916 0.025098
v -0.194787 0.091580 0.019148
v -0.196209 0.089739 0.021771
v -0.196924 0.094313 0.023007
v -0.200848 0.062663 0.033251
v -0.203128 0.060846 0.037648
v -0.212476 0.092322 0.050232
v -0.212156 0.092999 0.048843
v -0.212183 0.091227 0.049149
v -0.206556 0.071796 0.039976
v -0.204977 0.069912 0.038265
v -0.206579 0.068191 0.041227
v -0.210877 0.096917 0.046242
v -0.211766 0.097706 0.047707
v -0.210695 0.099554 0.045430
v -0.204169 0.077252 0.036062
v -0.202878 0.078256 0.033980
v -0.202805 0.075501 0.033741
v -0.204929 0.094060 0.036086
v -0.202562 0.095708 0.032524
v -0.203821 0.091036 0.034543
v -0.205141 0.067154 0.039161
v -0.196588 0.072720 0.024311
v -0.195131 0.074491 0.021957
v -0.201037 0.086250 0.029889
v -0.202992 0.081658 0.033980
v -0.210322 0.081227 0.046399
v -0.211258 0.084145 0.048165
v -0.209817 0.085528 0.045259
v -0.208840 0.079387 0.043937
v -0.210256 0.077342 0.046849
v -0.198657 0.089373 0.025819
v -0.212569 0.089498 0.050383
v -0.213025 0.090601 0.051518
v -0.211453 0.088399 0.048203
v -0.208209 0.076013 0.042917
v -0.207191 0.078401 0.040952
v -0.207784 0.073872 0.041744
v -0.195568 0.071541 0.022880
v -0.210442 0.090604 0.045991
v -0.211609 0.094853 0.047789
v -0.211579 0.092001 0.047640
v -0.199760 0.075962 0.028282
v -0.212470 0.085843 0.050489
v -0.200382 0.094219 0.029026
v -0.204597 0.073355 0.037054
v -0.213276 0.087701 0.052344
v -0.208484 0.083950 0.043082
v -0.207612 0.081882 0.041683
v -0.201373 0.079315 0.031283
v -0.201051 0.076800 0.030529
v -0.208446 0.093791 0.042195
v -0.207251 0.092325 0.040460
v -0.207871 0.089802 0.041492
v -0.212271 0.093982 0.049219
v -0.201472 0.066676 0.033488
v -0.199922 0.066297 0.030922
v -0.198656 0.056843 0.031496
v -0.197098 0.063217 0.027264
v -0.195410 0.058945 0.025825
v -0.208593 0.086958 0.042931
v -0.207411 0.085833 0.040823
v -0.197620 0.081142 0.024188
v -0.212538 0.095248 0.049848
v -0.209312 0.089950 0.043803
v -0.197979 0.069398 0.027005
v -0.199887 0.072401 0.029596
v -0.200853 0.082831 0.030176
v -0.205340 0.079617 0.037799
v -0.206415 0.082578 0.039464
v -0.204683 0.084192 0.036499
v -0.204651 0.087624 0.036351
v -0.200413 0.069101 0.031047
v -0.205733 0.085976 0.038328
v -0.205975 0.090287 0.038423
v -0.199064 0.065323 0.029680
v -0.194620 0.068267 0.021958
v -0.193532 0.062879 0.021670
v -0.201199 0.074346 0.031387
v -0.199774 0.078848 0.027922
v -0.206673 0.095689 0.039120
v -0.213181 0.092863 0.051580
v -0.206171 0.075513 0.039022
v -0.207964 0.070096 0.042990
v -0.209116 0.072892 0.045284
v -0.204871 0.098173 0.036105
v -0.194555 0.083459 0.019282
v -0.213374 0.090275 0.052673
v -0.213743 0.092035 0.053441
v -0.194951 0.077159 0.021123
v -0.199039 0.092906 0.026531
v -0.111550 0.121254 -0.096644
v -0.111524 0.120580 -0.098043
v -0.113188 0.119847 -0.095854
v -0.111814 0.119708 -0.098737
v -0.112824 0.118558 -0.097921
v -0.111657 0.118221 -0.100227
v -0.113806 0.122235 -0.087139
v -0.114210 0.121801 -0.087814
v -0.114675 0.121783 -0.086505
v -0.111943 0.121390 -0.094692
v -0.111054 0.122020 -0.092860
v -0.116665 0.118536 -0.090487
v -0.117517 0.116986 -0.090734
v -0.118110 0.117852 -0.088753
v -0.113416 0.122204 -0.087901
v -0.112967 0.122765 -0.087370
v -0.112564 0.124260 -0.085821
v -0.112644 0.123311 -0.086410
v -0.113141 0.123515 -0.085414
v -0.111897 0.121656 -0.093710
v -0.114787 0.116847 -0.095601
v -0.114009 0.117751 -0.096272
v -0.114245 0.116998 -0.096554
v -0.113553 0.121902 -0.088849
v -0.112793 0.122470 -0.088670
v -0.112758 0.121926 -0.090116
v -0.115889 0.118215 -0.092441
v -0.115063 0.119406 -0.092306
v -0.114584 0.119151 -0.093880
v -0.111848 0.121729 -0.092818
v -0.111617 0.122925 -0.089676
v -0.113610 0.117359 -0.097186
v -0.112346 0.121419 -0.092615
v -0.112811 0.121209 -0.093244
v -0.111716 0.122161 -0.091112
v -0.114776 0.120155 -0.091511
v -0.113778 0.120389 -0.093362
v -0.115085 0.120542 -0.089836
v -0.113803 0.121035 -0.091517
v -0.111839 0.121374 -0.095612
v -0.112490 0.120953 -0.095028
v -0.111814 0.123758 -0.087951
v -0.115113 0.121158 -0.087634
v -0.112916 0.121371 -0.092010
v -0.117507 0.119145 -0.088044
v -0.115859 0.119570 -0.090294
v -0.116198 0.119968 -0.088693
v -0.112239 0.121695 -0.091714
v -0.113129 0.121529 -0.091183
v -0.112214 0.123102 -0.088206
v -0.113188 0.119847 -0.095854
v -0.114078 0.119680 -0.093875
v -0.115617 0.120488 -0.088688
v -0.115191 0.120992 -0.088757
v -0.115513 0.120629 -0.088006
v -0.115945 0.120287 -0.088029
v -0.113531 0.121459 -0.090528
v -0.114701 0.121024 -0.089416
v -0.114224 0.121208 -0.090023
v -0.113727 0.121675 -0.089741
v -0.114540 0.117831 -0.095476
v -0.113736 0.118407 -0.096318
v -0.115003 0.118141 -0.094418
v -0.112824 0.118558 -0.097921
v -0.113722 0.122771 -0.086101
v -0.114477 0.121509 -0.088864
v -0.112099 0.123937 -0.086905
v -0.111824 0.124484 -0.086704
v -0.111485 0.124551 -0.085930
v -0.114560 0.115465 -0.096898
v -0.112385 0.123442 -0.087333
v -0.111157 0.123355 -0.085145
v -0.112506 0.124092 -0.084278
v -0.118832 0.109463 -0.092241
v -0.117619 0.113012 -0.093109
v -0.117290 0.111206 -0.094284
v -0.111550 0.121254 -0.096644
v -0.116407 0.115964 -0.093486
v -0.115926 0.115317 -0.094752
v -0.115288 0.112603 -0.097181
v -0.116270 0.113170 -0.095278
v -0.115501 0.116453 -0.094511
v -0.116633 0.116874 -0.092538
v -0.117107 0.115797 -0.092467
v -0.115421 0.109422 -0.097972
v -0.116623 0.110177 -0.095725
v -0.114471 0.114006 -0.097983
v -0.115160 0.117267 -0.094657
v -0.116383 0.111949 -0.095706
v -0.117597 0.115518 -0.091480
v -0.117717 0.114442 -0.092094
v -0.181470 0.113420 0.026308
v -0.184895 0.112302 0.031230
v -0.181944 0.110617 0.027128
v -0.186255 0.121365 0.028075
v -0.184910 0.121035 0.027291
v -0.185274 0.121453 0.026854
v -0.185796 0.116320 0.032051
v -0.186235 0.118717 0.031725
v -0.187115 0.117779 0.033644
v -0.186076 0.119423 0.021320
v -0.185195 0.120237 0.022308
v -0.184776 0.119987 0.020851
v -0.184235 0.121112 0.023915
v -0.184125 0.120652 0.022228
v -0.184887 0.120656 0.023397
v -0.183161 0.120785 0.021397
v -0.183151 0.121348 0.022455
v -0.182413 0.121169 0.021109
v -0.183318 0.121291 0.024646
v -0.184347 0.121510 0.025017
v -0.184374 0.121344 0.026009
v -0.191733 0.121099 0.031573
v -0.191269 0.121438 0.032213
v -0.190834 0.121146 0.031009
v -0.184767 0.119024 0.029319
v -0.184637 0.117843 0.029756
v -0.185208 0.121368 0.025978
v -0.181839 0.121576 0.021395
v -0.181398 0.121403 0.021324
v -0.181465 0.121630 0.020877
v -0.183561 0.118543 0.027810
v -0.184442 0.119994 0.027963
v -0.183525 0.120554 0.025809
v -0.188042 0.113958 0.035838
v -0.180801 0.116831 0.024535
v -0.182194 0.116098 0.026860
v -0.179804 0.115236 0.023517
v -0.180784 0.121553 0.020057
v -0.182721 0.096416 0.029485
v -0.181834 0.099365 0.027984
v -0.183625 0.099950 0.030482
v -0.173177 0.109290 0.014188
v -0.175300 0.107152 0.017470
v -0.171968 0.105647 0.012682
v -0.186908 0.120328 0.025195
v -0.187252 0.120479 0.026290
v -0.186865 0.120889 0.027032
v -0.177863 0.119386 0.018463
v -0.179678 0.119026 0.021369
v -0.176763 0.117764 0.018000
v -0.187700 0.119751 0.033123
v -0.188533 0.118665 0.035273
v -0.184915 0.121336 0.024990
v -0.188274 0.116895 0.035591
v -0.185816 0.121127 0.026200
v -0.185928 0.120748 0.025415
v -0.182458 0.120764 0.020084
v -0.182026 0.121240 0.020273
v -0.181498 0.121207 0.019183
v -0.172599 0.113284 0.013007
v -0.175486 0.115187 0.016976
v -0.175724 0.112020 0.017680
v -0.180818 0.107995 0.025622
v -0.183488 0.108365 0.029325
v -0.185188 0.120891 0.024549
v -0.185404 0.121130 0.025447
v -0.185909 0.120342 0.023620
v -0.187897 0.121191 0.029093
v -0.187189 0.121377 0.029282
v -0.183493 0.121481 0.023623
v -0.183744 0.121538 0.024282
v -0.187113 0.111586 0.034530
v -0.182319 0.102316 0.028330
v -0.184780 0.104376 0.031330
v -0.177956 0.113773 0.020824
v -0.177827 0.116007 0.020151
v -0.190143 0.121333 0.033210
v -0.188704 0.121192 0.031760
v -0.189419 0.121491 0.031591
v -0.183385 0.117349 0.028100
v -0.183603 0.120232 0.020317
v -0.182192 0.119181 0.025244
v -0.186524 0.108574 0.033564
v -0.188499 0.104925 0.036623
v -0.185930 0.121392 0.026867
v -0.181802 0.120303 0.023402
v -0.180039 0.101111 0.025094
v -0.181681 0.104924 0.027100
v -0.186807 0.121185 0.029514
v -0.185655 0.120853 0.028511
v -0.178799 0.117625 0.020990
v -0.182170 0.121227 0.022794
v -0.179966 0.120677 0.020063
v -0.176808 0.114380 0.018951
v -0.189411 0.121244 0.030423
v -0.190309 0.121492 0.031651
v -0.178734 0.110244 0.022426
v -0.178138 0.104456 0.021913
v -0.180456 0.117890 0.023474
v -0.188206 0.121383 0.030440
v -0.187572 0.121009 0.030754
v -0.186378 0.120525 0.030013
v -0.171073 0.109350 0.011197
v -0.186680 0.119927 0.031197
v -0.182325 0.121613 0.022277
v -0.182254 0.121416 0.021624
v -0.185592 0.119724 0.029936
v -0.184944 0.096809 0.032606
v -0.182120 0.117685 0.026139
v -0.183808 0.114994 0.029369
v -0.184107 0.116598 0.029395
v -0.174706 0.118096 0.014740
v -0.176131 0.119138 0.016162
v -0.178265 0.121307 0.017025
v -0.179596 0.121649 0.018468
v -0.174069 0.116429 0.014542
v -0.179472 0.116897 0.022418
v -0.179419 0.113312 0.023227
v -0.183123 0.121565 0.023837
v -0.182884 0.121569 0.023119
v -0.181683 0.121532 0.020546
v -0.188997 0.121447 0.030842
v -0.188832 0.110416 0.037027
v -0.186357 0.100192 0.034147
v -0.188552 0.099522 0.037407
v -0.187839 0.120005 0.025790
v -0.187883 0.120411 0.027012
v -0.188879 0.119895 0.026849
v -0.177402 0.120250 0.016966
v -0.188104 0.120627 0.032182
v -0.189487 0.120655 0.029420
v -0.188482 0.120606 0.028286
v -0.189940 0.120159 0.028390
v -0.181123 0.121554 0.019661
v -0.190720 0.120520 0.029646
v -0.192151 0.120483 0.030558
v -0.188840 0.120941 0.029477
v -0.190307 0.119353 0.026986
v -0.187268 0.119541 0.023317
v -0.187495 0.119792 0.024685
v -0.191029 0.119725 0.028379
v -0.180595 0.121691 0.018791
v -0.191942 0.119959 0.029235
v -0.189234 0.121062 0.032835
v -0.187424 0.095547 0.036231
v -0.156746 0.123300 0.112048
v -0.156904 0.122942 0.110870
v -0.159381 0.123344 0.110868
v -0.152953 0.123084 0.114152
v -0.152669 0.123371 0.115311
v -0.151951 0.123051 0.114659
v -0.161776 0.099694 0.104737
v -0.162919 0.103602 0.104098
v -0.159432 0.102435 0.106165
v -0.145090 0.115532 0.116342
v -0.148193 0.111779 0.114132
v -0.147872 0.117286 0.114364
v -0.159275 0.096814 0.106251
v -0.156871 0.098759 0.107914
v -0.155627 0.093740 0.108748
v -0.147497 0.120035 0.114960
v -0.146890 0.118977 0.115246
v -0.163809 0.122174 0.105102
v -0.162052 0.121943 0.106103
v -0.163758 0.121574 0.104562
v -0.151283 0.116445 0.111935
v -0.152726 0.111164 0.111035
v -0.154847 0.115333 0.109603
v -0.155944 0.122835 0.121135
v -0.157557 0.122497 0.120386
v -0.156505 0.122175 0.121376
v -0.155557 0.121722 0.110289
v -0.156194 0.122496 0.110454
v -0.154957 0.122567 0.111465
v -0.165813 0.097504 0.101714
v -0.167173 0.101672 0.101070
v -0.164540 0.100943 0.103009
v -0.160188 0.122750 0.118389
v -0.160933 0.121996 0.118374
v -0.159295 0.122292 0.119392
v -0.151492 0.121276 0.112736
v -0.149378 0.120968 0.113928
v -0.151430 0.119675 0.112083
v -0.146571 0.122333 0.116693
v -0.146001 0.121310 0.116435
v -0.147566 0.121627 0.115526
v -0.155370 0.123603 0.119962
v -0.153627 0.123780 0.120190
v -0.154818 0.123812 0.119004
v -0.150184 0.123120 0.115774
v -0.149291 0.122602 0.115349
v -0.151042 0.122676 0.114423
v -0.166852 0.106385 0.101495
v -0.156103 0.123553 0.113754
v -0.159426 0.123760 0.113406
v -0.156512 0.123818 0.115745
v -0.157116 0.111989 0.107968
v -0.148727 0.122006 0.115004
v -0.154578 0.123105 0.112934
v -0.153378 0.122574 0.112605
v -0.145824 0.118196 0.115967
v -0.162548 0.096304 0.104054
v -0.147830 0.122379 0.115965
v -0.144078 0.106232 0.116809
v -0.141725 0.099379 0.118180
v -0.146491 0.100806 0.115274
v -0.150011 0.123435 0.116905
v -0.150954 0.123778 0.117907
v -0.147803 0.123413 0.117993
v -0.156806 0.123118 0.120265
v -0.155372 0.123287 0.120751
v -0.152742 0.122807 0.113611
v -0.153553 0.099396 0.110429
v -0.150714 0.093048 0.112244
v -0.156608 0.102130 0.108081
v -0.143534 0.111977 0.117256
v -0.157645 0.104919 0.107348
v -0.155355 0.106598 0.109072
v -0.158795 0.123819 0.115913
v -0.150299 0.105305 0.112814
v -0.149667 0.098697 0.113203
v -0.150284 0.122029 0.114054
v -0.152009 0.122238 0.113223
v -0.153305 0.121923 0.111906
v -0.153690 0.120713 0.111077
v -0.156832 0.123627 0.118867
v -0.158576 0.123696 0.117626
v -0.158406 0.123472 0.118615
v -0.149408 0.118988 0.113402
v -0.155852 0.087913 0.108409
v -0.160453 0.091543 0.105317
v -0.161934 0.120793 0.105615
v -0.161753 0.123148 0.116901
v -0.160867 0.123149 0.117640
v -0.160837 0.123637 0.116550
v -0.163249 0.122442 0.106026
v -0.162446 0.123822 0.112116
v -0.161977 0.123842 0.114325
v -0.147960 0.122930 0.116736
v -0.148912 0.123247 0.116974
v -0.145704 0.119817 0.116265
v -0.154619 0.118430 0.109967
v -0.156295 0.120332 0.109299
v -0.154110 0.123827 0.117670
v -0.152014 0.123942 0.119600
v -0.156586 0.123846 0.117440
v -0.151972 0.123842 0.121420
v -0.153972 0.123545 0.121052
v -0.156617 0.123452 0.119793
v -0.146147 0.095009 0.115271
v -0.159084 0.116750 0.106992
v -0.157314 0.118990 0.108375
v -0.158059 0.121410 0.108471
v -0.161238 0.105702 0.105005
v -0.150755 0.085975 0.111712
v -0.153003 0.090045 0.110419
v -0.159392 0.107480 0.106142
v -0.150595 0.109851 0.112551
v -0.145501 0.089452 0.115443
v -0.159305 0.119818 0.107231
v -0.141791 0.093157 0.118055
v -0.163165 0.108222 0.103808
v -0.159598 0.123426 0.118070
v -0.161118 0.123657 0.111509
v -0.154386 0.123180 0.121772
v -0.152941 0.123484 0.122054
v -0.157731 0.123323 0.119424
v -0.162696 0.118918 0.104749
v -0.163641 0.120556 0.104322
v -0.160135 0.121412 0.107091
v -0.165635 0.111779 0.102244
v -0.158182 0.122890 0.119724
v -0.159193 0.122110 0.108044
v -0.157745 0.122486 0.109323
v -0.161478 0.112242 0.105056
v -0.154792 0.122697 0.122301
v -0.158465 0.122870 0.109820
v -0.160557 0.122188 0.107367
v -0.165163 0.123305 0.107300
v -0.163401 0.123603 0.109817
v -0.162086 0.123100 0.108531
v -0.159969 0.122719 0.108598
v -0.161881 0.122814 0.117380
v -0.161304 0.122637 0.117930
v -0.163888 0.115610 0.103596
v -0.161734 0.122773 0.107823
v -0.163564 0.122816 0.106739
v -0.161709 0.122445 0.107134
v -0.162351 0.123670 0.115512
v -0.149488 0.123953 0.119826
v -0.162403 0.123442 0.116265
v -0.149062 0.124013 0.121591
v -0.158921 0.123023 0.118948
v -0.160093 0.120938 0.119246
v -0.159574 0.119829 0.119726
v -0.158663 0.120681 0.120248
v -0.153954 0.123692 0.116138
v -0.158174 0.121670 0.120303
v -0.139515 0.086924 0.119402
v -0.140899 0.079602 0.117854
v -0.135210 0.082418 0.121807
v -0.156054 0.123333 0.120222
v -0.145167 0.084005 0.115385
v -0.201051 0.120954 0.043609
v -0.200021 0.121149 0.043064
v -0.200917 0.120860 0.042570
v -0.200279 0.120983 0.043821
v -0.199480 0.121165 0.044001
v -0.200582 0.120969 0.044550
v -0.200014 0.121212 0.042326
v -0.199599 0.121089 0.040616
v -0.198731 0.121328 0.040454
v -0.199241 0.121054 0.040061
v -0.204706 0.120334 0.048885
v -0.205452 0.120227 0.048905
v -0.204957 0.120416 0.049548
v -0.205547 0.120424 0.049985
v -0.206001 0.120331 0.049697
v -0.198954 0.121455 0.041074
v -0.198262 0.121403 0.039614
v -0.197615 0.121611 0.040525
v -0.191419 0.119741 0.038229
v -0.192621 0.120276 0.039011
v -0.192711 0.119546 0.040290
v -0.198292 0.120529 0.046186
v -0.199713 0.120231 0.048570
v -0.198563 0.119857 0.048157
v -0.190906 0.113683 0.039897
v -0.190915 0.109259 0.040179
v -0.188832 0.110416 0.037027
v -0.196502 0.117680 0.047385
v -0.198274 0.116012 0.050842
v -0.195731 0.115885 0.046956
v -0.194560 0.120377 0.041620
v -0.188990 0.119702 0.035012
v -0.190303 0.119385 0.037183
v -0.188533 0.118665 0.035273
v -0.188042 0.113958 0.035838
v -0.201899 0.120661 0.047910
v -0.202685 0.120551 0.049970
v -0.201131 0.120454 0.049289
v -0.197391 0.119923 0.046405
v -0.197420 0.119295 0.047323
v -0.191545 0.116379 0.040535
v -0.191591 0.117542 0.040208
v -0.192736 0.117334 0.042014
v -0.190616 0.120283 0.036411
v -0.193101 0.118988 0.041427
v -0.193748 0.118348 0.042901
v -0.191582 0.118514 0.039623
v -0.193452 0.115281 0.043560
v -0.204226 0.120487 0.050333
v -0.205261 0.120387 0.050336
v -0.191358 0.119274 0.038684
v -0.189815 0.115943 0.038182
v -0.190274 0.117454 0.038394
v -0.199682 0.120994 0.045020
v -0.188274 0.116895 0.035591
v -0.194984 0.113100 0.046304
v -0.195394 0.117220 0.045990
v -0.195103 0.117968 0.045085
v -0.204549 0.120378 0.048008
v -0.197046 0.120748 0.044012
v -0.196848 0.120241 0.044966
v -0.195740 0.120174 0.043520
v -0.196108 0.119471 0.045173
v -0.198632 0.118931 0.049706
v -0.197944 0.117893 0.049466
v -0.197428 0.118592 0.048107
v -0.200818 0.120878 0.046001
v -0.202243 0.120718 0.046278
v -0.196610 0.118727 0.046649
v -0.195782 0.118640 0.045629
v -0.194348 0.110120 0.045510
v -0.192969 0.112048 0.043166
v -0.203174 0.120485 0.047191
v -0.203320 0.120633 0.048750
v -0.194418 0.119415 0.042717
v -0.200088 0.120646 0.047274
v -0.194398 0.121064 0.039972
v -0.202083 0.120644 0.044584
v -0.204194 0.120502 0.049052
v -0.202716 0.120295 0.051885
v -0.188995 0.120313 0.034100
v -0.194398 0.117095 0.044514
v -0.195839 0.120593 0.042814
v -0.195000 0.118792 0.044262
v -0.199815 0.119619 0.050498
v -0.199613 0.119915 0.049397
v -0.188499 0.104925 0.036623
v -0.203936 0.120399 0.051823
v -0.187700 0.119751 0.033123
v -0.188104 0.120627 0.032182
v -0.190394 0.120954 0.034703
v -0.198558 0.120954 0.044750
v -0.189234 0.121062 0.032835
v -0.190143 0.121333 0.033210
v -0.189419 0.121491 0.031591
v -0.190309 0.121492 0.031651
v -0.190948 0.121620 0.033093
v -0.191527 0.120810 0.036506
v -0.199443 0.120856 0.045886
v -0.192963 0.120539 0.031217
v -0.192547 0.120927 0.031601
v -0.192151 0.120483 0.030558
v -0.193055 0.121228 0.037537
v -0.192486 0.120738 0.037942
v -0.193219 0.121561 0.034466
v -0.192451 0.121371 0.032702
v -0.193629 0.121224 0.033797
v -0.191269 0.121438 0.032213
v -0.191889 0.121655 0.033371
v -0.195979 0.121704 0.039260
v -0.194361 0.121640 0.037984
v -0.194612 0.121690 0.036875
v -0.201282 0.119625 0.052404
v -0.200492 0.119040 0.052352
v -0.197970 0.121243 0.043092
v -0.196580 0.121637 0.040400
v -0.197032 0.121524 0.041463
v -0.195298 0.121529 0.039615
v -0.200874 0.120064 0.050704
v -0.196144 0.120955 0.042234
v -0.197037 0.113197 0.049443
v -0.199326 0.117977 0.051715
v -0.193591 0.120692 0.032232
v -0.194645 0.120695 0.033699
v -0.192180 0.121539 0.035376
v -0.192560 0.121718 0.034741
v -0.191733 0.121099 0.031573
v -0.199030 0.112693 0.052452
v -0.198053 0.109664 0.051149
v -0.194633 0.121226 0.035365
v -0.199114 0.121268 0.043249
v -0.196787 0.121613 0.039058
v -0.195729 0.121319 0.036754
v -0.196430 0.121367 0.037944
v -0.197468 0.121381 0.038832
v -0.193508 0.120310 0.031349
v -0.188332 0.090706 0.037946
v -0.187424 0.095547 0.036231
v -0.190481 0.092930 0.040937
v -0.196950 0.105028 0.049669
v -0.196064 0.109836 0.048243
v -0.194623 0.106692 0.046186
v -0.200466 0.121010 0.041676
v -0.198407 0.121562 0.041494
v -0.198906 0.121439 0.042412
v -0.199464 0.121321 0.041770
v -0.199823 0.121094 0.041257
v -0.193751 0.107966 0.044658
v -0.192950 0.105590 0.043686
v -0.192664 0.108464 0.043012
v -0.196182 0.100274 0.048585
v -0.194997 0.097784 0.046895
v -0.193806 0.101866 0.045222
v -0.195087 0.094020 0.047434
v -0.194832 0.089624 0.047588
v -0.193013 0.091909 0.044633
v -0.192554 0.096445 0.043576
v -0.190727 0.100871 0.040663
v -0.189950 0.097028 0.039771
v -0.191561 0.087241 0.042853
v -0.191961 0.103242 0.042402
v -0.191223 0.105398 0.041028
v -0.188552 0.099522 0.037407
v -0.193294 0.119942 0.030699
v -0.215104 0.123353 0.080172
v -0.214009 0.123414 0.081240
v -0.213856 0.123788 0.080394
v -0.215763 0.122637 0.077549
v -0.216032 0.123120 0.078535
v -0.215544 0.123023 0.078005
v -0.215618 0.123329 0.079290
v -0.215576 0.123410 0.078876
v -0.215198 0.120206 0.075173
v -0.215591 0.119960 0.074189
v -0.215328 0.120286 0.075682
v -0.212836 0.123352 0.082262
v -0.211645 0.123778 0.082396
v -0.212917 0.123710 0.081427
v -0.214626 0.123399 0.078091
v -0.213665 0.123263 0.077400
v -0.214597 0.123000 0.077497
v -0.214429 0.123661 0.078706
v -0.213475 0.123669 0.078334
v -0.215587 0.121757 0.076853
v -0.215471 0.122132 0.076674
v -0.215123 0.121785 0.076418
v -0.214926 0.123053 0.081049
v -0.217039 0.121472 0.079803
v -0.216485 0.121808 0.080727
v -0.216751 0.122218 0.080115
v -0.216682 0.122425 0.079185
v -0.216028 0.122973 0.079577
v -0.214262 0.121497 0.083371
v -0.213570 0.120743 0.084446
v -0.212780 0.121516 0.084930
v -0.215230 0.122430 0.076688
v -0.215755 0.122890 0.080547
v -0.210220 0.123418 0.084093
v -0.211458 0.123305 0.083498
v -0.210425 0.122939 0.084960
v -0.216278 0.122455 0.080747
v -0.216463 0.122705 0.080043
v -0.208848 0.122947 0.086379
v -0.207936 0.123195 0.086450
v -0.208549 0.123315 0.085552
v -0.213964 0.122872 0.082156
v -0.215237 0.120859 0.082805
v -0.215740 0.121445 0.081743
v -0.216393 0.120368 0.081684
v -0.207461 0.122779 0.087212
v -0.206891 0.123261 0.087043
v -0.212559 0.122838 0.083307
v -0.213285 0.122407 0.083291
v -0.214705 0.122094 0.082568
v -0.214470 0.122539 0.082389
v -0.215318 0.122609 0.081558
v -0.215223 0.122887 0.077563
v -0.215149 0.123159 0.077869
v -0.211813 0.122852 0.084107
v -0.209437 0.123203 0.085103
v -0.212243 0.122800 0.083868
v -0.211595 0.122360 0.084725
v -0.209819 0.122322 0.086288
v -0.212297 0.122637 0.083944
v -0.214812 0.123631 0.079346
v -0.210757 0.121802 0.086276
v -0.211200 0.120938 0.086584
v -0.212334 0.120241 0.085742
v -0.213401 0.119485 0.084836
v -0.213222 0.123911 0.079493
v -0.216763 0.121170 0.080840
v -0.215028 0.120821 0.075951
v -0.207809 0.122476 0.087529
v -0.215260 0.123456 0.078603
v -0.215471 0.123359 0.078162
v -0.217237 0.120352 0.080532
v -0.212935 0.121964 0.084171
v -0.208456 0.122338 0.087433
v -0.208258 0.121823 0.088103
v -0.212164 0.124014 0.081034
v -0.216076 0.121968 0.077934
v -0.213929 0.122630 0.076666
v -0.212455 0.122852 0.076554
v -0.213321 0.122137 0.075866
v -0.207502 0.123554 0.086026
v -0.215872 0.122094 0.081435
v -0.215644 0.122430 0.076939
v -0.215612 0.120881 0.076789
v -0.210767 0.123645 0.083309
v -0.209727 0.123871 0.083471
v -0.209225 0.123601 0.084614
v -0.215271 0.119700 0.083216
v -0.216320 0.119104 0.082073
v -0.215367 0.122738 0.077145
v -0.215405 0.120970 0.076370
v -0.208250 0.123711 0.084864
v -0.214121 0.120715 0.074621
v -0.214800 0.120138 0.074695
v -0.214380 0.120868 0.075250
v -0.214705 0.120751 0.075485
v -0.214482 0.118425 0.084092
v -0.217264 0.118863 0.079951
v -0.217014 0.119101 0.081095
v -0.214829 0.122681 0.076991
v -0.215931 0.117709 0.082820
v -0.217408 0.117208 0.080093
v -0.217202 0.117421 0.079539
v -0.217224 0.117545 0.080869
v -0.216736 0.118081 0.081624
v -0.214636 0.122215 0.076390
v -0.214569 0.121395 0.075890
v -0.215328 0.119772 0.073164
v -0.216755 0.118494 0.079014
v -0.216456 0.118741 0.078207
v -0.216526 0.117622 0.078399
v -0.215507 0.119960 0.075845
v -0.215738 0.119885 0.074821
v -0.215840 0.119398 0.074850
v -0.216523 0.119639 0.078548
v -0.216918 0.119876 0.079164
v -0.215640 0.120030 0.076855
v -0.215763 0.119846 0.077654
v -0.215957 0.120900 0.077844
v -0.216569 0.120443 0.078715
v -0.216557 0.120954 0.078422
v -0.216219 0.120330 0.078215
v -0.215918 0.118624 0.074991
v -0.215630 0.117910 0.075673
v -0.215669 0.119060 0.075955
v -0.216257 0.119481 0.073548
v -0.216095 0.119558 0.072464
v -0.215623 0.118000 0.077421
v -0.216040 0.118081 0.077985
v -0.215916 0.118912 0.077712
v -0.216653 0.116328 0.078434
v -0.216123 0.117127 0.077817
v -0.216354 0.115927 0.077629
v -0.215954 0.116800 0.075423
v -0.215939 0.115792 0.076120
v -0.215750 0.116911 0.076266
v -0.216921 0.117045 0.078977
v -0.217267 0.120366 0.079603
v -0.216844 0.120891 0.079073
v -0.215844 0.115917 0.076834
v -0.215666 0.118013 0.076545
v -0.216231 0.119566 0.077992
v -0.213946 0.121007 0.075079
v -0.213816 0.121464 0.075443
v -0.215865 0.116976 0.077063
v -0.216830 0.118603 0.071499
v -0.216668 0.118719 0.072888
v -0.215637 0.119020 0.077005
v -0.216378 0.118886 0.074055
v -0.215949 0.117698 0.074914
v -0.216120 0.116586 0.074269
v -0.215717 0.119712 0.071571
v -0.216533 0.121524 0.078724
v -0.216860 0.117670 0.072184
v -0.216553 0.117918 0.073364
v -0.216223 0.118100 0.074328
v -0.216630 0.116164 0.072681
v -0.214055 0.121975 0.076050
v -0.213195 0.121646 0.075399
v -0.213381 0.121240 0.074848
v -0.165541 0.063554 0.006234
v -0.162585 0.068097 0.001608
v -0.165660 0.068140 0.005974
v -0.152970 0.066433 -0.012501
v -0.152220 0.072073 -0.013964
v -0.155731 0.067903 -0.008453
v -0.149560 0.057994 -0.016507
v -0.151423 0.062122 -0.014422
v -0.152277 0.057680 -0.012476
v -0.156088 0.085253 -0.009156
v -0.157617 0.089667 -0.007280
v -0.158192 0.087503 -0.006038
v -0.183785 0.068534 0.032882
v -0.181951 0.074266 0.029472
v -0.185795 0.074431 0.035289
v -0.193490 0.080789 0.046169
v -0.191561 0.087241 0.042853
v -0.194797 0.085028 0.047955
v -0.180007 0.055831 0.028141
v -0.182956 0.058271 0.032382
v -0.183419 0.052004 0.033355
v -0.150377 0.065944 -0.016047
v -0.147979 0.067759 -0.019652
v -0.180699 0.062884 0.028746
v -0.176511 0.064399 0.022242
v -0.179914 0.068870 0.027016
v -0.182063 0.092996 0.028574
v -0.180086 0.095900 0.025427
v -0.182721 0.096416 0.029485
v -0.174582 0.058838 0.019627
v -0.173534 0.055357 0.018484
v -0.171555 0.056884 0.015293
v -0.177313 0.092702 0.021286
v -0.176945 0.087458 0.021009
v -0.174509 0.090670 0.017368
v -0.188078 0.077853 0.038187
v -0.188125 0.073852 0.038508
v -0.177525 0.059445 0.023977
v -0.190448 0.080436 0.041367
v -0.190125 0.074847 0.041096
v -0.156052 0.059470 -0.007263
v -0.154344 0.054498 -0.009121
v -0.172390 0.051840 0.017059
v -0.170000 0.047175 0.013077
v -0.168529 0.053569 0.010996
v -0.160853 0.082561 -0.001777
v -0.161334 0.086676 -0.001533
v -0.162501 0.083769 0.000461
v -0.167216 0.071554 0.007883
v -0.164537 0.071524 0.004353
v -0.169758 0.093966 0.010023
v -0.167115 0.091995 0.006272
v -0.166411 0.095807 0.004972
v -0.173796 0.079091 0.017291
v -0.171364 0.081453 0.013680
v -0.174874 0.082888 0.018639
v -0.157470 0.064080 -0.005535
v -0.154407 0.062856 -0.010210
v -0.194832 0.089624 0.047588
v -0.176719 0.070420 0.022194
v -0.160305 0.064282 -0.001377
v -0.161904 0.060990 0.001192
v -0.158843 0.061036 -0.003202
v -0.169671 0.087290 0.010517
v -0.170319 0.084817 0.011851
v -0.168333 0.083493 0.008892
v -0.147366 0.060470 -0.019905
v -0.186808 0.070748 0.036971
v -0.189217 0.070192 0.040133
v -0.159024 0.068297 -0.003720
v -0.176125 0.054667 0.022169
v -0.172229 0.096602 0.013408
v -0.174168 0.096481 0.016400
v -0.172835 0.093658 0.014570
v -0.158240 0.093809 -0.006965
v -0.160374 0.098249 -0.004000
v -0.161381 0.095132 -0.002341
v -0.183944 0.087915 0.031393
v -0.182347 0.090056 0.029054
v -0.184868 0.092060 0.032679
v -0.172349 0.062073 0.016133
v -0.173325 0.067290 0.017277
v -0.178184 0.083184 0.023339
v -0.179578 0.086411 0.024900
v -0.160503 0.091082 -0.003176
v -0.159446 0.087281 -0.004200
v -0.169743 0.098378 0.009723
v -0.173397 0.100927 0.014966
v -0.168740 0.090522 0.008825
v -0.171429 0.090408 0.012715
v -0.163619 0.098557 0.000691
v -0.161768 0.103153 -0.002348
v -0.158476 0.083045 -0.005263
v -0.157022 0.078580 -0.007373
v -0.156386 0.081279 -0.008389
v -0.165298 0.057809 0.006092
v -0.154642 0.079160 -0.010940
v -0.163864 0.086406 0.002096
v -0.160260 0.079391 -0.002387
v -0.192729 0.074545 0.045118
v -0.180141 0.090515 0.025544
v -0.176745 0.079284 0.021610
v -0.177175 0.098025 0.020851
v -0.178138 0.104456 0.021913
v -0.180039 0.101111 0.025094
v -0.184944 0.096809 0.032606
v -0.180718 0.084116 0.026926
v -0.181728 0.087033 0.028224
v -0.188332 0.090706 0.037946
v -0.187030 0.085531 0.036016
v -0.187176 0.065365 0.037680
v -0.184227 0.062784 0.033871
v -0.148053 0.073319 -0.020209
v -0.150099 0.076608 -0.017539
v -0.173950 0.072136 0.017773
v -0.176019 0.073117 0.020845
v -0.187424 0.095547 0.036231
v -0.170487 0.070777 0.012489
v -0.170573 0.065271 0.013150
v -0.168104 0.066623 0.009433
v -0.172526 0.086379 0.014836
v -0.175938 0.048884 0.021877
v -0.178182 0.051534 0.025289
v -0.178371 0.048219 0.025712
v -0.186890 0.057420 0.037876
v -0.191322 0.070773 0.043068
v -0.166665 0.087949 0.005957
v -0.165268 0.082257 0.004582
v -0.190536 0.065484 0.042360
v -0.168565 0.106543 0.007662
v -0.170225 0.102423 0.010337
v -0.167064 0.101016 0.005553
v -0.180744 0.079994 0.027387
v -0.164064 0.090728 0.002086
v -0.164614 0.076284 0.004411
v -0.187696 0.081392 0.037378
v -0.168655 0.060670 0.010863
v -0.156957 0.073638 -0.007221
v -0.175173 0.075760 0.019411
v -0.172118 0.075967 0.014757
v -0.183167 0.084061 0.030526
v -0.173106 0.046851 0.017880
v -0.181834 0.099365 0.027984
v -0.178159 0.074825 0.023912
v -0.152046 0.078377 -0.014813
v -0.171968 0.105647 0.012682
v -0.165366 0.105118 0.002756
v -0.164582 0.102179 0.001785
v -0.161850 0.074874 0.000456
v -0.159038 0.076879 -0.004289
v -0.168398 0.077531 0.009340
v -0.158188 0.056532 -0.003877
v -0.162330 0.079757 0.000892
v -0.179475 0.045589 0.027800
v -0.177304 0.044905 0.024148
v -0.180358 0.049887 0.028716
v -0.185055 0.079798 0.033786
v -0.175260 0.094212 0.018249
v -0.195225 0.076352 0.049080
v -0.175300 0.107152 0.017470
v -0.152494 0.084984 -0.014897
v -0.144340 0.063013 -0.024637
v -0.144625 0.068989 -0.025016
v -0.165179 0.052971 0.005868
v -0.179486 0.072176 0.026038
v -0.159997 0.072035 -0.002594
v -0.162171 0.054413 0.001618
v -0.163234 0.094468 0.000489
v -0.143796 0.065516 -0.025912
v -0.171073 0.109350 0.011197
v -0.142219 0.064353 -0.028116
v -0.162582 0.123197 0.116593
v -0.162403 0.123442 0.116265
v -0.163390 0.123108 0.116021
v -0.167146 0.123845 0.109067
v -0.166555 0.123622 0.107806
v -0.168698 0.123713 0.106930
v -0.176249 0.123361 0.107130
v -0.175856 0.123684 0.106161
v -0.177953 0.123609 0.105303
v -0.161977 0.123842 0.114325
v -0.162446 0.123822 0.112116
v -0.164302 0.123882 0.112579
v -0.174986 0.120323 0.110395
v -0.177675 0.119388 0.108760
v -0.175948 0.118156 0.109863
v -0.173749 0.122995 0.110002
v -0.171638 0.123282 0.110951
v -0.172698 0.123452 0.109776
v -0.173311 0.123580 0.108713
v -0.174250 0.123691 0.107581
v -0.174722 0.123399 0.108189
v -0.175612 0.123179 0.108269
v -0.174232 0.123227 0.109045
v -0.164905 0.123846 0.110986
v -0.167024 0.123856 0.111496
v -0.177989 0.122798 0.107234
v -0.178187 0.122198 0.107815
v -0.176701 0.122861 0.108224
v -0.161607 0.120891 0.118124
v -0.160093 0.120938 0.119246
v -0.160933 0.121996 0.118374
v -0.177049 0.123104 0.107464
v -0.176444 0.123118 0.107788
v -0.167118 0.123670 0.112599
v -0.167136 0.123348 0.113332
v -0.166491 0.123675 0.112845
v -0.169154 0.122168 0.113345
v -0.170020 0.122479 0.112861
v -0.171369 0.121176 0.112418
v -0.180028 0.122782 0.105635
v -0.179454 0.122537 0.106579
v -0.178849 0.122972 0.106426
v -0.177948 0.123242 0.106514
v -0.163363 0.118927 0.117206
v -0.161472 0.119362 0.118392
v -0.162592 0.120380 0.117477
v -0.179146 0.123198 0.105454
v -0.167278 0.122848 0.113983
v -0.166467 0.123095 0.114148
v -0.174389 0.123816 0.106255
v -0.165667 0.122427 0.115071
v -0.166206 0.122751 0.114574
v -0.166536 0.122318 0.114599
v -0.169424 0.123758 0.110352
v -0.171649 0.123795 0.108521
v -0.170475 0.123692 0.109983
v -0.172198 0.123604 0.109334
v -0.168749 0.123556 0.111686
v -0.170653 0.123892 0.106993
v -0.169075 0.123874 0.109269
v -0.173320 0.118798 0.111450
v -0.168518 0.119998 0.114018
v -0.166652 0.118107 0.115207
v -0.165667 0.120121 0.115522
v -0.169966 0.123102 0.111874
v -0.171042 0.122855 0.111866
v -0.165506 0.123790 0.112919
v -0.164190 0.123801 0.113647
v -0.168816 0.123150 0.112474
v -0.175491 0.122448 0.109549
v -0.172680 0.122554 0.111323
v -0.163401 0.123603 0.109817
v -0.165163 0.123305 0.107300
v -0.174309 0.121674 0.110635
v -0.164411 0.123393 0.115127
v -0.163255 0.123505 0.115587
v -0.162351 0.123670 0.115512
v -0.163661 0.123717 0.114701
v -0.184767 0.119253 0.104634
v -0.186592 0.120675 0.103618
v -0.188368 0.119083 0.102864
v -0.177263 0.121188 0.108836
v -0.162707 0.121876 0.117375
v -0.162718 0.122891 0.116869
v -0.163661 0.122521 0.116375
v -0.167826 0.123519 0.112486
v -0.163906 0.120681 0.116663
v -0.161881 0.122814 0.117380
v -0.161753 0.123148 0.116901
v -0.180429 0.123118 0.104830
v -0.181642 0.122904 0.104755
v -0.167131 0.116834 0.114950
v -0.168674 0.117752 0.114068
v -0.168323 0.115355 0.114165
v -0.164679 0.121762 0.115937
v -0.168079 0.122842 0.113631
v -0.167531 0.121857 0.114221
v -0.164581 0.122703 0.115540
v -0.166012 0.121720 0.115035
v -0.179802 0.119831 0.107315
v -0.165407 0.123528 0.113947
v -0.165493 0.123028 0.114708
v -0.170206 0.122834 0.112450
v -0.170762 0.118647 0.112874
v -0.170106 0.123518 0.110867
v -0.180644 0.121932 0.106308
v -0.180112 0.121155 0.106876
v -0.161304 0.122637 0.117930
v -0.184666 0.121651 0.104261
v -0.187174 0.121833 0.102933
v -0.166851 0.122689 0.114373
v -0.164625 0.117903 0.116390
v -0.169167 0.121414 0.113547
v -0.168187 0.123220 0.113069
v -0.168913 0.122845 0.113088
v -0.171404 0.123536 0.109937
v -0.169516 0.122880 0.112600
v -0.171021 0.122453 0.112339
v -0.173166 0.123875 0.106050
v -0.177935 0.117499 0.108548
v -0.175238 0.123034 0.109084
v -0.179852 0.117585 0.107356
v -0.182083 0.118512 0.105998
v -0.182846 0.121228 0.105422
v -0.182509 0.121943 0.105210
v -0.182173 0.120237 0.105885
v -0.160905 0.112689 0.118917
v -0.163577 0.113133 0.117156
v -0.161948 0.110770 0.118063
v -0.183841 0.122365 0.104137
v -0.181178 0.122393 0.105553
v -0.160405 0.111275 0.119096
v -0.159919 0.109835 0.119363
v -0.183923 0.117431 0.104981
v -0.184099 0.120507 0.104960
v -0.162351 0.107705 0.117623
v -0.159959 0.105593 0.119014
v -0.159156 0.107893 0.119642
v -0.186366 0.117722 0.103849
v -0.190857 0.119838 0.101520
v -0.191445 0.118704 0.101223
v -0.166315 0.112990 0.115404
v -0.164991 0.110096 0.116169
v -0.174769 0.116015 0.110445
v -0.173253 0.114525 0.111286
v -0.172257 0.116710 0.112044
v -0.181508 0.116925 0.106267
v -0.176454 0.113410 0.109209
v -0.174923 0.113477 0.110209
v -0.167531 0.111053 0.114507
v -0.168817 0.111303 0.113701
v -0.169152 0.109910 0.113521
v -0.170119 0.116798 0.113281
v -0.178980 0.115114 0.107647
v -0.177042 0.115693 0.108974
v -0.170026 0.111113 0.113050
v -0.168689 0.112743 0.113941
v -0.165362 0.115705 0.115936
v -0.161719 0.116261 0.118480
v -0.171150 0.112662 0.112432
v -0.171987 0.109388 0.111654
v -0.172228 0.113569 0.111767
v -0.170975 0.114906 0.112679
v -0.173836 0.111609 0.110664
v -0.159480 0.118280 0.119908
v -0.175969 0.111506 0.109322
v -0.159574 0.119829 0.119726
v -0.182626 0.117246 0.105622
v -0.169632 0.114021 0.113403
v -0.167579 0.108758 0.114359
v -0.178167 0.112774 0.108030
v -0.165789 0.107332 0.115377
v -0.181058 0.115258 0.106410
v -0.183958 0.070347 0.088043
v -0.179622 0.069867 0.090967
v -0.181857 0.066299 0.088830
v -0.167326 0.062554 0.100305
v -0.169072 0.061172 0.099016
v -0.168719 0.064624 0.099286
v -0.171513 0.063459 0.097085
v -0.164947 0.063135 0.101871
v -0.166431 0.059612 0.100770
v -0.162106 0.059832 0.103441
v -0.161639 0.065124 0.103896
v -0.158247 0.063660 0.106025
v -0.177537 0.066032 0.091792
v -0.179730 0.063504 0.089994
v -0.174856 0.063537 0.093912
v -0.176262 0.059699 0.092672
v -0.177397 0.062787 0.091674
v -0.116848 0.054670 0.133492
v -0.118857 0.055879 0.131977
v -0.114579 0.059277 0.135106
v -0.156722 0.059819 0.106976
v -0.183436 0.062105 0.087463
v -0.113439 0.054044 0.135862
v -0.173318 0.060533 0.095484
v -0.165631 0.055736 0.101032
v -0.168591 0.057252 0.099288
v -0.179223 0.061148 0.090291
v -0.173367 0.056196 0.095484
v -0.186450 0.068055 0.085953
v -0.168804 0.053373 0.099097
v -0.171040 0.058896 0.097460
v -0.161743 0.055108 0.103175
v -0.170596 0.055395 0.097829
v -0.166796 0.051985 0.100280
v -0.163989 0.052207 0.101731
v -0.175621 0.052195 0.094139
v -0.176748 0.055833 0.092691
v -0.178794 0.049040 0.092161
v -0.178181 0.044799 0.092915
v -0.183105 0.046569 0.088819
v -0.175161 0.047803 0.094992
v -0.171880 0.051496 0.096994
v -0.179691 0.053038 0.090927
v -0.182127 0.050510 0.089406
v -0.184490 0.053750 0.087390
v -0.149516 0.068981 0.111817
v -0.147171 0.064095 0.113418
v -0.153354 0.064408 0.109267
v -0.141942 0.068367 0.116972
v -0.135776 0.067092 0.121067
v -0.138264 0.065005 0.119138
v -0.145259 0.074026 0.114783
v -0.137022 0.072383 0.120411
v -0.145167 0.084005 0.115385
v -0.140899 0.079602 0.117854
v -0.148195 0.079902 0.113170
v -0.156884 0.052700 0.105798
v -0.156503 0.055792 0.106693
v -0.154508 0.053696 0.107776
v -0.127233 0.057048 0.126335
v -0.123737 0.057779 0.128633
v -0.125183 0.055005 0.127276
v -0.159911 0.051615 0.103782
v -0.159188 0.054649 0.104671
v -0.129683 0.056048 0.124485
v -0.130176 0.059263 0.124615
v -0.179413 0.073606 0.091906
v -0.181546 0.075055 0.090689
v -0.178872 0.077576 0.092844
v -0.159392 0.057092 0.104923
v -0.152078 0.051815 0.109396
v -0.154379 0.050396 0.107240
v -0.180218 0.057562 0.089833
v -0.185481 0.050258 0.086888
v -0.189894 0.051786 0.083992
v -0.140604 0.053677 0.117716
v -0.137935 0.055224 0.119192
v -0.138059 0.052210 0.119216
v -0.148428 0.055698 0.112287
v -0.152303 0.056290 0.109739
v -0.147974 0.059345 0.112652
v -0.150755 0.085975 0.111712
v -0.162756 0.048579 0.102203
v -0.143681 0.052776 0.115793
v -0.140820 0.050461 0.117641
v -0.127878 0.064421 0.126561
v -0.126347 0.060803 0.127463
v -0.129026 0.062020 0.125710
v -0.139067 0.058755 0.118350
v -0.135797 0.057917 0.120392
v -0.134449 0.061855 0.121454
v -0.131254 0.064513 0.124121
v -0.134376 0.052623 0.121259
v -0.127538 0.070189 0.126770
v -0.122643 0.065921 0.129901
v -0.141594 0.064427 0.117000
v -0.129599 0.066992 0.125392
v -0.132065 0.069256 0.123785
v -0.122179 0.060947 0.129920
v -0.146785 0.053576 0.113516
v -0.145374 0.056621 0.114386
v -0.139634 0.075745 0.118555
v -0.156921 0.048643 0.105168
v -0.153401 0.076118 0.109457
v -0.132392 0.056710 0.122706
v -0.138411 0.061655 0.118773
v -0.127609 0.053963 0.125418
v -0.142885 0.060545 0.116079
v -0.130417 0.053380 0.123616
v -0.152047 0.072198 0.110113
v -0.149325 0.052139 0.111590
v -0.151615 0.061213 0.110423
v -0.141517 0.056527 0.117011
v -0.146411 0.050107 0.113839
v -0.156616 0.068989 0.106951
v -0.171875 0.046382 0.097378
v -0.159876 0.047968 0.103491
v -0.151927 0.047714 0.108913
v -0.189625 0.056208 0.084038
v -0.188523 0.060633 0.084410
v -0.185028 0.057776 0.086636
v -0.169201 0.049719 0.098903
v -0.189684 0.048709 0.083899
v -0.192585 0.049973 0.082203
v -0.122264 0.055161 0.129379
v -0.175538 0.070062 0.093817
v -0.176680 0.072435 0.093407
v -0.173311 0.074303 0.095880
v -0.165813 0.097504 0.101714
v -0.162548 0.096304 0.104054
v -0.165142 0.093253 0.101916
v -0.188015 0.064837 0.084723
v -0.196066 0.053646 0.080382
v -0.195829 0.060665 0.080292
v -0.187249 0.045542 0.085429
v -0.186650 0.048308 0.086071
v -0.166169 0.048925 0.100595
v -0.150491 0.049753 0.110467
v -0.187922 0.049919 0.085211
v -0.193599 0.051416 0.081740
v -0.196301 0.049348 0.080019
v -0.155542 0.072886 0.107787
v -0.175956 0.075528 0.094392
v -0.119882 0.058812 0.131302
v -0.169007 0.045415 0.099141
v -0.193299 0.047163 0.081340
v -0.157516 0.083187 0.107190
v -0.155852 0.087913 0.108409
v -0.154367 0.084706 0.109256
v -0.182191 0.072542 0.089732
v -0.197251 0.045809 0.078979
v -0.200632 0.044708 0.077230
v -0.199094 0.047337 0.078322
v -0.202321 0.041247 0.076096
v -0.204783 0.040960 0.074560
v -0.203461 0.045047 0.075742
v -0.200855 0.049244 0.077596
v -0.194353 0.043908 0.080083
v -0.190556 0.046226 0.082940
v -0.168573 0.087867 0.099534
v -0.164647 0.087748 0.102231
v -0.169739 0.082840 0.098877
v -0.159069 0.073652 0.105622
v -0.158342 0.078686 0.106498
v -0.192114 0.044931 0.081625
v -0.198810 0.043246 0.077872
v -0.160869 0.081043 0.104910
v -0.163072 0.076656 0.103227
v -0.153767 0.081248 0.109553
v -0.196923 0.042543 0.078569
v -0.167806 0.095520 0.099835
v -0.165577 0.071133 0.101278
v -0.169742 0.068862 0.098187
v -0.168445 0.075650 0.099336
v -0.171847 0.087039 0.097357
v -0.169981 0.090451 0.098318
v -0.164837 0.081696 0.102177
v -0.167194 0.090579 0.100409
v -0.173568 0.067140 0.095095
v -0.173006 0.080202 0.096716
v -0.173549 0.077280 0.096122
v -0.175511 0.078818 0.095083
v -0.161858 0.069975 0.103730
v -0.166781 0.064809 0.100663
v -0.160619 0.085847 0.105130
v -0.160453 0.091543 0.105317
v -0.171961 0.071227 0.096501
v -0.167058 0.067415 0.100356
v -0.167994 0.092821 0.099708
v -0.164795 0.066844 0.101931
v -0.176642 0.083918 0.094602
v -0.171317 0.078088 0.097589
v -0.162707 0.072896 0.103261
v -0.217366 0.113110 0.066491
v -0.217732 0.114096 0.064587
v -0.217320 0.112095 0.065448
v -0.217116 0.119263 0.065385
v -0.216612 0.119323 0.066101
v -0.216163 0.119423 0.064805
v -0.217296 0.117846 0.060660
v -0.217310 0.118538 0.061039
v -0.216862 0.118480 0.059774
v -0.217080 0.119204 0.064377
v -0.215975 0.119288 0.061278
v -0.216100 0.119444 0.059988
v -0.216521 0.119320 0.061007
v -0.217611 0.119029 0.063933
v -0.217756 0.118548 0.064952
v -0.217453 0.119032 0.064879
v -0.215314 0.119444 0.063305
v -0.214165 0.119631 0.061864
v -0.215466 0.119410 0.061997
v -0.217688 0.118473 0.063256
v -0.218034 0.117722 0.063920
v -0.215842 0.118263 0.056881
v -0.215090 0.118166 0.055467
v -0.216023 0.117110 0.056923
v -0.217971 0.116208 0.063344
v -0.217917 0.117642 0.062982
v -0.217542 0.119194 0.066468
v -0.216632 0.119275 0.063259
v -0.217242 0.119205 0.063595
v -0.217365 0.119139 0.062822
v -0.217542 0.118804 0.061933
v -0.216224 0.106458 0.066602
v -0.216807 0.110071 0.066433
v -0.216918 0.110014 0.064324
v -0.216270 0.107726 0.067920
v -0.215746 0.103912 0.068857
v -0.215934 0.107408 0.069665
v -0.217582 0.117978 0.061985
v -0.217804 0.116972 0.062291
v -0.216332 0.117689 0.058067
v -0.212225 0.119857 0.059571
v -0.211424 0.119993 0.058341
v -0.212886 0.119762 0.058352
v -0.216713 0.119294 0.061898
v -0.217289 0.119230 0.061837
v -0.217967 0.118081 0.066396
v -0.217606 0.118747 0.068220
v -0.216966 0.116983 0.059582
v -0.216595 0.116206 0.058153
v -0.216929 0.114570 0.059026
v -0.217002 0.119211 0.060787
v -0.214733 0.119587 0.059402
v -0.215309 0.119651 0.058963
v -0.215330 0.119416 0.060267
v -0.216071 0.110587 0.071373
v -0.216809 0.112533 0.068809
v -0.216318 0.114984 0.057433
v -0.214798 0.119426 0.060139
v -0.214228 0.119710 0.058013
v -0.213039 0.119779 0.056804
v -0.213890 0.119650 0.056312
v -0.214735 0.119447 0.060718
v -0.215158 0.119432 0.061239
v -0.216057 0.118780 0.058132
v -0.215291 0.118986 0.056403
v -0.215454 0.116526 0.055729
v -0.217864 0.115429 0.065825
v -0.218002 0.116855 0.065086
v -0.215013 0.119683 0.057494
v -0.216285 0.119386 0.061864
v -0.216133 0.119631 0.067930
v -0.215053 0.119863 0.068194
v -0.215549 0.119585 0.066465
v -0.216462 0.118051 0.058832
v -0.215813 0.119688 0.069062
v -0.214966 0.119970 0.069638
v -0.217454 0.116894 0.061215
v -0.213978 0.119646 0.059048
v -0.217507 0.119075 0.065475
v -0.214189 0.119604 0.060187
v -0.213375 0.119802 0.059554
v -0.215820 0.119636 0.070136
v -0.216505 0.119224 0.059379
v -0.214690 0.119499 0.056150
v -0.215465 0.119369 0.057283
v -0.215838 0.119478 0.058513
v -0.216089 0.119245 0.062398
v -0.216028 0.119359 0.061914
v -0.217257 0.115424 0.060392
v -0.216391 0.111883 0.058163
v -0.216864 0.113121 0.059242
v -0.214906 0.107804 0.054616
v -0.214607 0.107353 0.053909
v -0.215029 0.106695 0.055517
v -0.214646 0.099808 0.055668
v -0.214683 0.097264 0.056033
v -0.214919 0.097207 0.057311
v -0.213641 0.116110 0.052055
v -0.213393 0.115547 0.051137
v -0.213981 0.115020 0.052170
v -0.216707 0.119337 0.067177
v -0.217228 0.119290 0.067681
v -0.215881 0.114059 0.056076
v -0.215315 0.114443 0.054707
v -0.215480 0.113101 0.055211
v -0.214119 0.113728 0.052174
v -0.215235 0.098517 0.058608
v -0.214950 0.102136 0.056564
v -0.215169 0.113592 0.054563
v -0.214579 0.114680 0.053477
v -0.214180 0.108152 0.052881
v -0.213835 0.119803 0.063732
v -0.213156 0.119774 0.060638
v -0.214900 0.115638 0.054106
v -0.214236 0.116519 0.053225
v -0.217693 0.116273 0.067500
v -0.215334 0.101725 0.058444
v -0.214847 0.108833 0.054649
v -0.214395 0.109344 0.053511
v -0.214361 0.106534 0.053737
v -0.214461 0.104999 0.054449
v -0.213929 0.109973 0.051931
v -0.215413 0.104335 0.057626
v -0.215192 0.115918 0.054845
v -0.214792 0.110516 0.053976
v -0.214977 0.112626 0.054055
v -0.214597 0.111981 0.052991
v -0.214253 0.102694 0.054020
v -0.214213 0.107204 0.053041
v -0.214193 0.111223 0.052328
v -0.214952 0.117685 0.054995
v -0.214298 0.119158 0.054981
v -0.213974 0.118830 0.054035
v -0.214775 0.119625 0.064821
v -0.211987 0.119755 0.055781
v -0.212866 0.119801 0.055748
v -0.217615 0.115489 0.061720
v -0.214105 0.117690 0.053330
v -0.214698 0.116916 0.053936
v -0.214785 0.117272 0.054497
v -0.214828 0.116356 0.053996
v -0.213101 0.119318 0.053475
v -0.213176 0.118748 0.052464
v -0.213231 0.117563 0.051895
v -0.214335 0.118230 0.054056
v -0.213627 0.119600 0.054877
v -0.216441 0.113545 0.072556
v -0.216955 0.115596 0.070652
v -0.216020 0.111211 0.072849
v -0.215736 0.108634 0.073186
v -0.214664 0.119959 0.071087
v -0.215717 0.119712 0.071571
v -0.216165 0.119550 0.069392
v -0.216630 0.116164 0.072681
v -0.216860 0.117670 0.072184
v -0.216540 0.119416 0.071146
v -0.216830 0.118603 0.071499
v -0.216095 0.119558 0.072464
v -0.216286 0.119527 0.070640
v -0.216558 0.119385 0.069916
v -0.217335 0.117967 0.069506
v -0.216478 0.119586 0.068793
v -0.211322 0.119845 0.054753
v -0.212251 0.119783 0.055046
v -0.216363 0.106881 0.064909
v -0.216345 0.106809 0.063339
v -0.216850 0.119425 0.067994
v -0.217070 0.119373 0.068574
v -0.215503 0.109648 0.056217
v -0.215649 0.111758 0.055768
v -0.217073 0.119024 0.070197
v -0.216971 0.119214 0.069169
v -0.216499 0.119330 0.069369
v -0.217325 0.118811 0.069320
v -0.217468 0.113242 0.062549
v -0.217065 0.113294 0.060415
v -0.216715 0.109919 0.061092
v -0.216993 0.119244 0.067652
v -0.215590 0.105217 0.072127
v -0.216807 0.119465 0.070320
v -0.215177 0.096170 0.071507
v -0.215317 0.098054 0.073167
v -0.215186 0.099347 0.071430
v -0.217092 0.119167 0.069546
v -0.215490 0.094323 0.063775
v -0.215663 0.098543 0.063785
v -0.215773 0.099050 0.061998
v -0.215277 0.100939 0.072045
v -0.216713 0.110368 0.067936
v -0.215784 0.102578 0.067546
v -0.215877 0.101784 0.061698
v -0.215980 0.103984 0.065354
v -0.215540 0.098094 0.060931
v -0.215403 0.100201 0.059555
v -0.215370 0.102601 0.070730
v -0.215253 0.099850 0.070205
v -0.215821 0.104471 0.059966
v -0.215825 0.107622 0.058222
v -0.215750 0.101557 0.060062
v -0.215708 0.100209 0.065130
v -0.215637 0.097109 0.065467
v -0.215865 0.101872 0.063009
v -0.216046 0.104033 0.063179
v -0.215748 0.100990 0.066794
v -0.215448 0.100573 0.069009
v -0.215522 0.097177 0.066383
v -0.215272 0.097514 0.069694
v -0.215475 0.098169 0.067159
v -0.215060 0.092581 0.070374
v -0.216102 0.106163 0.061200
v -0.215925 0.103905 0.061683
v -0.215404 0.095289 0.066509
v -0.215287 0.095924 0.068755
v -0.215484 0.099199 0.068273
v -0.215428 0.095292 0.067549
v -0.215521 0.094770 0.065657
v -0.215270 0.108035 0.055847
v -0.215225 0.094261 0.061105
v -0.215123 0.092085 0.072479
v -0.215251 0.094538 0.073101
v -0.211546 0.119925 0.056931
v -0.212887 0.119723 0.054934
v -0.210407 0.120003 0.055353
v -0.215348 0.101385 0.073112
v -0.211498 0.120045 0.072281
v -0.211742 0.120377 0.072803
v -0.210862 0.120319 0.073210
v -0.197244 0.121727 0.082602
v -0.199309 0.122208 0.082075
v -0.196771 0.122380 0.084209
v -0.213706 0.120071 0.071572
v -0.212847 0.120453 0.072834
v -0.213139 0.119974 0.070931
v -0.188877 0.123256 0.099880
v -0.189069 0.123327 0.099050
v -0.190347 0.123111 0.099203
v -0.198770 0.121624 0.081397
v -0.189720 0.122966 0.100185
v -0.188650 0.122727 0.101116
v -0.187904 0.123168 0.100738
v -0.200035 0.121744 0.080933
v -0.199838 0.121493 0.080339
v -0.200778 0.121621 0.080100
v -0.208515 0.120188 0.074633
v -0.206918 0.118640 0.075242
v -0.209080 0.118740 0.073958
v -0.210518 0.119046 0.072769
v -0.210129 0.119930 0.073537
v -0.209769 0.120706 0.074149
v -0.200505 0.121473 0.079782
v -0.200102 0.121185 0.079684
v -0.204099 0.116301 0.076589
v -0.203872 0.119968 0.077089
v -0.201163 0.118472 0.078585
v -0.201258 0.121433 0.079159
v -0.202441 0.121113 0.078181
v -0.201378 0.120600 0.078710
v -0.207895 0.121157 0.075293
v -0.206634 0.120503 0.075703
v -0.202295 0.121621 0.078682
v -0.206548 0.124003 0.082685
v -0.207497 0.124010 0.083969
v -0.204563 0.123914 0.084970
v -0.205522 0.121329 0.076553
v -0.210940 0.119830 0.072672
v -0.203498 0.121430 0.077784
v -0.201919 0.121839 0.079564
v -0.192578 0.123627 0.095971
v -0.191992 0.123481 0.097007
v -0.190251 0.123685 0.096912
v -0.209655 0.121661 0.074939
v -0.202968 0.121844 0.078788
v -0.204506 0.122052 0.077965
v -0.207148 0.122153 0.076561
v -0.205855 0.122788 0.078456
v -0.208923 0.122278 0.076132
v -0.202820 0.122537 0.080269
v -0.202992 0.123545 0.088645
v -0.202706 0.123861 0.087505
v -0.204513 0.123677 0.087541
v -0.208622 0.122912 0.077370
v -0.191958 0.122619 0.099265
v -0.207545 0.123481 0.079411
v -0.198841 0.121274 0.080612
v -0.205046 0.123178 0.080162
v -0.207744 0.123892 0.080897
v -0.205700 0.123670 0.081401
v -0.192482 0.122860 0.098389
v -0.193956 0.122631 0.097970
v -0.203289 0.123343 0.082208
v -0.204277 0.123775 0.083435
v -0.203208 0.123814 0.084835
v -0.201718 0.123616 0.084774
v -0.195139 0.122002 0.097843
v -0.197703 0.121759 0.096085
v -0.197788 0.121150 0.096435
v -0.200344 0.123808 0.086779
v -0.202320 0.123871 0.086110
v -0.200792 0.123947 0.087654
v -0.198368 0.123589 0.086886
v -0.198972 0.123929 0.088368
v -0.196216 0.123811 0.089455
v -0.196095 0.123475 0.087984
v -0.193735 0.123344 0.088853
v -0.193054 0.123832 0.091516
v -0.191017 0.123299 0.090589
v -0.191450 0.123884 0.093542
v -0.190027 0.123663 0.092782
v -0.214357 0.120040 0.070071
v -0.213945 0.120027 0.069206
v -0.214966 0.119970 0.069638
v -0.213999 0.120177 0.072435
v -0.207865 0.115545 0.074465
v -0.195764 0.123762 0.093324
v -0.196025 0.123488 0.094162
v -0.195108 0.123772 0.094085
v -0.196063 0.122985 0.086319
v -0.191489 0.122959 0.098877
v -0.193972 0.122924 0.097374
v -0.196007 0.122434 0.096663
v -0.211316 0.119489 0.071690
v -0.201177 0.123633 0.089711
v -0.200002 0.123941 0.089183
v -0.190333 0.122432 0.100617
v -0.213924 0.119981 0.070627
v -0.214664 0.119959 0.071087
v -0.199224 0.120342 0.080087
v -0.192626 0.123407 0.097072
v -0.193087 0.123448 0.096594
v -0.192348 0.123134 0.097872
v -0.189011 0.123207 0.091660
v -0.198253 0.122273 0.095162
v -0.198825 0.123804 0.091170
v -0.197872 0.123976 0.090110
v -0.209691 0.123507 0.078477
v -0.193407 0.123211 0.097049
v -0.206891 0.123261 0.087043
v -0.206607 0.123506 0.086532
v -0.207502 0.123554 0.086026
v -0.191331 0.123098 0.098455
v -0.204109 0.123353 0.088703
v -0.203769 0.123060 0.089757
v -0.202411 0.123203 0.090196
v -0.190122 0.123310 0.098263
v -0.194511 0.123110 0.096808
v -0.198533 0.122486 0.094585
v -0.197861 0.122580 0.094923
v -0.198477 0.122899 0.094167
v -0.191637 0.123242 0.098114
v -0.196876 0.122692 0.095654
v -0.193338 0.123941 0.093146
v -0.195799 0.123983 0.091985
v -0.200911 0.123093 0.091492
v -0.202479 0.122911 0.090705
v -0.201838 0.122556 0.091625
v -0.193297 0.121043 0.099767
v -0.190458 0.120967 0.101545
v -0.190443 0.121760 0.101169
v -0.212380 0.119941 0.071049
v -0.212444 0.120222 0.071932
v -0.212010 0.120085 0.071882
v -0.195790 0.121134 0.098032
v -0.192860 0.121867 0.099571
v -0.188428 0.123609 0.098469
v -0.191446 0.123334 0.097732
v -0.195027 0.123159 0.096143
v -0.195418 0.122918 0.096435
v -0.210912 0.118927 0.071956
v -0.199490 0.122359 0.093898
v -0.192311 0.123206 0.097363
v -0.189189 0.122613 0.089731
v -0.194016 0.123316 0.096269
v -0.205675 0.123078 0.088038
v -0.205600 0.123340 0.087387
v -0.196323 0.122927 0.095537
v -0.190857 0.119838 0.101520
v -0.193696 0.120218 0.099792
v -0.194297 0.119195 0.099528
v -0.197351 0.122827 0.095037
v -0.195103 0.123401 0.095415
v -0.194679 0.122360 0.085566
v -0.193716 0.123518 0.095918
v -0.196202 0.123275 0.095348
v -0.201204 0.122216 0.092705
v -0.200196 0.122713 0.092839
v -0.200763 0.122471 0.081637
v -0.201045 0.122073 0.080656
v -0.199314 0.123416 0.091900
v -0.200115 0.123333 0.091169
v -0.197312 0.123147 0.094799
v -0.203657 0.122503 0.090372
v -0.204828 0.123003 0.088875
v -0.204670 0.122703 0.089352
v -0.197949 0.123355 0.093836
v -0.192148 0.123819 0.094779
v -0.189046 0.123846 0.095109
v -0.196343 0.123434 0.094806
v -0.194213 0.123651 0.094890
v -0.199289 0.123107 0.092665
v -0.210494 0.118092 0.071969
v -0.211048 0.118790 0.071074
v -0.209733 0.117593 0.073272
v -0.194408 0.123881 0.093704
v -0.197011 0.123321 0.094656
v -0.202342 0.123329 0.089570
v -0.201358 0.123304 0.090442
v -0.197027 0.123316 0.094169
v -0.197122 0.123701 0.092740
v -0.199891 0.123251 0.091847
v -0.198354 0.123416 0.092582
v -0.197391 0.123440 0.093460
v -0.199999 0.122972 0.083442
v -0.212589 0.119887 0.069598
v -0.209727 0.123871 0.083471
v -0.209672 0.124074 0.082481
v -0.209001 0.124110 0.081649
v -0.211234 0.124048 0.080308
v -0.210693 0.124091 0.081441
v -0.211848 0.119902 0.071456
v -0.211930 0.119698 0.070585
v -0.205822 0.123646 0.086618
v -0.205349 0.123822 0.086092
v -0.206824 0.123762 0.085721
v -0.208250 0.123711 0.084864
v -0.196613 0.120258 0.097653
v -0.215053 0.119863 0.068194
v -0.210811 0.124019 0.082116
v -0.211645 0.123778 0.082396
v -0.212164 0.124014 0.081034
v -0.209625 0.123877 0.079812
v -0.193256 0.122631 0.087045
v -0.188434 0.122376 0.101753
v -0.191445 0.118704 0.101223
v -0.189830 0.121899 0.087646
v -0.188171 0.121791 0.088769
v -0.210725 0.120808 0.073814
v -0.211473 0.120972 0.073914
v -0.211238 0.121681 0.074811
v -0.212469 0.121089 0.074282
v -0.210591 0.122491 0.076001
v -0.212339 0.121967 0.075292
v -0.214806 0.119983 0.072495
v -0.213562 0.120581 0.073917
v -0.214189 0.120260 0.073327
v -0.212455 0.122852 0.076554
v -0.213321 0.122137 0.075866
v -0.213665 0.120403 0.073135
v -0.214753 0.119982 0.073554
v -0.215328 0.119772 0.073164
v -0.215717 0.119712 0.071571
v -0.213381 0.121240 0.074848
v -0.213195 0.121646 0.075399
v -0.214321 0.120287 0.074037
v -0.214121 0.120715 0.074621
v -0.210994 0.123276 0.077378
v -0.214800 0.120138 0.074695
v -0.211668 0.123785 0.078711
v -0.213665 0.123263 0.077400
v -0.212519 0.123451 0.077657
v -0.196951 0.118911 0.081544
v -0.194586 0.121657 0.084451
v -0.213222 0.123911 0.079493
v -0.213475 0.123669 0.078334
v -0.193066 0.122009 0.085909
v -0.191624 0.122018 0.086711
v -0.191349 0.122686 0.088374
v -0.201458 0.115391 0.078293
v -0.199385 0.116616 0.079875
v -0.187174 0.121833 0.102933
v -0.186592 0.120675 0.103618
v -0.202271 0.119007 0.038532
v -0.201077 0.119452 0.038705
v -0.201437 0.118763 0.037474
v -0.196196 0.121124 0.036235
v -0.196835 0.120917 0.037091
v -0.195729 0.121319 0.036754
v -0.197537 0.120222 0.036207
v -0.196786 0.120509 0.035918
v -0.199241 0.121054 0.040061
v -0.199284 0.120831 0.039377
v -0.200168 0.120494 0.039953
v -0.190124 0.117073 0.021560
v -0.189753 0.116750 0.020538
v -0.191009 0.116120 0.021576
v -0.197440 0.119930 0.034932
v -0.196383 0.120302 0.034907
v -0.197722 0.120566 0.037116
v -0.197455 0.121056 0.037541
v -0.198964 0.116651 0.031524
v -0.198522 0.116075 0.030516
v -0.199444 0.115485 0.031452
v -0.192104 0.115419 0.022387
v -0.191729 0.116366 0.022609
v -0.194984 0.115178 0.025037
v -0.193804 0.115640 0.024161
v -0.194205 0.113602 0.023293
v -0.202475 0.119757 0.040613
v -0.203462 0.119195 0.040127
v -0.203665 0.119510 0.041444
v -0.190847 0.116893 0.022249
v -0.191306 0.117125 0.023001
v -0.196430 0.121367 0.037944
v -0.197479 0.121165 0.038171
v -0.198392 0.120955 0.038685
v -0.197468 0.121381 0.038832
v -0.203048 0.118470 0.038662
v -0.195519 0.121074 0.035947
v -0.205507 0.110020 0.038209
v -0.205900 0.111050 0.038775
v -0.205143 0.111530 0.038014
v -0.192588 0.116815 0.024021
v -0.193178 0.116806 0.024715
v -0.192591 0.117325 0.024722
v -0.198262 0.121403 0.039614
v -0.200583 0.112396 0.031850
v -0.201417 0.112628 0.033134
v -0.200485 0.114167 0.032181
v -0.198385 0.118205 0.032532
v -0.199233 0.117733 0.033206
v -0.199371 0.118317 0.034121
v -0.191325 0.115112 0.020924
v -0.190245 0.117638 0.022478
v -0.189154 0.118459 0.022521
v -0.189066 0.117747 0.021028
v -0.199566 0.116986 0.032865
v -0.199641 0.116389 0.032424
v -0.187943 0.118437 0.020889
v -0.187889 0.118876 0.022159
v -0.206629 0.110148 0.039788
v -0.196223 0.114858 0.026561
v -0.197992 0.120982 0.038213
v -0.199823 0.121094 0.041257
v -0.200644 0.120622 0.040886
v -0.200466 0.121010 0.041676
v -0.199599 0.121089 0.040616
v -0.202283 0.118144 0.037642
v -0.203149 0.117204 0.037869
v -0.206075 0.117522 0.041518
v -0.206124 0.118136 0.042304
v -0.205206 0.117258 0.040439
v -0.195700 0.120143 0.033724
v -0.195456 0.120781 0.034990
v -0.194645 0.120695 0.033699
v -0.204436 0.114499 0.037664
v -0.203475 0.115480 0.037029
v -0.204228 0.112806 0.036864
v -0.202135 0.114952 0.034954
v -0.201185 0.116971 0.034968
v -0.201263 0.115468 0.034213
v -0.204840 0.115428 0.038900
v -0.204304 0.116081 0.038372
v -0.204209 0.115626 0.037941
v -0.192670 0.116224 0.023584
v -0.194633 0.121226 0.035365
v -0.202695 0.120143 0.042517
v -0.201657 0.120428 0.041758
v -0.202467 0.120192 0.041760
v -0.200162 0.120150 0.039032
v -0.200941 0.120021 0.039455
v -0.191918 0.117353 0.024011
v -0.196322 0.120738 0.035786
v -0.197894 0.120960 0.037732
v -0.192098 0.116763 0.023401
v -0.204667 0.119492 0.042981
v -0.204772 0.119209 0.042053
v -0.204211 0.116857 0.038847
v -0.204005 0.118036 0.039391
v -0.203872 0.116217 0.037906
v -0.200395 0.115844 0.033120
v -0.199319 0.113425 0.030319
v -0.200086 0.110569 0.030811
v -0.198221 0.119686 0.035437
v -0.198383 0.119338 0.034403
v -0.202142 0.115671 0.035403
v -0.202222 0.116378 0.035888
v -0.198303 0.120680 0.038039
v -0.194595 0.119718 0.030889
v -0.194072 0.119606 0.030117
v -0.194930 0.119400 0.030426
v -0.193595 0.118424 0.027138
v -0.193727 0.119161 0.028550
v -0.193274 0.118791 0.027704
v -0.194084 0.120077 0.031311
v -0.195115 0.119725 0.031702
v -0.194610 0.120295 0.032469
v -0.202317 0.120159 0.041286
v -0.203221 0.119897 0.041966
v -0.192475 0.119466 0.028792
v -0.191942 0.119959 0.029235
v -0.191880 0.119437 0.028421
v -0.197919 0.116674 0.029926
v -0.197962 0.115202 0.028993
v -0.194692 0.119219 0.029227
v -0.195328 0.118997 0.029826
v -0.195164 0.118699 0.028930
v -0.201388 0.120045 0.040137
v -0.201704 0.120190 0.040900
v -0.206289 0.115348 0.040864
v -0.205672 0.115876 0.040245
v -0.205930 0.114330 0.039735
v -0.193020 0.118906 0.027993
v -0.192972 0.119318 0.028594
v -0.201893 0.119688 0.039951
v -0.202178 0.119453 0.039532
v -0.198784 0.117522 0.031815
v -0.204084 0.119882 0.043695
v -0.192201 0.117713 0.024929
v -0.193508 0.120310 0.031349
v -0.193294 0.119942 0.030699
v -0.196119 0.119514 0.032412
v -0.195788 0.118955 0.030887
v -0.195141 0.120327 0.033021
v -0.195127 0.120148 0.032443
v -0.195457 0.119980 0.032673
v -0.199906 0.120032 0.038075
v -0.192924 0.119664 0.029538
v -0.198901 0.120404 0.038115
v -0.199489 0.119551 0.036721
v -0.198607 0.119888 0.036376
v -0.199732 0.119158 0.035963
v -0.201881 0.120497 0.042963
v -0.202827 0.120164 0.043560
v -0.204879 0.118608 0.041141
v -0.205796 0.118883 0.042685
v -0.193040 0.117879 0.025685
v -0.190500 0.115743 0.020393
v -0.195751 0.118625 0.029500
v -0.196259 0.118080 0.029233
v -0.196226 0.118537 0.030308
v -0.197106 0.118643 0.031485
v -0.188582 0.119027 0.023538
v -0.201542 0.119703 0.039521
v -0.199336 0.120445 0.038697
v -0.196001 0.120887 0.035639
v -0.196707 0.119832 0.033554
v -0.201206 0.114302 0.033499
v -0.202202 0.113058 0.034328
v -0.202284 0.110564 0.033843
v -0.201313 0.111027 0.032634
v -0.196762 0.117294 0.028974
v -0.196623 0.116098 0.027850
v -0.203138 0.110622 0.035018
v -0.197120 0.115746 0.028120
v -0.200201 0.117042 0.033891
v -0.206049 0.112348 0.039380
v -0.205113 0.113481 0.038402
v -0.203014 0.114274 0.035819
v -0.202817 0.113028 0.035122
v -0.192448 0.114106 0.021586
v -0.202083 0.120644 0.044584
v -0.191744 0.118885 0.026918
v -0.192607 0.118680 0.026898
v -0.192319 0.119085 0.027880
v -0.191029 0.119725 0.028379
v -0.191452 0.119213 0.027533
v -0.203526 0.112189 0.035743
v -0.194538 0.118637 0.027941
v -0.187268 0.119541 0.023317
v -0.198457 0.111680 0.028609
v -0.188279 0.119438 0.024687
v -0.192151 0.120483 0.030558
v -0.200396 0.118992 0.036681
v -0.201247 0.118151 0.036357
v -0.200576 0.119339 0.037595
v -0.198232 0.120328 0.037446
v -0.195269 0.117952 0.027855
v -0.195668 0.117056 0.027429
v -0.194096 0.117513 0.026321
v -0.201451 0.117460 0.035786
v -0.195855 0.116050 0.026655
v -0.197400 0.119288 0.033565
v -0.198210 0.118823 0.033261
v -0.194770 0.116782 0.026136
v -0.201818 0.117975 0.036809
v -0.201976 0.117340 0.036301
v -0.201051 0.120954 0.043609
v -0.191320 0.118571 0.025823
v -0.189944 0.118677 0.024495
v -0.191214 0.118081 0.024553
v -0.202589 0.116746 0.036693
v -0.200657 0.118309 0.035765
v -0.199078 0.120008 0.037381
v -0.199035 0.119192 0.035244
v -0.200010 0.118558 0.035146
v -0.199895 0.119629 0.037309
v -0.196937 0.119350 0.032786
v -0.189372 0.119257 0.025551
v -0.188879 0.119895 0.026849
v -0.188578 0.119608 0.025700
v -0.197057 0.119832 0.034320
v -0.190307 0.119353 0.026986
v -0.191041 0.118907 0.026621
v -0.190288 0.118152 0.023544
v -0.202310 0.117505 0.036997
v -0.192076 0.118204 0.025605
v -0.204163 0.110187 0.036178
v -0.204842 0.110235 0.037256
v -0.195725 0.112868 0.024900
v -0.197302 0.113499 0.027494
v -0.187839 0.120005 0.025790
v -0.206823 0.116081 0.041686
v -0.206270 0.116682 0.041258
v -0.198568 0.120300 0.037742
v -0.190341 0.118854 0.025902
v -0.194955 0.116140 0.025841
v -0.197761 0.117709 0.030869
v -0.190957 0.117650 0.023508
v -0.189081 0.119152 0.024506
v -0.187495 0.119792 0.024685
v -0.200917 0.120860 0.042570
v -0.193591 0.120692 0.032232
v -0.203895 0.051603 0.075671
v -0.202871 0.050631 0.076371
v -0.204465 0.048443 0.075217
v -0.203264 0.065647 0.060838
v -0.200648 0.063366 0.057485
v -0.200326 0.070702 0.056515
v -0.205383 0.058305 0.074490
v -0.206096 0.059749 0.073869
v -0.203981 0.060834 0.075561
v -0.197905 0.065801 0.053292
v -0.205249 0.067804 0.063760
v -0.205676 0.063445 0.064415
v -0.208043 0.070664 0.071663
v -0.207738 0.071681 0.072614
v -0.207569 0.070290 0.072836
v -0.207449 0.068123 0.067508
v -0.207850 0.066630 0.068841
v -0.206962 0.065733 0.066567
v -0.206804 0.062199 0.066410
v -0.207348 0.062904 0.067535
v -0.207411 0.060612 0.067705
v -0.208338 0.080777 0.070885
v -0.208403 0.081355 0.069254
v -0.208359 0.082058 0.069823
v -0.203658 0.084567 0.060199
v -0.202534 0.082443 0.058736
v -0.202335 0.087569 0.058167
v -0.203404 0.057106 0.075890
v -0.199746 0.056916 0.078103
v -0.201861 0.053091 0.077028
v -0.208305 0.082211 0.070859
v -0.207798 0.068691 0.072165
v -0.208061 0.069393 0.070477
v -0.208149 0.071512 0.070315
v -0.203646 0.070207 0.061278
v -0.206590 0.069154 0.065916
v -0.204669 0.053743 0.075079
v -0.208419 0.074374 0.070114
v -0.208184 0.072985 0.071309
v -0.208223 0.072955 0.069782
v -0.207477 0.070180 0.067646
v -0.207860 0.068808 0.068954
v -0.207558 0.044783 0.070342
v -0.207363 0.043729 0.071433
v -0.207489 0.042954 0.070289
v -0.208031 0.066209 0.071646
v -0.208103 0.066760 0.070375
v -0.208121 0.067841 0.070981
v -0.203487 0.074152 0.060785
v -0.205419 0.071399 0.063853
v -0.200568 0.078067 0.056467
v -0.206066 0.066845 0.074396
v -0.206843 0.069250 0.073727
v -0.205532 0.070589 0.075088
v -0.207048 0.060645 0.072939
v -0.205685 0.062273 0.074413
v -0.206005 0.055831 0.073906
v -0.202899 0.061115 0.060636
v -0.206029 0.077335 0.074590
v -0.206976 0.079245 0.073663
v -0.205356 0.080385 0.074945
v -0.207137 0.045056 0.071978
v -0.206783 0.043681 0.072490
v -0.206973 0.048722 0.067033
v -0.207166 0.044422 0.068493
v -0.205851 0.045252 0.065838
v -0.197298 0.056857 0.053346
v -0.194543 0.062471 0.048742
v -0.198064 0.061227 0.054106
v -0.199782 0.084533 0.054770
v -0.204301 0.074679 0.075992
v -0.203454 0.078207 0.076382
v -0.201550 0.075709 0.077557
v -0.204653 0.078451 0.061857
v -0.205375 0.051220 0.074482
v -0.202837 0.080950 0.076545
v -0.208372 0.078489 0.068060
v -0.208443 0.079904 0.068960
v -0.208516 0.078393 0.069013
v -0.205782 0.045032 0.073817
v -0.203461 0.045047 0.075742
v -0.204783 0.040960 0.074560
v -0.207396 0.051222 0.071988
v -0.206588 0.052973 0.073289
v -0.206504 0.050943 0.073295
v -0.193128 0.068549 0.046040
v -0.195813 0.070553 0.050019
v -0.196664 0.081043 0.050977
v -0.207170 0.042352 0.071851
v -0.207466 0.040991 0.070840
v -0.207524 0.073082 0.067204
v -0.208096 0.073727 0.068636
v -0.207903 0.071942 0.068548
v -0.196998 0.087109 0.050861
v -0.190536 0.065484 0.042360
v -0.191322 0.070773 0.043068
v -0.207828 0.048790 0.069476
v -0.207763 0.047676 0.069921
v -0.207604 0.048118 0.068739
v -0.197529 0.075431 0.052454
v -0.195225 0.076352 0.049080
v -0.191124 0.045749 0.044627
v -0.192990 0.049575 0.047461
v -0.191733 0.040676 0.045544
v -0.206691 0.058469 0.066211
v -0.194581 0.055144 0.049495
v -0.206267 0.042232 0.073154
v -0.192729 0.074545 0.045118
v -0.208131 0.071762 0.071452
v -0.206602 0.074002 0.074210
v -0.207574 0.076276 0.073054
v -0.208454 0.077925 0.068555
v -0.205894 0.047420 0.073961
v -0.189778 0.049133 0.042572
v -0.206881 0.071680 0.066171
v -0.201881 0.044267 0.060579
v -0.200392 0.042849 0.058371
v -0.200681 0.047693 0.058590
v -0.207597 0.046396 0.070882
v -0.206794 0.057705 0.073087
v -0.206792 0.080152 0.064857
v -0.207993 0.079982 0.067270
v -0.207785 0.077426 0.066741
v -0.206416 0.074608 0.064924
v -0.206527 0.077588 0.064625
v -0.197200 0.050797 0.053293
v -0.202208 0.071632 0.077202
v -0.207434 0.080960 0.073081
v -0.208150 0.081885 0.071999
v -0.200855 0.049244 0.077596
v -0.205951 0.064151 0.074375
v -0.206816 0.062546 0.073450
v -0.207417 0.071608 0.067363
v -0.200637 0.063520 0.077707
v -0.200921 0.059678 0.077388
v -0.202098 0.057781 0.059894
v -0.203764 0.057799 0.061887
v -0.204287 0.053615 0.062592
v -0.208317 0.082239 0.068733
v -0.203883 0.066032 0.075981
v -0.198725 0.039853 0.055579
v -0.197019 0.044104 0.053087
v -0.208509 0.078370 0.070488
v -0.208474 0.077460 0.069128
v -0.207862 0.075046 0.067479
v -0.186886 0.043939 0.038537
v -0.187145 0.049140 0.038740
v -0.189123 0.044805 0.041675
v -0.204853 0.082455 0.061892
v -0.196066 0.053646 0.080382
v -0.206936 0.050089 0.072805
v -0.206239 0.049172 0.073623
v -0.207433 0.049128 0.071926
v -0.207826 0.048680 0.070491
v -0.207807 0.050047 0.070105
v -0.207601 0.074629 0.073106
v -0.208244 0.074864 0.071857
v -0.207254 0.041638 0.069273
v -0.206658 0.041641 0.067727
v -0.208406 0.075140 0.068947
v -0.207987 0.077764 0.072458
v -0.207435 0.078032 0.073265
v -0.206946 0.047019 0.072584
v -0.208493 0.076233 0.070083
v -0.208257 0.076977 0.071655
v -0.207941 0.070396 0.069172
v -0.207101 0.070760 0.073579
v -0.207846 0.083302 0.067183
v -0.208185 0.081371 0.068174
v -0.208014 0.079178 0.072319
v -0.190525 0.059914 0.043036
v -0.207671 0.047738 0.071213
v -0.204889 0.059591 0.063326
v -0.206884 0.071866 0.073857
v -0.180358 0.049887 0.028716
v -0.182136 0.046336 0.031755
v -0.179475 0.045589 0.027800
v -0.206533 0.070610 0.074205
v -0.207671 0.049410 0.068644
v -0.207729 0.051709 0.068461
v -0.208065 0.067962 0.069970
v -0.208131 0.065116 0.070120
v -0.205067 0.055505 0.063554
v -0.195829 0.060665 0.080292
v -0.208304 0.076347 0.068414
v -0.207654 0.073319 0.072925
v -0.206328 0.083430 0.064228
v -0.184520 0.045478 0.035343
v -0.190504 0.054388 0.043396
v -0.208330 0.077448 0.068151
v -0.192624 0.054207 0.046705
v -0.183419 0.052004 0.033355
v -0.188447 0.052866 0.040406
v -0.186890 0.057420 0.037876
v -0.192492 0.057439 0.046268
v -0.207555 0.046591 0.069154
v -0.207958 0.058551 0.070272
v -0.207873 0.060136 0.071234
v -0.207442 0.058951 0.072203
v -0.206856 0.064609 0.073538
v -0.187176 0.065365 0.037680
v -0.188710 0.062151 0.040152
v -0.207770 0.057237 0.071296
v -0.207401 0.055914 0.072177
v -0.207880 0.055419 0.070406
v -0.208011 0.061613 0.070399
v -0.207891 0.060097 0.069389
v -0.207770 0.062087 0.068849
v -0.207848 0.053793 0.069538
v -0.207815 0.055364 0.069236
v -0.208269 0.078129 0.071716
v -0.207706 0.054391 0.071370
v -0.207491 0.053292 0.071956
v -0.207853 0.053230 0.070727
v -0.208038 0.063215 0.069824
v -0.207800 0.064230 0.068535
v -0.203685 0.044110 0.063008
v -0.207038 0.053315 0.066642
v -0.205981 0.052464 0.064889
v -0.203998 0.039225 0.063465
v -0.202180 0.042153 0.061080
v -0.207675 0.058255 0.068428
v -0.207893 0.056702 0.069522
v -0.207560 0.055341 0.068129
v -0.199699 0.090082 0.054108
v -0.201226 0.039091 0.059553
v -0.199865 0.057525 0.057044
v -0.207977 0.063526 0.071366
v -0.207456 0.063156 0.072677
v -0.206032 0.055655 0.064959
v -0.205738 0.048017 0.065236
v -0.205374 0.041876 0.065490
v -0.200044 0.067887 0.078193
v -0.202106 0.052652 0.060074
v -0.204096 0.048188 0.063033
v -0.207868 0.054182 0.070361
v -0.204014 0.051075 0.062467
v -0.207741 0.052308 0.071394
v -0.207387 0.052404 0.072184
v -0.207241 0.066646 0.073136
v -0.199563 0.053028 0.056710
v -0.207700 0.061749 0.072069
v -0.207584 0.064726 0.072585
v -0.207849 0.051972 0.070227
v -0.207148 0.054546 0.072609
v -0.205328 0.050110 0.064254
v -0.200336 0.079251 0.078115
v -0.148772 0.121509 -0.027342
v -0.150023 0.122491 -0.027268
v -0.150294 0.121597 -0.025399
v -0.146258 0.102918 -0.025282
v -0.147980 0.105888 -0.023129
v -0.149705 0.104051 -0.020344
v -0.152525 0.106723 -0.016301
v -0.154241 0.111587 -0.014221
v -0.155501 0.107906 -0.011814
v -0.149360 0.122787 -0.028817
v -0.149872 0.122898 -0.028442
v -0.147505 0.120093 -0.027463
v -0.146767 0.121531 -0.030432
v -0.148532 0.122405 -0.029230
v -0.148994 0.122923 -0.029671
v -0.156102 0.120579 -0.014835
v -0.157461 0.121397 -0.013881
v -0.158174 0.120537 -0.011791
v -0.155642 0.121907 -0.022388
v -0.155885 0.122070 -0.021542
v -0.155140 0.122551 -0.021945
v -0.159662 0.120518 -0.019499
v -0.160099 0.120493 -0.018438
v -0.159186 0.120778 -0.018866
v -0.154900 0.096576 -0.012297
v -0.154881 0.093262 -0.011884
v -0.151976 0.095593 -0.016227
v -0.156398 0.122669 -0.018345
v -0.156069 0.122664 -0.019113
v -0.156696 0.122444 -0.019151
v -0.150635 0.117355 -0.020875
v -0.148574 0.117214 -0.023964
v -0.149404 0.118535 -0.023422
v -0.156139 0.122230 -0.020875
v -0.155445 0.122719 -0.020903
v -0.158114 0.121348 -0.018621
v -0.157101 0.122188 -0.018607
v -0.157289 0.121656 -0.019738
v -0.150884 0.115221 -0.019819
v -0.152129 0.116038 -0.018007
v -0.154884 0.119309 -0.015432
v -0.154333 0.120548 -0.017472
v -0.149102 0.122699 -0.030470
v -0.150165 0.122116 -0.030426
v -0.149744 0.122845 -0.029489
v -0.144204 0.117060 -0.030330
v -0.142317 0.114991 -0.032514
v -0.142196 0.117228 -0.033285
v -0.157695 0.120014 -0.024983
v -0.157877 0.120419 -0.024050
v -0.157187 0.120673 -0.024851
v -0.138580 0.110171 -0.037463
v -0.141032 0.108411 -0.033319
v -0.138553 0.106773 -0.036816
v -0.156082 0.120950 -0.025139
v -0.156167 0.120641 -0.026175
v -0.156711 0.120707 -0.025574
v -0.157099 0.120968 -0.022515
v -0.157120 0.120820 -0.023329
v -0.157843 0.120563 -0.022908
v -0.143875 0.112850 -0.030009
v -0.141308 0.111663 -0.033493
v -0.158111 0.120695 -0.021871
v -0.153148 0.121413 -0.027834
v -0.152636 0.121830 -0.027092
v -0.152199 0.121950 -0.027523
v -0.151643 0.122465 -0.027345
v -0.151705 0.122034 -0.028293
v -0.150255 0.122775 -0.028754
v -0.150450 0.122809 -0.027996
v -0.151635 0.110678 -0.018029
v -0.151995 0.113532 -0.017734
v -0.152429 0.118273 -0.018478
v -0.153893 0.118297 -0.016318
v -0.153782 0.116737 -0.015762
v -0.152626 0.122153 -0.026555
v -0.152159 0.122196 -0.027071
v -0.160230 0.120294 -0.019467
v -0.159882 0.120304 -0.020112
v -0.160152 0.119856 -0.020245
v -0.155737 0.121365 -0.024088
v -0.156685 0.120895 -0.024078
v -0.156408 0.121278 -0.023370
v -0.152724 0.122500 -0.023718
v -0.153004 0.122569 -0.024327
v -0.153378 0.122635 -0.023718
v -0.149497 0.115688 -0.022072
v -0.147678 0.115171 -0.024684
v -0.137260 0.102957 -0.038455
v -0.141878 0.104457 -0.031698
v -0.157522 0.122183 -0.017766
v -0.158501 0.121547 -0.017646
v -0.148451 0.098416 -0.021677
v -0.152337 0.101225 -0.016292
v -0.153169 0.122378 -0.025069
v -0.152331 0.122610 -0.025062
v -0.143779 0.118574 -0.031730
v -0.154171 0.121527 -0.025921
v -0.154381 0.121107 -0.026870
v -0.155274 0.121079 -0.026034
v -0.139895 0.099816 -0.034491
v -0.140701 0.116250 -0.035178
v -0.157430 0.097789 -0.008462
v -0.155018 0.099321 -0.012346
v -0.157824 0.101834 -0.008109
v -0.150810 0.122494 -0.028613
v -0.155532 0.121669 -0.023210
v -0.156221 0.121464 -0.022720
v -0.155338 0.103971 -0.011810
v -0.158543 0.106697 -0.007323
v -0.153537 0.121469 -0.019790
v -0.152897 0.121819 -0.021820
v -0.153825 0.122343 -0.021062
v -0.145813 0.099393 -0.025648
v -0.143193 0.100091 -0.029506
v -0.154763 0.121863 -0.023781
v -0.151131 0.121979 -0.029415
v -0.150411 0.122537 -0.029361
v -0.154238 0.122381 -0.023508
v -0.153919 0.122357 -0.024248
v -0.152305 0.122427 -0.025972
v -0.151618 0.122621 -0.026631
v -0.152031 0.122436 -0.026679
v -0.162878 0.116250 -0.020733
v -0.162616 0.117056 -0.020297
v -0.161995 0.116516 -0.021875
v -0.150740 0.119022 -0.021671
v -0.153978 0.122647 -0.023006
v -0.153192 0.122480 -0.023033
v -0.153754 0.122543 -0.023486
v -0.150954 0.122727 -0.027167
v -0.153903 0.121958 -0.025205
v -0.154855 0.121565 -0.024929
v -0.154740 0.122507 -0.022829
v -0.158105 0.122164 -0.017012
v -0.158693 0.121651 -0.016754
v -0.158377 0.122092 -0.016532
v -0.153529 0.114528 -0.015572
v -0.158063 0.122365 -0.016244
v -0.157508 0.122428 -0.015939
v -0.157452 0.122556 -0.016865
v -0.148369 0.122946 -0.030502
v -0.158698 0.120868 -0.019788
v -0.151445 0.122609 -0.025979
v -0.151812 0.122544 -0.025118
v -0.151253 0.122238 -0.025242
v -0.140936 0.117481 -0.035232
v -0.139416 0.117150 -0.037388
v -0.140732 0.118028 -0.035807
v -0.155367 0.120722 -0.027054
v -0.157617 0.111503 -0.009189
v -0.153897 0.122683 -0.022186
v -0.147612 0.122506 -0.030673
v -0.153383 0.121683 -0.026701
v -0.157439 0.119652 -0.026412
v -0.158414 0.119454 -0.025031
v -0.149362 0.120598 -0.025339
v -0.148888 0.119523 -0.024968
v -0.159149 0.121064 -0.018185
v -0.156922 0.122294 -0.016484
v -0.156817 0.122578 -0.017494
v -0.151096 0.122568 -0.027871
v -0.160747 0.119954 -0.018888
v -0.161081 0.119502 -0.019387
v -0.156864 0.121668 -0.021003
v -0.157343 0.121132 -0.021691
v -0.157915 0.121054 -0.020816
v -0.152180 0.122461 -0.024396
v -0.159419 0.100234 -0.005640
v -0.149450 0.108700 -0.021215
v -0.160196 0.117502 -0.024371
v -0.160763 0.118313 -0.022077
v -0.159719 0.119065 -0.023001
v -0.158240 0.093809 -0.006965
v -0.155461 0.089496 -0.010628
v -0.156931 0.122516 -0.018105
v -0.158811 0.120575 -0.020935
v -0.159450 0.120541 -0.020246
v -0.153340 0.122167 -0.025901
v -0.144734 0.095540 -0.027064
v -0.147354 0.093591 -0.022991
v -0.145292 0.089205 -0.025542
v -0.156506 0.122108 -0.020347
v -0.152436 0.121338 -0.029424
v -0.147765 0.118594 -0.025864
v -0.152494 0.084984 -0.014897
v -0.153676 0.089791 -0.013307
v -0.141993 0.118357 -0.034210
v -0.142256 0.120656 -0.035763
v -0.144486 0.121935 -0.034379
v -0.144518 0.120797 -0.032747
v -0.138584 0.120172 -0.040912
v -0.139878 0.119726 -0.038305
v -0.138378 0.118849 -0.040144
v -0.158890 0.120330 -0.021868
v -0.158372 0.120436 -0.022446
v -0.158465 0.120013 -0.023216
v -0.158056 0.120492 -0.023446
v -0.161348 0.117070 -0.022464
v -0.161263 0.117624 -0.021833
v -0.143706 0.109971 -0.029727
v -0.143216 0.119622 -0.033408
v -0.145424 0.119981 -0.030494
v -0.150071 0.119816 -0.023383
v -0.139193 0.114187 -0.036993
v -0.160374 0.098249 -0.004000
v -0.157242 0.119903 -0.026027
v -0.151933 0.121894 -0.023633
v -0.157503 0.120677 -0.023742
v -0.156337 0.122372 -0.019737
v -0.140839 0.118933 -0.036196
v -0.155614 0.122732 -0.019767
v -0.154585 0.122440 -0.020008
v -0.151180 0.120172 -0.022040
v -0.150774 0.120844 -0.023582
v -0.156835 0.119979 -0.026774
v -0.159545 0.119906 -0.021772
v -0.159427 0.120165 -0.020896
v -0.156350 0.121688 -0.016181
v -0.157370 0.122021 -0.015232
v -0.137942 0.117771 -0.040141
v -0.139227 0.118496 -0.038356
v -0.151823 0.121094 -0.022355
v -0.159649 0.120944 -0.017194
v -0.156825 0.119065 -0.012516
v -0.156741 0.117457 -0.011770
v -0.155231 0.117747 -0.014079
v -0.152331 0.090704 -0.015206
v -0.156501 0.121503 -0.022020
v -0.151332 0.118482 -0.020440
v -0.159338 0.121314 -0.016136
v -0.155598 0.122212 -0.018349
v -0.160252 0.119425 -0.021088
v -0.155318 0.121316 -0.017082
v -0.154609 0.121602 -0.018591
v -0.155915 0.115224 -0.012341
v -0.154514 0.122852 -0.021345
v -0.154583 0.122808 -0.022155
v -0.146474 0.117018 -0.027026
v -0.158113 0.122321 -0.015207
v -0.158650 0.122000 -0.015788
v -0.162088 0.118120 -0.019978
v -0.145818 0.118638 -0.028785
v -0.145101 0.115068 -0.028497
v -0.146447 0.111827 -0.025913
v -0.161301 0.118971 -0.020298
v -0.140424 0.120859 -0.038609
v -0.149730 0.113209 -0.021268
v -0.156935 0.120334 -0.025942
v -0.152046 0.078377 -0.014813
v -0.150093 0.080442 -0.017913
v -0.141400 0.091369 -0.031460
v -0.158209 0.121980 -0.013905
v -0.154446 0.120858 -0.027918
v -0.142968 0.107467 -0.030455
v -0.156061 0.122521 -0.020362
v -0.153608 0.119321 -0.017414
v -0.152291 0.120719 -0.020872
v -0.151826 0.119456 -0.020392
v -0.156317 0.122265 -0.017406
v -0.156144 0.120253 -0.027082
v -0.141569 0.096480 -0.031671
v -0.139882 0.121514 -0.040273
v -0.145683 0.107512 -0.026558
v -0.147997 0.084372 -0.021138
v -0.149459 0.090179 -0.019480
v -0.149277 0.094311 -0.020077
v -0.157617 0.089667 -0.007280
v -0.156088 0.085253 -0.009156
v -0.152842 0.120011 -0.019110
v -0.146561 0.122478 -0.032206
v -0.216809 0.109478 0.079027
v -0.216347 0.109978 0.078384
v -0.216089 0.108882 0.077915
v -0.216189 0.113067 0.077594
v -0.215892 0.112422 0.076874
v -0.215788 0.111490 0.077127
v -0.215736 0.110090 0.077450
v -0.215814 0.108761 0.076596
v -0.204587 0.098780 0.090973
v -0.205434 0.097821 0.090418
v -0.204617 0.098187 0.090858
v -0.210564 0.093951 0.086821
v -0.209499 0.092056 0.087506
v -0.208871 0.093648 0.087947
v -0.215907 0.112291 0.076237
v -0.215780 0.110514 0.076094
v -0.216921 0.117045 0.078977
v -0.217040 0.115990 0.079150
v -0.217257 0.116662 0.079290
v -0.216027 0.113727 0.075533
v -0.215864 0.113319 0.076570
v -0.209066 0.102295 0.088234
v -0.209566 0.103729 0.088176
v -0.211287 0.104062 0.086841
v -0.215797 0.114113 0.076870
v -0.215773 0.115063 0.076671
v -0.215894 0.114629 0.076158
v -0.217144 0.107495 0.079664
v -0.216968 0.106792 0.081362
v -0.217122 0.108210 0.081135
v -0.216902 0.112400 0.079073
v -0.217276 0.111889 0.080753
v -0.217370 0.113466 0.079837
v -0.214527 0.103028 0.083951
v -0.214741 0.104713 0.083763
v -0.215623 0.102739 0.082712
v -0.216960 0.110923 0.079176
v -0.216096 0.114714 0.077403
v -0.216131 0.092856 0.078974
v -0.216407 0.092071 0.079473
v -0.216237 0.093626 0.079423
v -0.216068 0.094162 0.078838
v -0.215803 0.093569 0.078242
v -0.212762 0.093310 0.084848
v -0.211574 0.090972 0.086014
v -0.211461 0.093173 0.086052
v -0.215872 0.095443 0.079280
v -0.213409 0.099980 0.084592
v -0.213331 0.101227 0.084860
v -0.214615 0.100829 0.083365
v -0.215661 0.106035 0.082869
v -0.214537 0.106034 0.083913
v -0.213974 0.106903 0.084753
v -0.213191 0.104970 0.085364
v -0.212395 0.105774 0.086055
v -0.206157 0.096137 0.089844
v -0.207938 0.098376 0.088940
v -0.208085 0.096010 0.088540
v -0.205958 0.101347 0.090371
v -0.204244 0.102055 0.091428
v -0.206008 0.103458 0.090496
v -0.215777 0.097264 0.075645
v -0.215597 0.096738 0.076925
v -0.215874 0.098319 0.076370
v -0.217224 0.117545 0.080869
v -0.217457 0.115894 0.080398
v -0.216928 0.116153 0.081672
v -0.214179 0.098333 0.083701
v -0.210675 0.091175 0.086561
v -0.215939 0.115792 0.076120
v -0.215844 0.115917 0.076834
v -0.217359 0.109871 0.080129
v -0.217259 0.108855 0.080522
v -0.217002 0.110106 0.081069
v -0.215902 0.107585 0.077383
v -0.206422 0.094463 0.089507
v -0.205161 0.094065 0.090217
v -0.217259 0.104776 0.080045
v -0.216850 0.105053 0.081488
v -0.210324 0.092036 0.086809
v -0.210089 0.110908 0.088563
v -0.211277 0.108860 0.087254
v -0.209333 0.108683 0.088770
v -0.213365 0.116518 0.085570
v -0.211426 0.116015 0.087420
v -0.212776 0.117921 0.085862
v -0.216782 0.102721 0.079220
v -0.217114 0.103457 0.079823
v -0.216781 0.103950 0.079366
v -0.212199 0.096009 0.085622
v -0.210689 0.096733 0.086805
v -0.212692 0.110326 0.086312
v -0.212840 0.112789 0.086296
v -0.216050 0.101301 0.077707
v -0.216002 0.102748 0.077776
v -0.215785 0.101967 0.076889
v -0.212133 0.101439 0.085942
v -0.213411 0.102287 0.084841
v -0.216334 0.106728 0.078284
v -0.215768 0.105918 0.076869
v -0.213918 0.114962 0.085046
v -0.216555 0.108094 0.078618
v -0.217288 0.116354 0.079705
v -0.217267 0.115379 0.079569
v -0.216515 0.093568 0.079939
v -0.215789 0.104337 0.076989
v -0.216030 0.105324 0.078090
v -0.215728 0.095181 0.077994
v -0.216441 0.103452 0.078598
v -0.216616 0.104667 0.078851
v -0.216070 0.104024 0.077920
v -0.216006 0.108715 0.074963
v -0.214970 0.112793 0.083986
v -0.213476 0.108593 0.085400
v -0.211977 0.107173 0.086733
v -0.216954 0.106050 0.079316
v -0.215502 0.100581 0.074428
v -0.215919 0.101254 0.075815
v -0.215772 0.102767 0.075169
v -0.213802 0.105838 0.084760
v -0.215922 0.099333 0.075595
v -0.216765 0.109252 0.081457
v -0.209811 0.107267 0.088304
v -0.207580 0.105703 0.089810
v -0.208335 0.107602 0.089341
v -0.215233 0.107978 0.083444
v -0.204107 0.097437 0.091195
v -0.207160 0.099973 0.089360
v -0.213197 0.098213 0.084828
v -0.212027 0.099182 0.085971
v -0.216189 0.111185 0.078186
v -0.215528 0.095325 0.076968
v -0.216354 0.115927 0.077629
v -0.216959 0.114600 0.078617
v -0.215835 0.107178 0.075990
v -0.217163 0.108690 0.079498
v -0.216363 0.102250 0.081627
v -0.216110 0.104082 0.082127
v -0.217428 0.114594 0.079872
v -0.214482 0.118425 0.084092
v -0.215931 0.117709 0.082820
v -0.214665 0.116690 0.084202
v -0.214150 0.095503 0.083489
v -0.213701 0.091680 0.083845
v -0.215740 0.105541 0.075518
v -0.215568 0.105194 0.074587
v -0.215756 0.104212 0.074958
v -0.215684 0.106589 0.074974
v -0.199112 0.096007 0.093967
v -0.201135 0.098820 0.092960
v -0.202124 0.096368 0.092233
v -0.216185 0.097221 0.080448
v -0.216196 0.092100 0.080605
v -0.215795 0.093413 0.081058
v -0.216104 0.112173 0.075334
v -0.215622 0.106173 0.073946
v -0.216078 0.113486 0.074523
v -0.215807 0.098184 0.077279
v -0.215756 0.096956 0.078086
v -0.216000 0.098562 0.078017
v -0.214834 0.093882 0.082577
v -0.215351 0.091638 0.082022
v -0.214526 0.090878 0.082915
v -0.215927 0.110760 0.074988
v -0.211550 0.102482 0.086394
v -0.209872 0.100581 0.087612
v -0.216071 0.112115 0.074350
v -0.213482 0.096531 0.084464
v -0.215997 0.100012 0.077969
v -0.216021 0.099173 0.078905
v -0.216953 0.103037 0.080787
v -0.216551 0.100830 0.081012
v -0.216245 0.114740 0.073655
v -0.216204 0.113251 0.073675
v -0.207749 0.115153 0.090562
v -0.208426 0.116714 0.089771
v -0.209342 0.115146 0.089178
v -0.215948 0.110640 0.074011
v -0.216066 0.112085 0.073527
v -0.215931 0.115432 0.075325
v -0.215954 0.116800 0.075423
v -0.216120 0.116586 0.074269
v -0.215882 0.103249 0.077110
v -0.216441 0.113545 0.072556
v -0.216630 0.116164 0.072681
v -0.207822 0.117999 0.090021
v -0.208851 0.118573 0.089100
v -0.209812 0.117711 0.088643
v -0.215208 0.097486 0.082403
v -0.215552 0.094835 0.081634
v -0.208049 0.103606 0.089262
v -0.210078 0.105410 0.087960
v -0.215782 0.097492 0.079007
v -0.215922 0.099953 0.076901
v -0.217257 0.110498 0.079769
v -0.200211 0.089552 0.093117
v -0.198773 0.089432 0.094009
v -0.200100 0.092655 0.093310
v -0.215725 0.094193 0.077279
v -0.215736 0.108634 0.073186
v -0.211200 0.120938 0.086584
v -0.212334 0.120241 0.085742
v -0.210840 0.120125 0.087033
v -0.204011 0.092031 0.091009
v -0.202038 0.091797 0.092139
v -0.204063 0.095257 0.091040
v -0.211584 0.119386 0.086559
v -0.216020 0.111211 0.072849
v -0.210744 0.118502 0.087615
v -0.209514 0.119387 0.088355
v -0.215443 0.114548 0.083290
v -0.215757 0.095838 0.076211
v -0.215698 0.095241 0.075324
v -0.215673 0.094547 0.076373
v -0.201935 0.101744 0.092778
v -0.203297 0.099849 0.091813
v -0.215897 0.102981 0.076252
v -0.208399 0.091072 0.088108
v -0.209286 0.089158 0.087670
v -0.205780 0.091985 0.089937
v -0.205981 0.089091 0.089721
v -0.204519 0.089293 0.090652
v -0.215585 0.093441 0.075733
v -0.215363 0.093965 0.074901
v -0.215521 0.092863 0.074886
v -0.212544 0.100590 0.085500
v -0.215899 0.100322 0.081868
v -0.201213 0.087109 0.092572
v -0.216064 0.104248 0.075882
v -0.208666 0.113453 0.089728
v -0.210650 0.113736 0.088216
v -0.216388 0.102021 0.078476
v -0.196885 0.089188 0.095012
v -0.198543 0.092194 0.094197
v -0.207213 0.093601 0.088941
v -0.217467 0.114281 0.080827
v -0.216690 0.100786 0.079302
v -0.216249 0.100662 0.078455
v -0.217202 0.117421 0.079539
v -0.216814 0.100824 0.080284
v -0.204565 0.104877 0.091641
v -0.215486 0.103434 0.074025
v -0.208214 0.120987 0.088763
v -0.209053 0.120299 0.088648
v -0.216604 0.114244 0.082028
v -0.216071 0.115917 0.082713
v -0.214701 0.110270 0.084310
v -0.208258 0.121823 0.088103
v -0.210757 0.121802 0.086276
v -0.217028 0.102224 0.079870
v -0.210162 0.098754 0.087462
v -0.212086 0.097747 0.085723
v -0.213401 0.119485 0.084836
v -0.207556 0.111524 0.090510
v -0.206213 0.113731 0.091528
v -0.215694 0.092237 0.076472
v -0.215613 0.093444 0.076675
v -0.211370 0.100327 0.086485
v -0.216653 0.116328 0.078434
v -0.216012 0.114891 0.074568
v -0.202958 0.089327 0.091577
v -0.215590 0.105217 0.072127
v -0.215348 0.101385 0.073112
v -0.207228 0.091372 0.088914
v -0.215619 0.098293 0.074617
v -0.213245 0.103746 0.085087
v -0.215317 0.098054 0.073167
v -0.211209 0.117620 0.087406
v -0.215672 0.092851 0.077418
v -0.216154 0.112849 0.082421
v -0.215557 0.096724 0.074554
v -0.215321 0.095222 0.074220
v -0.215186 0.093466 0.074192
v -0.216184 0.110891 0.082417
v -0.206695 0.108615 0.090707
v -0.216258 0.108836 0.082290
v -0.217408 0.117208 0.080093
v -0.215945 0.092166 0.078176
v -0.215251 0.094538 0.073101
v -0.216736 0.118081 0.081624
v -0.148083 0.121248 -0.035502
v -0.147190 0.121191 -0.036578
v -0.148174 0.120971 -0.035988
v -0.146612 0.118747 -0.042868
v -0.145478 0.118878 -0.044141
v -0.145842 0.118152 -0.044777
v -0.146088 0.119660 -0.042084
v -0.145498 0.120603 -0.041266
v -0.144664 0.120191 -0.042670
v -0.146859 0.119809 -0.040888
v -0.146271 0.120162 -0.041156
v -0.147862 0.119013 -0.040861
v -0.147655 0.117933 -0.042524
v -0.147453 0.119848 -0.040201
v -0.144269 0.119605 -0.044902
v -0.143994 0.119009 -0.046441
v -0.144817 0.119536 -0.043983
v -0.146487 0.120403 -0.040327
v -0.150041 0.121300 -0.032856
v -0.150480 0.120816 -0.033828
v -0.150793 0.120989 -0.032649
v -0.144684 0.122125 -0.038042
v -0.144777 0.121849 -0.038698
v -0.145725 0.121469 -0.038095
v -0.146263 0.122904 -0.034125
v -0.146709 0.122841 -0.033534
v -0.146220 0.122906 -0.033862
v -0.144228 0.121804 -0.039547
v -0.143570 0.122137 -0.039950
v -0.143752 0.121838 -0.040606
v -0.143853 0.122198 -0.039413
v -0.144071 0.122450 -0.038873
v -0.143178 0.122545 -0.037182
v -0.144552 0.122744 -0.035740
v -0.144486 0.121935 -0.034379
v -0.145821 0.122858 -0.034656
v -0.142917 0.119420 -0.047543
v -0.143663 0.119571 -0.045877
v -0.142629 0.119915 -0.046793
v -0.147359 0.121894 -0.034742
v -0.147363 0.122224 -0.033931
v -0.146215 0.122440 -0.035107
v -0.143754 0.121463 -0.041310
v -0.144067 0.120894 -0.041869
v -0.144634 0.121314 -0.040570
v -0.145629 0.120974 -0.040162
v -0.145170 0.121355 -0.039380
v -0.145211 0.122840 -0.035860
v -0.145304 0.122367 -0.036844
v -0.143726 0.120198 -0.044622
v -0.145728 0.122634 -0.033889
v -0.143055 0.122348 -0.040819
v -0.146625 0.122690 -0.034118
v -0.147526 0.122628 -0.032873
v -0.151346 0.121404 -0.030336
v -0.150753 0.121431 -0.030957
v -0.151539 0.121044 -0.031260
v -0.142849 0.122954 -0.038457
v -0.141857 0.122707 -0.039319
v -0.146281 0.120804 -0.039324
v -0.143142 0.121982 -0.041543
v -0.146553 0.121846 -0.035730
v -0.148288 0.121784 -0.033569
v -0.147790 0.121939 -0.034149
v -0.150165 0.122116 -0.030426
v -0.144132 0.122849 -0.037427
v -0.144536 0.122944 -0.036624
v -0.143683 0.122924 -0.037247
v -0.143238 0.122875 -0.039010
v -0.144120 0.122668 -0.038013
v -0.143543 0.123011 -0.038040
v -0.146561 0.122478 -0.032206
v -0.143461 0.120787 -0.043243
v -0.143278 0.121194 -0.042591
v -0.140424 0.120859 -0.038609
v -0.141749 0.121870 -0.038032
v -0.142256 0.120656 -0.035763
v -0.143167 0.121426 -0.042063
v -0.149102 0.122699 -0.030470
v -0.149142 0.122273 -0.031162
v -0.142315 0.122942 -0.039603
v -0.147252 0.120233 -0.039707
v -0.148083 0.119756 -0.039284
v -0.142861 0.122602 -0.039711
v -0.143405 0.122441 -0.039574
v -0.150656 0.121360 -0.031746
v -0.142900 0.122529 -0.040198
v -0.143247 0.122396 -0.040114
v -0.148418 0.122686 -0.031458
v -0.147553 0.122880 -0.031690
v -0.142473 0.122537 -0.040204
v -0.146703 0.122859 -0.033001
v -0.147612 0.122506 -0.030673
v -0.150452 0.121317 -0.032361
v -0.149972 0.121483 -0.032198
v -0.149126 0.121758 -0.032705
v -0.149200 0.121327 -0.033779
v -0.148120 0.122100 -0.032981
v -0.148629 0.122259 -0.032106
v -0.148369 0.122946 -0.030502
v -0.149693 0.121864 -0.031607
v -0.153148 0.121413 -0.027834
v -0.152436 0.121338 -0.029424
v -0.153762 0.120770 -0.028834
v -0.150303 0.121702 -0.031168
v -0.149259 0.117995 -0.040319
v -0.148436 0.119262 -0.039559
v -0.152453 0.120839 -0.030650
v -0.147407 0.120646 -0.038351
v -0.148839 0.120867 -0.035457
v -0.148630 0.120693 -0.036349
v -0.149811 0.120340 -0.035546
v -0.149482 0.118628 -0.039143
v -0.147916 0.121487 -0.034906
v -0.148183 0.121506 -0.034222
v -0.151131 0.121979 -0.029415
v -0.148720 0.119791 -0.038185
v -0.149352 0.119271 -0.038561
v -0.147352 0.121512 -0.035445
v -0.142530 0.122722 -0.039762
v -0.147680 0.120318 -0.039065
v -0.149459 0.120105 -0.036647
v -0.148295 0.120469 -0.037324
v -0.148846 0.119877 -0.037514
v -0.150644 0.119982 -0.035343
v -0.150854 0.119636 -0.035847
v -0.148724 0.121320 -0.034774
v -0.147055 0.120596 -0.039290
v -0.150730 0.120274 -0.034806
v -0.151408 0.120299 -0.033801
v -0.151438 0.119836 -0.034918
v -0.149574 0.120851 -0.034664
v -0.148259 0.120175 -0.037892
v -0.150167 0.120645 -0.034773
v -0.151498 0.119931 -0.034305
v -0.146698 0.120471 -0.039700
v -0.145334 0.108653 -0.053081
v -0.144838 0.106578 -0.054796
v -0.147066 0.107833 -0.051083
v -0.147732 0.109547 -0.049407
v -0.148815 0.107849 -0.048384
v -0.148290 0.106160 -0.049960
v -0.150177 0.105415 -0.047398
v -0.151663 0.104832 -0.045192
v -0.150677 0.106823 -0.046093
v -0.150270 0.108749 -0.045979
v -0.142631 0.109193 -0.057177
v -0.145277 0.110162 -0.052510
v -0.166898 0.110291 -0.018223
v -0.164736 0.110748 -0.021338
v -0.165699 0.108521 -0.020973
v -0.158309 0.114638 -0.030492
v -0.159229 0.114472 -0.028847
v -0.158135 0.116082 -0.029992
v -0.153140 0.115997 -0.037130
v -0.152870 0.117019 -0.036645
v -0.151536 0.116625 -0.038719
v -0.162936 0.115375 -0.021263
v -0.161607 0.115515 -0.023536
v -0.162110 0.114452 -0.023347
v -0.159303 0.105963 -0.033162
v -0.157305 0.107379 -0.035686
v -0.157821 0.104506 -0.036152
v -0.148395 0.114602 -0.044706
v -0.150338 0.114399 -0.042019
v -0.149478 0.115147 -0.042653
v -0.165111 0.111627 -0.020082
v -0.163324 0.112620 -0.022578
v -0.156985 0.112385 -0.033874
v -0.157208 0.113501 -0.033069
v -0.155647 0.113738 -0.035112
v -0.158909 0.117127 -0.027542
v -0.157930 0.117188 -0.029255
v -0.159166 0.112802 -0.030209
v -0.156277 0.114749 -0.033679
v -0.146560 0.110631 -0.050222
v -0.145512 0.111763 -0.051284
v -0.162883 0.110594 -0.024591
v -0.164392 0.114354 -0.019621
v -0.167311 0.105479 -0.020391
v -0.169577 0.106832 -0.016322
v -0.142380 0.120919 -0.044970
v -0.164054 0.108247 -0.024031
v -0.151023 0.117766 -0.038178
v -0.157268 0.118031 -0.029611
v -0.158064 0.117946 -0.028199
v -0.154899 0.112606 -0.037060
v -0.153869 0.114088 -0.037676
v -0.157235 0.117249 -0.030575
v -0.147092 0.116377 -0.045076
v -0.146240 0.117324 -0.045247
v -0.145057 0.116792 -0.047884
v -0.154789 0.117503 -0.033906
v -0.155429 0.116132 -0.034028
v -0.157009 0.115579 -0.032139
v -0.156470 0.117113 -0.031935
v -0.156364 0.118080 -0.031164
v -0.165391 0.107138 -0.022434
v -0.164381 0.106090 -0.024724
v -0.149893 0.116454 -0.041013
v -0.150272 0.117207 -0.039804
v -0.162207 0.116000 -0.022159
v -0.160245 0.115600 -0.026124
v -0.160196 0.117502 -0.024371
v -0.161173 0.116340 -0.023556
v -0.157439 0.119652 -0.026412
v -0.158045 0.119171 -0.026330
v -0.158414 0.119454 -0.025031
v -0.161522 0.112408 -0.025986
v -0.160767 0.113614 -0.026488
v -0.156363 0.111330 -0.035375
v -0.155172 0.109936 -0.037766
v -0.151459 0.111445 -0.042560
v -0.149805 0.110486 -0.045604
v -0.151764 0.109671 -0.043316
v -0.144023 0.116078 -0.050193
v -0.145313 0.114895 -0.049226
v -0.145711 0.116053 -0.047649
v -0.154257 0.114997 -0.036262
v -0.154434 0.116028 -0.035367
v -0.158583 0.109615 -0.032656
v -0.155524 0.106273 -0.038863
v -0.154765 0.103720 -0.040667
v -0.156354 0.102219 -0.038739
v -0.151753 0.115213 -0.039623
v -0.151948 0.107912 -0.043758
v -0.153175 0.105810 -0.042560
v -0.153614 0.108449 -0.041210
v -0.153292 0.111693 -0.039718
v -0.153075 0.110390 -0.040923
v -0.149662 0.115658 -0.041909
v -0.161995 0.116516 -0.021875
v -0.169970 0.103922 -0.016974
v -0.170228 0.102341 -0.017061
v -0.171895 0.101747 -0.015045
v -0.144543 0.118305 -0.046773
v -0.142921 0.117957 -0.049931
v -0.144343 0.117463 -0.048103
v -0.142290 0.121820 -0.043229
v -0.153975 0.117087 -0.035164
v -0.152153 0.118453 -0.036233
v -0.142681 0.121912 -0.042251
v -0.161348 0.117070 -0.022464
v -0.153022 0.119117 -0.034266
v -0.155097 0.118396 -0.032674
v -0.142092 0.122745 -0.040365
v -0.163690 0.103196 -0.026994
v -0.161444 0.103390 -0.030830
v -0.162830 0.100742 -0.029365
v -0.140748 0.122905 -0.042947
v -0.141289 0.122524 -0.043500
v -0.141583 0.122440 -0.042947
v -0.142097 0.122579 -0.042071
v -0.153785 0.103196 -0.042557
v -0.154307 0.119262 -0.032530
v -0.142351 0.122600 -0.040855
v -0.161387 0.106232 -0.029462
v -0.161714 0.109091 -0.027696
v -0.166440 0.102808 -0.022978
v -0.154635 0.120665 -0.028559
v -0.155336 0.120511 -0.028061
v -0.154446 0.120858 -0.027918
v -0.146891 0.112902 -0.048574
v -0.147689 0.113846 -0.046441
v -0.146072 0.113897 -0.048871
v -0.141337 0.122250 -0.044039
v -0.141748 0.122923 -0.041211
v -0.155473 0.118974 -0.031341
v -0.144629 0.113348 -0.051832
v -0.151852 0.113265 -0.040778
v -0.141145 0.122924 -0.040933
v -0.140690 0.122421 -0.040437
v -0.141186 0.123005 -0.041951
v -0.158697 0.118511 -0.026006
v -0.156106 0.119355 -0.029775
v -0.156515 0.118715 -0.030131
v -0.157401 0.118981 -0.028205
v -0.168767 0.102711 -0.019168
v -0.170119 0.100903 -0.017796
v -0.142373 0.120293 -0.046084
v -0.139882 0.121514 -0.040273
v -0.141536 0.121674 -0.044701
v -0.140351 0.122818 -0.041894
v -0.149340 0.112572 -0.044950
v -0.156034 0.120005 -0.028549
v -0.152866 0.104363 -0.043617
v -0.147799 0.111377 -0.048093
v -0.141751 0.122965 -0.040405
v -0.159719 0.119065 -0.023001
v -0.159695 0.102619 -0.034269
v -0.158156 0.101675 -0.036557
v -0.154727 0.119796 -0.030961
v -0.147975 0.116970 -0.043157
v -0.165197 0.099236 -0.025732
v -0.148401 0.115716 -0.043550
v -0.148681 0.116239 -0.042852
v -0.147504 0.115420 -0.045282
v -0.149539 0.113779 -0.043548
v -0.156835 0.119979 -0.026774
v -0.143430 0.116787 -0.050299
v -0.154914 0.120098 -0.029780
v -0.149120 0.117359 -0.041396
v -0.150534 0.118629 -0.037824
v -0.156144 0.120253 -0.027082
v -0.154566 0.120415 -0.029230
v -0.155367 0.120722 -0.027054
v -0.162878 0.116250 -0.020733
v -0.168517 0.099974 -0.020594
v -0.152693 0.120235 -0.031997
v -0.152123 0.120202 -0.032909
v -0.152805 0.120095 -0.032658
v -0.153035 0.120697 -0.030660
v -0.153406 0.120726 -0.030086
v -0.152286 0.120648 -0.031593
v -0.152065 0.120461 -0.032373
v -0.153501 0.120165 -0.031700
v -0.154062 0.120200 -0.030460
v -0.153308 0.119811 -0.032878
v -0.151481 0.120611 -0.032980
v -0.139558 0.122168 -0.041801
v -0.153093 0.120479 -0.031060
v -0.152211 0.119709 -0.034124
v -0.150080 0.119527 -0.037042
v -0.150197 0.119146 -0.037566
v -0.151504 0.120769 -0.032093
v -0.152218 0.120006 -0.033539
v -0.202378 0.121598 0.092318
v -0.201204 0.122216 0.092705
v -0.203098 0.122135 0.091395
v -0.206517 0.117561 0.091113
v -0.206171 0.116304 0.091752
v -0.205277 0.117576 0.092048
v -0.192568 0.089524 0.097629
v -0.193176 0.087109 0.097238
v -0.191387 0.087066 0.098256
v -0.176712 0.109120 0.108591
v -0.174897 0.107679 0.109639
v -0.175495 0.109977 0.109500
v -0.196180 0.115523 0.098305
v -0.198410 0.115065 0.096787
v -0.196270 0.113952 0.098051
v -0.178289 0.097692 0.106895
v -0.178424 0.101015 0.106980
v -0.180074 0.097759 0.105773
v -0.175703 0.089666 0.108152
v -0.173395 0.089786 0.109618
v -0.173418 0.092490 0.109784
v -0.191313 0.106886 0.099627
v -0.193039 0.106955 0.098701
v -0.191831 0.104409 0.099087
v -0.194181 0.093856 0.096866
v -0.194305 0.090779 0.096681
v -0.192898 0.092096 0.097599
v -0.207868 0.118968 0.089829
v -0.206301 0.118541 0.091220
v -0.207041 0.119458 0.090283
v -0.189471 0.087277 0.099458
v -0.189127 0.090631 0.099729
v -0.190974 0.090372 0.098661
v -0.185213 0.104180 0.102900
v -0.185165 0.102200 0.102796
v -0.183967 0.102455 0.103517
v -0.191980 0.099028 0.098594
v -0.190530 0.100625 0.099548
v -0.193055 0.102154 0.098054
v -0.188004 0.102044 0.100993
v -0.187649 0.097751 0.101032
v -0.186250 0.100600 0.102125
v -0.195980 0.099941 0.096125
v -0.196137 0.097302 0.095962
v -0.194412 0.096698 0.096854
v -0.193395 0.104930 0.098206
v -0.180310 0.111719 0.106520
v -0.180978 0.108169 0.105783
v -0.179809 0.108896 0.106622
v -0.175672 0.103151 0.108922
v -0.175411 0.099751 0.108874
v -0.201838 0.122556 0.091625
v -0.194018 0.110395 0.098753
v -0.192548 0.108755 0.099284
v -0.191543 0.109501 0.099927
v -0.186208 0.110070 0.102913
v -0.187957 0.110062 0.101946
v -0.186175 0.108330 0.102638
v -0.181463 0.095958 0.104718
v -0.180118 0.094222 0.105626
v -0.159959 0.105593 0.119014
v -0.158343 0.103570 0.119959
v -0.157908 0.106238 0.120434
v -0.186778 0.112017 0.102801
v -0.183150 0.096273 0.103743
v -0.183771 0.099677 0.103487
v -0.184479 0.096979 0.102964
v -0.183611 0.092141 0.103138
v -0.184633 0.093368 0.102637
v -0.184865 0.091347 0.102350
v -0.186366 0.117722 0.103849
v -0.185850 0.114728 0.103729
v -0.183923 0.117431 0.104981
v -0.191445 0.118704 0.101223
v -0.191709 0.116946 0.100963
v -0.190018 0.118109 0.101907
v -0.189872 0.103989 0.100147
v -0.189096 0.101070 0.100305
v -0.170996 0.090834 0.111303
v -0.173049 0.087352 0.109840
v -0.195149 0.108239 0.097716
v -0.194566 0.106150 0.097779
v -0.185468 0.095636 0.102234
v -0.185512 0.098119 0.102333
v -0.168023 0.106436 0.113874
v -0.165789 0.107332 0.115377
v -0.167579 0.108758 0.114359
v -0.179343 0.104482 0.106534
v -0.180729 0.101987 0.105502
v -0.207642 0.118612 0.090159
v -0.163757 0.089637 0.116124
v -0.165464 0.090219 0.114974
v -0.164381 0.087322 0.115577
v -0.168163 0.095348 0.113317
v -0.171017 0.094617 0.111484
v -0.197554 0.093162 0.094817
v -0.196180 0.092258 0.095602
v -0.197026 0.095369 0.095161
v -0.177253 0.103840 0.107859
v -0.181447 0.088035 0.104375
v -0.180514 0.086863 0.104849
v -0.179892 0.089884 0.105464
v -0.170093 0.087563 0.111799
v -0.171682 0.086487 0.110615
v -0.171220 0.082058 0.110834
v -0.200700 0.117109 0.095293
v -0.198487 0.117896 0.096668
v -0.200329 0.118435 0.095283
v -0.196285 0.112100 0.097744
v -0.194077 0.112874 0.099198
v -0.196885 0.089188 0.095012
v -0.198543 0.092194 0.094197
v -0.175812 0.105058 0.108835
v -0.177533 0.106536 0.107940
v -0.197585 0.098638 0.095095
v -0.188391 0.104858 0.101111
v -0.170026 0.111113 0.113050
v -0.170462 0.109641 0.112726
v -0.169152 0.109910 0.113521
v -0.180923 0.085037 0.104480
v -0.182395 0.086245 0.103547
v -0.161961 0.092665 0.117224
v -0.164426 0.093058 0.115729
v -0.163375 0.091816 0.116374
v -0.199112 0.096007 0.093967
v -0.199557 0.099841 0.093918
v -0.201135 0.098820 0.092960
v -0.204091 0.116860 0.092878
v -0.202329 0.115781 0.094107
v -0.202593 0.117664 0.093800
v -0.168146 0.103702 0.113619
v -0.169078 0.105651 0.113102
v -0.208426 0.116714 0.089771
v -0.207749 0.115153 0.090562
v -0.178306 0.088029 0.106295
v -0.177560 0.090559 0.106957
v -0.199791 0.105594 0.094517
v -0.201693 0.104784 0.093348
v -0.199927 0.103150 0.094069
v -0.203281 0.119215 0.093002
v -0.175673 0.092619 0.108339
v -0.175361 0.095806 0.108656
v -0.177819 0.092966 0.106926
v -0.177476 0.095954 0.107320
v -0.162939 0.102523 0.116886
v -0.162982 0.099372 0.116636
v -0.160864 0.101175 0.118132
v -0.192289 0.111588 0.099859
v -0.190299 0.110940 0.100753
v -0.179238 0.107200 0.106792
v -0.182155 0.083652 0.103732
v -0.188368 0.119083 0.102864
v -0.207809 0.122476 0.087529
v -0.207123 0.122189 0.088569
v -0.206793 0.122642 0.088251
v -0.173014 0.104882 0.110645
v -0.166063 0.098544 0.114625
v -0.167976 0.098198 0.113474
v -0.204183 0.118109 0.092748
v -0.171987 0.109388 0.111654
v -0.195633 0.089956 0.095818
v -0.194975 0.087471 0.096189
v -0.187250 0.091699 0.100996
v -0.189862 0.095726 0.099622
v -0.189030 0.092781 0.099939
v -0.196570 0.103602 0.096155
v -0.196451 0.102046 0.096091
v -0.195084 0.102228 0.096827
v -0.203657 0.122503 0.090372
v -0.190443 0.093132 0.099029
v -0.170503 0.104632 0.112185
v -0.170115 0.107477 0.112707
v -0.161970 0.104731 0.117672
v -0.164738 0.104982 0.115899
v -0.162351 0.107705 0.117623
v -0.191085 0.114933 0.101011
v -0.189045 0.113169 0.101837
v -0.189243 0.115581 0.102084
v -0.174748 0.105115 0.109578
v -0.205436 0.122289 0.089257
v -0.205686 0.122718 0.088566
v -0.205733 0.121938 0.089652
v -0.206552 0.121779 0.089409
v -0.204623 0.121694 0.090769
v -0.188549 0.117232 0.102663
v -0.198629 0.116706 0.096684
v -0.200345 0.115798 0.095538
v -0.208214 0.120987 0.088763
v -0.209053 0.120299 0.088648
v -0.206618 0.120116 0.090311
v -0.193804 0.115012 0.099620
v -0.191798 0.113255 0.100418
v -0.197788 0.121150 0.096435
v -0.198185 0.120601 0.096517
v -0.195790 0.121134 0.098032
v -0.194028 0.118001 0.099760
v -0.191985 0.093275 0.098140
v -0.186563 0.087931 0.101208
v -0.187870 0.088593 0.100388
v -0.195503 0.094626 0.096166
v -0.183792 0.084037 0.102692
v -0.184294 0.086806 0.102522
v -0.183648 0.104385 0.103888
v -0.185424 0.087140 0.101808
v -0.185696 0.085020 0.101569
v -0.200360 0.121771 0.093799
v -0.199498 0.121563 0.094789
v -0.198253 0.122273 0.095162
v -0.178980 0.115114 0.107647
v -0.181058 0.115258 0.106410
v -0.182517 0.102111 0.104458
v -0.193553 0.108738 0.098629
v -0.199369 0.121141 0.095156
v -0.200277 0.120608 0.094868
v -0.197756 0.101821 0.095252
v -0.163563 0.097175 0.116255
v -0.165208 0.097248 0.115247
v -0.167619 0.091319 0.113539
v -0.182886 0.111329 0.104939
v -0.181841 0.100306 0.104799
v -0.181730 0.098381 0.104709
v -0.198025 0.107538 0.095820
v -0.196204 0.106010 0.096651
v -0.178476 0.109528 0.107463
v -0.184179 0.095077 0.102941
v -0.183623 0.093859 0.103308
v -0.204565 0.104877 0.091641
v -0.203181 0.107699 0.092943
v -0.193908 0.099564 0.097360
v -0.194942 0.116776 0.099106
v -0.180426 0.099736 0.105609
v -0.185187 0.088950 0.102010
v -0.208258 0.121823 0.088103
v -0.194297 0.119195 0.099528
v -0.206144 0.121291 0.089986
v -0.204678 0.120473 0.091485
v -0.203720 0.121084 0.091880
v -0.196039 0.118249 0.098428
v -0.196837 0.117358 0.097740
v -0.195432 0.117740 0.098806
v -0.164277 0.091667 0.115737
v -0.201935 0.101744 0.092778
v -0.168396 0.086123 0.112857
v -0.186774 0.103495 0.101925
v -0.201367 0.110720 0.094437
v -0.203572 0.112986 0.093145
v -0.204044 0.110210 0.092665
v -0.181508 0.116925 0.106267
v -0.182807 0.115882 0.105400
v -0.205675 0.123078 0.088038
v -0.206891 0.123261 0.087043
v -0.206563 0.122962 0.087835
v -0.202255 0.120108 0.093445
v -0.200092 0.119968 0.095163
v -0.194892 0.104318 0.097297
v -0.174129 0.094442 0.109377
v -0.172929 0.096671 0.110329
v -0.186998 0.106446 0.102019
v -0.182510 0.113824 0.105471
v -0.183136 0.108368 0.104541
v -0.181888 0.104949 0.105005
v -0.200623 0.107834 0.094432
v -0.175969 0.111506 0.109322
v -0.184940 0.111077 0.103771
v -0.182626 0.117246 0.105622
v -0.165378 0.102611 0.115303
v -0.168596 0.099118 0.113058
v -0.169377 0.100162 0.112643
v -0.169683 0.097447 0.112366
v -0.196403 0.119593 0.098036
v -0.197582 0.118858 0.097381
v -0.173836 0.111609 0.110664
v -0.198225 0.104540 0.095382
v -0.207822 0.117999 0.090021
v -0.174682 0.084012 0.108555
v -0.173123 0.083610 0.109607
v -0.171164 0.098540 0.111516
v -0.172284 0.098805 0.110736
v -0.171566 0.096308 0.111153
v -0.189475 0.107592 0.100844
v -0.206695 0.108615 0.090707
v -0.160390 0.103249 0.118475
v -0.174847 0.087144 0.108567
v -0.185899 0.093553 0.101866
v -0.207461 0.122779 0.087212
v -0.202464 0.120575 0.093036
v -0.183578 0.106438 0.104029
v -0.205609 0.111297 0.091853
v -0.179483 0.085737 0.105529
v -0.182412 0.093613 0.104060
v -0.159142 0.101727 0.119252
v -0.159881 0.099440 0.118681
v -0.157215 0.101246 0.120634
v -0.156370 0.104591 0.121327
v -0.198544 0.112639 0.096321
v -0.173532 0.098514 0.109953
v -0.200797 0.113875 0.095121
v -0.196753 0.110198 0.097093
v -0.182756 0.089810 0.103584
v -0.197101 0.116385 0.097656
v -0.167188 0.100513 0.114015
v -0.208456 0.122338 0.087433
v -0.166518 0.105710 0.114721
v -0.192218 0.096117 0.098182
v -0.184824 0.108674 0.103573
v -0.184975 0.106372 0.103108
v -0.176273 0.083665 0.107525
v -0.172510 0.094813 0.110406
v -0.178167 0.112774 0.108030
v -0.177264 0.111210 0.108402
v -0.176454 0.113410 0.109209
v -0.204408 0.115189 0.092746
v -0.206213 0.113731 0.091528
v -0.193242 0.094506 0.097521
v -0.171586 0.101236 0.111363
v -0.165183 0.095280 0.115130
v -0.164865 0.100701 0.115486
v -0.177546 0.085551 0.106755
v -0.199227 0.119407 0.096008
v -0.196613 0.120258 0.097653
v -0.208851 0.118573 0.089100
v -0.204670 0.122703 0.089352
v -0.207556 0.111524 0.090510
v -0.204528 0.122075 0.090291
v -0.199490 0.122359 0.093898
v -0.187545 0.085809 0.100408
v -0.209514 0.119387 0.088355
v -0.166998 0.088764 0.113845
v -0.201116 0.121122 0.093659
v -0.197697 0.111390 0.096776
v -0.198957 0.110142 0.095908
v -0.165914 0.086440 0.114483
v -0.197703 0.121759 0.096085
v -0.162184 0.095713 0.117129
v -0.161627 0.098066 0.117533
v -0.160263 0.097369 0.118321
v -0.204828 0.123003 0.088875
v -0.180262 0.082935 0.104795
v -0.193696 0.120218 0.099792
v -0.166601 0.082947 0.113929
v -0.112760 0.124040 0.143078
v -0.111662 0.123816 0.142429
v -0.113331 0.123855 0.141585
v -0.119033 0.123546 0.136883
v -0.116661 0.123687 0.138891
v -0.117391 0.123232 0.137060
v -0.124370 0.122308 0.142151
v -0.122897 0.122143 0.143270
v -0.123477 0.122837 0.142521
v -0.117562 0.123142 0.145911
v -0.117549 0.122783 0.147105
v -0.116459 0.123270 0.146819
v -0.125472 0.123952 0.138116
v -0.125738 0.123742 0.139403
v -0.123239 0.123992 0.139365
v -0.113313 0.123928 0.145962
v -0.115320 0.123643 0.146177
v -0.112978 0.123630 0.147555
v -0.111976 0.123496 0.148748
v -0.112787 0.123155 0.148881
v -0.111935 0.123199 0.149598
v -0.115201 0.122918 0.148320
v -0.114794 0.123269 0.147624
v -0.115532 0.123015 0.147530
v -0.116581 0.123445 0.146085
v -0.110357 0.109111 0.139268
v -0.113611 0.103249 0.136897
v -0.115413 0.108949 0.135760
v -0.113830 0.123001 0.148792
v -0.114501 0.122719 0.149141
v -0.119050 0.123131 0.145430
v -0.126031 0.120584 0.141594
v -0.124161 0.119293 0.142855
v -0.123851 0.121188 0.142790
v -0.124814 0.124035 0.137122
v -0.121853 0.124035 0.138104
v -0.113315 0.119290 0.151017
v -0.113608 0.120894 0.150672
v -0.115375 0.120450 0.149623
v -0.111991 0.122507 0.150869
v -0.112880 0.122893 0.149761
v -0.113753 0.122468 0.150067
v -0.111552 0.122950 0.150406
v -0.125490 0.122634 0.141485
v -0.124657 0.123033 0.141680
v -0.123673 0.123776 0.140551
v -0.122183 0.122825 0.143695
v -0.121575 0.121895 0.144418
v -0.129520 0.121650 0.139303
v -0.127579 0.121904 0.140469
v -0.128941 0.122609 0.139285
v -0.120198 0.122065 0.145448
v -0.128311 0.120453 0.140189
v -0.127583 0.122940 0.139926
v -0.127363 0.123613 0.138777
v -0.127213 0.123389 0.139400
v -0.123358 0.123504 0.141975
v -0.121946 0.123361 0.143291
v -0.121519 0.123575 0.142958
v -0.128275 0.123209 0.138947
v -0.113783 0.122787 0.149534
v -0.119117 0.123902 0.138625
v -0.119276 0.123983 0.141030
v -0.116183 0.122876 0.147752
v -0.110552 0.123864 0.148321
v -0.125708 0.121986 0.141593
v -0.126542 0.122531 0.140790
v -0.126534 0.123325 0.139930
v -0.125726 0.123505 0.140177
v -0.122506 0.119841 0.143856
v -0.116650 0.116485 0.148519
v -0.115727 0.118276 0.149374
v -0.118265 0.117749 0.147445
v -0.120609 0.123039 0.144432
v -0.126587 0.122933 0.140294
v -0.125109 0.123346 0.140931
v -0.124688 0.123595 0.140560
v -0.116772 0.113300 0.135060
v -0.113918 0.112476 0.136935
v -0.121996 0.120946 0.144168
v -0.121732 0.123799 0.141500
v -0.112391 0.124114 0.144705
v -0.111418 0.124066 0.146435
v -0.110476 0.124121 0.145507
v -0.120002 0.123718 0.142918
v -0.117082 0.123957 0.140363
v -0.126070 0.123255 0.140452
v -0.120414 0.123380 0.143682
v -0.118835 0.123724 0.143804
v -0.118379 0.123871 0.143084
v -0.116529 0.123977 0.143125
v -0.117058 0.123783 0.144476
v -0.114772 0.124009 0.144614
v -0.125814 0.122977 0.140916
v -0.119675 0.123492 0.143926
v -0.118503 0.123488 0.144814
v -0.115157 0.120197 0.136282
v -0.118935 0.120054 0.133819
v -0.118175 0.121540 0.134653
v -0.107241 0.117992 0.141384
v -0.115931 0.123999 0.141931
v -0.112565 0.121646 0.151121
v -0.111035 0.121012 0.152149
v -0.110724 0.122025 0.151946
v -0.110927 0.123436 0.141665
v -0.118074 0.115746 0.147295
v -0.119782 0.122441 0.134298
v -0.120749 0.123176 0.134852
v -0.118967 0.122964 0.135533
v -0.112597 0.123537 0.140860
v -0.112023 0.123172 0.140367
v -0.113448 0.123171 0.139487
v -0.120484 0.120941 0.145394
v -0.114741 0.114638 0.136463
v -0.112344 0.120654 0.151469
v -0.114374 0.124061 0.143342
v -0.110564 0.122894 0.140801
v -0.111759 0.115030 0.138426
v -0.116472 0.117205 0.135186
v -0.118480 0.122418 0.135000
v -0.119732 0.123207 0.144458
v -0.116189 0.121656 0.136046
v -0.117085 0.123478 0.145403
v -0.112252 0.118185 0.138168
v -0.126532 0.118474 0.141339
v -0.118329 0.120348 0.147395
v -0.119354 0.122681 0.145996
v -0.130483 0.120568 0.138783
v -0.127006 0.116994 0.141005
v -0.128464 0.117015 0.140069
v -0.117472 0.122148 0.135479
v -0.115641 0.122563 0.148862
v -0.114538 0.121366 0.137024
v -0.116823 0.121723 0.148353
v -0.114762 0.121734 0.149826
v -0.129284 0.119099 0.139571
v -0.131067 0.117994 0.138467
v -0.112461 0.122718 0.139349
v -0.121454 0.115673 0.144782
v -0.119403 0.114344 0.146191
v -0.119508 0.116695 0.146270
v -0.115504 0.123255 0.147036
v -0.115175 0.122098 0.137011
v -0.116524 0.122403 0.136385
v -0.118516 0.121979 0.146974
v -0.111122 0.119991 0.139118
v -0.129971 0.115869 0.139118
v -0.117629 0.122721 0.136014
v -0.111359 0.119922 0.152192
v -0.115457 0.122681 0.137345
v -0.116563 0.122885 0.136974
v -0.115410 0.123220 0.138292
v -0.113122 0.120965 0.137914
v -0.121674 0.123774 0.136063
v -0.110847 0.098714 0.138677
v -0.108115 0.103324 0.140722
v -0.111017 0.124072 0.143990
v -0.113411 0.121940 0.138108
v -0.114588 0.122394 0.137650
v -0.111622 0.121161 0.139023
v -0.131903 0.115294 0.137882
v -0.114350 0.123584 0.140031
v -0.111262 0.122062 0.139611
v -0.110824 0.118234 0.152544
v -0.114106 0.122725 0.138345
v -0.130765 0.119463 0.138707
v -0.114263 0.124011 0.142172
v -0.115126 0.123845 0.140902
v -0.122572 0.118471 0.144001
v -0.126016 0.116420 0.141606
v -0.122076 0.117446 0.144383
v -0.123938 0.116733 0.142919
v -0.120770 0.118780 0.145376
v -0.213555 0.032147 0.074874
v -0.213681 0.034198 0.073449
v -0.213624 0.031421 0.073710
v -0.210391 0.032487 0.058610
v -0.210485 0.035838 0.057847
v -0.209653 0.035236 0.056385
v -0.202612 0.017369 0.053424
v -0.201118 0.016916 0.051450
v -0.213348 0.026773 0.076437
v -0.213363 0.028660 0.076994
v -0.213440 0.028683 0.075565
v -0.207199 0.027356 0.054653
v -0.207125 0.024497 0.056136
v -0.208392 0.027113 0.056701
v -0.202632 0.053500 0.038994
v -0.205249 0.058176 0.042472
v -0.202269 0.058353 0.036999
v -0.202869 0.017171 0.086259
v -0.203793 0.017307 0.085405
v -0.200936 0.017077 0.087304
v -0.197563 0.034355 0.036235
v -0.196655 0.031580 0.035710
v -0.198268 0.033165 0.037852
v -0.193415 0.021081 0.032643
v -0.192638 0.020425 0.031319
v -0.193728 0.020319 0.033224
v -0.195758 0.028250 0.034808
v -0.195069 0.025518 0.034648
v -0.196889 0.025213 0.038064
v -0.194192 0.019377 0.034667
v -0.195907 0.019065 0.038884
v -0.194570 0.020771 0.035174
v -0.210244 0.027937 0.059736
v -0.211119 0.029077 0.061165
v -0.210027 0.030266 0.058651
v -0.213177 0.027400 0.078271
v -0.212704 0.030543 0.080375
v -0.213761 0.031977 0.078665
v -0.213521 0.026174 0.071676
v -0.213463 0.024594 0.070555
v -0.213473 0.024569 0.073114
v -0.212075 0.016614 0.072365
v -0.212823 0.018827 0.071456
v -0.212767 0.018475 0.069601
v -0.193953 0.024887 0.032550
v -0.195099 0.023183 0.035202
v -0.196238 0.021118 0.038518
v -0.204939 0.038283 0.046825
v -0.205769 0.036214 0.048801
v -0.206528 0.038201 0.049478
v -0.194088 0.027086 0.094950
v -0.197230 0.030045 0.093202
v -0.199275 0.028213 0.091730
v -0.210782 0.024023 0.081190
v -0.210757 0.027261 0.082073
v -0.211962 0.026037 0.080216
v -0.207026 0.034454 0.051466
v -0.207878 0.037218 0.051921
v -0.195875 0.034073 0.033710
v -0.194735 0.031379 0.032404
v -0.193046 0.023786 0.031193
v -0.193650 0.022188 0.032874
v -0.193954 0.026770 0.031982
v -0.196964 0.029740 0.036913
v -0.198412 0.031144 0.038969
v -0.198690 0.029303 0.040090
v -0.200272 0.030459 0.042285
v -0.207515 0.041972 0.050608
v -0.207046 0.043918 0.048922
v -0.207083 0.040706 0.049719
v -0.204774 0.030080 0.049489
v -0.206216 0.031715 0.051520
v -0.205480 0.033703 0.049287
v -0.209635 0.037498 0.055947
v -0.193126 0.037803 0.027995
v -0.195236 0.037952 0.031547
v -0.194621 0.040612 0.029778
v -0.198656 0.056843 0.031496
v -0.197407 0.051784 0.030367
v -0.200069 0.051829 0.035132
v -0.211353 0.019400 0.065842
v -0.208436 0.018658 0.060952
v -0.210170 0.016717 0.066136
v -0.208405 0.033532 0.054232
v -0.207639 0.030403 0.054118
v -0.209070 0.029753 0.057103
v -0.204302 0.035483 0.046752
v -0.202166 0.037411 0.042898
v -0.202423 0.033301 0.044338
v -0.205659 0.017968 0.057208
v -0.204862 0.018519 0.056090
v -0.203436 0.016890 0.054789
v -0.211419 0.032928 0.060719
v -0.211140 0.037270 0.058908
v -0.194190 0.034704 0.030311
v -0.191396 0.034439 0.026003
v -0.205887 0.040761 0.047332
v -0.205180 0.042331 0.045623
v -0.204200 0.040737 0.044734
v -0.197267 0.019353 0.041961
v -0.196906 0.018333 0.041931
v -0.203911 0.044130 0.043188
v -0.204829 0.046815 0.044247
v -0.203787 0.046948 0.042119
v -0.212373 0.024687 0.065997
v -0.212370 0.027948 0.064838
v -0.211830 0.026915 0.063797
v -0.209366 0.023978 0.082858
v -0.201832 0.018860 0.051300
v -0.200147 0.018054 0.048661
v -0.195275 0.022543 0.093206
v -0.195342 0.024300 0.093615
v -0.198853 0.024074 0.091378
v -0.213610 0.029407 0.074030
v -0.213559 0.027312 0.073511
v -0.213029 0.023158 0.069003
v -0.213036 0.027546 0.067052
v -0.198574 0.019176 0.044866
v -0.199712 0.021323 0.045313
v -0.192012 0.023628 0.095490
v -0.193986 0.025327 0.094726
v -0.213650 0.031980 0.071895
v -0.213543 0.029080 0.071253
v -0.213744 0.030014 0.072856
v -0.212559 0.021985 0.067730
v -0.199039 0.023425 0.042925
v -0.197892 0.022027 0.041376
v -0.213355 0.026021 0.075023
v -0.206031 0.016411 0.082212
v -0.212244 0.031309 0.063729
v -0.211969 0.029541 0.062892
v -0.205830 0.025895 0.053396
v -0.206244 0.028702 0.052595
v -0.205046 0.026971 0.051201
v -0.204113 0.032722 0.047222
v -0.202640 0.029866 0.046052
v -0.212855 0.020338 0.070043
v -0.213674 0.035671 0.075381
v -0.213753 0.037435 0.073285
v -0.201814 0.049519 0.038515
v -0.203689 0.049429 0.041615
v -0.202376 0.027717 0.046558
v -0.203234 0.026974 0.048537
v -0.200445 0.033665 0.041225
v -0.209490 0.032777 0.056640
v -0.208242 0.047365 0.050621
v -0.207087 0.047332 0.048247
v -0.207994 0.043382 0.051207
v -0.187564 0.028689 0.099303
v -0.190747 0.029487 0.097376
v -0.189530 0.027132 0.097685
v -0.209551 0.049175 0.053270
v -0.210073 0.045266 0.055154
v -0.210045 0.047059 0.055410
v -0.213446 0.030561 0.074950
v -0.207204 0.030944 0.086133
v -0.209395 0.030557 0.083965
v -0.206230 0.028310 0.086729
v -0.211859 0.022402 0.065657
v -0.210919 0.022240 0.063402
v -0.211458 0.021017 0.065406
v -0.192588 0.040636 0.026205
v -0.194926 0.044145 0.028935
v -0.198788 0.027290 0.041291
v -0.196658 0.016667 0.089884
v -0.199472 0.018490 0.089147
v -0.213536 0.034576 0.070719
v -0.213376 0.033260 0.069057
v -0.205958 0.022262 0.085615
v -0.205906 0.020300 0.084908
v -0.203431 0.020110 0.086965
v -0.208811 0.024742 0.058503
v -0.211127 0.025285 0.062422
v -0.213441 0.036502 0.068946
v -0.213738 0.037395 0.070785
v -0.213371 0.039494 0.068345
v -0.208224 0.039505 0.052440
v -0.213165 0.021556 0.072305
v -0.206442 0.020259 0.057177
v -0.206288 0.019187 0.057587
v -0.203948 0.024946 0.050886
v -0.193788 0.017753 0.092280
v -0.197464 0.028300 0.038266
v -0.213640 0.028778 0.072981
v -0.212407 0.020278 0.067890
v -0.197825 0.015518 0.088307
v -0.207833 0.021922 0.083693
v -0.207572 0.023665 0.084525
v -0.202438 0.017961 0.086722
v -0.203927 0.019711 0.053978
v -0.199875 0.025475 0.043911
v -0.199912 0.023910 0.044394
v -0.200665 0.024968 0.045121
v -0.209114 0.040142 0.053907
v -0.209144 0.043282 0.053366
v -0.202837 0.046203 0.040623
v -0.202890 0.047891 0.040370
v -0.191301 0.025638 0.096381
v -0.212950 0.038446 0.065786
v -0.210737 0.043761 0.057753
v -0.209368 0.046504 0.052899
v -0.208568 0.050644 0.050508
v -0.195630 0.036081 0.032615
v -0.197146 0.037052 0.034972
v -0.201737 0.044646 0.039487
v -0.201928 0.041537 0.041080
v -0.212511 0.036717 0.064164
v -0.211845 0.041193 0.061325
v -0.197197 0.041384 0.033844
v -0.199643 0.039264 0.038393
v -0.199384 0.020255 0.089883
v -0.201274 0.020211 0.088552
v -0.199151 0.047005 0.034700
v -0.195764 0.048410 0.028732
v -0.208426 0.026157 0.084270
v -0.212177 0.043928 0.062523
v -0.202666 0.024052 0.088641
v -0.201234 0.021929 0.089184
v -0.199189 0.033370 0.039222
v -0.199159 0.035452 0.038734
v -0.189485 0.020755 0.096253
v -0.192829 0.021541 0.094384
v -0.189045 0.024047 0.097486
v -0.207905 0.019957 0.059270
v -0.213097 0.023786 0.075865
v -0.205931 0.021721 0.055471
v -0.208176 0.022270 0.058588
v -0.194975 0.017900 0.037280
v -0.192823 0.018753 0.032482
v -0.193075 0.017019 0.034528
v -0.200430 0.028179 0.043751
v -0.199769 0.026607 0.043215
v -0.196475 0.019695 0.091644
v -0.194948 0.020998 0.092898
v -0.197706 0.021603 0.091426
v -0.191504 0.043301 0.023622
v -0.200745 0.026536 0.044643
v -0.196289 0.016452 0.041642
v -0.193566 0.051677 0.024249
v -0.195190 0.055447 0.025885
v -0.192451 0.025475 0.095565
v -0.209765 0.026205 0.059382
v -0.209912 0.023571 0.060801
v -0.208898 0.035936 0.054395
v -0.209091 0.037749 0.054609
v -0.201682 0.027755 0.045435
v -0.201699 0.026024 0.046455
v -0.208414 0.019370 0.081724
v -0.207330 0.020100 0.083363
v -0.213727 0.033053 0.075816
v -0.195410 0.058945 0.025825
v -0.196382 0.056763 0.027829
v -0.199150 0.025296 0.042668
v -0.188280 0.030204 0.099064
v -0.212219 0.018738 0.067732
v -0.190797 0.037860 0.024105
v -0.192678 0.031295 0.028727
v -0.211529 0.039119 0.060062
v -0.210637 0.041415 0.057168
v -0.213631 0.030852 0.077276
v -0.213371 0.029788 0.076606
v -0.209784 0.021275 0.061398
v -0.202216 0.024768 0.048155
v -0.203013 0.024667 0.049450
v -0.210787 0.020591 0.063730
v -0.213481 0.030897 0.075994
v -0.211383 0.022297 0.079338
v -0.212970 0.019672 0.071554
v -0.212155 0.019481 0.075799
v -0.210023 0.018527 0.079422
v -0.201727 0.047083 0.038738
v -0.212067 0.034299 0.062911
v -0.211772 0.035541 0.061261
v -0.192459 0.047292 0.024082
v -0.191250 0.019955 0.029154
v -0.190945 0.021722 0.028303
v -0.204937 0.025150 0.052177
v -0.204823 0.023443 0.052856
v -0.190460 0.018370 0.028772
v -0.209982 0.039791 0.056008
v -0.209845 0.043233 0.054963
v -0.191054 0.024254 0.027668
v -0.192087 0.024545 0.029420
v -0.203977 0.022669 0.087377
v -0.198369 0.024664 0.041161
v -0.212812 0.019096 0.072711
v -0.205228 0.050802 0.044446
v -0.207120 0.052227 0.047446
v -0.196776 0.017624 0.042189
v -0.198319 0.017125 0.045861
v -0.197584 0.018138 0.043780
v -0.191022 0.026997 0.026822
v -0.192531 0.025549 0.029836
v -0.202357 0.026321 0.089406
v -0.199819 0.042721 0.037413
v -0.192368 0.022198 0.030566
v -0.201231 0.023178 0.047154
v -0.202438 0.023382 0.049111
v -0.211465 0.045405 0.059467
v -0.211206 0.044243 0.058850
v -0.212561 0.033607 0.064545
v -0.193822 0.028952 0.031293
v -0.205608 0.024772 0.086648
v -0.192262 0.028155 0.028842
v -0.203128 0.060846 0.037648
v -0.210593 0.047172 0.056754
v -0.192883 0.019700 0.093684
v -0.209329 0.021714 0.081963
v -0.206011 0.043688 0.046637
v -0.203298 0.023446 0.050633
v -0.204414 0.021418 0.053398
v -0.206167 0.046530 0.046716
v -0.205059 0.030885 0.087893
v -0.190155 0.016114 0.030017
v -0.212130 0.037384 0.062422
v -0.211966 0.036044 0.062221
v -0.196625 0.025861 0.093157
v -0.195900 0.021725 0.092464
v -0.211508 0.031991 0.082083
v -0.213252 0.030360 0.068109
v -0.212928 0.034165 0.066350
v -0.202721 0.021470 0.050816
v -0.213399 0.027103 0.069818
v -0.193148 0.029001 0.095809
v -0.196640 0.022750 0.038384
v -0.202907 0.029056 0.089232
v -0.199527 0.026152 0.091314
v -0.201012 0.020379 0.048571
v -0.200848 0.062663 0.033251
v -0.213832 0.033931 0.077213
v -0.125075 0.122884 -0.063490
v -0.123206 0.121880 -0.065661
v -0.124347 0.123390 -0.065427
v -0.136437 0.123329 -0.048336
v -0.135872 0.122945 -0.048293
v -0.135722 0.123323 -0.049323
v -0.132376 0.119937 -0.063599
v -0.131511 0.119468 -0.065560
v -0.132655 0.118951 -0.064314
v -0.136742 0.122923 -0.047089
v -0.137929 0.122875 -0.047209
v -0.137070 0.123036 -0.048361
v -0.137405 0.122458 -0.048631
v -0.133961 0.122564 -0.053913
v -0.133892 0.122941 -0.053236
v -0.133484 0.122893 -0.053630
v -0.134401 0.121969 -0.054767
v -0.134968 0.122020 -0.053790
v -0.137377 0.117221 -0.059069
v -0.136312 0.117371 -0.060720
v -0.136152 0.116509 -0.061950
v -0.129755 0.122407 -0.061888
v -0.129916 0.122624 -0.060992
v -0.129109 0.122858 -0.061389
v -0.134785 0.122956 -0.052054
v -0.133909 0.123277 -0.052411
v -0.134607 0.122629 -0.052915
v -0.139993 0.113813 -0.058556
v -0.139513 0.115036 -0.058334
v -0.137218 0.114046 -0.062733
v -0.130637 0.122764 -0.055651
v -0.131668 0.123101 -0.054562
v -0.131300 0.121815 -0.053382
v -0.138666 0.122482 -0.046730
v -0.138293 0.122227 -0.047867
v -0.139707 0.120795 -0.049307
v -0.140407 0.120758 -0.048424
v -0.139791 0.121169 -0.048262
v -0.133098 0.122797 -0.054204
v -0.133409 0.122484 -0.055028
v -0.138697 0.121071 -0.049763
v -0.138878 0.121563 -0.048343
v -0.140481 0.120467 -0.049254
v -0.141174 0.120566 -0.047780
v -0.134857 0.123369 -0.050539
v -0.134622 0.123269 -0.051542
v -0.135306 0.122914 -0.051252
v -0.130839 0.123239 -0.056483
v -0.130037 0.123131 -0.057196
v -0.130705 0.123220 -0.057126
v -0.132981 0.122981 -0.052018
v -0.133435 0.121570 -0.049972
v -0.137599 0.121727 -0.044280
v -0.136854 0.120549 -0.044017
v -0.135688 0.121983 -0.047328
v -0.136290 0.121052 -0.054585
v -0.134799 0.121232 -0.056463
v -0.135426 0.120794 -0.056576
v -0.137505 0.122475 -0.045450
v -0.135175 0.123066 -0.049235
v -0.135249 0.123427 -0.049891
v -0.135586 0.123137 -0.050232
v -0.136387 0.123015 -0.049495
v -0.116538 0.122510 -0.075989
v -0.117717 0.123070 -0.074858
v -0.117630 0.121648 -0.073474
v -0.131087 0.123277 -0.055640
v -0.131445 0.123306 -0.056011
v -0.132266 0.123097 -0.055320
v -0.131568 0.123293 -0.055395
v -0.136828 0.122651 -0.049112
v -0.136775 0.122185 -0.050083
v -0.134254 0.122803 -0.050042
v -0.136016 0.122695 -0.050556
v -0.138671 0.122014 -0.043005
v -0.138480 0.121336 -0.042322
v -0.133982 0.123431 -0.051269
v -0.127810 0.122338 -0.064793
v -0.127075 0.122679 -0.064638
v -0.127085 0.122413 -0.065876
v -0.120420 0.123580 -0.072470
v -0.120543 0.123518 -0.071808
v -0.119832 0.123581 -0.072780
v -0.131251 0.122683 -0.058437
v -0.130565 0.123124 -0.057762
v -0.130083 0.123104 -0.058702
v -0.129965 0.123262 -0.058049
v -0.129299 0.123147 -0.058361
v -0.136035 0.122214 -0.051571
v -0.129445 0.123172 -0.059354
v -0.128696 0.123341 -0.059622
v -0.128980 0.123170 -0.060371
v -0.137815 0.121669 -0.049419
v -0.119409 0.122944 -0.072502
v -0.136238 0.115274 -0.062873
v -0.135215 0.114709 -0.065140
v -0.121079 0.123344 -0.070809
v -0.143901 0.112197 -0.053518
v -0.143487 0.111122 -0.054959
v -0.145512 0.111763 -0.051284
v -0.121104 0.123303 -0.071901
v -0.132791 0.122127 -0.057080
v -0.133953 0.121979 -0.055765
v -0.132807 0.122512 -0.056113
v -0.137753 0.121291 -0.050624
v -0.137246 0.121541 -0.050607
v -0.140202 0.121519 -0.046728
v -0.139508 0.121447 -0.047529
v -0.136737 0.121777 -0.051312
v -0.125039 0.122834 -0.067472
v -0.125540 0.122438 -0.068221
v -0.125607 0.122678 -0.066906
v -0.138452 0.119852 -0.053581
v -0.136431 0.119918 -0.056729
v -0.138095 0.119077 -0.055415
v -0.139245 0.121952 -0.047015
v -0.137286 0.121416 -0.051626
v -0.134297 0.120645 -0.058823
v -0.133560 0.121412 -0.058440
v -0.132829 0.121179 -0.060318
v -0.121709 0.123456 -0.070987
v -0.121624 0.122896 -0.069498
v -0.122840 0.123063 -0.067813
v -0.123443 0.123102 -0.066666
v -0.122029 0.122138 -0.067990
v -0.140766 0.120897 -0.047274
v -0.136381 0.121588 -0.052505
v -0.137201 0.123314 -0.047371
v -0.137939 0.123185 -0.046005
v -0.137940 0.121013 -0.051615
v -0.132038 0.122839 -0.053310
v -0.140857 0.121738 -0.045524
v -0.140175 0.122087 -0.045602
v -0.134289 0.121587 -0.056288
v -0.133124 0.123438 -0.052741
v -0.132469 0.123356 -0.053359
v -0.133214 0.123217 -0.053379
v -0.145313 0.114895 -0.049226
v -0.142237 0.114482 -0.054769
v -0.144629 0.113348 -0.051832
v -0.122131 0.123444 -0.069892
v -0.123411 0.123392 -0.067159
v -0.140351 0.122818 -0.041894
v -0.139558 0.122168 -0.041801
v -0.139392 0.122693 -0.043093
v -0.134337 0.119111 -0.061605
v -0.135737 0.119181 -0.059009
v -0.134601 0.120024 -0.059680
v -0.138584 0.120172 -0.040912
v -0.132527 0.123291 -0.054216
v -0.141740 0.112638 -0.056713
v -0.139505 0.111722 -0.060560
v -0.141378 0.110997 -0.058292
v -0.127362 0.123037 -0.063202
v -0.126869 0.123584 -0.062582
v -0.126272 0.123260 -0.064279
v -0.131996 0.121598 -0.060442
v -0.138293 0.120602 -0.052401
v -0.137028 0.120467 -0.054465
v -0.131228 0.121454 -0.062506
v -0.132846 0.120709 -0.061508
v -0.136068 0.121318 -0.053900
v -0.136862 0.121150 -0.052872
v -0.129071 0.122445 -0.063388
v -0.130061 0.122034 -0.062828
v -0.134757 0.121520 -0.055479
v -0.135319 0.121311 -0.055202
v -0.123971 0.123457 -0.066923
v -0.123570 0.123490 -0.067651
v -0.122661 0.123480 -0.069056
v -0.139796 0.122056 -0.046311
v -0.124189 0.123448 -0.066327
v -0.138774 0.122935 -0.045993
v -0.126309 0.122841 -0.065754
v -0.126412 0.122430 -0.066906
v -0.135252 0.122541 -0.052143
v -0.135461 0.122008 -0.052748
v -0.141295 0.121277 -0.046013
v -0.141668 0.120712 -0.046547
v -0.122631 0.123149 -0.070282
v -0.122819 0.123417 -0.068395
v -0.123097 0.123239 -0.069502
v -0.124474 0.123258 -0.066658
v -0.124738 0.123364 -0.066160
v -0.125282 0.123624 -0.064523
v -0.132446 0.122011 -0.058527
v -0.131342 0.122301 -0.059569
v -0.132185 0.121842 -0.059495
v -0.138349 0.122374 -0.043987
v -0.124305 0.123132 -0.067430
v -0.138646 0.122916 -0.044486
v -0.139187 0.123098 -0.044973
v -0.139721 0.123132 -0.043955
v -0.125380 0.123312 -0.065718
v -0.130022 0.122748 -0.059914
v -0.139145 0.120736 -0.050629
v -0.123636 0.123290 -0.068515
v -0.131553 0.122953 -0.056855
v -0.139830 0.122554 -0.044928
v -0.139849 0.122953 -0.044457
v -0.123194 0.122937 -0.070002
v -0.124937 0.123087 -0.066682
v -0.141337 0.122250 -0.044039
v -0.140486 0.122689 -0.044009
v -0.140727 0.122201 -0.044818
v -0.130589 0.122421 -0.060766
v -0.134636 0.121637 -0.055153
v -0.135143 0.121455 -0.054544
v -0.130927 0.122037 -0.061433
v -0.131393 0.121925 -0.060298
v -0.141289 0.122524 -0.043500
v -0.140748 0.122905 -0.042947
v -0.123965 0.122642 -0.069482
v -0.124577 0.122830 -0.068322
v -0.135642 0.121635 -0.053528
v -0.125827 0.123662 -0.063370
v -0.128421 0.120369 -0.069154
v -0.128291 0.120917 -0.068377
v -0.127132 0.120336 -0.071188
v -0.128937 0.116039 -0.073099
v -0.128848 0.113497 -0.075278
v -0.131000 0.114850 -0.071384
v -0.137350 0.120848 -0.053159
v -0.127134 0.121377 -0.069043
v -0.128456 0.121470 -0.066990
v -0.139882 0.121514 -0.040273
v -0.139285 0.122759 -0.045371
v -0.124885 0.122427 -0.069113
v -0.124629 0.122188 -0.069917
v -0.126221 0.122098 -0.067729
v -0.125968 0.122372 -0.067446
v -0.139332 0.122403 -0.045928
v -0.123903 0.122078 -0.070586
v -0.141536 0.121674 -0.044701
v -0.128091 0.123300 -0.061628
v -0.133532 0.121511 -0.057384
v -0.124657 0.121929 -0.070738
v -0.123855 0.121763 -0.071871
v -0.126242 0.121896 -0.068827
v -0.125378 0.122104 -0.069806
v -0.128110 0.122569 -0.063555
v -0.127006 0.122070 -0.067330
v -0.129440 0.122119 -0.063920
v -0.129859 0.121716 -0.063949
v -0.124073 0.121395 -0.072826
v -0.124851 0.121647 -0.071543
v -0.125792 0.121467 -0.070746
v -0.128273 0.122918 -0.062506
v -0.124711 0.121069 -0.072971
v -0.127773 0.122183 -0.065856
v -0.128386 0.122341 -0.064151
v -0.144343 0.117463 -0.048103
v -0.142800 0.117105 -0.051198
v -0.143430 0.116787 -0.050299
v -0.128575 0.122248 -0.064828
v -0.142380 0.120919 -0.044970
v -0.128141 0.118337 -0.072000
v -0.126630 0.118879 -0.073486
v -0.127237 0.117234 -0.074471
v -0.128791 0.119161 -0.070155
v -0.128892 0.122721 -0.062600
v -0.129008 0.117502 -0.071486
v -0.133611 0.120051 -0.061420
v -0.128061 0.121801 -0.066442
v -0.129019 0.121735 -0.065179
v -0.132554 0.115333 -0.047456
v -0.134730 0.114581 -0.044006
v -0.133766 0.112340 -0.044929
v -0.131731 0.116197 -0.068986
v -0.130604 0.116859 -0.070053
v -0.129389 0.120685 -0.067168
v -0.117940 0.116971 -0.070126
v -0.115282 0.116848 -0.073909
v -0.116247 0.118803 -0.073364
v -0.140906 0.115866 -0.055347
v -0.129991 0.119987 -0.067334
v -0.128015 0.119704 -0.070487
v -0.125418 0.119796 -0.074149
v -0.125813 0.120714 -0.072210
v -0.124007 0.119758 -0.076244
v -0.124004 0.118807 -0.077430
v -0.129582 0.121261 -0.065527
v -0.130866 0.120751 -0.064694
v -0.125408 0.117766 -0.076630
v -0.123503 0.117634 -0.079818
v -0.129612 0.118507 -0.069708
v -0.130474 0.119170 -0.067623
v -0.126341 0.123292 -0.062083
v -0.130877 0.118557 -0.067651
v -0.128634 0.113078 -0.052804
v -0.130785 0.114664 -0.049929
v -0.131334 0.112693 -0.048723
v -0.130358 0.117940 -0.069112
v -0.142373 0.120293 -0.046084
v -0.131696 0.118897 -0.066115
v -0.131841 0.117972 -0.066984
v -0.127440 0.115264 -0.075773
v -0.125537 0.115921 -0.078048
v -0.133681 0.117932 -0.064226
v -0.131628 0.116980 -0.068271
v -0.132769 0.116855 -0.066770
v -0.134674 0.116503 -0.044756
v -0.136137 0.118241 -0.059823
v -0.135288 0.117590 -0.061993
v -0.127396 0.120176 -0.058038
v -0.126901 0.117802 -0.057181
v -0.125776 0.118879 -0.059577
v -0.137185 0.118625 -0.057588
v -0.137835 0.115780 -0.060046
v -0.139305 0.115965 -0.057577
v -0.138612 0.116760 -0.057881
v -0.134440 0.116659 -0.064535
v -0.133305 0.115230 -0.067559
v -0.132363 0.113395 -0.070311
v -0.135061 0.115628 -0.064466
v -0.134291 0.113312 -0.067442
v -0.140754 0.119157 -0.051562
v -0.141387 0.119709 -0.049398
v -0.139987 0.119623 -0.051737
v -0.139518 0.119020 -0.053408
v -0.140486 0.118499 -0.052782
v -0.124534 0.120376 -0.074532
v -0.136209 0.112660 -0.041268
v -0.139193 0.114187 -0.036993
v -0.138580 0.110171 -0.037463
v -0.139054 0.118044 -0.055766
v -0.140083 0.116873 -0.055617
v -0.141996 0.118791 -0.050197
v -0.140946 0.117810 -0.053241
v -0.126923 0.123489 -0.061608
v -0.137514 0.112422 -0.063408
v -0.135816 0.112727 -0.065769
v -0.141486 0.116946 -0.053455
v -0.120069 0.111899 -0.065198
v -0.121486 0.108660 -0.062526
v -0.118763 0.109109 -0.066567
v -0.139095 0.112929 -0.060534
v -0.142921 0.117957 -0.049931
v -0.143994 0.119009 -0.046441
v -0.142401 0.116390 -0.052438
v -0.142734 0.115553 -0.052625
v -0.133124 0.117892 -0.047747
v -0.134271 0.102374 -0.043040
v -0.131874 0.105423 -0.046878
v -0.135226 0.107734 -0.042055
v -0.144023 0.116078 -0.050193
v -0.136821 0.115881 -0.041064
v -0.136202 0.118421 -0.043263
v -0.137942 0.117771 -0.040141
v -0.119203 0.106493 -0.065725
v -0.127272 0.123142 -0.060879
v -0.128237 0.122886 -0.059365
v -0.126754 0.122024 -0.060483
v -0.141660 0.120260 -0.047850
v -0.145277 0.110162 -0.052510
v -0.142629 0.119915 -0.046793
v -0.141750 0.120339 -0.047070
v -0.142172 0.120181 -0.046892
v -0.128258 0.123467 -0.060547
v -0.132093 0.100430 -0.045963
v -0.130018 0.101148 -0.049141
v -0.124370 0.116417 -0.060353
v -0.139590 0.120119 -0.051163
v -0.128001 0.123316 -0.060205
v -0.138378 0.118849 -0.040144
v -0.132427 0.109886 -0.046578
v -0.142631 0.109193 -0.057177
v -0.139596 0.110397 -0.061436
v -0.139181 0.108490 -0.062918
v -0.121669 0.114297 -0.063566
v -0.123328 0.112662 -0.060529
v -0.139416 0.117150 -0.037388
v -0.132102 0.119900 -0.050526
v -0.131160 0.118473 -0.050954
v -0.124319 0.109415 -0.058437
v -0.123373 0.106417 -0.059569
v -0.127533 0.123514 -0.061226
v -0.130388 0.116666 -0.051116
v -0.126742 0.113365 -0.078205
v -0.124535 0.121204 -0.062946
v -0.137880 0.111355 -0.063713
v -0.137422 0.110300 -0.064986
v -0.134493 0.120002 -0.047095
v -0.136219 0.111651 -0.066117
v -0.120196 0.115388 -0.066311
v -0.122146 0.117054 -0.063978
v -0.134685 0.111937 -0.068060
v -0.124866 0.115163 -0.079628
v -0.125369 0.114038 -0.079709
v -0.120338 0.117529 -0.067053
v -0.122074 0.119596 -0.065485
v -0.142917 0.119420 -0.047543
v -0.124132 0.118980 -0.062007
v -0.137260 0.102957 -0.038455
v -0.125870 0.112145 -0.056740
v -0.126138 0.114972 -0.057024
v -0.123836 0.115896 -0.080812
v -0.120161 0.113599 -0.065672
v -0.129521 0.119315 -0.053934
v -0.129109 0.121992 -0.057100
v -0.119850 0.119322 -0.068741
v -0.117802 0.119759 -0.071749
v -0.121287 0.120887 -0.067737
v -0.128654 0.106637 -0.051879
v -0.126762 0.109614 -0.055116
v -0.116589 0.120348 -0.073830
v -0.119821 0.121385 -0.070291
v -0.115465 0.119929 -0.075109
v -0.115747 0.121196 -0.075776
v -0.121481 0.104540 -0.062432
v -0.123780 0.103236 -0.058875
v -0.121941 0.099598 -0.061350
v -0.130674 0.109619 -0.049273
v -0.125855 0.105543 -0.055917
v -0.138553 0.106773 -0.036816
v -0.125808 0.120397 -0.060511
v -0.116129 0.114515 -0.071765
v -0.118390 0.113804 -0.068186
v -0.116908 0.111184 -0.069612
v -0.128175 0.116484 -0.054423
v -0.125534 0.100472 -0.056022
v -0.127745 0.102097 -0.052825
v -0.177080 0.039751 0.093592
v -0.174101 0.037385 0.095538
v -0.176118 0.036185 0.094056
v -0.187232 0.037893 0.085258
v -0.187362 0.041665 0.085095
v -0.184723 0.038936 0.087320
v -0.174763 0.043846 0.095474
v -0.171876 0.041121 0.097310
v -0.194418 0.015546 0.061410
v -0.195616 0.015564 0.065488
v -0.206658 0.041641 0.067727
v -0.206060 0.038325 0.066715
v -0.205374 0.041876 0.065490
v -0.206075 0.022890 0.066047
v -0.205065 0.026076 0.064428
v -0.206569 0.026089 0.067034
v -0.198614 0.015751 0.056750
v -0.199682 0.015807 0.058112
v -0.207502 0.024566 0.070060
v -0.207304 0.026506 0.069043
v -0.207482 0.026412 0.070835
v -0.189934 0.043715 0.083076
v -0.192114 0.044931 0.081625
v -0.190556 0.046226 0.082940
v -0.194936 0.015973 0.067985
v -0.192615 0.015978 0.066373
v -0.184209 0.042201 0.087822
v -0.180717 0.042166 0.090827
v -0.181299 0.038019 0.090123
v -0.207188 0.036008 0.071718
v -0.207416 0.037838 0.070304
v -0.207368 0.038817 0.071439
v -0.207385 0.030998 0.070843
v -0.207386 0.029736 0.070200
v -0.207326 0.032202 0.069501
v -0.207047 0.038701 0.068742
v -0.207076 0.040428 0.068826
v -0.207363 0.039747 0.069849
v -0.206376 0.015546 0.066404
v -0.207065 0.016046 0.067722
v -0.190753 0.015804 0.058605
v -0.186291 0.015879 0.059080
v -0.184936 0.015609 0.054825
v -0.206262 0.020271 0.066419
v -0.205372 0.020256 0.064818
v -0.187849 0.024921 0.086158
v -0.188270 0.022537 0.085685
v -0.192864 0.024098 0.082252
v -0.207166 0.030367 0.068679
v -0.207322 0.028572 0.069181
v -0.206954 0.028635 0.067894
v -0.190579 0.016045 0.069850
v -0.189831 0.016095 0.065647
v -0.174432 0.034619 0.095178
v -0.207348 0.036181 0.069779
v -0.167839 0.015702 0.075147
v -0.163705 0.015588 0.078146
v -0.161768 0.015634 0.074082
v -0.207239 0.034577 0.069102
v -0.207410 0.033999 0.070472
v -0.205418 0.016216 0.064616
v -0.204550 0.018555 0.063457
v -0.205897 0.018455 0.065538
v -0.191726 0.015976 0.062896
v -0.206883 0.036479 0.068175
v -0.202231 0.016973 0.072040
v -0.204062 0.015899 0.070397
v -0.204538 0.016797 0.071845
v -0.207478 0.027912 0.070179
v -0.207373 0.028315 0.071517
v -0.185776 0.015926 0.073203
v -0.183760 0.015880 0.069283
v -0.184605 0.021218 0.088496
v -0.187903 0.020612 0.085543
v -0.206544 0.017043 0.066694
v -0.203029 0.018074 0.073352
v -0.200438 0.018027 0.073719
v -0.202599 0.017517 0.072756
v -0.192099 0.042428 0.081348
v -0.192492 0.027217 0.082585
v -0.207254 0.041638 0.069273
v -0.207466 0.040991 0.070840
v -0.203685 0.016324 0.062235
v -0.202054 0.015985 0.060257
v -0.194353 0.043908 0.080083
v -0.194859 0.039885 0.079508
v -0.196923 0.042543 0.078569
v -0.187249 0.045542 0.085429
v -0.183105 0.046569 0.088819
v -0.206550 0.021006 0.072571
v -0.206824 0.018806 0.071723
v -0.207336 0.020351 0.071344
v -0.179205 0.017315 0.090732
v -0.179044 0.018020 0.091657
v -0.177794 0.017017 0.091776
v -0.206520 0.016997 0.071407
v -0.207411 0.017487 0.070302
v -0.190242 0.019973 0.083217
v -0.192367 0.019966 0.081300
v -0.191849 0.021074 0.082376
v -0.195857 0.020030 0.078286
v -0.195005 0.018842 0.077802
v -0.197047 0.019576 0.076969
v -0.200354 0.015503 0.068810
v -0.197725 0.015846 0.068723
v -0.206567 0.015791 0.069787
v -0.198713 0.019072 0.075423
v -0.198350 0.018340 0.074629
v -0.195279 0.016277 0.070214
v -0.186615 0.016091 0.066210
v -0.186718 0.016113 0.062589
v -0.187804 0.019036 0.084767
v -0.185046 0.019051 0.087248
v -0.193851 0.016553 0.072585
v -0.191760 0.016234 0.073197
v -0.207014 0.021371 0.067970
v -0.206768 0.019124 0.067346
v -0.188914 0.016054 0.060811
v -0.171434 0.015664 0.071212
v -0.170607 0.015738 0.065936
v -0.176700 0.015752 0.068488
v -0.200622 0.015979 0.070074
v -0.198171 0.016286 0.070437
v -0.181722 0.015950 0.064377
v -0.207289 0.019976 0.068940
v -0.202916 0.015507 0.069071
v -0.207333 0.021324 0.069245
v -0.207405 0.022697 0.069439
v -0.207450 0.021310 0.070304
v -0.193876 0.020938 0.080578
v -0.206044 0.029343 0.065988
v -0.194522 0.022342 0.080556
v -0.162959 0.015530 0.083824
v -0.167701 0.015769 0.080103
v -0.168243 0.015657 0.084416
v -0.207240 0.033314 0.071707
v -0.188807 0.018296 0.082904
v -0.190612 0.018972 0.082021
v -0.207123 0.031381 0.072028
v -0.207402 0.032300 0.070978
v -0.181438 0.015855 0.058844
v -0.206774 0.033802 0.067799
v -0.175389 0.015938 0.061475
v -0.172022 0.015808 0.055968
v -0.176093 0.015865 0.055950
v -0.197114 0.020736 0.077880
v -0.195641 0.021100 0.079158
v -0.198046 0.017692 0.073731
v -0.195880 0.017272 0.073792
v -0.197790 0.016976 0.072211
v -0.186642 0.018090 0.084728
v -0.204569 0.030145 0.063686
v -0.173589 0.026627 0.096300
v -0.172161 0.029516 0.097118
v -0.170681 0.027434 0.098616
v -0.201553 0.016338 0.070891
v -0.205282 0.019897 0.073294
v -0.205134 0.018101 0.072660
v -0.197484 0.015506 0.067084
v -0.187612 0.017617 0.082756
v -0.176735 0.016122 0.078486
v -0.181539 0.016305 0.079310
v -0.178728 0.016176 0.082463
v -0.171145 0.035478 0.097419
v -0.172991 0.032082 0.096274
v -0.171397 0.025709 0.098185
v -0.184032 0.022993 0.089089
v -0.200708 0.015506 0.059215
v -0.179480 0.023494 0.092316
v -0.175812 0.024305 0.094812
v -0.176309 0.022016 0.094520
v -0.189831 0.040752 0.083003
v -0.199469 0.016605 0.071296
v -0.199847 0.017135 0.072378
v -0.185426 0.017514 0.084765
v -0.172625 0.023568 0.097212
v -0.207148 0.023845 0.068281
v -0.169297 0.024926 0.099839
v -0.207309 0.029903 0.071459
v -0.191258 0.016789 0.077192
v -0.192619 0.016578 0.074541
v -0.193728 0.017019 0.075167
v -0.175318 0.016446 0.093742
v -0.176105 0.016449 0.092364
v -0.176760 0.017165 0.092944
v -0.185429 0.018409 0.086335
v -0.200806 0.017035 0.058704
v -0.181924 0.017336 0.087843
v -0.181557 0.017609 0.088951
v -0.180261 0.017248 0.089470
v -0.175377 0.029420 0.094645
v -0.190742 0.017855 0.080180
v -0.176537 0.032294 0.093655
v -0.196228 0.016684 0.071790
v -0.175613 0.017256 0.094105
v -0.174833 0.018254 0.094950
v -0.174183 0.016681 0.094905
v -0.169516 0.017990 0.098698
v -0.172607 0.017452 0.096412
v -0.172564 0.020207 0.096971
v -0.171205 0.016375 0.097081
v -0.169378 0.015971 0.098195
v -0.194589 0.017739 0.076302
v -0.169595 0.022256 0.099441
v -0.168510 0.020294 0.099927
v -0.202540 0.027484 0.060928
v -0.202346 0.033604 0.060739
v -0.183374 0.017121 0.085719
v -0.181317 0.016905 0.086949
v -0.181937 0.016753 0.085631
v -0.177528 0.016095 0.087865
v -0.175843 0.016077 0.090872
v -0.174954 0.015805 0.089261
v -0.173781 0.015867 0.093535
v -0.176719 0.019763 0.094039
v -0.179186 0.019295 0.092167
v -0.180369 0.021038 0.091655
v -0.188778 0.016037 0.074778
v -0.177809 0.026513 0.093202
v -0.200185 0.019571 0.057629
v -0.202331 0.018651 0.060537
v -0.171459 0.015946 0.078003
v -0.165473 0.015609 0.064129
v -0.169592 0.015724 0.059915
v -0.180012 0.016491 0.086568
v -0.181910 0.016593 0.084166
v -0.185387 0.016340 0.078274
v -0.188673 0.016465 0.077804
v -0.185191 0.016717 0.081422
v -0.207279 0.017703 0.068622
v -0.207079 0.026700 0.072382
v -0.207348 0.024526 0.071724
v -0.170598 0.015609 0.097050
v -0.171431 0.015631 0.096529
v -0.181279 0.018040 0.089712
v -0.159948 0.015512 0.068326
v -0.182536 0.019437 0.089622
v -0.188297 0.017081 0.080460
v -0.182258 0.016472 0.081811
v -0.173800 0.015686 0.091742
v -0.175285 0.015776 0.073277
v -0.180245 0.015909 0.072916
v -0.207444 0.019169 0.070227
v -0.160895 0.015527 0.077254
v -0.182804 0.016139 0.076488
v -0.186256 0.016077 0.075520
v -0.196810 0.018335 0.075496
v -0.196277 0.025601 0.079795
v -0.204009 0.022170 0.062901
v -0.172397 0.015858 0.095741
v -0.172155 0.015820 0.075019
v -0.177039 0.034269 0.093336
v -0.207300 0.022206 0.071665
v -0.192850 0.017417 0.077369
v -0.193324 0.018055 0.078232
v -0.178181 0.044799 0.092915
v -0.175161 0.047803 0.094992
v -0.178107 0.016362 0.089025
v -0.178168 0.016675 0.090425
v -0.179864 0.016762 0.088453
v -0.198990 0.020646 0.076599
v -0.200933 0.019353 0.074923
v -0.203356 0.019456 0.074113
v -0.201449 0.020803 0.075521
v -0.194342 0.019915 0.079481
v -0.192707 0.018862 0.079938
v -0.191903 0.039878 0.081440
v -0.191287 0.022221 0.083221
v -0.207034 0.032059 0.068277
v -0.178262 0.036106 0.092465
v -0.198100 0.040128 0.077887
v -0.176956 0.018272 0.093443
v -0.206673 0.031270 0.067276
v -0.207509 0.023048 0.070676
v -0.205564 0.034258 0.065419
v -0.203998 0.039225 0.063465
v -0.190940 0.016357 0.075437
v -0.206377 0.035819 0.067005
v -0.198484 0.041809 0.077844
v -0.206897 0.040518 0.072387
v -0.207170 0.042352 0.071851
v -0.165966 0.015677 0.069899
v -0.205942 0.040005 0.073479
v -0.206514 0.038136 0.072839
v -0.192653 0.037444 0.081075
v -0.190201 0.037348 0.082891
v -0.192256 0.033679 0.081844
v -0.180442 0.016411 0.085156
v -0.201767 0.030862 0.076550
v -0.202795 0.036497 0.075778
v -0.200590 0.034209 0.076959
v -0.179395 0.016268 0.084916
v -0.176755 0.015956 0.086629
v -0.206820 0.028475 0.072790
v -0.205980 0.027807 0.073779
v -0.169457 0.015643 0.056039
v -0.197593 0.022229 0.078227
v -0.204740 0.031741 0.074791
v -0.204109 0.027487 0.075211
v -0.183104 0.018097 0.088102
v -0.185593 0.017136 0.083290
v -0.183552 0.016864 0.084173
v -0.183699 0.035234 0.088185
v -0.206618 0.025278 0.073042
v -0.184200 0.017701 0.086445
v -0.205310 0.036853 0.074086
v -0.205820 0.033932 0.073730
v -0.206281 0.035682 0.073167
v -0.182896 0.018696 0.088810
v -0.202321 0.041247 0.076096
v -0.200083 0.041710 0.077162
v -0.200661 0.038475 0.076801
v -0.175066 0.015894 0.085257
v -0.172692 0.015555 0.090355
v -0.200632 0.044708 0.077230
v -0.182838 0.025705 0.089818
v -0.198810 0.043246 0.077872
v -0.187175 0.028379 0.086443
v -0.181066 0.030278 0.090509
v -0.203940 0.024645 0.075100
v -0.201526 0.026244 0.076625
v -0.205031 0.022329 0.074058
v -0.202701 0.023300 0.075631
v -0.203390 0.021237 0.074778
v -0.201468 0.022285 0.075995
v -0.206267 0.042232 0.073154
v -0.204783 0.040960 0.074560
v -0.187352 0.033192 0.085592
v -0.196533 0.023771 0.079398
v -0.199380 0.017378 0.056644
v -0.199680 0.024046 0.077409
v -0.195204 0.035258 0.079654
v -0.190509 0.030285 0.083748
v -0.179477 0.033874 0.091440
v -0.205489 0.024882 0.074079
v -0.206670 0.033410 0.072794
v -0.200799 0.036248 0.076757
v -0.198462 0.032607 0.078117
v -0.198885 0.029082 0.078118
v -0.207057 0.029602 0.072367
v -0.177556 0.016064 0.084836
v -0.206346 0.030782 0.073315
v -0.193491 0.030048 0.081537
v -0.195771 0.031271 0.079828
v -0.196187 0.028079 0.079847
v -0.198876 0.026453 0.078149
v -0.206574 0.023285 0.072932
v -0.198233 0.036775 0.077883
v -0.171642 0.015911 0.082265
v -0.199867 0.022097 0.076773
v -0.163222 0.027239 0.003624
v -0.159836 0.028248 -0.001311
v -0.162344 0.032109 0.002450
v -0.194005 0.016446 0.046974
v -0.195007 0.017663 0.048785
v -0.171807 0.015780 0.013215
v -0.173613 0.016500 0.016080
v -0.165663 0.029088 0.007572
v -0.143407 0.015551 0.029913
v -0.148313 0.015574 0.031384
v -0.144960 0.015513 0.035368
v -0.177750 0.018083 0.022777
v -0.175802 0.016148 0.019206
v -0.174339 0.020833 0.018634
v -0.183209 0.022693 0.031711
v -0.186008 0.018818 0.035197
v -0.183985 0.017202 0.031780
v -0.187317 0.021913 0.037879
v -0.188936 0.027102 0.040833
v -0.190068 0.022096 0.041959
v -0.131429 0.015691 0.022378
v -0.126059 0.015521 0.019557
v -0.197889 0.016127 0.053956
v -0.197535 0.017015 0.053228
v -0.198180 0.017003 0.054412
v -0.179177 0.020407 0.025663
v -0.180799 0.016199 0.026719
v -0.160592 0.015621 0.027622
v -0.156587 0.015814 0.030780
v -0.155957 0.015651 0.023725
v -0.132076 0.015706 0.012981
v -0.129072 0.015665 0.011812
v -0.132226 0.015835 0.009554
v -0.161301 0.025050 0.000288
v -0.160004 0.023654 -0.001935
v -0.157874 0.025167 -0.004573
v -0.188052 0.016899 0.037946
v -0.166220 0.032859 0.008527
v -0.181565 0.019998 0.028954
v -0.169903 0.033568 0.013761
v -0.168894 0.030052 0.012358
v -0.176355 0.032655 0.022770
v -0.172978 0.034567 0.018007
v -0.175051 0.038260 0.020789
v -0.176781 0.041356 0.023407
v -0.178026 0.038525 0.025283
v -0.144675 0.015562 0.021792
v -0.141801 0.015821 0.016511
v -0.147897 0.015633 0.016695
v -0.139183 0.015676 0.006304
v -0.140270 0.015712 0.010659
v -0.135591 0.015785 0.008313
v -0.169547 0.042818 0.012344
v -0.170572 0.038225 0.014266
v -0.166600 0.041232 0.008174
v -0.152982 0.015846 0.010056
v -0.153066 0.015612 0.016883
v -0.149753 0.015685 0.012853
v -0.196209 0.021543 0.051250
v -0.195971 0.017594 0.050412
v -0.147784 0.015742 0.008061
v -0.136366 0.015731 0.019089
v -0.136603 0.015601 0.024011
v -0.135820 0.015745 0.013314
v -0.152372 0.015603 0.032279
v -0.155527 0.015634 0.034781
v -0.165179 0.052971 0.005868
v -0.163723 0.049515 0.003671
v -0.162171 0.054413 0.001618
v -0.168384 0.015503 0.047367
v -0.145559 0.015678 0.011974
v -0.143395 0.015612 0.007782
v -0.157175 0.046192 -0.005217
v -0.159832 0.042931 -0.001364
v -0.157258 0.041690 -0.005162
v -0.196209 0.029532 0.051526
v -0.195937 0.037040 0.051326
v -0.199192 0.035091 0.056059
v -0.126339 0.015543 0.015206
v -0.131400 0.015657 0.016650
v -0.196887 0.017487 0.051929
v -0.198190 0.016157 0.054851
v -0.198685 0.016598 0.055606
v -0.159130 0.015670 0.013879
v -0.198270 0.015730 0.055600
v -0.164547 0.045398 0.004938
v -0.166621 0.047776 0.007940
v -0.168236 0.044750 0.010312
v -0.195550 0.016032 0.049514
v -0.184234 0.028477 0.033852
v -0.161574 0.015629 0.019647
v -0.161112 0.038798 0.000183
v -0.163170 0.041260 0.003119
v -0.159706 0.017225 -0.004635
v -0.161780 0.021234 -0.000118
v -0.162605 0.017758 -0.000238
v -0.159858 0.015626 0.022885
v -0.158557 0.051367 -0.003335
v -0.161221 0.050103 0.000324
v -0.159875 0.047343 -0.001357
v -0.178028 0.035204 0.025118
v -0.173032 0.030940 0.018300
v -0.170000 0.047175 0.013077
v -0.198513 0.017847 0.054962
v -0.199380 0.017378 0.056644
v -0.180623 0.042516 0.029686
v -0.182919 0.042852 0.033029
v -0.182004 0.039267 0.031496
v -0.198614 0.015751 0.056750
v -0.199922 0.025736 0.057348
v -0.202540 0.027484 0.060928
v -0.201268 0.022815 0.059299
v -0.164469 0.015617 0.032248
v -0.167439 0.015508 0.038290
v -0.162213 0.015569 0.037062
v -0.165349 0.017877 0.003850
v -0.163990 0.015920 0.001252
v -0.198961 0.022718 0.055917
v -0.198483 0.019558 0.054958
v -0.200185 0.019571 0.057629
v -0.162103 0.046045 0.001654
v -0.155970 0.015679 0.007307
v -0.153667 0.015634 0.002665
v -0.168683 0.017609 0.009035
v -0.164787 0.022614 0.004921
v -0.158304 0.038575 -0.003677
v -0.160339 0.015779 0.032738
v -0.169506 0.023326 0.012433
v -0.166201 0.025413 0.007837
v -0.168751 0.026604 0.011833
v -0.179346 0.023091 0.026606
v -0.175328 0.015514 0.047350
v -0.144715 0.015663 0.004869
v -0.159842 0.035419 -0.001458
v -0.157126 0.035164 -0.005474
v -0.157823 0.015790 -0.007790
v -0.158302 0.015741 0.034821
v -0.180060 0.036357 0.028251
v -0.170789 0.019342 0.013072
v -0.178540 0.042006 0.026350
v -0.177304 0.044905 0.024148
v -0.157774 0.015737 0.018696
v -0.156007 0.015755 0.014984
v -0.169861 0.015538 0.033540
v -0.167040 0.015508 0.029335
v -0.197230 0.015645 0.052796
v -0.168529 0.053569 0.010996
v -0.173001 0.015688 0.050937
v -0.158188 0.056532 -0.003877
v -0.204009 0.022170 0.062901
v -0.162764 0.037008 0.002580
v -0.164971 0.036115 0.006300
v -0.140289 0.015642 0.021089
v -0.158292 0.021608 -0.005053
v -0.202331 0.018651 0.060537
v -0.180205 0.032472 0.028224
v -0.177933 0.027776 0.025103
v -0.150490 0.015780 0.000363
v -0.173106 0.046851 0.017880
v -0.175061 0.043722 0.020703
v -0.172283 0.042794 0.016596
v -0.164437 0.038843 0.005110
v -0.150400 0.015584 0.029414
v -0.178686 0.015643 0.052177
v -0.181438 0.015855 0.058844
v -0.176093 0.015865 0.055950
v -0.198725 0.039853 0.055579
v -0.197019 0.044104 0.053087
v -0.172521 0.027520 0.017441
v -0.175440 0.024553 0.021253
v -0.171295 0.024751 0.015293
v -0.179853 0.039714 0.028332
v -0.179475 0.045589 0.027800
v -0.168459 0.015594 0.052271
v -0.197580 0.018453 0.053374
v -0.157319 0.031054 -0.004855
v -0.167446 0.036310 0.010067
v -0.175938 0.048884 0.021877
v -0.141636 0.015667 0.004501
v -0.169562 0.025128 0.012835
v -0.177259 0.022028 0.023360
v -0.177256 0.020463 0.022873
v -0.183296 0.034912 0.032865
v -0.169457 0.015643 0.056039
v -0.172022 0.015808 0.055968
v -0.147611 0.015865 0.002311
v -0.156302 0.018090 -0.009201
v -0.193797 0.019476 0.046969
v -0.192362 0.032261 0.046081
v -0.187619 0.034826 0.039444
v -0.189876 0.017531 0.040773
v -0.191801 0.019233 0.043886
v -0.152340 0.015878 0.004474
v -0.147647 0.015522 0.026592
v -0.192732 0.024442 0.045994
v -0.167988 0.021638 0.009592
v -0.182136 0.046336 0.031755
v -0.184520 0.045478 0.035343
v -0.192842 0.016606 0.045150
v -0.198131 0.026244 0.054561
v -0.191712 0.015605 0.043160
v -0.184936 0.015609 0.054825
v -0.185101 0.040015 0.036054
v -0.191733 0.040676 0.045544
v -0.202346 0.033604 0.060739
v -0.201226 0.039091 0.059553
v -0.203998 0.039225 0.063465
v -0.188282 0.040276 0.040509
v -0.189123 0.044805 0.041675
v -0.186886 0.043939 0.038537
v -0.199835 0.030003 0.056998
v -0.152377 0.015623 0.027371
v -0.150589 0.015525 0.022209
v -0.156876 0.027675 -0.005607
v -0.175073 0.111806 -0.006280
v -0.176970 0.112379 -0.003308
v -0.175448 0.113342 -0.004786
v -0.182262 0.118483 0.011883
v -0.180991 0.118680 0.010661
v -0.180790 0.118185 0.008500
v -0.169440 0.119263 -0.006252
v -0.170542 0.118684 -0.006431
v -0.170216 0.119200 -0.005355
v -0.175010 0.107473 -0.008250
v -0.175361 0.109359 -0.006889
v -0.172684 0.109237 -0.010656
v -0.185228 0.114790 0.010299
v -0.185818 0.113729 0.010429
v -0.186320 0.114328 0.011802
v -0.171921 0.118235 -0.004332
v -0.170972 0.118929 -0.004451
v -0.171470 0.118209 -0.005378
v -0.168628 0.115605 -0.012671
v -0.170033 0.116139 -0.010516
v -0.167337 0.116636 -0.013732
v -0.182197 0.119917 0.016373
v -0.181065 0.120708 0.016531
v -0.181198 0.120217 0.015761
v -0.172679 0.117930 -0.003402
v -0.173569 0.117274 -0.002998
v -0.173307 0.118198 -0.001651
v -0.168640 0.118434 -0.010585
v -0.170372 0.117479 -0.009113
v -0.170137 0.118304 -0.008307
v -0.176317 0.116229 -0.000683
v -0.176757 0.116640 0.000353
v -0.175584 0.116126 -0.001838
v -0.189581 0.111398 0.014525
v -0.188932 0.111116 0.013076
v -0.189196 0.110534 0.013198
v -0.171381 0.117855 -0.006754
v -0.183403 0.111676 0.004933
v -0.184295 0.112083 0.006562
v -0.183619 0.112619 0.005821
v -0.179204 0.118655 0.007769
v -0.178403 0.119037 0.007715
v -0.178210 0.118840 0.006974
v -0.177382 0.110161 -0.003972
v -0.179037 0.110493 -0.001572
v -0.169028 0.118998 -0.008587
v -0.171920 0.105399 -0.013357
v -0.171479 0.104422 -0.014665
v -0.173764 0.103498 -0.011461
v -0.185196 0.112320 0.008032
v -0.186405 0.112451 0.010034
v -0.185227 0.113209 0.009125
v -0.167516 0.117845 -0.012742
v -0.165607 0.117628 -0.015379
v -0.172389 0.117476 -0.005014
v -0.180333 0.116432 0.005063
v -0.179358 0.116726 0.003934
v -0.180213 0.115524 0.003881
v -0.171920 0.116234 -0.007620
v -0.171734 0.115065 -0.008669
v -0.177964 0.117294 0.003027
v -0.177798 0.116533 0.001796
v -0.182550 0.117847 0.010488
v -0.183060 0.118195 0.012385
v -0.158174 0.120537 -0.011791
v -0.157461 0.121397 -0.013881
v -0.158885 0.121498 -0.012079
v -0.179606 0.117592 0.005713
v -0.178815 0.118035 0.005629
v -0.159752 0.121900 -0.011765
v -0.159120 0.122009 -0.012910
v -0.183749 0.117237 0.011229
v -0.184822 0.116844 0.012250
v -0.184656 0.117348 0.013267
v -0.181789 0.118772 0.012729
v -0.180890 0.119028 0.011907
v -0.170079 0.115281 -0.010947
v -0.168880 0.114753 -0.012685
v -0.170527 0.114545 -0.010648
v -0.184826 0.113959 0.008972
v -0.171789 0.118687 -0.003372
v -0.173130 0.110932 -0.009105
v -0.184955 0.111666 0.007269
v -0.185370 0.111561 0.007914
v -0.170107 0.109356 -0.014370
v -0.172493 0.106908 -0.011954
v -0.178226 0.107550 -0.004010
v -0.178037 0.106137 -0.005043
v -0.179591 0.104417 -0.002939
v -0.189449 0.109063 0.012887
v -0.188830 0.110300 0.012382
v -0.169273 0.117017 -0.011080
v -0.168251 0.119462 -0.007637
v -0.179714 0.113221 0.001031
v -0.180077 0.114242 0.002338
v -0.178726 0.114257 0.000625
v -0.159419 0.100234 -0.005640
v -0.157824 0.101834 -0.008109
v -0.161768 0.103153 -0.002348
v -0.158543 0.106697 -0.007323
v -0.161442 0.107955 -0.003396
v -0.162574 0.110373 -0.001856
v -0.163756 0.108329 -0.000073
v -0.164954 0.118610 -0.015370
v -0.160552 0.110948 -0.004834
v -0.157617 0.111503 -0.009189
v -0.166605 0.118758 -0.012922
v -0.165366 0.105118 0.002756
v -0.164263 0.111350 0.000540
v -0.160469 0.114144 -0.005346
v -0.165366 0.121861 -0.002653
v -0.164583 0.121814 -0.003594
v -0.164960 0.122033 -0.003801
v -0.163822 0.121894 -0.006325
v -0.163627 0.121497 -0.007549
v -0.164482 0.121428 -0.006414
v -0.164140 0.121965 -0.004585
v -0.171862 0.121453 0.005831
v -0.171851 0.121001 0.004890
v -0.173190 0.120760 0.006005
v -0.164451 0.121983 -0.005050
v -0.164815 0.121729 -0.005516
v -0.165277 0.121728 -0.004321
v -0.162708 0.121926 -0.007709
v -0.162628 0.121722 -0.008497
v -0.163084 0.120768 -0.010202
v -0.162329 0.120932 -0.011371
v -0.163322 0.120503 -0.011465
v -0.165446 0.119784 -0.010408
v -0.166487 0.119715 -0.009638
v -0.165980 0.119880 -0.009109
v -0.169847 0.119387 -0.005197
v -0.169401 0.119593 -0.004629
v -0.164854 0.120966 -0.007006
v -0.173080 0.121549 0.008134
v -0.173897 0.121125 0.008408
v -0.173550 0.121364 0.009182
v -0.167181 0.120444 -0.004733
v -0.167901 0.119878 -0.005313
v -0.168453 0.120034 -0.004164
v -0.162200 0.121605 -0.009569
v -0.161834 0.121867 -0.009170
v -0.164285 0.120325 -0.010351
v -0.165140 0.120090 -0.009392
v -0.165641 0.120291 -0.007923
v -0.163222 0.121194 -0.008843
v -0.162558 0.121209 -0.009738
v -0.164232 0.121030 -0.008048
v -0.163639 0.121215 -0.008130
v -0.163247 0.121868 -0.007091
v -0.162784 0.121896 -0.006790
v -0.172266 0.118845 -0.001875
v -0.172265 0.119393 -0.000440
v -0.171578 0.119341 -0.001417
v -0.169731 0.120248 -0.001139
v -0.170921 0.119927 -0.000057
v -0.169835 0.120786 0.000741
v -0.170287 0.121592 0.003879
v -0.169417 0.121827 0.003696
v -0.169813 0.121690 0.003144
v -0.165183 0.121256 -0.005750
v -0.165964 0.120846 -0.005249
v -0.165434 0.121299 -0.004886
v -0.163641 0.122028 -0.005515
v -0.168592 0.119621 -0.005859
v -0.169106 0.120715 -0.000663
v -0.168233 0.120904 -0.001337
v -0.168759 0.120476 -0.002191
v -0.174708 0.120302 0.007216
v -0.173776 0.120797 0.007350
v -0.164306 0.120632 -0.009085
v -0.168263 0.121072 0.002883
v -0.168372 0.121844 0.002229
v -0.169020 0.121838 0.002612
v -0.170161 0.119393 -0.004639
v -0.170219 0.119428 -0.003542
v -0.166957 0.119728 -0.008261
v -0.167297 0.119831 -0.006568
v -0.166312 0.120471 -0.006214
v -0.170543 0.121470 0.005574
v -0.171407 0.121563 0.006502
v -0.171190 0.120808 0.007083
v -0.168864 0.119458 -0.006581
v -0.164955 0.121086 -0.006280
v -0.165484 0.120828 -0.006223
v -0.166279 0.121213 -0.003693
v -0.165586 0.120557 -0.006763
v -0.165029 0.121329 -0.002331
v -0.166980 0.121153 -0.002276
v -0.166601 0.121570 -0.001921
v -0.167177 0.120915 -0.003283
v -0.167842 0.120596 -0.003023
v -0.165782 0.121707 -0.002916
v -0.170966 0.120583 0.002142
v -0.171741 0.119914 0.001298
v -0.172649 0.119865 0.002623
v -0.172279 0.120469 0.004216
v -0.171051 0.121098 0.004124
v -0.171046 0.120679 0.003148
v -0.168767 0.120968 0.000021
v -0.168272 0.121306 -0.000027
v -0.172279 0.121315 0.008018
v -0.172541 0.121534 0.007379
v -0.174188 0.121164 0.009173
v -0.167592 0.121262 -0.001182
v -0.167196 0.121516 -0.001203
v -0.167530 0.120989 -0.002282
v -0.167241 0.121843 0.000349
v -0.167691 0.121594 -0.000181
v -0.168600 0.121613 0.001266
v -0.173228 0.121301 0.007515
v -0.167055 0.121763 -0.000709
v -0.174047 0.121395 0.010056
v -0.174512 0.121268 0.009989
v -0.170597 0.119680 -0.001775
v -0.177184 0.119059 0.006239
v -0.175872 0.119424 0.006206
v -0.175584 0.119226 0.004236
v -0.171320 0.121243 0.004920
v -0.174698 0.119477 0.004586
v -0.174555 0.119808 0.005136
v -0.173602 0.119899 0.004095
v -0.174849 0.120715 0.009241
v -0.170166 0.120598 0.005873
v -0.169556 0.121209 0.004587
v -0.173474 0.119189 0.000849
v -0.172698 0.119439 0.000861
v -0.173033 0.118943 -0.000270
v -0.171210 0.119251 -0.002770
v -0.167280 0.119527 -0.009116
v -0.170137 0.121770 0.004536
v -0.170920 0.121539 0.004864
v -0.169468 0.119873 -0.002874
v -0.166235 0.121899 -0.001309
v -0.169996 0.121233 0.002359
v -0.167821 0.121743 0.001693
v -0.168857 0.121147 0.000635
v -0.166280 0.121436 -0.000426
v -0.171431 0.119514 -0.000598
v -0.171867 0.119597 0.000340
v -0.161807 0.121396 -0.010837
v -0.166982 0.121098 0.000956
v -0.173197 0.119507 0.001628
v -0.172589 0.119711 0.001739
v -0.173744 0.121217 0.010141
v -0.174160 0.119253 0.002088
v -0.174599 0.120513 0.008185
v -0.171189 0.121712 0.005639
v -0.173187 0.121035 0.006905
v -0.170325 0.121342 0.003347
v -0.174120 0.119530 0.003453
v -0.169017 0.119937 0.004903
v -0.173143 0.120995 0.009560
v -0.172326 0.120353 0.009314
v -0.173604 0.120205 0.004931
v -0.174577 0.120023 0.006028
v -0.172006 0.121665 0.006908
v -0.175630 0.119900 0.007248
v -0.157918 0.118259 -0.010414
v -0.156825 0.119065 -0.012516
v -0.159166 0.119430 -0.009310
v -0.161101 0.121618 -0.008931
v -0.161947 0.121727 -0.007776
v -0.161808 0.121284 -0.007267
v -0.172637 0.121228 0.006738
v -0.176751 0.118933 0.004980
v -0.192706 0.110950 0.019317
v -0.190839 0.111187 0.016617
v -0.191601 0.109394 0.016783
v -0.160883 0.121875 -0.010336
v -0.160166 0.121823 -0.012585
v -0.172258 0.121496 0.006716
v -0.190691 0.108914 0.014896
v -0.170746 0.118159 0.008802
v -0.170044 0.116673 0.008374
v -0.168390 0.118006 0.005278
v -0.161989 0.121921 -0.008339
v -0.167638 0.115379 0.005052
v -0.170209 0.114683 0.009222
v -0.168806 0.111863 0.007605
v -0.187268 0.119541 0.023317
v -0.186076 0.119423 0.021320
v -0.187073 0.119068 0.021803
v -0.187889 0.118876 0.022159
v -0.179315 0.119040 0.010358
v -0.178751 0.119182 0.009685
v -0.179123 0.118921 0.009494
v -0.179251 0.119534 0.011288
v -0.179935 0.119213 0.011392
v -0.179638 0.118837 0.010059
v -0.178782 0.119404 0.010479
v -0.178562 0.119146 0.008816
v -0.186171 0.111059 0.008630
v -0.185822 0.109394 0.007389
v -0.186881 0.109189 0.008984
v -0.177893 0.119565 0.009683
v -0.166192 0.109477 0.003789
v -0.175979 0.121476 0.012710
v -0.176646 0.121415 0.013159
v -0.176624 0.121477 0.013909
v -0.163101 0.118962 -0.002960
v -0.162153 0.118070 -0.003837
v -0.162058 0.119189 -0.004633
v -0.177395 0.120753 0.012762
v -0.177959 0.120471 0.012528
v -0.177822 0.120909 0.013484
v -0.178982 0.121220 0.015319
v -0.178336 0.121481 0.015097
v -0.178814 0.120775 0.014350
v -0.177151 0.121269 0.013458
v -0.182122 0.119151 0.013789
v -0.182488 0.119362 0.014850
v -0.181775 0.119523 0.014323
v -0.164803 0.115633 0.000956
v -0.162495 0.116402 -0.002593
v -0.164382 0.117500 -0.000112
v -0.174050 0.120863 0.011085
v -0.181380 0.119370 0.013333
v -0.180846 0.119950 0.014429
v -0.177446 0.119220 0.007819
v -0.171847 0.116081 0.011364
v -0.171581 0.117335 0.010514
v -0.173169 0.117567 0.012686
v -0.178475 0.119875 0.011687
v -0.178480 0.120519 0.013274
v -0.182215 0.120531 0.018888
v -0.182458 0.120764 0.020084
v -0.181498 0.121207 0.019183
v -0.181505 0.119818 0.015099
v -0.180880 0.120318 0.015413
v -0.177297 0.120327 0.011488
v -0.183997 0.119544 0.018753
v -0.184288 0.119307 0.018066
v -0.184947 0.119399 0.019394
v -0.184185 0.118371 0.014868
v -0.183417 0.118819 0.014939
v -0.183318 0.118474 0.013645
v -0.182994 0.119970 0.018003
v -0.182596 0.118703 0.013814
v -0.161295 0.118355 -0.005353
v -0.163439 0.121403 -0.004913
v -0.183373 0.119274 0.015988
v -0.184111 0.119147 0.016670
v -0.183499 0.119455 0.017008
v -0.167567 0.119478 0.003293
v -0.179660 0.120523 0.014703
v -0.180374 0.120958 0.015926
v -0.181729 0.120736 0.017742
v -0.180792 0.121310 0.017572
v -0.182925 0.120200 0.019300
v -0.183603 0.120232 0.020317
v -0.180794 0.120608 0.015815
v -0.161471 0.120230 -0.006532
v -0.163624 0.120148 -0.003199
v -0.183569 0.119914 0.019142
v -0.184384 0.118605 0.016152
v -0.166195 0.116991 0.002508
v -0.165783 0.113142 0.002665
v -0.176565 0.121084 0.012312
v -0.175496 0.121226 0.011378
v -0.185253 0.118287 0.016316
v -0.184833 0.118371 0.015645
v -0.184816 0.118804 0.017260
v -0.184780 0.118887 0.017806
v -0.184288 0.119105 0.017285
v -0.175312 0.120938 0.010284
v -0.185069 0.118919 0.018562
v -0.185699 0.118444 0.017491
v -0.175633 0.120231 0.008549
v -0.185433 0.117821 0.015217
v -0.184254 0.119827 0.019636
v -0.175005 0.121303 0.011913
v -0.186623 0.107033 0.007696
v -0.188090 0.107307 0.009799
v -0.162360 0.121936 -0.007617
v -0.184776 0.119987 0.020851
v -0.160505 0.121390 -0.013463
v -0.159813 0.121857 -0.014054
v -0.174397 0.121344 0.010786
v -0.175445 0.120850 0.013139
v -0.176158 0.120599 0.010975
v -0.176660 0.119656 0.008246
v -0.161372 0.121246 -0.012264
v -0.160602 0.118754 -0.006718
v -0.176617 0.120116 0.009848
v -0.175760 0.120505 0.009843
v -0.177503 0.121703 0.015115
v -0.177251 0.121532 0.014155
v -0.170429 0.119603 0.007226
v -0.172463 0.118431 0.011177
v -0.178941 0.121810 0.017157
v -0.179781 0.121665 0.017281
v -0.179596 0.121649 0.018468
v -0.175733 0.119984 0.014601
v -0.176793 0.121002 0.015137
v -0.177402 0.120250 0.016966
v -0.179367 0.121279 0.016012
v -0.158209 0.121980 -0.013905
v -0.158999 0.122299 -0.014298
v -0.162917 0.113433 -0.001486
v -0.160116 0.120772 -0.009280
v -0.178265 0.121307 0.017025
v -0.158147 0.116862 -0.009504
v -0.159227 0.118159 -0.008408
v -0.160357 0.117058 -0.006284
v -0.177709 0.121372 0.014318
v -0.178218 0.120931 0.014200
v -0.179363 0.119956 0.012807
v -0.164650 0.119163 -0.000705
v -0.174069 0.116429 0.014542
v -0.166506 0.119914 0.001277
v -0.178990 0.121720 0.016550
v -0.173848 0.119642 0.012108
v -0.171926 0.119261 0.009792
v -0.166162 0.118462 0.001816
v -0.161730 0.119711 -0.016956
v -0.161243 0.120105 -0.017094
v -0.161059 0.120019 -0.017778
v -0.160687 0.120427 -0.017469
v -0.160302 0.120892 -0.016000
v -0.159649 0.120944 -0.017194
v -0.161022 0.120370 -0.016577
v -0.159270 0.121048 -0.010827
v -0.160747 0.119954 -0.018888
v -0.161690 0.119590 -0.017794
v -0.176131 0.119138 0.016162
v -0.174706 0.118096 0.014740
v -0.174884 0.119041 0.014231
v -0.156741 0.117457 -0.011770
v -0.155915 0.115224 -0.012341
v -0.160099 0.120493 -0.018438
v -0.159338 0.121314 -0.016136
v -0.162184 0.119643 -0.016899
v -0.161081 0.119502 -0.019387
v -0.163329 0.118112 -0.001985
v -0.185497 0.118639 0.018279
v -0.185800 0.118840 0.019451
v -0.165581 0.120583 -0.000676
v -0.168565 0.106543 0.007662
v -0.173786 0.118541 0.012972
v -0.172599 0.113284 0.013007
v -0.178743 0.121577 0.015936
v -0.161428 0.121917 -0.009101
v -0.180595 0.121691 0.018791
v -0.178398 0.121820 0.016171
v -0.186142 0.118034 0.016967
v -0.180383 0.119593 0.013164
v -0.160030 0.121424 -0.010309
v -0.158549 0.115100 -0.008447
v -0.171073 0.109350 0.011197
v -0.189915 0.112462 0.016183
v -0.189728 0.113561 0.016757
v -0.189222 0.112881 0.015484
v -0.166152 0.112668 -0.017944
v -0.163324 0.112620 -0.022578
v -0.165111 0.111627 -0.020082
v -0.182682 0.106744 0.002126
v -0.183407 0.104829 0.002781
v -0.183879 0.106040 0.003566
v -0.187082 0.113429 0.012073
v -0.187167 0.114558 0.013577
v -0.187472 0.115946 0.015853
v -0.186812 0.116767 0.015908
v -0.186586 0.116146 0.014657
v -0.189753 0.116750 0.020538
v -0.188436 0.117220 0.019214
v -0.189570 0.116140 0.019464
v -0.161728 0.120024 -0.016563
v -0.187003 0.118090 0.018281
v -0.187827 0.118047 0.019769
v -0.186726 0.118539 0.019374
v -0.162156 0.120667 -0.012318
v -0.190426 0.113295 0.017747
v -0.191664 0.112714 0.019133
v -0.183900 0.117952 0.013055
v -0.159437 0.121836 -0.015142
v -0.158650 0.122000 -0.015788
v -0.192448 0.114106 0.021586
v -0.190542 0.114711 0.019348
v -0.188513 0.116111 0.017573
v -0.188397 0.113578 0.014494
v -0.188738 0.112168 0.013761
v -0.168953 0.112627 -0.013919
v -0.168308 0.111314 -0.015686
v -0.170568 0.111163 -0.012419
v -0.183549 0.107749 0.003623
v -0.188265 0.114966 0.015896
v -0.188975 0.113966 0.016035
v -0.185671 0.116879 0.014018
v -0.187907 0.112707 0.012925
v -0.188212 0.111201 0.012193
v -0.169983 0.113833 -0.011947
v -0.171986 0.112758 -0.009597
v -0.166672 0.115229 -0.015633
v -0.167633 0.113891 -0.015045
v -0.187694 0.113553 0.013363
v -0.189347 0.114400 0.017295
v -0.161375 0.121003 -0.013118
v -0.161095 0.121027 -0.014020
v -0.164392 0.114354 -0.019621
v -0.186652 0.115580 0.013695
v -0.187282 0.115488 0.014810
v -0.165487 0.119276 -0.013106
v -0.167289 0.119041 -0.011262
v -0.165965 0.116189 -0.015987
v -0.165309 0.116874 -0.016338
v -0.164323 0.116069 -0.018396
v -0.163401 0.118791 -0.017056
v -0.162542 0.118679 -0.018624
v -0.163780 0.118165 -0.017405
v -0.191325 0.115112 0.020924
v -0.190500 0.115743 0.020393
v -0.166898 0.110291 -0.018223
v -0.185977 0.115137 0.012270
v -0.187943 0.118437 0.020889
v -0.161301 0.118971 -0.020298
v -0.162258 0.119187 -0.018066
v -0.187664 0.109180 0.010073
v -0.187301 0.110733 0.010312
v -0.166711 0.119600 -0.010265
v -0.165940 0.119679 -0.010964
v -0.166181 0.119492 -0.011529
v -0.187372 0.112123 0.011579
v -0.184955 0.107386 0.005381
v -0.183475 0.109544 0.004271
v -0.169577 0.106832 -0.016322
v -0.162556 0.120184 -0.014695
v -0.163096 0.120209 -0.013610
v -0.161766 0.120506 -0.014424
v -0.187056 0.117382 0.017315
v -0.185997 0.105026 0.006332
v -0.167579 0.119241 -0.009721
v -0.166111 0.114132 -0.017270
v -0.160091 0.121401 -0.014656
v -0.184619 0.110354 0.006222
v -0.169970 0.103922 -0.016974
v -0.185558 0.116155 0.012578
v -0.162926 0.120397 -0.012603
v -0.184981 0.115546 0.010930
v -0.163553 0.119262 -0.016010
v -0.159936 0.121238 -0.015482
v -0.160299 0.121099 -0.015677
v -0.160722 0.120973 -0.015145
v -0.193013 0.112555 0.021016
v -0.162936 0.115375 -0.021263
v -0.162878 0.116250 -0.020733
v -0.163671 0.119860 -0.014675
v -0.189066 0.117747 0.021028
v -0.162512 0.120148 -0.015399
v -0.162502 0.119806 -0.016182
v -0.165078 0.119844 -0.011714
v -0.162088 0.118120 -0.019978
v -0.162616 0.117056 -0.020297
v -0.163366 0.117625 -0.018506
v -0.182187 0.104839 0.001162
v -0.158113 0.122321 -0.015207
v -0.166213 0.119729 -0.010344
v -0.164318 0.117538 -0.017215
v -0.164018 0.117011 -0.017942
v -0.171895 0.101747 -0.015045
v -0.162522 0.119566 -0.016945
v -0.164837 0.119146 -0.014509
v -0.161899 0.120225 -0.016046
v -0.184741 0.103538 0.004376
v -0.162109 0.120718 -0.013364
v -0.161536 0.120475 -0.015517
v -0.164602 0.119739 -0.012894
v -0.163866 0.120061 -0.012349
v -0.164439 0.120095 -0.011293
v -0.159787 0.121734 -0.011161
v -0.188219 0.109737 0.011270
v -0.186986 0.118749 0.020889
v -0.186433 0.118817 0.020176
v -0.175866 0.118524 0.002464
v -0.176781 0.118567 0.004158
v -0.176003 0.118800 0.003693
v -0.175298 0.118857 0.002682
v -0.176528 0.118098 0.002619
v -0.175991 0.117247 0.000439
v -0.177445 0.117885 0.003347
v -0.175504 0.118037 0.000972
v -0.174533 0.117757 -0.000777
v -0.173027 0.117189 -0.004007
v -0.173426 0.116419 -0.004458
v -0.174588 0.116935 -0.002167
v -0.174771 0.118430 0.000990
v -0.173869 0.118604 0.000069
v -0.160374 0.098249 -0.004000
v -0.182035 0.101670 0.000225
v -0.180991 0.105105 -0.000784
v -0.182509 0.115453 0.006870
v -0.184040 0.116277 0.010230
v -0.182502 0.116790 0.008499
v -0.185291 0.110850 0.007478
v -0.184113 0.115402 0.009194
v -0.181037 0.111823 0.001844
v -0.181168 0.113214 0.002865
v -0.176404 0.115002 -0.002092
v -0.174194 0.114833 -0.005233
v -0.176276 0.113878 -0.003231
v -0.184062 0.113369 0.007214
v -0.174049 0.113424 -0.006529
v -0.172849 0.113992 -0.007751
v -0.181184 0.116237 0.006139
v -0.180910 0.117192 0.006841
v -0.183958 0.114541 0.007999
v -0.182230 0.112127 0.003605
v -0.182670 0.113038 0.004960
v -0.170386 0.116764 -0.009520
v -0.171549 0.114087 -0.009638
v -0.176732 0.106346 -0.006603
v -0.176697 0.107465 -0.006039
v -0.180158 0.118923 0.010173
v -0.178980 0.114946 0.001586
v -0.178411 0.115806 0.001778
v -0.177861 0.115005 0.000058
v -0.179859 0.106671 -0.001998
v -0.172073 0.117112 -0.006619
v -0.177655 0.118679 0.005921
v -0.177935 0.113545 -0.001285
v -0.181016 0.107899 -0.000089
v -0.180672 0.110472 0.000487
v -0.182348 0.110877 0.003060
v -0.181571 0.110668 0.001993
v -0.182181 0.109146 0.002272
v -0.181611 0.114259 0.004405
v -0.179089 0.108678 -0.002449
v -0.179275 0.118878 0.008963
v -0.182876 0.114197 0.006191
v -0.178310 0.112332 -0.001649
v -0.179360 0.112190 -0.000327
v -0.176909 0.115872 -0.000188
v -0.177814 0.118363 0.004927
v -0.177732 0.104559 -0.005896
v -0.175342 0.105291 -0.008546
v -0.176606 0.102765 -0.007663
v -0.178596 0.101753 -0.004771
v -0.215234 0.088467 0.073399
v -0.215008 0.089017 0.071800
v -0.215143 0.085460 0.072947
v -0.210404 0.055648 0.054946
v -0.210465 0.052255 0.055826
v -0.211150 0.053339 0.057648
v -0.213955 0.056082 0.072945
v -0.213778 0.057954 0.069888
v -0.213604 0.054005 0.071272
v -0.213786 0.072732 0.057639
v -0.213888 0.075016 0.056938
v -0.213376 0.073162 0.055906
v -0.179574 0.076966 0.105158
v -0.179116 0.072042 0.105267
v -0.176836 0.075626 0.106783
v -0.213803 0.052757 0.073374
v -0.214861 0.075929 0.064050
v -0.214950 0.078809 0.064012
v -0.214844 0.077442 0.062267
v -0.215404 0.095289 0.066509
v -0.215380 0.093540 0.067183
v -0.215428 0.095292 0.067549
v -0.215287 0.095924 0.068755
v -0.215316 0.092858 0.068527
v -0.214847 0.072259 0.074359
v -0.214933 0.070580 0.074531
v -0.215002 0.071909 0.075878
v -0.216022 0.091632 0.077282
v -0.216129 0.090502 0.077990
v -0.215945 0.092166 0.078176
v -0.213947 0.053064 0.074366
v -0.214377 0.059640 0.075153
v -0.214213 0.059076 0.073822
v -0.214358 0.057450 0.075076
v -0.214104 0.045686 0.076891
v -0.214326 0.043301 0.077979
v -0.214575 0.045042 0.078308
v -0.215064 0.067582 0.077299
v -0.215046 0.068660 0.076040
v -0.214910 0.065804 0.076093
v -0.215153 0.082748 0.073784
v -0.214893 0.082080 0.071832
v -0.215039 0.080406 0.074291
v -0.214162 0.082504 0.055900
v -0.213920 0.084833 0.054522
v -0.213566 0.079970 0.054614
v -0.214945 0.069025 0.074167
v -0.214926 0.070572 0.073539
v -0.214799 0.068026 0.072915
v -0.216006 0.088969 0.077345
v -0.215815 0.090226 0.076296
v -0.196739 0.040989 0.094336
v -0.194548 0.039378 0.095755
v -0.192588 0.040768 0.096940
v -0.215953 0.083311 0.077953
v -0.216072 0.082745 0.079103
v -0.215932 0.084507 0.078684
v -0.214877 0.088798 0.070442
v -0.215022 0.090112 0.069225
v -0.214864 0.086400 0.069154
v -0.214594 0.048939 0.080411
v -0.214503 0.043802 0.079625
v -0.213797 0.044380 0.081299
v -0.215188 0.095186 0.059246
v -0.215225 0.094261 0.061105
v -0.215235 0.098517 0.058608
v -0.213898 0.050207 0.074912
v -0.215808 0.087160 0.076988
v -0.215841 0.088753 0.076623
v -0.215827 0.088580 0.076092
v -0.187610 0.045206 0.100029
v -0.184625 0.046715 0.101819
v -0.186093 0.049961 0.100740
v -0.182807 0.080765 0.103209
v -0.180262 0.082935 0.104795
v -0.182155 0.083652 0.103732
v -0.216185 0.088872 0.078394
v -0.216137 0.090383 0.079081
v -0.215301 0.082850 0.074683
v -0.215473 0.082262 0.075101
v -0.215411 0.083633 0.075392
v -0.214707 0.045879 0.079174
v -0.214702 0.046809 0.078539
v -0.199237 0.052295 0.093183
v -0.202625 0.051980 0.091167
v -0.202087 0.049723 0.091489
v -0.215060 0.092581 0.070374
v -0.205963 0.072684 0.089761
v -0.203870 0.072239 0.091048
v -0.205148 0.075594 0.090385
v -0.214666 0.095493 0.056815
v -0.214919 0.097207 0.057311
v -0.214683 0.097264 0.056033
v -0.215186 0.093466 0.074192
v -0.215251 0.094538 0.073101
v -0.215244 0.092587 0.073540
v -0.187613 0.034865 0.099872
v -0.192467 0.035817 0.096764
v -0.190726 0.033318 0.097809
v -0.213636 0.076194 0.055806
v -0.213832 0.033931 0.077213
v -0.213945 0.037198 0.076753
v -0.213674 0.035671 0.075381
v -0.215597 0.089128 0.075411
v -0.215757 0.091794 0.075414
v -0.215464 0.091995 0.074372
v -0.215461 0.090496 0.074922
v -0.215471 0.081224 0.075508
v -0.215312 0.081828 0.074641
v -0.214742 0.078286 0.071852
v -0.214862 0.077617 0.073436
v -0.214360 0.049866 0.076750
v -0.214202 0.052298 0.075608
v -0.213371 0.039494 0.068345
v -0.213371 0.041883 0.069352
v -0.212920 0.043447 0.066076
v -0.211117 0.062322 0.054151
v -0.212034 0.063587 0.056014
v -0.210983 0.064111 0.053109
v -0.214990 0.058202 0.078949
v -0.214852 0.056472 0.078983
v -0.215038 0.057492 0.079478
v -0.216053 0.076112 0.078659
v -0.215747 0.075691 0.078188
v -0.215976 0.073883 0.078877
v -0.215321 0.091182 0.067250
v -0.215221 0.088849 0.065851
v -0.201348 0.068714 0.092293
v -0.201488 0.072000 0.092401
v -0.203467 0.069104 0.091123
v -0.182760 0.076644 0.103141
v -0.185442 0.077345 0.101486
v -0.185162 0.074067 0.101658
v -0.214821 0.086200 0.071250
v -0.214680 0.073891 0.061847
v -0.214648 0.076514 0.060253
v -0.214135 0.072178 0.059556
v -0.215824 0.085364 0.077922
v -0.215802 0.084995 0.077157
v -0.214423 0.082743 0.057270
v -0.214142 0.078493 0.056972
v -0.214608 0.079603 0.058770
v -0.216026 0.072302 0.079834
v -0.216224 0.074282 0.079792
v -0.214189 0.091660 0.055438
v -0.214571 0.089802 0.057067
v -0.214675 0.092593 0.057071
v -0.216095 0.087946 0.077844
v -0.216228 0.086791 0.078693
v -0.215381 0.085720 0.074122
v -0.215433 0.086666 0.074854
v -0.215588 0.085640 0.076120
v -0.215796 0.083763 0.076691
v -0.215123 0.092085 0.072479
v -0.215250 0.090771 0.073844
v -0.205077 0.069717 0.090217
v -0.216213 0.078537 0.078440
v -0.216062 0.079940 0.078159
v -0.215848 0.078790 0.077040
v -0.209754 0.058824 0.052128
v -0.209409 0.054814 0.052598
v -0.216117 0.091564 0.078835
v -0.213690 0.043768 0.074492
v -0.213560 0.045201 0.072406
v -0.213739 0.042661 0.073476
v -0.198960 0.047134 0.093212
v -0.195326 0.048572 0.095410
v -0.198127 0.049434 0.093756
v -0.215116 0.085388 0.062673
v -0.215057 0.082388 0.064238
v -0.215131 0.086314 0.064470
v -0.212366 0.062277 0.058059
v -0.213187 0.064347 0.059492
v -0.199712 0.083158 0.093449
v -0.198124 0.083887 0.094293
v -0.199168 0.086499 0.093656
v -0.215838 0.071383 0.079464
v -0.212077 0.055904 0.060686
v -0.211651 0.055828 0.058964
v -0.211868 0.054172 0.059943
v -0.214391 0.052548 0.076717
v -0.214267 0.054028 0.075733
v -0.215215 0.084096 0.074125
v -0.188904 0.072719 0.099461
v -0.170417 0.081253 0.111216
v -0.169210 0.081692 0.112073
v -0.171220 0.082058 0.110834
v -0.205059 0.030885 0.087893
v -0.202536 0.033022 0.089836
v -0.205957 0.032877 0.087321
v -0.188679 0.080584 0.099662
v -0.187252 0.082520 0.100573
v -0.188997 0.083326 0.099491
v -0.215983 0.084775 0.079483
v -0.216039 0.087060 0.080499
v -0.210506 0.064673 0.050809
v -0.211355 0.068050 0.051770
v -0.210256 0.066658 0.049557
v -0.216402 0.082927 0.080005
v -0.214867 0.089158 0.058956
v -0.215490 0.094323 0.063775
v -0.214604 0.076561 0.070821
v -0.214745 0.075908 0.072071
v -0.214471 0.089812 0.056195
v -0.214746 0.086823 0.057709
v -0.216260 0.090631 0.079912
v -0.216407 0.092071 0.079473
v -0.181085 0.064060 0.103873
v -0.180381 0.059914 0.104211
v -0.178808 0.062673 0.105388
v -0.193561 0.037679 0.096275
v -0.197471 0.036783 0.093757
v -0.192210 0.083421 0.097644
v -0.194030 0.082028 0.096703
v -0.193038 0.080423 0.097101
v -0.208013 0.065629 0.044999
v -0.208593 0.061131 0.048058
v -0.209515 0.064441 0.048535
v -0.215208 0.090449 0.063632
v -0.214649 0.079287 0.070733
v -0.175293 0.072684 0.107767
v -0.176404 0.068473 0.107064
v -0.215269 0.088878 0.074607
v -0.211269 0.071153 0.050722
v -0.212046 0.072263 0.052264
v -0.215579 0.080059 0.076328
v -0.215250 0.079317 0.075675
v -0.209250 0.067756 0.047074
v -0.211697 0.057351 0.058460
v -0.211223 0.055696 0.057372
v -0.214888 0.079461 0.067364
v -0.214623 0.077593 0.069375
v -0.214852 0.081353 0.069366
v -0.215124 0.091670 0.060189
v -0.215096 0.088132 0.061035
v -0.214508 0.088425 0.056670
v -0.214246 0.088951 0.055525
v -0.212977 0.057479 0.064403
v -0.212792 0.054008 0.065184
v -0.213349 0.055274 0.067946
v -0.202891 0.080102 0.091681
v -0.202296 0.080712 0.092019
v -0.203788 0.083046 0.091146
v -0.198395 0.056743 0.093743
v -0.196892 0.059286 0.094617
v -0.198630 0.060900 0.093679
v -0.196167 0.046050 0.094905
v -0.215109 0.084872 0.060916
v -0.214815 0.084000 0.059155
v -0.206914 0.067935 0.088893
v -0.205188 0.067386 0.089916
v -0.199617 0.030662 0.091650
v -0.200320 0.031375 0.091291
v -0.200925 0.030195 0.090719
v -0.212234 0.067265 0.054863
v -0.215510 0.087706 0.075590
v -0.214995 0.078251 0.074782
v -0.214121 0.056609 0.074355
v -0.214386 0.086454 0.056538
v -0.213703 0.039254 0.073389
v -0.213753 0.037435 0.073285
v -0.213714 0.037883 0.074930
v -0.214199 0.086575 0.055464
v -0.216023 0.088698 0.079374
v -0.214968 0.094123 0.058279
v -0.215133 0.096624 0.058228
v -0.215016 0.076520 0.074836
v -0.215062 0.074380 0.074662
v -0.214285 0.084527 0.056003
v -0.215142 0.081616 0.062461
v -0.215084 0.069437 0.075020
v -0.214830 0.067105 0.074565
v -0.214967 0.080665 0.060701
v -0.215754 0.081417 0.077053
v -0.214789 0.073473 0.073072
v -0.216175 0.075852 0.080091
v -0.215730 0.071737 0.080487
v -0.203093 0.054484 0.090990
v -0.204791 0.052150 0.089933
v -0.178928 0.046242 0.105280
v -0.181930 0.049714 0.103227
v -0.182350 0.045788 0.103215
v -0.210868 0.072555 0.049720
v -0.210429 0.073787 0.048175
v -0.210363 0.070291 0.049022
v -0.188280 0.030204 0.099064
v -0.190019 0.031443 0.098164
v -0.190980 0.030778 0.097400
v -0.214610 0.055600 0.076045
v -0.214585 0.052377 0.077652
v -0.214844 0.051669 0.078299
v -0.214969 0.053288 0.078058
v -0.215147 0.089520 0.062173
v -0.214888 0.079129 0.065463
v -0.215034 0.082119 0.065856
v -0.214189 0.060450 0.071546
v -0.214276 0.063121 0.068650
v -0.184891 0.060016 0.101431
v -0.183939 0.058675 0.102036
v -0.182669 0.060972 0.102790
v -0.197240 0.077553 0.094802
v -0.198732 0.072225 0.093858
v -0.195123 0.075160 0.095935
v -0.200548 0.077911 0.093018
v -0.202155 0.078823 0.092120
v -0.202705 0.076065 0.091726
v -0.215115 0.075232 0.075620
v -0.215315 0.077171 0.075892
v -0.172776 0.068585 0.109306
v -0.193148 0.029001 0.095809
v -0.193990 0.030500 0.095386
v -0.197230 0.030045 0.093202
v -0.216283 0.079512 0.079486
v -0.216160 0.076836 0.079131
v -0.215965 0.077073 0.078051
v -0.213209 0.044752 0.070042
v -0.215324 0.074020 0.076182
v -0.215421 0.074213 0.077392
v -0.215522 0.075434 0.076542
v -0.202907 0.029056 0.089232
v -0.199275 0.028213 0.091730
v -0.207204 0.030944 0.086133
v -0.213916 0.065382 0.062325
v -0.214546 0.068531 0.063931
v -0.213981 0.068225 0.060491
v -0.214943 0.077366 0.064872
v -0.199217 0.029958 0.091760
v -0.193734 0.031552 0.095751
v -0.192362 0.030581 0.096527
v -0.214749 0.074728 0.067974
v -0.214651 0.074577 0.069680
v -0.187661 0.031324 0.099440
v -0.184153 0.065291 0.102070
v -0.214148 0.075528 0.058441
v -0.216515 0.093568 0.079939
v -0.216196 0.092100 0.080605
v -0.197760 0.032210 0.093147
v -0.214002 0.047617 0.075483
v -0.213906 0.048687 0.073861
v -0.182227 0.068233 0.103278
v -0.182774 0.069434 0.102927
v -0.182577 0.056918 0.102803
v -0.186682 0.055097 0.100366
v -0.183982 0.052859 0.101944
v -0.216131 0.092856 0.078974
v -0.214888 0.075617 0.065856
v -0.215365 0.071940 0.077837
v -0.214838 0.070984 0.068957
v -0.214782 0.072948 0.071111
v -0.214804 0.055510 0.077760
v -0.214591 0.057724 0.077701
v -0.214746 0.056761 0.076828
v -0.214774 0.070773 0.072402
v -0.210195 0.082426 0.086953
v -0.210107 0.086612 0.087033
v -0.212064 0.087908 0.085503
v -0.192242 0.032050 0.096892
v -0.187150 0.032630 0.099921
v -0.213987 0.054511 0.074793
v -0.200894 0.080435 0.092844
v -0.201779 0.083229 0.092225
v -0.212973 0.039983 0.081379
v -0.214051 0.041045 0.079117
v -0.213887 0.038677 0.079246
v -0.188372 0.062137 0.099473
v -0.189401 0.057336 0.098788
v -0.186638 0.060315 0.100446
v -0.215189 0.069919 0.077103
v -0.202766 0.031002 0.089638
v -0.199610 0.066176 0.093200
v -0.215704 0.076891 0.077010
v -0.212678 0.069132 0.084001
v -0.210566 0.066997 0.085752
v -0.211222 0.070030 0.085642
v -0.211781 0.034565 0.082084
v -0.211508 0.031991 0.082083
v -0.211295 0.034182 0.082716
v -0.190747 0.029487 0.097376
v -0.212695 0.034959 0.081182
v -0.208559 0.058993 0.087468
v -0.209396 0.053539 0.086380
v -0.207429 0.055429 0.088206
v -0.206146 0.053842 0.089000
v -0.208086 0.050179 0.087290
v -0.210066 0.033737 0.083736
v -0.209395 0.030557 0.083965
v -0.208050 0.034045 0.085711
v -0.210736 0.032681 0.083084
v -0.206469 0.057368 0.089029
v -0.206469 0.055637 0.088993
v -0.214842 0.074866 0.062996
v -0.211141 0.060777 0.055048
v -0.210447 0.061434 0.053087
v -0.194938 0.033138 0.095153
v -0.195128 0.034777 0.095044
v -0.212877 0.084168 0.084752
v -0.211555 0.081236 0.085862
v -0.198619 0.034404 0.092726
v -0.209748 0.060735 0.086376
v -0.210624 0.056161 0.085406
v -0.201483 0.045256 0.091530
v -0.202178 0.047333 0.091268
v -0.204706 0.044986 0.089299
v -0.212735 0.064594 0.083402
v -0.211875 0.065847 0.084370
v -0.213476 0.067393 0.082935
v -0.179063 0.050495 0.105029
v -0.214778 0.072874 0.063881
v -0.213418 0.081210 0.084107
v -0.212940 0.080768 0.084658
v -0.213757 0.082955 0.083927
v -0.209692 0.036121 0.084357
v -0.210065 0.047516 0.085455
v -0.209452 0.046536 0.085878
v -0.216201 0.080459 0.080537
v -0.216038 0.082881 0.080796
v -0.204988 0.035194 0.088317
v -0.194772 0.079462 0.096187
v -0.193357 0.077958 0.096911
v -0.171544 0.072157 0.110145
v -0.195880 0.056365 0.095111
v -0.192162 0.076264 0.097550
v -0.193273 0.072611 0.096827
v -0.192047 0.074556 0.097622
v -0.190634 0.082292 0.098602
v -0.190455 0.084578 0.098712
v -0.170191 0.079907 0.111352
v -0.186269 0.070933 0.100915
v -0.182777 0.072942 0.103003
v -0.214857 0.071562 0.066311
v -0.215585 0.093441 0.075733
v -0.215521 0.092863 0.074886
v -0.215497 0.083321 0.081487
v -0.206842 0.037524 0.086930
v -0.190874 0.065314 0.098129
v -0.191957 0.060820 0.097405
v -0.189155 0.064638 0.099129
v -0.206598 0.064008 0.089080
v -0.208690 0.064691 0.087398
v -0.214492 0.063913 0.074383
v -0.174595 0.081059 0.108465
v -0.176560 0.080143 0.107169
v -0.175214 0.077903 0.107936
v -0.214557 0.084686 0.083036
v -0.215130 0.086140 0.082079
v -0.215053 0.083208 0.082383
v -0.207239 0.040021 0.086814
v -0.205616 0.041093 0.088228
v -0.206816 0.041220 0.087210
v -0.194975 0.087471 0.096189
v -0.193967 0.084613 0.096726
v -0.193176 0.087109 0.097238
v -0.184205 0.041444 0.102119
v -0.186337 0.040274 0.100883
v -0.185867 0.038104 0.101163
v -0.178484 0.081157 0.105919
v -0.180588 0.079561 0.104576
v -0.206798 0.059606 0.088743
v -0.181337 0.042701 0.103887
v -0.183044 0.043326 0.102803
v -0.186779 0.042091 0.100579
v -0.212398 0.057141 0.083671
v -0.210872 0.059857 0.085208
v -0.188789 0.039856 0.099347
v -0.191324 0.038807 0.097691
v -0.214802 0.062950 0.076312
v -0.196214 0.038470 0.094532
v -0.189959 0.042290 0.098616
v -0.177790 0.057954 0.105825
v -0.178045 0.053329 0.105669
v -0.175795 0.054377 0.107261
v -0.196076 0.083534 0.095419
v -0.175833 0.064980 0.107327
v -0.175902 0.060719 0.107216
v -0.174311 0.062713 0.108257
v -0.179870 0.055677 0.104451
v -0.179833 0.052213 0.104480
v -0.191060 0.058245 0.097852
v -0.193687 0.056349 0.096410
v -0.206252 0.070223 0.089560
v -0.184786 0.044118 0.101817
v -0.174073 0.065823 0.108424
v -0.199239 0.040020 0.092727
v -0.201714 0.042063 0.091162
v -0.202280 0.038291 0.090538
v -0.198331 0.044657 0.093590
v -0.178145 0.066019 0.105829
v -0.197321 0.042843 0.094132
v -0.185612 0.052475 0.100941
v -0.192844 0.064146 0.097001
v -0.193001 0.065759 0.096865
v -0.194993 0.062700 0.095642
v -0.198437 0.038621 0.093155
v -0.213606 0.069712 0.058389
v -0.181530 0.053463 0.103385
v -0.200924 0.055855 0.092286
v -0.201158 0.058929 0.092185
v -0.187017 0.067292 0.100453
v -0.184346 0.069604 0.102012
v -0.192824 0.062463 0.096869
v -0.213253 0.070170 0.056557
v -0.213068 0.067255 0.057520
v -0.189947 0.047274 0.098621
v -0.191242 0.044406 0.097825
v -0.189807 0.080779 0.099048
v -0.191540 0.079758 0.098028
v -0.190058 0.078344 0.098822
v -0.175282 0.075414 0.107791
v -0.173614 0.075866 0.108971
v -0.214929 0.083966 0.067166
v -0.179152 0.068983 0.105228
v -0.180796 0.067162 0.104115
v -0.190799 0.075051 0.098351
v -0.191211 0.068299 0.097977
v -0.188765 0.068642 0.099378
v -0.193079 0.046446 0.096718
v -0.194770 0.044036 0.095688
v -0.177546 0.085551 0.106755
v -0.179688 0.065529 0.104880
v -0.189337 0.050431 0.098847
v -0.170740 0.076689 0.110834
v -0.172358 0.078512 0.109858
v -0.206048 0.059353 0.089258
v -0.205064 0.062118 0.089994
v -0.212428 0.058565 0.061023
v -0.181025 0.069707 0.104094
v -0.202364 0.056858 0.091555
v -0.173536 0.079842 0.109055
v -0.188724 0.066792 0.099340
v -0.191852 0.051584 0.097413
v -0.192675 0.054479 0.096976
v -0.195838 0.051344 0.095197
v -0.181684 0.071031 0.103614
v -0.190305 0.054488 0.098269
v -0.187731 0.078237 0.100106
v -0.185421 0.081200 0.101541
v -0.210727 0.045332 0.084646
v -0.212113 0.043874 0.083082
v -0.210405 0.044047 0.084576
v -0.173123 0.083610 0.109607
v -0.199795 0.075452 0.093417
v -0.198962 0.078223 0.093835
v -0.194724 0.042237 0.095729
v -0.195322 0.066985 0.095531
v -0.213977 0.046326 0.075218
v -0.210641 0.035485 0.083328
v -0.211324 0.036768 0.082683
v -0.208971 0.071778 0.087708
v -0.209153 0.069144 0.087327
v -0.207522 0.071598 0.088698
v -0.197001 0.039547 0.094148
v -0.168798 0.078370 0.112169
v -0.167547 0.080641 0.113073
v -0.187545 0.085809 0.100408
v -0.214500 0.070982 0.061890
v -0.176273 0.083665 0.107525
v -0.174682 0.084012 0.108555
v -0.208830 0.082131 0.087911
v -0.209030 0.080488 0.087725
v -0.208124 0.078099 0.088472
v -0.200515 0.049043 0.092312
v -0.214727 0.068826 0.071082
v -0.214596 0.065831 0.073511
v -0.215604 0.069168 0.078254
v -0.215266 0.066750 0.078322
v -0.215662 0.067227 0.079017
v -0.204725 0.086719 0.090435
v -0.203200 0.086388 0.091525
v -0.213049 0.075178 0.053841
v -0.212606 0.070834 0.054203
v -0.194923 0.059736 0.095690
v -0.207437 0.088696 0.088890
v -0.208399 0.091072 0.088108
v -0.209286 0.089158 0.087670
v -0.207282 0.058944 0.046043
v -0.208467 0.056902 0.049125
v -0.214659 0.066838 0.069470
v -0.214613 0.067240 0.067113
v -0.214471 0.095050 0.055475
v -0.192380 0.070011 0.097335
v -0.193171 0.067578 0.096879
v -0.210056 0.049681 0.085578
v -0.201590 0.035722 0.090865
v -0.213276 0.087701 0.052344
v -0.213232 0.083897 0.052843
v -0.202134 0.062868 0.091674
v -0.200768 0.061826 0.092461
v -0.214503 0.064689 0.071869
v -0.214626 0.059950 0.076607
v -0.214746 0.062039 0.077555
v -0.166601 0.082947 0.113929
v -0.196394 0.070628 0.095125
v -0.199472 0.079820 0.093509
v -0.211376 0.073614 0.050630
v -0.210918 0.074195 0.049564
v -0.207112 0.079774 0.089148
v -0.206657 0.075940 0.089480
v -0.203830 0.079752 0.091246
v -0.215603 0.075927 0.077457
v -0.212567 0.083164 0.051427
v -0.212240 0.080876 0.051030
v -0.213000 0.081389 0.052507
v -0.215735 0.090608 0.081079
v -0.215383 0.088902 0.081563
v -0.215351 0.091638 0.082022
v -0.214973 0.059667 0.078163
v -0.214862 0.057721 0.078439
v -0.215487 0.064833 0.078934
v -0.215662 0.066044 0.080138
v -0.215818 0.071209 0.078809
v -0.215219 0.062235 0.078609
v -0.215096 0.064674 0.077639
v -0.211761 0.061645 0.056634
v -0.207264 0.085712 0.088942
v -0.214085 0.080752 0.056272
v -0.213623 0.069137 0.083119
v -0.214104 0.070666 0.082805
v -0.207290 0.074572 0.088931
v -0.208593 0.075451 0.088123
v -0.212483 0.055971 0.062951
v -0.215694 0.092237 0.076472
v -0.205693 0.056086 0.089453
v -0.204237 0.056538 0.090411
v -0.216217 0.081368 0.078399
v -0.215872 0.069169 0.079329
v -0.192644 0.042546 0.097037
v -0.179595 0.078873 0.105140
v -0.198773 0.089432 0.094009
v -0.200211 0.089552 0.093117
v -0.215660 0.061975 0.079590
v -0.212287 0.052434 0.062612
v -0.212600 0.051373 0.065074
v -0.212478 0.052921 0.063982
v -0.183013 0.058914 0.102521
v -0.213839 0.043853 0.076134
v -0.214053 0.040407 0.076811
v -0.211916 0.062012 0.084178
v -0.182968 0.070884 0.102910
v -0.214384 0.061221 0.074328
v -0.215254 0.059707 0.079202
v -0.215485 0.058303 0.079911
v -0.210211 0.041867 0.084304
v -0.214428 0.061591 0.075386
v -0.209116 0.072892 0.045284
v -0.214583 0.048865 0.078290
v -0.211839 0.059906 0.057787
v -0.209898 0.062141 0.050853
v -0.208591 0.073074 0.087984
v -0.214486 0.047401 0.077422
v -0.214161 0.048017 0.076337
v -0.214432 0.061906 0.073187
v -0.214734 0.056306 0.078325
v -0.202469 0.059505 0.091543
v -0.214692 0.057926 0.075896
v -0.209709 0.045063 0.085351
v -0.208087 0.045715 0.086744
v -0.214218 0.064204 0.065190
v -0.208240 0.084329 0.088304
v -0.189471 0.087277 0.099458
v -0.169263 0.076490 0.111793
v -0.168029 0.074911 0.112444
v -0.215926 0.070012 0.079932
v -0.212398 0.054206 0.062543
v -0.195730 0.053875 0.095218
v -0.214304 0.055604 0.075276
v -0.205897 0.085946 0.089785
v -0.205556 0.082488 0.090102
v -0.213745 0.071013 0.058019
v -0.209443 0.038947 0.084691
v -0.208144 0.041202 0.086074
v -0.211503 0.047298 0.084093
v -0.213703 0.059865 0.066435
v -0.213465 0.061670 0.062756
v -0.213738 0.037395 0.070785
v -0.213645 0.039582 0.071486
v -0.213581 0.039611 0.069934
v -0.214682 0.054258 0.077192
v -0.211253 0.089111 0.086311
v -0.214960 0.054729 0.078640
v -0.215101 0.073848 0.075594
v -0.213684 0.046609 0.073376
v -0.205211 0.079169 0.090390
v -0.206764 0.082175 0.089418
v -0.211776 0.047172 0.061405
v -0.212297 0.046299 0.063247
v -0.212035 0.048875 0.061948
v -0.204671 0.048626 0.089728
v -0.213913 0.087354 0.083724
v -0.185696 0.085020 0.101569
v -0.211824 0.051587 0.060651
v -0.215033 0.052712 0.078909
v -0.215147 0.055156 0.079538
v -0.215042 0.055612 0.080673
v -0.201213 0.087109 0.092572
v -0.202958 0.089327 0.091577
v -0.212289 0.050366 0.063187
v -0.211133 0.057943 0.055729
v -0.213487 0.037031 0.080472
v -0.214452 0.050818 0.077833
v -0.215087 0.052284 0.079716
v -0.210015 0.078262 0.087161
v -0.211308 0.050037 0.059158
v -0.213503 0.050715 0.071154
v -0.213066 0.051334 0.067862
v -0.212947 0.048603 0.067316
v -0.212713 0.049215 0.065252
v -0.212998 0.047196 0.082309
v -0.197754 0.086553 0.094549
v -0.214841 0.050600 0.078912
v -0.212790 0.047978 0.065961
v -0.212482 0.047566 0.064577
v -0.212996 0.046126 0.066989
v -0.203774 0.060535 0.090744
v -0.214517 0.046093 0.077766
v -0.210837 0.048766 0.057538
v -0.207287 0.056289 0.046608
v -0.205249 0.058176 0.042472
v -0.207120 0.052227 0.047446
v -0.209856 0.050933 0.054236
v -0.205289 0.058568 0.089668
v -0.208184 0.054094 0.048676
v -0.191387 0.087066 0.098256
v -0.215521 0.094770 0.065657
v -0.196799 0.057731 0.094590
v -0.212297 0.049002 0.083415
v -0.212827 0.051581 0.083113
v -0.213252 0.048130 0.070338
v -0.212177 0.043928 0.062523
v -0.209070 0.053011 0.051084
v -0.208568 0.050644 0.050508
v -0.215795 0.093413 0.081058
v -0.189891 0.037160 0.098550
v -0.205925 0.042288 0.087993
v -0.207670 0.043119 0.086791
v -0.191366 0.072537 0.098022
v -0.211487 0.046941 0.060109
v -0.211465 0.045405 0.059467
v -0.214851 0.088666 0.082481
v -0.213772 0.051257 0.072948
v -0.212950 0.038446 0.065786
v -0.213877 0.054497 0.081954
v -0.213446 0.064952 0.082624
v -0.213570 0.041376 0.072158
v -0.188830 0.038361 0.099221
v -0.213838 0.039831 0.074680
v -0.211574 0.090972 0.086014
v -0.210723 0.089828 0.086731
v -0.198067 0.081048 0.094300
v -0.206408 0.051264 0.088733
v -0.214058 0.041711 0.077724
v -0.213670 0.079962 0.083900
v -0.209551 0.049175 0.053270
v -0.209950 0.048828 0.054728
v -0.214013 0.040326 0.078324
v -0.211266 0.050822 0.084674
v -0.212052 0.078366 0.085531
v -0.212762 0.093310 0.084848
v -0.212723 0.061350 0.059777
v -0.210593 0.047172 0.056754
v -0.215318 0.060581 0.080514
v -0.214526 0.090878 0.082915
v -0.214088 0.037147 0.078311
v -0.211268 0.039262 0.083052
v -0.214070 0.035014 0.078359
v -0.202403 0.079567 0.091906
v -0.180923 0.085037 0.104480
v -0.213640 0.034930 0.079716
v -0.215686 0.076534 0.080770
v -0.215621 0.079710 0.081311
v -0.203516 0.062827 0.090909
v -0.213761 0.031977 0.078665
v -0.212704 0.030543 0.080375
v -0.213137 0.044133 0.068051
v -0.214530 0.086976 0.082824
v -0.214912 0.067084 0.081350
v -0.214678 0.062704 0.081137
v -0.209238 0.078974 0.087668
v -0.205981 0.089091 0.089721
v -0.212910 0.059770 0.083095
v -0.212853 0.077059 0.084783
v -0.213904 0.060307 0.081999
v -0.213028 0.062453 0.082905
v -0.214002 0.063758 0.082047
v -0.210045 0.047059 0.055410
v -0.204845 0.039898 0.088691
v -0.214144 0.066198 0.082182
v -0.210646 0.072235 0.086319
v -0.207228 0.091372 0.088914
v -0.210543 0.063491 0.085737
v -0.214512 0.068555 0.082125
v -0.215062 0.071476 0.081584
v -0.214836 0.075659 0.082278
v -0.212937 0.072999 0.084331
v -0.214034 0.077694 0.083330
v -0.204519 0.089293 0.090652
v -0.206421 0.049649 0.088522
v -0.211182 0.076220 0.049426
v -0.204349 0.065912 0.090497
v -0.210675 0.091175 0.086561
v -0.210972 0.077151 0.086308
v -0.209703 0.074363 0.087147
v -0.210785 0.074587 0.086221
v -0.210256 0.077342 0.046849
v -0.211356 0.080146 0.048737
v -0.210322 0.081227 0.046399
v -0.212788 0.078561 0.052445
v -0.213743 0.092035 0.053441
v -0.213862 0.088754 0.054046
v -0.214076 0.090240 0.054603
v -0.213374 0.090275 0.052673
v -0.212470 0.085843 0.050489
v -0.211960 0.082910 0.049912
v -0.214007 0.094092 0.054117
v -0.196885 0.089188 0.095012
v -0.202665 0.065493 0.091452
v -0.168396 0.086123 0.112857
v -0.213701 0.091680 0.083845
v -0.212163 0.075574 0.051559
v -0.207964 0.070096 0.042990
v -0.206579 0.068191 0.041227
v -0.213507 0.057570 0.082504
v -0.211258 0.084145 0.048165
v -0.169352 0.073081 0.111635
v -0.208665 0.069029 0.045107
v -0.203701 0.064765 0.037426
v -0.206034 0.064370 0.041700
v -0.205141 0.067154 0.039161
v -0.211953 0.078339 0.050593
v -0.211837 0.074326 0.085469
v -0.191840 0.048670 0.097470
v -0.203128 0.060846 0.037648
v -0.207023 0.061687 0.044637
v -0.214233 0.057207 0.081575
v -0.202948 0.067428 0.091388
v -0.214571 0.059139 0.081092
v -0.183792 0.084037 0.102692
v -0.211774 0.076006 0.085708
v -0.214994 0.080150 0.082281
v -0.214420 0.081491 0.083122
v -0.215672 0.092851 0.077418
v -0.128883 0.042161 -0.047352
v -0.126695 0.039330 -0.050540
v -0.125446 0.042699 -0.052118
v -0.136385 0.016029 -0.005681
v -0.131055 0.015981 -0.008150
v -0.137323 0.016010 -0.009204
v -0.118269 0.015789 -0.008577
v -0.121732 0.015654 -0.002923
v -0.117774 0.015776 -0.005151
v -0.117639 0.015783 -0.002383
v -0.113107 0.015751 -0.004869
v -0.134839 0.015873 0.003465
v -0.135494 0.016070 -0.001299
v -0.138259 0.015819 0.002929
v -0.130661 0.035054 -0.044540
v -0.131151 0.039587 -0.044005
v -0.133222 0.036907 -0.040479
v -0.136066 0.015662 -0.025153
v -0.133609 0.015840 -0.027710
v -0.113849 0.015557 0.008943
v -0.131440 0.015968 -0.031194
v -0.134396 0.015506 -0.029905
v -0.110550 0.015534 0.005009
v -0.109118 0.015540 0.000094
v -0.115032 0.015723 0.001667
v -0.118837 0.016466 -0.020385
v -0.116205 0.016176 -0.016552
v -0.114604 0.016171 -0.020418
v -0.136675 0.034987 -0.035332
v -0.136712 0.030357 -0.035620
v -0.133620 0.031648 -0.039991
v -0.141189 0.015949 -0.010720
v -0.138160 0.016164 -0.014476
v -0.140657 0.015974 -0.015015
v -0.144458 0.015652 -0.011099
v -0.134675 0.017569 -0.041804
v -0.132958 0.016094 -0.044875
v -0.139183 0.015676 0.006304
v -0.135591 0.015785 0.008313
v -0.144663 0.027672 -0.024050
v -0.147637 0.030010 -0.019231
v -0.146677 0.025396 -0.021211
v -0.124988 0.016051 -0.015007
v -0.125264 0.016293 -0.019991
v -0.129349 0.016195 -0.018013
v -0.149704 0.017725 -0.019450
v -0.151421 0.015836 -0.017353
v -0.131457 0.015950 0.002727
v -0.132212 0.015970 0.005790
v -0.128157 0.016005 0.005212
v -0.130032 0.015850 -0.001078
v -0.118142 0.034066 -0.062839
v -0.120224 0.035547 -0.059885
v -0.120081 0.033067 -0.060130
v -0.121740 0.016221 -0.061684
v -0.119237 0.038555 -0.061299
v -0.113366 0.016095 -0.026232
v -0.114753 0.016164 -0.024658
v -0.110995 0.015914 -0.022684
v -0.125906 0.016494 -0.031054
v -0.122450 0.016407 -0.028449
v -0.123624 0.016420 -0.033918
v -0.140978 0.016583 -0.032669
v -0.142508 0.019703 -0.029315
v -0.143432 0.015515 -0.029258
v -0.111371 0.015964 -0.016561
v -0.111579 0.015791 -0.010783
v -0.120800 0.016293 -0.017640
v -0.119705 0.015980 -0.013385
v -0.115543 0.016316 -0.037909
v -0.110594 0.016501 -0.038638
v -0.114083 0.016427 -0.042938
v -0.114868 0.015917 -0.013010
v -0.150787 0.025228 -0.015344
v -0.152014 0.028206 -0.013133
v -0.122368 0.030095 -0.057339
v -0.124028 0.025604 -0.055745
v -0.120320 0.024506 -0.061141
v -0.145545 0.015904 -0.003188
v -0.141931 0.015888 -0.006579
v -0.145609 0.015808 -0.006333
v -0.141636 0.015667 0.004501
v -0.141742 0.015828 0.000813
v -0.127072 0.016425 -0.028011
v -0.130748 0.016148 -0.027760
v -0.129256 0.016227 -0.023433
v -0.151397 0.053608 -0.013256
v -0.149894 0.054768 -0.015619
v -0.152277 0.057680 -0.012476
v -0.144340 0.063013 -0.024637
v -0.140974 0.057074 -0.029190
v -0.142219 0.064353 -0.028116
v -0.133794 0.016001 -0.023978
v -0.131667 0.016290 -0.046681
v -0.132226 0.015835 0.009554
v -0.116361 0.016401 -0.046714
v -0.119522 0.016387 -0.041776
v -0.158557 0.051367 -0.003335
v -0.155363 0.050512 -0.007738
v -0.156484 0.053435 -0.006196
v -0.132821 0.015942 0.000987
v -0.129481 0.016141 -0.013582
v -0.127326 0.016021 -0.011695
v -0.109745 0.016150 -0.064765
v -0.112744 0.015895 -0.060679
v -0.110392 0.016286 -0.059379
v -0.107509 0.015735 -0.008775
v -0.120283 0.015730 0.001110
v -0.151536 0.022294 -0.015010
v -0.152511 0.018449 -0.014918
v -0.149199 0.021959 -0.018621
v -0.124227 0.015864 -0.010477
v -0.122568 0.015736 0.005661
v -0.123971 0.015742 0.001576
v -0.132812 0.016177 -0.020109
v -0.136914 0.016088 -0.018617
v -0.125309 0.016518 -0.056298
v -0.144892 0.034983 -0.023320
v -0.147888 0.035799 -0.018711
v -0.154153 0.046735 -0.009649
v -0.151369 0.046505 -0.013750
v -0.152435 0.050355 -0.011829
v -0.110357 0.016431 -0.054971
v -0.154923 0.033683 -0.008842
v -0.151745 0.033657 -0.013432
v -0.154512 0.038656 -0.009631
v -0.135667 0.027675 -0.037371
v -0.132811 0.028098 -0.041645
v -0.147681 0.019944 -0.021465
v -0.147700 0.016932 -0.022375
v -0.143873 0.023897 -0.025802
v -0.146055 0.022031 -0.022868
v -0.144599 0.019985 -0.025715
v -0.141665 0.023536 -0.029654
v -0.135080 0.021798 -0.039656
v -0.139451 0.020984 -0.033690
v -0.137452 0.017886 -0.037615
v -0.137683 0.045307 -0.033778
v -0.134927 0.046707 -0.037734
v -0.137509 0.050871 -0.034107
v -0.153403 0.043256 -0.011045
v -0.155324 0.043257 -0.008119
v -0.151081 0.042304 -0.014479
v -0.126468 0.027973 -0.051654
v -0.124079 0.022351 -0.056569
v -0.127378 0.022297 -0.051609
v -0.125873 0.018988 -0.054984
v -0.134362 0.025559 -0.039715
v -0.131049 0.025128 -0.045033
v -0.146163 0.019434 -0.023626
v -0.154455 0.022540 -0.010368
v -0.154418 0.026116 -0.009536
v -0.156876 0.027675 -0.005607
v -0.154857 0.028455 -0.008657
v -0.157319 0.031054 -0.004855
v -0.139169 0.015994 -0.035618
v -0.137149 0.015814 -0.022318
v -0.147366 0.060470 -0.019905
v -0.147748 0.054243 -0.019064
v -0.144565 0.054416 -0.023835
v -0.128087 0.015824 -0.037310
v -0.130725 0.015689 -0.034869
v -0.122948 0.037167 -0.055967
v -0.125676 0.032239 -0.052281
v -0.110985 0.016224 -0.033804
v -0.142605 0.015900 -0.002734
v -0.144194 0.017330 -0.027470
v -0.157175 0.046192 -0.005217
v -0.139350 0.017920 -0.034801
v -0.149533 0.050449 -0.016203
v -0.149160 0.045773 -0.017132
v -0.146247 0.048088 -0.021622
v -0.124532 0.015668 0.010471
v -0.129072 0.015665 0.011812
v -0.117495 0.029801 -0.064070
v -0.157874 0.025167 -0.004573
v -0.158292 0.021608 -0.005053
v -0.139984 0.031134 -0.031178
v -0.139425 0.035542 -0.031528
v -0.118965 0.015686 0.010354
v -0.115741 0.015570 0.012065
v -0.125323 0.015644 -0.005232
v -0.129702 0.016982 -0.049319
v -0.131484 0.019476 -0.045905
v -0.130848 0.017105 -0.047626
v -0.127402 0.035405 -0.049508
v -0.128979 0.038414 -0.047295
v -0.139366 0.040417 -0.031358
v -0.119661 0.015824 -0.051904
v -0.121068 0.015953 -0.048744
v -0.118048 0.016121 -0.052281
v -0.141551 0.047906 -0.028325
v -0.124397 0.015707 -0.044580
v -0.119936 0.016307 -0.036341
v -0.122664 0.016323 -0.037755
v -0.144204 0.040705 -0.024286
v -0.115764 0.015791 -0.056888
v -0.116677 0.016165 -0.028595
v -0.118211 0.016439 -0.024175
v -0.134254 0.016221 -0.014413
v -0.137964 0.016116 -0.012358
v -0.118241 0.015676 0.005341
v -0.118898 0.016328 -0.047632
v -0.122023 0.016223 -0.043906
v -0.111226 0.016525 -0.050938
v -0.111289 0.016057 -0.028531
v -0.116057 0.016142 -0.033259
v -0.148082 0.041752 -0.018770
v -0.145963 0.015963 -0.025250
v -0.149118 0.015699 -0.003147
v -0.150490 0.015780 0.000363
v -0.147904 0.015862 -0.002115
v -0.120122 0.016247 -0.032442
v -0.121180 0.016501 -0.023541
v -0.122094 0.016449 -0.020925
v -0.116168 0.032673 -0.065943
v -0.125169 0.015983 -0.040376
v -0.139705 0.015924 -0.005705
v -0.109438 0.016556 -0.046212
v -0.110768 0.016555 -0.042243
v -0.124827 0.016399 -0.024282
v -0.123316 0.016223 -0.039792
v -0.141798 0.035832 -0.028091
v -0.115934 0.025577 -0.067570
v -0.127023 0.015981 -0.053729
v -0.128280 0.015499 -0.051888
v -0.150722 0.038305 -0.014993
v -0.107807 0.015592 -0.004431
v -0.147611 0.015865 0.002311
v -0.125396 0.016268 -0.036576
v -0.131783 0.044732 -0.042589
v -0.135308 0.041133 -0.037295
v -0.126339 0.015543 0.015206
v -0.150949 0.030544 -0.014553
v -0.158188 0.056532 -0.003877
v -0.154344 0.054498 -0.009121
v -0.140025 0.015759 -0.019261
v -0.117323 0.017272 -0.068119
v -0.115824 0.017913 -0.070623
v -0.116717 0.019869 -0.068591
v -0.128905 0.049060 -0.046683
v -0.132926 0.052149 -0.040854
v -0.115448 0.015831 -0.071527
v -0.128414 0.016384 -0.031083
v -0.119981 0.019803 -0.063254
v -0.120298 0.015814 -0.064017
v -0.114230 0.017028 -0.073392
v -0.114325 0.020518 -0.072212
v -0.118654 0.015895 -0.066387
v -0.113291 0.015722 -0.074877
v -0.137207 0.024826 -0.035765
v -0.123103 0.018456 -0.059037
v -0.114657 0.015519 -0.072725
v -0.132878 0.040189 -0.041156
v -0.142168 0.027185 -0.028333
v -0.143459 0.031274 -0.025864
v -0.138040 0.062856 -0.034061
v -0.144201 0.058772 -0.024449
v -0.118117 0.022811 -0.065077
v -0.136768 0.056180 -0.035409
v -0.156302 0.018090 -0.009201
v -0.114396 0.016457 -0.052848
v -0.118479 0.018495 -0.066117
v -0.149560 0.057994 -0.016507
v -0.138845 0.016013 -0.003002
v -0.116140 0.022776 -0.068397
v -0.129195 0.045425 -0.046502
v -0.126475 0.016454 -0.033421
v -0.157258 0.041690 -0.005162
v -0.158304 0.038575 -0.003677
v -0.125969 0.015684 -0.000763
v -0.128377 0.016275 -0.033890
v -0.113415 0.016501 -0.048230
v -0.113310 0.016165 -0.057404
v -0.138084 0.027676 -0.034125
v -0.139874 0.025812 -0.031975
v -0.149385 0.032342 -0.016604
v -0.127407 0.045873 -0.049044
v -0.129479 0.030825 -0.046499
v -0.128938 0.015913 -0.050744
v -0.144715 0.015663 0.004869
v -0.114160 0.023794 -0.070949
v -0.112598 0.016528 -0.075843
v -0.153563 0.030543 -0.010709
v -0.112657 0.026068 -0.072217
v -0.113491 0.028816 -0.070486
v -0.114615 0.030946 -0.068520
v -0.157126 0.035164 -0.005474
v -0.127780 0.017941 -0.052115
v -0.117879 0.020918 -0.066312
v -0.111252 0.044195 0.137003
v -0.108881 0.038655 0.138445
v -0.113839 0.039497 0.135165
v -0.140671 0.016425 0.117002
v -0.141533 0.017908 0.116819
v -0.138824 0.017785 0.118442
v -0.140857 0.015499 0.116651
v -0.141689 0.015664 0.116092
v -0.138675 0.022623 0.119081
v -0.138177 0.020112 0.119181
v -0.141492 0.020175 0.117249
v -0.115819 0.023268 0.134166
v -0.120448 0.025097 0.131253
v -0.116236 0.029404 0.133742
v -0.113681 0.048838 0.135678
v -0.109079 0.049625 0.138602
v -0.109998 0.032316 0.137916
v -0.119237 0.046908 0.131668
v -0.115640 0.045245 0.134211
v -0.117671 0.042697 0.132497
v -0.164719 0.040611 0.101016
v -0.168143 0.038079 0.099253
v -0.167917 0.042038 0.099643
v -0.121705 0.038899 0.129238
v -0.123225 0.042393 0.128080
v -0.120846 0.043005 0.129935
v -0.122312 0.047449 0.129071
v -0.124258 0.045531 0.127408
v -0.119987 0.031550 0.131120
v -0.121526 0.034583 0.129711
v -0.118312 0.034688 0.131986
v -0.133729 0.027197 0.122216
v -0.129057 0.021779 0.125333
v -0.133327 0.022092 0.122440
v -0.117789 0.039149 0.132220
v -0.131967 0.015811 0.122890
v -0.130825 0.016506 0.123646
v -0.130888 0.018625 0.123938
v -0.129897 0.018381 0.124599
v -0.132430 0.017072 0.122722
v -0.136119 0.018444 0.120340
v -0.135948 0.021166 0.120680
v -0.133910 0.019171 0.121888
v -0.127521 0.027245 0.126383
v -0.113439 0.054044 0.135862
v -0.108916 0.056928 0.138769
v -0.123459 0.027305 0.129184
v -0.120502 0.028824 0.131041
v -0.130401 0.032001 0.124257
v -0.139161 0.015978 0.117875
v -0.124800 0.036834 0.127325
v -0.128840 0.039720 0.124562
v -0.125560 0.041794 0.126450
v -0.134519 0.016285 0.121208
v -0.169007 0.045415 0.099141
v -0.171876 0.041121 0.097310
v -0.171875 0.046382 0.097378
v -0.124439 0.031630 0.128165
v -0.171145 0.035478 0.097419
v -0.128032 0.035158 0.125527
v -0.112037 0.021094 0.136630
v -0.116848 0.054670 0.133492
v -0.116881 0.050047 0.133588
v -0.120377 0.051869 0.130825
v -0.112111 0.025553 0.136596
v -0.114999 0.034763 0.134387
v -0.123454 0.021771 0.129243
v -0.124763 0.024664 0.128388
v -0.137796 0.015790 0.118799
v -0.136584 0.016612 0.119757
v -0.165553 0.045149 0.100917
v -0.119376 0.022089 0.131882
v -0.118857 0.055879 0.131977
v -0.126950 0.046439 0.125409
v -0.132774 0.037246 0.122355
v -0.131940 0.019735 0.123315
v -0.142796 0.016688 0.115741
v -0.142699 0.015617 0.115446
v -0.156258 0.030061 0.107094
v -0.154213 0.027647 0.108889
v -0.157364 0.025857 0.107229
v -0.162561 0.037845 0.102013
v -0.165093 0.036028 0.100893
v -0.154552 0.015529 0.107746
v -0.153296 0.016313 0.109119
v -0.147727 0.043911 0.112262
v -0.145028 0.045838 0.114612
v -0.145678 0.042198 0.113763
v -0.159061 0.023187 0.106474
v -0.156709 0.022596 0.107998
v -0.158465 0.020719 0.106930
v -0.165785 0.022495 0.102068
v -0.169595 0.022256 0.099441
v -0.169297 0.024926 0.099839
v -0.142198 0.026762 0.117141
v -0.144709 0.025585 0.115585
v -0.144702 0.029125 0.115340
v -0.136916 0.040597 0.119504
v -0.132796 0.041994 0.122088
v -0.160688 0.018744 0.105125
v -0.158618 0.017750 0.106225
v -0.160229 0.017039 0.104791
v -0.139240 0.042933 0.118156
v -0.136716 0.044704 0.119830
v -0.156164 0.016962 0.107500
v -0.157352 0.018628 0.107324
v -0.155220 0.019280 0.108722
v -0.161767 0.044824 0.102545
v -0.162756 0.048579 0.102203
v -0.162278 0.020678 0.104350
v -0.165062 0.018932 0.101975
v -0.168562 0.027595 0.100149
v -0.170681 0.027434 0.098616
v -0.150444 0.044002 0.109895
v -0.148656 0.047496 0.111859
v -0.146411 0.050107 0.113839
v -0.143547 0.049139 0.115866
v -0.154319 0.017806 0.108999
v -0.151206 0.017093 0.110813
v -0.156921 0.048643 0.105168
v -0.156239 0.044618 0.105414
v -0.158770 0.044950 0.103951
v -0.135943 0.024043 0.120795
v -0.136918 0.033138 0.119868
v -0.125218 0.050847 0.126759
v -0.125183 0.055005 0.127276
v -0.122264 0.055161 0.129379
v -0.142774 0.023601 0.116795
v -0.138652 0.025763 0.119250
v -0.159876 0.047968 0.103491
v -0.166169 0.048925 0.100595
v -0.158892 0.033840 0.104544
v -0.156005 0.033738 0.106443
v -0.157702 0.032036 0.105711
v -0.151927 0.047714 0.108913
v -0.150491 0.049753 0.110467
v -0.143088 0.040426 0.115390
v -0.146297 0.039363 0.113164
v -0.166439 0.029162 0.101197
v -0.169788 0.030883 0.098700
v -0.153933 0.039817 0.107069
v -0.151747 0.041246 0.108730
v -0.151513 0.038677 0.109091
v -0.153530 0.043544 0.107293
v -0.144257 0.018172 0.115299
v -0.145127 0.016401 0.114166
v -0.147734 0.017157 0.112951
v -0.169516 0.017990 0.098698
v -0.167328 0.016497 0.099759
v -0.140887 0.046354 0.117437
v -0.140504 0.034014 0.117253
v -0.140974 0.032005 0.117333
v -0.167636 0.033675 0.099693
v -0.152825 0.031928 0.109103
v -0.164024 0.025605 0.103028
v -0.166744 0.025789 0.101463
v -0.154575 0.047143 0.106738
v -0.151346 0.015650 0.110045
v -0.160806 0.041216 0.102835
v -0.161058 0.031847 0.103647
v -0.162239 0.033956 0.102541
v -0.129497 0.044517 0.123848
v -0.154002 0.024091 0.109455
v -0.150156 0.022134 0.112086
v -0.154667 0.021077 0.109252
v -0.137365 0.048669 0.119624
v -0.154379 0.050396 0.107240
v -0.137335 0.037297 0.119179
v -0.162792 0.029564 0.103141
v -0.139382 0.029324 0.118678
v -0.165063 0.032411 0.101393
v -0.142379 0.043064 0.116146
v -0.157917 0.041278 0.104361
v -0.133290 0.046964 0.121735
v -0.147604 0.025254 0.113603
v -0.146518 0.023125 0.114414
v -0.138059 0.052210 0.119216
v -0.134376 0.052623 0.121259
v -0.150373 0.027257 0.111505
v -0.148851 0.040919 0.111173
v -0.150393 0.035737 0.110329
v -0.153565 0.036368 0.107740
v -0.159323 0.029560 0.105285
v -0.143839 0.033402 0.115242
v -0.141097 0.036096 0.116564
v -0.111247 0.017923 0.136771
v -0.111784 0.016953 0.136108
v -0.127609 0.053963 0.125418
v -0.128317 0.052031 0.124717
v -0.130417 0.053380 0.123616
v -0.112791 0.017113 0.135506
v -0.113810 0.018246 0.135121
v -0.112059 0.016398 0.135450
v -0.114134 0.016884 0.134519
v -0.113115 0.016351 0.134809
v -0.114893 0.017400 0.134201
v -0.129572 0.049494 0.123800
v -0.115632 0.016684 0.133235
v -0.115753 0.018012 0.133712
v -0.112132 0.015918 0.134572
v -0.113729 0.016122 0.133724
v -0.157662 0.015992 0.105884
v -0.160079 0.015502 0.103955
v -0.109846 0.015800 0.134937
v -0.117658 0.020706 0.132887
v -0.115317 0.019816 0.134325
v -0.117790 0.018817 0.132486
v -0.143681 0.052776 0.115793
v -0.117051 0.017452 0.132679
v -0.159841 0.037741 0.103381
v -0.117407 0.016806 0.131976
v -0.117519 0.017233 0.132222
v -0.140288 0.038904 0.117052
v -0.143608 0.038332 0.114934
v -0.140820 0.050461 0.117641
v -0.146208 0.020339 0.114512
v -0.156617 0.037817 0.105313
v -0.114596 0.016001 0.132355
v -0.148186 0.032449 0.112391
v -0.160930 0.025860 0.104961
v -0.112347 0.015716 0.132895
v -0.152606 0.019175 0.110433
v -0.120380 0.020060 0.131065
v -0.118170 0.017528 0.131873
v -0.120490 0.018091 0.130552
v -0.149325 0.052139 0.111590
v -0.161609 0.022750 0.104844
v -0.148877 0.038296 0.111255
v -0.140399 0.041245 0.117216
v -0.114071 0.015776 0.131359
v -0.115391 0.015935 0.131155
v -0.116326 0.016248 0.131638
v -0.121289 0.017191 0.129738
v -0.122772 0.017482 0.128885
v -0.119000 0.016970 0.131072
v -0.123703 0.019006 0.128717
v -0.162863 0.017528 0.103103
v -0.174763 0.043846 0.095474
v -0.155746 0.041513 0.105703
v -0.121982 0.016914 0.129155
v -0.120227 0.017002 0.130339
v -0.117952 0.016252 0.130829
v -0.112514 0.015582 0.130701
v -0.120736 0.016459 0.129686
v -0.116728 0.015978 0.130488
v -0.115741 0.015754 0.129832
v -0.146222 0.036323 0.113327
v -0.124623 0.017409 0.127725
v -0.122642 0.016494 0.128464
v -0.118836 0.015811 0.129208
v -0.114433 0.015515 0.127797
v -0.126255 0.017978 0.126754
v -0.125672 0.016688 0.126698
v -0.121638 0.016397 0.129058
v -0.149677 0.015607 0.111137
v -0.123734 0.016783 0.127996
v -0.126362 0.019831 0.127074
v -0.124536 0.016400 0.127260
v -0.121957 0.016095 0.128485
v -0.117703 0.015536 0.127747
v -0.122487 0.015908 0.127749
v -0.125070 0.016044 0.126449
v -0.125982 0.016198 0.125921
v -0.125625 0.016266 0.126401
v -0.128339 0.018430 0.125551
v -0.126665 0.016944 0.126080
v -0.127281 0.016438 0.125353
v -0.124712 0.015727 0.125409
v -0.172161 0.029516 0.097118
v -0.121016 0.015943 0.128604
v -0.172991 0.032082 0.096274
v -0.168510 0.020294 0.099927
v -0.127510 0.017315 0.125712
v -0.126583 0.015860 0.124793
v -0.123691 0.015821 0.126833
v -0.149764 0.018909 0.112129
v -0.128423 0.016789 0.124988
v -0.129488 0.017132 0.124579
v -0.128006 0.015946 0.124498
v -0.129258 0.015900 0.124012
v -0.146774 0.015641 0.112859
v -0.128341 0.015595 0.123823
v -0.127510 0.015569 0.123824
v -0.126027 0.015536 0.123946
v -0.158311 0.017044 0.106070
v -0.164937 0.016472 0.101233
v -0.121421 0.016761 0.129489
v -0.119447 0.016289 0.130197
v -0.169378 0.015971 0.098195
v -0.119939 0.016036 0.129460
v -0.162604 0.016092 0.102605
v -0.123472 0.016192 0.127637
v -0.175161 0.047803 0.094992
f 1 2 3
f 4 5 6
f 7 8 9
f 10 11 12
f 13 14 15
f 16 17 18
f 6 19 20
f 21 22 23
f 24 25 26
f 27 28 1
f 12 29 10
f 30 31 32
f 36 17 37
f 38 15 39
f 40 41 4
f 4 41 42
f 43 44 1
f 24 45 46
f 21 47 48
f 49 50 51
f 52 53 18
f 54 55 34
f 14 13 41
f 26 56 57
f 58 59 60
f 61 62 49
f 63 19 64
f 12 11 35
f 65 66 67
f 6 5 68
f 21 28 27
f 17 29 37
f 2 69 38
f 31 70 71
f 19 6 68
f 72 73 64
f 74 70 75
f 76 77 78
f 29 79 37
f 78 80 81
f 68 82 83
f 84 85 56
f 8 86 9
f 56 87 57
f 40 4 6
f 88 89 90
f 26 91 90
f 66 92 93
f 93 94 66
f 53 38 39
f 51 39 95
f 26 96 24
f 74 71 70
f 13 15 97
f 65 67 98
f 99 59 98
f 95 39 15
f 61 41 67
f 100 101 75
f 14 95 15
f 102 3 2
f 103 104 69
f 75 105 100
f 98 67 40
f 63 99 20
f 25 46 43
f 76 100 77
f 19 63 20
f 38 53 2
f 45 106 107
f 73 63 64
f 73 72 105
f 97 5 13
f 38 69 15
f 28 103 69
f 108 97 104
f 27 109 22
f 80 78 77
f 52 84 89
f 64 19 110
f 5 82 68
f 10 29 16
f 108 111 82
f 22 21 27
f 19 83 110
f 112 29 12
f 59 99 60
f 18 53 113
f 114 115 107
f 80 77 116
f 117 114 107
f 42 13 5
f 94 118 66
f 118 61 67
f 49 51 95
f 119 120 121
f 122 27 44
f 48 123 124
f 2 28 69
f 113 39 125
f 50 54 8
f 15 69 97
f 92 66 65
f 36 37 79
f 110 126 64
f 83 124 127
f 113 9 16
f 1 44 27
f 65 59 92
f 89 88 128
f 7 125 51
f 79 29 112
f 41 61 129
f 97 69 104
f 86 10 9
f 16 18 113
f 89 84 56
f 94 130 50
f 103 28 21
f 20 99 98
f 54 50 130
f 8 34 10
f 19 68 83
f 62 94 50
f 7 9 125
f 130 55 54
f 98 59 65
f 40 67 41
f 60 99 73
f 52 128 53
f 67 66 118
f 73 75 60
f 50 49 62
f 16 9 10
f 131 130 94
f 32 31 71
f 80 116 126
f 52 89 128
f 91 102 128
f 132 36 79
f 24 46 25
f 85 87 56
f 48 47 123
f 61 49 129
f 26 25 3
f 133 134 135
f 136 137 138
f 112 141 79
f 87 142 143
f 87 144 145
f 87 143 144
f 146 133 135
f 133 147 148
f 149 136 150
f 141 151 134
f 152 153 154
f 155 156 157
f 147 158 142
f 139 154 146
f 141 159 79
f 135 140 146
f 140 139 146
f 134 133 159
f 160 150 153
f 136 153 150
f 133 161 147
f 153 161 154
f 142 158 162
f 140 134 163
f 87 132 142
f 159 141 134
f 132 79 159
f 132 87 85
f 134 140 135
f 152 160 153
f 148 147 142
f 161 146 154
f 133 148 159
f 164 136 149
f 137 157 156
f 157 137 164
f 162 144 143
f 133 146 161
f 132 148 142
f 165 134 151
f 151 141 112
f 120 119 166
f 158 147 138
f 132 159 148
f 138 147 136
f 12 151 112
f 143 142 162
f 153 136 161
f 137 136 164
f 107 106 117
f 161 136 147
f 134 167 168
f 165 151 35
f 151 12 35
f 106 45 169
f 167 134 165
f 168 163 134
f 121 170 119
f 45 171 122
f 96 169 24
f 106 169 172
f 169 45 24
f 173 172 169
f 169 96 173
f 57 174 173
f 172 173 174
f 26 57 173
f 57 145 174
f 145 175 174
f 87 145 57
f 45 122 46
f 176 109 177
f 176 23 22
f 27 177 109
f 177 122 171
f 178 179 176
f 177 180 176
f 23 176 179
f 180 121 178
f 122 177 27
f 178 121 120
f 180 178 176
f 171 180 177
f 22 109 176
f 181 30 32
f 32 182 183
f 101 184 74
f 181 32 185
f 181 186 187
f 185 183 188
f 76 78 189
f 188 190 185
f 191 192 187
f 78 193 189
f 194 195 196
f 189 193 197
f 186 191 187
f 198 197 199
f 191 186 190
f 200 201 202
f 76 189 202
f 197 200 202
f 203 191 190
f 204 205 206
f 196 207 208
f 204 209 205
f 191 210 192
f 197 193 199
f 202 201 184
f 211 212 213
f 200 208 201
f 190 207 203
f 210 191 203
f 214 215 216
f 205 217 218
f 217 219 218
f 201 207 190
f 219 217 210
f 217 205 209
f 193 78 81
f 211 220 221
f 222 223 224
f 225 226 227
f 228 224 223
f 229 227 230
f 205 218 231
f 137 156 138
f 144 232 175
f 166 119 115
f 226 222 230
f 226 230 227
f 230 222 144
f 222 226 223
f 233 234 232
f 227 235 225
f 229 230 138
f 138 156 229
f 174 175 236
f 237 234 238
f 144 222 233
f 239 240 232
f 235 241 223
f 242 237 243
f 229 235 227
f 244 245 240
f 246 222 224
f 223 241 228
f 138 230 158
f 162 158 230
f 145 144 175
f 224 243 246
f 241 242 228
f 224 228 243
f 246 238 233
f 225 235 223
f 238 246 243
f 242 243 228
f 175 232 240
f 175 245 236
f 175 240 245
f 32 183 185
f 210 196 219
f 239 234 247
f 240 239 248
f 226 225 223
f 236 249 172
f 243 237 238
f 222 246 233
f 238 234 233
f 232 144 233
f 248 244 240
f 249 245 250
f 208 197 198
f 117 249 250
f 245 244 250
f 232 234 239
f 245 249 236
f 144 162 230
f 156 235 229
f 196 210 207
f 172 174 236
f 221 251 211
f 119 252 115
f 253 149 150
f 254 255 256
f 155 257 156
f 257 254 241
f 149 259 260
f 241 235 156
f 261 254 257
f 247 234 262
f 234 237 262
f 231 221 206
f 254 261 265
f 160 152 266
f 267 253 268
f 265 255 254
f 260 259 269
f 266 267 268
f 261 257 155
f 194 198 270
f 253 150 268
f 253 267 259
f 256 241 254
f 272 206 220
f 264 269 259
f 268 160 266
f 157 149 260
f 263 155 260
f 160 268 150
f 242 241 256
f 259 149 253
f 155 157 260
f 149 157 164
f 267 264 259
f 155 263 258
f 156 257 241
f 263 260 271
f 260 269 271
f 261 155 258
f 273 274 275
f 192 217 209
f 208 194 196
f 221 220 206
f 220 211 213
f 202 189 197
f 213 272 220
f 276 214 216
f 195 221 231
f 274 276 251
f 106 249 117
f 221 277 251
f 195 277 221
f 217 192 210
f 216 212 211
f 184 182 74
f 198 194 208
f 195 278 277
f 278 275 277
f 279 280 278
f 214 281 282
f 212 216 215
f 275 274 277
f 206 272 204
f 182 184 183
f 274 273 281
f 275 278 280
f 251 277 274
f 190 188 201
f 231 206 205
f 276 216 251
f 173 96 26
f 214 282 215
f 107 252 170
f 170 252 119
f 208 200 197
f 216 211 251
f 184 188 183
f 194 279 195
f 207 201 208
f 278 195 279
f 281 214 274
f 202 101 76
f 184 201 188
f 219 196 231
f 218 219 231
f 186 185 190
f 199 270 198
f 101 202 184
f 196 195 231
f 203 207 210
f 214 276 274
f 185 186 181
f 56 26 90
f 59 58 92
f 70 60 75
f 71 74 182
f 182 32 71
f 5 97 108
f 113 53 39
f 102 91 3
f 75 73 105
f 88 90 91
f 11 10 33
f 70 31 58
f 6 20 40
f 36 18 17
f 51 50 7
f 131 94 93
f 10 34 33
f 171 45 170
f 105 77 100
f 13 42 41
f 20 98 40
f 43 46 122
f 51 125 39
f 62 61 118
f 82 111 124
f 58 60 70
f 41 129 14
f 86 8 10
f 3 91 26
f 5 4 42
f 72 116 77
f 43 1 3
f 127 124 123
f 17 16 29
f 94 62 118
f 48 103 21
f 180 171 170
f 52 18 36
f 111 48 124
f 36 132 85
f 84 36 85
f 128 88 91
f 72 77 105
f 128 102 53
f 48 111 104
f 9 113 125
f 7 50 8
f 129 95 14
f 249 106 172
f 124 83 82
f 72 64 116
f 170 45 107
f 116 64 126
f 115 252 107
f 49 95 129
f 101 100 76
f 180 170 121
f 104 103 48
f 84 52 36
f 28 2 1
f 122 44 43
f 43 3 25
f 56 90 89
f 75 101 74
f 104 111 108
f 73 99 63
f 2 53 102
f 34 8 54
f 82 5 108
f 284 285 286
f 287 288 289
f 283 289 288
f 284 290 285
f 291 292 293
f 289 294 287
f 285 290 295
f 283 296 295
f 286 297 284
f 295 296 285
f 297 291 293
f 289 283 295
f 297 286 291
f 298 299 300
f 301 302 303
f 303 299 301
f 304 299 298
f 299 305 306
f 299 307 301
f 299 309 300
f 310 311 312
f 314 315 316
f 316 317 314
f 318 319 320
f 307 322 318
f 323 324 306
f 316 326 302
f 306 305 323
f 302 327 317
f 328 329 330
f 331 298 300
f 329 328 313
f 317 332 333
f 329 315 330
f 319 318 322
f 316 315 326
f 334 335 336
f 300 337 331
f 319 339 311
f 311 310 332
f 302 326 303
f 334 338 340
f 336 337 334
f 320 327 318
f 311 320 319
f 312 311 339
f 329 326 315
f 341 342 343
f 318 301 307
f 329 308 326
f 332 327 320
f 314 330 315
f 302 301 327
f 299 306 307
f 344 324 312
f 339 319 344
f 332 317 327
f 331 337 336
f 343 335 340
f 319 322 344
f 332 320 311
f 345 312 324
f 337 300 338
f 346 347 348
f 347 346 321
f 342 341 346
f 321 346 341
f 340 321 341
f 343 340 341
f 335 334 340
f 338 334 337
f 347 321 325
f 333 314 317
f 342 346 348
f 349 304 298
f 298 331 350
f 351 304 349
f 306 322 307
f 298 350 349
f 308 329 313
f 344 312 339
f 301 318 327
f 326 308 303
f 324 344 306
f 322 306 344
f 300 309 338
f 317 316 302
f 312 345 352
f 353 331 336
f 350 354 355
f 356 349 355
f 355 354 357
f 349 356 351
f 356 358 351
f 354 331 353
f 359 360 361
f 362 363 361
f 359 361 363
f 308 299 303
f 363 364 359
f 362 365 363
f 366 363 365
f 367 353 335
f 353 336 335
f 356 355 357
f 310 312 352
f 356 360 358
f 360 359 364
f 350 355 349
f 364 358 360
f 335 343 367
f 360 356 361
f 354 350 331
f 369 370 371
f 372 373 374
f 375 376 377
f 378 379 380
f 383 375 377
f 380 383 384
f 385 386 387
f 378 388 379
f 389 382 390
f 392 391 393
f 385 377 386
f 376 381 386
f 395 396 397
f 398 383 377
f 376 399 381
f 371 400 401
f 368 402 403
f 387 390 404
f 374 379 372
f 369 403 370
f 404 385 387
f 372 388 402
f 386 377 376
f 396 382 397
f 376 375 374
f 405 404 390
f 374 375 379
f 373 402 368
f 398 384 383
f 405 390 396
f 372 379 388
f 390 387 386
f 400 407 406
f 390 386 389
f 396 390 382
f 375 383 380
f 384 398 408
f 380 409 378
f 389 386 381
f 377 385 398
f 411 407 400
f 408 413 384
f 410 406 407
f 400 406 401
f 371 401 369
f 403 369 368
f 373 372 402
f 394 392 393
f 371 411 400
f 380 384 409
f 394 393 412
f 374 399 376
f 379 375 380
f 414 415 416
f 417 418 419
f 420 421 422
f 423 424 425
f 426 427 428
f 418 429 419
f 417 430 425
f 431 432 433
f 434 435 436
f 437 436 438
f 439 440 441
f 442 439 441
f 443 444 445
f 439 445 446
f 447 440 439
f 445 448 446
f 443 449 444
f 450 451 452
f 453 454 455
f 454 453 456
f 457 458 444
f 459 446 448
f 460 452 456
f 447 446 459
f 461 462 463
f 447 439 446
f 457 449 455
f 449 457 444
f 458 459 448
f 445 444 448
f 464 455 449
f 454 465 459
f 451 465 454
f 458 457 454
f 458 454 459
f 452 466 450
f 458 448 444
f 467 426 428
f 454 452 451
f 449 443 464
f 460 463 462
f 453 464 468
f 447 459 465
f 460 456 453
f 469 450 466
f 464 453 455
f 453 463 460
f 457 455 454
f 452 454 456
f 418 417 471
f 472 473 474
f 475 474 428
f 476 477 478
f 479 480 477
f 481 482 483
f 477 480 486
f 487 432 488
f 429 421 419
f 427 489 428
f 476 490 491
f 426 467 492
f 493 494 495
f 496 494 497
f 498 428 474
f 480 472 499
f 500 484 501
f 502 503 504
f 492 505 426
f 468 464 506
f 507 478 486
f 479 477 508
f 509 476 478
f 510 511 508
f 512 513 436
f 514 512 436
f 515 505 492
f 490 509 516
f 516 517 490
f 492 467 518
f 430 519 514
f 520 486 480
f 486 478 477
f 521 522 518
f 473 508 511
f 523 496 497
f 512 514 524
f 491 525 510
f 526 527 528
f 515 518 433
f 529 530 531
f 532 533 534
f 535 536 537
f 518 515 492
f 498 538 467
f 467 538 518
f 490 517 539
f 414 416 540
f 539 517 494
f 531 541 542
f 472 480 479
f 423 434 424
f 543 544 540
f 528 496 523
f 488 432 431
f 512 524 545
f 433 416 431
f 479 508 472
f 520 480 499
f 415 545 524
f 546 495 517
f 415 524 431
f 547 548 549
f 416 518 522
f 491 490 550
f 551 552 553
f 552 551 554
f 497 493 523
f 511 510 525
f 555 556 557
f 558 559 560
f 494 493 497
f 554 549 552
f 486 520 507
f 561 562 563
f 564 565 566
f 556 555 564
f 567 563 562
f 568 555 557
f 434 437 569
f 547 570 571
f 525 491 550
f 508 473 472
f 531 453 529
f 572 573 574
f 575 576 549
f 577 578 579
f 550 490 539
f 517 495 494
f 580 581 582
f 495 546 493
f 476 491 510
f 415 414 545
f 583 584 585
f 586 587 588
f 490 476 509
f 510 508 477
f 589 590 591
f 517 516 546
f 592 593 594
f 574 595 596
f 477 476 510
f 587 586 597
f 540 416 522
f 598 599 600
f 594 601 602
f 550 539 494
f 603 604 584
f 605 606 607
f 547 549 554
f 608 609 610
f 443 611 506
f 575 612 613
f 560 614 558
f 422 615 616
f 617 618 619
f 549 548 575
f 570 547 554
f 620 621 622
f 559 558 623
f 466 624 469
f 625 626 627
f 584 583 628
f 565 555 568
f 612 575 548
f 629 630 631
f 574 596 572
f 632 633 634
f 571 635 548
f 636 558 614
f 531 530 541
f 637 638 639
f 640 633 641
f 642 643 644
f 645 580 646
f 501 554 551
f 647 619 572
f 648 649 650
f 627 643 651
f 652 653 654
f 541 655 656
f 573 578 577
f 649 657 658
f 659 660 661
f 662 663 664
f 658 665 666
f 617 667 668
f 642 608 643
f 669 670 671
f 670 669 672
f 673 674 675
f 676 645 522
f 469 677 678
f 588 679 680
f 681 588 682
f 665 658 657
f 683 632 684
f 686 683 687
f 688 625 627
f 428 498 467
f 614 689 636
f 634 690 630
f 414 540 544
f 588 681 586
f 691 597 586
f 629 682 680
f 635 692 612
f 693 694 695
f 619 618 572
f 597 696 697
f 632 587 684
f 680 679 629
f 698 699 623
f 630 629 679
f 597 687 684
f 697 696 579
f 700 701 702
f 598 703 704
f 705 704 706
f 617 707 708
f 709 710 711
f 487 488 420
f 560 691 586
f 596 595 712
f 487 420 422
f 713 417 425
f 636 689 568
f 686 697 579
f 714 715 716
f 704 705 717
f 718 637 699
f 607 581 719
f 590 714 720
f 531 463 453
f 721 722 723
f 489 724 475
f 725 563 567
f 639 577 696
f 726 727 728
f 729 730 703
f 731 702 732
f 640 733 634
f 551 611 501
f 429 734 615
f 538 498 593
f 655 735 656
f 419 519 430
f 713 425 424
f 591 590 736
f 567 591 736
f 737 613 738
f 739 738 613
f 740 741 656
f 576 742 655
f 575 743 576
f 468 553 529
f 735 740 656
f 613 737 743
f 692 613 612
f 735 655 742
f 613 692 739
f 646 744 745
f 575 613 743
f 576 743 742
f 743 737 742
f 418 746 747
f 659 748 660
f 749 750 481
f 684 687 683
f 545 414 544
f 661 660 637
f 751 752 619
f 734 747 750
f 531 461 463
f 653 652 753
f 619 752 617
f 530 576 655
f 754 615 734
f 574 577 639
f 634 679 632
f 661 725 755
f 707 617 756
f 757 605 730
f 758 759 760
f 435 434 423
f 588 680 682
f 704 675 598
f 761 573 618
f 577 574 573
f 703 598 729
f 756 633 707
f 762 763 764
f 701 765 766
f 767 768 769
f 770 771 772
f 756 668 641
f 518 416 433
f 443 506 464
f 499 472 773
f 774 775 776
f 772 771 777
f 778 779 780
f 746 418 471
f 781 782 783
f 733 760 759
f 784 785 786
f 787 709 565
f 788 789 790
f 791 792 793
f 646 580 794
f 795 796 787
f 797 798 799
f 554 501 570
f 800 801 590
f 802 667 752
f 803 804 805
f 806 807 659
f 808 809 793
f 810 773 724
f 811 750 747
f 641 732 812
f 713 424 532
f 591 567 562
f 813 536 814
f 638 637 815
f 816 817 818
f 783 819 820
f 821 786 785
f 788 822 823
f 572 596 647
f 762 805 763
f 824 792 764
f 825 774 826
f 827 828 829
f 830 831 832
f 530 552 549
f 833 834 681
f 701 812 732
f 499 814 520
f 813 499 773
f 773 810 835
f 796 836 837
f 826 776 838
f 672 640 641
f 837 836 839
f 677 840 760
f 841 842 843
f 533 844 845
f 846 826 838
f 548 635 612
f 847 820 819
f 758 798 848
f 849 850 851
f 852 853 854
f 855 856 839
f 746 857 858
f 808 859 860
f 861 862 863
f 864 806 800
f 865 672 669
f 596 712 757
f 866 782 781
f 867 868 841
f 869 870 871
f 660 748 794
f 872 873 874
f 875 816 876
f 815 581 638
f 801 755 736
f 631 690 848
f 877 815 660
f 878 879 580
f 880 803 828
f 803 805 762
f 804 803 880
f 505 515 487
f 667 802 668
f 419 430 417
f 499 813 814
f 881 882 827
f 883 884 857
f 721 885 722
f 605 757 638
f 835 810 483
f 886 777 887
f 668 756 617
f 754 749 483
f 888 889 875
f 530 529 553
f 704 602 706
f 811 481 750
f 608 654 609
f 815 877 581
f 698 561 563
f 483 810 754
f 605 890 730
f 891 623 699
f 750 754 734
f 892 666 657
f 893 894 895
f 823 822 896
f 897 898 899
f 814 900 520
f 771 770 901
f 825 846 902
f 851 903 849
f 520 900 507
f 644 648 904
f 905 906 820
f 611 443 445
f 565 709 566
f 907 908 888
f 602 719 592
f 541 656 542
f 779 774 909
f 889 888 908
f 910 767 911
f 912 827 886
f 807 806 864
f 913 789 914
f 915 820 906
f 867 785 902
f 474 916 498
f 596 917 647
f 820 847 905
f 483 918 835
f 849 919 631
f 712 638 757
f 582 877 794
f 821 920 921
f 688 731 752
f 922 787 796
f 530 553 552
f 799 798 758
f 576 530 549
f 688 653 731
f 760 733 865
f 757 729 596
f 794 580 582
f 579 761 686
f 923 783 820
f 884 883 845
f 924 925 853
f 528 585 926
f 834 909 927
f 917 751 619
f 773 918 813
f 886 768 912
f 643 610 651
f 551 553 468
f 928 929 805
f 930 868 846
f 627 651 688
f 797 907 888
f 573 761 578
f 781 783 923
f 670 766 671
f 819 783 907
f 637 660 815
f 645 878 580
f 923 915 931
f 799 932 819
f 732 802 731
f 715 564 566
f 678 669 671
f 529 453 468
f 933 934 721
f 838 776 935
f 825 902 774
f 907 797 936
f 600 917 729
f 914 875 913
f 907 783 782
f 937 469 678
f 920 843 938
f 829 791 827
f 845 534 533
f 890 605 607
f 843 842 938
f 792 829 803
f 794 939 940
f 809 791 793
f 530 655 541
f 941 922 942
f 640 634 633
f 548 547 571
f 435 430 514
f 761 579 578
f 730 729 757
f 487 433 432
f 943 858 944
f 764 803 762
f 711 945 861
f 733 759 946
f 947 948 816
f 611 551 506
f 795 949 950
f 702 765 700
f 532 951 533
f 678 671 937
f 708 707 683
f 798 797 914
f 917 596 729
f 847 952 905
f 769 911 767
f 595 574 639
f 690 631 630
f 690 946 848
f 758 848 759
f 945 711 710
f 953 954 955
f 468 506 551
f 798 914 789
f 763 929 855
f 848 798 850
f 833 779 909
f 956 945 710
f 856 957 958
f 959 504 924
f 710 941 956
f 945 956 960
f 564 714 589
f 828 910 880
f 601 706 602
f 961 894 832
f 942 922 796
f 663 955 874
f 819 932 847
f 581 580 879
f 674 751 600
f 592 878 676
f 836 796 950
f 900 536 962
f 945 960 861
f 889 817 963
f 892 723 964
f 751 917 600
f 892 721 723
f 634 630 679
f 861 716 711
f 631 919 629
f 862 861 960
f 965 966 608
f 763 855 967
f 744 646 968
f 704 703 602
f 701 732 702
f 969 824 970
f 839 856 837
f 646 745 645
f 971 972 973
f 804 928 805
f 599 598 675
f 716 861 863
f 745 543 540
f 903 974 975
f 943 944 976
f 836 970 839
f 967 764 763
f 977 978 768
f 890 607 719
f 787 689 795
f 676 878 645
f 649 658 650
f 975 833 682
f 979 980 897
f 833 975 974
f 642 965 608
f 978 977 981
f 860 786 808
f 934 933 982
f 983 739 692
f 563 718 698
f 609 653 610
f 984 976 944
f 985 986 974
f 848 849 631
f 824 793 792
f 987 571 570
f 442 988 685
f 988 989 470
f 990 442 685
f 795 689 991
f 777 901 887
f 791 829 792
f 633 632 683
f 779 833 986
f 764 970 824
f 674 673 626
f 675 674 599
f 859 991 689
f 992 993 644
f 592 676 521
f 628 601 994
f 972 995 973
f 954 996 955
f 774 778 775
f 654 653 609
f 920 777 997
f 776 826 774
f 706 628 705
f 890 602 998
f 799 936 797
f 962 999 1000
f 535 1001 536
f 1002 1003 1004
f 994 584 628
f 587 597 684
f 619 647 917
f 561 698 558
f 801 800 806
f 844 1004 1003
f 828 803 829
f 1005 550 494
f 1006 778 780
f 765 1007 766
f 624 1008 677
f 935 776 775
f 488 431 524
f 422 429 615
f 789 788 850
f 887 1009 886
f 859 949 991
f 500 611 1010
f 482 481 976
f 639 712 595
f 775 1006 1011
f 614 834 689
f 910 1012 880
f 671 766 1007
f 689 834 859
f 994 1013 1014
f 1009 981 977
f 924 1015 959
f 927 902 784
f 1016 1017 635
f 896 780 823
f 981 1018 1019
f 1012 910 911
f 910 828 1020
f 911 769 1012
f 602 703 998
f 927 860 859
f 969 970 836
f 1021 847 932
f 1022 673 1023
f 719 879 592
f 1024 1025 840
f 621 620 992
f 1026 1013 593
f 949 793 824
f 963 816 875
f 624 466 1027
f 1027 1028 624
f 466 460 1027
f 952 1024 462
f 462 461 952
f 1024 952 1025
f 872 996 1029
f 1024 1027 462
f 452 460 466
f 779 778 774
f 847 1021 1025
f 531 906 461
f 542 906 531
f 915 1030 931
f 1027 1024 1028
f 893 853 925
f 436 513 1031
f 767 910 1020
f 1032 1000 999
f 880 1012 804
f 1021 799 758
f 859 834 927
f 905 461 906
f 1030 656 741
f 1001 535 1033
f 461 905 952
f 535 1034 1033
f 976 984 1035
f 915 906 542
f 915 656 1030
f 942 1036 941
f 622 1022 1037
f 542 656 915
f 482 976 1038
f 758 1039 1021
f 840 677 1008
f 1023 1037 1022
f 823 780 985
f 462 1027 460
f 652 1040 753
f 1025 1039 840
f 753 1040 765
f 765 1040 1007
f 475 724 474
f 921 882 881
f 828 827 912
f 868 930 1041
f 902 846 868
f 760 1039 758
f 1039 1025 1021
f 888 875 914
f 765 702 753
f 1042 1043 693
f 533 1044 844
f 799 1021 932
f 536 900 814
f 952 847 1025
f 850 798 789
f 1045 1046 1047
f 840 1028 1024
f 809 808 821
f 1039 760 840
f 1048 984 1004
f 1028 840 1008
f 773 474 724
f 1028 1008 624
f 1049 1004 844
f 990 1050 445
f 764 967 970
f 803 764 792
f 768 1020 912
f 536 813 537
f 984 1048 1035
f 484 1051 1052
f 1031 438 436
f 584 994 603
f 697 686 687
f 908 907 782
f 653 702 731
f 1053 616 426
f 1044 1049 844
f 498 916 1026
f 786 860 784
f 986 833 974
f 889 963 875
f 730 998 703
f 793 859 808
f 1026 1014 1013
f 940 968 646
f 1054 871 870
f 689 787 565
f 627 626 621
f 974 903 985
f 1055 1056 1057
f 891 699 696
f 999 536 1001
f 827 791 881
f 786 821 808
f 1058 1059 1060
f 785 784 902
f 1061 1062 1063
f 826 846 825
f 569 424 434
f 778 1006 775
f 768 886 977
f 881 809 921
f 622 673 1022
f 948 896 822
f 1064 772 938
f 790 948 822
f 1065 1066 1067
f 425 430 423
f 761 708 686
f 899 898 1068
f 1069 978 1070
f 975 682 919
f 1058 1067 1062
f 1065 1060 1071
f 1072 1073 1074
f 896 1075 1076
f 1035 1038 976
f 817 816 963
f 839 967 855
f 921 997 882
f 560 681 614
f 585 528 885
f 1014 1077 603
f 1058 1062 989
f 997 777 882
f 1066 1078 1067
f 1079 1080 1057
f 649 1081 933
f 494 496 926
f 777 886 882
f 662 830 1082
f 858 811 746
f 834 614 681
f 710 787 922
f 1083 1084 1085
f 774 927 909
f 916 511 525
f 622 1037 620
f 419 421 519
f 511 916 473
f 903 823 985
f 913 876 790
f 824 969 949
f 626 625 674
f 993 992 620
f 682 629 919
f 1086 1011 1006
f 1057 1084 1073
f 681 682 833
f 1077 1014 1087
f 946 690 733
f 616 615 754
f 916 1087 1026
f 1084 1057 1056
f 1088 1078 1089
f 1073 1072 1057
f 1060 1065 1067
f 1090 1088 1089
f 726 1037 1023
f 677 469 624
f 1070 978 1019
f 426 505 1053
f 902 927 774
f 816 818 947
f 709 787 710
f 1074 972 971
f 947 1075 896
f 986 985 779
f 641 633 756
f 622 621 626
f 604 926 584
f 1005 1077 1087
f 807 864 939
f 796 795 950
f 904 642 644
f 1089 1078 1066
f 788 851 850
f 1066 1091 1089
f 584 926 585
f 747 429 418
f 896 948 947
f 971 1079 1072
f 1032 999 1047
f 836 950 969
f 912 1020 828
f 1036 942 837
f 1092 489 427
f 948 790 816
f 1053 505 487
f 931 781 923
f 750 749 754
f 1066 1065 1091
f 973 995 1093
f 867 841 843
f 931 866 781
f 996 695 1029
f 940 864 968
f 887 901 1094
f 1095 973 1093
f 1047 1033 1096
f 1041 841 868
f 1061 989 1062
f 777 920 772
f 1018 981 1009
f 1011 935 775
f 1004 1049 1048
f 1087 916 525
f 1053 422 616
f 929 763 805
f 936 799 819
f 752 625 688
f 1062 1078 1063
f 820 915 923
f 1097 1046 1098
f 967 839 970
f 920 938 772
f 809 821 921
f 1083 1073 1084
f 791 809 881
f 573 572 618
f 713 534 883
f 769 768 1069
f 868 867 902
f 1075 1086 1006
f 728 721 934
f 483 749 481
f 854 853 893
f 1099 1100 1101
f 726 1023 727
f 989 988 1059
f 1071 1091 1065
f 812 701 766
f 977 886 1009
f 716 720 714
f 654 608 966
f 843 920 821
f 689 565 568
f 953 1101 1100
f 504 925 924
f 708 618 617
f 494 926 604
f 1038 1035 898
f 675 717 673
f 884 845 1003
f 610 653 688
f 604 603 1077
f 583 585 727
f 726 982 1037
f 693 1102 1042
f 1045 1103 1104
f 849 975 919
f 879 878 592
f 708 761 618
f 625 751 674
f 1079 971 1095
f 1058 1060 1067
f 592 521 593
f 1105 1049 1042
f 641 812 672
f 1059 1071 1060
f 717 705 1023
f 827 882 886
f 1080 1106 1057
f 843 785 867
f 849 848 850
f 1094 1018 887
f 637 639 699
f 1047 1096 1045
f 1049 1105 1048
f 1049 1044 1042
f 620 982 1081
f 537 483 482
f 1055 1057 1106
f 1035 1048 1068
f 481 943 976
f 934 726 728
f 1101 1082 1104
f 949 859 793
f 1033 1038 897
f 1062 1067 1078
f 969 950 949
f 994 601 594
f 1080 1079 1095
f 933 1081 982
f 958 837 856
f 954 953 1100
f 926 496 528
f 1057 1072 1079
f 796 837 942
f 1099 897 899
f 1096 980 1045
f 1005 604 1077
f 897 1099 979
f 744 544 543
f 1023 673 717
f 897 1038 898
f 705 628 583
f 621 992 643
f 745 744 543
f 751 625 752
f 620 1081 993
f 662 831 830
f 1013 594 593
f 528 527 885
f 593 498 1026
f 474 773 472
f 993 1081 649
f 691 891 696
f 1006 1076 1075
f 892 964 666
f 559 691 560
f 588 587 632
f 985 780 779
f 727 1023 705
f 1047 1046 1032
f 973 1095 971
f 581 607 606
f 716 566 711
f 649 648 644
f 1072 1074 971
f 1048 1107 1068
f 604 1005 494
f 1043 1042 1044
f 1076 780 896
f 422 1053 487
f 482 1034 537
f 436 435 514
f 747 734 429
f 954 1100 1107
f 643 627 621
f 966 1108 654
f 1042 1107 1105
f 1043 694 693
f 697 687 597
f 707 633 683
f 728 585 885
f 663 953 955
f 668 732 641
f 1018 1009 887
f 940 646 794
f 1109 503 502
f 676 522 521
f 722 527 723
f 885 721 728
f 685 485 990
f 982 620 1037
f 860 927 784
f 643 608 610
f 640 672 865
f 975 849 903
f 586 681 560
f 725 736 755
f 1110 442 1111
f 712 639 638
f 785 843 821
f 891 691 559
f 755 801 806
f 1112 1045 980
f 665 657 666
f 561 557 556
f 1111 1113 1110
f 623 558 698
f 748 939 794
f 423 430 435
f 557 636 568
f 1114 1091 1071
f 527 526 723
f 657 649 933
f 994 1014 603
f 802 752 731
f 874 1115 663
f 1071 1059 1116
f 736 725 567
f 563 725 661
f 876 816 790
f 909 834 833
f 938 842 1064
f 638 606 605
f 1033 980 1096
f 1107 1042 1102
f 589 556 564
f 721 892 933
f 502 504 959
f 1117 1116 1110
f 1117 1110 1113
f 722 885 527
f 602 592 594
f 946 759 848
f 1116 1114 1071
f 677 760 669
f 583 727 705
f 1118 1116 1117
f 1119 504 830
f 715 714 564
f 789 913 790
f 780 1076 1006
f 876 913 875
f 718 661 637
f 1091 1114 1120
f 832 831 961
f 696 699 639
f 1120 1090 1091
f 864 940 939
f 661 718 563
f 1114 1116 1118
f 870 1015 1054
f 706 601 628
f 702 653 753
f 979 1112 980
f 717 675 704
f 1087 550 1005
f 590 589 714
f 959 1098 1109
f 865 669 760
f 1121 1090 1122
f 648 650 1123
f 591 562 589
f 949 795 991
f 521 538 593
f 1114 1124 1120
f 557 561 558
f 555 565 564
f 802 732 668
f 941 710 922
f 594 1013 994
f 1014 1026 1087
f 807 939 748
f 699 698 718
f 1100 899 1107
f 719 602 890
f 726 934 982
f 1068 1107 899
f 748 659 807
f 556 589 562
f 1118 1124 1114
f 711 566 709
f 992 644 643
f 955 996 874
f 1019 978 981
f 688 651 610
f 588 632 679
f 921 920 997
f 1104 503 1109
f 673 622 626
f 957 856 855
f 1101 1112 1099
f 822 788 790
f 715 566 716
f 1020 768 767
f 606 638 581
f 636 557 558
f 1069 768 978
f 765 701 700
f 736 590 801
f 1045 1112 1103
f 771 901 777
f 903 788 823
f 600 599 674
f 693 695 996
f 1015 853 1054
f 474 473 916
f 1125 1122 1120
f 936 819 907
f 794 877 660
f 877 582 581
f 585 728 727
f 556 562 561
f 851 788 903
f 657 933 892
f 644 993 649
f 914 797 888
f 879 719 581
f 696 597 691
f 579 696 577
f 683 686 708
f 865 733 640
f 953 663 662
f 672 812 670
f 1125 1120 1126
f 998 730 890
f 427 616 754
f 667 617 752
f 690 634 733
f 812 766 670
f 525 550 1087
f 678 677 669
f 961 831 664
f 1125 1126 1127
f 1124 1126 1120
f 1126 1128 1127
f 659 755 806
f 481 811 943
f 623 891 559
f 600 729 598
f 417 713 471
f 894 961 1129
f 755 659 661
f 1040 1126 1124
f 1130 664 663
f 1131 652 654
f 522 745 540
f 744 1132 1133
f 652 1131 1040
f 1108 1131 654
f 1131 1108 1134
f 1128 1126 1135
f 852 1136 1137
f 1138 1139 1140
f 1141 1142 1143
f 1135 1131 1144
f 1143 1145 1141
f 1146 1147 1148
f 1149 1134 1150
f 1134 1149 1131
f 1145 1151 1141
f 1152 1153 1142
f 1151 1133 1154
f 925 504 1119
f 1142 1141 1155
f 507 900 962
f 965 1156 966
f 1044 533 951
f 1147 1157 1148
f 1140 965 1158
f 1134 1108 966
f 1159 895 894
f 1153 1160 1161
f 1162 1163 1151
f 1157 1147 1164
f 1158 1165 1140
f 431 416 415
f 475 428 489
f 1166 1144 1149
f 984 1002 1004
f 1154 1141 1151
f 1150 1140 1139
f 1160 1153 1167
f 642 904 1168
f 1141 1154 1155
f 1093 1080 1095
f 1169 1168 1170
f 1132 1154 1133
f 1167 1155 1171
f 1163 1133 1151
f 1167 864 1160
f 1172 1173 1169
f 1167 1152 1155
f 720 716 1174
f 1090 1120 1122
f 1163 1162 1157
f 1170 1175 1176
f 438 569 437
f 1158 965 642
f 1177 1174 1178
f 1119 832 925
f 1118 1040 1124
f 862 1178 1174
f 1174 1161 590
f 897 980 1033
f 864 1167 968
f 1176 1175 1179
f 1171 968 1167
f 1179 1180 1176
f 1147 1146 1181
f 1182 1172 1183
f 1056 1055 1182
f 1184 1164 1147
f 1180 1183 1172
f 471 857 746
f 1175 1185 1179
f 1186 1180 1179
f 1187 1056 1182
f 1188 1163 1164
f 1150 1134 1156
f 1183 1187 1182
f 1133 1163 1188
f 1154 1132 1171
f 1186 1179 1185
f 1166 1149 1150
f 745 522 645
f 1186 1185 1189
f 1190 1056 1187
f 871 1054 1137
f 616 427 426
f 811 858 943
f 1190 1186 1189
f 503 830 504
f 513 1146 1191
f 1172 1169 1180
f 1149 1144 1192
f 959 1097 1098
f 1085 1084 1056
f 1166 1150 1139
f 720 1174 590
f 1181 1184 1147
f 1164 1184 1188
f 1133 1188 544
f 421 420 519
f 1187 1183 1186
f 513 1191 1031
f 1174 863 862
f 1193 894 1129
f 1135 1126 1131
f 1110 1059 442
f 1045 1109 1098
f 642 1165 1158
f 436 437 434
f 1034 535 537
f 1177 1153 1161
f 873 1115 874
f 1109 502 959
f 894 893 832
f 1017 983 635
f 904 1170 1168
f 854 893 895
f 1183 1180 1186
f 1160 800 1161
f 1144 1131 1192
f 1132 744 968
f 1165 1168 1169
f 1015 870 1194
f 1137 1054 852
f 1085 1056 1190
f 925 832 893
f 883 471 713
f 831 662 664
f 1184 1181 545
f 1055 1106 1182
f 1182 1106 1173
f 1090 1089 1091
f 1038 1034 482
f 513 512 1181
f 1184 545 1188
f 1169 1176 1180
f 544 744 1133
f 961 1130 1129
f 544 1188 545
f 1040 1118 1117
f 1175 1189 1185
f 1169 1173 1165
f 918 537 813
f 832 1119 830
f 853 1015 924
f 1176 1169 1170
f 429 422 421
f 966 1156 1134
f 1186 1190 1187
f 1059 1110 1116
f 1059 1058 989
f 1090 1121 1088
f 1040 1131 1126
f 810 1092 427
f 1136 852 854
f 965 1140 1156
f 857 884 1002
f 1165 642 1168
f 1171 1155 1154
f 1045 1104 1109
f 545 1181 512
f 1149 1192 1131
f 1140 1150 1156
f 959 1015 1194
f 800 1160 864
f 537 918 483
f 1140 1165 1138
f 1173 1172 1182
f 999 1001 1047
f 1161 1174 1177
f 1104 1103 1101
f 1038 1033 1034
f 1099 1112 979
f 716 863 1174
f 1101 953 1082
f 514 488 524
f 685 988 470
f 1107 1102 954
f 857 944 858
f 488 514 420
f 1151 1145 1162
f 439 442 990
f 1051 1016 1052
f 830 503 1082
f 747 746 811
f 894 1193 1196
f 1054 853 852
f 1003 1002 884
f 961 664 1130
f 1052 987 501
f 1112 1101 1103
f 996 954 1102
f 988 442 1059
f 427 754 810
f 895 1136 854
f 521 518 538
f 984 944 1002
f 590 1161 800
f 1033 1047 1001
f 534 845 883
f 471 883 857
f 534 713 532
f 899 1100 1099
f 569 532 424
f 835 918 773
f 500 1050 485
f 996 1102 693
f 1105 1107 1048
f 1129 1130 1115
f 1050 1010 445
f 500 1010 1050
f 1132 968 1171
f 501 484 1052
f 445 1010 611
f 485 484 500
f 635 987 1016
f 845 844 1003
f 500 501 611
f 1098 1046 1045
f 987 635 571
f 1092 810 489
f 501 987 570
f 987 1052 1016
f 1115 1130 663
f 519 420 514
f 937 450 469
f 671 1007 1197
f 1198 1199 1200
f 1082 953 662
f 441 1111 442
f 1199 465 451
f 1200 1007 1040
f 1111 441 1201
f 1197 451 937
f 999 962 536
f 440 1201 441
f 451 1197 1199
f 937 451 450
f 1167 1153 1152
f 1198 1200 1040
f 447 1198 440
f 1201 1117 1113
f 937 671 1197
f 1163 1157 1164
f 1117 1198 1040
f 465 1199 1198
f 1146 513 1181
f 1198 1201 440
f 1113 1111 1201
f 1198 447 465
f 1199 1197 1007
f 1007 1200 1199
f 1196 1159 894
f 1117 1201 1198
f 904 1123 1170
f 1123 904 648
f 650 658 1123
f 1175 1170 1202
f 1123 1202 1170
f 445 439 990
f 692 635 983
f 724 489 810
f 983 1195 739
f 1068 898 1035
f 485 1050 990
f 433 487 515
f 503 1104 1082
f 944 857 1002
f 1142 1155 1152
f 996 872 874
f 1203 1204 1205
f 1206 1207 1208
f 1212 1213 1214
f 1215 1216 1217
f 1218 1219 1220
f 1221 1222 1223
f 1224 1225 1226
f 1229 1230 1231
f 1234 1235 1236
f 1237 1238 1239
f 1240 1241 1242
f 1243 1244 1245
f 1246 1247 1248
f 1249 1250 1251
f 1236 1252 1253
f 1235 1254 1236
f 1255 1256 1257
f 1258 1259 1260
f 1261 1262 1263
f 1264 1265 1266
f 1267 1268 1269
f 1270 1250 1271
f 1272 1273 1274
f 1275 1276 1277
f 1280 1281 1282
f 1254 1283 1284
f 1285 1286 1223
f 1287 1288 1289
f 1290 1291 1292
f 1293 1294 1295
f 1296 1297 1298
f 1299 1300 1301
f 1302 1303 1304
f 1305 1306 1307
f 1308 1309 1310
f 1247 1311 1312
f 1313 1314 1315
f 1316 1317 1318
f 1319 1320 1321
f 1322 1323 1324
f 1326 1327 1328
f 1302 1331 1332
f 1333 1334 1335
f 1336 1337 1338
f 1339 1340 1341
f 1342 1234 1343
f 1344 1345 1346
f 1347 1348 1349
f 1301 1350 1351
f 1352 1353 1354
f 1355 1356 1357
f 1358 1359 1360
f 1361 1362 1363
f 1364 1365 1366
f 1367 1368 1369
f 1370 1371 1372
f 1373 1374 1375
f 1376 1255 1257
f 1377 1378 1379
f 1380 1381 1382
f 1293 1383 1294
f 1297 1384 1385
f 1386 1387 1388
f 1389 1390 1391
f 1392 1393 1394
f 1395 1396 1397
f 1318 1317 1398
f 1400 1401 1402
f 1302 1404 1331
f 1405 1406 1407
f 1408 1409 1410
f 1411 1412 1413
f 1414 1415 1416
f 1417 1418 1419
f 1420 1421 1422
f 1423 1248 1247
f 1424 1207 1425
f 1320 1319 1426
f 1427 1428 1429
f 1430 1431 1432
f 1433 1434 1435
f 1436 1414 1416
f 1437 1438 1439
f 1440 1441 1442
f 1443 1444 1312
f 1445 1220 1419
f 1446 1447 1448
f 1449 1450 1451
f 1452 1453 1454
f 1455 1456 1457
f 1459 1460 1461
f 1224 1462 1463
f 1464 1465 1321
f 1276 1398 1466
f 1386 1467 1387
f 1360 1468 1469
f 1470 1471 1472
f 1473 1474 1475
f 1476 1477 1478
f 1479 1480 1481
f 1323 1322 1482
f 1483 1484 1485
f 1400 1402 1486
f 1481 1487 1479
f 1488 1489 1383
f 1490 1491 1492
f 1493 1494 1495
f 1328 1496 1497
f 1310 1498 1499
f 1500 1501 1502
f 1265 1503 1504
f 1505 1506 1507
f 1508 1509 1510
f 1511 1512 1513
f 1514 1515 1516
f 1517 1518 1519
f 1387 1520 1521
f 1522 1523 1524
f 1525 1292 1291
f 1526 1527 1528
f 1529 1530 1531
f 1253 1234 1236
f 1532 1533 1534
f 1538 1539 1437
f 1540 1303 1541
f 1542 1543 1544
f 1476 1545 1546
f 1549 1550 1551
f 1552 1448 1553
f 1554 1555 1556
f 1557 1558 1559
f 1521 1560 1561
f 1562 1563 1564
f 1326 1565 1566
f 1567 1568 1366
f 1205 1569 1570
f 1571 1572 1573
f 1575 1372 1576
f 1457 1577 1396
f 1572 1255 1573
f 1578 1579 1580
f 1555 1279 1556
f 1581 1582 1376
f 1222 1583 1584
f 1585 1586 1587
f 1588 1291 1589
f 1590 1544 1591
f 1592 1593 1594
f 1595 1596 1597
f 1598 1599 1600
f 1601 1602 1603
f 1604 1605 1606
f 1607 1608 1609
f 1610 1611 1612
f 1613 1614 1615
f 1376 1573 1255
f 1616 1597 1617
f 1455 1457 1395
f 1618 1619 1620
f 1479 1487 1621
f 1330 1329 1622
f 1623 1624 1334
f 1625 1626 1627
f 1628 1629 1253
f 1274 1211 1630
f 1631 1222 1221
f 1456 1577 1457
f 1633 1634 1635
f 1636 1637 1638
f 1639 1640 1641
f 1642 1581 1376
f 1366 1365 1567
f 1643 1644 1645
f 1646 1647 1648
f 1649 1319 1650
f 1651 1652 1653
f 1654 1655 1656
f 1658 1659 1638
f 1660 1661 1662
f 1663 1525 1664
f 1665 1666 1667
f 1668 1669 1274
f 1670 1671 1672
f 1468 1673 1469
f 1348 1674 1675
f 1676 1677 1209
f 1678 1679 1680
f 1681 1366 1682
f 1683 1684 1685
f 1634 1287 1289
f 1686 1687 1597
f 1388 1688 1689
f 1628 1394 1690
f 1283 1691 1692
f 1693 1694 1695
f 1368 1367 1351
f 1344 1696 1697
f 1698 1699 1700
f 1701 1702 1703
f 1704 1705 1706
f 1263 1262 1707
f 1314 1708 1315
f 1486 1402 1479
f 1282 1709 1280
f 1546 1545 1679
f 1712 1474 1713
f 1714 1715 1576
f 1601 1716 1602
f 1717 1423 1247
f 1718 1484 1719
f 1720 1721 1722
f 1624 1723 1724
f 1274 1273 1725
f 1369 1726 1367
f 1723 1727 1622
f 1728 1729 1288
f 1730 1216 1215
f 1731 1732 1733
f 1492 1734 1735
f 1420 1738 1739
f 1497 1740 1328
f 1741 1678 1680
f 1742 1305 1743
f 1744 1372 1575
f 1745 1746 1747
f 1748 1749 1487
f 1455 1750 1456
f 1751 1667 1452
f 1752 1718 1719
f 1753 1522 1754
f 1755 1721 1720
f 1696 1756 1697
f 1721 1757 1718
f 1647 1758 1759
f 1760 1761 1762
f 1345 1763 1346
f 1764 1765 1766
f 1285 1223 1767
f 1622 1768 1723
f 1769 1688 1770
f 1771 1294 1383
f 1772 1739 1773
f 1332 1774 1775
f 1776 1777 1778
f 1779 1635 1634
f 1781 1782 1757
f 1783 1587 1784
f 1785 1786 1595
f 1788 1789 1790
f 1791 1348 1792
f 1786 1793 1794
f 1795 1796 1797
f 1403 1406 1405
f 1679 1741 1680
f 1798 1766 1799
f 1779 1800 1801
f 1728 1802 1803
f 1292 1804 1805
f 1806 1807 1808
f 1809 1220 1810
f 1279 1811 1278
f 1787 1434 1433
f 1812 1760 1813
f 1529 1814 1815
f 1816 1702 1817
f 1818 1819 1820
f 1821 1822 1823
f 1824 1825 1826
f 1827 1828 1829
f 1225 1830 1679
f 1831 1832 1733
f 1833 1834 1835
f 1836 1716 1601
f 1837 1435 1434
f 1838 1839 1786
f 1840 1841 1842
f 1844 1647 1845
f 1686 1837 1846
f 1717 1312 1409
f 1848 1509 1415
f 1849 1850 1851
f 1852 1853 1854
f 1290 1856 1857
f 1858 1226 1678
f 1859 1860 1861
f 1489 1862 1383
f 1863 1864 1865
f 1866 1867 1868
f 1869 1870 1871
f 1872 1850 1849
f 1732 1831 1733
f 1300 1873 1874
f 1778 1875 1876
f 1214 1877 1878
f 1547 1855 1237
f 1879 1880 1881
f 1882 1883 1884
f 1424 1885 1705
f 1507 1503 1886
f 1887 1888 1889
f 1890 1891 1889
f 1599 1892 1600
f 1894 1895 1896
f 1843 1623 1228
f 1843 1727 1623
f 1435 1837 1238
f 1238 1686 1897
f 1482 1898 1899
f 1237 1435 1238
f 1900 1901 1902
f 1463 1903 1904
f 1324 1905 1906
f 1907 1908 1909
f 1297 1794 1384
f 1910 1911 1912
f 1358 1807 1913
f 1915 1916 1917
f 1619 1918 1674
f 1856 1584 1919
f 1920 1921 1922
f 1923 1924 1771
f 1259 1258 1925
f 1926 1927 1928
f 1308 1929 1543
f 1930 1931 1820
f 1932 1933 1451
f 1745 1934 1935
f 1846 1687 1686
f 1773 1936 1380
f 1937 1569 1938
f 1670 1740 1497
f 1548 1547 1698
f 1897 1239 1238
f 1939 1782 1940
f 1272 1274 1630
f 1941 1942 1943
f 1944 1945 1204
f 1946 1441 1865
f 1496 1947 1948
f 1949 1419 1950
f 1321 1951 1464
f 1893 1556 1279
f 1952 1953 1661
f 1811 1954 1955
f 1956 1250 1270
f 1957 1914 1954
f 1698 1700 1548
f 1575 1453 1744
f 1362 1361 1898
f 1822 1821 1729
f 1958 1959 1960
f 1848 1961 1962
f 1963 1964 1965
f 1463 1904 1966
f 1967 1968 1693
f 1969 1970 1971
f 1972 1973 1974
f 1298 1975 1976
f 1977 1978 1627
f 1979 1980 1981
f 1270 1796 1956
f 1318 1982 1983
f 1984 1985 1986
f 1790 1987 1979
f 1811 1472 1957
f 1335 1624 1724
f 1988 1262 1989
f 1831 1990 1991
f 1992 1739 1993
f 1434 1334 1333
f 1994 1995 1996
f 1491 1997 1706
f 1998 1999 2000
f 1687 2001 1595
f 1995 2002 2003
f 2004 2005 1943
f 1597 1687 1595
f 2006 2007 2008
f 2009 2010 1897
f 1286 1285 1551
f 2011 1853 1373
f 1224 1463 1225
f 2012 1295 2013
f 2014 2015 2016
f 1975 2017 1554
f 1395 1397 1308
f 2018 1472 1724
f 1270 1797 1796
f 2019 2020 1700
f 2021 1964 2022
f 1537 1433 1855
f 1923 1375 2023
f 1984 1986 1694
f 2024 2025 2026
f 1595 2001 1785
f 1783 1784 2027
f 1985 2028 2029
f 1524 1866 2030
f 2031 2032 1427
f 1471 2001 1472
f 2033 2010 2009
f 1669 1676 1274
f 1500 2034 1226
f 1230 2035 1313
f 2036 1269 1683
f 1470 1472 2037
f 2038 1353 1231
f 2040 2041 2042
f 2033 2009 2043
f 1990 1831 1732
f 2044 1294 2045
f 2046 2047 2048
f 2049 2050 2051
f 2052 2053 1963
f 2054 1399 1816
f 1475 1660 2055
f 2056 2057 1449
f 1826 2058 1612
f 2059 1489 1998
f 1885 2060 2061
f 1984 1694 1693
f 2062 2063 1597
f 2010 1700 1699
f 1550 1416 2065
f 2066 2067 2019
f 2068 2069 2070
f 2071 2040 2072
f 1556 1210 1209
f 1453 2073 1454
f 1330 1843 1632
f 2074 2075 1663
f 1887 1891 1857
f 1975 1297 2076
f 2077 1205 1570
f 2078 1889 1888
f 2079 2080 1782
f 1555 1470 2037
f 2081 1385 1471
f 2082 2083 2063
f 1524 1523 2084
f 2085 2086 2087
f 1556 1209 2088
f 1402 2089 2090
f 1364 1799 1365
f 2013 1907 2012
f 1652 1651 2091
f 1594 2092 1603
f 1557 1559 2093
f 2094 1881 2095
f 2055 2096 2097
f 2098 1678 2099
f 2100 1342 1343
f 2101 2102 2103
f 2104 2105 2106
f 1746 1745 2107
f 1754 2108 1508
f 2109 1798 1375
f 1508 1510 1754
f 2110 1581 2111
f 1317 1316 1381
f 1554 2017 2081
f 2112 1782 1939
f 1971 1970 1774
f 1941 2005 2113
f 2114 2115 2116
f 1883 1542 1884
f 2117 2118 2119
f 1657 2064 2120
f 1965 1964 1832
f 2121 2067 2066
f 2122 1848 1962
f 1448 1552 1446
f 2123 1906 2124
f 1494 1493 1306
f 2006 1658 2125
f 2126 1392 1498
f 1712 1952 1661
f 1463 1966 1225
f 1615 2127 2128
f 2077 1570 1986
f 1694 1986 2129
f 1794 1793 1384
f 1527 1271 1250
f 1366 1681 1364
f 1392 1845 1498
f 1710 2130 2131
f 2132 1775 1970
f 1767 2025 2133
f 1314 2134 2135
f 2136 2137 2138
f 2139 2140 2141
f 2142 2143 2144
f 1701 1489 2059
f 2145 2146 2147
f 2122 1862 1701
f 2148 1255 1572
f 2149 1797 2150
f 1543 2151 1352
f 1353 1352 2152
f 2153 2154 2155
f 2076 1385 2017
f 2156 2157 1887
f 1835 2158 2159
f 2160 1667 2161
f 2082 1520 1467
f 2150 2162 1438
f 2163 1356 2164
f 1884 1590 1882
f 2165 1573 1232
f 1839 1838 1842
f 2098 1887 2166
f 1650 2167 2168
f 1608 1729 1823
f 1920 1940 2080
f 2169 2170 1241
f 1498 1310 1543
f 2171 2055 2097
f 1972 1391 1636
f 2024 2026 2172
f 2173 2174 2175
f 2176 1568 1567
f 1668 1274 2177
f 2178 1618 2108
f 2179 2180 1976
f 2181 2182 1512
f 2103 2102 2183
f 2184 2185 1640
f 1495 1494 1753
f 2186 2187 1960
f 1975 2076 2017
f 1511 2188 1364
f 1703 1509 1848
f 1520 2189 1521
f 1520 1387 1467
f 2190 2191 2096
f 2192 1583 1421
f 2193 2194 2195
f 2196 2197 2198
f 2199 2200 2163
f 1591 2079 1781
f 1318 1983 1316
f 2202 1454 2203
f 1596 1839 2062
f 2204 2192 1420
f 2205 2078 2206
f 2161 2008 2207
f 2208 1674 1918
f 2209 2069 2210
f 2178 1522 2211
f 2213 2214 2215
f 1811 1279 2037
f 2216 2055 1660
f 1293 2217 2218
f 1915 2219 1916
f 1241 1240 2169
f 1886 1503 2220
f 1414 1961 1415
f 1807 1806 1913
f 1607 2221 2222
f 2223 1919 2224
f 2225 1256 1540
f 2191 1869 2226
f 1840 1842 2180
f 1858 2098 2166
f 1571 2165 1574
f 2227 1577 2205
f 2137 2228 2229
f 1467 1386 1605
f 2230 2231 2153
f 1605 2232 2233
f 1521 2189 1560
f 1555 1554 1470
f 1560 1841 1840
f 1737 1305 2234
f 2235 2162 2150
f 2236 1912 1911
f 1847 2237 2238
f 2239 2240 2241
f 1554 2242 1975
f 2243 2188 1513
f 1375 1923 2011
f 1476 1478 1741
f 2244 2022 2053
f 1739 1874 1993
f 1484 2245 1719
f 1798 2246 2023
f 2247 2248 2249
f 1956 1251 1250
f 1799 1766 1765
f 1252 1254 1284
f 2250 2251 2252
f 1297 1975 1298
f 2144 2243 1977
f 1443 2253 2254
f 1895 2116 2255
f 1429 2256 2257
f 1838 1296 1842
f 2258 1913 2259
f 1766 1798 2109
f 1461 1460 2260
f 1334 1624 1335
f 2068 2070 2261
f 2188 2243 1364
f 1556 2242 1554
f 1487 2262 1748
f 2195 1442 1441
f 1390 1948 1947
f 2263 1666 1665
f 1947 1327 1637
f 2264 2022 2244
f 2265 1289 2222
f 2019 2067 2039
f 1478 2185 1741
f 2266 1645 2267
f 1487 1749 1621
f 1643 2268 2269
f 2270 2271 2272
f 1584 1292 1805
f 1353 2038 2273
f 1615 2128 1613
f 2153 2274 2154
f 2135 2275 1708
f 2276 2277 2278
f 1569 1937 2279
f 2047 2280 2281
f 2274 2056 2282
f 2283 2102 2284
f 2232 1601 2285
f 1591 2286 1590
f 1205 1938 1569
f 2010 1239 1897
f 2080 2079 1531
f 2287 1413 2288
f 2167 1650 1319
f 2289 1613 2128
f 2087 2290 2085
f 1517 2251 2250
f 1711 1710 2131
f 2291 2073 2292
f 2198 2293 2294
f 1208 1207 1704
f 2295 2238 2237
f 1408 1410 1312
f 1333 1335 1846
f 2296 2297 1589
f 2298 2299 2300
f 2301 1609 1608
f 1344 2302 1696
f 2093 1969 2303
f 1373 1549 2304
f 2305 2141 2306
f 1305 2141 1743
f 1569 2307 2308
f 2309 2310 1823
f 2011 1373 1375
f 2311 2312 2313
f 2180 1842 1298
f 1881 2314 1879
f 2246 1336 2315
f 2316 2317 2318
f 2319 2320 1776
f 2146 1251 1956
f 1394 2321 1392
f 1512 2322 2323
f 1552 1512 1511
f 2262 1968 1748
f 2324 2325 2326
f 2122 1852 1854
f 2327 2328 2127
f 2329 1878 2330
f 2329 2330 2240
f 2331 1616 1617
f 2332 2333 1911
f 1988 1989 1639
f 1605 1604 1876
f 1387 2334 1388
f 2335 1606 1386
f 2335 1386 1388
f 1637 1636 1390
f 2092 2336 2285
f 2337 1840 2180
f 1648 2338 1646
f 2136 2228 2137
f 2238 2295 1593
f 1225 1678 1226
f 1735 1828 1659
f 2083 1617 2063
f 1692 2091 2340
f 1854 1771 2341
f 2342 1864 1942
f 1289 1288 2222
f 1868 2030 1866
f 1867 1835 1240
f 2209 1519 1518
f 1956 1796 2146
f 2004 2344 2345
f 1357 2346 2347
f 2348 2349 2350
f 1967 2205 1749
f 1234 2351 2352
f 2281 2353 2048
f 2236 2354 2355
f 2356 1876 1604
f 2305 2358 2139
f 2359 2035 1230
f 2159 2360 2361
f 2232 2362 1836
f 2363 1561 2364
f 2365 1859 1861
f 1594 1593 2295
f 2366 2367 1408
f 2368 1586 2329
f 1218 2119 1219
f 1687 1335 2001
f 1466 2369 2370
f 1310 1309 1543
f 2115 2114 2372
f 1385 2076 1297
f 2373 2374 1425
f 2375 1751 2376
f 2353 2281 2377
f 2378 2379 2164
f 1511 1681 1552
f 2300 2380 2381
f 1288 1729 2222
f 1868 1867 1240
f 2023 2246 2315
f 1638 1972 1636
f 1771 1854 2011
f 2382 1558 2361
f 1521 2363 1387
f 2099 1678 1741
f 1347 1466 2370
f 2383 2384 2176
f 2385 2386 2387
f 2128 1906 2289
f 1244 2388 2319
f 2133 2384 2389
f 2390 2391 2392
f 2393 2363 2364
f 1887 2098 2394
f 2395 2388 1860
f 2334 2393 1346
f 2381 2396 2397
f 1779 1801 1635
f 2398 2294 1533
f 2399 2329 1586
f 1859 2365 2230
f 2367 2366 1593
f 1408 2367 1409
f 2294 1672 2198
f 2400 1713 1474
f 1492 1735 1490
f 2401 2402 2403
f 1292 1925 1804
f 1697 1756 2404
f 2325 1346 1763
f 2405 1883 2406
f 2407 2217 1295
f 1635 2408 1633
f 2409 1912 2410
f 2411 2412 2413
f 2391 1801 2414
f 1246 1790 1979
f 1312 1444 1408
f 2415 2416 2320
f 1776 2356 1244
f 1696 2417 1756
f 2418 2419 1859
f 1601 1603 2092
f 1662 2403 2210
f 2127 2328 2421
f 1628 1252 2323
f 1674 2422 1619
f 1637 1390 1947
f 2078 2297 1890
f 2263 2423 2424
f 1308 1543 1309
f 1498 2046 2048
f 1723 1624 1623
f 1988 2425 1707
f 2272 2271 2426
f 1373 2304 1374
f 2323 1252 1512
f 2404 1725 2427
f 1572 2428 2148
f 2380 2407 2381
f 2099 2394 2098
f 1689 2429 1244
f 1346 2364 2302
f 2430 1932 2334
f 1604 1606 2356
f 1388 2431 1688
f 2137 2432 2138
f 2433 2434 2336
f 1765 1764 2435
f 1266 2385 2436
f 1923 2315 1924
f 1592 1594 1603
f 2269 2268 1999
f 1647 1844 1648
f 2367 1717 1409
f 2437 1790 1789
f 2142 2318 2143
f 1768 2018 1723
f 1754 1510 1495
f 2417 2438 1668
f 1858 2166 1501
f 2229 2439 2432
f 1895 2440 2116
f 1389 1391 2441
f 2442 2138 2107
f 1902 1901 2443
f 2371 2203 2444
f 1738 1773 1739
f 1345 1697 2404
f 2303 1982 1834
f 1955 1278 1811
f 1910 2446 2196
f 2447 2203 2448
f 2159 2449 2360
f 1315 1708 2450
f 1517 2250 2451
f 1213 1773 1877
f 1454 2291 2203
f 1382 2452 1380
f 2429 1689 1688
f 2319 1776 1244
f 2239 1969 1971
f 1695 2278 1693
f 2453 2148 2454
f 1450 1688 2431
f 2382 2225 2455
f 1410 1409 1312
f 2387 1926 2385
f 2371 2444 2427
f 1462 2034 1463
f 2456 2457 2458
f 1598 1592 1599
f 1600 1717 2367
f 2459 2460 2221
f 2284 2115 2372
f 1319 1649 1426
f 1690 1394 1393
f 2206 2078 1888
f 1359 1987 2437
f 1512 1252 1284
f 2236 2333 2317
f 1872 2461 2041
f 2371 2202 2203
f 1481 2313 2262
f 1510 1703 1702
f 2237 2120 2433
f 2430 2324 1576
f 2022 1964 2053
f 1204 1203 2029
f 1254 1235 1691
f 2074 1646 2338
f 1378 2462 2032
f 2085 2449 2159
f 1978 1977 2463
f 1573 1233 1232
f 1775 2382 2455
f 2049 1977 2243
f 2054 1816 1817
f 2464 1559 2382
f 2465 1971 1774
f 1873 1300 2034
f 1688 1769 2429
f 1758 1588 1589
f 2083 2082 2233
f 2429 1245 1244
f 1715 1932 2430
f 2063 1520 2082
f 1715 1933 1932
f 2431 1451 1450
f 2466 2467 2140
f 2344 1458 2345
f 1563 1562 2468
f 2469 1233 1573
f 1423 1717 1600
f 2233 2043 2083
f 1619 1618 1918
f 2415 1268 2416
f 2402 1215 2470
f 1261 1263 2090
f 1600 2367 1598
f 1354 2273 2046
f 1299 1301 2471
f 2379 2472 2053
f 2445 2375 1454
f 2473 1538 2474
f 2026 2025 1259
f 2372 2475 2476
f 2477 1341 2248
f 1457 1396 1395
f 1972 1638 2478
f 2120 2064 2433
f 2413 2479 2350
f 1914 1957 1329
f 2421 2128 2127
f 2462 1427 2032
f 1253 1252 1628
f 1752 2480 1718
f 1393 2126 2481
f 1912 2236 2355
f 1584 2224 1919
f 2147 1915 2145
f 2482 1796 1795
f 1639 2483 2484
f 1653 2051 2050
f 1603 1602 1592
f 1862 2341 1771
f 2172 1663 2075
f 2485 2486 1951
f 1825 2487 2058
f 1435 1855 1433
f 2107 1819 2442
f 1542 1544 1884
f 2399 1585 1212
f 1494 1306 1742
f 2458 2027 1784
f 2158 2085 2159
f 1853 2488 1373
f 1284 1283 2181
f 1298 1976 2180
f 1550 2065 1791
f 2192 2489 2224
f 1880 1879 2490
f 1585 1587 1351
f 1529 1591 1544
f 2091 1692 2183
f 2043 2066 2033
f 1993 2491 2492
f 1342 2100 1691
f 1951 1321 2485
f 1530 1529 2493
f 1338 1924 2315
f 2494 2495 2496
f 2497 1857 1856
f 1800 2498 2414
f 2499 2500 1641
f 1338 2315 1336
f 2156 2394 2099
f 1561 2337 2438
f 2501 2246 1798
f 1856 1919 2497
f 1576 2324 2326
f 2214 2226 2215
f 2502 2198 1672
f 1910 1912 2446
f 1789 1788 1602
f 2295 2336 2092
f 2198 2502 2503
f 2504 1205 1204
f 2505 2506 1485
f 2507 1974 2508
f 2509 1944 2029
f 1992 1420 1739
f 1264 1266 1412
f 2510 1350 1772
f 1492 2511 1734
f 1796 2482 2512
f 1366 1568 1682
f 1223 1260 1767
f 2109 1375 1374
f 1952 1712 1713
f 2195 1441 2513
f 2073 2514 2515
f 2254 2420 1444
f 2516 1445 2261
f 2351 2136 2138
f 1333 1846 1837
f 2426 2517 2518
f 1422 1421 2519
f 1774 1332 2465
f 2170 1347 1349
f 2374 2373 2520
f 1967 2227 2205
f 2448 1345 2447
f 1717 1247 1312
f 2464 1970 2093
f 2489 2223 2224
f 2521 2392 1578
f 1426 2522 2485
f 2465 2329 1971
f 1671 1927 2387
f 2523 1428 2524
f 1888 2157 1486
f 1659 2525 2526
f 1256 2148 2527
f 2528 2441 2436
f 1229 2405 2529
f 2184 1741 2185
f 2291 2530 2203
f 1454 2375 2376
f 2030 2211 1524
f 2531 1731 2282
f 2238 1535 1536
f 1345 2404 2427
f 1669 1668 2438
f 2327 2124 2328
f 1518 1517 2451
f 2139 2173 2140
f 1268 2395 1269
f 2429 1769 1245
f 2533 1989 1262
f 1693 2227 1967
f 2457 2027 2458
f 2534 2531 2056
f 1450 2057 1688
f 1466 1277 1276
f 2389 2304 1549
f 2195 2513 2535
f 2536 2537 2538
f 2539 2470 1215
f 2111 1405 1407
f 2014 1627 1978
f 1762 1761 2540
f 2530 2448 2203
f 1454 2073 2291
f 1925 1663 2172
f 1669 2337 2179
f 2541 2267 2540
f 2096 2055 2542
f 2543 1449 1933
f 2489 2491 2223
f 2287 2441 2544
f 1347 1792 1348
f 1536 1847 2238
f 2447 2427 2203
f 1581 1642 2111
f 1345 2427 2447
f 1286 2545 2546
f 2547 1769 1770
f 1466 2170 1277
f 2412 2411 1363
f 1256 2225 2548
f 2320 2549 1777
f 1576 2326 2325
f 2416 1673 2550
f 1643 2269 1644
f 2551 1763 2448
f 2154 2021 2264
f 2367 1593 1598
f 2057 1450 1449
f 2369 1398 1317
f 2273 1354 1353
f 2368 2552 2553
f 2554 1829 1735
f 2549 2437 1789
f 1788 1790 1892
f 1248 1423 1892
f 1540 2555 1303
f 1949 1437 2556
f 2191 2557 2096
f 2558 2117 2559
f 2560 1610 1612
f 1353 2152 1231
f 2023 1375 1798
f 2210 1340 1662
f 2561 2562 2563
f 1528 1527 1250
f 1827 1972 2478
f 1495 1753 1754
f 1429 1626 2256
f 2042 2564 2565
f 2481 2566 2229
f 2567 1551 1767
f 2547 2365 1769
f 1245 2365 1861
f 1597 1596 2062
f 1861 1243 1245
f 2319 2415 2320
f 2550 2549 2320
f 2568 2569 1714
f 2292 2551 2448
f 2438 2337 1669
f 1311 1247 1246
f 2208 2178 2211
f 2018 1768 1472
f 2297 2205 1456
f 1957 2570 1329
f 2448 1763 1345
f 2005 1458 1711
f 2189 2062 1839
f 2132 1970 2464
f 2282 1731 1964
f 2533 1261 2089
f 1306 1493 1307
f 2571 2572 2253
f 2230 2365 2547
f 1770 2057 2231
f 2495 2400 2496
f 2388 1243 1861
f 2242 2088 1669
f 2501 2243 2144
f 2287 2544 1908
f 1899 1823 1822
f 2569 2573 2574
f 2448 2530 2292
f 1932 1451 2431
f 1949 2575 1437
f 2325 2551 2576
f 2551 2292 2576
f 2543 2531 2534
f 2364 1561 2438
f 2258 2577 1942
f 1351 1367 1301
f 2085 1405 2449
f 2437 1987 1790
f 2253 1443 1311
f 2371 2427 1725
f 2130 2578 2131
f 1344 1697 1345
f 1777 1776 2320
f 1892 1790 1248
f 2052 2579 2475
f 2014 1625 1627
f 1625 2016 2256
f 1973 1972 1827
f 2484 2483 2580
f 2388 1861 1860
f 1977 2049 2463
f 2064 2067 2433
f 1972 2441 1391
f 1950 1419 1220
f 2582 2457 2456
f 1365 1799 1765
f 2583 2584 2585
f 1779 2265 1800
f 2056 1449 2534
f 1386 1606 1605
f 1360 1359 2549
f 1990 2007 1991
f 1814 1929 2277
f 2131 2578 2113
f 2169 2586 1277
f 2587 2226 2214
f 1248 1790 1246
f 2588 2338 1648
f 1397 1396 2278
f 2414 1801 1800
f 2157 2589 1486
f 2354 2236 2316
f 2590 2015 2591
f 2466 2592 2593
f 2181 1283 2340
f 2594 2153 2231
f 1859 2395 1860
f 1992 2492 2489
f 1602 2595 1789
f 1909 2544 1974
f 1631 1421 1583
f 2265 2222 2221
f 1268 2415 2395
f 1571 1573 2165
f 2596 2143 2317
f 2079 1591 1529
f 1557 1835 2159
f 2449 2597 2360
f 2568 1372 1371
f 2365 1245 1769
f 2578 2130 2572
f 2598 2149 1809
f 2317 2143 2318
f 1933 1715 2569
f 2393 1387 2363
f 1739 1772 1874
f 1795 1797 2598
f 2132 2464 2382
f 2599 1499 1750
f 1464 1484 2600
f 1675 1242 1349
f 2208 1918 2178
f 1522 2108 1754
f 2454 2428 2601
f 2402 1661 1953
f 2489 2492 2491
f 2602 1874 1772
f 1268 1673 2416
f 1919 2223 1501
f 2603 2101 2604
f 1372 1744 2605
f 1301 1300 2606
f 2207 2568 1371
f 2568 2207 2573
f 1736 2305 2201
f 1478 1477 2499
f 1462 1224 1226
f 2073 1453 2514
f 2246 2501 2596
f 1834 1833 2303
f 2466 2607 2592
f 2160 2608 1667
f 1859 2230 2418
f 2065 2422 1791
f 2609 2258 2578
f 1246 1979 1981
f 1834 2610 1835
f 2146 2145 1251
f 1863 1865 1441
f 2495 2494 2611
f 2344 2612 2613
f 2458 1784 2553
f 2061 1611 1705
f 1941 1943 2005
f 2266 2267 2541
f 1543 1542 2151
f 1551 1285 1767
f 1209 1274 1676
f 1985 2029 2077
f 2303 1969 2239
f 2423 2614 2424
f 1647 1750 1499
f 1942 1864 2004
f 2155 2419 2418
f 2182 2340 1513
f 1608 2615 2301
f 1859 2419 1269
f 1556 2088 2242
f 1370 1372 2605
f 1563 2468 2480
f 1453 2605 1744
f 2042 2565 2035
f 2616 2617 2577
f 2007 2573 2207
f 1987 1358 2618
f 2610 1834 2619
f 1364 1681 1511
f 1844 2620 1648
f 2069 2621 2070
f 2321 1394 1628
f 2377 1516 1515
f 1250 1249 1528
f 1397 2278 2277
f 1851 2105 1849
f 1703 2122 1701
f 2155 1684 2419
f 1898 1482 1362
f 2491 1502 2223
f 2312 2509 2029
f 1546 1679 1830
f 1877 2452 1878
f 2622 2485 2522
f 1639 2500 1988
f 2172 1259 1925
f 2462 1378 1534
f 1959 1958 2623
f 1230 1313 1514
f 2312 2625 2509
f 2591 2626 2627
f 1840 1561 1560
f 2514 1453 1575
f 1782 2080 1940
f 2392 1579 1578
f 2589 2580 1400
f 1370 2605 2628
f 1702 1493 1510
f 1420 1992 2204
f 2609 1980 1913
f 2007 2207 2008
f 2274 2282 2021
f 1979 1987 2618
f 1890 2296 1891
f 1658 1638 1327
f 2036 2629 1269
f 1771 2011 1923
f 1292 1663 1925
f 2186 2631 2632
f 1299 1904 1903
f 1526 2193 2195
f 1523 1743 2084
f 1527 1526 2235
f 1793 1785 1385
f 2004 1943 1942
f 2633 2124 2327
f 1919 1501 2497
f 1418 2634 1419
f 1841 1560 1839
f 2030 2208 2211
f 2147 2219 1915
f 1726 1904 2471
f 2586 2619 2635
f 2161 1490 2008
f 1360 1469 1808
f 1370 2628 2160
f 2207 1371 2161
f 1467 1605 2233
f 1801 2391 1635
f 1983 1982 2239
f 2362 1777 2636
f 1577 1456 2205
f 2384 2024 2176
f 1752 1719 1563
f 2333 2332 1505
f 2304 2389 2383
f 2460 1800 2221
f 1585 1351 1212
f 2386 2385 1266
f 2555 2527 2637
f 1941 2113 2578
f 1416 1620 2065
f 2638 1518 2451
f 2501 2144 2143
f 2557 2214 2639
f 2640 2432 2439
f 1704 2614 1208
f 2274 2021 2154
f 1370 2160 2161
f 1502 2641 1873
f 1785 1471 1385
f 1526 2195 2535
f 2514 2576 2515
f 1350 2510 1351
f 1635 2391 2408
f 2620 2588 1648
f 2544 1909 1908
f 2535 2513 2642
f 1642 1376 1257
f 1923 2023 2315
f 2001 1335 1724
f 2482 2643 2644
f 1792 1347 1422
f 2419 1684 1683
f 2264 2244 2154
f 1636 1391 1390
f 2479 2413 2412
f 2316 1627 1626
f 1891 1290 1857
f 2089 1401 1989
f 1999 1488 2269
f 2555 2637 2453
f 2645 1267 2629
f 1832 1731 1733
f 1832 1831 1991
f 2646 2007 2006
f 2541 2647 2266
f 1964 2021 2282
f 1271 2150 1270
f 2437 2549 1359
f 2538 2648 2536
f 2649 1761 2650
f 2308 2392 2521
f 1589 1291 2296
f 2642 2651 2535
f 1381 1380 1936
f 2652 2354 1626
f 1378 2032 1379
f 1903 1463 1299
f 2499 2653 1478
f 1997 1491 2161
f 2524 1534 1533
f 2479 2654 2350
f 2369 1466 1398
f 1702 1816 1493
f 1870 1267 2645
f 1983 2330 2655
f 1874 2602 1300
f 1683 2656 2036
f 1553 2322 1552
f 1627 2142 2144
f 2629 2036 2656
f 1869 1282 1469
f 2629 2657 2645
f 2525 1658 2006
f 1871 2226 1869
f 1964 1731 1832
f 2006 2008 2525
f 1490 2525 2008
f 1381 1316 1382
f 2577 2258 2259
f 2185 1478 2653
f 2638 2658 2621
f 2632 2659 2187
f 1865 1864 2342
f 2660 2642 2513
f 2500 1639 1641
f 1578 2661 1695
f 2200 2662 2346
f 1490 2161 1491
f 1324 1906 2123
f 2663 1519 2539
f 1706 1705 1611
f 1511 1513 2188
f 2539 1217 2663
f 1705 1704 1424
f 1221 1286 2519
f 2378 1683 1685
f 1838 1786 1794
f 1454 2376 1452
f 1773 1213 1772
f 1758 1647 1646
f 1871 1356 2226
f 2664 2191 2190
f 1804 1925 1258
f 1341 2665 1418
f 1683 1269 2419
f 1480 1402 2313
f 2666 1832 2646
f 1887 2157 1888
f 1580 1815 1578
f 2525 1490 2526
f 1205 2077 1203
f 2115 2603 2255
f 2342 2517 2667
f 2648 1806 1281
f 1819 1818 2352
f 1905 1323 1802
f 2668 1259 2025
f 2616 1806 2648
f 1267 1870 1268
f 1913 1806 2259
f 2281 2048 2047
f 1827 1829 2669
f 1658 1327 2125
f 2670 1652 2671
f 1946 1865 2342
f 1797 1270 2150
f 2260 2213 2672
f 2671 2626 2670
f 1316 2655 1382
f 2673 2623 1958
f 2651 2642 2474
f 2232 1605 2674
f 1977 1627 2144
f 2440 2094 1851
f 2660 2473 2642
f 2675 2625 2311
f 1597 1616 1686
f 1611 1610 1706
f 2111 2449 1405
f 1800 2265 2221
f 1377 2676 1378
f 2153 2155 2230
f 2050 2049 1513
f 1265 2503 2386
f 1622 2570 1768
f 1361 1363 2411
f 1602 1788 1592
f 2560 1706 1610
f 2541 2540 1761
f 2061 1705 1885
f 2186 2298 2677
f 2284 2102 2101
f 2472 2379 1685
f 2183 2671 1652
f 2379 2378 1685
f 2329 2399 1878
f 2678 2043 2233
f 2656 2164 2657
f 2245 1483 2679
f 1709 1869 2680
f 1772 2606 2602
f 2191 2680 1869
f 1965 1832 2666
f 2322 1553 1392
f 1281 1280 2681
f 2543 1933 2574
f 2668 2025 1767
f 2639 1460 2682
f 2671 2183 2627
f 2150 1438 2149
f 2577 2518 2683
f 2645 2657 1356
f 2522 2301 2615
f 1792 1422 2546
f 2670 2626 2463
f 2567 2389 1551
f 1541 2455 2225
f 2007 2646 1991
f 1608 2310 2309
f 2509 2625 1944
f 2679 2684 1461
f 2627 2626 2671
f 2183 1652 2091
f 2576 2292 2515
f 1244 1606 2335
f 2604 2685 1896
f 2100 2686 2687
f 2688 2689 2685
f 2687 1930 2685
f 1930 2688 2685
f 2690 2100 2691
f 2382 1559 1558
f 1259 2172 2026
f 1946 2660 2513
f 2663 2692 1519
f 2689 1896 2685
f 2693 2694 2002
f 1620 1416 1415
f 2491 1993 1502
f 2656 2378 2164
f 2226 1356 2215
f 1324 2123 2695
f 2210 2696 1340
f 2053 1964 1963
f 2489 2204 1992
f 2616 2648 2617
f 2666 2646 2125
f 1550 1791 2545
f 2334 1387 2393
f 1844 1845 2620
f 1280 2697 2681
f 1436 1549 1373
f 2697 1280 1709
f 2339 1408 1444
f 2617 2538 2577
f 2691 2685 2604
f 2518 2342 2683
f 2322 1392 2321
f 1797 2149 2598
f 1793 1385 1384
f 2698 2474 1538
f 2638 2250 2699
f 2656 1683 2378
f 1336 2246 2596
f 2575 1809 1438
f 1490 1735 2526
f 2385 1926 2700
f 2605 2608 2628
f 2362 2701 1875
f 1899 1803 1482
f 2063 2189 1520
f 2593 2085 2158
f 2511 1492 2560
f 1960 2702 1488
f 2176 2703 1568
f 2100 2690 1691
f 2687 2691 2100
f 2212 1665 1751
f 2704 2060 2705
f 2052 2379 2053
f 1489 1701 1862
f 1999 2268 2000
f 2215 1356 1355
f 1930 2687 2686
f 2602 2606 1300
f 2680 2191 2706
f 1965 2666 1963
f 2010 1699 1239
f 1413 1412 2288
f 2331 1617 2083
f 2397 2707 2381
f 2687 2685 2691
f 1695 2129 1578
f 2570 1472 1768
f 1772 1350 2606
f 2304 1766 1374
f 2538 2617 2648
f 2499 1641 2653
f 1775 1303 1332
f 2455 1541 1303
f 2644 2643 2708
f 2410 1912 2355
f 2633 2495 2124
f 1539 2667 2271
f 2538 2426 2518
f 1461 2672 2679
f 1358 1360 1807
f 1525 1663 1292
f 1569 2308 2521
f 2709 2487 2710
f 1891 1291 1290
f 2498 2493 1580
f 2243 1799 1364
f 1424 1704 1207
f 2282 2056 2531
f 2456 1404 2711
f 2029 1968 2312
f 1654 1734 2511
f 2060 2704 1824
f 1424 2705 1885
f 2155 2418 2230
f 1415 1961 1848
f 2114 2164 2379
f 1510 1509 1703
f 2666 2125 1566
f 2389 1549 1551
f 1986 1570 2521
f 2714 2711 1404
f 1828 1638 1659
f 1933 1449 1451
f 2090 2311 2313
f 2088 1677 1669
f 2632 2715 2659
f 2584 2707 2585
f 1268 1870 1673
f 2028 1968 2029
f 2694 2693 2712
f 1374 1766 2109
f 2172 1447 2703
f 2341 1862 2122
f 2624 2614 2581
f 2221 1607 1609
f 2531 2574 1732
f 2625 1945 1944
f 1223 1286 1221
f 2716 1996 1995
f 1708 1314 2135
f 1625 2014 2016
f 2717 2279 2718
f 2593 2158 1835
f 1963 1379 2579
f 2121 2433 2067
f 1323 1803 1802
f 2714 1302 1304
f 2675 2311 2719
f 1425 2705 1424
f 1577 2278 1396
f 1326 2125 1327
f 1655 1654 2511
f 1503 1507 1504
f 2488 1962 1961
f 2720 2663 1217
f 1945 2625 2675
f 1809 1950 1220
f 2116 2440 2114
f 1647 1499 1845
f 1982 1318 1276
f 2331 1897 1686
f 1684 2155 2154
f 1924 1294 1771
f 1735 1654 2554
f 2206 1486 1621
f 1569 2521 1570
f 2549 2550 1468
f 1707 1262 1988
f 1623 1727 1723
f 2125 2646 2006
f 2046 2273 2047
f 1567 2435 1764
f 2407 2012 2396
f 2086 2085 2592
f 1738 1936 1773
f 2110 2111 1407
f 1927 1671 2721
f 2368 2329 2722
f 2513 1441 1946
f 2723 2654 2506
f 2350 2349 2413
f 2408 2391 2717
f 2058 1826 1825
f 2450 1515 1315
f 1960 2187 1958
f 1571 2724 2601
f 2284 2101 2603
f 2374 2693 2725
f 1416 1550 1436
f 2600 2726 1757
f 1422 2370 1936
f 2573 1990 2574
f 2545 1286 1551
f 1334 1434 1787
f 2706 2681 2697
f 1483 1485 2506
f 2727 1485 2728
f 1906 2421 2328
f 2672 2729 2679
f 1275 2586 2635
f 1817 2059 1998
f 1963 2666 1379
f 2391 2414 2392
f 2010 2066 2019
f 2696 2665 1340
f 2524 2293 2409
f 1321 1320 2485
f 2668 1260 1259
f 1933 2569 2574
f 2243 2501 1799
f 2569 2568 2573
f 1869 1469 1673
f 1349 1348 1675
f 2566 2048 2353
f 1566 2125 1326
f 2312 2262 2313
f 2665 2696 2068
f 2676 1377 1566
f 1829 1828 1735
f 2214 2557 2587
f 1217 2539 1215
f 2245 1564 1719
f 1518 2069 2209
f 1817 2650 2054
f 1422 1347 2370
f 2271 2517 2426
f 2482 1795 1810
f 2589 1400 1486
f 1459 1461 2684
f 2730 2373 1207
f 2520 2712 2693
f 2149 1438 1809
f 1998 2000 1817
f 1404 1302 2714
f 1866 2084 2593
f 1484 2726 2600
f 2595 1602 1716
f 2731 2732 2275
f 1399 1737 2234
f 1539 2556 1437
f 2678 2232 2285
f 2709 1644 2623
f 2688 1432 1431
f 1516 2281 2280
f 1723 2018 1724
f 1730 1614 2733
f 1796 2512 2147
f 1357 2734 2672
f 1412 1266 2436
f 2329 2465 1331
f 2126 2566 2481
f 2728 1464 2727
f 1584 1583 2224
f 2168 1649 1650
f 1690 2136 1629
f 1301 1367 2471
f 1640 2484 2589
f 2707 2397 2585
f 2682 2171 2639
f 2353 2439 2566
f 1481 2262 1487
f 1991 2646 1832
f 2598 1809 1810
f 1709 1282 1869
f 2637 2148 2453
f 1660 1339 2477
f 2057 1770 1688
f 2377 2439 2353
f 1567 1365 2435
f 1710 2420 2254
f 1840 2337 1561
f 2243 1513 2049
f 2383 1567 1764
f 1502 1873 1500
f 2275 2735 1708
f 2285 1601 2092
f 1473 2496 1474
f 1845 1499 1498
f 2058 2715 2736
f 2352 2351 2442
f 1481 1480 2313
f 2693 2002 2725
f 2686 1343 1931
f 2052 2475 2114
f 2640 1747 1746
f 1783 1368 1587
f 2737 2119 1445
f 2346 1356 2200
f 2279 2717 2391
f 2648 1281 2536
f 2596 1505 1336
f 1276 2635 1982
f 1589 1759 1758
f 2478 1638 1828
f 1240 1835 2610
f 2470 2539 2210
f 2640 2439 2377
f 2281 1516 2377
f 1716 2636 1789
f 2651 2162 1526
f 2379 2052 2114
f 1592 1788 1599
f 1405 2532 1403
f 1301 2606 1350
f 2066 2043 2434
f 1695 2276 2278
f 2563 1908 2738
f 2560 1612 2511
f 2700 2528 2436
f 2020 2019 2039
f 2271 2270 1539
f 1906 2328 2124
f 2075 2074 2588
f 2496 1473 2494
f 2696 2069 2068
f 2477 1339 1341
f 1726 2471 1367
f 2277 1929 1397
f 1908 1907 2738
f 2399 1586 1585
f 1853 1852 2488
f 1839 1560 2189
f 2529 1720 1229
f 1770 2231 2230
f 2040 2042 2035
f 2664 2706 2191
f 2739 1242 1675
f 1689 2335 1388
f 2537 2536 2681
f 1339 1660 1662
f 2666 1377 1379
f 2015 2590 2016
f 2567 1767 2133
f 2235 2150 1271
f 2580 2483 1401
f 2579 1379 2740
f 2349 2348 2622
f 1389 2528 1390
f 2372 2741 2283
f 1566 1565 2676
f 1234 1342 1235
f 1484 1464 2728
f 2609 2571 1981
f 1465 1939 1321
f 2557 2639 2097
f 1853 2011 1854
f 2122 1703 1848
f 1730 2633 1615
f 2288 2436 2441
f 2139 2174 2173
f 1273 2371 1725
f 1691 1235 1342
f 2508 1973 1827
f 2184 2589 2156
f 1689 1244 2335
f 1332 1303 1302
f 2507 2585 2397
f 2704 1994 1824
f 2742 2537 2706
f 1740 1670 2398
f 2312 1968 2262
f 2063 2062 2189
f 1729 1608 1607
f 2164 2199 2163
f 1850 2164 2114
f 1876 2701 2674
f 1539 2270 2556
f 2320 2416 2550
f 1459 2684 2654
f 2334 1346 2324
f 1220 1445 1218
f 2665 2634 1418
f 2647 2000 2268
f 2542 2247 2096
f 1395 1308 2599
f 2060 1885 2705
f 1826 2061 2060
f 2034 1299 1463
f 1755 1720 2529
f 1400 2580 1401
f 2390 2307 2279
f 2066 2010 2033
f 1780 2344 2613
f 2494 1473 2682
f 2391 2390 2279
f 2593 1835 1867
f 1814 1695 2661
f 1958 2187 2659
f 1222 1260 1223
f 1729 1728 1822
f 2084 2467 2466
f 1899 1822 1728
f 2253 2130 2254
f 2667 1539 2473
f 2005 1711 2113
f 1951 2486 2505
f 1206 2730 1207
f 2112 1757 1782
f 2444 2203 2427
f 2051 2670 2463
f 1531 1530 2080
f 1437 2698 1538
f 1645 2266 1643
f 1805 1258 1260
f 1286 2546 2519
f 1556 1893 1210
f 2743 1655 2736
f 1850 2114 2440
f 2361 1558 2159
f 2498 1800 2460
f 2467 2141 2140
f 2032 2031 2476
f 1458 2344 1780
f 2440 1851 1850
f 1666 2424 1667
f 1436 1550 1549
f 1231 1230 2038
f 2127 1615 2633
f 1371 1370 2161
f 2484 1640 1639
f 2050 1651 1653
f 2664 2742 2706
f 2213 2260 2214
f 2601 2428 1571
f 1858 1678 2098
f 2615 1608 2309
f 1205 2504 1938
f 1288 2744 1728
f 1947 1496 1327
f 1390 2528 1928
f 2720 2692 2663
f 2688 1930 1820
f 1498 2048 2126
f 2479 2494 1459
f 1588 1525 1291
f 1444 1443 2254
f 2145 2745 1251
f 1507 1337 1505
f 1360 2549 1468
f 1486 1479 1621
f 2216 1660 2477
f 2346 1357 1356
f 1815 1814 2661
f 2596 2501 2143
f 2506 2505 2723
f 2041 2461 2134
f 1506 1505 2332
f 1730 1953 2633
f 1448 2746 1553
f 1939 1319 1321
f 1928 2721 1948
f 1722 1721 2747
f 2305 2306 1305
f 2341 2122 1854
f 2229 2228 2481
f 2566 2439 2229
f 2556 2270 1417
f 2007 1990 2573
f 2013 1295 2044
f 1242 2739 2208
f 1283 1254 1691
f 1594 2295 2092
f 1238 1837 1686
f 2488 1852 1962
f 1953 1952 2400
f 1553 2746 1392
f 2557 2097 2096
f 2475 2579 2740
f 1467 2233 2082
f 1565 1326 1328
f 1989 2483 1639
f 1532 2676 1565
f 2357 2054 2650
f 2309 1361 2622
f 2040 2071 2729
f 1343 2686 2100
f 2622 2522 2309
f 1209 1677 2088
f 1381 1936 2370
f 1587 1368 1351
f 1219 2643 1810
f 1654 1735 1734
f 1851 2095 2105
f 1544 1929 1529
f 1417 1949 2556
f 2564 2134 1314
f 1695 1814 2276
f 2621 2261 2070
f 2467 2084 1743
f 1447 2075 1448
f 2748 2261 1445
f 2284 2372 2283
f 1741 2184 2099
f 1655 2743 1656
f 2459 2221 1609
f 2736 2715 2743
f 2715 2487 2673
f 1825 2716 2710
f 2577 2683 1942
f 1685 2244 2472
f 1352 2046 1543
f 2468 1562 2359
f 2488 1436 1373
f 1460 2639 2214
f 2726 1484 1718
f 1620 1508 1618
f 1961 1414 2488
f 2247 2664 2190
f 2256 2590 1900
f 1328 1740 1565
f 1532 1378 2676
f 2613 1863 1440
f 2585 2507 2508
f 1760 2357 1761
f 2674 2701 2232
f 2232 2678 2233
f 2441 2287 2288
f 1974 2396 1909
f 1681 1446 1552
f 1908 2563 2287
f 2415 2388 2395
f 1936 1738 1422
f 2576 1575 2325
f 2508 2669 2583
f 1973 2508 1974
f 2231 2274 2594
f 2749 2336 2434
f 2009 1897 2331
f 1219 2708 2643
f 2330 2750 2655
f 2554 1656 2751
f 1455 1395 2599
f 1765 2435 1365
f 1493 1816 2234
f 1448 2620 2746
f 2153 2594 2274
f 2422 2065 1619
f 1381 2370 1317
f 2752 2753 2272
f 1425 1207 2373
f 2276 1814 2277
f 1305 1307 2234
f 2750 1878 2452
f 2490 2107 1745
f 2029 1203 2077
f 2672 2213 1357
f 1942 2683 2342
f 1647 1759 1750
f 1941 2578 2258
f 2319 2388 2415
f 2743 2631 1656
f 2301 2522 1426
f 1564 2072 1562
f 2231 2056 2274
f 1274 1209 1211
f 1445 2754 2737
f 1333 1837 1434
f 2673 2487 2709
f 1629 2136 2351
f 2710 2716 1645
f 1645 2709 2710
f 2460 2493 2498
f 1774 1970 1775
f 2694 1812 1813
f 2755 1722 2747
f 1571 2428 1572
f 2466 2140 2173
f 1813 1762 2002
f 2475 2372 2114
f 2405 1229 1231
f 2346 2662 2347
f 1872 1849 2461
f 2399 1212 1214
f 1824 1826 2060
f 1425 2704 2705
f 2247 2249 2742
f 2260 1460 2214
f 2572 2609 2578
f 1869 1673 1870
f 2612 1863 2613
f 1743 1753 1494
f 2173 2175 2086
f 1674 2208 2739
f 1349 1242 2170
f 2190 2096 2247
f 2475 2740 2476
f 1948 2721 1496
f 2739 1675 1674
f 2750 1382 2655
f 1565 1740 2398
f 1529 1531 2079
f 1921 1920 2493
f 2398 1532 1565
f 2080 1530 1920
f 2669 2554 2751
f 1706 1492 1491
f 2305 2139 2141
f 2752 2249 2248
f 2043 2009 2331
f 2410 1428 2523
f 1896 2689 1894
f 2359 2755 2468
f 1786 1785 1793
f 2708 1219 2118
f 2514 1575 2576
f 1473 2171 2682
f 1455 2599 1750
f 2582 2456 2711
f 2292 2073 2515
f 1241 2170 1242
f 2270 2272 1417
f 2519 2546 1422
f 2564 2042 2041
f 2474 2698 2651
f 2089 1261 2090
f 2516 2261 2658
f 2695 1362 1322
f 2405 2151 1883
f 2747 1721 1718
f 2366 1535 1593
f 2089 1402 1401
f 2192 2224 1583
f 1305 1737 2201
f 2272 2753 2756
f 1833 1557 2093
f 2176 1567 2383
f 2631 2743 2632
f 1656 2631 2707
f 1331 2553 2552
f 2333 1505 2596
f 2706 2697 2680
f 1587 2368 1784
f 2623 2673 2709
f 1634 1633 1287
f 2411 2349 2622
f 2709 1645 1644
f 2003 2002 1762
f 1762 1813 1760
f 2094 2314 1881
f 1654 1656 2554
f 1419 1949 1417
f 2440 1895 2094
f 2657 2629 2656
f 2347 1872 2041
f 2025 2384 2133
f 2668 1767 1260
f 1305 2201 2305
f 1281 2681 2536
f 2280 2273 2038
f 2105 2461 1849
f 2519 1421 1631
f 2627 2102 2443
f 2373 2730 2713
f 1757 2726 1718
f 2757 2167 1319
f 2168 2460 2459
f 2260 2672 1461
f 1953 2400 2633
f 2557 2191 2587
f 2510 1212 1351
f 1827 2669 2508
f 1496 2721 1497
f 2713 2520 2373
f 1948 1390 1928
f 1715 1714 2569
f 2177 2404 1756
f 2362 2636 1716
f 2584 2669 2751
f 2555 1540 2527
f 2302 1344 1346
f 2101 2103 2604
f 2585 2508 2583
f 2386 1672 2387
f 1325 1399 2054
f 2558 2708 2118
f 2361 2548 2382
f 2406 2529 2405
f 2045 1338 2758
f 2152 1352 2405
f 1513 2340 1651
f 2629 1267 1269
f 1362 2695 1363
f 1418 2272 2756
f 2493 1529 1580
f 1540 1541 2225
f 1419 2634 2748
f 1983 2241 2330
f 2169 1240 2610
f 2208 2030 1868
f 2505 2727 1951
f 2413 2349 2411
f 2192 2204 2489
f 2374 2704 1425
f 2477 2248 2247
f 1621 2205 2206
f 2151 2405 1352
f 2291 2292 2530
f 1474 2496 2400
f 2323 2321 1628
f 2615 2309 2522
f 1515 2640 2377
f 2751 2707 2584
f 1249 1251 2630
f 2759 1514 1516
f 1645 2716 2267
f 2387 1672 1671
f 2340 1283 1692
f 1611 2061 1826
f 2681 2706 2537
f 2571 2609 2572
f 1694 2129 1695
f 1944 1204 2029
f 2339 2366 1408
f 2538 2742 2752
f 2340 2091 1651
f 2593 1867 1866
f 1920 1530 2493
f 1742 1743 1494
f 1562 2072 2040
f 1702 1701 2059
f 1493 1495 1510
f 1508 2108 1618
f 2532 1405 2290
f 2716 1995 2003
f 1317 2370 2369
f 2492 1992 1993
f 2586 2169 2619
f 2122 1962 1852
f 2715 1958 2659
f 2760 2605 1453
f 2003 2267 2716
f 2540 2003 1762
f 2145 1915 1917
f 2115 2255 2116
f 2343 1665 2212
f 2094 2095 1851
f 1820 1432 2688
f 1426 1649 2301
f 1940 1920 1922
f 2566 2126 2048
f 2347 2734 1357
f 2305 1736 2358
f 1759 1589 1456
f 2761 1745 1935
f 2138 2442 2351
f 1592 1598 1593
f 2678 2749 2434
f 1305 2306 2141
f 1994 2704 2725
f 2597 2449 2111
f 2055 2171 1473
f 1778 1777 1875
f 1324 1323 1905
f 1456 1750 1759
f 2588 2620 1448
f 2055 2216 2542
f 2587 2191 2226
f 2476 2031 2741
f 1414 1436 2488
f 2729 2041 2040
f 2290 1405 2085
f 1566 1377 2666
f 2570 1622 1329
f 1815 1580 1529
f 2741 2372 2476
f 2441 2528 1389
f 1596 1786 1839
f 2301 2168 2459
f 1529 1929 1814
f 2250 2638 2451
f 2541 1761 2649
f 1533 1532 2398
f 2392 2307 2390
f 2045 1294 1924
f 1545 1476 1741
f 2264 2021 2022
f 1730 2733 1216
f 1791 1792 2546
f 1271 1527 2235
f 2376 1751 1452
f 1472 2570 1957
f 2480 2468 2747
f 1506 1504 1507
f 1745 2761 1880
f 2119 1218 1445
f 1975 2242 1976
f 1590 1884 1544
f 2117 2558 2118
f 1856 1292 1584
f 1213 2510 1772
f 2254 2130 1710
f 2332 1910 2196
f 2634 2665 2068
f 2045 2562 2561
f 2220 1503 1264
f 2542 2477 2247
f 1534 1428 2462
f 1899 1361 2309
f 2542 2216 2477
f 1526 2535 2651
f 2733 1217 1216
f 2596 2317 2333
f 2111 1642 2597
f 1659 2526 1735
f 2103 2691 2604
f 1262 1261 2533
f 1813 2002 2694
f 2479 2412 2611
f 1307 1493 2234
f 2041 2734 2347
f 1523 1522 1753
f 2746 2620 1392
f 1820 2490 1430
f 2168 2301 1649
f 2015 2014 1978
f 2586 1275 1277
f 2446 1912 2409
f 1732 1731 2531
f 1606 1244 2356
f 2348 2723 2486
f 2677 2707 2631
f 2636 2549 1789
f 2623 1644 1959
f 1684 2244 1685
f 1927 2721 1928
f 1588 1646 1664
f 2003 2540 2267
f 2543 2534 1449
f 2691 2103 2762
f 2409 2293 2197
f 2640 1515 2735
f 2230 2547 1770
f 2077 1986 1985
f 1354 2046 1352
f 2394 2156 1887
f 1526 2162 2235
f 1337 1336 1505
f 2081 1470 1554
f 1576 2325 1575
f 2543 2574 2531
f 1872 2662 2199
f 2603 2115 2284
f 2450 2735 1515
f 1818 1343 2352
f 1515 1514 1313
f 2607 2173 2086
f 1502 1501 2223
f 1550 2545 1551
f 2303 2239 1982
f 1725 2404 1274
f 2041 2729 2734
f 2485 2622 2348
f 1257 1256 2548
f 2715 2673 1958
f 2693 2374 2520
f 1473 1475 2055
f 2261 2748 2068
f 1460 1459 2682
f 1902 2741 2031
f 1427 2257 2031
f 1427 2462 1428
f 2289 1906 1905
f 1823 1899 2309
f 2686 1931 1930
f 1586 2368 1587
f 1974 2507 2396
f 2614 2161 2424
f 1372 1714 1576
f 1974 2544 2441
f 1418 2756 1341
f 2635 2619 1834
f 2206 1888 1486
f 1378 1532 1534
f 1347 2170 1466
f 1484 1483 2245
f 2434 2121 2066
f 2704 2374 2725
f 2538 2537 2742
f 2454 2148 2428
f 1741 1679 1545
f 2637 2527 2148
f 2312 2311 2625
f 2185 2653 1640
f 1580 1579 2498
f 2511 1612 1655
f 2552 2329 1331
f 1821 1823 1729
f 2423 2581 2614
f 2307 1569 2279
f 2718 2279 1937
f 1518 2621 2069
f 2649 2647 2541
f 2395 1859 1269
f 1652 2670 1653
f 2113 1711 2131
f 1878 2750 2330
f 2521 1578 2129
f 2381 2707 2677
f 1644 2269 1959
f 2695 1322 1324
f 1401 2483 1989
f 1313 2565 2564
f 1894 2314 2094
f 2760 2608 2605
f 2725 2002 1994
f 2406 1883 1882
f 1882 1755 2406
f 1497 2721 1671
f 2662 2200 2199
f 2280 2759 1516
f 2037 1279 1555
f 2255 2604 1896
f 1397 1929 1308
f 2336 2295 2433
f 1807 1360 1808
f 1880 2095 1881
f 2134 2461 2104
f 2761 2106 2105
f 1435 1237 1855
f 2034 1300 1299
f 1459 2494 2682
f 1712 1475 1474
f 2592 2607 2086
f 2636 1777 2549
f 2760 1452 2608
f 1404 2553 1331
f 1841 1839 1842
f 1898 1361 1899
f 2162 2698 1439
f 2257 1427 1429
f 1715 2430 1576
f 1281 1806 1282
f 2426 2538 2752
f 1452 2760 1453
f 2294 2398 1672
f 2458 1404 2456
f 1480 1479 1402
f 2670 2051 1653
f 2294 2293 1533
f 2590 1901 1900
f 1612 2736 1655
f 1533 2293 2524
f 1729 1607 2222
f 1237 1698 1547
f 2348 2486 2485
f 2608 1452 1667
f 2397 2396 2507
f 1304 1303 2555
f 2463 2626 1978
f 1886 1337 1507
f 1874 2641 1993
f 1755 1757 1721
f 2597 2361 2360
f 1714 1372 2568
f 2657 2164 1356
f 2056 2231 2057
f 1802 2763 1905
f 1873 2641 1874
f 2074 2338 2588
f 2119 2559 2117
f 1815 2661 1578
f 1464 1951 2727
f 2497 2166 1857
f 1911 1910 2332
f 2037 1472 1811
f 2301 2459 1609
f 1779 1634 1289
f 1319 1939 2757
f 2417 2177 1756
f 2740 1379 2476
f 2652 1428 2410
f 1805 1260 1584
f 1726 1369 1904
f 2758 1338 2220
f 2383 1766 2304
f 2210 2069 2696
f 2106 2731 2764
f 1499 2599 1308
f 2215 1355 2213
f 1215 2402 1953
f 1382 2750 2452
f 1890 1889 2078
f 2736 1612 2058
f 2124 2412 2123
f 1755 2529 2406
f 2085 2593 2592
f 2052 1963 2579
f 1828 1827 2478
f 2317 2316 2236
f 1825 1824 1996
f 1428 2652 1429
f 1393 2136 1690
f 2758 2220 1264
f 2344 2004 2612
f 2699 2250 2252
f 2757 1940 1922
f 1418 1417 2272
f 2245 2679 2071
f 1337 1886 2220
f 1338 1337 2220
f 1651 2050 1513
f 2368 2553 1784
f 1981 1311 1246
f 1661 2402 2401
f 2297 2078 2205
f 2412 2695 2123
f 1890 2297 2296
f 2465 1332 1331
f 2631 2186 2677
f 2632 2187 2186
f 2167 2757 1921
f 1295 1294 2044
f 1506 2196 1504
f 1818 1931 1343
f 2702 1960 1959
f 1984 2028 1985
f 2170 2169 1277
f 2118 1219 2119
f 2266 2268 1643
f 1706 1997 2614
f 2689 2314 1894
f 2333 2236 1911
f 2669 1829 2554
f 1234 1253 1629
f 2253 2572 2130
f 1439 1438 2162
f 1928 2528 1926
f 1789 2595 1716
f 2443 2102 2283
f 1646 2074 1664
f 1693 2028 1984
f 1722 2755 1230
f 1808 1282 1806
f 2106 2761 1935
f 2422 1348 1791
f 2072 1564 2071
f 2283 1902 2443
f 1795 2598 1810
f 1926 2387 1927
f 2436 2288 1412
f 2707 2751 1656
f 1437 2575 1438
f 2132 2382 1775
f 2177 2417 1668
f 2285 2336 2749
f 1909 2396 1907
f 2184 1640 2589
f 1670 1672 2398
f 2501 1798 1799
f 1995 1994 2002
f 1824 1994 1996
f 1543 2046 1498
f 1464 2600 2112
f 2318 2142 1627
f 2421 1906 2128
f 1577 2227 1693
f 1864 1863 2612
f 2630 1251 2745
f 1757 2112 2600
f 2539 1519 2209
f 1501 1500 1858
f 2765 2559 2119
f 2345 1458 2005
f 2502 1672 2503
f 2551 2325 1763
f 2345 2005 2004
f 1978 2626 2015
f 1676 1669 1677
f 1727 1330 1622
f 1817 1702 2059
f 2695 2412 1363
f 2359 2040 2035
f 2393 2364 1346
f 1215 1953 1730
f 2381 2677 2300
f 1716 1836 2362
f 2647 2268 2266
f 2357 1325 2054
f 1561 2363 1521
f 2650 1761 2357
f 2361 1257 2548
f 2181 1512 1284
f 2156 2099 2184
f 2460 2168 2167
f 1431 2314 2689
f 1808 1469 1282
f 1879 2314 1431
f 2135 2134 2104
f 1825 2710 2487
f 2764 2104 2106
f 2731 2106 1935
f 1880 2490 1745
f 2679 1483 2684
f 1806 2616 2259
f 2473 2660 2667
f 1423 1600 1892
f 1804 1258 1805
f 2577 2259 2616
f 2593 2084 2466
f 1540 1256 2527
f 2642 2473 2474
f 2607 2466 2173
f 1913 2618 1358
f 1626 1429 2652
f 1672 2386 2503
f 2517 2271 2667
f 2409 2523 2524
f 2396 2381 2407
f 1970 1969 2093
f 1870 2645 1871
f 1411 1413 2562
f 1512 1552 2322
f 1620 1415 1508
f 1932 2431 1388
f 1482 1803 1323
f 1597 2063 1617
f 2337 2180 2179
f 1902 2283 2741
f 2396 2012 1907
f 2258 1942 1941
f 2700 2436 2385
f 2039 2067 2064
f 2400 2495 2633
f 2485 1320 1426
f 1583 1222 1631
f 2553 1404 2458
f 2430 2334 2324
f 1693 1968 2028
f 2408 2717 2718
f 2278 1577 1693
f 1850 1872 2199
f 2119 2737 2765
f 1465 1464 2112
f 1755 1882 2286
f 1231 2152 2405
f 1509 1508 1415
f 2166 2497 1501
f 1981 2571 1311
f 1662 1340 1339
f 1299 2471 1904
f 2754 1445 2516
f 1873 2034 1500
f 2126 1393 1392
f 2263 1665 2343
f 2589 2484 2580
f 1398 1276 1318
f 2723 2348 2350
f 2275 1747 2640
f 1322 1362 1482
f 1757 1755 1781
f 2755 2359 1230
f 2038 1230 2759
f 2422 1674 1348
f 2490 1879 1430
f 2735 2275 2640
f 2577 2538 2518
f 2660 1946 2667
f 1876 2674 1605
f 1708 2735 2450
f 1359 1358 1987
f 2239 1971 2240
f 1665 1667 1751
f 2240 2330 2241
f 1749 1748 1967
f 1313 1315 1515
f 2351 1234 1629
f 2690 1692 1691
f 1889 1891 1887
f 1811 1957 1954
f 1771 1383 1862
f 1661 1475 1712
f 2389 2384 2383
f 1399 2234 1816
f 1297 1296 1794
f 1696 2302 2364
f 1993 2641 1502
f 2400 1952 1713
f 2136 1393 2228
f 2748 2634 2068
f 2086 2175 2087
f 2256 1900 2257
f 2409 2196 2446
f 2727 2505 1485
f 2493 2460 1921
f 1383 2299 1488
f 2213 1355 1357
f 1447 2172 2075
f 2752 2272 2426
f 2108 1522 2178
f 2417 1696 2364
f 1257 2361 2597
f 2240 1971 2329
f 1303 1775 2455
f 1755 2286 1781
f 2747 2468 2755
f 2151 1542 1883
f 2298 2186 1960
f 1242 1868 1240
f 2300 2677 2298
f 1291 1891 2296
f 1847 1657 2120
f 1996 2716 1825
f 1334 1227 1623
f 1488 2702 2269
f 2608 2160 2628
f 2166 1887 1857
f 2482 1810 2643
f 2701 2362 2232
f 2649 2650 2647
f 2612 2004 1864
f 2001 1471 1785
f 2715 2058 2487
f 1485 1484 2728
f 2689 2688 1431
f 2443 2591 2627
f 1559 2464 2093
f 2183 2102 2627
f 1431 1430 1879
f 2104 2764 2135
f 2731 1935 1934
f 2157 2156 2589
f 2614 2624 1208
f 1388 2334 1932
f 1346 2325 2324
f 2331 2083 2043
f 1564 2245 2071
f 2386 1266 1265
f 2759 2280 2038
f 2729 2672 2734
f 1833 1835 1557
f 1596 1595 1786
f 1661 1660 1475
f 1456 1589 2297
f 2355 2652 2410
f 2481 2228 1393
f 2433 2121 2434
f 2563 1413 2287
f 1836 1601 2232
f 2622 1361 2411
f 1212 2510 1213
f 2293 2198 2197
f 2523 2409 2410
f 1902 2257 1900
f 1658 2525 1659
f 1949 1950 2575
f 2754 2766 2737
f 1666 2263 2424
f 2737 2766 2765
f 2241 1983 2239
f 1221 2519 1631
f 2588 1448 2075
f 1538 2473 1539
f 2071 2679 2729
f 2218 1383 1293
f 1913 2258 2609
f 1276 1275 2635
f 2210 2403 2470
f 2574 1990 1732
f 1718 2480 2747
f 1781 2286 1591
f 1226 1858 1500
f 2658 2261 2621
f 2757 1922 1921
f 2289 1905 2763
f 1255 2148 1256
f 1687 1846 1335
f 2041 2134 2564
f 2177 1274 2404
f 2249 2752 2742
f 1568 2703 1447
f 1327 1638 1637
f 1338 2045 1924
f 2424 2161 1667
f 2313 1402 2090
f 1707 2425 2767
f 1646 1588 1758
f 1960 1488 2298
f 2380 2300 2218
f 1967 1748 1968
f 2347 2662 1872
f 1616 2331 1686
f 2321 2323 2322
f 2647 2650 1817
f 2591 2443 1901
f 1514 2759 1230
f 2678 2285 2749
f 1593 1535 2238
f 1314 1313 2564
f 1776 1778 2356
f 1641 1640 2653
f 2275 2764 2731
f 1745 1747 1934
f 2732 2731 1934
f 2200 1356 2163
f 1819 2107 2490
f 1441 1440 1863
f 2479 1459 2654
f 2237 1847 2120
f 2479 2611 2494
f 1913 1980 2618
f 2591 1901 2590
f 2354 2316 1626
f 1820 1931 1818
f 2476 1379 2032
f 2652 2355 2354
f 1228 1623 1227
f 1574 2724 1571
f 1412 1411 1264
f 1950 1809 2575
f 1794 1296 1838
f 1413 2563 2562
f 2609 1981 1980
f 2563 2738 2561
f 2756 2248 1341
f 2407 2380 2217
f 2407 1295 2012
f 1907 2013 2738
f 1679 1678 1225
f 1671 1670 1497
f 1982 2635 1834
f 1254 1252 1236
f 2764 2275 2135
f 1896 1895 2255
f 1380 2452 1877
f 1590 2286 1882
f 1295 2217 1293
f 2754 2516 2699
f 2208 1868 1242
f 1980 1979 2618
f 2480 1752 1563
f 2678 2434 2043
f 1921 2460 2167
f 2084 1866 1524
f 1496 1328 1327
f 1738 1420 1422
f 2432 2137 2229
f 2548 2225 2382
f 1983 2655 1316
f 1796 2147 2146
f 1642 1257 2597
f 2299 2298 1488
f 2218 2300 2299
f 2218 2217 2380
f 1488 1999 1489
f 2742 2664 2247
f 2647 1817 2000
f 2546 2545 1791
f 2614 1704 1706
f 2505 2486 2723
f 1525 1588 1664
f 2414 1579 2392
f 1764 1766 2383
f 2103 2183 2762
f 2169 2610 2619
f 1444 2420 2339
f 1504 2198 2503
f 2658 2638 2699
f 2176 2024 2172
f 2402 2470 2403
f 1802 2744 2763
f 1306 1305 1742
f 2691 2762 2690
f 1313 2035 2565
f 2490 1820 1819
f 1820 1430 1432
f 1330 1727 1843
f 1934 1747 2732
f 1876 1875 2701
f 2604 2255 2603
f 2107 2138 1746
f 2645 1356 1871
f 2257 1902 2031
f 1564 1563 1719
f 2680 2697 1709
f 2019 1700 2010
f 2388 1244 1243
f 2040 2359 1562
f 2611 2124 2495
f 2237 2433 2295
f 1662 1661 2401
f 2310 1608 1823
f 1263 2311 2090
f 2196 1506 2332
f 2590 2256 2016
f 1626 1625 2256
f 2318 1627 2316
f 2244 1684 2154
f 2342 2518 2517
f 1411 2758 1264
f 2364 2438 2417
f 1298 1842 1296
f 1939 1465 2112
f 1214 1213 1877
f 2280 2047 2273
f 2562 2758 1411
f 2561 2738 2044
f 1778 1876 2356
f 1743 2141 2467
f 2469 1376 1582
f 2665 1341 1340
f 1845 1392 2620
f 2702 1959 2269
f 2409 2197 2196
f 2162 2651 2698
f 2044 2738 2013
f 1690 1629 1628
f 1513 1512 2182
f 2506 2654 1483
f 1826 1612 1611
f 1877 1773 1380
f 2095 1880 2761
f 1472 2001 1724
f 1699 1237 1239
f 2253 1311 2571
f 2252 2766 2754
f 1483 2654 2684
f 2528 2700 1926
f 2745 2145 1917
f 2362 1875 1777
f 1568 1447 1446
f 1662 2401 2403
f 1599 1788 1892
f 2127 2633 2327
f 2743 2715 2632
f 2699 2516 2658
f 2552 2368 2722
f 2210 2539 2209
f 2129 1986 2521
f 1214 1878 2399
f 2414 2498 1579
f 2081 2017 1385
f 2182 2181 2340
f 1706 2560 1492
f 1310 1499 1308
f 2308 2307 2392
f 2550 1673 1468
f 1462 1226 2034
f 2178 1918 1618
f 1682 1446 1681
f 1557 2159 1558
f 1749 2205 1621
f 1728 1803 1899
f 1523 1753 1743
f 2139 2358 2174
f 2179 2242 1669
f 1420 2192 1421
f 1229 1722 1230
f 1376 2469 1573
f 1383 2218 2299
f 2179 1976 2242
f 2352 1343 1234
f 1471 1470 2081
f 1454 2202 2445
f 1263 2719 2311
f 2614 1997 2161
f 2329 2552 2722
f 1534 2524 1428
f 2053 2472 2244
f 1290 1292 1856
f 2065 1620 1619
f 2025 2024 2384
f 1615 1614 1730
f 2644 2512 2482
f 1692 2762 2183
f 1692 2690 2762
f 2753 2752 2248
f 1747 2275 2732
f 2199 2164 1850
f 1746 2138 2432
f 2133 2389 2567
f 1819 2352 2442
f 2432 2640 1746
f 2463 2049 2051
f 1833 2093 2303
f 2667 1946 2342
f 2350 2654 2723
f 1311 1443 1312
f 2412 2124 2611
f 1237 1699 1698
f 2626 2591 2015
f 2698 1437 1439
f 2074 1663 1664
f 1722 1229 1720
f 1222 1584 1260
f 2699 2252 2754
f 1940 2757 1939
f 1894 2094 1895
f 2744 1802 1728
f 2639 2171 2097
f 2748 1445 1419
f 2503 1265 1504
f 1265 1264 1503
f 2105 2095 2761
f 1522 1524 2211
f 2079 1782 1781
f 2621 1518 2638
f 2584 2583 2669
f 2248 2756 2753
f 2441 1972 1974
f 1220 1219 1810
f 1999 1998 1489
f 1446 1682 1568
f 2089 1989 2533
f 1929 1544 1543
f 2461 2105 2104
f 2265 1779 1289
f 2176 2172 2703
f 2562 2045 2758
f 2044 2045 2561
f 2196 2198 1504
f 2768 2769 2770
f 2769 2771 2772
f 2771 2769 2768
f 2773 2774 2775
f 2775 2776 2777
f 2769 2778 2770
f 2779 2780 2781
f 2782 2783 2784
f 2785 2779 2786
f 2787 2788 2776
f 2786 2789 2785
f 2790 2791 2792
f 2775 2787 2776
f 2781 2780 2793
f 2794 2795 2796
f 2781 2796 2797
f 2797 2798 2779
f 2801 2799 2788
f 2799 2782 2788
f 2802 2803 2804
f 2790 2785 2789
f 2805 2806 2772
f 2800 2807 2808
f 2805 2772 2803
f 2793 2804 2781
f 2771 2768 2809
f 2780 2790 2793
f 2783 2782 2799
f 2790 2789 2791
f 2773 2775 2805
f 2796 2795 2797
f 2774 2787 2775
f 2810 2811 2812
f 2813 2804 2771
f 2809 2794 2796
f 2769 2814 2778
f 2808 2807 2801
f 2809 2813 2771
f 2815 2779 2812
f 2791 2800 2808
f 2809 2816 2794
f 2782 2776 2788
f 2816 2809 2768
f 2773 2805 2803
f 2802 2774 2773
f 2804 2792 2802
f 2792 2774 2802
f 2817 2818 2819
f 2771 2804 2803
f 2803 2802 2773
f 2820 2795 2816
f 2821 2777 2776
f 2768 2820 2816
f 2774 2808 2788
f 2819 2818 2797
f 2791 2808 2792
f 2812 2779 2810
f 2796 2813 2809
f 2790 2792 2793
f 2818 2822 2810
f 2797 2823 2819
f 2804 2793 2792
f 2798 2818 2810
f 2824 2817 2819
f 2796 2781 2813
f 2813 2781 2804
f 2774 2792 2808
f 2801 2788 2808
f 2795 2794 2816
f 2790 2780 2785
f 2781 2797 2779
f 2795 2823 2797
f 2779 2815 2786
f 2798 2810 2779
f 2776 2782 2821
f 2785 2780 2779
f 2818 2798 2797
f 2788 2787 2774
f 2803 2772 2771
f 2814 2769 2772
f 2825 2826 2827
f 2826 2828 2827
f 2829 2830 2831
f 2832 2828 2826
f 2826 2833 2832
f 2834 2835 2836
f 2810 2822 2811
f 2833 2831 2832
f 2837 2828 2832
f 2830 2834 2832
f 2784 2838 2782
f 2839 2836 2822
f 2840 2837 2832
f 2840 2832 2834
f 2834 2839 2841
f 2818 2817 2839
f 2830 2829 2834
f 2841 2839 2817
f 2830 2832 2831
f 2817 2842 2841
f 2843 2827 2828
f 2835 2834 2829
f 2824 2842 2817
f 2843 2828 2837
f 2835 2844 2836
f 2818 2839 2822
f 2834 2841 2840
f 2844 2811 2822
f 2822 2836 2844
f 2836 2839 2834
f 2783 2838 2784
f 2806 2814 2772
f 2845 2846 2847
f 2848 2849 2850
f 2851 2852 2853
f 2854 2855 2856
f 2857 2858 2859
f 2860 2861 2862
f 2863 2864 2865
f 2861 2866 2862
f 2867 2855 2868
f 2849 2869 2870
f 2871 2872 2873
f 2874 2875 2876
f 2855 2861 2868
f 2877 2855 2878
f 2861 2877 2866
f 2860 2868 2861
f 2879 2872 2880
f 2881 2882 2883
f 2853 2884 2885
f 2856 2855 2867
f 2886 2887 2888
f 2889 2848 2890
f 2891 2889 2890
f 2877 2861 2855
f 2847 2865 2864
f 2892 2893 2862
f 2894 2849 2883
f 2895 2894 2883
f 2869 2849 2894
f 2895 2896 2897
f 2898 2899 2900
f 2874 2901 2877
f 2895 2902 2894
f 2897 2903 2895
f 2904 2883 2849
f 2869 2902 2905
f 2903 2897 2906
f 2887 2899 2898
f 2877 2907 2908
f 2905 2909 2869
f 2910 2905 2902
f 2911 2912 2913
f 2906 2897 2914
f 2906 2910 2903
f 2903 2910 2902
f 2915 2862 2876
f 2902 2869 2894
f 2874 2876 2901
f 2916 2917 2906
f 2885 2879 2853
f 2917 2910 2906
f 2870 2850 2849
f 2918 2916 2914
f 2919 2905 2910
f 2920 2919 2910
f 2864 2870 2847
f 2918 2914 2921
f 2918 2917 2916
f 2919 2922 2905
f 2923 2919 2920
f 2922 2924 2845
f 2925 2917 2918
f 2926 2927 2928
f 2929 2930 2921
f 2908 2874 2877
f 2911 2931 2932
f 2933 2919 2923
f 2934 2904 2849
f 2935 2936 2937
f 2866 2877 2901
f 2899 2887 2863
f 2847 2870 2909
f 2926 2938 2939
f 2940 2850 2870
f 2862 2866 2901
f 2915 2892 2862
f 2941 2919 2933
f 2942 2943 2917
f 2944 2924 2922
f 2945 2946 2947
f 2908 2931 2874
f 2941 2948 2944
f 2941 2944 2919
f 2949 2944 2950
f 2951 2915 2875
f 2945 2947 2952
f 2865 2899 2863
f 2952 2911 2953
f 2954 2953 2955
f 2956 2913 2912
f 2957 2859 2958
f 2953 2913 2955
f 2900 2959 2873
f 2913 2960 2955
f 2948 2959 2950
f 2950 2959 2900
f 2953 2954 2952
f 2949 2900 2924
f 2911 2957 2958
f 2956 2961 2962
f 2862 2901 2876
f 2846 2900 2899
f 2937 2963 2964
f 2918 2921 2930
f 2965 2966 2959
f 2875 2874 2946
f 2873 2959 2871
f 2934 2848 2967
f 2890 2868 2891
f 2874 2931 2947
f 2952 2947 2931
f 2912 2958 2961
f 2956 2912 2961
f 2968 2969 2970
f 2931 2911 2952
f 2873 2898 2900
f 2956 2960 2913
f 2950 2900 2949
f 2853 2879 2851
f 2930 2929 2971
f 2870 2972 2940
f 2880 2872 2871
f 2937 2973 2963
f 2883 2882 2895
f 2974 2941 2933
f 2940 2867 2890
f 2907 2932 2908
f 2925 2930 2942
f 2941 2974 2948
f 2932 2907 2957
f 2975 2973 2976
f 2973 2966 2963
f 2928 2927 2977
f 2925 2918 2930
f 2957 2911 2932
f 2937 2977 2935
f 2939 2936 2927
f 2867 2940 2856
f 2928 2938 2926
f 2966 2871 2959
f 2852 2978 2979
f 2914 2916 2906
f 2939 2927 2926
f 2911 2958 2912
f 2895 2903 2902
f 2919 2944 2922
f 2893 2868 2860
f 2848 2934 2849
f 2964 2977 2937
f 2915 2951 2892
f 2911 2913 2953
f 2880 2871 2966
f 2966 2973 2975
f 2851 2880 2962
f 2968 2980 2969
f 2908 2932 2931
f 2917 2925 2942
f 2920 2917 2943
f 2858 2978 2961
f 2969 2962 2880
f 2981 2872 2879
f 2937 2982 2973
f 2975 2970 2969
f 2886 2981 2983
f 2900 2846 2924
f 2976 2973 2982
f 2847 2909 2845
f 2878 2957 2907
f 2927 2935 2977
f 2936 2982 2937
f 2924 2846 2845
f 2890 2867 2868
f 2884 2984 2885
f 2978 2858 2985
f 2890 2848 2850
f 2981 2879 2885
f 2847 2846 2865
f 2986 2856 2983
f 2854 2856 2986
f 2887 2886 2863
f 2880 2851 2879
f 2886 2983 2863
f 2888 2887 2873
f 2872 2981 2888
f 2909 2905 2845
f 2978 2962 2961
f 2869 2909 2870
f 2947 2946 2874
f 2846 2899 2865
f 2859 2986 2857
f 2985 2858 2857
f 2979 2853 2852
f 2980 2956 2969
f 2987 2967 2848
f 2960 2956 2980
f 2882 2881 2988
f 2859 2858 2958
f 2985 2857 2989
f 2888 2981 2886
f 2853 2979 2884
f 2862 2893 2860
f 2880 2966 2975
f 2981 2984 2983
f 2898 2873 2887
f 2884 2979 2989
f 2944 2948 2950
f 2851 2978 2852
f 2922 2845 2905
f 2872 2888 2873
f 2965 2959 2948
f 2858 2961 2958
f 2972 2864 2983
f 2927 2936 2935
f 2851 2962 2978
f 2889 2990 2848
f 2848 2990 2987
f 2875 2915 2876
f 2972 2870 2864
f 2940 2890 2850
f 2986 2984 2884
f 2979 2985 2989
f 2970 2975 2976
f 2989 2986 2884
f 2984 2981 2885
f 2986 2859 2957
f 2984 2986 2983
f 2972 2983 2856
f 2855 2854 2878
f 2983 2864 2863
f 2986 2957 2878
f 2985 2979 2978
f 2857 2986 2989
f 2940 2972 2856
f 2986 2878 2854
f 2975 2969 2880
f 2907 2877 2878
f 2896 2895 2882
f 2920 2910 2917
f 2969 2956 2962
f 2924 2944 2949
f 2991 2992 2993
f 2994 2995 2996
f 2994 2997 2998
f 2999 3000 3001
f 2993 2995 3002
f 3000 2997 3003
f 2996 2992 3004
f 2996 3004 2994
f 2997 2994 3003
f 3003 3001 3000
f 3004 3003 2994
f 3000 2999 3005
f 2992 2995 2993
f 3003 3004 3001
f 2996 2995 2992
f 2995 2994 2998
f 3006 3007 3008
f 3009 3010 3011
f 3012 3013 3014
f 3015 3016 3017
f 3018 3019 3020
f 3021 3010 3009
f 3022 3023 3024
f 3025 3026 3027
f 3016 3027 3028
f 3022 3029 3030
f 3031 3025 3021
f 3032 3033 3006
f 3034 3035 3036
f 3037 3038 3039
f 3040 3041 3013
f 3042 3043 3044
f 3045 3016 3046
f 3028 3047 3017
f 3048 3049 3050
f 3015 3017 3007
f 3007 3006 3033
f 3007 3017 3051
f 3034 3019 3012
f 3052 3053 3013
f 3045 3054 3027
f 3012 3019 3013
f 3030 3055 3056
f 3057 3058 3009
f 3047 3028 3036
f 3044 3059 3060
f 3061 3043 3028
f 3059 3049 3057
f 3062 3025 3027
f 3046 3032 3045
f 3063 3019 3018
f 3011 3057 3009
f 3064 3052 3063
f 3065 3056 3055
f 3065 3066 3053
f 3040 3066 3067
f 3048 3026 3031
f 3066 3040 3053
f 3042 3068 3043
f 3068 3036 3043
f 3020 3034 3068
f 3033 3015 3007
f 3008 3007 3069
f 3070 3071 3072
f 3028 3026 3061
f 3062 3021 3025
f 3068 3018 3020
f 3029 3024 3073
f 3016 3015 3046
f 3060 3063 3018
f 3018 3068 3042
f 3010 3021 3074
f 3041 3040 3067
f 3040 3013 3053
f 3075 3029 3073
f 3076 3010 3074
f 3045 3077 3054
f 3014 3013 3041
f 3036 3068 3034
f 3023 3070 3024
f 3052 3064 3056
f 3060 3059 3063
f 3071 3076 3078
f 3079 3080 3022
f 3070 3076 3071
f 3078 3074 3081
f 3030 3064 3059
f 3082 3069 3051
f 3037 3070 3072
f 3069 3082 3008
f 3058 3031 3021
f 3029 3083 3084
f 3076 3074 3078
f 3054 3062 3027
f 3031 3058 3048
f 3021 3009 3058
f 3016 3045 3027
f 3073 3024 3037
f 3030 3079 3022
f 3074 3021 3062
f 3048 3061 3026
f 3028 3017 3016
f 3037 3039 3073
f 3070 3023 3076
f 3026 3025 3031
f 3028 3043 3036
f 3080 3076 3023
f 3076 3011 3010
f 3033 3046 3015
f 3072 3038 3037
f 3077 3045 3032
f 3075 3083 3029
f 3029 3084 3055
f 3026 3028 3027
f 3073 3085 3075
f 3044 3060 3042
f 3013 3019 3052
f 3080 3023 3022
f 3076 3080 3011
f 3070 3037 3024
f 3056 3053 3052
f 3080 3079 3011
f 3057 3049 3058
f 3042 3060 3018
f 3019 3034 3020
f 3044 3049 3059
f 3030 3059 3057
f 3030 3056 3064
f 3044 3061 3050
f 3057 3011 3079
f 3079 3030 3057
f 3049 3048 3058
f 3049 3044 3050
f 3081 3074 3062
f 3036 3035 3047
f 3061 3044 3043
f 3061 3048 3050
f 3065 3053 3056
f 3064 3063 3059
f 3046 3033 3032
f 3055 3030 3029
f 3024 3029 3022
f 3063 3052 3019
f 3069 3007 3051
f 3062 3054 3081
f 3086 3087 3088
f 3089 3090 3091
f 3089 3091 3092
f 3091 3090 3093
f 3090 3094 3088
f 3095 3090 3089
f 3094 3096 3088
f 3088 3093 3090
f 3097 3095 3098
f 3099 3087 3086
f 3096 3094 3100
f 3094 3097 3101
f 3102 3103 3100
f 3088 3087 3104
f 3105 3099 3086
f 3100 3106 3102
f 3091 3093 3107
f 3107 3093 3108
f 3109 3110 3111
f 3112 3111 3113
f 3094 3095 3097
f 3099 3114 3087
f 3110 3109 3108
f 3100 3101 3115
f 3116 3106 3100
f 3104 3087 3114
f 3086 3088 3096
f 3096 3103 3086
f 3100 3115 3116
f 3095 3089 3098
f 3094 3101 3100
f 3089 3092 3098
f 3107 3108 3109
f 3117 3088 3104
f 3093 3088 3117
f 3112 3109 3111
f 3103 3096 3100
f 3093 3117 3108
f 3094 3090 3095
f 3118 3098 3092
f 3119 3120 3121
f 3122 3123 3124
f 3125 3126 3102
f 3127 3124 3123
f 3127 3125 3102
f 3128 3122 3124
f 3116 3129 3106
f 3129 3116 3130
f 3124 3131 3129
f 3132 3124 3129
f 3105 3103 3126
f 3128 3124 3132
f 3129 3131 3106
f 3133 3134 3135
f 3126 3136 3105
f 3137 3138 3135
f 3137 3139 3138
f 3135 3134 3137
f 3134 3133 3132
f 3134 3132 3130
f 3132 3133 3128
f 3132 3129 3130
f 3124 3106 3131
f 3102 3126 3103
f 3103 3105 3086
f 3127 3123 3125
f 3140 3141 3142
f 3110 3108 3117
f 3119 3143 3120
f 3144 3145 3146
f 3147 3148 3149
f 3150 3151 3152
f 3153 3154 3148
f 3155 3147 3156
f 3157 3158 3159
f 3160 3161 3162
f 3106 3124 3127
f 3163 3164 3165
f 3127 3102 3106
f 3166 3167 3168
f 3169 3120 3170
f 3167 3166 3171
f 3172 3168 3167
f 3136 3126 3125
f 3173 3174 3152
f 3175 3176 3177
f 3178 3179 3180
f 3159 3181 3157
f 3182 3183 3184
f 3185 3186 3187
f 3188 3189 3190
f 3160 3191 3192
f 3154 3113 3193
f 3168 3194 3166
f 3195 3196 3197
f 3198 3199 3200
f 3201 3202 3203
f 3204 3114 3171
f 3205 3177 3176
f 3206 3187 3186
f 3207 3208 3209
f 3208 3210 3209
f 3165 3211 3212
f 3213 3214 3200
f 3178 3215 3216
f 3217 3218 3219
f 3220 3211 3165
f 3192 3191 3221
f 3152 3151 3222
f 3146 3145 3194
f 3220 3165 3164
f 3223 3224 3225
f 3105 3136 3226
f 3172 3226 3168
f 3227 3228 3158
f 3215 3229 3217
f 3205 3221 3187
f 3176 3221 3205
f 3230 3231 3232
f 3158 3224 3227
f 3160 3192 3211
f 3166 3194 3145
f 3233 3162 3234
f 3177 3205 3146
f 3173 3235 3236
f 3191 3233 3207
f 3237 3144 3187
f 3154 3208 3238
f 3214 3196 3225
f 3220 3150 3211
f 3171 3189 3204
f 3216 3215 3163
f 3201 3200 3239
f 3176 3175 3212
f 3174 3173 3161
f 3162 3233 3191
f 3207 3233 3208
f 3166 3188 3190
f 3215 3217 3219
f 3200 3214 3181
f 3113 3111 3193
f 3142 3240 3140
f 3202 3201 3241
f 3201 3203 3155
f 3110 3242 3243
f 3205 3187 3144
f 3155 3203 3147
f 3234 3162 3161
f 3172 3167 3171
f 3164 3215 3220
f 3184 3193 3243
f 3226 3172 3099
f 3244 3202 3241
f 3188 3166 3145
f 3171 3190 3189
f 3172 3171 3099
f 3186 3185 3210
f 3144 3237 3145
f 3237 3188 3145
f 3234 3149 3233
f 3237 3206 3188
f 3206 3189 3188
f 3144 3146 3205
f 3187 3221 3185
f 3191 3160 3162
f 3187 3206 3237
f 3156 3245 3234
f 3228 3241 3158
f 3189 3206 3186
f 3114 3204 3104
f 3147 3203 3148
f 3183 3189 3186
f 3189 3183 3182
f 3204 3182 3242
f 3242 3182 3184
f 3178 3229 3215
f 3242 3117 3204
f 3226 3099 3105
f 3117 3104 3204
f 3171 3114 3099
f 3243 3242 3184
f 3210 3183 3186
f 3184 3183 3210
f 3191 3209 3221
f 3221 3209 3185
f 3211 3192 3176
f 3212 3211 3176
f 3246 3140 3156
f 3210 3193 3184
f 3191 3207 3209
f 3171 3166 3190
f 3110 3117 3242
f 3210 3154 3193
f 3243 3193 3111
f 3209 3210 3185
f 3221 3176 3192
f 3110 3243 3111
f 3160 3211 3150
f 3170 3120 3247
f 3210 3208 3154
f 3220 3219 3151
f 3197 3196 3214
f 3153 3113 3154
f 3150 3174 3160
f 3164 3163 3215
f 3220 3151 3150
f 3153 3244 3113
f 3248 3208 3233
f 3161 3160 3174
f 3219 3220 3215
f 3238 3148 3154
f 3244 3112 3113
f 3202 3244 3153
f 3204 3189 3182
f 3208 3248 3238
f 3244 3228 3112
f 3202 3153 3148
f 3149 3248 3233
f 3161 3246 3234
f 3150 3152 3174
f 3179 3178 3216
f 3223 3196 3195
f 3238 3248 3149
f 3149 3148 3238
f 3241 3228 3244
f 3148 3203 3202
f 3173 3246 3161
f 3222 3219 3218
f 3151 3219 3222
f 3112 3228 3227
f 3149 3234 3245
f 3234 3246 3156
f 3235 3173 3152
f 3158 3241 3159
f 3241 3201 3159
f 3149 3245 3147
f 3249 3246 3173
f 3239 3159 3201
f 3141 3246 3249
f 3246 3141 3140
f 3236 3249 3173
f 3239 3181 3159
f 3156 3147 3245
f 3156 3250 3155
f 3157 3224 3158
f 3201 3155 3200
f 3239 3200 3181
f 3140 3231 3156
f 3225 3224 3157
f 3181 3225 3157
f 3140 3240 3231
f 3198 3155 3250
f 3231 3250 3156
f 3198 3200 3155
f 3225 3181 3214
f 3240 3232 3231
f 3250 3231 3230
f 3196 3223 3225
f 3240 3142 3232
f 3250 3247 3198
f 3170 3247 3250
f 3230 3170 3250
f 3213 3197 3214
f 3199 3198 3247
f 3200 3199 3213
f 3120 3199 3247
f 3170 3230 3251
f 3213 3199 3143
f 3120 3143 3199
f 3121 3120 3169
f 3169 3170 3251
f 3251 3121 3169
f 3112 3252 3109
f 3253 3254 3255
f 3256 3257 3092
f 3224 3223 3258
f 3259 3255 3254
f 3227 3224 3254
f 3255 3260 3253
f 3261 3118 3257
f 3254 3224 3259
f 3252 3260 3256
f 3092 3091 3256
f 3092 3257 3118
f 3252 3091 3107
f 3253 3260 3112
f 3253 3112 3227
f 3107 3109 3252
f 3256 3091 3252
f 3224 3258 3259
f 3260 3252 3112
f 3254 3253 3227
f 3262 3263 3264
f 3265 3266 3267
f 3268 3267 3269
f 3270 3271 3272
f 3270 3266 3273
f 3274 3275 3270
f 3276 3277 3268
f 3278 3279 3265
f 3280 3281 3282
f 3283 3284 3285
f 3286 3287 3288
f 3289 3273 3290
f 3291 3292 3293
f 3272 3294 3283
f 3265 3267 3278
f 3295 3269 3267
f 3296 3297 3288
f 3288 3294 3286
f 3273 3274 3270
f 3298 3271 3299
f 3281 3280 3300
f 3292 3268 3277
f 3294 3298 3286
f 3301 3295 3266
f 3267 3268 3292
f 3290 3279 3302
f 3289 3290 3302
f 3284 3283 3294
f 3273 3289 3262
f 3292 3291 3267
f 3273 3266 3290
f 3293 3303 3304
f 3264 3273 3262
f 3293 3304 3291
f 3273 3264 3274
f 3272 3295 3301
f 3299 3270 3275
f 3272 3271 3294
f 3284 3294 3288
f 3305 3263 3262
f 3272 3266 3270
f 3297 3284 3288
f 3296 3288 3287
f 3272 3301 3266
f 3284 3297 3285
f 3272 3283 3276
f 3300 3297 3281
f 3263 3274 3264
f 3294 3271 3298
f 3266 3295 3267
f 3278 3267 3291
f 3297 3300 3285
f 3295 3272 3276
f 3276 3268 3269
f 3277 3293 3292
f 3299 3271 3270
f 3276 3269 3295
f 3290 3265 3279
f 3281 3297 3296
f 3265 3290 3266
f 3306 3307 3308
f 3309 3310 3311
f 3312 3313 3314
f 3315 3316 3317
f 3318 3319 3320
f 3321 3322 3318
f 3323 3324 3325
f 3326 3327 3328
f 3329 3330 3331
f 3332 3333 3334
f 3321 3335 3322
f 3324 3323 3336
f 3322 3337 3323
f 3338 3311 3310
f 3339 3340 3341
f 3342 3343 3344
f 3345 3346 3347
f 3348 3349 3350
f 3351 3352 3353
f 3354 3355 3356
f 3345 3342 3344
f 3341 3311 3357
f 3358 3359 3360
f 3361 3360 3362
f 3307 3363 3364
f 3365 3366 3367
f 3368 3369 3370
f 3362 3359 3371
f 3361 3362 3364
f 3372 3373 3374
f 3334 3375 3332
f 3376 3377 3366
f 3378 3316 3379
f 3380 3381 3382
f 3362 3371 3383
f 3313 3384 3314
f 3385 3386 3377
f 3387 3388 3389
f 3390 3391 3392
f 3373 3393 3394
f 3395 3396 3352
f 3397 3340 3339
f 3398 3399 3400
f 3386 3401 3402
f 3403 3404 3405
f 3367 3366 3406
f 3407 3408 3330
f 3329 3409 3330
f 3406 3366 3402
f 3406 3402 3410
f 3411 3351 3358
f 3345 3347 3412
f 3390 3392 3413
f 3414 3415 3416
f 3417 3418 3419
f 3341 3340 3309
f 3377 3386 3366
f 3420 3370 3421
f 3422 3404 3423
f 3424 3425 3407
f 3426 3427 3414
f 3408 3428 3429
f 3430 3327 3421
f 3424 3407 3409
f 3311 3341 3309
f 3342 3370 3369
f 3319 3318 3431
f 3345 3432 3346
f 3433 3347 3424
f 3432 3434 3346
f 3407 3330 3409
f 3435 3344 3436
f 3385 3377 3376
f 3379 3383 3378
f 3437 3342 3412
f 3438 3439 3422
f 3347 3425 3424
f 3307 3306 3440
f 3329 3382 3441
f 3442 3443 3444
f 3402 3445 3410
f 3446 3447 3429
f 3380 3448 3381
f 3395 3352 3351
f 3369 3343 3342
f 3317 3348 3449
f 3450 3311 3338
f 3428 3434 3451
f 3432 3345 3435
f 3452 3316 3453
f 3415 3414 3427
f 3454 3449 3350
f 3442 3327 3430
f 3455 3335 3456
f 3434 3432 3451
f 3431 3333 3457
f 3458 3459 3460
f 3364 3379 3307
f 3306 3461 3440
f 3413 3462 3447
f 3463 3464 3443
f 3465 3410 3445
f 3402 3401 3445
f 3401 3358 3466
f 3365 3367 3443
f 3442 3365 3443
f 3361 3364 3363
f 3388 3467 3468
f 3469 3470 3427
f 3323 3337 3336
f 3436 3391 3390
f 3438 3415 3439
f 3447 3446 3451
f 3308 3452 3306
f 3376 3366 3365
f 3462 3471 3384
f 3329 3472 3409
f 3473 3392 3391
f 3430 3376 3365
f 3474 3418 3375
f 3347 3433 3458
f 3312 3475 3476
f 3327 3442 3444
f 3441 3472 3329
f 3461 3340 3440
f 3477 3478 3397
f 3397 3468 3340
f 3479 3415 3427
f 3420 3421 3480
f 3467 3388 3387
f 3479 3427 3470
f 3421 3327 3481
f 3422 3439 3482
f 3331 3483 3448
f 3484 3485 3326
f 3315 3449 3454
f 3369 3486 3343
f 3368 3420 3480
f 3487 3398 3400
f 3344 3343 3436
f 3446 3429 3428
f 3314 3488 3312
f 3489 3486 3368
f 3390 3432 3435
f 3432 3413 3451
f 3390 3435 3436
f 3416 3422 3423
f 3490 3307 3440
f 3491 3492 3493
f 3463 3367 3406
f 3452 3453 3494
f 3419 3418 3474
f 3413 3471 3462
f 3358 3495 3466
f 3433 3409 3496
f 3360 3361 3363
f 3446 3428 3451
f 3489 3368 3497
f 3384 3313 3447
f 3459 3354 3356
f 3379 3308 3307
f 3421 3498 3480
f 3345 3344 3435
f 3373 3372 3393
f 3434 3425 3347
f 3499 3500 3372
f 3498 3501 3502
f 3480 3497 3368
f 3363 3389 3360
f 3450 3503 3311
f 3499 3372 3470
f 3382 3381 3504
f 3505 3421 3481
f 3413 3432 3390
f 3413 3447 3451
f 3412 3458 3437
f 3359 3385 3371
f 3470 3506 3479
f 3443 3367 3463
f 3445 3492 3465
f 3358 3351 3495
f 3394 3507 3373
f 3508 3360 3389
f 3327 3326 3481
f 3415 3509 3439
f 3510 3439 3509
f 3309 3306 3310
f 3470 3469 3499
f 3511 3509 3512
f 3505 3498 3421
f 3315 3317 3449
f 3480 3498 3502
f 3310 3450 3338
f 3389 3388 3513
f 3506 3470 3372
f 3479 3506 3509
f 3486 3436 3343
f 3514 3489 3497
f 3370 3430 3421
f 3429 3483 3408
f 3363 3490 3387
f 3312 3381 3448
f 3331 3448 3380
f 3440 3467 3490
f 3464 3515 3443
f 3348 3350 3449
f 3364 3383 3379
f 3309 3340 3461
f 3400 3323 3487
f 3355 3348 3516
f 3468 3397 3478
f 3433 3424 3409
f 3401 3492 3445
f 3466 3492 3401
f 3493 3492 3466
f 3513 3395 3389
f 3311 3503 3357
f 3500 3393 3372
f 3385 3359 3386
f 3481 3326 3485
f 3512 3506 3372
f 3412 3347 3458
f 3440 3468 3467
f 3476 3504 3381
f 3419 3474 3517
f 3506 3512 3509
f 3513 3518 3477
f 3477 3518 3519
f 3501 3498 3505
f 3308 3379 3316
f 3497 3480 3502
f 3444 3443 3515
f 3356 3460 3459
f 3431 3318 3399
f 3327 3444 3515
f 3360 3411 3358
f 3495 3351 3520
f 3392 3471 3413
f 3508 3351 3411
f 3385 3521 3355
f 3387 3389 3363
f 3375 3418 3332
f 3349 3355 3354
f 3418 3522 3457
f 3360 3508 3411
f 3396 3513 3523
f 3455 3456 3337
f 3340 3468 3440
f 3490 3363 3307
f 3521 3458 3460
f 3521 3460 3355
f 3523 3474 3375
f 3487 3524 3398
f 3485 3501 3481
f 3399 3333 3431
f 3383 3516 3317
f 3502 3525 3497
f 3501 3485 3526
f 3347 3346 3434
f 3380 3382 3329
f 3452 3310 3306
f 3497 3525 3514
f 3520 3524 3527
f 3491 3465 3492
f 3384 3528 3314
f 3378 3383 3317
f 3508 3395 3351
f 3383 3364 3362
f 3526 3485 3484
f 3453 3454 3494
f 3368 3486 3369
f 3389 3395 3508
f 3513 3388 3518
f 3518 3388 3519
f 3433 3459 3458
f 3376 3521 3385
f 3519 3468 3478
f 3457 3522 3319
f 3502 3501 3525
f 3516 3371 3385
f 3487 3325 3529
f 3501 3526 3525
f 3530 3496 3531
f 3483 3330 3408
f 3316 3315 3453
f 3493 3520 3527
f 3418 3457 3333
f 3531 3472 3441
f 3524 3487 3532
f 3466 3495 3493
f 3515 3464 3533
f 3491 3493 3527
f 3370 3437 3430
f 3313 3312 3448
f 3366 3386 3402
f 3493 3495 3520
f 3322 3455 3337
f 3526 3534 3525
f 3535 3536 3537
f 3353 3538 3520
f 3536 3534 3539
f 3370 3420 3368
f 3384 3471 3540
f 3393 3528 3540
f 3539 3484 3326
f 3398 3333 3399
f 3468 3519 3388
f 3509 3511 3510
f 3473 3394 3392
f 3370 3342 3437
f 3312 3488 3475
f 3318 3400 3399
f 3428 3408 3407
f 3483 3331 3330
f 3450 3494 3454
f 3376 3458 3521
f 3395 3513 3396
f 3524 3532 3527
f 3416 3415 3438
f 3394 3471 3392
f 3352 3396 3375
f 3428 3425 3434
f 3471 3394 3540
f 3342 3345 3412
f 3523 3513 3517
f 3407 3425 3428
f 3320 3541 3321
f 3496 3472 3531
f 3353 3334 3538
f 3523 3517 3474
f 3526 3484 3534
f 3375 3353 3352
f 3459 3530 3354
f 3332 3418 3333
f 3317 3516 3348
f 3527 3542 3491
f 3316 3378 3317
f 3528 3488 3314
f 3333 3538 3334
f 3478 3477 3519
f 3348 3355 3349
f 3532 3543 3527
f 3334 3353 3375
f 3306 3309 3461
f 3359 3358 3401
f 3520 3538 3524
f 3527 3543 3542
f 3490 3467 3387
f 3415 3479 3509
f 3418 3417 3522
f 3316 3452 3308
f 3520 3351 3353
f 3528 3393 3500
f 3384 3540 3528
f 3473 3507 3394
f 3539 3326 3544
f 3528 3500 3488
f 3350 3450 3454
f 3320 3321 3318
f 3453 3315 3454
f 3540 3394 3393
f 3538 3333 3398
f 3523 3375 3396
f 3539 3534 3484
f 3326 3328 3544
f 3537 3536 3544
f 3539 3544 3536
f 3321 3541 3335
f 3371 3516 3383
f 3538 3398 3524
f 3532 3487 3543
f 3322 3335 3455
f 3501 3505 3481
f 3529 3543 3487
f 3460 3356 3355
f 3313 3483 3429
f 3359 3401 3386
f 3362 3360 3359
f 3372 3374 3512
f 3414 3423 3426
f 3448 3483 3313
f 3404 3422 3405
f 3450 3350 3545
f 3409 3472 3496
f 3496 3530 3459
f 3431 3457 3319
f 3438 3422 3416
f 3380 3329 3331
f 3494 3310 3452
f 3376 3437 3458
f 3416 3423 3414
f 3312 3476 3381
f 3355 3516 3385
f 3437 3376 3430
f 3447 3313 3429
f 3400 3318 3323
f 3546 3529 3325
f 3503 3450 3545
f 3433 3496 3459
f 3422 3482 3405
f 3447 3462 3384
f 3494 3450 3310
f 3325 3487 3323
f 3318 3322 3323
f 3365 3442 3430
f 3547 3548 3549
f 3552 3548 3553
f 3554 3555 3548
f 3556 3557 3558
f 3557 3559 3558
f 3560 3561 3562
f 3563 3564 3565
f 3566 3562 3567
f 3567 3565 3566
f 3563 3567 3561
f 3569 3560 3562
f 3563 3565 3567
f 3557 3560 3570
f 3570 3572 3557
f 3553 3548 3564
f 3554 3548 3552
f 3553 3551 3552
f 3555 3549 3548
f 3551 3563 3550
f 3562 3566 3569
f 3568 3550 3561
f 3561 3556 3568
f 3548 3547 3564
f 3561 3567 3562
f 3557 3572 3573
f 3547 3549 3574
f 3561 3550 3563
f 3549 3555 3571
f 3560 3556 3561
f 3564 3563 3553
f 3570 3560 3569
f 3568 3556 3558
f 3563 3551 3553
f 3556 3560 3557
f 3557 3573 3559
f 3575 3576 3577
f 3578 3579 3580
f 3581 3582 3583
f 3584 3585 3586
f 3587 3588 3589
f 3589 3590 3591
f 3592 3593 3594
f 3581 3595 3596
f 3597 3598 3599
f 3600 3601 3602
f 3603 3604 3605
f 3589 3606 3597
f 3607 3608 3609
f 3610 3611 3612
f 3613 3614 3615
f 3616 3617 3618
f 3619 3611 3610
f 3620 3621 3622
f 3623 3624 3625
f 3606 3626 3598
f 3627 3628 3629
f 3591 3580 3579
f 3579 3630 3591
f 3631 3585 3632
f 3633 3626 3620
f 3601 3580 3624
f 3627 3634 3635
f 3596 3636 3582
f 3637 3617 3599
f 3584 3586 3638
f 3609 3620 3622
f 3593 3639 3608
f 3618 3617 3637
f 3639 3593 3592
f 3602 3575 3640
f 3641 3609 3608
f 3642 3643 3634
f 3641 3608 3639
f 3590 3644 3591
f 3605 3600 3645
f 3607 3646 3608
f 3575 3602 3576
f 3606 3589 3588
f 3630 3579 3619
f 3575 3631 3640
f 3632 3647 3631
f 3648 3578 3580
f 3587 3649 3650
f 3619 3651 3611
f 3652 3612 3651
f 3635 3653 3654
f 3655 3656 3657
f 3658 3659 3660
f 3632 3585 3584
f 3661 3662 3627
f 3620 3641 3633
f 3639 3633 3641
f 3615 3619 3579
f 3663 3639 3592
f 3664 3665 3666
f 3658 3577 3659
f 3577 3667 3659
f 3655 3599 3656
f 3661 3627 3635
f 3597 3668 3589
f 3635 3634 3669
f 3633 3639 3616
f 3621 3626 3606
f 3588 3587 3621
f 3604 3603 3670
f 3610 3587 3630
f 3614 3671 3652
f 3595 3581 3583
f 3613 3672 3673
f 3601 3600 3648
f 3629 3674 3675
f 3616 3676 3633
f 3665 3664 3594
f 3596 3595 3677
f 3661 3654 3638
f 3590 3589 3668
f 3602 3601 3576
f 3630 3619 3610
f 3656 3599 3617
f 3663 3678 3679
f 3625 3680 3623
f 3676 3618 3598
f 3609 3681 3607
f 3587 3610 3649
f 3682 3594 3664
f 3683 3584 3638
f 3577 3658 3631
f 3590 3668 3597
f 3684 3600 3602
f 3634 3643 3685
f 3686 3672 3578
f 3687 3675 3674
f 3671 3614 3688
f 3628 3627 3662
f 3618 3676 3616
f 3585 3658 3586
f 3684 3640 3689
f 3604 3670 3688
f 3690 3640 3647
f 3613 3688 3614
f 3686 3648 3691
f 3636 3692 3693
f 3633 3676 3626
f 3658 3585 3631
f 3636 3596 3692
f 3694 3594 3682
f 3613 3615 3672
f 3604 3691 3605
f 3576 3601 3577
f 3624 3623 3601
f 3622 3681 3609
f 3692 3596 3695
f 3635 3654 3661
f 3667 3696 3659
f 3697 3666 3665
f 3617 3616 3698
f 3699 3670 3603
f 3635 3700 3653
f 3686 3673 3672
f 3673 3691 3613
f 3654 3653 3683
f 3644 3624 3591
f 3582 3701 3702
f 3614 3651 3619
f 3679 3678 3698
f 3627 3675 3634
f 3703 3584 3683
f 3661 3638 3660
f 3600 3691 3648
f 3591 3630 3589
f 3584 3595 3583
f 3650 3621 3587
f 3685 3700 3669
f 3700 3635 3669
f 3640 3690 3689
f 3577 3601 3667
f 3704 3645 3689
f 3626 3621 3620
f 3646 3665 3608
f 3701 3689 3690
f 3697 3646 3681
f 3601 3623 3667
f 3701 3704 3689
f 3702 3690 3647
f 3649 3610 3612
f 3647 3583 3702
f 3598 3597 3606
f 3679 3616 3639
f 3575 3577 3631
f 3588 3621 3606
f 3578 3648 3686
f 3595 3584 3705
f 3660 3659 3662
f 3665 3593 3608
f 3679 3698 3616
f 3629 3675 3627
f 3621 3650 3622
f 3664 3666 3682
f 3583 3647 3632
f 3706 3653 3700
f 3683 3653 3677
f 3677 3703 3683
f 3690 3702 3701
f 3687 3643 3642
f 3703 3595 3705
f 3704 3699 3645
f 3634 3675 3642
f 3669 3634 3685
f 3680 3667 3623
f 3628 3659 3696
f 3688 3613 3604
f 3660 3662 3661
f 3624 3644 3625
f 3632 3584 3583
f 3580 3601 3648
f 3677 3653 3706
f 3700 3707 3706
f 3594 3593 3665
f 3583 3582 3702
f 3667 3680 3696
f 3677 3595 3703
f 3698 3656 3617
f 3579 3578 3672
f 3605 3691 3600
f 3587 3589 3630
f 3598 3618 3637
f 3697 3665 3646
f 3675 3687 3642
f 3677 3706 3707
f 3607 3681 3646
f 3579 3672 3615
f 3602 3640 3684
f 3683 3638 3654
f 3707 3695 3677
f 3673 3686 3691
f 3613 3691 3604
f 3600 3684 3645
f 3636 3693 3582
f 3677 3695 3596
f 3612 3611 3651
f 3584 3703 3705
f 3662 3659 3628
f 3620 3609 3641
f 3639 3663 3679
f 3638 3658 3660
f 3647 3640 3631
f 3596 3582 3581
f 3689 3645 3684
f 3626 3676 3598
f 3651 3614 3652
f 3603 3645 3699
f 3599 3598 3637
f 3605 3645 3603
f 3615 3614 3619
f 3580 3591 3624
f 3658 3638 3586
f 3708 3709 3710
f 3711 3712 3713
f 3714 3711 3715
f 3716 3717 3718
f 3719 3720 3721
f 3722 3723 3724
f 3725 3726 3727
f 3728 3729 3730
f 3731 3728 3732
f 3733 3734 3735
f 3727 3736 3737
f 3738 3739 3740
f 3741 3737 3736
f 3713 3741 3742
f 3743 3744 3745
f 3746 3708 3747
f 3724 3748 3712
f 3729 3728 3749
f 3750 3748 3723
f 3751 3752 3753
f 3754 3721 3720
f 3755 3756 3757
f 3728 3730 3732
f 3737 3750 3758
f 3759 3718 3717
f 3760 3761 3758
f 3746 3762 3763
f 3729 3764 3730
f 3765 3754 3766
f 3767 3736 3727
f 3753 3752 3768
f 3769 3750 3737
f 3769 3737 3741
f 3757 3763 3770
f 3721 3765 3761
f 3743 3771 3772
f 3769 3712 3748
f 3754 3765 3721
f 3715 3773 3774
f 3775 3776 3772
f 3745 3744 3777
f 3778 3733 3709
f 3779 3780 3781
f 3750 3769 3748
f 3782 3709 3722
f 3757 3756 3783
f 3784 3776 3775
f 3785 3777 3786
f 3787 3751 3788
f 3719 3721 3777
f 3766 3725 3765
f 3772 3756 3755
f 3713 3712 3769
f 3789 3780 3729
f 3790 3791 3792
f 3741 3713 3769
f 3779 3793 3751
f 3794 3795 3796
f 3776 3756 3772
f 3719 3777 3797
f 3761 3760 3745
f 3725 3727 3765
f 3725 3766 3726
f 3727 3758 3761
f 3756 3776 3783
f 3784 3783 3776
f 3715 3798 3714
f 3799 3732 3753
f 3744 3752 3786
f 3784 3722 3783
f 3800 3768 3743
f 3772 3800 3743
f 3777 3721 3745
f 3746 3747 3801
f 3793 3802 3752
f 3803 3773 3742
f 3778 3798 3804
f 3800 3755 3805
f 3763 3757 3708
f 3797 3777 3785
f 3806 3807 3808
f 3772 3755 3800
f 3727 3726 3767
f 3799 3753 3768
f 3735 3809 3810
f 3728 3811 3749
f 3724 3782 3722
f 3788 3730 3764
f 3808 3807 3749
f 3726 3812 3767
f 3749 3811 3801
f 3786 3777 3744
f 3741 3736 3813
f 3814 3799 3805
f 3799 3800 3805
f 3771 3745 3760
f 3764 3787 3788
f 3800 3799 3768
f 3717 3815 3812
f 3787 3780 3779
f 3778 3709 3782
f 3755 3770 3805
f 3761 3745 3721
f 3781 3816 3802
f 3783 3722 3708
f 3755 3757 3770
f 3742 3773 3715
f 3716 3815 3717
f 3746 3811 3762
f 3743 3745 3771
f 3801 3811 3746
f 3712 3782 3724
f 3768 3744 3743
f 3715 3774 3798
f 3711 3713 3742
f 3806 3808 3817
f 3714 3782 3712
f 3818 3809 3735
f 3731 3799 3814
f 3759 3717 3812
f 3772 3771 3758
f 3775 3722 3784
f 3775 3772 3750
f 3734 3733 3778
f 3781 3780 3819
f 3820 3821 3822
f 3813 3823 3824
f 3825 3826 3827
f 3727 3761 3765
f 3822 3828 3829
f 3830 3774 3773
f 3763 3708 3746
f 3779 3751 3787
f 3824 3822 3831
f 3778 3782 3798
f 3762 3811 3731
f 3832 3833 3834
f 3710 3709 3733
f 3741 3813 3803
f 3813 3736 3767
f 3813 3824 3803
f 3835 3830 3824
f 3782 3714 3798
f 3836 3837 3832
f 3838 3740 3839
f 3840 3841 3842
f 3829 3828 3843
f 3716 3844 3821
f 3845 3822 3829
f 3828 3846 3847
f 3828 3821 3846
f 3848 3849 3739
f 3850 3851 3852
f 3812 3815 3820
f 3833 3734 3804
f 3810 3710 3735
f 3846 3821 3844
f 3845 3831 3822
f 3813 3820 3823
f 3729 3787 3764
f 3758 3727 3737
f 3853 3854 3827
f 3855 3856 3791
f 3836 3834 3852
f 3708 3757 3783
f 3822 3824 3823
f 3857 3847 3856
f 3858 3839 3851
f 3715 3711 3742
f 3840 3842 3855
f 3844 3791 3856
f 3774 3804 3798
f 3708 3722 3709
f 3849 3837 3836
f 3845 3857 3831
f 3845 3829 3843
f 3731 3814 3762
f 3710 3733 3735
f 3762 3770 3763
f 3807 3806 3789
f 3844 3716 3859
f 3723 3748 3724
f 3781 3802 3793
f 3830 3803 3824
f 3821 3820 3815
f 3827 3844 3853
f 3849 3848 3837
f 3791 3844 3827
f 3730 3788 3732
f 3852 3839 3836
f 3775 3723 3722
f 3796 3860 3859
f 3842 3857 3855
f 3850 3834 3861
f 3791 3826 3792
f 3830 3831 3862
f 3842 3862 3831
f 3857 3856 3855
f 3863 3790 3864
f 3860 3853 3859
f 3792 3861 3790
f 3790 3834 3864
f 3752 3744 3768
f 3821 3815 3716
f 3853 3844 3859
f 3723 3775 3750
f 3803 3742 3741
f 3840 3855 3864
f 3855 3790 3863
f 3830 3835 3831
f 3732 3788 3753
f 3824 3831 3835
f 3826 3865 3866
f 3787 3729 3780
f 3774 3862 3841
f 3837 3848 3818
f 3814 3805 3770
f 3734 3833 3832
f 3851 3839 3852
f 3867 3734 3832
f 3820 3822 3823
f 3714 3712 3711
f 3791 3827 3826
f 3791 3790 3855
f 3804 3841 3833
f 3826 3850 3792
f 3716 3718 3794
f 3847 3846 3844
f 3826 3825 3865
f 3751 3753 3788
f 3813 3812 3820
f 3731 3732 3799
f 3801 3817 3808
f 3816 3781 3819
f 3803 3830 3773
f 3830 3862 3774
f 3767 3812 3813
f 3839 3858 3838
f 3834 3790 3861
f 3740 3739 3849
f 3850 3826 3866
f 3792 3850 3861
f 3750 3772 3758
f 3849 3839 3740
f 3836 3839 3849
f 3840 3833 3841
f 3864 3855 3863
f 3774 3841 3804
f 3731 3811 3728
f 3857 3842 3831
f 3749 3801 3808
f 3854 3853 3860
f 3794 3718 3795
f 3770 3762 3814
f 3779 3781 3793
f 3751 3793 3752
f 3778 3804 3734
f 3834 3836 3832
f 3834 3833 3864
f 3780 3789 3819
f 3840 3864 3833
f 3843 3857 3845
f 3801 3747 3817
f 3843 3847 3857
f 3859 3716 3794
f 3832 3837 3867
f 3841 3862 3842
f 3847 3844 3856
f 3834 3850 3852
f 3828 3822 3821
f 3847 3843 3828
f 3825 3827 3854
f 3807 3729 3749
f 3789 3729 3807
f 3867 3837 3735
f 3735 3837 3818
f 3859 3794 3796
f 3735 3734 3867
f 3760 3758 3771
f 3868 3869 3870
f 3869 3871 3872
f 3873 3874 3875
f 3876 3877 3878
f 3879 3880 3881
f 3877 3882 3868
f 3871 3883 3884
f 3885 3886 3887
f 3888 3889 3890
f 3891 3881 3892
f 3891 3892 3893
f 3885 3894 3895
f 3896 3897 3898
f 3892 3899 3893
f 3870 3900 3888
f 3901 3902 3903
f 3904 3876 3905
f 3906 3907 3908
f 3882 3909 3868
f 3890 3878 3910
f 3911 3912 3913
f 3914 3902 3915
f 3916 3917 3879
f 3899 3918 3919
f 3911 3920 3921
f 3922 3923 3924
f 3925 3876 3904
f 3889 3900 3926
f 3927 3883 3928
f 3871 3929 3883
f 3930 3882 3931
f 3888 3910 3868
f 3918 3927 3932
f 3933 3927 3928
f 3902 3889 3903
f 3902 3914 3934
f 3880 3879 3887
f 3896 3870 3872
f 3870 3898 3926
f 3919 3893 3899
f 3931 3882 3877
f 3908 3935 3936
f 3937 3938 3939
f 3875 3940 3941
f 3903 3942 3886
f 3943 3905 3878
f 3944 3945 3946
f 3928 3883 3947
f 3898 3897 3948
f 3949 3950 3930
f 3951 3869 3909
f 3922 3945 3944
f 3924 3913 3912
f 3933 3928 3952
f 3953 3909 3882
f 3886 3954 3903
f 3892 3955 3899
f 3868 3910 3877
f 3946 3875 3944
f 3930 3931 3920
f 3915 3956 3957
f 3904 3875 3874
f 3923 3944 3958
f 3940 3904 3905
f 3922 3959 3945
f 3872 3870 3869
f 3872 3960 3896
f 3941 3905 3943
f 3941 3944 3875
f 3875 3946 3873
f 3871 3869 3929
f 3879 3881 3916
f 3889 3942 3903
f 3900 3889 3888
f 3942 3948 3886
f 3960 3892 3896
f 3874 3920 3925
f 3898 3870 3896
f 3961 3962 3941
f 3874 3921 3920
f 3870 3888 3868
f 3942 3889 3926
f 3933 3963 3932
f 3964 3950 3949
f 3965 3901 3966
f 3945 3873 3946
f 3899 3927 3918
f 3881 3880 3896
f 3910 3888 3890
f 3884 3892 3960
f 3917 3894 3887
f 3967 3934 3961
f 3906 3936 3930
f 3906 3950 3968
f 3969 3970 3964
f 3954 3901 3903
f 3923 3922 3944
f 3949 3911 3964
f 3917 3887 3879
f 3948 3887 3886
f 3969 3911 3913
f 3880 3897 3896
f 3907 3906 3971
f 3901 3954 3966
f 3972 3928 3947
f 3878 3890 3973
f 3959 3922 3912
f 3963 3974 3918
f 3938 3951 3909
f 3938 3937 3951
f 3896 3892 3881
f 3953 3975 3976
f 3901 3965 3957
f 3949 3920 3911
f 3913 3970 3969
f 3943 3961 3941
f 3930 3920 3949
f 3869 3951 3929
f 3931 3877 3925
f 3930 3950 3906
f 3909 3953 3938
f 3933 3977 3963
f 3948 3897 3880
f 3886 3885 3954
f 3969 3964 3911
f 3884 3883 3927
f 3920 3931 3925
f 3978 3929 3951
f 3871 3884 3960
f 3956 3915 3902
f 3975 3939 3938
f 3898 3948 3926
f 3979 3952 3972
f 3894 3917 3916
f 3978 3947 3883
f 3873 3945 3959
f 3912 3922 3924
f 3910 3878 3877
f 3948 3942 3926
f 3953 3935 3975
f 3918 3932 3963
f 3927 3899 3955
f 3952 3977 3933
f 3874 3925 3904
f 3961 3943 3967
f 3904 3940 3875
f 3890 3889 3934
f 3961 3914 3915
f 3887 3948 3880
f 3947 3978 3951
f 3974 3980 3918
f 3937 3972 3947
f 3915 3962 3961
f 3869 3868 3909
f 3941 3940 3905
f 3976 3975 3938
f 3894 3916 3895
f 3973 3890 3934
f 3935 3882 3930
f 3968 3950 3964
f 3878 3905 3876
f 3955 3892 3884
f 3912 3921 3959
f 3878 3967 3943
f 3882 3935 3953
f 3968 3971 3906
f 3961 3934 3914
f 3972 3952 3928
f 3944 3941 3962
f 3871 3960 3872
f 3978 3883 3929
f 3973 3967 3878
f 3970 3913 3924
f 3954 3885 3966
f 3936 3906 3908
f 3877 3876 3925
f 3972 3937 3979
f 3884 3927 3955
f 3930 3936 3935
f 3959 3921 3874
f 3934 3889 3902
f 3953 3976 3938
f 3921 3912 3911
f 3918 3980 3919
f 3933 3932 3927
f 3901 3957 3956
f 3967 3973 3934
f 3902 3901 3956
f 3874 3873 3959
f 3887 3894 3885
f 3926 3900 3870
f 3937 3947 3951
f 3981 3982 3983
f 3984 3985 3986
f 3987 3988 3989
f 3990 3991 3992
f 3995 3996 3997
f 3998 3999 4000
f 4001 4002 4003
f 3996 3995 4004
f 4005 4006 4007
f 4008 4009 4010
f 4011 4012 4013
f 4014 4015 4016
f 4017 4018 4019
f 3985 4020 4021
f 4022 4023 4024
f 4025 4026 4027
f 4026 4028 4027
f 4009 4008 4029
f 4030 4026 4023
f 4012 4031 4032
f 4033 4034 4035
f 4036 4037 4038
f 3982 4039 4040
f 3991 4041 4042
f 4043 4044 4045
f 4046 4047 4048
f 4049 4050 4051
f 4011 4052 4029
f 4016 4053 4054
f 4055 4050 4056
f 4057 4058 4059
f 3986 3990 4054
f 4043 4060 4061
f 4062 4046 4063
f 4064 4049 4051
f 4065 4029 4066
f 4007 4006 4067
f 4028 4068 4069
f 4070 4063 4071
f 4014 3987 4072
f 4073 4074 4075
f 4076 4077 4057
f 4078 4017 4019
f 4058 4079 4080
f 4070 4057 4063
f 4005 4081 4015
f 4024 4004 3995
f 4082 4020 4019
f 4061 4083 4084
f 4060 4022 4024
f 3985 3990 3986
f 4085 4086 4078
f 4087 4041 4033
f 4088 4012 4089
f 4017 4090 4003
f 4014 3992 4091
f 4074 4001 4075
f 4007 4092 4005
f 4052 4011 4013
f 4013 4012 4032
f 4093 4094 4095
f 3987 4035 4096
f 4075 4097 4073
f 4094 4089 4098
f 4083 4061 4024
f 4090 4069 4003
f 4078 4090 4017
f 4099 4096 4036
f 4029 4052 4009
f 4003 4068 4001
f 4014 4016 3992
f 4000 4026 4025
f 4025 4085 4000
f 4037 4088 4100
f 4031 4088 4101
f 4012 4098 4089
f 4031 4102 4032
f 4061 4060 4024
f 4004 4023 3999
f 4013 4103 4009
f 4079 4058 4104
f 4079 4081 4080
f 4008 4010 4018
f 4094 4093 4037
f 4028 4030 4105
f 4106 4107 4045
f 4098 4012 4011
f 4020 4082 4103
f 3999 4026 4000
f 3983 4040 4108
f 4045 4107 4073
f 4021 4020 4103
f 4014 4005 4015
f 4045 4097 4043
f 3986 4109 4110
f 3989 4006 4111
f 4069 4068 4003
f 4037 4035 4034
f 4078 4019 4020
f 4103 4102 4021
f 4056 3982 4055
f 4080 4081 4092
f 4020 4085 4078
f 4107 4112 4113
f 4110 4109 4039
f 3981 3983 4114
f 4115 4029 4065
f 4067 4116 4092
f 4056 3997 3996
f 4105 4030 4097
f 4110 4117 3999
f 4117 4039 3996
f 4020 3984 4085
f 4056 3996 3982
f 4028 4105 4075
f 4023 4026 3999
f 4079 4104 4108
f 4013 4009 4052
f 4115 4118 4011
f 4030 4022 4097
f 4039 3982 3996
f 4098 4119 4094
f 4040 4053 4108
f 4030 4023 4022
f 4065 4120 4115
f 4081 4005 4092
f 4004 4117 3996
f 3994 4121 3993
f 4122 4123 4124
f 4034 4033 4041
f 3991 3985 4041
f 4014 4111 4005
f 4125 4055 4126
f 4015 4079 4016
f 3995 4083 4024
f 4107 4123 4073
f 4106 4112 4107
f 4113 4124 4107
f 4127 4041 3985
f 4050 4049 4056
f 4086 4069 4090
f 3987 4096 3988
f 4029 4008 4066
f 3998 4085 3984
f 3999 4117 4004
f 4111 4006 4005
f 4093 4038 4037
f 4108 4104 4129
f 4122 4001 4074
f 3992 4054 3990
f 4042 4087 4091
f 4009 4082 4019
f 4074 4073 4123
f 4091 4087 4033
f 4071 4063 4046
f 4116 4067 4128
f 4057 4077 4104
f 4094 4037 4100
f 4130 4018 4017
f 4131 4118 4115
f 3983 3982 4040
f 4055 4125 4050
f 4087 4042 4041
f 4034 4101 4088
f 4045 4073 4097
f 4074 4123 4122
f 3997 4083 3995
f 4108 4053 4079
f 4050 4125 4051
f 4092 4059 4080
f 4016 4054 3992
f 4001 4122 4002
f 4120 4131 4115
f 4084 4083 4064
f 4057 4059 4063
f 4117 4110 4039
f 4130 4017 4003
f 4114 3983 4129
f 4000 4085 3998
f 4102 4101 4021
f 4076 4057 4070
f 4116 4121 4059
f 4095 4094 4119
f 4081 4079 4015
f 4042 3992 3991
f 4032 4102 4103
f 4111 4014 4072
f 4040 4109 4053
f 4100 4088 4089
f 4036 4038 4099
f 4009 4103 4082
f 4059 4092 4116
f 4111 4072 3989
f 4059 4058 4080
f 4021 4101 4127
f 4121 3994 4062
f 3987 3989 4072
f 3998 3984 3986
f 4097 4022 4043
f 3990 3985 3991
f 4025 4086 4085
f 4039 4109 4040
f 4031 4101 4102
f 4115 4011 4029
f 4106 4045 4044
f 3993 4116 4128
f 4042 4091 3992
f 4121 4063 4059
f 4116 3993 4121
f 4118 4098 4011
f 4037 4034 4088
f 4086 4025 4069
f 3998 4110 3999
f 4044 4043 4061
f 4060 4043 4022
f 4107 4124 4123
f 4028 4026 4030
f 4047 4062 3994
f 4127 4034 4041
f 4036 4096 4035
f 4067 4092 4007
f 4057 4104 4058
f 4127 3985 4021
f 4047 4046 4062
f 4112 4132 4113
f 4088 4031 4012
f 4010 4009 4019
f 4013 4032 4103
f 4056 4083 3997
f 4053 3986 4054
f 4024 4023 4004
f 4118 4119 4098
f 3985 3984 4020
f 4078 4086 4090
f 4068 4028 4001
f 4019 4018 4010
f 4083 4056 4049
f 4014 4091 3987
f 4036 4035 4037
f 4110 3998 3986
f 4069 4027 4028
f 4035 3987 4033
f 3986 4053 4109
f 4108 4129 3983
f 4028 4075 4001
f 4079 4053 4016
f 4089 4094 4100
f 3982 3981 4126
f 4127 4101 4034
f 4033 3987 4091
f 3982 4126 4055
f 4025 4027 4069
f 4075 4105 4097
f 4049 4064 4083
f 4121 4062 4063
f 4133 4134 4135
f 4136 4137 4138
f 4134 4137 4135
f 4139 4134 4133
f 4140 4133 4135
f 4134 4139 4137
f 4135 4137 4136
f 4141 4142 4143
f 4144 4145 4146
f 4141 4147 4148
f 4149 4150 4151
f 4152 4153 4145
f 4154 4155 4156
f 4157 4158 4159
f 4153 4152 4160
f 4161 4162 4163
f 4164 4165 4166
f 4167 4168 4169
f 4170 4171 4162
f 4142 4172 4143
f 4173 4158 4174
f 4143 4172 4175
f 4164 4166 4176
f 4162 4177 4157
f 4178 4179 4180
f 4181 4179 4182
f 4183 4170 4162
f 4159 4163 4157
f 4182 4179 4178
f 4156 4176 4184
f 4155 4168 4167
f 4185 4186 4178
f 4187 4188 4189
f 4155 4154 4190
f 4153 4191 4192
f 4188 4139 4193
f 4192 4151 4150
f 4194 4146 4195
f 4196 4177 4190
f 4175 4195 4146
f 4197 4196 4198
f 4181 4197 4191
f 4180 4179 4199
f 4200 4174 4201
f 4178 4157 4182
f 4202 4147 4151
f 4171 4168 4155
f 4196 4181 4182
f 4185 4180 4199
f 4150 4153 4192
f 4148 4203 4204
f 4186 4158 4157
f 4188 4187 4205
f 4169 4155 4167
f 4179 4181 4160
f 4173 4159 4158
f 4206 4141 4207
f 4157 4178 4186
f 4143 4149 4151
f 4208 4135 4136
f 4191 4197 4192
f 4202 4184 4166
f 4154 4184 4209
f 4161 4210 4183
f 4203 4148 4147
f 4158 4186 4185
f 4211 4212 4213
f 4139 4188 4214
f 4205 4214 4188
f 4209 4190 4154
f 4184 4202 4209
f 4211 4204 4212
f 4147 4143 4151
f 4168 4171 4170
f 4212 4140 4213
f 4202 4192 4209
f 4187 4215 4205
f 4171 4177 4162
f 4216 4210 4163
f 4133 4140 4193
f 4213 4141 4211
f 4165 4203 4147
f 4185 4174 4158
f 4162 4161 4183
f 4133 4193 4139
f 4189 4204 4187
f 4192 4198 4209
f 4181 4196 4197
f 4217 4193 4140
f 4140 4212 4217
f 4198 4192 4197
f 4141 4206 4142
f 4141 4213 4207
f 4198 4190 4209
f 4218 4201 4174
f 4189 4217 4204
f 4176 4205 4164
f 4193 4217 4189
f 4212 4204 4217
f 4177 4182 4157
f 4175 4149 4143
f 4160 4181 4191
f 4202 4151 4192
f 4204 4211 4148
f 4165 4187 4203
f 4144 4152 4145
f 4173 4174 4200
f 4149 4175 4146
f 4180 4185 4178
f 4148 4211 4141
f 4149 4146 4145
f 4176 4166 4184
f 4156 4155 4169
f 4160 4191 4153
f 4145 4153 4149
f 4153 4150 4149
f 4143 4147 4141
f 4187 4165 4215
f 4140 4135 4208
f 4215 4164 4205
f 4177 4171 4155
f 4184 4154 4156
f 4215 4165 4164
f 4193 4189 4188
f 4182 4177 4196
f 4185 4218 4174
f 4190 4198 4196
f 4218 4185 4199
f 4157 4163 4162
f 4156 4219 4176
f 4163 4159 4216
f 4190 4177 4155
f 4203 4187 4204
f 4169 4219 4156
f 4161 4163 4210
f 4147 4202 4166
f 4147 4166 4165
f 4220 4221 4222
f 4223 4224 4225
f 4222 4226 4227
f 4228 4229 4230
f 4231 4232 4233
f 4234 4235 4236
f 4237 4238 4224
f 4239 4240 4241
f 4224 4223 4242
f 4243 4244 4245
f 4246 4247 4248
f 4221 4238 4249
f 4250 4251 4252
f 4253 4254 4255
f 4256 4257 4258
f 4259 4225 4224
f 4245 4260 4226
f 4261 4262 4256
f 4263 4255 4225
f 4264 4257 4262
f 4265 4266 4267
f 4268 4269 4270
f 4262 4257 4256
f 4224 4242 4237
f 4259 4238 4220
f 4233 4271 4231
f 4259 4272 4225
f 4270 4242 4273
f 4273 4223 4274
f 4264 4275 4276
f 4272 4259 4227
f 4277 4278 4251
f 4279 4236 4280
f 4236 4231 4281
f 4282 4283 4284
f 4265 4279 4280
f 4276 4275 4285
f 4286 4268 4287
f 4226 4243 4245
f 4269 4288 4283
f 4289 4288 4290
f 4259 4220 4227
f 4250 4291 4277
f 4252 4292 4235
f 4271 4293 4229
f 4223 4225 4255
f 4294 4285 4275
f 4283 4288 4284
f 4245 4244 4295
f 4257 4264 4296
f 4297 4276 4285
f 4283 4291 4269
f 4298 4284 4299
f 4254 4240 4255
f 4285 4221 4249
f 4286 4300 4246
f 4228 4281 4271
f 4251 4301 4252
f 4239 4273 4274
f 4249 4265 4267
f 4250 4277 4251
f 4281 4266 4280
f 4232 4235 4292
f 4221 4285 4222
f 4222 4294 4226
f 4266 4228 4230
f 4260 4295 4263
f 4273 4241 4268
f 4302 4237 4270
f 4303 4296 4264
f 4226 4260 4272
f 4231 4236 4232
f 4238 4265 4249
f 4232 4236 4235
f 4261 4243 4226
f 4227 4226 4272
f 4252 4235 4234
f 4255 4274 4223
f 4291 4270 4269
f 4278 4277 4304
f 4271 4233 4293
f 4267 4305 4249
f 4296 4258 4257
f 4264 4276 4303
f 4301 4292 4252
f 4241 4287 4268
f 4278 4304 4306
f 4275 4262 4261
f 4295 4260 4245
f 4301 4251 4307
f 4270 4291 4302
f 4260 4263 4272
f 4238 4259 4224
f 4262 4275 4264
f 4237 4308 4238
f 4241 4240 4287
f 4308 4236 4279
f 4288 4269 4248
f 4302 4252 4234
f 4294 4275 4261
f 4227 4220 4222
f 4308 4237 4234
f 4268 4270 4273
f 4309 4277 4291
f 4226 4294 4261
f 4300 4286 4287
f 4234 4236 4308
f 4266 4265 4280
f 4274 4255 4239
f 4228 4266 4281
f 4304 4309 4306
f 4294 4222 4285
f 4251 4278 4307
f 4302 4234 4237
f 4295 4255 4263
f 4282 4284 4298
f 4256 4310 4261
f 4242 4270 4237
f 4248 4269 4286
f 4261 4310 4243
f 4268 4286 4269
f 4309 4291 4283
f 4255 4295 4253
f 4304 4277 4309
f 4225 4272 4263
f 4288 4248 4290
f 4291 4250 4302
f 4306 4309 4283
f 4271 4281 4231
f 4302 4250 4252
f 4265 4238 4279
f 4249 4305 4297
f 4271 4229 4228
f 4236 4281 4280
f 4246 4248 4286
f 4297 4285 4249
f 4288 4289 4284
f 4223 4273 4242
f 4283 4282 4306
f 4238 4221 4220
f 4273 4239 4241
f 4290 4248 4247
f 4238 4308 4279
f 4299 4284 4289
f 4239 4255 4240
f 4311 4312 4313
f 4314 4315 4316
f 4311 4317 4312
f 4318 4314 4319
f 4320 4312 4321
f 4322 4323 4324
f 4317 4325 4326
f 4327 4328 4329
f 4326 4312 4317
f 4325 4330 4331
f 4332 4333 4334
f 4327 4335 4336
f 4315 4314 4337
f 4328 4327 4338
f 4339 4336 4340
f 4341 4315 4321
f 4321 4326 4341
f 4342 4343 4344
f 4345 4346 4347
f 4348 4318 4349
f 4320 4313 4312
f 4325 4341 4326
f 4350 4348 4349
f 4351 4335 4352
f 4328 4353 4354
f 4355 4320 4337
f 4332 4334 4356
f 4337 4314 4318
f 4357 4358 4359
f 4360 4351 4361
f 4343 4334 4362
f 4356 4363 4332
f 4360 4364 4365
f 4343 4361 4344
f 4366 4330 4325
f 4325 4367 4366
f 4368 4354 4353
f 4340 4335 4360
f 4361 4369 4370
f 4367 4363 4322
f 4332 4367 4317
f 4362 4334 4333
f 4315 4337 4321
f 4371 4372 4373
f 4374 4365 4311
f 4375 4322 4376
f 4376 4363 4377
f 4377 4371 4376
f 4334 4343 4342
f 4363 4356 4377
f 4378 4359 4358
f 4336 4335 4340
f 4311 4365 4362
f 4371 4346 4379
f 4364 4343 4365
f 4380 4381 4382
f 4373 4376 4371
f 4346 4371 4377
f 4325 4331 4341
f 4338 4348 4350
f 4379 4345 4383
f 4377 4384 4385
f 4350 4386 4338
f 4387 4388 4380
f 4385 4346 4377
f 4353 4328 4386
f 4375 4376 4373
f 4336 4339 4355
f 4325 4317 4367
f 4324 4366 4367
f 4338 4327 4336
f 4383 4345 4389
f 4368 4353 4390
f 4358 4357 4382
f 4388 4391 4381
f 4374 4339 4340
f 4344 4392 4393
f 4313 4320 4339
f 4394 4384 4393
f 4395 4383 4389
f 4342 4356 4334
f 4362 4365 4343
f 4384 4394 4385
f 4396 4397 4391
f 4364 4360 4361
f 4328 4354 4329
f 4349 4318 4319
f 4344 4370 4392
f 4391 4383 4395
f 4398 4399 4372
f 4339 4320 4355
f 4381 4358 4382
f 4395 4389 4391
f 4384 4342 4393
f 4321 4337 4320
f 4369 4361 4351
f 4400 4401 4402
f 4402 4388 4387
f 4393 4342 4344
f 4385 4347 4346
f 4401 4400 4399
f 4378 4403 4404
f 4401 4398 4379
f 4399 4398 4401
f 4351 4360 4335
f 4359 4378 4404
f 4383 4401 4379
f 4377 4356 4384
f 4326 4321 4312
f 4367 4332 4363
f 4374 4340 4365
f 4381 4380 4388
f 4398 4372 4371
f 4405 4357 4359
f 4336 4355 4348
f 4402 4401 4383
f 4324 4367 4322
f 4352 4369 4351
f 4375 4323 4322
f 4383 4388 4402
f 4397 4378 4358
f 4364 4361 4343
f 4361 4370 4344
f 4311 4313 4339
f 4317 4311 4333
f 4406 4357 4405
f 4404 4405 4359
f 4316 4341 4331
f 4315 4341 4316
f 4362 4333 4311
f 4352 4335 4327
f 4397 4396 4378
f 4314 4316 4319
f 4384 4356 4342
f 4365 4340 4360
f 4355 4318 4348
f 4391 4388 4383
f 4338 4336 4348
f 4374 4311 4339
f 4379 4398 4371
f 4379 4346 4345
f 4403 4378 4396
f 4338 4386 4328
f 4376 4322 4363
f 4381 4391 4397
f 4397 4358 4381
f 4355 4337 4318
f 4317 4333 4332
f 4407 4408 4409
f 4410 4411 4412
f 4413 4414 4410
f 4415 4416 4417
f 4412 4418 4413
f 4419 4420 4421
f 4422 4423 4424
f 4425 4426 4427
f 4428 4416 4429
f 4430 4431 4432
f 4433 4434 4435
f 4436 4437 4416
f 4438 4410 4439
f 4440 4437 4441
f 4442 4443 4444
f 4420 4438 4445
f 4440 4446 4429
f 4419 4447 4420
f 4436 4448 4449
f 4450 4449 4447
f 4415 4434 4451
f 4443 4442 4452
f 4449 4453 4454
f 4434 4417 4455
f 4456 4441 4437
f 4414 4407 4409
f 4457 4458 4430
f 4459 4460 4461
f 4449 4448 4462
f 4463 4464 4422
f 4462 4465 4449
f 4428 4466 4467
f 4468 4451 4469
f 4464 4463 4467
f 4453 4449 4465
f 4460 4470 4471
f 4438 4411 4410
f 4453 4465 4411
f 4462 4448 4415
f 4467 4463 4428
f 4425 4467 4472
f 4451 4468 4415
f 4464 4467 4425
f 4421 4459 4419
f 4413 4410 4412
f 4473 4458 4459
f 4409 4439 4414
f 4474 4439 4475
f 4434 4433 4451
f 4407 4414 4413
f 4411 4469 4412
f 4415 4417 4434
f 4475 4409 4476
f 4468 4462 4415
f 4465 4468 4469
f 4429 4437 4440
f 4458 4442 4444
f 4477 4478 4479
f 4407 4413 4480
f 4425 4481 4423
f 4416 4463 4417
f 4433 4418 4451
f 4439 4445 4438
f 4409 4408 4482
f 4425 4483 4481
f 4421 4484 4470
f 4422 4417 4463
f 4485 4434 4486
f 4486 4455 4487
f 4488 4489 4424
f 4472 4490 4425
f 4491 4476 4482
f 4492 4493 4480
f 4424 4481 4488
f 4481 4483 4488
f 4428 4429 4446
f 4412 4451 4418
f 4494 4480 4495
f 4480 4494 4492
f 4464 4425 4423
f 4448 4436 4415
f 4422 4489 4417
f 4496 4446 4440
f 4452 4458 4473
f 4461 4473 4459
f 4441 4450 4432
f 4459 4470 4460
f 4455 4486 4434
f 4488 4483 4497
f 4478 4493 4492
f 4419 4459 4458
f 4464 4423 4422
f 4458 4452 4442
f 4498 4487 4489
f 4430 4458 4444
f 4416 4437 4429
f 4484 4421 4474
f 4466 4428 4446
f 4441 4432 4431
f 4449 4450 4436
f 4462 4468 4465
f 4470 4459 4421
f 4437 4436 4456
f 4497 4499 4488
f 4420 4411 4438
f 4407 4493 4408
f 4420 4453 4411
f 4499 4498 4488
f 4420 4454 4453
f 4487 4455 4417
f 4469 4411 4465
f 4430 4432 4457
f 4454 4420 4447
f 4457 4447 4419
f 4482 4476 4409
f 4426 4425 4490
f 4471 4470 4484
f 4493 4407 4480
f 4481 4424 4423
f 4447 4457 4432
f 4421 4445 4474
f 4458 4457 4419
f 4428 4463 4416
f 4447 4449 4454
f 4493 4478 4491
f 4456 4436 4450
f 4493 4491 4408
f 4418 4495 4413
f 4497 4483 4427
f 4471 4475 4476
f 4480 4413 4495
f 4451 4412 4469
f 4414 4439 4410
f 4487 4417 4489
f 4474 4475 4484
f 4492 4479 4478
f 4409 4475 4439
f 4475 4471 4484
f 4450 4447 4432
f 4435 4434 4485
f 4489 4488 4498
f 4472 4467 4466
f 4482 4408 4491
f 4474 4445 4439
f 4422 4424 4489
f 4425 4427 4483
f 4445 4421 4420
f 4450 4441 4456
f 4478 4477 4491
f 4416 4415 4436
f 4500 4477 4479
f 4501 4460 4471
f 4502 4503 4504
f 4505 4452 4503
f 4479 4506 4500
f 4476 4491 4507
f 4452 4505 4443
f 4503 4502 4505
f 4507 4491 4477
f 4507 4508 4476
f 4503 4473 4504
f 4452 4473 4503
f 4461 4504 4473
f 4501 4471 4508
f 4509 4507 4477
f 4509 4477 4500
f 4506 4510 4500
f 4501 4461 4460
f 4504 4461 4501
f 4476 4508 4471
f 4511 4512 4513
f 4514 4515 4516
f 4517 4518 4519
f 4515 4514 4520
f 4518 4515 4511
f 4522 4523 4524
f 4517 4524 4515
f 4518 4513 4519
f 4521 4522 4524
f 4520 4516 4525
f 4516 4524 4526
f 4527 4513 4512
f 4528 4522 4521
f 4516 4515 4524
f 4524 4517 4521
f 4524 4523 4526
f 4529 4530 4531
f 4532 4533 4534
f 4535 4536 4537
f 4538 4539 4540
f 4541 4542 4543
f 4544 4545 4546
f 4547 4548 4549
f 4540 4550 4551
f 4552 4542 4553
f 4554 4555 4551
f 4556 4557 4558
f 4559 4560 4561
f 4555 4535 4562
f 4545 4563 4558
f 4564 4559 4561
f 4565 4566 4567
f 4568 4539 4538
f 4543 4560 4541
f 4569 4542 4552
f 4555 4562 4568
f 4570 4571 4572
f 4573 4574 4575
f 4576 4547 4573
f 4577 4539 4526
f 4540 4577 4565
f 4526 4578 4516
f 4557 4546 4558
f 4579 4580 4581
f 4525 4570 4572
f 4562 4535 4537
f 4540 4539 4577
f 4568 4538 4555
f 4541 4559 4564
f 4578 4562 4537
f 4582 4568 4562
f 4529 4583 4527
f 4543 4542 4569
f 4584 4574 4585
f 4567 4550 4540
f 4586 4587 4564
f 4588 4554 4589
f 4590 4591 4592
f 4529 4593 4583
f 4541 4564 4587
f 4587 4586 4532
f 4542 4541 4587
f 4560 4559 4541
f 4533 4532 4586
f 4532 4553 4587
f 4534 4533 4590
f 4553 4532 4549
f 4553 4542 4587
f 4534 4594 4532
f 4583 4593 4595
f 4596 4534 4590
f 4597 4554 4590
f 4548 4553 4549
f 4594 4549 4532
f 4589 4554 4597
f 4592 4596 4590
f 4596 4594 4534
f 4591 4590 4554
f 4553 4548 4552
f 4585 4596 4592
f 4529 4527 4598
f 4529 4598 4530
f 4594 4599 4549
f 4600 4592 4591
f 4592 4584 4585
f 4599 4594 4596
f 4549 4599 4547
f 4601 4535 4588
f 4584 4592 4600
f 4573 4599 4596
f 4596 4585 4573
f 4554 4551 4591
f 4551 4600 4591
f 4548 4547 4602
f 4599 4573 4547
f 4589 4601 4588
f 4601 4603 4535
f 4603 4604 4536
f 4600 4605 4584
f 4584 4575 4574
f 4585 4574 4573
f 4605 4600 4551
f 4602 4547 4576
f 4555 4554 4588
f 4536 4535 4603
f 4570 4536 4604
f 4575 4584 4605
f 4551 4555 4538
f 4606 4573 4575
f 4606 4576 4573
f 4588 4535 4555
f 4537 4536 4570
f 4604 4571 4570
f 4605 4550 4575
f 4551 4550 4605
f 4602 4576 4544
f 4606 4563 4576
f 4525 4537 4570
f 4550 4579 4575
f 4575 4581 4606
f 4581 4580 4606
f 4544 4546 4607
f 4557 4607 4546
f 4545 4544 4576
f 4563 4545 4576
f 4563 4606 4580
f 4516 4537 4525
f 4579 4550 4567
f 4579 4581 4575
f 4539 4568 4582
f 4538 4540 4551
f 4580 4556 4563
f 4578 4537 4516
f 4578 4582 4562
f 4580 4579 4567
f 4539 4582 4578
f 4567 4540 4565
f 4558 4546 4545
f 4556 4558 4563
f 4567 4556 4580
f 4526 4539 4578
f 4557 4556 4566
f 4566 4556 4567
f 4577 4526 4522
f 4522 4565 4577
f 4522 4566 4565
f 4523 4522 4526
f 4557 4566 4522
f 4522 4608 4557
f 4595 4609 4583
f 4512 4598 4527
f 4610 4611 4612
f 4529 4531 4593
f 4611 4610 4530
f 4609 4519 4513
f 4527 4583 4513
f 4530 4610 4531
f 4513 4583 4609
f 4511 4613 4614
f 4511 4513 4518
f 4528 4608 4522
f 4511 4614 4512
f 4517 4515 4518
f 4515 4613 4511
f 4613 4515 4520
f 4514 4516 4520
f 4615 4616 4617
f 4618 4619 4620
f 4621 4622 4623
f 4624 4625 4626
f 4627 4628 4629
f 4630 4631 4632
f 4633 4634 4635
f 4626 4636 4637
f 4638 4639 4640
f 4641 4642 4643
f 4644 4645 4646
f 4647 4648 4649
f 4650 4651 4652
f 4642 4653 4643
f 4654 4632 4655
f 4656 4657 4620
f 4658 4659 4660
f 4661 4662 4658
f 4615 4617 4663
f 4664 4665 4638
f 4659 4666 4660
f 4667 4668 4669
f 4655 4670 4654
f 4642 4625 4624
f 4622 4671 4623
f 4639 4672 4673
f 4674 4630 4632
f 4666 4675 4664
f 4619 4618 4676
f 4625 4642 4677
f 4665 4664 4678
f 4644 4621 4672
f 4661 4679 4680
f 4649 4681 4682
f 4683 4684 4685
f 4663 4635 4634
f 4686 4639 4638
f 4687 4688 4636
f 4689 4690 4691
f 4679 4692 4693
f 4631 4630 4694
f 4683 4622 4629
f 4616 4615 4694
f 4657 4681 4648
f 4695 4686 4638
f 4663 4634 4615
f 4683 4696 4622
f 4697 4632 4654
f 4632 4697 4698
f 4672 4695 4645
f 4657 4656 4699
f 4700 4701 4702
f 4620 4703 4652
f 4704 4625 4698
f 4705 4693 4706
f 4707 4690 4636
f 4702 4701 4705
f 4690 4708 4709
f 4629 4622 4621
f 4680 4693 4701
f 4656 4617 4699
f 4703 4705 4706
f 4707 4688 4697
f 4648 4647 4657
f 4697 4654 4670
f 4697 4688 4704
f 4671 4696 4660
f 4625 4649 4710
f 4690 4707 4697
f 4639 4686 4672
f 4657 4702 4620
f 4661 4680 4668
f 4624 4653 4642
f 4682 4681 4711
f 4681 4649 4648
f 4690 4709 4691
f 4706 4684 4712
f 4638 4665 4713
f 4668 4700 4714
f 4706 4652 4703
f 4681 4616 4711
f 4702 4657 4700
f 4616 4681 4699
f 4710 4698 4625
f 4674 4698 4710
f 4710 4649 4682
f 4685 4684 4706
f 4643 4715 4641
f 4682 4674 4710
f 4708 4697 4670
f 4625 4677 4649
f 4716 4669 4715
f 4650 4712 4717
f 4629 4646 4627
f 4675 4666 4659
f 4631 4694 4718
f 4669 4716 4667
f 4674 4682 4711
f 4673 4666 4640
f 4630 4711 4694
f 4667 4716 4661
f 4678 4719 4665
f 4673 4623 4671
f 4705 4703 4702
f 4621 4644 4629
f 4618 4651 4676
f 4694 4615 4718
f 4696 4685 4692
f 4626 4625 4687
f 4651 4650 4717
f 4664 4675 4678
f 4707 4636 4688
f 4669 4714 4641
f 4694 4711 4616
f 4714 4647 4677
f 4668 4667 4661
f 4662 4661 4716
f 4713 4719 4720
f 4721 4655 4632
f 4704 4688 4687
f 4714 4669 4668
f 4641 4715 4669
f 4679 4661 4660
f 4692 4679 4660
f 4632 4698 4674
f 4690 4689 4636
f 4666 4673 4671
f 4618 4652 4651
f 4683 4628 4712
f 4628 4683 4629
f 4649 4677 4647
f 4699 4617 4616
f 4623 4673 4672
f 4646 4629 4644
f 4664 4640 4666
f 4719 4713 4665
f 4644 4672 4645
f 4647 4714 4700
f 4656 4620 4619
f 4636 4626 4687
f 4696 4683 4685
f 4700 4657 4647
f 4672 4621 4623
f 4622 4696 4671
f 4697 4704 4698
f 4693 4705 4701
f 4620 4652 4618
f 4640 4664 4638
f 4642 4641 4677
f 4660 4696 4692
f 4693 4685 4706
f 4661 4658 4660
f 4722 4619 4676
f 4684 4683 4712
f 4692 4685 4693
f 4697 4708 4690
f 4630 4674 4711
f 4619 4722 4663
f 4663 4722 4635
f 4625 4704 4687
f 4660 4666 4671
f 4620 4702 4703
f 4663 4656 4619
f 4701 4668 4680
f 4713 4695 4638
f 4695 4672 4686
f 4693 4680 4679
f 4631 4721 4632
f 4650 4652 4706
f 4624 4626 4653
f 4681 4657 4699
f 4714 4677 4641
f 4640 4639 4673
f 4668 4701 4700
f 4712 4650 4706
f 4656 4663 4617
f 4723 4724 4725
f 4727 4725 4726
f 4726 4728 4727
f 4724 4726 4725
f 4729 4730 4731
f 4734 4735 4736
f 4737 4729 4738
f 4739 4740 4741
f 4743 4744 4745
f 4746 4747 4748
f 4749 4750 4751
f 4745 4744 4754
f 4755 4742 4756
f 4750 4758 4759
f 4760 4761 4758
f 4732 4762 4763
f 4730 4765 4731
f 4766 4755 4756
f 4736 4767 4734
f 4768 4767 4769
f 4748 4770 4771
f 4759 4773 4774
f 4759 4763 4773
f 4775 4776 4760
f 4758 4750 4768
f 4777 4775 4778
f 4779 4771 4761
f 4776 4780 4760
f 4781 4782 4779
f 4783 4744 4743
f 4766 4756 4761
f 4773 4784 4785
f 4773 4751 4774
f 4784 4786 4754
f 4770 4752 4755
f 4786 4784 4773
f 4748 4753 4757
f 4756 4742 4732
f 4768 4760 4758
f 4732 4763 4756
f 4737 4738 4747
f 4740 4787 4741
f 4770 4757 4733
f 4766 4761 4771
f 4768 4750 4734
f 4747 4746 4737
f 4752 4742 4755
f 4770 4755 4766
f 4750 4759 4774
f 4735 4734 4749
f 4734 4767 4768
f 4781 4788 4782
f 4783 4784 4744
f 4754 4744 4784
f 4754 4792 4745
f 4788 4781 4780
f 4756 4759 4761
f 4771 4779 4748
f 4781 4760 4780
f 4747 4772 4753
f 4792 4743 4745
f 4785 4751 4773
f 4740 4739 4789
f 4781 4761 4760
f 4793 4789 4764
f 4761 4781 4779
f 4738 4787 4740
f 4772 4747 4738
f 4788 4730 4746
f 4730 4737 4746
f 4775 4769 4778
f 4739 4795 4791
f 4789 4793 4740
f 4791 4795 4794
f 4764 4772 4793
f 4772 4738 4793
f 4776 4775 4777
f 4749 4734 4750
f 4729 4787 4738
f 4746 4748 4782
f 4796 4797 4798
f 4788 4746 4782
f 4791 4790 4739
f 4776 4788 4780
f 4763 4799 4773
f 4788 4776 4765
f 4774 4751 4750
f 4757 4770 4748
f 4759 4756 4763
f 4765 4730 4788
f 4800 4801 4797
f 4802 4803 4792
f 4801 4800 4804
f 4737 4730 4729
f 4753 4748 4747
f 4751 4785 4749
f 4800 4805 4785
f 4805 4800 4806
f 4760 4769 4775
f 4799 4763 4762
f 4798 4797 4803
f 4807 4808 4802
f 4785 4805 4749
f 4739 4790 4789
f 4793 4738 4740
f 4760 4768 4769
f 4809 4802 4792
f 4800 4785 4810
f 4803 4802 4811
f 4804 4743 4801
f 4802 4808 4811
f 4805 4812 4735
f 4804 4810 4743
f 4766 4771 4770
f 4779 4782 4748
f 4810 4783 4743
f 4810 4804 4800
f 4785 4784 4783
f 4806 4813 4812
f 4735 4749 4805
f 4812 4805 4806
f 4813 4800 4797
f 4806 4800 4813
f 4759 4758 4761
f 4777 4765 4776
f 4752 4770 4733
f 4797 4801 4803
f 4811 4798 4803
f 4785 4783 4810
f 4798 4811 4808
f 4743 4792 4801
f 4729 4731 4787
f 4792 4803 4801
f 4814 4815 4816
f 4817 4818 4819
f 4820 4821 4822
f 4823 4824 4825
f 4826 4827 4828
f 4829 4830 4831
f 4832 4833 4834
f 4835 4836 4837
f 4838 4821 4839
f 4819 4834 4840
f 4841 4842 4843
f 4818 4834 4819
f 4838 4844 4845
f 4846 4818 4845
f 4820 4847 4815
f 4848 4849 4850
f 4842 4851 4843
f 4852 4853 4854
f 4855 4856 4857
f 4858 4859 4860
f 4861 4862 4863
f 4821 4864 4865
f 4866 4833 4826
f 4822 4865 4867
f 4868 4869 4860
f 4870 4871 4872
f 4873 4874 4875
f 4876 4816 4877
f 4866 4878 4879
f 4880 4824 4823
f 4881 4882 4817
f 4883 4826 4884
f 4875 4855 4873
f 4831 4871 4870
f 4822 4821 4865
f 4815 4847 4885
f 4854 4886 4887
f 4850 4888 4889
f 4890 4891 4892
f 4844 4839 4893
f 4870 4829 4831
f 4870 4894 4829
f 4845 4844 4895
f 4896 4897 4887
f 4827 4829 4894
f 4868 4860 4898
f 4895 4899 4846
f 4900 4901 4886
f 4817 4902 4903
f 4863 4904 4889
f 4842 4905 4906
f 4875 4907 4888
f 4892 4908 4909
f 4876 4910 4816
f 4901 4900 4911
f 4830 4826 4883
f 4844 4838 4839
f 4862 4912 4904
f 4820 4839 4821
f 4869 4880 4858
f 4867 4820 4822
f 4825 4824 4827
f 4901 4877 4887
f 4860 4869 4858
f 4909 4837 4836
f 4862 4895 4912
f 4913 4902 4882
f 4914 4915 4902
f 4857 4916 4855
f 4821 4917 4864
f 4830 4918 4919
f 4911 4876 4901
f 4838 4920 4821
f 4831 4830 4919
f 4854 4921 4852
f 4819 4898 4817
f 4896 4815 4885
f 4922 4844 4893
f 4923 4849 4924
f 4845 4915 4920
f 4873 4855 4916
f 4910 4856 4875
f 4863 4925 4926
f 4879 4878 4869
f 4907 4874 4889
f 4877 4896 4887
f 4927 4928 4906
f 4818 4903 4845
f 4815 4923 4820
f 4880 4878 4828
f 4918 4842 4841
f 4869 4868 4879
f 4901 4887 4886
f 4888 4907 4889
f 4886 4853 4900
f 4881 4908 4913
f 4863 4929 4925
f 4930 4850 4889
f 4931 4888 4850
f 4932 4933 4883
f 4845 4895 4846
f 4881 4913 4882
f 4906 4899 4862
f 4934 4872 4871
f 4877 4815 4896
f 4849 4893 4924
f 4908 4892 4935
f 4936 4885 4847
f 4937 4897 4938
f 4834 4846 4832
f 4901 4876 4877
f 4858 4939 4859
f 4905 4933 4932
f 4859 4940 4860
f 4880 4869 4878
f 4928 4851 4906
f 4934 4919 4841
f 4915 4903 4902
f 4863 4874 4929
f 4941 4940 4939
f 4926 4861 4863
f 4841 4919 4918
f 4910 4875 4888
f 4887 4897 4937
f 4830 4933 4918
f 4906 4942 4927
f 4910 4814 4816
f 4891 4943 4914
f 4888 4931 4910
f 4847 4820 4867
f 4944 4945 4946
f 4898 4840 4868
f 4872 4934 4947
f 4929 4874 4873
f 4832 4905 4932
f 4895 4844 4922
f 4942 4861 4926
f 4923 4815 4814
f 4884 4932 4883
f 4817 4860 4881
f 4933 4905 4918
f 4863 4862 4904
f 4915 4943 4917
f 4826 4828 4878
f 4855 4875 4856
f 4895 4862 4899
f 4922 4912 4895
f 4921 4854 4937
f 4917 4920 4915
f 4948 4949 4837
f 4934 4841 4843
f 4860 4817 4898
f 4946 4948 4944
f 4950 4881 4945
f 4899 4832 4846
f 4874 4863 4889
f 4816 4815 4877
f 4940 4941 4945
f 4934 4843 4851
f 4826 4833 4884
f 4941 4951 4946
f 4952 4953 4858
f 4905 4842 4918
f 4896 4885 4936
f 4951 4954 4946
f 4902 4913 4914
f 4850 4814 4931
f 4943 4915 4914
f 4905 4832 4899
f 4868 4840 4879
f 4912 4922 4848
f 4851 4928 4955
f 4953 4939 4858
f 4905 4899 4906
f 4917 4943 4864
f 4919 4934 4831
f 4908 4881 4950
f 4858 4880 4952
f 4950 4944 4908
f 4908 4948 4837
f 4860 4940 4945
f 4910 4876 4911
f 4954 4956 4948
f 4914 4913 4891
f 4875 4874 4907
f 4948 4956 4949
f 4952 4880 4823
f 4897 4896 4936
f 4850 4930 4848
f 4859 4939 4940
f 4861 4942 4906
f 4930 4889 4904
f 4910 4911 4856
f 4828 4824 4880
f 4913 4892 4891
f 4854 4853 4886
f 4851 4842 4906
f 4944 4948 4908
f 4840 4833 4866
f 4957 4943 4891
f 4845 4903 4915
f 4827 4826 4830
f 4945 4941 4946
f 4944 4950 4945
f 4826 4878 4866
f 4912 4848 4930
f 4948 4946 4954
f 4945 4881 4860
f 4817 4903 4818
f 4920 4917 4821
f 4834 4818 4846
f 4879 4840 4866
f 4904 4912 4930
f 4827 4894 4825
f 4833 4832 4884
f 4830 4883 4933
f 4908 4935 4913
f 4934 4851 4947
f 4829 4827 4830
f 4845 4920 4838
f 4934 4871 4831
f 4955 4872 4947
f 4910 4931 4814
f 4947 4851 4955
f 4906 4862 4861
f 4892 4913 4935
f 4848 4922 4849
f 4908 4837 4909
f 4849 4923 4814
f 4828 4827 4824
f 4833 4840 4834
f 4839 4820 4924
f 4924 4820 4923
f 4893 4849 4922
f 4854 4887 4937
f 4924 4893 4839
f 4891 4890 4957
f 4835 4837 4949
f 4921 4937 4958
f 4938 4958 4937
f 4898 4819 4840
f 4932 4884 4832
f 4902 4817 4882
f 4849 4814 4850
f 4959 4960 4961
f 4962 4963 4964
f 4965 4966 4967
f 4968 4969 4970
f 4971 4972 4973
f 4970 4974 4975
f 4976 4977 4978
f 4979 4980 4981
f 4982 4983 4984
f 4985 4986 4987
f 4988 4989 4990
f 4991 4992 4993
f 4994 4995 4996
f 4997 4998 4999
f 5000 5001 5002
f 5003 5004 5005
f 4966 4990 5006
f 5007 5008 5009
f 5010 4981 4980
f 5011 4999 4995
f 5012 5013 4987
f 4975 5014 4970
f 4971 5015 4965
f 5016 5011 5004
f 4962 5012 4963
f 4964 4963 5003
f 5017 5018 5019
f 5020 5021 5022
f 5023 4982 5024
f 4964 5005 5025
f 4973 5026 5027
f 4972 5028 5026
f 4963 5012 5007
f 4969 5029 5017
f 5030 5031 5028
f 5009 5008 5032
f 5033 5034 5026
f 5004 5035 5005
f 5033 5026 5031
f 5036 5037 5013
f 4994 4996 5038
f 4965 4990 4966
f 5039 5040 5041
f 4995 4974 5042
f 5013 5012 5025
f 5035 4994 5036
f 4973 5043 5044
f 4977 5045 4978
f 5046 5047 5048
f 5036 5025 5005
f 4994 5037 5036
f 4972 4967 5028
f 4976 5049 4977
f 5050 5051 5008
f 5052 5053 5022
f 5007 5012 4959
f 5015 4988 4990
f 4965 4967 4971
f 5035 5004 5011
f 5007 4959 4961
f 4974 5054 4975
f 5055 5056 5038
f 4969 4979 4970
f 5005 5035 5036
f 5057 5002 5058
f 5057 5009 5059
f 5060 5001 5061
f 4973 5044 4971
f 5052 5016 5004
f 5062 5000 5039
f 5063 5019 5018
f 5064 5065 5055
f 4985 5056 5066
f 4966 5067 4967
f 5068 5069 5027
f 5055 4979 4981
f 5070 5030 4967
f 5006 4990 4989
f 4996 4995 5042
f 5071 4980 4969
f 5025 5012 4962
f 5027 5063 5072
f 5065 5056 5055
f 5068 5027 5072
f 5056 5065 5073
f 4985 5038 5056
f 5063 5074 5072
f 5019 5034 5033
f 5005 4964 5003
f 5063 5018 5074
f 5052 4997 5016
f 4965 5015 4990
f 5006 5075 4966
f 5070 5031 5030
f 5070 4967 5067
f 5040 5048 5076
f 5042 4970 4979
f 5008 5077 5050
f 5078 5079 5061
f 5034 5019 5063
f 5011 5016 4999
f 5003 5053 5052
f 5052 5004 5003
f 5037 5038 4985
f 5010 4980 5031
f 5043 5069 5068
f 5008 5007 4961
f 4971 5044 5015
f 5038 5037 4994
f 4974 4995 4999
f 5025 4962 4964
f 5002 5059 5039
f 4968 4970 5014
f 5062 5039 5080
f 4980 5033 5031
f 4969 5017 5033
f 5021 5020 4963
f 4969 4968 5029
f 5045 5081 5082
f 5003 4963 5020
f 4971 4967 4972
f 5045 5083 5073
f 5026 5034 5027
f 5036 5013 5025
f 4997 4999 5016
f 5071 5033 4980
f 4970 5042 4974
f 5069 5043 4973
f 5030 5028 4967
f 5056 5073 5066
f 5055 4996 4979
f 5019 5033 5017
f 5075 5006 5084
f 4996 5055 5038
f 4998 4974 4999
f 5031 5070 5010
f 4995 4994 5035
f 4966 5075 5067
f 4969 4980 4979
f 4972 5026 4973
f 5010 5064 4981
f 5071 4969 5033
f 5014 4975 5054
f 4983 4982 5023
f 5035 5011 4995
f 5026 5028 5031
f 5022 5053 5020
f 5023 5080 5085
f 5053 5003 5020
f 5066 5086 5087
f 5059 5032 5040
f 5010 5070 5088
f 5024 5061 5000
f 4986 4985 5087
f 5081 5045 5073
f 4960 4986 5087
f 5089 4982 4984
f 5066 5073 5083
f 4960 5090 4961
f 5091 5083 4977
f 5027 5069 4973
f 5083 5045 4977
f 5045 5082 4978
f 5092 5093 5094
f 5042 4979 4996
f 4961 5095 5094
f 5066 5083 5086
f 5047 5096 5097
f 5088 5098 5064
f 4960 5012 4987
f 5037 4985 4987
f 5086 5091 5095
f 5065 5064 5073
f 5073 5064 5081
f 5054 4974 4998
f 5094 5099 5100
f 5049 5100 5101
f 5094 5093 4961
f 5095 5091 5101
f 5097 4992 4991
f 5099 5095 5101
f 5034 5063 5027
f 5081 5064 5098
f 5051 5102 5048
f 5103 5021 5058
f 5037 4987 5013
f 5100 5092 5094
f 5084 5088 5075
f 4981 5064 5055
f 5010 5088 5064
f 5070 5067 5075
f 5012 4960 4959
f 4961 5090 5095
f 5098 5088 5084
f 5087 5086 5095
f 5070 5075 5088
f 5047 5097 4991
f 5104 5046 5048
f 5051 5032 5008
f 5058 5060 5105
f 5101 5100 5099
f 4991 5106 5076
f 5041 5106 5080
f 5048 5040 5032
f 5107 4993 4992
f 5008 4961 5077
f 5051 5048 5032
f 4986 4960 4987
f 5086 5083 5091
f 5090 5087 5095
f 5108 5109 5107
f 5076 5047 4991
f 5085 4993 4983
f 5041 5040 5076
f 5076 5048 5047
f 5039 5000 5002
f 4977 5049 5101
f 5091 4977 5101
f 4993 5106 4991
f 5090 4960 5087
f 5093 5077 4961
f 5085 4983 5023
f 5007 5110 4963
f 5066 5087 4985
f 5109 5111 5107
f 5080 5106 5085
f 5107 5111 4993
f 5110 5021 4963
f 5111 4983 4993
f 5009 5057 5110
f 5102 5104 5048
f 5110 5007 5009
f 5023 5062 5080
f 5059 5009 5032
f 5072 5074 5112
f 5096 5047 5046
f 5113 5112 5114
f 5115 5023 5024
f 5113 5116 5112
f 5041 5080 5039
f 5021 5110 5057
f 5057 5059 5002
f 5072 5116 5068
f 5039 5059 5040
f 5103 5058 5105
f 5023 5115 5062
f 5001 5058 5002
f 5078 5024 4982
f 5000 5115 5024
f 5085 5106 4993
f 5001 5000 5061
f 5116 5072 5112
f 5021 5057 5058
f 5078 4982 5089
f 5058 5001 5060
f 5078 5061 5024
f 5000 5062 5115
f 5061 5079 5060
f 5106 5041 5076
f 5093 5050 5077
f 5095 5099 5094
f 4984 4983 5111
f 5117 5118 5119
f 5120 5121 5118
f 5121 5120 5122
f 5119 5118 5123
f 5118 5117 5120
f 5124 5125 5126
f 5127 5128 5129
f 5130 5129 5131
f 5132 5125 5124
f 5133 5125 5134
f 5135 5136 5137
f 5138 5139 5140
f 5141 5142 5143
f 5144 5145 5146
f 5147 5137 5136
f 5148 5149 5150
f 5143 5151 5141
f 5152 5153 5154
f 5155 5140 5156
f 5157 5158 5159
f 5149 5160 5135
f 5161 5162 5163
f 5157 5159 5164
f 5165 5129 5166
f 5167 5135 5137
f 5157 5168 5169
f 5121 5122 5170
f 5150 5169 5171
f 5164 5146 5172
f 5168 5151 5171
f 5144 5173 5174
f 5129 5128 5131
f 5128 5127 5175
f 5176 5177 5178
f 5155 5156 5179
f 5180 5181 5182
f 5183 5184 5152
f 5185 5144 5186
f 5181 5144 5182
f 5187 5188 5172
f 5141 5164 5188
f 5189 5190 5152
f 5190 5153 5152
f 5175 5190 5189
f 5149 5167 5163
f 5161 5137 5191
f 5192 5183 5152
f 5136 5193 5147
f 5117 5194 5122
f 5129 5195 5127
f 5125 5132 5134
f 5196 5154 5153
f 5177 5176 5138
f 5169 5163 5158
f 5188 5164 5172
f 5126 5125 5133
f 5148 5197 5160
f 5174 5198 5162
f 5162 5161 5191
f 5178 5199 5176
f 5200 5174 5162
f 5135 5160 5136
f 5135 5167 5149
f 5201 5140 5202
f 5186 5200 5179
f 5203 5143 5142
f 5198 5174 5173
f 5184 5183 5194
f 5153 5204 5196
f 5168 5141 5151
f 5146 5198 5173
f 5141 5157 5164
f 5171 5169 5168
f 5150 5205 5148
f 5173 5144 5146
f 5148 5205 5197
f 5148 5160 5149
f 5150 5149 5163
f 5200 5191 5179
f 5205 5206 5197
f 5206 5207 5197
f 5141 5188 5142
f 5158 5157 5169
f 5185 5156 5182
f 5138 5176 5208
f 5182 5156 5180
f 5201 5180 5140
f 5209 5207 5206
f 5197 5207 5160
f 5140 5155 5138
f 5210 5207 5209
f 5159 5198 5164
f 5211 5212 5213
f 5159 5158 5163
f 5214 5160 5207
f 5208 5170 5215
f 5216 5217 5218
f 5198 5159 5162
f 5162 5159 5163
f 5214 5207 5219
f 5193 5136 5220
f 5221 5222 5223
f 5198 5146 5164
f 5163 5137 5161
f 5147 5199 5178
f 5224 5222 5225
f 5226 5227 5228
f 5201 5229 5230
f 5191 5137 5147
f 5186 5144 5174
f 5169 5150 5163
f 5192 5154 5139
f 5211 5213 5210
f 5121 5208 5231
f 5232 5233 5234
f 5139 5154 5235
f 5136 5160 5220
f 5186 5174 5200
f 5200 5162 5191
f 5178 5191 5147
f 5176 5199 5236
f 5137 5163 5167
f 5237 5172 5146
f 5179 5191 5178
f 5181 5180 5238
f 5239 5240 5223
f 5146 5145 5237
f 5147 5236 5199
f 5241 5210 5213
f 5213 5242 5241
f 5236 5147 5193
f 5183 5215 5170
f 5145 5144 5181
f 5139 5235 5202
f 5177 5179 5178
f 5193 5234 5233
f 5193 5233 5236
f 5225 5222 5221
f 5215 5192 5138
f 5129 5165 5195
f 5141 5168 5157
f 5217 5243 5218
f 5145 5244 5237
f 5215 5183 5192
f 5245 5237 5244
f 5181 5238 5145
f 5185 5182 5144
f 5186 5179 5185
f 5233 5231 5236
f 5179 5156 5185
f 5222 5217 5239
f 5210 5241 5207
f 5219 5234 5193
f 5213 5225 5242
f 5134 5233 5232
f 5179 5177 5155
f 5160 5214 5220
f 5176 5236 5231
f 5223 5222 5239
f 5241 5219 5207
f 5221 5242 5225
f 5226 5234 5227
f 5231 5208 5176
f 5180 5230 5238
f 5222 5243 5217
f 5155 5177 5138
f 5230 5180 5201
f 5140 5180 5156
f 5241 5228 5227
f 5234 5219 5227
f 5121 5170 5208
f 5246 5221 5223
f 5246 5223 5240
f 5232 5226 5134
f 5242 5221 5228
f 5121 5231 5247
f 5212 5224 5213
f 5217 5216 5239
f 5215 5138 5208
f 5248 5226 5228
f 5221 5246 5228
f 5249 5250 5228
f 5251 5133 5248
f 5193 5220 5219
f 5242 5228 5241
f 5225 5213 5224
f 5120 5117 5122
f 5250 5251 5248
f 5201 5202 5235
f 5228 5246 5249
f 5235 5229 5201
f 5224 5243 5222
f 5134 5226 5248
f 5140 5139 5202
f 5214 5219 5220
f 5227 5219 5241
f 5252 5239 5216
f 5139 5138 5192
f 5195 5175 5127
f 5228 5250 5248
f 5184 5189 5152
f 5192 5152 5154
f 5234 5226 5232
f 5235 5154 5196
f 5183 5122 5194
f 5134 5248 5133
f 5170 5122 5183
f 5253 5254 5255
f 5256 5257 5245
f 5165 5190 5195
f 5165 5153 5190
f 5204 5153 5165
f 5195 5190 5175
f 5129 5130 5166
f 5257 5258 5187
f 5123 5259 5119
f 5121 5247 5118
f 5260 5261 5233
f 5118 5247 5261
f 5260 5134 5132
f 5262 5259 5123
f 5124 5263 5132
f 5261 5260 5262
f 5261 5123 5118
f 5262 5260 5132
f 5261 5247 5231
f 5233 5134 5260
f 5123 5261 5262
f 5263 5262 5132
f 5233 5261 5231
f 5259 5262 5263
f 5258 5264 5187
f 5265 5264 5258
f 5264 5266 5187
f 5256 5258 5257
f 5267 5268 5269
f 5264 5265 5266
f 5187 5266 5188
f 5270 5271 5272
f 5273 5268 5270
f 5274 5273 5275
f 5266 5142 5188
f 5272 5276 5255
f 5276 5272 5271
f 5272 5273 5270
f 5268 5273 5269
f 5269 5277 5265
f 5266 5265 5278
f 5266 5278 5142
f 5269 5273 5274
f 5272 5255 5273
f 5269 5274 5277
f 5273 5255 5275
f 5278 5277 5274
f 5257 5187 5172
f 5276 5253 5255
f 5203 5274 5279
f 5258 5269 5265
f 5269 5256 5267
f 5279 5274 5275
f 5279 5275 5254
f 5258 5256 5269
f 5142 5278 5203
f 5237 5257 5172
f 5275 5255 5254
f 5216 5280 5252
f 5274 5203 5278
f 5257 5237 5245
f 5280 5216 5218
f 5277 5278 5265
f 5281 5282 5283
f 5284 5285 5286
f 5287 5288 5285
f 5289 5290 5291
f 5292 5293 5294
f 5295 5296 5297
f 5292 5294 5282
f 5295 5298 5299
f 5300 5301 5302
f 5282 5281 5303
f 5304 5305 5306
f 5285 5307 5308
f 5309 5310 5311
f 5312 5302 5301
f 5281 5313 5303
f 5314 5315 5316
f 5317 5313 5318
f 5319 5320 5321
f 5322 5282 5303
f 5323 5324 5325
f 5320 5326 5327
f 5328 5322 5329
f 5330 5329 5331
f 5322 5332 5331
f 5333 5286 5334
f 5328 5335 5315
f 5321 5336 5319
f 5335 5328 5337
f 5338 5339 5316
f 5319 5326 5320
f 5340 5328 5329
f 5287 5281 5341
f 5342 5311 5343
f 5329 5322 5331
f 5344 5310 5345
f 5307 5304 5306
f 5346 5341 5283
f 5317 5306 5305
f 5338 5316 5335
f 5318 5308 5307
f 5346 5298 5341
f 5310 5343 5311
f 5329 5338 5340
f 5308 5281 5287
f 5305 5304 5347
f 5281 5308 5313
f 5291 5348 5289
f 5319 5349 5326
f 5340 5338 5335
f 5285 5350 5351
f 5304 5352 5347
f 5319 5336 5316
f 5353 5311 5342
f 5330 5353 5329
f 5354 5339 5355
f 5346 5283 5356
f 5353 5330 5309
f 5347 5352 5325
f 5331 5332 5330
f 5353 5342 5338
f 5340 5337 5328
f 5285 5357 5307
f 5358 5359 5360
f 5339 5342 5355
f 5320 5327 5361
f 5324 5309 5330
f 5362 5305 5324
f 5286 5333 5284
f 5300 5284 5363
f 5357 5300 5364
f 5325 5324 5347
f 5294 5283 5282
f 5324 5305 5347
f 5335 5337 5340
f 5311 5353 5309
f 5365 5366 5293
f 5367 5336 5321
f 5362 5330 5332
f 5318 5313 5308
f 5294 5356 5283
f 5338 5329 5353
f 5368 5325 5369
f 5332 5317 5362
f 5359 5358 5296
f 5335 5316 5315
f 5323 5310 5309
f 5341 5281 5283
f 5339 5354 5319
f 5294 5293 5356
f 5323 5325 5368
f 5363 5284 5370
f 5301 5300 5363
f 5344 5343 5310
f 5328 5315 5292
f 5364 5300 5371
f 5298 5350 5341
f 5308 5287 5285
f 5295 5351 5350
f 5357 5285 5284
f 5286 5351 5334
f 5334 5297 5333
f 5366 5367 5372
f 5373 5374 5375
f 5374 5348 5376
f 5318 5307 5306
f 5284 5333 5370
f 5377 5345 5368
f 5352 5378 5379
f 5333 5297 5380
f 5315 5314 5365
f 5350 5285 5288
f 5380 5370 5333
f 5381 5377 5368
f 5382 5378 5383
f 5370 5312 5363
f 5379 5378 5384
f 5385 5369 5379
f 5332 5322 5303
f 5371 5291 5364
f 5300 5348 5371
f 5298 5346 5299
f 5295 5350 5298
f 5351 5295 5334
f 5295 5297 5334
f 5312 5370 5380
f 5306 5317 5318
f 5348 5291 5371
f 5348 5300 5302
f 5292 5315 5293
f 5341 5350 5288
f 5312 5380 5386
f 5314 5366 5365
f 5316 5336 5314
f 5367 5314 5336
f 5366 5314 5367
f 5321 5372 5367
f 5361 5372 5321
f 5302 5312 5386
f 5320 5361 5321
f 5305 5362 5317
f 5348 5302 5387
f 5374 5388 5290
f 5310 5323 5368
f 5389 5390 5391
f 5392 5393 5394
f 5395 5389 5396
f 5330 5362 5324
f 5288 5287 5341
f 5397 5398 5399
f 5400 5401 5402
f 5399 5357 5364
f 5317 5332 5313
f 5403 5404 5405
f 5406 5290 5407
f 5408 5409 5410
f 5411 5412 5413
f 5414 5415 5416
f 5390 5410 5409
f 5400 5395 5396
f 5391 5411 5417
f 5385 5381 5369
f 5418 5304 5419
f 5412 5391 5409
f 5319 5316 5339
f 5420 5416 5415
f 5389 5378 5396
f 5379 5384 5385
f 5407 5290 5388
f 5421 5404 5416
f 5417 5383 5389
f 5402 5422 5395
f 5378 5352 5418
f 5410 5390 5422
f 5383 5378 5389
f 5393 5392 5291
f 5423 5375 5424
f 5396 5418 5419
f 5409 5408 5412
f 5405 5394 5403
f 5402 5399 5398
f 5300 5357 5284
f 5390 5389 5395
f 5391 5390 5409
f 5416 5425 5421
f 5406 5426 5427
f 5398 5397 5428
f 5402 5395 5400
f 5419 5400 5396
f 5309 5324 5323
f 5427 5429 5406
f 5339 5338 5342
f 5389 5391 5417
f 5430 5431 5414
f 5401 5400 5419
f 5290 5393 5291
f 5290 5406 5393
f 5301 5363 5312
f 5349 5319 5354
f 5388 5432 5407
f 5394 5406 5429
f 5390 5395 5422
f 5428 5405 5421
f 5429 5403 5394
f 5304 5307 5433
f 5408 5421 5425
f 5427 5434 5435
f 5435 5436 5429
f 5397 5399 5364
f 5408 5410 5428
f 5412 5425 5413
f 5357 5399 5433
f 5436 5431 5430
f 5293 5315 5365
f 5429 5427 5435
f 5421 5408 5428
f 5428 5410 5398
f 5397 5405 5428
f 5398 5410 5422
f 5418 5396 5378
f 5403 5429 5436
f 5404 5421 5405
f 5393 5406 5394
f 5437 5431 5435
f 5392 5364 5291
f 5401 5399 5402
f 5422 5402 5398
f 5304 5433 5419
f 5394 5405 5392
f 5412 5411 5391
f 5433 5399 5401
f 5425 5420 5413
f 5384 5378 5382
f 5307 5357 5433
f 5352 5304 5418
f 5430 5414 5404
f 5405 5397 5392
f 5414 5416 5404
f 5416 5420 5425
f 5364 5392 5397
f 5419 5433 5401
f 5406 5407 5426
f 5431 5436 5435
f 5426 5434 5427
f 5425 5412 5408
f 5369 5381 5368
f 5403 5436 5430
f 5434 5437 5435
f 5404 5403 5430
f 5292 5282 5322
f 5348 5374 5289
f 5376 5348 5387
f 5438 5386 5358
f 5386 5438 5387
f 5290 5289 5374
f 5386 5380 5358
f 5387 5375 5376
f 5439 5440 5424
f 5325 5352 5379
f 5358 5297 5296
f 5368 5345 5310
f 5387 5438 5424
f 5374 5376 5375
f 5438 5358 5360
f 5360 5424 5438
f 5380 5297 5358
f 5386 5387 5302
f 5424 5360 5439
f 5322 5328 5292
f 5296 5295 5299
f 5423 5373 5375
f 5373 5423 5440
f 5424 5440 5423
f 5303 5313 5332
f 5379 5369 5325
f 5375 5387 5424
f 5285 5351 5286
f 5441 5442 5443
f 5444 5445 5446
f 5447 5448 5449
f 5450 5451 5452
f 5453 5454 5455
f 5456 5457 5458
f 5459 5460 5461
f 5462 5463 5445
f 5464 5465 5466
f 5467 5468 5469
f 5470 5471 5472
f 5473 5474 5475
f 5476 5477 5455
f 5470 5465 5478
f 5476 5479 5480
f 5449 5481 5482
f 5483 5484 5485
f 5486 5487 5488
f 5489 5443 5490
f 5491 5492 5493
f 5494 5495 5496
f 5446 5497 5498
f 5499 5458 5457
f 5466 5465 5500
f 5501 5502 5503
f 5504 5505 5506
f 5507 5463 5462
f 5457 5456 5479
f 5508 5453 5455
f 5477 5476 5480
f 5480 5509 5477
f 5501 5510 5442
f 5511 5471 5470
f 5512 5513 5514
f 5506 5505 5495
f 5515 5516 5517
f 5518 5519 5520
f 5465 5521 5522
f 5523 5474 5524
f 5452 5525 5526
f 5527 5528 5512
f 5504 5529 5530
f 5531 5516 5532
f 5533 5534 5535
f 5502 5441 5536
f 5535 5537 5450
f 5474 5523 5496
f 5487 5538 5488
f 5533 5486 5539
f 5540 5479 5456
f 5468 5541 5473
f 5496 5542 5494
f 5481 5497 5503
f 5474 5541 5524
f 5543 5544 5545
f 5546 5520 5469
f 5520 5519 5467
f 5547 5524 5548
f 5549 5550 5520
f 5453 5551 5552
f 5553 5445 5463
f 5477 5509 5508
f 5554 5445 5553
f 5514 5491 5512
f 5509 5551 5508
f 5555 5556 5500
f 5546 5557 5520
f 5524 5547 5523
f 5471 5511 5483
f 5558 5559 5560
f 5504 5561 5505
f 5508 5455 5477
f 5562 5563 5564
f 5480 5479 5540
f 5541 5519 5548
f 5565 5552 5551
f 5460 5464 5552
f 5530 5561 5504
f 5480 5566 5509
f 5567 5568 5538
f 5540 5566 5480
f 5551 5509 5569
f 5570 5571 5572
f 5552 5464 5453
f 5563 5562 5511
f 5542 5523 5573
f 5460 5552 5565
f 5509 5566 5569
f 5493 5492 5574
f 5460 5565 5461
f 5490 5575 5489
f 5479 5576 5550
f 5558 5522 5559
f 5560 5577 5441
f 5573 5523 5547
f 5497 5501 5503
f 5578 5445 5537
f 5494 5579 5580
f 5547 5548 5581
f 5483 5562 5582
f 5583 5468 5545
f 5549 5520 5557
f 5571 5528 5527
f 5579 5542 5584
f 5556 5555 5579
f 5581 5548 5518
f 5445 5554 5585
f 5586 5528 5571
f 5547 5581 5573
f 5550 5518 5520
f 5578 5537 5534
f 5514 5530 5491
f 5445 5585 5537
f 5484 5483 5582
f 5584 5556 5579
f 5483 5511 5562
f 5587 5588 5532
f 5589 5590 5539
f 5542 5573 5584
f 5518 5550 5581
f 5591 5506 5495
f 5575 5568 5591
f 5503 5502 5592
f 5593 5539 5486
f 5571 5527 5572
f 5574 5538 5487
f 5536 5441 5577
f 5564 5594 5595
f 5564 5596 5594
f 5450 5533 5535
f 5591 5580 5558
f 5533 5452 5526
f 5542 5496 5523
f 5581 5597 5573
f 5555 5522 5558
f 5511 5470 5478
f 5521 5577 5559
f 5466 5453 5464
f 5513 5598 5514
f 5522 5521 5559
f 5597 5454 5573
f 5456 5599 5540
f 5543 5545 5468
f 5590 5534 5533
f 5539 5590 5533
f 5584 5500 5556
f 5586 5600 5528
f 5468 5583 5469
f 5469 5520 5467
f 5510 5501 5497
f 5512 5491 5527
f 5591 5558 5489
f 5511 5478 5459
f 5489 5560 5443
f 5482 5481 5592
f 5528 5513 5512
f 5517 5516 5531
f 5485 5536 5577
f 5550 5597 5581
f 5591 5489 5575
f 5464 5459 5478
f 5531 5532 5588
f 5486 5488 5593
f 5601 5537 5585
f 5446 5578 5510
f 5579 5494 5542
f 5598 5473 5475
f 5602 5603 5463
f 5485 5604 5536
f 5493 5572 5527
f 5454 5605 5584
f 5605 5500 5584
f 5560 5489 5558
f 5577 5472 5485
f 5498 5449 5448
f 5589 5539 5593
f 5606 5590 5589
f 5538 5568 5488
f 5493 5527 5491
f 5498 5448 5444
f 5519 5541 5467
f 5525 5452 5451
f 5464 5478 5465
f 5590 5606 5578
f 5475 5530 5514
f 5503 5592 5481
f 5497 5446 5510
f 5607 5502 5536
f 5475 5561 5530
f 5483 5485 5472
f 5530 5529 5491
f 5442 5589 5490
f 5574 5492 5567
f 5474 5496 5561
f 5608 5517 5531
f 5515 5525 5451
f 5531 5588 5572
f 5483 5472 5471
f 5609 5603 5602
f 5610 5586 5570
f 5577 5521 5472
f 5529 5567 5492
f 5574 5567 5538
f 5534 5537 5535
f 5493 5608 5531
f 5497 5481 5498
f 5507 5448 5447
f 5519 5518 5548
f 5505 5561 5495
f 5463 5603 5553
f 5446 5498 5444
f 5595 5562 5564
f 5448 5462 5444
f 5498 5481 5449
f 5479 5476 5576
f 5533 5450 5452
f 5548 5524 5541
f 5593 5488 5568
f 5607 5592 5502
f 5590 5578 5534
f 5462 5448 5507
f 5597 5550 5576
f 5551 5453 5508
f 5577 5560 5559
f 5441 5443 5560
f 5536 5604 5607
f 5550 5457 5479
f 5555 5500 5522
f 5572 5588 5587
f 5572 5587 5570
f 5460 5459 5464
f 5544 5528 5600
f 5580 5495 5494
f 5529 5504 5567
f 5606 5442 5510
f 5473 5541 5474
f 5466 5454 5453
f 5593 5575 5589
f 5568 5567 5506
f 5493 5531 5572
f 5521 5470 5472
f 5608 5525 5517
f 5596 5563 5459
f 5443 5442 5490
f 5537 5601 5450
f 5513 5528 5543
f 5466 5500 5605
f 5454 5597 5455
f 5502 5442 5441
f 5495 5580 5591
f 5525 5515 5517
f 5574 5525 5608
f 5543 5468 5473
f 5571 5570 5586
f 5466 5605 5454
f 5492 5491 5529
f 5589 5442 5606
f 5609 5611 5603
f 5550 5549 5457
f 5473 5598 5543
f 5602 5463 5507
f 5578 5606 5510
f 5493 5574 5608
f 5511 5459 5563
f 5602 5611 5609
f 5446 5445 5578
f 5564 5563 5596
f 5461 5596 5459
f 5598 5475 5514
f 5561 5475 5474
f 5470 5521 5465
f 5444 5462 5445
f 5580 5555 5558
f 5513 5543 5598
f 5487 5533 5526
f 5589 5575 5490
f 5567 5504 5506
f 5502 5501 5442
f 5568 5506 5591
f 5544 5543 5528
f 5500 5465 5522
f 5568 5575 5593
f 5486 5533 5487
f 5476 5455 5597
f 5525 5574 5487
f 5495 5561 5496
f 5555 5580 5579
f 5573 5454 5584
f 5525 5487 5526
f 5576 5476 5597
f 5541 5468 5467
f 5612 5613 5614
f 5615 5616 5617
f 5618 5619 5620
f 5621 5622 5623
f 5624 5625 5626
f 5627 5628 5629
f 5630 5631 5632
f 5632 5633 5634
f 5623 5635 5636
f 5631 5619 5618
f 5637 5638 5639
f 5640 5641 5642
f 5643 5644 5618
f 5645 5646 5647
f 5648 5649 5650
f 5651 5652 5653
f 5654 5637 5643
f 5655 5656 5657
f 5654 5620 5658
f 5659 5660 5646
f 5631 5661 5619
f 5662 5663 5664
f 5665 5666 5667
f 5630 5629 5668
f 5636 5665 5669
f 5615 5670 5671
f 5624 5626 5672
f 5639 5633 5644
f 5673 5674 5675
f 5676 5628 5677
f 5636 5647 5678
f 5679 5621 5623
f 5676 5680 5669
f 5627 5681 5682
f 5616 5683 5684
f 5682 5685 5650
f 5627 5682 5628
f 5666 5671 5670
f 5641 5640 5656
f 5686 5614 5687
f 5688 5687 5613
f 5687 5689 5686
f 5690 5691 5692
f 5681 5638 5693
f 5694 5695 5696
f 5636 5635 5615
f 5669 5680 5697
f 5671 5636 5615
f 5618 5654 5643
f 5657 5698 5655
f 5699 5700 5695
f 5695 5700 5612
f 5613 5687 5614
f 5675 5655 5698
f 5635 5622 5683
f 5614 5695 5612
f 5622 5635 5623
f 5701 5702 5651
f 5697 5636 5669
f 5703 5704 5705
f 5695 5614 5696
f 5657 5656 5640
f 5706 5698 5694
f 5706 5694 5696
f 5707 5648 5708
f 5696 5614 5709
f 5706 5710 5675
f 5625 5693 5711
f 5712 5713 5686
f 5714 5676 5677
f 5715 5704 5673
f 5709 5706 5696
f 5679 5712 5689
f 5686 5709 5614
f 5698 5657 5694
f 5689 5688 5621
f 5654 5653 5637
f 5679 5623 5678
f 5716 5665 5667
f 5717 5718 5638
f 5673 5650 5715
f 5615 5635 5683
f 5647 5712 5678
f 5671 5665 5636
f 5678 5623 5636
f 5664 5710 5662
f 5653 5658 5651
f 5675 5710 5708
f 5615 5683 5616
f 5708 5673 5675
f 5660 5713 5712
f 5709 5713 5662
f 5642 5719 5694
f 5710 5706 5662
f 5675 5698 5706
f 5695 5694 5699
f 5720 5721 5691
f 5660 5712 5646
f 5660 5659 5722
f 5674 5723 5675
f 5674 5673 5704
f 5673 5708 5724
f 5710 5664 5708
f 5688 5689 5687
f 5693 5625 5624
f 5617 5670 5615
f 5708 5664 5722
f 5682 5681 5685
f 5645 5647 5636
f 5722 5659 5708
f 5663 5660 5722
f 5636 5697 5645
f 5662 5706 5709
f 5689 5712 5686
f 5639 5638 5681
f 5634 5630 5632
f 5652 5638 5637
f 5724 5650 5673
f 5645 5697 5646
f 5669 5665 5716
f 5646 5697 5725
f 5707 5646 5725
f 5713 5709 5686
f 5726 5648 5707
f 5727 5667 5666
f 5725 5697 5680
f 5725 5726 5707
f 5663 5722 5664
f 5667 5727 5716
f 5680 5726 5725
f 5716 5676 5669
f 5719 5699 5694
f 5726 5728 5649
f 5729 5650 5649
f 5661 5666 5730
f 5716 5727 5628
f 5680 5728 5726
f 5728 5680 5676
f 5628 5676 5716
f 5649 5728 5714
f 5672 5650 5624
f 5729 5649 5714
f 5668 5666 5630
f 5631 5666 5661
f 5632 5631 5618
f 5727 5666 5668
f 5728 5676 5714
f 5712 5647 5646
f 5648 5724 5708
f 5682 5650 5729
f 5682 5729 5677
f 5677 5729 5714
f 5727 5629 5628
f 5668 5629 5727
f 5646 5707 5659
f 5630 5634 5629
f 5731 5626 5625
f 5627 5629 5634
f 5713 5660 5663
f 5712 5679 5678
f 5700 5613 5612
f 5639 5643 5637
f 5679 5689 5621
f 5634 5732 5627
f 5681 5693 5685
f 5732 5681 5627
f 5670 5730 5666
f 5633 5632 5618
f 5628 5682 5677
f 5733 5625 5711
f 5732 5634 5633
f 5732 5639 5681
f 5618 5644 5633
f 5640 5642 5694
f 5648 5650 5724
f 5693 5638 5718
f 5733 5711 5734
f 5735 5717 5736
f 5733 5731 5625
f 5633 5639 5732
f 5713 5663 5662
f 5737 5711 5718
f 5638 5652 5717
f 5734 5711 5737
f 5639 5644 5643
f 5738 5739 5740
f 5741 5721 5720
f 5734 5737 5690
f 5637 5653 5652
f 5742 5717 5652
f 5718 5717 5735
f 5743 5740 5744
f 5737 5718 5735
f 5720 5691 5735
f 5726 5649 5648
f 5652 5651 5742
f 5745 5734 5690
f 5746 5737 5735
f 5654 5618 5620
f 5747 5748 5749
f 5672 5715 5650
f 5640 5694 5657
f 5742 5741 5736
f 5701 5651 5658
f 5742 5702 5741
f 5651 5702 5742
f 5720 5735 5736
f 5624 5685 5693
f 5720 5736 5741
f 5690 5746 5691
f 5690 5692 5750
f 5718 5711 5693
f 5736 5717 5742
f 5630 5666 5631
f 5751 5752 5692
f 5691 5751 5692
f 5746 5690 5737
f 5746 5735 5691
f 5624 5650 5685
f 5659 5707 5708
f 5739 5753 5754
f 5755 5756 5757
f 5671 5666 5665
f 5653 5654 5658
f 5734 5758 5733
f 5755 5759 5760
f 5761 5762 5763
f 5757 5764 5715
f 5765 5766 5731
f 5690 5750 5745
f 5763 5762 5767
f 5762 5768 5767
f 5762 5761 5768
f 5703 5769 5674
f 5672 5755 5757
f 5672 5626 5755
f 5733 5765 5731
f 5769 5739 5770
f 5769 5770 5723
f 5739 5738 5770
f 5738 5740 5743
f 5768 5771 5767
f 5769 5753 5739
f 5739 5754 5740
f 5767 5771 5772
f 5773 5774 5756
f 5773 5756 5775
f 5764 5757 5774
f 5656 5770 5776
f 5757 5715 5672
f 5704 5715 5764
f 5775 5760 5777
f 5759 5755 5766
f 5641 5656 5778
f 5779 5734 5745
f 5755 5760 5756
f 5744 5747 5749
f 5771 5768 5780
f 5780 5705 5774
f 5771 5774 5773
f 5756 5760 5775
f 5655 5675 5723
f 5734 5779 5758
f 5705 5704 5764
f 5703 5674 5704
f 5774 5705 5764
f 5753 5769 5705
f 5723 5770 5655
f 5772 5771 5775
f 5780 5774 5771
f 5773 5775 5771
f 5781 5754 5761
f 5754 5753 5761
f 5723 5674 5769
f 5766 5626 5731
f 5766 5765 5782
f 5754 5747 5740
f 5754 5783 5747
f 5626 5766 5755
f 5765 5733 5784
f 5759 5766 5782
f 5753 5768 5761
f 5769 5703 5705
f 5754 5781 5783
f 5758 5784 5733
f 5759 5777 5760
f 5761 5763 5781
f 5753 5705 5768
f 5770 5656 5655
f 5744 5740 5747
f 5776 5778 5656
f 5768 5705 5780
f 5757 5756 5774
f 5785 5786 5787
f 5788 5789 5790
f 5789 5791 5790
f 5792 5793 5788
f 5793 5792 5794
f 5794 5795 5796
f 5787 5797 5798
f 5799 5800 5801
f 5802 5803 5804
f 5787 5786 5797
f 5805 5794 5796
f 5787 5798 5806
f 5804 5807 5802
f 5800 5799 5808
f 5809 5810 5793
f 5793 5810 5789
f 5809 5793 5794
f 5801 5811 5798
f 5812 5800 5808
f 5785 5787 5813
f 5810 5809 5814
f 5810 5815 5789
f 5794 5816 5809
f 5791 5815 5808
f 5814 5817 5810
f 5818 5814 5809
f 5816 5819 5809
f 5820 5821 5812
f 5822 5823 5824
f 5825 5823 5822
f 5812 5826 5820
f 5820 5822 5827
f 5822 5820 5825
f 5827 5821 5820
f 5828 5829 5827
f 5822 5828 5827
f 5824 5828 5822
f 5801 5800 5811
f 5830 5831 5832
f 5833 5834 5835
f 5836 5837 5833
f 5838 5839 5840
f 5841 5842 5843
f 5836 5840 5839
f 5844 5845 5846
f 5847 5848 5841
f 5849 5850 5844
f 5851 5852 5853
f 5854 5848 5816
f 5816 5847 5819
f 5843 5855 5856
f 5857 5821 5827
f 5858 5859 5829
f 5860 5861 5862
f 5834 5833 5837
f 5863 5864 5865
f 5858 5828 5824
f 5829 5857 5827
f 5838 5840 5866
f 5819 5847 5867
f 5868 5860 5869
f 5870 5871 5872
f 5873 5874 5861
f 5826 5825 5820
f 5850 5875 5876
f 5856 5841 5843
f 5834 5876 5875
f 5877 5861 5874
f 5870 5878 5879
f 5833 5880 5831
f 5850 5876 5872
f 5833 5835 5880
f 5811 5800 5857
f 5878 5881 5882
f 5871 5870 5879
f 5883 5845 5871
f 5884 5885 5868
f 5863 5865 5885
f 5839 5886 5836
f 5844 5850 5871
f 5836 5833 5830
f 5856 5887 5841
f 5845 5844 5871
f 5840 5836 5888
f 5875 5850 5889
f 5874 5875 5889
f 5880 5835 5890
f 5860 5862 5869
f 5848 5842 5841
f 5811 5857 5806
f 5849 5844 5891
f 5892 5831 5880
f 5846 5891 5844
f 5874 5873 5890
f 5849 5891 5893
f 5894 5836 5830
f 5833 5831 5830
f 5881 5870 5876
f 5831 5892 5865
f 5892 5880 5890
f 5874 5889 5877
f 5889 5849 5893
f 5837 5882 5834
f 5895 5855 5864
f 5889 5893 5877
f 5857 5800 5821
f 5831 5865 5896
f 5890 5873 5892
f 5849 5889 5850
f 5897 5873 5861
f 5862 5861 5877
f 5841 5887 5847
f 5884 5895 5863
f 5898 5884 5868
f 5899 5832 5796
f 5885 5892 5897
f 5890 5835 5875
f 5897 5861 5860
f 5805 5896 5864
f 5863 5885 5884
f 5868 5885 5897
f 5826 5900 5825
f 5895 5864 5863
f 5895 5884 5898
f 5867 5847 5901
f 5805 5854 5794
f 5855 5902 5856
f 5816 5848 5847
f 5874 5890 5875
f 5881 5876 5882
f 5828 5858 5829
f 5842 5864 5843
f 5903 5904 5905
f 5834 5875 5835
f 5806 5857 5905
f 5859 5903 5829
f 5826 5906 5900
f 5821 5800 5812
f 5907 5908 5859
f 5854 5842 5848
f 5901 5847 5887
f 5832 5896 5805
f 5904 5806 5905
f 5905 5857 5829
f 5845 5909 5846
f 5910 5911 5912
f 5905 5829 5903
f 5913 5914 5915
f 5881 5878 5870
f 5904 5916 5806
f 5819 5818 5809
f 5842 5854 5805
f 5917 5918 5903
f 5836 5894 5888
f 5814 5826 5817
f 5826 5814 5906
f 5919 5920 5824
f 5818 5819 5921
f 5917 5903 5859
f 5819 5867 5921
f 5855 5895 5922
f 5818 5921 5906
f 5865 5864 5896
f 5794 5854 5816
f 5843 5864 5855
f 5842 5805 5864
f 5920 5907 5923
f 5924 5925 5917
f 5836 5886 5837
f 5832 5831 5896
f 5832 5899 5830
f 5860 5868 5897
f 5894 5926 5888
f 5851 5853 5927
f 5876 5834 5882
f 5870 5872 5876
f 5883 5928 5845
f 5879 5883 5871
f 5900 5906 5929
f 5850 5872 5871
f 5908 5930 5925
f 5845 5928 5909
f 5931 5932 5933
f 5908 5924 5859
f 5892 5885 5865
f 5851 5934 5852
f 5902 5855 5922
f 5892 5873 5897
f 5832 5805 5796
f 5930 5908 5907
f 5928 5803 5909
f 5935 5936 5937
f 5938 5939 5940
f 5941 5917 5925
f 5942 5935 5930
f 5804 5803 5928
f 5907 5943 5930
f 5811 5806 5798
f 5806 5813 5787
f 5941 5925 5937
f 5944 5945 5946
f 5941 5937 5936
f 5888 5947 5948
f 5907 5920 5919
f 5949 5930 5943
f 5935 5950 5936
f 5949 5942 5930
f 5951 5948 5952
f 5933 5866 5953
f 5950 5935 5954
f 5955 5913 5915
f 5859 5924 5917
f 5921 5929 5906
f 5956 5957 5958
f 5940 5941 5936
f 5925 5935 5937
f 5824 5920 5858
f 5938 5940 5936
f 5944 5959 5960
f 5907 5919 5943
f 5952 5961 5951
f 5948 5931 5953
f 5906 5814 5818
f 5799 5791 5808
f 5962 5915 5945
f 5801 5797 5799
f 5963 5799 5797
f 5786 5910 5797
f 5964 5965 5966
f 5899 5796 5795
f 5794 5792 5795
f 5967 5947 5899
f 5954 5935 5942
f 5859 5858 5923
f 5792 5788 5968
f 5797 5801 5798
f 5813 5806 5916
f 5969 5961 5945
f 5924 5908 5925
f 5812 5815 5817
f 5970 5915 5914
f 5894 5899 5926
f 5904 5903 5918
f 5945 5915 5970
f 5927 5965 5912
f 5927 5853 5966
f 5826 5812 5817
f 5912 5958 5971
f 5972 5968 5790
f 5851 5786 5934
f 5970 5932 5969
f 5957 5791 5963
f 5962 5973 5915
f 5792 5968 5974
f 5932 5931 5969
f 5791 5789 5815
f 5866 5933 5932
f 5945 5944 5962
f 5962 5944 5960
f 5969 5945 5970
f 5926 5947 5888
f 5951 5969 5931
f 5911 5786 5851
f 5945 5961 5946
f 5953 5866 5840
f 5959 5944 5946
f 5795 5974 5967
f 5815 5812 5808
f 5951 5931 5948
f 5955 5915 5973
f 5953 5888 5948
f 5858 5920 5923
f 5968 5788 5790
f 5975 5959 5946
f 5911 5851 5927
f 5840 5888 5953
f 5958 5946 5961
f 5976 5964 5946
f 5957 5972 5790
f 5899 5795 5967
f 5958 5952 5956
f 5962 5960 5973
f 5910 5963 5797
f 5792 5974 5795
f 5958 5976 5946
f 5958 5961 5952
f 5952 5948 5947
f 5977 5956 5952
f 5923 5907 5859
f 5966 5975 5964
f 5925 5930 5935
f 5815 5810 5817
f 5963 5971 5957
f 5971 5963 5910
f 5972 5974 5968
f 5977 5947 5967
f 5947 5977 5952
f 5912 5911 5927
f 5912 5971 5910
f 5956 5972 5957
f 5967 5974 5956
f 5972 5956 5974
f 5969 5951 5961
f 5965 5927 5966
f 5957 5790 5791
f 5958 5957 5971
f 5934 5786 5785
f 5894 5830 5899
f 5976 5958 5912
f 5977 5967 5956
f 5933 5953 5931
f 5964 5976 5965
f 5853 5975 5966
f 5791 5799 5963
f 5946 5964 5975
f 5911 5910 5786
f 5965 5976 5912
f 5788 5793 5789
f 5926 5899 5947
f 5978 5979 5980
f 5981 5982 5983
f 5984 5985 5986
f 5981 5983 5987
f 5988 5989 5990
f 5991 5992 5993
f 5994 5995 5996
f 5992 5997 5998
f 5999 6000 6001
f 6002 5998 6003
f 6004 5982 5981
f 5983 6005 5987
f 5998 5997 6003
f 6006 6007 5991
f 5997 6007 6008
f 6009 6010 6011
f 6012 6013 6014
f 6015 6008 5985
f 6003 6015 6016
f 6001 6017 5999
f 6018 6019 6020
f 6007 6021 6022
f 6023 6024 6004
f 6025 6026 6027
f 6028 5985 6008
f 6029 6030 6031
f 6014 6032 6033
f 6026 6001 6034
f 6016 6002 6003
f 6008 6007 6022
f 6031 6035 6029
f 6036 6037 6038
f 6039 6031 6040
f 5999 6041 6042
f 6021 6028 6022
f 6001 6000 6043
f 6015 5997 6008
f 6044 6045 5979
f 6031 6030 5989
f 6046 6030 6036
f 5985 6028 5986
f 5988 6040 6031
f 6046 6036 6038
f 5988 6021 6047
f 6048 6049 6050
f 6017 6025 6051
f 6049 6052 6053
f 6048 6052 6049
f 6016 6015 6054
f 6029 6055 6036
f 6040 5996 5995
f 6030 6029 6036
f 6020 6037 6036
f 6044 5979 5978
f 6004 5981 6056
f 6057 6058 6055
f 6059 6053 6052
f 6005 6021 6007
f 5986 6060 6041
f 6061 6062 6046
f 6063 6062 6041
f 6021 5988 5990
f 6042 6000 5999
f 6047 6064 6065
f 6005 6064 6021
f 6027 6066 6025
f 6042 6062 6061
f 6063 5989 6030
f 5993 5987 5991
f 6051 6025 5986
f 6055 6020 6036
f 6025 5984 5986
f 5983 5994 6005
f 6027 6067 6068
f 6004 5992 6023
f 6057 6035 6039
f 6022 6028 6008
f 6045 6023 5992
f 6069 6070 6071
f 6029 6057 6055
f 6072 6073 6074
f 6075 6076 6077
f 6020 6055 6058
f 5990 5989 6028
f 6078 6048 6050
f 6047 6065 5988
f 6079 6078 6004
f 6080 6081 6082
f 6031 6039 6035
f 6035 6057 6029
f 6045 5992 5998
f 5992 6056 5993
f 6077 6076 6083
f 6072 6084 6085
f 6028 6021 5990
f 5988 5996 6040
f 6086 6081 6087
f 5987 6006 5991
f 6041 6062 6042
f 6070 6069 6088
f 6087 6075 6077
f 6089 5995 5994
f 5995 6090 6057
f 6091 6087 6081
f 6077 6083 6087
f 6087 6091 6092
f 5978 6093 6044
f 6060 5989 6063
f 6094 6085 6084
f 6088 6095 6096
f 6097 6071 6070
f 6098 6071 6097
f 6088 6096 6099
f 6005 6007 6006
f 6017 6041 5999
f 5994 5996 6064
f 6093 6023 6045
f 6050 5983 5982
f 6071 6098 6100
f 6056 5992 6004
f 6101 6080 6043
f 5992 5991 5997
f 6102 6103 6104
f 6098 6105 6085
f 6081 6086 6082
f 6007 5997 5991
f 6026 6025 6017
f 6024 6023 6093
f 5997 6015 6003
f 6072 6074 6084
f 6034 6001 6043
f 5989 6060 6028
f 6086 6087 6103
f 6087 6083 6103
f 6050 5982 6078
f 6063 6030 6046
f 6028 6060 5986
f 6017 6051 6041
f 6106 6070 6088
f 5987 5993 5981
f 6021 6064 6047
f 5979 6045 6002
f 6011 5980 5979
f 5982 6004 6078
f 6100 6098 6085
f 6045 5998 6002
f 6107 6102 6104
f 6039 6040 5995
f 6080 6101 6081
f 6062 6063 6046
f 5985 5984 6015
f 6001 6026 6017
f 6085 6105 6072
f 6095 6102 6096
f 6038 6061 6046
f 6034 6043 6080
f 5996 6065 6064
f 6102 6099 6096
f 6054 6015 5984
f 6006 5987 6005
f 6020 6058 6018
f 6060 6063 6041
f 5993 6056 5981
f 6066 6054 6025
f 5984 6025 6054
f 6043 6000 6108
f 6109 6110 6000
f 6102 6107 6099
f 6095 6088 6069
f 5983 6050 6111
f 6037 6112 6113
f 6075 6087 6092
f 6054 6114 6016
f 6109 6000 6042
f 6115 6092 6116
f 6101 6043 6117
f 6118 6116 6092
f 6089 5994 6111
f 6119 6120 6110
f 6092 6121 6075
f 6115 6122 6120
f 6101 6118 6091
f 6116 6117 6115
f 6057 6090 6058
f 6119 6109 6123
f 6070 6106 6097
f 6104 6103 6083
f 6124 6125 6032
f 6126 6032 6127
f 6058 6090 6018
f 6053 6059 6128
f 6103 6082 6086
f 6041 6051 5986
f 6128 6059 6129
f 6130 6059 6052
f 6131 6132 6125
f 5994 6064 6005
f 6126 6124 6032
f 6092 6091 6118
f 6065 5996 5988
f 6131 6125 6124
f 6120 6121 6115
f 6118 6101 6116
f 6024 6079 6004
f 6110 6109 6119
f 6122 6117 6108
f 6133 6134 6135
f 6135 6129 6133
f 6136 6059 6137
f 6125 6134 6138
f 6052 6048 6139
f 6061 6038 6123
f 6031 5989 5988
f 6140 6141 6112
f 6108 6000 6122
f 6043 6108 6117
f 6114 6054 6066
f 6142 6011 6143
f 6045 6044 6093
f 6144 6145 6139
f 6146 6147 6102
f 6111 5994 5983
f 6134 6148 6138
f 6145 6149 6150
f 6138 6148 6151
f 6129 6059 6136
f 6152 6011 5979
f 6153 6067 6154
f 6145 6024 6149
f 6151 6024 6138
f 6024 6093 6138
f 6078 6079 6155
f 6153 6152 6114
f 6138 6093 6125
f 6127 6032 6156
f 6009 6012 6010
f 6137 6157 6136
f 6158 6159 6160
f 6148 6161 6151
f 6162 6163 6164
f 6082 6103 6147
f 6160 6159 6165
f 6011 6142 6009
f 6150 6130 6139
f 6130 6150 6059
f 6166 6014 6033
f 6129 6136 6133
f 6167 6013 6009
f 6168 6164 6163
f 6156 6032 6014
f 6144 6048 6078
f 6155 6144 6078
f 6027 6068 6153
f 6134 6125 6132
f 6157 6133 6136
f 6048 6144 6139
f 6169 6142 6143
f 6133 6148 6134
f 6148 6133 6157
f 6084 6170 6171
f 5978 5980 6010
f 6160 6172 6173
f 6174 6175 6100
f 6168 6174 6176
f 6155 6079 6144
f 6024 6161 6149
f 6067 6034 6080
f 6102 6095 6146
f 6157 6137 6161
f 6052 6139 6130
f 6079 6145 6144
f 6161 6024 6151
f 6024 6145 6079
f 6177 6163 6178
f 6179 6177 6180
f 6139 6145 6150
f 6100 6176 6174
f 6137 6149 6161
f 6149 6137 6150
f 6014 6013 6172
f 6161 6148 6157
f 6176 6164 6168
f 6181 6169 6177
f 6160 6173 6158
f 6147 6080 6082
f 6182 6173 6013
f 6173 6172 6013
f 6181 6167 6169
f 6178 6183 6177
f 6172 6160 6165
f 6184 6158 6173
f 6185 6181 6177
f 6171 6176 6094
f 6177 6169 6180
f 6158 6184 6186
f 6187 6174 6188
f 6178 6189 6183
f 6176 6171 6170
f 6154 6187 6143
f 6185 6190 6191
f 6014 6172 6156
f 6184 6182 6191
f 6192 6183 6189
f 6178 6163 6193
f 6179 6180 6188
f 6189 6178 6193
f 6190 6185 6192
f 6103 6102 6147
f 6191 6190 6184
f 6185 6183 6192
f 6175 6146 6194
f 6153 6066 6027
f 6175 6154 6067
f 6163 6162 6193
f 6162 6164 6170
f 6195 6170 6084
f 6196 6197 6158
f 6180 6169 6143
f 6170 6195 6162
f 6182 6184 6173
f 6114 6002 6016
f 6176 6100 6094
f 6071 6175 6194
f 6010 6166 5978
f 6112 6037 6198
f 6152 5979 6002
f 6143 6011 6154
f 6109 6042 6061
f 6110 6122 6000
f 6188 6168 6179
f 6123 6038 6199
f 6012 6166 6010
f 6174 6187 6175
f 6141 6199 6113
f 6112 6200 6140
f 6080 6147 6067
f 6194 6069 6071
f 6081 6101 6091
f 6033 6032 6125
f 6100 6175 6071
f 6085 6094 6100
f 6166 6033 5978
f 6034 6067 6027
f 6169 6167 6009
f 6169 6009 6142
f 6201 6165 6159
f 6146 6095 6194
f 6084 6171 6094
f 6154 6175 6187
f 6177 6183 6185
f 6174 6168 6188
f 6180 6143 6187
f 6146 6067 6147
f 6038 6037 6113
f 6115 6117 6122
f 6117 6116 6101
f 6093 5978 6033
f 6152 6154 6011
f 6186 6196 6158
f 6191 6181 6185
f 6020 6019 6198
f 6092 6115 6121
f 6123 6109 6061
f 6014 6166 6012
f 6012 6009 6013
f 6191 6167 6181
f 6198 6200 6112
f 6113 6199 6038
f 6069 6194 6095
f 6113 6112 6141
f 6187 6188 6180
f 6198 6037 6020
f 6002 6114 6152
f 6184 6190 6186
f 6066 6153 6114
f 6158 6197 6159
f 6110 6120 6122
f 6164 6176 6170
f 6156 6165 6201
f 6027 6026 6034
f 6179 6168 6163
f 6167 6191 6182
f 6163 6177 6179
f 6167 6182 6013
f 6156 6172 6165
f 6152 6153 6154
f 6125 6093 6033
f 6011 6010 5980
f 6153 6068 6067
f 6150 6137 6059
f 6057 6039 5995
f 6067 6146 6175
f 6202 6203 6204
f 6205 6206 6207
f 6208 6209 6210
f 6211 6212 6213
f 6205 6214 6206
f 6215 6216 6217
f 6206 6214 6218
f 6219 6220 6218
f 6221 6222 6223
f 6224 6225 6223
f 6226 6225 6204
f 6219 6227 6220
f 6228 6227 6219
f 6229 6230 6231
f 6232 6227 6228
f 6233 6234 6230
f 6235 6236 6221
f 6220 6227 6232
f 6237 6232 6233
f 6238 6239 6240
f 6230 6236 6241
f 6226 6235 6221
f 6242 6204 6225
f 6241 6243 6230
f 6237 6244 6232
f 6245 6246 6247
f 6248 6235 6226
f 6244 6237 6249
f 6250 6251 6252
f 6251 6248 6253
f 6254 6250 6252
f 6255 6256 6257
f 6258 6251 6253
f 6215 6213 6259
f 6252 6258 6260
f 6261 6228 6219
f 6260 6262 6252
f 6263 6264 6260
f 6252 6262 6254
f 6259 6265 6266
f 6238 6264 6263
f 6264 6267 6262
f 6238 6268 6264
f 6249 6254 6244
f 6267 6264 6268
f 6268 6269 6270
f 6267 6268 6270
f 6271 6272 6273
f 6274 6270 6275
f 6276 6274 6275
f 6270 6274 6277
f 6236 6230 6222
f 6277 6274 6278
f 6220 6232 6244
f 6275 6270 6269
f 6277 6279 6280
f 6280 6279 6281
f 6250 6254 6249
f 6281 6282 6283
f 6282 6284 6285
f 6286 6287 6288
f 6250 6243 6241
f 6225 6221 6223
f 6289 6209 6208
f 6221 6236 6222
f 6229 6290 6222
f 6235 6241 6236
f 6252 6251 6258
f 6291 6292 6293
f 6221 6225 6226
f 6217 6211 6215
f 6294 6277 6280
f 6295 6265 6259
f 6282 6281 6279
f 6243 6250 6249
f 6296 6266 6265
f 6271 6266 6297
f 6279 6277 6278
f 6262 6260 6264
f 6297 6272 6271
f 6224 6298 6242
f 6299 6300 6256
f 6216 6215 6301
f 6243 6233 6230
f 6302 6286 6303
f 6228 6261 6304
f 6305 6246 6306
f 6225 6224 6242
f 6232 6228 6234
f 6276 6278 6274
f 6211 6213 6215
f 6296 6265 6307
f 6251 6235 6248
f 6285 6308 6283
f 6204 6242 6202
f 6272 6297 6309
f 6231 6234 6304
f 6310 6311 6300
f 6312 6260 6258
f 6230 6229 6222
f 6313 6296 6307
f 6314 6315 6316
f 6317 6307 6265
f 6233 6232 6234
f 6318 6319 6320
f 6235 6251 6241
f 6234 6228 6304
f 6213 6212 6321
f 6321 6317 6213
f 6231 6230 6234
f 6266 6271 6259
f 6296 6313 6322
f 6323 6324 6325
f 6307 6317 6326
f 6297 6327 6309
f 6328 6282 6329
f 6330 6331 6332
f 6237 6233 6243
f 6237 6243 6249
f 6285 6283 6282
f 6251 6250 6241
f 6333 6334 6335
f 6336 6337 6338
f 6339 6333 6340
f 6212 6341 6321
f 6337 6336 6210
f 6317 6321 6342
f 6343 6322 6313
f 6344 6327 6297
f 6322 6343 6344
f 6309 6327 6324
f 6298 6224 6345
f 6309 6323 6346
f 6305 6313 6347
f 6283 6308 6348
f 6306 6313 6305
f 6313 6349 6343
f 6314 6350 6351
f 6352 6344 6343
f 6324 6323 6309
f 6353 6354 6355
f 6327 6356 6324
f 6321 6341 6247
f 6271 6273 6339
f 6343 6349 6357
f 6313 6306 6349
f 6301 6215 6259
f 6356 6327 6352
f 6342 6247 6246
f 6207 6294 6358
f 6349 6359 6357
f 6246 6245 6306
f 6352 6343 6360
f 6361 6346 6362
f 6254 6363 6364
f 6365 6310 6366
f 6360 6343 6357
f 6360 6367 6352
f 6356 6352 6367
f 6319 6368 6331
f 6271 6339 6340
f 6286 6302 6287
f 6369 6370 6319
f 6278 6276 6300
f 6325 6367 6371
f 6346 6325 6362
f 6372 6247 6373
f 6342 6246 6347
f 6328 6284 6282
f 6374 6357 6292
f 6245 6375 6359
f 6342 6321 6247
f 6362 6325 6376
f 6371 6376 6325
f 6377 6378 6345
f 6332 6362 6330
f 6324 6356 6325
f 6377 6224 6379
f 6284 6373 6285
f 6245 6247 6372
f 6302 6208 6210
f 6292 6375 6293
f 6345 6378 6298
f 6372 6375 6245
f 6290 6379 6223
f 6375 6380 6293
f 6381 6371 6367
f 6330 6362 6376
f 6382 6255 6318
f 6325 6346 6323
f 6328 6372 6284
f 6379 6224 6223
f 6366 6299 6383
f 6384 6374 6292
f 6357 6374 6360
f 6329 6282 6279
f 6384 6381 6374
f 6372 6380 6375
f 6291 6385 6292
f 6381 6384 6371
f 6386 6330 6376
f 6332 6331 6368
f 6340 6259 6271
f 6365 6376 6387
f 6386 6365 6366
f 6380 6372 6328
f 6371 6384 6388
f 6266 6296 6297
f 6267 6270 6389
f 6386 6366 6330
f 6390 6287 6210
f 6371 6388 6387
f 6331 6330 6320
f 6295 6317 6265
f 6391 6239 6392
f 6366 6383 6330
f 6393 6394 6395
f 6387 6388 6385
f 6385 6291 6329
f 6329 6291 6380
f 6382 6383 6299
f 6387 6385 6310
f 6310 6329 6311
f 6329 6380 6328
f 6317 6342 6326
f 6295 6213 6317
f 6368 6319 6370
f 6331 6320 6319
f 6396 6298 6397
f 6319 6318 6369
f 6390 6336 6397
f 6311 6278 6300
f 6310 6300 6299
f 6329 6279 6311
f 6257 6318 6255
f 6257 6351 6318
f 6279 6278 6311
f 6351 6315 6314
f 6351 6257 6398
f 6299 6256 6255
f 6382 6299 6255
f 6398 6315 6351
f 6257 6399 6398
f 6299 6366 6310
f 6399 6400 6398
f 6288 6303 6286
f 6256 6399 6257
f 6315 6398 6400
f 6315 6400 6316
f 6240 6399 6256
f 6376 6365 6386
f 6401 6316 6400
f 6401 6400 6239
f 6402 6354 6333
f 6275 6240 6256
f 6239 6393 6392
f 6269 6268 6240
f 6337 6203 6338
f 6392 6393 6395
f 6288 6287 6403
f 6392 6395 6404
f 6391 6404 6405
f 6202 6298 6396
f 6209 6337 6210
f 6404 6406 6405
f 6395 6406 6404
f 6340 6333 6335
f 6263 6407 6393
f 6254 6389 6363
f 6256 6276 6275
f 6408 6358 6294
f 6399 6240 6239
f 6269 6240 6275
f 6332 6361 6362
f 6359 6349 6306
f 6320 6383 6382
f 6302 6210 6287
f 6333 6354 6334
f 6340 6335 6301
f 6367 6360 6381
f 6294 6389 6277
f 6284 6372 6373
f 6364 6218 6220
f 6354 6353 6334
f 6374 6381 6360
f 6301 6335 6409
f 6364 6220 6244
f 6375 6357 6359
f 6367 6325 6356
f 6357 6375 6292
f 6303 6208 6302
f 6404 6391 6392
f 6350 6369 6318
f 6239 6400 6399
f 6238 6263 6393
f 6318 6351 6350
f 6389 6207 6206
f 6410 6353 6355
f 6318 6320 6382
f 6256 6300 6276
f 6342 6307 6326
f 6239 6238 6393
f 6411 6348 6412
f 6406 6395 6394
f 6296 6322 6344
f 6359 6306 6245
f 6310 6365 6387
f 6387 6376 6371
f 6385 6388 6292
f 6242 6298 6202
f 6216 6301 6409
f 6383 6320 6330
f 6296 6344 6297
f 6329 6310 6385
f 6210 6336 6390
f 6413 6226 6204
f 6204 6203 6413
f 6226 6413 6248
f 6414 6415 6248
f 6203 6337 6209
f 6414 6416 6415
f 6248 6415 6417
f 6253 6248 6417
f 6418 6417 6415
f 6303 6419 6289
f 6416 6209 6420
f 6289 6419 6421
f 6347 6313 6307
f 6422 6418 6423
f 6209 6424 6420
f 6419 6425 6421
f 6426 6419 6427
f 6253 6417 6258
f 6240 6268 6238
f 6418 6428 6429
f 6430 6431 6420
f 6421 6425 6430
f 6417 6432 6258
f 6218 6364 6206
f 6426 6425 6419
f 6431 6430 6433
f 6208 6303 6289
f 6434 6312 6432
f 6293 6380 6291
f 6312 6434 6407
f 6433 6425 6426
f 6435 6436 6422
f 6424 6209 6289
f 6421 6430 6420
f 6389 6294 6207
f 6338 6203 6202
f 6333 6339 6402
f 6430 6425 6433
f 6267 6389 6254
f 6437 6231 6304
f 6336 6396 6397
f 6259 6213 6295
f 6358 6438 6207
f 6439 6434 6440
f 6439 6394 6434
f 6416 6428 6418
f 6441 6438 6358
f 6442 6443 6411
f 6432 6436 6434
f 6396 6336 6338
f 6401 6239 6391
f 6436 6440 6434
f 6427 6419 6303
f 6259 6340 6301
f 6418 6422 6417
f 6223 6222 6290
f 6363 6389 6206
f 6258 6432 6312
f 6203 6209 6414
f 6348 6411 6443
f 6292 6388 6384
f 6436 6432 6422
f 6416 6420 6428
f 6229 6231 6444
f 6442 6441 6408
f 6231 6437 6445
f 6436 6435 6440
f 6414 6413 6203
f 6420 6431 6428
f 6417 6422 6432
f 6443 6281 6283
f 6434 6394 6407
f 6280 6281 6294
f 6416 6418 6415
f 6335 6446 6409
f 6423 6418 6429
f 6394 6439 6406
f 6416 6414 6209
f 6244 6254 6364
f 6441 6358 6408
f 6307 6342 6347
f 6335 6334 6446
f 6421 6420 6424
f 6224 6377 6345
f 6294 6281 6408
f 6267 6254 6262
f 6413 6414 6248
f 6408 6443 6442
f 6246 6305 6347
f 6444 6231 6445
f 6352 6327 6344
f 6421 6424 6289
f 6312 6407 6260
f 6263 6260 6407
f 6353 6447 6334
f 6396 6338 6202
f 6363 6206 6364
f 6334 6447 6446
f 6438 6205 6207
f 6281 6443 6408
f 6394 6393 6407
f 6443 6283 6348
f 6389 6270 6277
f 6448 6449 6450
f 6451 6452 6453
f 6454 6452 6455
f 6456 6457 6458
f 6459 6460 6461
f 6462 6455 6463
f 6464 6465 6452
f 6466 6467 6468
f 6469 6470 6461
f 6471 6472 6473
f 6474 6475 6476
f 6477 6470 6478
f 6452 6479 6453
f 6480 6481 6482
f 6483 6475 6448
f 6451 6453 6484
f 6470 6477 6461
f 6485 6486 6487
f 6488 6489 6490
f 6482 6481 6491
f 6451 6455 6452
f 6492 6493 6494
f 6495 6496 6497
f 6498 6469 6461
f 6499 6500 6501
f 6502 6466 6503
f 6504 6500 6505
f 6485 6506 6486
f 6471 6473 6507
f 6481 6480 6508
f 6509 6510 6511
f 6460 6459 6501
f 6510 6509 6512
f 6459 6461 6477
f 6479 6480 6482
f 6513 6514 6483
f 6515 6516 6517
f 6518 6519 6520
f 6518 6463 6519
f 6521 6522 6523
f 6524 6525 6526
f 6527 6528 6529
f 6510 6512 6458
f 6469 6530 6470
f 6519 6531 6520
f 6530 6469 6472
f 6532 6533 6534
f 6489 6530 6472
f 6501 6500 6504
f 6535 6449 6536
f 6537 6488 6490
f 6455 6451 6538
f 6480 6465 6539
f 6537 6540 6488
f 6452 6454 6464
f 6541 6476 6542
f 6514 6543 6544
f 6455 6538 6463
f 6545 6522 6529
f 6546 6503 6468
f 6491 6481 6457
f 6457 6456 6491
f 6492 6547 6548
f 6549 6462 6550
f 6551 6552 6525
f 6508 6539 6553
f 6540 6530 6488
f 6513 6448 6450
f 6554 6555 6556
f 6557 6558 6559
f 6560 6561 6562
f 6465 6480 6452
f 6563 6474 6564
f 6565 6566 6567
f 6568 6569 6467
f 6556 6555 6570
f 6571 6570 6572
f 6573 6474 6574
f 6575 6576 6577
f 6560 6555 6554
f 6576 6517 6527
f 6578 6558 6579
f 6580 6474 6573
f 6556 6561 6554
f 6475 6581 6448
f 6534 6563 6564
f 6534 6564 6532
f 6582 6496 6495
f 6564 6583 6532
f 6490 6584 6537
f 6480 6479 6452
f 6585 6586 6560
f 6554 6561 6560
f 6545 6528 6543
f 6587 6561 6588
f 6529 6521 6527
f 6589 6590 6591
f 6535 6592 6449
f 6543 6527 6517
f 6555 6586 6593
f 6533 6574 6563
f 6481 6553 6594
f 6574 6510 6573
f 6595 6596 6597
f 6598 6532 6599
f 6544 6475 6483
f 6600 6601 6542
f 6490 6602 6584
f 6499 6477 6478
f 6593 6558 6555
f 6458 6536 6573
f 6532 6583 6599
f 6587 6591 6561
f 6498 6461 6603
f 6544 6543 6517
f 6453 6531 6484
f 6604 6605 6606
f 6588 6606 6607
f 6589 6518 6520
f 6505 6500 6608
f 6587 6518 6591
f 6581 6580 6609
f 6457 6535 6458
f 6610 6535 6457
f 6556 6570 6571
f 6611 6451 6484
f 6463 6518 6612
f 6583 6564 6541
f 6613 6493 6614
f 6615 6493 6616
f 6547 6494 6468
f 6571 6588 6556
f 6568 6617 6618
f 6614 6615 6619
f 6569 6620 6507
f 6451 6611 6538
f 6546 6526 6621
f 6467 6569 6468
f 6487 6622 6623
f 6624 6524 6625
f 6576 6527 6577
f 6571 6604 6588
f 6531 6519 6484
f 6472 6626 6473
f 6627 6598 6599
f 6493 6613 6494
f 6604 6571 6572
f 6628 6629 6630
f 6536 6458 6535
f 6606 6605 6607
f 6525 6524 6551
f 6533 6532 6598
f 6620 6568 6618
f 6460 6603 6461
f 6555 6558 6570
f 6459 6499 6501
f 6567 6631 6632
f 6492 6494 6547
f 6633 6624 6625
f 6634 6572 6570
f 6600 6517 6516
f 6635 6505 6608
f 6590 6589 6562
f 6547 6636 6548
f 6608 6637 6635
f 6573 6510 6458
f 6634 6570 6558
f 6593 6579 6558
f 6638 6566 6593
f 6625 6614 6619
f 6539 6465 6464
f 6579 6593 6565
f 6639 6640 6450
f 6641 6449 6592
f 6610 6481 6594
f 6641 6639 6450
f 6464 6596 6642
f 6643 6604 6572
f 6520 6562 6589
f 6551 6524 6624
f 6502 6546 6621
f 6572 6634 6643
f 6558 6557 6634
f 6587 6612 6518
f 6565 6593 6566
f 6590 6561 6591
f 6644 6605 6643
f 6582 6502 6496
f 6634 6645 6643
f 6525 6552 6646
f 6630 6565 6567
f 6647 6618 6617
f 6588 6561 6556
f 6565 6630 6579
f 6648 6607 6649
f 6596 6464 6454
f 6645 6472 6650
f 6651 6640 6652
f 6579 6630 6578
f 6591 6518 6589
f 6488 6530 6489
f 6626 6469 6498
f 6634 6557 6645
f 6566 6631 6567
f 6604 6643 6605
f 6632 6630 6567
f 6598 6627 6653
f 6624 6522 6552
f 6578 6630 6629
f 6512 6456 6458
f 6462 6454 6455
f 6654 6655 6656
f 6657 6652 6552
f 6639 6597 6658
f 6657 6552 6522
f 6494 6613 6546
f 6658 6646 6640
f 6596 6659 6642
f 6602 6645 6557
f 6629 6602 6557
f 6647 6507 6618
f 6543 6514 6545
f 6607 6587 6588
f 6557 6559 6629
f 6549 6550 6660
f 6559 6578 6629
f 6514 6657 6522
f 6661 6658 6597
f 6586 6555 6560
f 6464 6642 6539
f 6495 6497 6649
f 6503 6466 6468
f 6592 6662 6641
f 6569 6547 6468
f 6475 6544 6600
f 6652 6646 6552
f 6586 6638 6593
f 6612 6587 6663
f 6481 6508 6553
f 6664 6665 6666
f 6642 6553 6539
f 6646 6652 6640
f 6630 6632 6628
f 6612 6648 6667
f 6648 6612 6663
f 6651 6513 6450
f 6522 6545 6514
f 6668 6669 6632
f 6647 6617 6644
f 6620 6618 6507
f 6655 6670 6656
f 6595 6662 6659
f 6663 6607 6648
f 6502 6503 6546
f 6602 6489 6645
f 6657 6514 6671
f 6643 6645 6650
f 6655 6500 6670
f 6584 6602 6672
f 6668 6632 6631
f 6654 6629 6628
f 6450 6640 6651
f 6652 6671 6651
f 6639 6662 6595
f 6493 6492 6616
f 6659 6592 6594
f 6490 6489 6602
f 6646 6658 6525
f 6466 6568 6467
f 6563 6574 6474
f 6629 6654 6672
f 6659 6596 6595
f 6507 6647 6471
f 6619 6673 6633
f 6594 6592 6610
f 6523 6674 6487
f 6675 6676 6507
f 6660 6497 6661
f 6665 6677 6666
f 6678 6679 6575
f 6656 6672 6654
f 6553 6642 6680
f 6681 6669 6668
f 6621 6497 6496
f 6682 6650 6472
f 6652 6657 6671
f 6562 6561 6590
f 6680 6659 6594
f 6654 6681 6655
f 6582 6495 6683
f 6523 6487 6623
f 6683 6617 6568
f 6684 6537 6656
f 6661 6597 6660
f 6654 6628 6669
f 6551 6624 6552
f 6639 6658 6640
f 6602 6629 6672
f 6606 6588 6604
f 6487 6674 6485
f 6607 6617 6683
f 6513 6651 6671
f 6525 6661 6497
f 6449 6641 6450
f 6462 6667 6648
f 6654 6669 6681
f 6664 6681 6668
f 6661 6525 6658
f 6665 6664 6668
f 6476 6541 6564
f 6669 6628 6632
f 6540 6478 6470
f 6649 6550 6648
f 6597 6596 6660
f 6587 6607 6663
f 6549 6596 6454
f 6592 6659 6662
f 6454 6462 6549
f 6537 6584 6656
f 6595 6597 6639
f 6584 6672 6656
f 6660 6596 6549
f 6594 6553 6680
f 6471 6647 6682
f 6550 6649 6497
f 6642 6659 6680
f 6463 6667 6462
f 6617 6605 6644
f 6667 6463 6612
f 6643 6650 6644
f 6472 6471 6682
f 6559 6558 6578
f 6462 6648 6550
f 6513 6671 6514
f 6621 6525 6497
f 6664 6655 6681
f 6682 6647 6644
f 6573 6609 6580
f 6522 6521 6529
f 6478 6540 6537
f 6685 6655 6664
f 6644 6650 6682
f 6537 6684 6478
f 6605 6617 6607
f 6626 6472 6469
f 6495 6649 6607
f 6656 6670 6684
f 6637 6666 6677
f 6664 6666 6637
f 6685 6664 6637
f 6684 6499 6478
f 6677 6686 6637
f 6563 6534 6533
f 6685 6637 6608
f 6655 6685 6608
f 6684 6670 6499
f 6686 6635 6637
f 6608 6500 6655
f 6670 6500 6499
f 6622 6487 6486
f 6466 6502 6582
f 6533 6687 6511
f 6494 6546 6468
f 6625 6619 6633
f 6569 6507 6676
f 6475 6474 6581
f 6577 6623 6622
f 6616 6492 6548
f 6569 6676 6547
f 6624 6633 6523
f 6533 6511 6510
f 6542 6476 6475
f 6639 6641 6662
f 6609 6573 6536
f 6581 6609 6449
f 6483 6514 6544
f 6489 6472 6645
f 6673 6523 6633
f 6625 6524 6614
f 6497 6660 6550
f 6526 6525 6621
f 6611 6463 6538
f 6568 6582 6683
f 6569 6568 6620
f 6564 6474 6476
f 6622 6486 6506
f 6493 6615 6614
f 6683 6495 6607
f 6547 6676 6636
f 6516 6601 6600
f 6609 6536 6449
f 6527 6521 6623
f 6526 6614 6524
f 6457 6481 6610
f 6598 6653 6687
f 6510 6574 6533
f 6449 6448 6581
f 6592 6535 6610
f 6527 6623 6577
f 6448 6513 6483
f 6600 6542 6475
f 6517 6679 6515
f 6523 6673 6674
f 6688 6585 6560
f 6581 6474 6580
f 6582 6568 6466
f 6679 6576 6575
f 6528 6545 6529
f 6523 6623 6521
f 6613 6526 6546
f 6517 6600 6544
f 6562 6688 6560
f 6679 6517 6576
f 6562 6520 6688
f 6528 6527 6543
f 6484 6519 6611
f 6496 6502 6621
f 6477 6499 6459
f 6507 6473 6675
f 6540 6470 6530
f 6523 6522 6624
f 6539 6508 6480
f 6614 6526 6613
f 6611 6519 6463
f 6687 6533 6598
f 6689 6690 6691
f 6692 6693 6694
f 6695 6696 6697
f 6694 6693 6698
f 6699 6700 6692
f 6701 6702 6703
f 6704 6705 6706
f 6707 6708 6709
f 6710 6711 6712
f 6713 6714 6715
f 6716 6717 6718
f 6710 6712 6719
f 6703 6720 6701
f 6721 6722 6701
f 6723 6699 6692
f 6706 6699 6724
f 6718 6725 6716
f 6726 6727 6728
f 6704 6729 6730
f 6731 6732 6733
f 6734 6735 6736
f 6694 6737 6723
f 6738 6699 6723
f 6739 6737 6694
f 6740 6741 6742
f 6696 6743 6744
f 6695 6716 6745
f 6738 6724 6699
f 6725 6718 6689
f 6746 6693 6692
f 6747 6748 6749
f 6732 6750 6751
f 6752 6753 6754
f 6755 6756 6757
f 6738 6723 6737
f 6714 6739 6758
f 6704 6706 6724
f 6759 6760 6761
f 6762 6737 6739
f 6689 6691 6763
f 6760 6749 6764
f 6765 6766 6767
f 6768 6769 6770
f 6771 6772 6773
f 6756 6774 6775
f 6776 6758 6739
f 6777 6778 6733
f 6779 6780 6781
f 6782 6758 6776
f 6783 6784 6774
f 6785 6786 6787
f 6788 6789 6776
f 6739 6714 6762
f 6790 6791 6792
f 6707 6709 6793
f 6756 6755 6794
f 6763 6725 6689
f 6768 6795 6751
f 6784 6796 6774
f 6727 6702 6797
f 6747 6798 6799
f 6765 6767 6800
f 6768 6801 6691
f 6802 6791 6790
f 6729 6724 6803
f 6804 6805 6806
f 6807 6750 6731
f 6695 6745 6808
f 6704 6730 6705
f 6809 6810 6811
f 6702 6701 6797
f 6812 6762 6813
f 6733 6732 6777
f 6814 6791 6794
f 6742 6759 6815
f 6816 6710 6817
f 6808 6696 6695
f 6690 6718 6818
f 6819 6744 6820
f 6696 6744 6697
f 6803 6779 6821
f 6822 6823 6697
f 6824 6825 6826
f 6720 6734 6736
f 6712 6711 6827
f 6740 6828 6819
f 6829 6830 6805
f 6722 6797 6701
f 6697 6744 6828
f 6738 6803 6724
f 6831 6832 6767
f 6772 6745 6725
f 6811 6833 6812
f 6722 6727 6797
f 6779 6781 6821
f 6834 6835 6836
f 6762 6837 6809
f 6718 6717 6838
f 6725 6763 6772
f 6838 6818 6718
f 6839 6773 6840
f 6841 6842 6843
f 6841 6771 6839
f 6691 6801 6840
f 6844 6845 6799
f 6753 6846 6847
f 6848 6780 6833
f 6799 6849 6850
f 6841 6840 6851
f 6852 6831 6853
f 6722 6854 6781
f 6703 6855 6741
f 6744 6819 6828
f 6856 6827 6857
f 6748 6850 6858
f 6756 6859 6783
f 6789 6788 6775
f 6837 6714 6713
f 6851 6807 6860
f 6692 6700 6861
f 6810 6857 6766
f 6781 6780 6728
f 6798 6742 6862
f 6860 6841 6851
f 6863 6864 6865
f 6855 6866 6741
f 6780 6726 6728
f 6716 6695 6697
f 6842 6841 6860
f 6768 6750 6851
f 6809 6813 6762
f 6842 6860 6786
f 6850 6748 6747
f 6867 6752 6868
f 6807 6851 6750
f 6721 6869 6730
f 6691 6818 6769
f 6771 6841 6843
f 6735 6734 6870
f 6790 6792 6836
f 6871 6826 6825
f 6851 6801 6768
f 6717 6872 6838
f 6802 6790 6836
f 6811 6873 6833
f 6833 6780 6779
f 6727 6874 6702
f 6875 6809 6837
f 6874 6844 6798
f 6836 6835 6802
f 6876 6835 6834
f 6694 6788 6739
f 6722 6721 6854
f 6755 6814 6794
f 6791 6802 6877
f 6873 6811 6878
f 6877 6879 6791
f 6880 6835 6876
f 6742 6828 6740
f 6848 6833 6873
f 6768 6770 6795
f 6881 6802 6835
f 6711 6857 6827
f 6832 6831 6852
f 6791 6879 6794
f 6835 6882 6881
f 6882 6835 6880
f 6756 6883 6859
f 6884 6786 6807
f 6823 6872 6717
f 6707 6793 6700
f 6706 6700 6699
f 6822 6872 6823
f 6885 6886 6887
f 6732 6731 6750
f 6845 6853 6799
f 6819 6888 6740
f 6750 6768 6751
f 6889 6890 6882
f 6810 6765 6811
f 6891 6892 6893
f 6894 6895 6896
f 6897 6898 6893
f 6831 6858 6899
f 6900 6901 6902
f 6903 6896 6904
f 6706 6708 6707
f 6753 6752 6884
f 6873 6852 6848
f 6767 6832 6800
f 6795 6777 6751
f 6694 6775 6788
f 6867 6787 6752
f 6794 6879 6883
f 6877 6883 6879
f 6777 6732 6751
f 6905 6804 6806
f 6775 6694 6698
f 6696 6887 6743
f 6769 6768 6691
f 6906 6752 6907
f 6877 6859 6883
f 6905 6908 6909
f 6716 6725 6745
f 6910 6911 6912
f 6821 6729 6803
f 6884 6807 6731
f 6785 6843 6842
f 6794 6883 6756
f 6742 6741 6866
f 6877 6802 6881
f 6913 6758 6782
f 6908 6914 6909
f 6757 6915 6755
f 6773 6839 6771
f 6909 6805 6804
f 6870 6916 6903
f 6877 6882 6859
f 6763 6691 6840
f 6783 6774 6756
f 6711 6766 6857
f 6858 6710 6816
f 6888 6820 6917
f 6884 6731 6753
f 6698 6757 6756
f 6698 6756 6775
f 6717 6716 6823
f 6761 6815 6759
f 6918 6906 6907
f 6774 6796 6775
f 6709 6708 6896
f 6810 6856 6857
f 6754 6919 6752
f 6775 6796 6789
f 6724 6729 6704
f 6772 6763 6773
f 6788 6776 6739
f 6779 6812 6833
f 6690 6689 6718
f 6876 6864 6880
f 6920 6905 6754
f 6921 6822 6828
f 6812 6803 6738
f 6715 6758 6913
f 6912 6868 6906
f 6922 6923 6806
f 6820 6744 6743
f 6920 6908 6905
f 6909 6914 6805
f 6786 6860 6807
f 6831 6767 6766
f 6897 6893 6924
f 6711 6710 6766
f 6922 6925 6923
f 6849 6799 6853
f 6785 6867 6843
f 6828 6815 6921
f 6816 6749 6748
f 6926 6901 6927
f 6742 6866 6862
f 6773 6763 6840
f 6889 6783 6890
f 6909 6804 6905
f 6840 6841 6839
f 6852 6726 6848
f 6914 6829 6805
f 6765 6810 6766
f 6859 6890 6783
f 6890 6859 6882
f 6882 6877 6881
f 6878 6832 6873
f 6809 6811 6813
f 6840 6801 6851
f 6898 6897 6912
f 6819 6820 6888
f 6849 6853 6899
f 6715 6714 6758
f 6888 6928 6740
f 6886 6743 6887
f 6895 6709 6896
f 6806 6814 6929
f 6915 6929 6755
f 6805 6830 6806
f 6697 6823 6716
f 6886 6894 6930
f 6814 6806 6830
f 6742 6798 6759
f 6927 6771 6926
f 6703 6741 6720
f 6852 6845 6726
f 6891 6808 6892
f 6931 6916 6734
f 6785 6842 6786
f 6729 6821 6781
f 6923 6754 6905
f 6700 6706 6707
f 6885 6910 6895
f 6868 6932 6843
f 6702 6874 6862
f 6709 6895 6910
f 6754 6847 6920
f 6844 6874 6845
f 6927 6901 6772
f 6844 6799 6798
f 6710 6858 6831
f 6896 6903 6894
f 6692 6694 6723
f 6850 6849 6858
f 6867 6785 6787
f 6765 6878 6811
f 6903 6916 6894
f 6813 6811 6812
f 6868 6843 6867
f 6858 6849 6899
f 6917 6820 6930
f 6902 6932 6897
f 6812 6738 6737
f 6741 6928 6720
f 6824 6746 6825
f 6930 6894 6916
f 6919 6754 6923
f 6923 6905 6806
f 6853 6831 6899
f 6893 6900 6924
f 6892 6933 6900
f 6816 6748 6858
f 6752 6787 6884
f 6733 6846 6753
f 6895 6894 6886
f 6747 6799 6850
f 6779 6803 6812
f 6917 6930 6916
f 6824 6693 6746
f 6893 6892 6900
f 6919 6923 6934
f 6911 6885 6891
f 6793 6910 6912
f 6731 6733 6753
f 6871 6861 6918
f 6928 6741 6740
f 6696 6808 6887
f 6765 6800 6878
f 6896 6708 6904
f 6922 6826 6925
f 6912 6911 6898
f 6714 6837 6762
f 6814 6830 6791
f 6806 6929 6922
f 6935 6761 6760
f 6923 6925 6934
f 6931 6917 6916
f 6893 6911 6891
f 6875 6856 6809
f 6755 6929 6814
f 6760 6759 6747
f 6934 6752 6919
f 6891 6885 6887
f 6745 6892 6808
f 6895 6886 6885
f 6861 6746 6692
f 6870 6903 6904
f 6934 6925 6826
f 6792 6791 6830
f 6743 6930 6820
f 6927 6772 6771
f 6771 6843 6932
f 6892 6745 6933
f 6887 6808 6891
f 6932 6868 6897
f 6924 6902 6897
f 6708 6706 6904
f 6825 6861 6871
f 6900 6902 6924
f 6911 6893 6898
f 6931 6888 6917
f 6752 6934 6907
f 6915 6922 6929
f 6930 6743 6886
f 6907 6934 6826
f 6817 6710 6719
f 6901 6926 6902
f 6778 6846 6733
f 6928 6888 6931
f 6910 6885 6911
f 6873 6832 6852
f 6931 6734 6928
f 6747 6759 6798
f 6922 6915 6824
f 6736 6735 6869
f 6926 6771 6932
f 6709 6910 6793
f 6766 6710 6831
f 6862 6874 6798
f 6826 6922 6824
f 6868 6912 6897
f 6800 6832 6878
f 6852 6853 6845
f 6854 6721 6730
f 6706 6705 6904
f 6933 6772 6901
f 6933 6745 6772
f 6726 6780 6848
f 6855 6702 6862
f 6871 6907 6826
f 6855 6703 6702
f 6730 6729 6854
f 6902 6926 6932
f 6720 6928 6734
f 6933 6901 6900
f 6735 6705 6869
f 6870 6904 6705
f 6793 6912 6906
f 6787 6786 6884
f 6734 6916 6870
f 6856 6810 6809
f 6705 6730 6869
f 6722 6781 6728
f 6868 6752 6906
f 6907 6871 6918
f 6760 6764 6935
f 6754 6753 6847
f 6855 6862 6866
f 6701 6720 6721
f 6693 6824 6915
f 6869 6721 6736
f 6737 6762 6812
f 6864 6863 6880
f 6918 6861 6793
f 6757 6693 6915
f 6906 6918 6793
f 6746 6861 6825
f 6874 6727 6845
f 6728 6727 6722
f 6735 6870 6705
f 6861 6700 6793
f 6720 6736 6721
f 6818 6691 6690
f 6749 6760 6747
f 6729 6781 6854
f 6726 6845 6727
f 6822 6697 6828
f 6815 6828 6742
f 6757 6698 6693
f 6936 6937 6938
f 6939 6940 6941
f 6942 6943 6944
f 6937 6945 6946
f 6947 6948 6936
f 6945 6949 6950
f 6951 6952 6953
f 6954 6955 6956
f 6957 6958 6959
f 6960 6961 6962
f 6963 6964 6965
f 6966 6967 6968
f 6955 6969 6970
f 6971 6972 6973
f 6974 6966 6975
f 6976 6977 6951
f 6978 6979 6980
f 6981 6982 6983
f 6984 6985 6986
f 6987 6988 6989
f 6990 6991 6992
f 6993 6994 6995
f 6996 6997 6982
f 6998 6993 6995
f 6999 7000 7001
f 7001 7002 7003
f 6946 7004 7005
f 7006 7007 6943
f 7008 7009 7010
f 7011 7012 7000
f 7013 7014 7015
f 7016 7017 7018
f 7019 7020 7021
f 6967 7022 7023
f 7004 6946 6980
f 6975 7008 7010
f 7024 6989 7025
f 7026 6971 7027
f 6962 7028 7029
f 7030 7020 7031
f 6981 6983 7032
f 7033 7034 7035
f 6972 6965 6973
f 7024 7025 7036
f 7037 6983 6982
f 7038 7039 7040
f 7004 7041 7005
f 7042 7043 6954
f 7044 6944 7045
f 7046 7047 7048
f 7049 7050 6939
f 7042 7051 7016
f 6979 7052 7053
f 7054 7055 7051
f 7056 7057 7058
f 7017 6994 7018
f 7004 7053 7041
f 7059 7060 7061
f 7062 6966 6968
f 7039 6960 6962
f 7063 7064 7065
f 7066 7002 7057
f 7065 7054 7063
f 7055 7067 7068
f 7007 6974 6975
f 6954 7069 7042
f 7070 7071 7072
f 6975 7073 7007
f 7071 7070 7027
f 7074 7075 7076
f 6978 6950 7077
f 6973 7078 6971
f 7079 7080 7081
f 7082 7083 7084
f 7066 7079 6937
f 7045 7040 7044
f 7034 7085 7035
f 7045 6944 7086
f 7055 7065 7021
f 7057 7079 7066
f 7057 7056 7079
f 7047 7064 7087
f 6990 7017 7016
f 6948 7088 6949
f 7000 6999 7089
f 7080 7079 7031
f 6984 7090 7091
f 6960 7038 6961
f 6947 7092 7093
f 7002 7058 7057
f 6959 6958 7094
f 7095 7096 7076
f 7097 7003 7002
f 7098 7015 7099
f 7100 7101 7102
f 7020 7103 7031
f 7080 7031 7103
f 7103 7081 7080
f 7104 7038 7040
f 7014 7013 6957
f 7029 6942 7044
f 6941 7105 6942
f 7106 7107 7108
f 7109 7110 6961
f 7111 6963 6972
f 7078 7112 7113
f 7066 6937 7005
f 7114 7033 7067
f 6941 6940 7105
f 7030 7114 7067
f 7115 7116 7117
f 7058 7011 7056
f 7100 6973 7118
f 7119 6999 7003
f 7069 7087 7063
f 6947 7093 7120
f 7094 7027 6971
f 6936 7092 6947
f 7110 7121 7122
f 7032 6983 7123
f 7069 7054 7051
f 7124 7125 7126
f 7127 7128 7129
f 7130 6998 7131
f 6985 7132 7133
f 7005 7041 7097
f 7134 7060 7135
f 6949 6936 6948
f 6996 7136 6997
f 7032 7137 7138
f 7114 7011 7089
f 7093 7139 6968
f 6936 6938 7092
f 7083 7037 7140
f 7109 7038 7141
f 7116 7115 7028
f 7090 6984 7142
f 7132 6984 7091
f 7019 7064 7143
f 7070 7074 7076
f 6946 6945 6980
f 6995 7144 7133
f 7145 7118 6973
f 6936 6949 6937
f 7124 7146 7128
f 6970 7147 7148
f 7016 7068 6990
f 7149 7139 7150
f 7138 6948 6947
f 7033 7114 7089
f 7035 7068 7033
f 7056 7011 7114
f 7005 6937 6946
f 7012 7001 7000
f 6965 7145 6973
f 6949 6945 6937
f 7089 7011 7000
f 6950 6978 6980
f 7146 7124 7137
f 7097 7066 7005
f 7077 6949 7088
f 7089 7034 7033
f 7038 6960 7039
f 7090 7142 7151
f 7144 6995 6994
f 7132 7108 7152
f 7153 7152 7015
f 7154 7095 7155
f 7051 7068 7016
f 6959 6971 7078
f 7138 7126 6948
f 7068 7051 7055
f 7051 7042 7069
f 7083 7156 7157
f 7034 7089 6999
f 7150 6938 7143
f 6999 7001 7003
f 7158 7143 7047
f 7067 7033 7068
f 7102 7101 6998
f 6972 6963 6965
f 7071 7027 7159
f 7160 7161 7162
f 7122 7163 6961
f 7043 7164 6954
f 6983 7037 7082
f 7095 7075 7155
f 7165 6966 7062
f 7166 7071 7159
f 6963 7167 6964
f 6957 7113 7014
f 7082 7123 6983
f 7155 6952 7154
f 7133 7144 6985
f 7168 7015 7152
f 7169 6977 7170
f 6965 6964 7145
f 7171 7162 7161
f 6991 6990 7035
f 7172 7087 7173
f 7164 7043 6993
f 6998 7112 7102
f 7174 6967 7023
f 7175 7074 7176
f 7143 7158 7150
f 7135 7177 7107
f 6955 6954 7164
f 7178 6947 7120
f 7148 7172 6970
f 7152 7108 7168
f 6969 6955 7100
f 7167 7147 6964
f 7131 7132 7130
f 7179 7180 6996
f 7181 7168 7108
f 6957 7078 7113
f 7061 7060 7134
f 6971 6959 7094
f 7102 6973 7100
f 7182 7128 7127
f 7180 7183 7105
f 7184 7151 7142
f 7156 7129 7157
f 7162 7009 6976
f 7152 7153 7130
f 7136 6988 6997
f 7107 7106 7135
f 7121 7185 7186
f 7117 7187 7115
f 7074 7070 7072
f 7137 7032 7123
f 7085 6991 7035
f 7181 7108 7107
f 7188 6952 7155
f 7016 7018 7042
f 7139 7093 7092
f 7101 7164 6993
f 7178 7174 6981
f 7171 7073 7010
f 7043 7018 6993
f 6987 7140 6997
f 7123 7082 7084
f 6996 7180 7136
f 7085 7034 7189
f 7178 7120 7174
f 7175 7188 7155
f 7167 7154 7169
f 6995 7131 6998
f 6956 6970 7172
f 7034 6999 7189
f 7010 7009 7162
f 7015 7098 7013
f 6961 7038 7109
f 6988 7190 7025
f 7183 7180 7023
f 7179 6996 6982
f 7048 7087 7172
f 7069 6954 6956
f 7046 7048 7148
f 7118 7191 6969
f 7028 7115 7049
f 7009 7192 6976
f 7193 7194 7149
f 7146 7083 7157
f 7144 7017 6986
f 6951 6977 7169
f 7130 7132 7152
f 7173 7069 6956
f 7047 7193 7158
f 7195 7167 6963
f 6986 7184 6984
f 7138 7137 7126
f 7062 7149 7194
f 7184 7196 7151
f 6995 7132 7131
f 7070 7026 7027
f 6961 7110 7122
f 6984 7184 7142
f 7017 6990 6986
f 7099 7015 7168
f 7123 7146 7137
f 7096 7026 7076
f 7115 7187 7197
f 7169 7154 6951
f 7140 6982 6997
f 7087 7069 7173
f 7163 6962 6961
f 7046 7193 7047
f 7112 7130 7153
f 7147 6970 7191
f 7124 7128 7182
f 7007 7006 7183
f 7014 7153 7015
f 7023 7022 7183
f 7170 7148 7167
f 7194 7008 7165
f 7167 7195 7154
f 7105 7183 7006
f 7108 7132 7091
f 7076 7026 7070
f 7018 6994 6993
f 7013 6958 6957
f 7135 7106 7134
f 7071 7166 7176
f 7198 7182 7127
f 6951 7160 6976
f 7111 7026 7096
f 7195 7095 7154
f 7083 7146 7084
f 7074 7175 7075
f 7199 7190 7136
f 6985 7144 6986
f 7050 7025 6939
f 7022 6966 6974
f 7136 7180 7199
f 7141 7038 7104
f 7147 7191 7145
f 7154 6952 6951
f 6951 6953 7160
f 7184 6992 6991
f 6967 7174 7120
f 7184 6991 7196
f 6956 7172 7173
f 7200 7117 7201
f 7159 7027 7094
f 7202 6962 7201
f 7047 7087 7048
f 7008 6975 6966
f 7113 7112 7153
f 7078 6957 6959
f 7010 7073 6975
f 6968 7120 7093
f 6998 7130 7112
f 7179 7023 7180
f 7150 7158 7149
f 7139 7149 7062
f 7176 7074 7072
f 7132 6985 6984
f 7168 7181 7099
f 7157 7129 7128
f 7178 7032 7138
f 6993 6998 7101
f 7203 7204 7110
f 7190 6988 7136
f 7100 7118 6969
f 7050 7115 7197
f 7086 6944 6943
f 7049 7115 7050
f 6964 7147 7145
f 6974 7183 7022
f 7073 7171 6943
f 7043 7042 7018
f 7036 7050 7197
f 7087 7064 7063
f 7107 7177 7181
f 7028 7202 7116
f 7179 7174 7023
f 6941 7028 6939
f 7110 7204 7121
f 7143 7064 7047
f 7105 7199 7180
f 6970 6969 7191
f 6994 7017 7144
f 6939 7028 7049
f 6981 7174 7179
f 7205 7008 7194
f 7178 7138 6947
f 6970 6956 6955
f 7165 7008 6966
f 7048 7172 7148
f 7194 7165 7062
f 7031 7056 7030
f 7078 6973 7102
f 6941 7029 7028
f 7003 7097 7041
f 7120 6968 6967
f 7194 7193 7205
f 7100 7164 7101
f 7158 7193 7149
f 6948 7125 7206
f 7102 7112 7078
f 7143 6938 7081
f 7150 7092 6938
f 7065 7055 7054
f 7124 7126 7137
f 7176 7072 7071
f 7088 6948 7206
f 7046 7148 7170
f 7012 7058 7002
f 7062 6968 7139
f 7145 7191 7118
f 7054 7069 7063
f 6962 7029 7039
f 7171 7010 7162
f 6980 7053 7004
f 7159 7094 6958
f 7160 7162 6976
f 6940 6939 7199
f 6991 7085 7196
f 6981 7179 6982
f 7186 7200 7121
f 6992 7184 6986
f 7163 7201 6962
f 6949 7077 6950
f 7205 6977 7192
f 7116 7202 7201
f 6942 7105 7006
f 7132 6995 7133
f 6967 6966 7022
f 7025 7190 7199
f 7044 7040 7039
f 7036 7025 7050
f 6937 7079 7081
f 7146 7123 7084
f 7203 7110 7109
f 7041 7053 7052
f 7002 7066 7097
f 7052 7003 7041
f 6982 7140 7037
f 7117 7116 7201
f 7146 7157 7128
f 7193 7046 7205
f 6976 7192 6977
f 7064 7021 7065
f 7096 6963 7111
f 7111 6972 7026
f 6992 6986 6990
f 6980 6979 7053
f 7064 7019 7021
f 7199 6939 7025
f 7164 7100 6955
f 7032 7178 6981
f 7026 6972 6971
f 7081 6938 6937
f 7163 7122 7121
f 7021 7020 7055
f 6988 7025 6989
f 7055 7020 7030
f 7175 7155 7075
f 7009 7008 7192
f 7205 7046 6977
f 7150 7139 7092
f 7177 7135 7060
f 7012 7011 7058
f 7167 7148 7147
f 7081 7103 7143
f 7037 7083 7082
f 7068 7035 6990
f 6958 7013 7098
f 7114 7030 7056
f 7153 7014 7113
f 6987 6997 6988
f 7006 6943 6942
f 6943 7171 7086
f 7046 7170 6977
f 6942 6944 7044
f 7119 7003 7052
f 7126 7125 6948
f 7195 6963 7096
f 7143 7103 7019
f 7031 7079 7056
f 6962 7202 7028
f 7095 7076 7075
f 7073 6943 7007
f 7055 7030 7067
f 7121 7201 7163
f 7201 7121 7200
f 7044 7039 7029
f 7170 7167 7169
f 6980 6945 6950
f 6941 6942 7029
f 7012 7002 7001
f 6940 7199 7105
f 7096 7095 7195
f 7192 7008 7205
f 7007 7183 6974
f 7020 7019 7103
f 7207 7208 7209
f 7210 7211 7212
f 7213 7214 7209
f 7215 7216 7217
f 7218 7219 7220
f 7212 7221 7222
f 7223 7224 7225
f 7226 7221 7227
f 7228 7229 7230
f 7231 7232 7233
f 7234 7235 7236
f 7237 7238 7239
f 7240 7241 7242
f 7237 7243 7238
f 7221 7212 7211
f 7244 7232 7231
f 7245 7246 7247
f 7245 7248 7249
f 7250 7251 7252
f 7213 7209 7208
f 7247 7253 7248
f 7254 7255 7256
f 7257 7258 7259
f 7260 7230 7261
f 7262 7263 7264
f 7265 7266 7267
f 7268 7269 7270
f 7271 7272 7273
f 7256 7274 7254
f 7252 7251 7275
f 7276 7232 7277
f 7278 7279 7280
f 7209 7214 7281
f 7282 7283 7262
f 7235 7284 7285
f 7252 7286 7218
f 7287 7288 7289
f 7290 7291 7292
f 7293 7294 7295
f 7296 7218 7297
f 7298 7287 7299
f 7300 7301 7302
f 7255 7303 7304
f 7305 7281 7306
f 7291 7290 7307
f 7281 7305 7308
f 7309 7310 7272
f 7247 7311 7253
f 7306 7312 7313
f 7253 7314 7248
f 7315 7316 7317
f 7222 7318 7214
f 7319 7299 7307
f 7298 7320 7288
f 7321 7288 7320
f 7317 7313 7312
f 7305 7306 7313
f 7218 7296 7252
f 7322 7234 7305
f 7323 7324 7325
f 7241 7260 7326
f 7270 7327 7268
f 7313 7317 7316
f 7313 7322 7305
f 7280 7279 7328
f 7329 7330 7331
f 7305 7234 7308
f 7257 7259 7332
f 7322 7313 7316
f 7216 7333 7217
f 7316 7284 7322
f 7216 7215 7334
f 7335 7336 7254
f 7243 7237 7337
f 7314 7269 7338
f 7339 7244 7340
f 7340 7237 7239
f 7281 7341 7306
f 7342 7278 7207
f 7343 7242 7344
f 7207 7209 7308
f 7310 7340 7345
f 7334 7265 7228
f 7258 7326 7259
f 7346 7347 7348
f 7250 7349 7350
f 7310 7309 7224
f 7351 7352 7353
f 7261 7326 7260
f 7354 7352 7351
f 7217 7333 7215
f 7341 7354 7351
f 7308 7209 7281
f 7355 7356 7357
f 7358 7359 7360
f 7221 7226 7361
f 7354 7362 7352
f 7361 7226 7363
f 7354 7341 7318
f 7364 7365 7366
f 7367 7368 7369
f 7222 7361 7370
f 7228 7371 7372
f 7373 7361 7363
f 7349 7250 7374
f 7375 7366 7376
f 7377 7378 7343
f 7379 7380 7363
f 7381 7382 7383
f 7231 7227 7210
f 7350 7367 7369
f 7384 7373 7385
f 7308 7342 7207
f 7386 7387 7388
f 7374 7274 7349
f 7301 7317 7389
f 7390 7379 7391
f 7363 7380 7373
f 7392 7393 7394
f 7349 7367 7350
f 7324 7323 7327
f 7374 7296 7335
f 7370 7361 7373
f 7395 7358 7396
f 7367 7349 7395
f 7229 7397 7398
f 7253 7399 7365
f 7370 7384 7318
f 7270 7400 7327
f 7401 7238 7243
f 7396 7358 7360
f 7221 7361 7222
f 7291 7383 7382
f 7373 7384 7370
f 7373 7380 7385
f 7402 7403 7404
f 7249 7314 7405
f 7384 7406 7318
f 7370 7318 7222
f 7407 7408 7409
f 7410 7411 7412
f 7409 7408 7413
f 7414 7384 7385
f 7318 7406 7362
f 7415 7416 7413
f 7380 7390 7385
f 7349 7274 7395
f 7412 7357 7333
f 7307 7417 7319
f 7274 7374 7335
f 7337 7212 7213
f 7418 7419 7420
f 7390 7414 7385
f 7362 7354 7318
f 7379 7390 7380
f 7333 7216 7412
f 7421 7266 7422
f 7269 7364 7270
f 7302 7423 7324
f 7386 7226 7233
f 7414 7406 7384
f 7424 7219 7425
f 7366 7375 7400
f 7426 7427 7428
f 7400 7375 7300
f 7429 7430 7431
f 7312 7389 7317
f 7327 7400 7324
f 7395 7396 7367
f 7336 7432 7254
f 7433 7358 7395
f 7411 7434 7402
f 7312 7306 7435
f 7436 7437 7287
f 7266 7265 7422
f 7301 7438 7315
f 7403 7439 7440
f 7219 7286 7425
f 7220 7441 7264
f 7233 7226 7227
f 7423 7302 7389
f 7254 7274 7335
f 7405 7314 7338
f 7273 7272 7442
f 7284 7316 7295
f 7443 7444 7376
f 7415 7413 7292
f 7248 7245 7247
f 7338 7269 7418
f 7288 7287 7298
f 7445 7223 7225
f 7302 7400 7300
f 7219 7218 7286
f 7442 7272 7345
f 7210 7244 7231
f 7443 7358 7446
f 7317 7301 7315
f 7330 7267 7447
f 7352 7448 7353
f 7435 7325 7423
f 7324 7400 7302
f 7449 7407 7450
f 7323 7325 7448
f 7262 7264 7282
f 7365 7269 7314
f 7376 7399 7358
f 7273 7451 7452
f 7319 7453 7299
f 7378 7358 7433
f 7450 7407 7409
f 7449 7454 7455
f 7256 7433 7395
f 7348 7307 7290
f 7456 7443 7446
f 7357 7215 7333
f 7336 7297 7457
f 7297 7336 7458
f 7402 7404 7411
f 7459 7292 7413
f 7239 7238 7442
f 7436 7460 7461
f 7429 7462 7463
f 7337 7210 7212
f 7395 7274 7256
f 7457 7372 7464
f 7214 7213 7222
f 7351 7306 7341
f 7210 7227 7211
f 7446 7358 7378
f 7465 7340 7224
f 7311 7247 7246
f 7230 7371 7228
f 7383 7436 7381
f 7244 7339 7277
f 7433 7343 7378
f 7443 7438 7444
f 7400 7364 7366
f 7226 7386 7466
f 7433 7256 7242
f 7434 7411 7467
f 7276 7386 7233
f 7220 7219 7424
f 7428 7410 7426
f 7377 7446 7378
f 7343 7433 7242
f 7315 7438 7293
f 7411 7410 7467
f 7253 7365 7314
f 7244 7210 7340
f 7375 7376 7444
f 7468 7469 7448
f 7240 7242 7256
f 7386 7276 7387
f 7416 7415 7393
f 7227 7231 7233
f 7412 7283 7410
f 7341 7281 7214
f 7268 7419 7418
f 7423 7312 7435
f 7337 7208 7243
f 7427 7426 7470
f 7342 7308 7234
f 7422 7357 7356
f 7312 7423 7389
f 7309 7445 7225
f 7447 7266 7421
f 7314 7249 7248
f 7471 7327 7323
f 7376 7358 7443
f 7255 7304 7256
f 7295 7315 7293
f 7429 7419 7430
f 7297 7220 7264
f 7388 7466 7386
f 7229 7228 7397
f 7472 7304 7371
f 7208 7337 7213
f 7470 7220 7424
f 7372 7303 7464
f 7392 7394 7382
f 7407 7449 7455
f 7264 7457 7297
f 7435 7306 7351
f 7448 7325 7353
f 7399 7376 7366
f 7473 7471 7323
f 7415 7474 7394
f 7452 7417 7348
f 7420 7463 7405
f 7416 7450 7409
f 7214 7318 7341
f 7466 7388 7379
f 7365 7364 7269
f 7464 7336 7457
f 7406 7468 7362
f 7224 7340 7310
f 7453 7320 7298
f 7446 7377 7456
f 7426 7282 7441
f 7267 7330 7397
f 7344 7377 7343
f 7240 7256 7304
f 7463 7475 7405
f 7417 7451 7476
f 7286 7275 7425
f 7441 7470 7426
f 7323 7448 7469
f 7255 7254 7432
f 7268 7477 7419
f 7409 7413 7416
f 7430 7419 7478
f 7292 7291 7474
f 7377 7294 7456
f 7265 7334 7215
f 7242 7241 7344
f 7216 7262 7412
f 7444 7300 7375
f 7413 7408 7459
f 7285 7377 7344
f 7388 7391 7379
f 7478 7479 7430
f 7345 7239 7442
f 7357 7404 7355
f 7451 7273 7442
f 7404 7403 7440
f 7293 7438 7443
f 7393 7415 7394
f 7472 7241 7240
f 7264 7441 7282
f 7475 7463 7462
f 7372 7457 7263
f 7377 7284 7294
f 7474 7291 7394
f 7443 7456 7293
f 7323 7469 7473
f 7344 7257 7285
f 7411 7404 7357
f 7291 7382 7394
f 7284 7377 7285
f 7452 7348 7347
f 7303 7255 7432
f 7474 7415 7292
f 7250 7296 7374
f 7301 7300 7438
f 7448 7362 7468
f 7456 7294 7293
f 7336 7335 7458
f 7357 7412 7411
f 7441 7220 7470
f 7463 7420 7429
f 7477 7478 7419
f 7259 7261 7321
f 7339 7340 7465
f 7267 7397 7265
f 7363 7466 7379
f 7296 7297 7458
f 7420 7338 7418
f 7334 7372 7263
f 7213 7212 7222
f 7457 7264 7263
f 7401 7207 7278
f 7299 7287 7437
f 7435 7353 7325
f 7215 7357 7422
f 7233 7232 7276
f 7467 7410 7428
f 7266 7447 7267
f 7338 7420 7405
f 7473 7478 7477
f 7241 7257 7344
f 7315 7295 7316
f 7476 7238 7480
f 7257 7235 7285
f 7283 7426 7410
f 7442 7238 7451
f 7422 7356 7421
f 7277 7232 7244
f 7258 7241 7326
f 7332 7235 7257
f 7481 7331 7330
f 7207 7243 7208
f 7371 7304 7303
f 7265 7397 7228
f 7284 7235 7322
f 7472 7230 7260
f 7268 7418 7269
f 7230 7472 7371
f 7261 7259 7326
f 7482 7235 7332
f 7263 7216 7334
f 7400 7270 7364
f 7265 7215 7422
f 7340 7210 7237
f 7330 7447 7481
f 7259 7320 7332
f 7340 7239 7345
f 7337 7237 7210
f 7345 7272 7310
f 7466 7363 7226
f 7227 7221 7211
f 7420 7419 7429
f 7335 7296 7458
f 7286 7252 7275
f 7327 7471 7268
f 7309 7225 7224
f 7224 7223 7465
f 7445 7309 7483
f 7475 7484 7249
f 7479 7478 7485
f 7389 7302 7301
f 7240 7304 7472
f 7292 7346 7348
f 7272 7483 7309
f 7272 7271 7483
f 7486 7273 7347
f 7292 7348 7290
f 7423 7325 7324
f 7260 7241 7472
f 7235 7234 7322
f 7273 7452 7347
f 7485 7478 7473
f 7396 7360 7368
f 7273 7486 7271
f 7436 7461 7381
f 7287 7460 7436
f 7412 7262 7283
f 7431 7430 7479
f 7332 7320 7453
f 7262 7216 7263
f 7365 7399 7366
f 7358 7253 7311
f 7328 7236 7482
f 7329 7289 7288
f 7294 7284 7295
f 7383 7291 7437
f 7460 7287 7481
f 7437 7436 7383
f 7348 7417 7307
f 7453 7482 7332
f 7261 7230 7398
f 7353 7435 7351
f 7367 7396 7368
f 7321 7320 7259
f 7220 7297 7218
f 7300 7444 7438
f 7261 7398 7321
f 7287 7289 7481
f 7476 7319 7417
f 7358 7399 7253
f 7299 7437 7291
f 7279 7234 7236
f 7307 7299 7291
f 7451 7417 7452
f 7236 7328 7279
f 7372 7334 7228
f 7249 7405 7475
f 7328 7482 7480
f 7482 7453 7480
f 7292 7459 7346
f 7303 7372 7371
f 7362 7448 7352
f 7238 7476 7451
f 7476 7480 7319
f 7330 7398 7397
f 7398 7230 7229
f 7331 7289 7329
f 7236 7235 7482
f 7238 7278 7280
f 7453 7319 7480
f 7398 7329 7321
f 7359 7358 7311
f 7336 7464 7432
f 7481 7289 7331
f 7279 7278 7342
f 7280 7480 7238
f 7404 7440 7355
f 7330 7329 7398
f 7477 7268 7471
f 7282 7426 7283
f 7278 7238 7401
f 7245 7249 7484
f 7303 7432 7464
f 7471 7473 7477
f 7207 7401 7243
f 7258 7257 7241
f 7288 7321 7329
f 7480 7280 7328
f 7453 7298 7299
f 7296 7250 7252
f 7234 7279 7342
f 7487 7488 7489
f 7490 7491 7492
f 7493 7494 7495
f 7493 7496 7497
f 7493 7490 7498
f 7499 7490 7492
f 7500 7496 7498
f 7501 7502 7503
f 7494 7497 7504
f 7505 7506 7507
f 7508 7509 7510
f 7511 7512 7513
f 7514 7515 7516
f 7517 7514 7518
f 7519 7520 7521
f 7513 7522 7511
f 7523 7524 7525
f 7526 7527 7528
f 7529 7530 7531
f 7531 7532 7533
f 7534 7535 7528
f 7536 7524 7501
f 7494 7504 7532
f 7537 7522 7513
f 7515 7538 7516
f 7512 7539 7540
f 7541 7542 7543
f 7544 7519 7545
f 7510 7533 7546
f 7547 7529 7516
f 7508 7510 7535
f 7528 7548 7526
f 7549 7527 7550
f 7551 7542 7541
f 7531 7533 7514
f 7552 7553 7554
f 7555 7556 7557
f 7558 7521 7537
f 7559 7530 7560
f 7557 7556 7552
f 7561 7562 7563
f 7530 7529 7564
f 7528 7522 7534
f 7535 7552 7556
f 7554 7553 7520
f 7519 7521 7562
f 7565 7566 7551
f 7521 7563 7562
f 7555 7544 7567
f 7568 7500 7569
f 7537 7521 7520
f 7544 7554 7519
f 7557 7544 7555
f 7570 7571 7555
f 7543 7542 7572
f 7515 7514 7517
f 7571 7573 7574
f 7514 7516 7531
f 7571 7570 7573
f 7555 7571 7518
f 7540 7575 7576
f 7577 7573 7570
f 7578 7558 7537
f 7558 7576 7579
f 7580 7581 7505
f 7578 7576 7558
f 7576 7578 7540
f 7505 7582 7583
f 7540 7578 7512
f 7539 7522 7528
f 7540 7584 7585
f 7520 7519 7554
f 7554 7544 7557
f 7508 7556 7518
f 7533 7510 7509
f 7540 7585 7575
f 7584 7549 7582
f 7565 7586 7575
f 7557 7552 7554
f 7575 7566 7565
f 7575 7585 7566
f 7507 7572 7580
f 7540 7539 7527
f 7535 7556 7508
f 7528 7535 7548
f 7540 7527 7584
f 7516 7538 7547
f 7517 7518 7571
f 7560 7530 7564
f 7490 7499 7498
f 7587 7566 7585
f 7532 7546 7533
f 7544 7545 7567
f 7534 7553 7535
f 7582 7585 7584
f 7529 7547 7564
f 7535 7553 7552
f 7509 7508 7518
f 7588 7589 7590
f 7591 7542 7551
f 7592 7498 7499
f 7501 7503 7536
f 7536 7525 7524
f 7586 7576 7575
f 7493 7498 7496
f 7572 7587 7581
f 7582 7505 7581
f 7549 7583 7582
f 7587 7572 7591
f 7581 7580 7572
f 7500 7498 7593
f 7569 7500 7593
f 7551 7587 7591
f 7522 7537 7520
f 7591 7572 7542
f 7515 7574 7538
f 7541 7543 7594
f 7595 7488 7510
f 7580 7505 7507
f 7505 7583 7506
f 7596 7597 7598
f 7498 7592 7599
f 7493 7491 7490
f 7593 7498 7599
f 7500 7504 7496
f 7553 7534 7520
f 7526 7600 7601
f 7589 7602 7541
f 7603 7569 7604
f 7522 7539 7511
f 7581 7587 7582
f 7549 7584 7527
f 7523 7502 7524
f 7556 7555 7518
f 7576 7586 7579
f 7605 7487 7600
f 7567 7606 7555
f 7594 7589 7541
f 7517 7571 7515
f 7531 7516 7529
f 7545 7519 7562
f 7569 7603 7607
f 7539 7528 7527
f 7509 7514 7533
f 7608 7609 7610
f 7611 7598 7612
f 7607 7568 7569
f 7606 7570 7555
f 7518 7514 7509
f 7520 7534 7522
f 7597 7596 7489
f 7608 7598 7597
f 7613 7600 7487
f 7568 7504 7500
f 7550 7527 7526
f 7494 7493 7497
f 7559 7536 7495
f 7574 7515 7571
f 7595 7614 7607
f 7614 7595 7546
f 7578 7537 7513
f 7597 7609 7608
f 7512 7578 7513
f 7512 7511 7539
f 7494 7531 7530
f 7606 7577 7570
f 7531 7494 7532
f 7550 7526 7601
f 7566 7587 7551
f 7587 7585 7582
f 7551 7541 7602
f 7497 7496 7504
f 7609 7597 7488
f 7604 7569 7593
f 7615 7616 7506
f 7583 7549 7601
f 7599 7604 7593
f 7550 7601 7549
f 7611 7612 7617
f 7618 7596 7598
f 7532 7504 7546
f 7595 7607 7603
f 7609 7595 7619
f 7495 7530 7559
f 7487 7596 7613
f 7583 7613 7618
f 7598 7620 7618
f 7600 7613 7601
f 7548 7535 7488
f 7598 7608 7612
f 7605 7526 7548
f 7621 7616 7615
f 7600 7526 7605
f 7493 7503 7491
f 7619 7610 7609
f 7506 7618 7620
f 7620 7615 7506
f 7614 7568 7607
f 7583 7618 7506
f 7605 7488 7487
f 7548 7488 7605
f 7504 7568 7622
f 7489 7488 7597
f 7623 7624 7625
f 7546 7622 7614
f 7626 7623 7625
f 7546 7504 7622
f 7627 7625 7628
f 7619 7595 7603
f 7620 7598 7615
f 7629 7630 7631
f 7621 7615 7617
f 7583 7601 7613
f 7568 7614 7622
f 7613 7596 7618
f 7495 7503 7493
f 7628 7625 7624
f 7611 7615 7598
f 7489 7596 7487
f 7491 7503 7502
f 7617 7615 7611
f 7595 7510 7546
f 7631 7627 7628
f 7610 7619 7603
f 7632 7626 7627
f 7633 7624 7623
f 7535 7510 7488
f 7634 7633 7623
f 7626 7634 7623
f 7625 7627 7626
f 7494 7530 7495
f 7632 7627 7631
f 7595 7609 7488
f 7503 7495 7536
f 7628 7629 7631
f 7524 7502 7501
f 7635 7636 7637
f 7638 7639 7640
f 7641 7642 7643
f 7644 7645 7646
f 7647 7648 7649
f 7650 7651 7652
f 7653 7654 7636
f 7655 7656 7657
f 7658 7659 7640
f 7660 7661 7656
f 7662 7663 7634
f 7657 7656 7661
f 7654 7664 7636
f 7665 7644 7646
f 7637 7666 7667
f 7636 7635 7653
f 7559 7668 7536
f 7664 7669 7637
f 7599 7592 7670
f 7671 7659 7672
f 7673 7657 7674
f 7640 7659 7675
f 7639 7638 7660
f 7676 7677 7678
f 7679 7680 7681
f 7681 7682 7679
f 7682 7675 7683
f 7684 7685 7666
f 7686 7643 7687
f 7688 7645 7644
f 7689 7646 7645
f 7690 7689 7691
f 7692 7693 7694
f 7695 7654 7696
f 7697 7673 7698
f 7699 7700 7701
f 7691 7689 7645
f 7702 7703 7704
f 7684 7666 7637
f 7682 7640 7675
f 7705 7661 7706
f 7707 7660 7655
f 7683 7675 7671
f 7635 7637 7667
f 7695 7696 7660
f 7708 7709 7710
f 7674 7705 7711
f 7682 7681 7640
f 7712 7713 7714
f 7673 7715 7698
f 7657 7705 7674
f 7714 7698 7716
f 7717 7711 7686
f 7714 7708 7698
f 7659 7671 7675
f 7688 7718 7691
f 7661 7705 7657
f 7661 7681 7680
f 7685 7684 7669
f 7719 7720 7721
f 7722 7723 7724
f 7706 7641 7705
f 7708 7714 7713
f 7564 7725 7560
f 7538 7574 7573
f 7726 7727 7642
f 7547 7728 7564
f 7729 7691 7718
f 7646 7696 7654
f 7725 7564 7728
f 7726 7642 7706
f 7713 7709 7708
f 7716 7701 7714
f 7730 7679 7731
f 7577 7606 7732
f 7733 7734 7735
f 7701 7712 7714
f 7560 7725 7559
f 7736 7737 7738
f 7538 7739 7547
f 7740 7709 7713
f 7731 7741 7730
f 7577 7742 7573
f 7743 7744 7707
f 7685 7745 7666
f 7640 7689 7658
f 7746 7747 7748
f 7749 7750 7751
f 7737 7752 7725
f 7753 7739 7742
f 7731 7683 7754
f 7499 7492 7677
f 7648 7647 7707
f 7641 7643 7711
f 7711 7652 7651
f 7715 7699 7716
f 7749 7755 7663
f 7756 7674 7711
f 7757 7545 7758
f 7691 7645 7688
f 7654 7665 7646
f 7753 7757 7759
f 7672 7658 7760
f 7697 7698 7707
f 7761 7762 7763
f 7741 7731 7754
f 7639 7696 7689
f 7743 7734 7733
f 7708 7710 7649
f 7670 7643 7642
f 7729 7690 7691
f 7764 7765 7720
f 7706 7661 7680
f 7707 7647 7743
f 7739 7728 7547
f 7536 7766 7525
f 7643 7686 7711
f 7727 7679 7730
f 7561 7767 7562
f 7715 7756 7699
f 7668 7725 7768
f 7769 7736 7759
f 7706 7642 7641
f 7764 7666 7745
f 7770 7700 7699
f 7693 7692 7763
f 7700 7632 7701
f 7632 7631 7712
f 7671 7672 7763
f 7755 7751 7703
f 7771 7761 7763
f 7762 7761 7754
f 7667 7666 7719
f 7762 7754 7683
f 7697 7655 7673
f 7743 7685 7744
f 7722 7491 7502
f 7492 7724 7677
f 7760 7763 7672
f 7643 7670 7687
f 7664 7660 7744
f 7768 7725 7752
f 7630 7713 7631
f 7559 7725 7668
f 7634 7626 7662
f 7740 7713 7772
f 7725 7738 7737
f 7756 7715 7673
f 7700 7773 7626
f 7774 7757 7753
f 7641 7711 7705
f 7773 7662 7626
f 7728 7739 7725
f 7760 7775 7694
f 7776 7649 7777
f 7778 7761 7771
f 7499 7677 7779
f 7639 7689 7640
f 7684 7637 7669
f 7726 7706 7680
f 7637 7636 7664
f 7760 7690 7775
f 7677 7724 7678
f 7733 7780 7745
f 7753 7732 7774
f 7732 7567 7774
f 7687 7670 7592
f 7781 7717 7782
f 7781 7783 7652
f 7651 7650 7784
f 7632 7700 7626
f 7655 7697 7707
f 7692 7785 7771
f 7773 7770 7749
f 7711 7651 7756
f 7733 7735 7780
f 7742 7739 7538
f 7678 7724 7786
f 7779 7782 7686
f 7773 7700 7770
f 7778 7741 7754
f 7787 7778 7771
f 7682 7731 7679
f 7708 7648 7698
f 7686 7687 7788
f 7676 7781 7782
f 7750 7784 7650
f 7750 7770 7784
f 7749 7770 7750
f 7647 7776 7734
f 7789 7599 7670
f 7703 7750 7650
f 7727 7670 7642
f 7745 7685 7733
f 7670 7727 7789
f 7717 7781 7652
f 7676 7782 7779
f 7686 7788 7779
f 7679 7727 7726
f 7744 7660 7707
f 7687 7592 7788
f 7545 7757 7774
f 7663 7662 7773
f 7646 7689 7696
f 7712 7701 7632
f 7673 7674 7756
f 7771 7785 7790
f 7656 7655 7660
f 7765 7721 7720
f 7747 7746 7791
f 7781 7676 7783
f 7751 7750 7703
f 7492 7722 7724
f 7761 7778 7754
f 7760 7693 7763
f 7651 7784 7756
f 7681 7661 7660
f 7771 7790 7747
f 7678 7704 7676
f 7783 7676 7704
f 7567 7545 7774
f 7764 7719 7666
f 7640 7681 7638
f 7792 7747 7790
f 7638 7681 7660
f 7694 7693 7760
f 7763 7692 7771
f 7698 7715 7716
f 7719 7764 7720
f 7779 7788 7499
f 7590 7746 7748
f 7701 7716 7699
f 7751 7755 7749
f 7756 7784 7770
f 7702 7704 7678
f 7731 7682 7683
f 7690 7658 7689
f 7650 7783 7703
f 7791 7746 7590
f 7683 7671 7762
f 7713 7630 7772
f 7492 7491 7722
f 7712 7631 7713
f 7760 7658 7690
f 7703 7783 7704
f 7726 7680 7679
f 7664 7695 7660
f 7502 7723 7722
f 7663 7773 7749
f 7793 7718 7688
f 7688 7644 7793
f 7770 7699 7756
f 7780 7794 7745
f 7499 7788 7592
f 7771 7747 7791
f 7711 7717 7652
f 7652 7783 7650
f 7648 7707 7698
f 7685 7743 7733
f 7639 7660 7696
f 7668 7766 7536
f 7734 7743 7647
f 7649 7776 7647
f 7745 7794 7764
f 7753 7759 7739
f 7702 7678 7786
f 7732 7742 7577
f 7747 7792 7748
f 7782 7717 7686
f 7567 7732 7606
f 7672 7659 7658
f 7748 7588 7590
f 7732 7753 7742
f 7677 7676 7779
f 7648 7708 7649
f 7795 7796 7797
f 7798 7799 7594
f 7795 7800 7801
f 7802 7778 7803
f 7778 7802 7804
f 7805 7616 7796
f 7769 7757 7758
f 7802 7797 7804
f 7767 7806 7758
f 7594 7543 7800
f 7727 7730 7612
f 7778 7787 7803
f 7795 7807 7800
f 7730 7804 7808
f 7809 7810 7727
f 7804 7741 7778
f 7801 7811 7805
f 7610 7603 7809
f 7812 7797 7796
f 7730 7741 7804
f 7759 7736 7739
f 7803 7787 7791
f 7710 7777 7649
f 7797 7802 7795
f 7594 7807 7798
f 7797 7812 7804
f 7798 7807 7799
f 7742 7538 7573
f 7812 7808 7804
f 7767 7758 7562
f 7791 7799 7803
f 7799 7807 7803
f 7621 7617 7808
f 7801 7796 7795
f 7807 7594 7800
f 7803 7807 7802
f 7796 7616 7812
f 7796 7801 7805
f 7808 7812 7621
f 7802 7807 7795
f 7604 7789 7810
f 7736 7738 7739
f 7799 7589 7594
f 7791 7590 7799
f 7727 7612 7809
f 7616 7621 7812
f 7657 7673 7655
f 7811 7801 7800
f 7608 7610 7809
f 7800 7543 7811
f 7758 7806 7769
f 7669 7664 7744
f 7590 7589 7799
f 7805 7506 7616
f 7507 7805 7811
f 7572 7811 7543
f 7725 7739 7738
f 7671 7763 7762
f 7811 7572 7507
f 7810 7809 7603
f 7506 7805 7507
f 7808 7617 7730
f 7727 7810 7789
f 7757 7769 7759
f 7730 7617 7612
f 7608 7809 7612
f 7603 7604 7810
f 7604 7599 7789
f 7744 7685 7669
f 7765 7764 7794
f 7545 7562 7758
f 7791 7787 7771
f 7664 7654 7695
f 7813 7814 7815
f 7816 7817 7818
f 7819 7820 7821
f 7822 7823 7824
f 7825 7826 7827
f 7828 7829 7830
f 7831 7832 7833
f 7834 7835 7836
f 7837 7838 7839
f 7840 7841 7842
f 7843 7844 7845
f 7846 7847 7848
f 7849 7850 7851
f 7852 7853 7854
f 7855 7856 7857
f 7858 7851 7836
f 7859 7860 7861
f 7862 7829 7863
f 7814 7864 7815
f 7865 7866 7867
f 7868 7869 7870
f 7871 7872 7830
f 7873 7874 7875
f 7868 7876 7869
f 7877 7878 7879
f 7880 7881 7882
f 7883 7884 7885
f 7886 7887 7888
f 7889 7850 7890
f 7891 7832 7892
f 7893 7894 7835
f 7895 7879 7896
f 7897 7898 7899
f 7829 7900 7901
f 7841 7840 7902
f 7903 7904 7905
f 7891 7906 7907
f 7908 7909 7910
f 7907 7833 7891
f 7900 7829 7911
f 7890 7852 7889
f 7912 7913 7914
f 7915 7916 7917
f 7918 7919 7920
f 7921 7865 7922
f 7923 7908 7924
f 7925 7823 7926
f 7856 7855 7927
f 7889 7852 7928
f 7929 7930 7931
f 7932 7913 7933
f 7822 7926 7823
f 7934 7935 7936
f 7933 7913 7912
f 7937 7938 7939
f 7940 7941 7942
f 7858 7835 7894
f 7943 7897 7944
f 7945 7946 7817
f 7914 7947 7948
f 7949 7950 7951
f 7920 7952 7942
f 7953 7954 7955
f 7954 7956 7955
f 7957 7958 7959
f 7960 7867 7961
f 7828 7872 7956
f 7900 7926 7962
f 7932 7933 7963
f 7886 7888 7964
f 7965 7966 7967
f 7863 7968 7862
f 7834 7867 7866
f 7969 7970 7906
f 7971 7818 7940
f 7972 7823 7968
f 7838 7973 7974
f 7975 7976 7977
f 7978 7979 7980
f 7815 7864 7981
f 7836 7889 7834
f 7844 7982 7845
f 7983 7944 7984
f 7957 7985 7986
f 7910 7856 7927
f 7987 7985 7873
f 7988 7989 7990
f 7991 7968 7823
f 7967 7992 7993
f 7994 7995 7996
f 7888 7887 7997
f 7998 7999 7826
f 8000 8001 8002
f 8003 7922 8004
f 8005 8006 8007
f 8008 7887 7886
f 7839 7845 8009
f 8010 7975 8011
f 7857 8012 7837
f 8013 7933 8014
f 7846 7848 8015
f 8016 8017 8014
f 7909 8012 7910
f 8018 8019 8020
f 7922 7827 7921
f 7859 8021 8022
f 7925 7862 7991
f 8015 7848 8023
f 7893 7835 8024
f 7849 7976 7850
f 7931 7984 7899
f 8005 8025 8026
f 8027 7979 7978
f 8028 7958 8029
f 7891 8030 7906
f 7859 8031 7860
f 8032 7878 8033
f 7977 7844 7975
f 7893 8034 8035
f 7938 7937 7927
f 7962 7861 7860
f 8036 7859 7861
f 7972 7968 7984
f 8037 8038 7877
f 8039 7950 8040
f 7920 7942 7918
f 8002 7842 7952
f 7857 8041 7855
f 7977 7976 7982
f 7894 7893 8035
f 8003 7887 8042
f 8032 8033 8043
f 8044 7882 7975
f 7878 8023 7848
f 7966 8045 7995
f 8046 8008 7886
f 8047 8048 8049
f 8050 8051 8052
f 7903 7936 8053
f 7855 7980 7979
f 7938 7951 8054
f 8030 7915 8055
f 7979 8027 7855
f 7852 7854 8056
f 8057 8058 8059
f 8022 8060 8061
f 8062 8063 8064
f 8065 7952 8066
f 7980 7851 8067
f 8068 8069 7954
f 7884 8061 7885
f 8056 8070 7928
f 8061 7884 8071
f 8072 8073 7860
f 8012 7857 7856
f 8034 8074 7949
f 8022 8071 7859
f 7824 8075 7822
f 8031 7884 8076
f 8061 8077 7885
f 7986 7943 8078
f 7860 8073 7900
f 8079 8080 8081
f 7989 7876 7884
f 7891 7833 7832
f 8082 8083 8046
f 8084 7823 7972
f 8024 7865 7893
f 7971 7841 7818
f 8034 8085 8035
f 8086 7841 7902
f 8049 7996 8047
f 8061 8060 8077
f 8087 8088 7892
f 8089 8090 8069
f 7994 7992 7966
f 8091 8089 8069
f 7888 7997 7964
f 7867 7834 8092
f 8040 8093 8039
f 7967 7966 7992
f 7878 7847 7854
f 8012 7909 7838
f 7873 8094 7874
f 8095 7892 7832
f 8000 8002 8048
f 8047 7996 7995
f 8092 7869 7961
f 7895 7853 8096
f 8004 7960 7961
f 7938 8054 7939
f 7949 8074 7950
f 8004 7988 8003
f 8031 8076 8072
f 7878 7848 7847
f 7967 8097 7965
f 8073 8015 8023
f 8098 8049 8048
f 8092 7928 8070
f 8073 8099 8015
f 8100 8093 8059
f 8089 8091 8081
f 7947 7913 8101
f 8101 7913 7932
f 7937 7924 7908
f 7853 7896 7854
f 8067 7978 7980
f 7877 8038 8102
f 7883 7997 7884
f 7884 8031 8071
f 7868 8076 7876
f 8103 8104 8105
f 8080 8089 8081
f 7920 7919 8083
f 8073 8072 8099
f 7874 8105 8106
f 7911 7862 7925
f 7827 8107 7921
f 7833 7953 7831
f 8081 7970 8079
f 7878 7877 8033
f 7957 8094 7985
f 8056 7846 8070
f 8090 8108 8069
f 7954 8069 8108
f 7887 7990 7997
f 7826 8109 8107
f 7904 7903 8053
f 7865 8110 7893
f 8111 7880 7882
f 8112 8042 8051
f 7950 8039 8054
f 8016 8010 8017
f 8113 7943 8080
f 8091 7907 8081
f 7838 7909 7973
f 7966 7965 8114
f 8080 8079 8113
f 7897 7943 8115
f 7976 7849 8116
f 7855 8027 7927
f 7895 8037 7879
f 7976 8116 7982
f 8072 7860 8031
f 7953 7948 7831
f 7894 8035 8067
f 7851 7858 8067
f 8109 7941 8058
f 7900 7962 7860
f 7838 7974 7820
f 7889 7836 7850
f 7960 8004 7922
f 8042 8052 8051
f 7909 7923 7973
f 8035 7978 8067
f 8059 8093 8040
f 7853 7852 7890
f 8111 8014 7933
f 8067 7858 7894
f 8117 7870 8118
f 7836 7835 7858
f 8118 7846 8015
f 8098 8065 8026
f 8033 7877 7871
f 8087 8095 8119
f 8053 7935 7904
f 7975 7844 8011
f 8055 7915 7917
f 7985 8094 7873
f 7899 7984 7897
f 8012 7856 7910
f 8095 8087 7892
f 8120 8069 8068
f 7942 7941 7918
f 8074 8057 8040
f 8121 8122 8123
f 7854 7847 8056
f 7993 8064 7967
f 8124 8125 8058
f 7916 7892 8088
f 8040 7950 8074
f 7850 7976 7853
f 8045 8000 8047
f 8009 8126 7839
f 7926 8036 7962
f 8059 8058 8100
f 7949 8085 8034
f 7961 7989 8004
f 7941 8109 7999
f 7918 7999 7998
f 7931 7930 7984
f 7827 7922 8003
f 8111 8044 8014
f 8116 8009 7982
f 7951 7950 8054
f 7938 8027 7951
f 8027 7978 8085
f 7948 7953 7955
f 7943 8127 8080
f 8001 7842 8002
f 7919 7918 7998
f 7835 7834 7866
f 8108 8090 8127
f 7871 7877 8102
f 7997 7883 7964
f 7833 8068 7953
f 7826 7999 8109
f 8050 8046 8083
f 7881 8037 7895
f 7926 7822 8036
f 8030 7904 7935
f 8092 8070 7869
f 7901 8043 7829
f 7891 7916 7915
f 7999 7918 7941
f 7975 8096 7853
f 8028 8029 8128
f 8083 7919 8050
f 7896 7853 7895
f 7843 8011 7844
f 8113 8129 8078
f 8119 8095 8130
f 7937 7910 7927
f 8105 7874 8103
f 7967 8064 8097
f 8066 8131 8132
f 8021 7859 8121
f 8008 8046 8050
f 7984 7930 7972
f 7887 8003 7988
f 7819 7845 7839
f 7900 7911 7926
f 7876 8076 7884
f 8010 8016 8044
f 8114 8045 7966
f 8072 8076 8117
f 7902 8133 8086
f 7854 7896 7878
f 7878 7896 7879
f 7870 7869 8070
f 7989 7961 7869
f 8104 7959 7958
f 8038 7881 7880
f 7880 8102 8038
f 8086 7945 7816
f 7993 7992 8134
f 8111 7872 8102
f 7824 7823 8084
f 7827 7826 8107
f 7993 8062 8064
f 8107 8109 8057
f 8110 7865 7921
f 7874 8106 7875
f 8078 7943 8113
f 7853 7976 7975
f 8075 7824 8084
f 7882 8044 8111
f 8135 8093 8100
f 7990 7887 7988
f 7871 8102 7872
f 7981 7992 8136
f 8020 8137 8018
f 8010 8138 8017
f 7852 8056 7928
f 8139 7840 7842
f 7831 8095 7832
f 8140 8030 8055
f 8036 7861 7962
f 8136 7815 7981
f 7907 7906 8081
f 8091 8069 8120
f 8049 7813 7996
f 7956 7872 7955
f 7878 8032 8023
f 8141 7813 8049
f 8125 8135 8100
f 8065 8048 7952
f 7914 7948 7955
f 8003 8042 7825
f 8130 8095 7831
f 8068 7954 7953
f 8098 8141 8049
f 7813 8141 8018
f 8018 7814 7813
f 7813 7815 7996
f 7921 8142 8110
f 8099 8118 8015
f 7944 7897 7984
f 7835 7866 8024
f 8108 7863 7954
f 8107 8143 8142
f 8008 8050 8052
f 7957 7959 8094
f 7825 8112 7826
f 7990 7989 7884
f 8094 8103 7874
f 8127 7968 7863
f 7849 8041 8116
f 8014 8044 8016
f 7906 7970 8081
f 8037 7881 8038
f 7936 7935 8053
f 7942 7952 7971
f 7986 8115 7943
f 7857 8116 8041
f 7859 8071 8031
f 8134 7992 7981
f 7836 7851 7850
f 7887 8008 8042
f 7845 7819 7821
f 7982 7844 7977
f 7945 7817 7816
f 8014 8017 8013
f 8050 7919 8051
f 8141 8098 8026
f 7863 7829 7828
f 8044 7975 8010
f 7998 7826 8112
f 8065 8098 8048
f 8125 8124 7817
f 7843 8138 8011
f 7921 8107 8142
f 8027 7938 7927
f 7908 7923 7909
f 7842 8001 8139
f 7952 7842 7841
f 8128 8029 7906
f 7905 7904 8144
f 8018 8141 8019
f 8057 8059 8040
f 8143 8107 8057
f 8025 8141 8026
f 8118 7870 8070
f 8121 7859 8036
f 7940 7942 7971
f 8122 8036 7822
f 7956 7863 7828
f 8120 7907 8091
f 7982 8009 7845
f 8124 7941 7940
f 8019 8145 8020
f 7820 7819 7838
f 7833 8120 8068
f 7895 8096 7881
f 8113 7970 7969
f 8112 7825 8042
f 7934 8146 7935
f 8066 8026 8065
f 7889 8092 7834
f 7829 8043 7830
f 7972 7930 7929
f 8145 8019 8025
f 8147 8146 8148
f 7901 8073 8023
f 7877 7879 8037
f 8030 8128 7906
f 7914 7955 7872
f 7974 7973 7923
f 7862 7968 7991
f 7954 7863 7956
f 8026 8066 8006
f 8005 8145 8025
f 7817 7940 7818
f 8006 8005 8026
f 7849 7851 8041
f 7838 7819 7839
f 7960 7922 7865
f 8131 7952 7920
f 8132 8006 8066
f 8075 8123 8122
f 7855 8041 7980
f 7846 8118 8070
f 8083 8131 7920
f 8140 7904 8030
f 8057 8074 8143
f 8131 8083 8082
f 8007 8006 8132
f 8028 8147 7958
f 7837 8126 7857
f 8130 7947 8101
f 8042 8008 8052
f 8090 8089 8127
f 7968 8127 7983
f 7846 8056 7847
f 7898 8115 7986
f 7870 8117 7868
f 7959 8104 8103
f 7984 7968 7983
f 7818 7841 7816
f 7839 8126 7837
f 8143 8110 8142
f 8147 8104 7958
f 8076 7868 8117
f 7958 7969 8029
f 8063 8097 8064
f 7957 8078 8129
f 7958 7957 8129
f 7993 8149 8062
f 8129 7969 7958
f 8034 7893 8110
f 8137 7814 8018
f 7932 8150 8101
f 8034 8110 8143
f 7815 8136 7996
f 7989 7988 8004
f 8131 8082 8132
f 8032 7901 8023
f 8117 8118 8099
f 7989 7869 7876
f 8058 8057 8109
f 7897 8115 7898
f 7901 8032 8043
f 7865 7867 7960
f 7951 8027 8085
f 7935 8128 8030
f 8086 7816 7841
f 8061 8071 8022
f 7926 7911 7925
f 7933 7912 8111
f 7933 8013 7963
f 8000 8048 8047
f 7889 7928 8092
f 7959 8103 8094
f 8147 8148 8104
f 7990 7884 7997
f 7985 7987 7986
f 8046 8151 8082
f 7986 8078 7957
f 7866 7865 8024
f 8048 8002 7952
f 8072 8117 8099
f 7840 8133 7902
f 7833 7907 8120
f 7983 7943 7944
f 8079 7970 8113
f 7910 7937 7908
f 8111 7912 7914
f 7971 7952 7841
f 7891 7892 7916
f 7906 8029 7969
f 7882 8096 7975
f 7986 7987 7898
f 7995 8045 8047
f 8129 8113 7969
f 7911 7829 7862
f 7817 7946 8125
f 8100 8058 8125
f 7914 7913 7947
f 7822 8075 8122
f 7947 7831 7948
f 8108 8127 7863
f 8011 8138 8010
f 7935 8146 8128
f 7915 8030 7891
f 8134 8149 7993
f 8140 8144 7904
f 8146 8147 8028
f 7900 8073 7901
f 8146 8028 8128
f 7940 7817 8124
f 8131 8066 7952
f 7872 8111 7914
f 8111 8102 7880
f 8132 8082 8151
f 7867 8092 7961
f 8036 8122 8121
f 8116 7857 8126
f 8152 8144 8055
f 8096 7882 7881
f 8080 8127 8089
f 8144 8140 8055
f 7951 8085 7949
f 7851 7980 8041
f 7830 8043 8033
f 7823 7925 7991
f 8124 8058 7941
f 7871 7830 8033
f 7828 7830 7872
f 7916 8088 7917
f 8141 8025 8019
f 8143 8074 8034
f 8035 8085 7978
f 8130 7831 7947
f 7853 7890 7850
f 7919 7998 8051
f 8051 7998 8112
f 7845 7821 7843
f 8003 7825 7827
f 8127 7943 7983
f 7995 7994 7966
f 8009 8116 8126
f 7996 8136 7994
f 8101 8150 8130
f 7838 7837 8012
f 7840 8139 8133
f 7994 8136 7992
f 8153 8154 8155
f 8156 8157 8158
f 8159 8160 8161
f 8162 8163 8164
f 8165 8166 8167
f 8168 8169 8170
f 8171 8172 8173
f 8174 8175 8176
f 8169 8177 8164
f 8178 8179 8180
f 8181 8174 8182
f 8163 8162 8183
f 8184 8185 8186
f 8187 8167 8188
f 8189 8190 8191
f 8192 8193 8194
f 8167 8187 8165
f 8196 8159 8197
f 8167 8166 8198
f 8199 8160 8200
f 8201 8202 8203
f 8204 8199 8200
f 8205 8202 8201
f 8203 8202 8206
f 8195 8173 8193
f 8175 8174 8181
f 8202 8205 8184
f 8166 8207 8208
f 8209 8210 8211
f 8206 8208 8212
f 8213 8181 8182
f 8214 8188 8215
f 8216 8176 8164
f 8207 8212 8208
f 8184 8218 8202
f 8219 8206 8202
f 8162 8164 8177
f 8220 8166 8208
f 8206 8220 8208
f 8166 8220 8221
f 8186 8185 8222
f 8223 8224 8225
f 8226 8199 8204
f 8219 8227 8206
f 8227 8220 8206
f 8221 8228 8229
f 8230 8231 8180
f 8160 8186 8232
f 8233 8198 8209
f 8234 8235 8236
f 8233 8211 8237
f 8215 8238 8214
f 8228 8221 8239
f 8229 8228 8209
f 8220 8239 8221
f 8211 8233 8209
f 8240 8237 8211
f 8241 8242 8237
f 8243 8244 8245
f 8196 8219 8218
f 8196 8246 8219
f 8209 8197 8161
f 8227 8239 8220
f 8239 8246 8228
f 8197 8209 8228
f 8247 8248 8241
f 8249 8250 8251
f 8215 8243 8253
f 8254 8255 8256
f 8237 8240 8247
f 8225 8258 8223
f 8259 8260 8261
f 8246 8196 8197
f 8245 8168 8234
f 8262 8263 8264
f 8159 8196 8218
f 8197 8228 8246
f 8215 8253 8238
f 8265 8204 8200
f 8231 8230 8266
f 8242 8244 8243
f 8186 8159 8218
f 8210 8226 8211
f 8234 8168 8235
f 8265 8200 8232
f 8254 8190 8267
f 8268 8253 8243
f 8245 8268 8243
f 8248 8244 8241
f 8270 8266 8271
f 8197 8159 8161
f 8226 8210 8199
f 8161 8160 8199
f 8245 8244 8169
f 8259 8272 8251
f 8240 8226 8273
f 8249 8251 8274
f 8275 8244 8248
f 8271 8249 8276
f 8271 8276 8270
f 8216 8164 8163
f 8184 8205 8277
f 8231 8266 8270
f 8224 8191 8278
f 8160 8159 8186
f 8273 8226 8183
f 8177 8169 8275
f 8170 8235 8168
f 8273 8183 8248
f 8248 8183 8162
f 8181 8213 8193
f 8181 8170 8175
f 8279 8226 8204
f 8199 8209 8161
f 8168 8245 8169
f 8232 8200 8160
f 8205 8201 8280
f 8215 8237 8242
f 8215 8188 8167
f 8281 8277 8282
f 8237 8215 8233
f 8232 8186 8222
f 8254 8267 8255
f 8272 8283 8251
f 8284 8174 8216
f 8251 8283 8274
f 8249 8274 8285
f 8268 8245 8234
f 8235 8170 8217
f 8286 8278 8191
f 8284 8286 8287
f 8184 8186 8218
f 8282 8288 8289
f 8290 8264 8263
f 8247 8273 8248
f 8291 8292 8293
f 8248 8162 8275
f 8288 8205 8280
f 8294 8176 8175
f 8295 8274 8296
f 8294 8164 8176
f 8170 8181 8172
f 8272 8259 8261
f 8285 8274 8295
f 8163 8279 8297
f 8191 8190 8287
f 8194 8284 8287
f 8249 8298 8276
f 8282 8289 8299
f 8190 8254 8287
f 8215 8167 8233
f 8278 8204 8265
f 8284 8194 8182
f 8190 8189 8267
f 8193 8173 8172
f 8182 8194 8213
f 8261 8300 8272
f 8219 8202 8218
f 8189 8301 8267
f 8192 8194 8254
f 8302 8296 8303
f 8300 8296 8283
f 8304 8303 8158
f 8249 8285 8305
f 8193 8192 8195
f 8298 8249 8305
f 8306 8156 8260
f 8278 8297 8204
f 8254 8256 8192
f 8267 8301 8255
f 8226 8240 8211
f 8194 8287 8254
f 8153 8309 8154
f 8158 8300 8261
f 8296 8300 8303
f 8302 8295 8296
f 8305 8285 8310
f 8295 8311 8310
f 8183 8279 8163
f 8298 8305 8312
f 8188 8214 8306
f 8231 8270 8178
f 8271 8266 8230
f 8166 8229 8198
f 8271 8250 8249
f 8156 8158 8261
f 8282 8277 8288
f 8303 8300 8158
f 8295 8302 8311
f 8312 8305 8310
f 8183 8226 8279
f 8191 8287 8286
f 8299 8289 8313
f 8304 8314 8264
f 8314 8304 8157
f 8241 8237 8247
f 8171 8170 8172
f 8286 8284 8163
f 8241 8244 8242
f 8296 8274 8283
f 8297 8278 8286
f 8303 8304 8302
f 8169 8294 8175
f 8310 8315 8312
f 8229 8209 8198
f 8269 8290 8263
f 8252 8270 8276
f 8301 8189 8316
f 8306 8214 8156
f 8317 8304 8264
f 8174 8284 8182
f 8177 8275 8162
f 8290 8310 8317
f 8286 8163 8297
f 8233 8167 8198
f 8246 8227 8219
f 8317 8302 8304
f 8277 8205 8288
f 8315 8310 8290
f 8258 8225 8293
f 8194 8193 8213
f 8258 8293 8292
f 8308 8179 8178
f 8308 8307 8179
f 8157 8156 8214
f 8157 8304 8158
f 8290 8317 8264
f 8269 8315 8290
f 8260 8156 8261
f 8215 8242 8243
f 8229 8166 8221
f 8278 8225 8224
f 8288 8318 8289
f 8169 8244 8275
f 8236 8309 8234
f 8176 8216 8174
f 8238 8157 8214
f 8253 8268 8319
f 8310 8285 8295
f 8171 8217 8170
f 8320 8157 8238
f 8153 8155 8319
f 8206 8212 8203
f 8311 8302 8317
f 8268 8234 8153
f 8276 8298 8252
f 8155 8320 8319
f 8321 8222 8185
f 8257 8263 8262
f 8153 8319 8268
f 8318 8288 8280
f 8319 8320 8253
f 8309 8153 8234
f 8253 8320 8238
f 8297 8279 8204
f 8281 8322 8277
f 8323 8321 8324
f 8193 8172 8181
f 8246 8239 8227
f 8320 8314 8157
f 8265 8325 8278
f 8321 8185 8324
f 8265 8232 8325
f 8170 8169 8175
f 8317 8310 8311
f 8155 8262 8314
f 8185 8277 8324
f 8225 8325 8293
f 8164 8294 8169
f 8323 8325 8321
f 8325 8232 8222
f 8321 8325 8222
f 8257 8262 8154
f 8325 8323 8291
f 8293 8325 8291
f 8324 8277 8322
f 8314 8320 8155
f 8154 8262 8155
f 8231 8178 8180
f 8291 8323 8324
f 8300 8283 8272
f 8247 8240 8273
f 8163 8284 8216
f 8210 8209 8199
f 8278 8325 8225
f 8185 8184 8277
f 8314 8262 8264
f 8191 8224 8189
f 8326 8327 8328
f 8329 8330 8331
f 8334 8335 8336
f 8337 8338 8339
f 8340 8341 8342
f 8343 8344 8345
f 8346 8347 8348
f 8349 8350 8351
f 8352 8353 8354
f 8355 8356 8357
f 8358 8359 8360
f 8361 8362 8363
f 8364 8365 8366
f 8367 8368 8369
f 8370 8371 8353
f 8371 8357 8372
f 8354 8353 8371
f 8373 8374 8375
f 8376 8377 8378
f 8379 8380 8381
f 8375 8382 8383
f 8384 8385 8347
f 8371 8386 8387
f 8370 8353 8388
f 8353 8352 8388
f 8389 8390 8347
f 8391 8392 8390
f 8393 8394 8395
f 8396 8397 8398
f 8382 8374 8398
f 8399 8331 8330
f 8400 8401 8402
f 8403 8404 8405
f 8406 8407 8408
f 8409 8410 8411
f 8412 8413 8414
f 8415 8416 8417
f 8330 8418 8419
f 8420 8400 8421
f 8422 8423 8424
f 8425 8356 8426
f 8427 8428 8429
f 8430 8431 8432
f 8380 8379 8433
f 8434 8435 8333
f 8436 8437 8438
f 8439 8440 8336
f 8441 8442 8430
f 8443 8435 8444
f 8437 8445 8446
f 8375 8422 8373
f 8447 8448 8449
f 8441 8430 8450
f 8444 8451 8452
f 8453 8440 8366
f 8455 8456 8431
f 8457 8458 8459
f 8460 8461 8396
f 8450 8462 8441
f 8327 8463 8464
f 8340 8465 8466
f 8461 8467 8468
f 8414 8413 8469
f 8400 8420 8401
f 8470 8360 8329
f 8471 8472 8473
f 8474 8475 8476
f 8477 8478 8479
f 8328 8439 8480
f 8481 8482 8483
f 8484 8485 8486
f 8487 8402 8488
f 8489 8392 8391
f 8345 8490 8491
f 8492 8493 8447
f 8494 8495 8496
f 8497 8339 8338
f 8432 8359 8498
f 8468 8396 8461
f 8499 8500 8501
f 8502 8393 8395
f 8441 8503 8365
f 8504 8416 8505
f 8459 8468 8506
f 8402 8487 8400
f 8360 8411 8358
f 8491 8490 8507
f 8508 8354 8489
f 8449 8448 8509
f 8510 8462 8450
f 8512 8494 8513
f 8343 8514 8344
f 8329 8360 8359
f 8416 8504 8515
f 8390 8389 8508
f 8516 8517 8518
f 8440 8448 8364
f 8473 8519 8520
f 8521 8429 8522
f 8382 8410 8409
f 8476 8376 8523
f 8499 8524 8493
f 8382 8398 8397
f 8478 8525 8479
f 8526 8527 8471
f 8498 8430 8432
f 8352 8389 8347
f 8528 8529 8401
f 8427 8530 8531
f 8532 8524 8533
f 8534 8529 8535
f 8536 8537 8491
f 8488 8538 8539
f 8346 8529 8384
f 8336 8440 8453
f 8433 8540 8380
f 8533 8524 8541
f 8528 8384 8529
f 8542 8543 8438
f 8428 8466 8429
f 8544 8469 8545
f 8546 8445 8547
f 8548 8476 8523
f 8505 8549 8504
f 8340 8342 8403
f 8442 8441 8365
f 8366 8550 8453
f 8551 8504 8552
f 8553 8554 8555
f 8556 8489 8557
f 8558 8559 8560
f 8538 8488 8534
f 8561 8487 8488
f 8562 8516 8518
f 8529 8534 8401
f 8508 8391 8390
f 8564 8404 8565
f 8498 8485 8484
f 8563 8553 8555
f 8445 8523 8566
f 8498 8567 8568
f 8568 8485 8498
f 8527 8526 8477
f 8545 8348 8544
f 8524 8499 8501
f 8391 8508 8489
f 8503 8550 8366
f 8409 8569 8383
f 8569 8331 8570
f 8571 8562 8572
f 8573 8344 8574
f 8502 8569 8570
f 8575 8463 8327
f 8408 8367 8369
f 8553 8355 8554
f 8576 8565 8577
f 8578 8557 8489
f 8406 8510 8486
f 8474 8579 8475
f 8580 8406 8408
f 8496 8514 8491
f 8406 8580 8510
f 8396 8459 8458
f 8333 8332 8434
f 8487 8581 8400
f 8327 8326 8575
f 8421 8582 8420
f 8583 8525 8584
f 8390 8469 8544
f 8383 8395 8375
f 8495 8574 8344
f 8585 8586 8335
f 8407 8587 8549
f 8424 8413 8373
f 8495 8494 8512
f 8468 8588 8589
f 8418 8456 8455
f 8485 8590 8486
f 8578 8517 8516
f 8591 8575 8326
f 8470 8409 8411
f 8592 8361 8550
f 8574 8495 8512
f 8411 8339 8567
f 8412 8373 8413
f 8339 8497 8567
f 8347 8346 8384
f 8462 8368 8593
f 8592 8594 8595
f 8596 8521 8522
f 8352 8354 8508
f 8597 8598 8455
f 8538 8465 8405
f 8458 8337 8410
f 8534 8402 8401
f 8599 8561 8488
f 8600 8350 8601
f 8417 8416 8332
f 8484 8450 8430
f 8569 8502 8383
f 8602 8459 8506
f 8602 8603 8457
f 8600 8604 8554
f 8605 8606 8520
f 8337 8458 8457
f 8607 8386 8608
f 8542 8609 8543
f 8578 8489 8610
f 8492 8500 8499
f 8584 8605 8419
f 8415 8407 8549
f 8368 8611 8593
f 8612 8472 8613
f 8571 8467 8461
f 8613 8472 8471
f 8356 8553 8614
f 8531 8535 8413
f 8361 8592 8381
f 8409 8383 8382
f 8443 8425 8616
f 8617 8607 8618
f 8502 8519 8473
f 8392 8469 8390
f 8516 8557 8578
f 8346 8545 8529
f 8582 8385 8420
f 8542 8438 8619
f 8618 8607 8608
f 8335 8361 8585
f 8425 8372 8356
f 8486 8590 8406
f 8518 8572 8562
f 8424 8373 8422
f 8570 8331 8399
f 8461 8460 8414
f 8573 8454 8344
f 8535 8620 8534
f 8461 8392 8556
f 8390 8544 8348
f 8367 8594 8611
f 8347 8390 8348
f 8465 8538 8596
f 8472 8394 8473
f 8590 8485 8587
f 8493 8448 8447
f 8607 8601 8621
f 8588 8622 8623
f 8533 8624 8625
f 8493 8492 8499
f 8442 8626 8455
f 8552 8338 8551
f 8622 8572 8518
f 8627 8385 8582
f 8382 8375 8374
f 8628 8542 8619
f 8432 8431 8456
f 8519 8399 8605
f 8461 8414 8392
f 8623 8589 8588
f 8553 8356 8355
f 8618 8629 8617
f 8604 8555 8554
f 8369 8510 8580
f 8488 8539 8599
f 8341 8630 8342
f 8550 8361 8334
f 8572 8588 8468
f 8491 8514 8345
f 8328 8327 8447
f 8344 8514 8496
f 8393 8502 8473
f 8369 8368 8462
f 8423 8427 8424
f 8508 8389 8352
f 8361 8335 8334
f 8530 8427 8521
f 8625 8631 8525
f 8565 8403 8577
f 8511 8490 8345
f 8558 8507 8632
f 8540 8433 8513
f 8517 8622 8518
f 8599 8539 8564
f 8356 8614 8426
f 8418 8455 8598
f 8467 8572 8468
f 8452 8425 8443
f 8612 8466 8428
f 8633 8433 8379
f 8412 8460 8398
f 8479 8525 8631
f 8395 8634 8422
f 8346 8348 8545
f 8558 8632 8559
f 8542 8628 8609
f 8380 8362 8381
f 8453 8334 8336
f 8635 8506 8589
f 8613 8471 8527
f 8515 8551 8636
f 8327 8500 8492
f 8404 8538 8405
f 8549 8505 8415
f 8634 8637 8428
f 8483 8638 8481
f 8538 8404 8539
f 8577 8403 8576
f 8407 8406 8590
f 8559 8632 8547
f 8478 8477 8526
f 8587 8407 8590
f 8496 8609 8494
f 8572 8622 8588
f 8611 8503 8593
f 8571 8572 8467
f 8478 8606 8584
f 8626 8640 8641
f 8445 8566 8446
f 8641 8583 8598
f 8437 8446 8642
f 8345 8514 8343
f 8611 8368 8367
f 8505 8416 8415
f 8330 8419 8605
f 8326 8480 8591
f 8398 8374 8412
f 8552 8549 8587
f 8628 8619 8483
f 8559 8547 8436
f 8445 8436 8547
f 8643 8560 8559
f 8462 8510 8369
f 8536 8558 8560
f 8482 8644 8380
f 8631 8625 8624
f 8605 8584 8606
f 8549 8552 8504
f 8458 8397 8396
f 8506 8468 8589
f 8344 8496 8495
f 8645 8646 8626
f 8600 8554 8350
f 8567 8358 8411
f 8643 8436 8560
f 8537 8536 8543
f 8445 8437 8436
f 8433 8633 8512
f 8366 8440 8364
f 8509 8439 8449
f 8336 8335 8586
f 8516 8562 8557
f 8615 8443 8616
f 8640 8626 8532
f 8603 8647 8636
f 8569 8409 8470
f 8531 8620 8535
f 8388 8627 8629
f 8555 8604 8639
f 8410 8382 8397
f 8466 8522 8429
f 8620 8531 8530
f 8594 8592 8550
f 8547 8632 8546
f 8598 8597 8641
f 8603 8506 8635
f 8574 8633 8573
f 8473 8520 8471
f 8401 8420 8528
f 8442 8648 8645
f 8509 8448 8440
f 8596 8538 8530
f 8596 8522 8465
f 8475 8649 8476
f 8634 8395 8394
f 8446 8566 8376
f 8469 8413 8545
f 8621 8386 8607
f 8633 8574 8512
f 8497 8552 8568
f 8496 8491 8537
f 8568 8567 8497
f 8332 8515 8434
f 8451 8517 8578
f 8354 8650 8452
f 8447 8327 8492
f 8647 8515 8636
f 8457 8603 8338
f 8478 8584 8525
f 8621 8387 8386
f 8642 8446 8376
f 8537 8543 8496
f 8623 8647 8635
f 8483 8619 8651
f 8647 8603 8635
f 8444 8517 8451
f 8465 8522 8466
f 8431 8430 8442
f 8435 8443 8615
f 8563 8615 8614
f 8426 8614 8616
f 8442 8455 8431
f 8341 8340 8612
f 8582 8629 8627
f 8552 8497 8338
f 8629 8618 8388
f 8470 8329 8331
f 8523 8445 8548
f 8619 8652 8378
f 8653 8444 8435
f 8359 8456 8418
f 8652 8619 8438
f 8628 8494 8609
f 8451 8610 8452
f 8592 8573 8633
f 8622 8647 8623
f 8513 8494 8628
f 8502 8395 8383
f 8394 8472 8637
f 8387 8357 8371
f 8403 8565 8404
f 8371 8370 8386
f 8517 8444 8622
f 8386 8618 8608
f 8371 8650 8354
f 8410 8397 8458
f 8373 8412 8374
f 8330 8605 8399
f 8650 8372 8452
f 8388 8618 8370
f 8601 8350 8621
f 8328 8449 8439
f 8622 8653 8647
f 8621 8350 8349
f 8433 8512 8513
f 8379 8592 8633
f 8573 8592 8595
f 8427 8423 8634
f 8560 8543 8536
f 8376 8649 8377
f 8336 8480 8439
f 8376 8378 8642
f 8641 8640 8583
f 8543 8560 8438
f 8412 8414 8460
f 8625 8525 8533
f 8525 8583 8533
f 8627 8388 8352
f 8330 8329 8418
f 8530 8538 8620
f 8354 8610 8489
f 8506 8603 8602
f 8423 8422 8634
f 8649 8376 8476
f 8628 8540 8513
f 8529 8545 8535
f 8642 8378 8652
f 8503 8441 8462
f 8480 8326 8328
f 8362 8361 8381
f 8515 8647 8434
f 8465 8340 8405
f 8342 8654 8403
f 8507 8558 8491
f 8609 8496 8543
f 8651 8619 8378
f 8540 8628 8483
f 8585 8591 8586
f 8468 8459 8396
f 8334 8453 8550
f 8645 8648 8448
f 8648 8364 8448
f 8352 8385 8627
f 8445 8546 8548
f 8381 8592 8379
f 8585 8575 8591
f 8360 8470 8411
f 8359 8358 8498
f 8616 8425 8426
f 8384 8528 8420
f 8483 8482 8540
f 8355 8350 8554
f 8413 8424 8531
f 8593 8503 8462
f 8524 8646 8493
f 8387 8621 8349
f 8485 8568 8587
f 8356 8372 8357
f 8405 8340 8403
f 8614 8615 8616
f 8420 8385 8384
f 8408 8369 8580
f 8484 8486 8510
f 8337 8339 8410
f 8350 8355 8351
f 8413 8535 8545
f 8342 8630 8654
f 8519 8605 8520
f 8653 8434 8647
f 8399 8519 8570
f 8482 8380 8540
f 8400 8581 8421
f 8612 8613 8341
f 8466 8612 8340
f 8472 8612 8637
f 8532 8533 8640
f 8493 8645 8448
f 8419 8418 8598
f 8327 8464 8500
f 8556 8557 8562
f 8349 8357 8387
f 8536 8491 8558
f 8653 8622 8444
f 8419 8598 8583
f 8394 8393 8473
f 8434 8653 8435
f 8539 8404 8564
f 8586 8591 8336
f 8526 8520 8606
f 8365 8648 8442
f 8455 8626 8597
f 8396 8398 8460
f 8566 8523 8376
f 8515 8332 8416
f 8504 8551 8515
f 8638 8483 8651
f 8414 8469 8392
f 8645 8493 8646
f 8533 8583 8640
f 8644 8362 8380
f 8571 8556 8562
f 8449 8328 8447
f 8611 8594 8503
f 8589 8623 8635
f 8575 8585 8655
f 8386 8370 8618
f 8354 8452 8610
f 8480 8336 8591
f 8443 8444 8452
f 8641 8597 8626
f 8602 8457 8459
f 8510 8450 8484
f 8614 8553 8563
f 8430 8498 8484
f 8454 8573 8595
f 8339 8411 8410
f 8634 8428 8427
f 8402 8534 8488
f 8432 8456 8359
f 8556 8392 8489
f 8587 8568 8552
f 8338 8337 8457
f 8612 8428 8637
f 8364 8648 8365
f 8372 8650 8371
f 8551 8338 8603
f 8626 8646 8532
f 8520 8526 8471
f 8361 8363 8585
f 8385 8352 8347
f 8429 8521 8427
f 8521 8596 8530
f 8438 8642 8652
f 8585 8363 8655
f 8610 8451 8578
f 8584 8419 8583
f 8541 8624 8533
f 8351 8357 8349
f 8345 8344 8511
f 8636 8551 8603
f 8556 8571 8461
f 8643 8559 8436
f 8646 8524 8532
f 8606 8478 8526
f 8594 8550 8503
f 8567 8498 8358
f 8365 8503 8366
f 8637 8634 8394
f 8534 8620 8538
f 8422 8375 8395
f 8331 8569 8470
f 8655 8463 8575
f 8531 8424 8427
f 8438 8437 8642
f 8329 8359 8418
f 8438 8560 8436
f 8425 8452 8372
f 8570 8519 8502
f 8626 8442 8645
f 8357 8351 8355
f 8439 8509 8440
f 8656 8657 8658
f 8659 8660 8661
f 8662 8663 8664
f 8665 8660 8659
f 8666 8667 8668
f 8669 8670 8671
f 8672 8673 8669
f 8674 8675 8676
f 8677 8678 8679
f 8680 8681 8682
f 8683 8684 8685
f 8686 8687 8688
f 8689 8666 8690
f 8691 8692 8693
f 8669 8694 8695
f 8696 8693 8697
f 8692 8698 8699
f 8700 8701 8702
f 8703 8704 8705
f 8706 8707 8688
f 8708 8709 8710
f 8711 8712 8713
f 8714 8708 8710
f 8661 8715 8716
f 8665 8714 8710
f 8717 8661 8716
f 8715 8660 8710
f 8717 8718 8661
f 8719 8720 8721
f 8687 8686 8722
f 8723 8724 8725
f 8726 8718 8727
f 8727 8668 8726
f 8715 8728 8700
f 8702 8717 8700
f 8717 8729 8718
f 8708 8730 8731
f 8728 8706 8732
f 8733 8734 8735
f 8736 8737 8738
f 8739 8740 8741
f 8741 8742 8743
f 8729 8744 8727
f 8707 8706 8728
f 8745 8746 8747
f 8748 8696 8697
f 8737 8749 8738
f 8700 8728 8732
f 8741 8743 8745
f 8750 8751 8685
f 8737 8752 8749
f 8753 8754 8755
f 8737 8736 8756
f 8757 8758 8759
f 8760 8748 8761
f 8761 8748 8727
f 8729 8702 8744
f 8693 8762 8763
f 8727 8744 8764
f 8765 8766 8767
f 8768 8769 8770
f 8760 8696 8748
f 8681 8732 8706
f 8771 8763 8762
f 8701 8700 8732
f 8772 8760 8761
f 8773 8774 8775
f 8737 8756 8776
f 8752 8737 8776
f 8777 8749 8752
f 8778 8779 8780
f 8693 8692 8781
f 8744 8782 8764
f 8665 8659 8783
f 8665 8784 8714
f 8760 8785 8696
f 8688 8786 8706
f 8787 8788 8762
f 8789 8758 8757
f 8681 8706 8790
f 8732 8681 8701
f 8790 8791 8792
f 8701 8681 8680
f 8793 8794 8795
f 8796 8777 8752
f 8777 8778 8780
f 8779 8778 8797
f 8798 8799 8800
f 8658 8657 8779
f 8801 8802 8803
f 8709 8731 8804
f 8694 8805 8724
f 8806 8807 8808
f 8809 8810 8811
f 8774 8812 8775
f 8768 8813 8814
f 8775 8815 8816
f 8748 8697 8690
f 8817 8818 8782
f 8708 8731 8709
f 8761 8764 8772
f 8677 8819 8820
f 8821 8789 8822
f 8791 8805 8792
f 8796 8752 8776
f 8779 8797 8823
f 8797 8778 8824
f 8777 8796 8825
f 8762 8826 8771
f 8781 8762 8693
f 8779 8823 8827
f 8658 8779 8827
f 8784 8665 8783
f 8666 8689 8828
f 8681 8790 8792
f 8735 8829 8830
f 8681 8792 8670
f 8831 8682 8832
f 8792 8694 8671
f 8833 8781 8834
f 8659 8718 8667
f 8670 8792 8671
f 8835 8796 8776
f 8825 8836 8777
f 8824 8778 8836
f 8825 8796 8837
f 8716 8715 8700
f 8669 8673 8682
f 8827 8823 8838
f 8839 8658 8827
f 8656 8658 8840
f 8687 8805 8791
f 8740 8704 8742
f 8784 8783 8666
f 8792 8805 8694
f 8726 8668 8667
f 8702 8680 8831
f 8818 8772 8782
f 8841 8842 8843
f 8800 8730 8844
f 8681 8670 8682
f 8796 8835 8837
f 8823 8824 8845
f 8845 8838 8823
f 8703 8686 8704
f 8832 8682 8673
f 8832 8782 8744
f 8744 8702 8831
f 8846 8847 8848
f 8838 8839 8827
f 8849 8658 8839
f 8840 8658 8849
f 8747 8850 8745
f 8851 8698 8691
f 8824 8836 8852
f 8853 8759 8724
f 8712 8711 8822
f 8669 8671 8694
f 8660 8665 8710
f 8718 8726 8667
f 8680 8702 8701
f 8847 8854 8855
f 8739 8841 8757
f 8837 8835 8856
f 8852 8825 8837
f 8824 8852 8845
f 8845 8857 8838
f 8725 8687 8722
f 8858 8859 8860
f 8773 8803 8769
f 8695 8724 8759
f 8815 8775 8812
f 8783 8659 8667
f 8670 8669 8682
f 8839 8838 8857
f 8849 8811 8840
f 8818 8785 8772
f 8740 8853 8705
f 8695 8694 8724
f 8850 8861 8842
f 8862 8863 8672
f 8773 8713 8774
f 8691 8693 8696
f 8864 8865 8861
f 8859 8866 8867
f 8868 8852 8837
f 8852 8869 8845
f 8870 8863 8817
f 8845 8765 8857
f 8837 8856 8868
f 8817 8711 8818
f 8702 8729 8717
f 8815 8812 8864
f 8849 8839 8857
f 8767 8857 8765
f 8871 8840 8811
f 8774 8843 8812
f 8872 8873 8874
f 8812 8865 8864
f 8724 8687 8725
f 8814 8713 8769
f 8758 8789 8821
f 8863 8673 8672
f 8739 8853 8740
f 8869 8852 8868
f 8722 8723 8725
f 8703 8853 8723
f 8767 8849 8857
f 8829 8811 8849
f 8672 8669 8695
f 8810 8871 8811
f 8848 8859 8867
f 8785 8760 8772
f 8786 8688 8687
f 8672 8758 8862
f 8713 8773 8769
f 8853 8724 8723
f 8799 8730 8800
f 8711 8817 8822
f 8831 8680 8682
f 8862 8821 8863
f 8875 8876 8877
f 8791 8706 8786
f 8878 8785 8818
f 8714 8784 8846
f 8869 8766 8765
f 8813 8878 8814
f 8849 8767 8829
f 8870 8673 8863
f 8817 8863 8822
f 8879 8873 8880
f 8844 8714 8846
f 8799 8881 8731
f 8791 8790 8706
f 8828 8882 8847
f 8814 8711 8713
f 8739 8842 8841
f 8869 8883 8766
f 8868 8884 8883
f 8728 8715 8710
f 8848 8867 8800
f 8830 8829 8767
f 8766 8885 8886
f 8828 8689 8887
f 8739 8757 8853
f 8821 8862 8758
f 8764 8782 8772
f 8846 8784 8847
f 8884 8868 8888
f 8787 8889 8860
f 8848 8847 8855
f 8759 8853 8757
f 8800 8846 8848
f 8712 8774 8713
f 8810 8809 8890
f 8809 8811 8734
f 8885 8830 8886
f 8695 8759 8758
f 8878 8813 8785
f 8742 8741 8740
f 8764 8761 8727
f 8821 8822 8863
f 8748 8690 8668
f 8841 8774 8891
f 8892 8884 8888
f 8888 8893 8892
f 8894 8766 8895
f 8715 8661 8660
f 8730 8708 8844
f 8734 8829 8735
f 8718 8729 8727
f 8734 8896 8809
f 8890 8679 8747
f 8830 8885 8897
f 8878 8818 8711
f 8704 8740 8705
f 8711 8814 8878
f 8774 8712 8891
f 8788 8854 8887
f 8898 8899 8820
f 8710 8707 8728
f 8893 8900 8901
f 8897 8735 8830
f 8902 8895 8901
f 8903 8679 8890
f 8896 8734 8733
f 8809 8896 8903
f 8679 8850 8747
f 8668 8690 8666
f 8686 8703 8722
f 8900 8904 8901
f 8895 8902 8894
f 8735 8905 8733
f 8735 8897 8905
f 8906 8896 8733
f 8850 8679 8678
f 8897 8894 8879
f 8826 8887 8771
f 8803 8773 8816
f 8902 8879 8894
f 8901 8895 8892
f 8907 8908 8909
f 8905 8910 8733
f 8910 8906 8733
f 8861 8850 8678
f 8712 8822 8789
f 8884 8892 8895
f 8901 8904 8902
f 8911 8833 8834
f 8912 8913 8914
f 8910 8819 8906
f 8915 8913 8912
f 8916 8896 8819
f 8678 8677 8861
f 8912 8914 8917
f 8803 8816 8918
f 8882 8828 8887
f 8910 8905 8919
f 8861 8677 8864
f 8910 8920 8898
f 8789 8891 8712
f 8919 8920 8910
f 8820 8819 8898
f 8921 8922 8923
f 8864 8677 8820
f 8919 8879 8880
f 8816 8773 8775
f 8924 8925 8877
f 8899 8898 8920
f 8723 8722 8703
f 8880 8920 8919
f 8873 8872 8926
f 8927 8928 8929
f 8892 8893 8901
f 8684 8794 8930
f 8815 8864 8820
f 8926 8872 8931
f 8851 8691 8696
f 8883 8895 8766
f 8854 8882 8887
f 8872 8874 8932
f 8931 8872 8932
f 8815 8820 8899
f 8933 8874 8934
f 8935 8936 8933
f 8913 8932 8874
f 8937 8926 8938
f 8913 8915 8932
f 8939 8936 8940
f 8816 8815 8938
f 8850 8741 8745
f 8913 8939 8914
f 8912 8941 8915
f 8662 8938 8931
f 8942 8915 8941
f 8912 8917 8941
f 8943 8871 8810
f 8942 8941 8944
f 8945 8946 8947
f 8948 8941 8917
f 8949 8911 8834
f 8914 8875 8917
f 8950 8664 8663
f 8918 8662 8801
f 8950 8944 8951
f 8899 8937 8815
f 8952 8914 8953
f 8683 8794 8684
f 8664 8801 8662
f 8753 8795 8806
f 8781 8833 8762
f 8805 8687 8724
f 8925 8948 8917
f 8951 8944 8948
f 8679 8916 8677
f 8951 8664 8950
f 8951 8948 8925
f 8802 8769 8803
f 8664 8951 8954
f 8952 8876 8875
f 8925 8955 8951
f 8891 8757 8841
f 8954 8801 8664
f 8687 8791 8786
f 8951 8955 8956
f 8957 8922 8921
f 8675 8958 8959
f 8956 8954 8951
f 8960 8961 8962
f 8804 8731 8881
f 8769 8963 8770
f 8956 8955 8924
f 8662 8931 8663
f 8788 8826 8762
f 8964 8965 8966
f 8959 8954 8967
f 8924 8968 8956
f 8968 8924 8877
f 8847 8784 8828
f 8891 8789 8757
f 8967 8676 8959
f 8968 8877 8969
f 8967 8968 8970
f 8915 8942 8931
f 8842 8739 8850
f 8771 8690 8697
f 8704 8743 8742
f 8788 8787 8860
f 8676 8967 8970
f 8969 8971 8968
f 8699 8834 8781
f 8661 8718 8659
f 8751 8970 8968
f 8972 8973 8974
f 8975 8976 8972
f 8854 8859 8855
f 8788 8860 8854
f 8902 8904 8934
f 8977 8934 8904
f 8886 8830 8767
f 8978 8979 8980
f 8859 8858 8866
f 8956 8968 8967
f 8879 8902 8934
f 8750 8970 8751
f 8970 8750 8676
f 8734 8811 8829
f 8964 8966 8674
f 8676 8964 8674
f 8981 8966 8982
f 8973 8972 8983
f 8696 8785 8851
f 8859 8854 8860
f 8676 8750 8964
f 8966 8965 8982
f 8976 8981 8984
f 8982 8984 8981
f 8758 8672 8695
f 8844 8708 8714
f 8896 8916 8903
f 8983 8976 8984
f 8939 8913 8936
f 8843 8774 8841
f 8844 8846 8800
f 8685 8684 8964
f 8964 8684 8965
f 8873 8937 8880
f 8887 8689 8771
f 8810 8985 8943
f 8731 8730 8799
f 8894 8897 8885
f 8986 8685 8987
f 8988 8982 8930
f 8965 8684 8930
f 8989 8990 8991
f 8853 8703 8705
f 8778 8777 8836
f 8992 8685 8986
f 8993 8994 8983
f 8983 8984 8993
f 8816 8938 8662
f 8867 8798 8800
f 8679 8903 8916
f 8825 8852 8836
f 8814 8769 8768
f 8907 8993 8908
f 8914 8939 8953
f 8948 8944 8941
f 8865 8812 8843
f 8766 8894 8885
f 8842 8861 8865
f 8667 8666 8783
f 8683 8992 8806
f 8807 8806 8992
f 8930 8995 8988
f 8995 8909 8908
f 8925 8924 8955
f 8847 8882 8854
f 8843 8842 8865
f 8995 8930 8996
f 8666 8828 8784
f 8996 8930 8794
f 8931 8932 8915
f 8887 8826 8788
f 8832 8673 8870
f 8744 8831 8832
f 8794 8683 8806
f 8997 8957 8921
f 8870 8817 8782
f 8795 8794 8806
f 8998 8999 9000
f 8940 8953 8939
f 8697 8693 8763
f 8995 9001 8909
f 8674 8958 8675
f 8698 8692 8691
f 8859 8848 8855
f 8668 8727 8748
f 8889 8787 8833
f 8916 8819 8677
f 9002 9003 9004
f 8996 9001 8995
f 8980 9000 8978
f 8996 8794 8793
f 8741 8850 8739
f 8858 8860 8889
f 8745 8743 8746
f 8692 8699 8781
f 8988 8993 8984
f 9005 8991 8990
f 8663 8942 8950
f 8905 8897 8919
f 8771 8689 8690
f 8833 8787 8762
f 8890 8809 8903
f 8833 8911 8889
f 8782 8832 8870
f 8925 8875 8877
f 9001 8996 8793
f 8763 8771 8697
f 8979 8978 9002
f 8972 8976 8983
f 8716 8700 8717
f 8965 8930 8982
f 9006 9007 9008
f 9009 8698 8973
f 9010 8755 8754
f 9003 8709 8804
f 8685 8992 8683
f 8699 8698 9009
f 9011 9009 8973
f 8834 8699 9012
f 9013 9009 9011
f 8937 8873 8926
f 9011 8949 9013
f 8699 9009 9012
f 8934 8977 8933
f 8975 8770 8981
f 9013 9012 9009
f 9012 9013 8949
f 8949 8834 9012
f 8747 9014 8890
f 8999 9015 9016
f 9017 8962 8961
f 8813 9018 8851
f 8813 8768 9018
f 8746 9019 9014
f 8698 8851 9018
f 8698 9018 8973
f 9004 9003 9020
f 8923 9021 8947
f 8851 8785 8813
f 9022 9023 9024
f 9021 8923 9000
f 8770 8975 8768
f 8797 8824 8823
f 8958 8802 8801
f 9025 9017 9026
f 8974 9018 8768
f 8950 8942 8944
f 9018 8974 8973
f 8768 8975 8974
f 8971 8685 8751
f 8979 9002 9027
f 8808 9022 8754
f 8816 8662 8918
f 9023 9022 8808
f 9028 8997 9029
f 9002 9004 9027
f 8990 9030 9031
f 8985 9032 9006
f 8923 8922 8978
f 9033 9029 8997
f 8753 8755 8795
f 8876 8952 9034
f 9003 8957 8997
f 8657 8656 9035
f 9023 9036 9037
f 8874 8879 8934
f 8997 9038 9003
f 9039 9036 8986
f 8938 8926 8931
f 8801 8959 8958
f 8766 8886 8767
f 8920 8880 8937
f 9040 9041 9025
f 8987 9039 8986
f 9042 8987 8971
f 9039 8987 9042
f 8993 8988 8908
f 9003 8804 9020
f 9022 9010 8754
f 8656 8840 8871
f 9043 9044 8953
f 8896 8906 8819
f 9041 9040 9045
f 8807 8992 8986
f 9046 9041 9045
f 8975 8972 8974
f 8943 8656 8871
f 9032 8810 8890
f 8810 9032 8985
f 8983 9047 8973
f 9017 9025 9041
f 9014 9032 8890
f 8802 8963 8769
f 9041 9046 9048
f 8981 8963 8674
f 8751 8968 8971
f 9049 8998 9000
f 8815 8937 8938
f 9050 9026 9051
f 8707 8710 9038
f 8953 9044 9034
f 8975 8981 8976
f 9008 8656 8943
f 9028 9038 8997
f 9014 8747 8746
f 8685 8971 8987
f 9052 9043 8953
f 8952 8875 8914
f 8874 8933 8913
f 8875 8925 8917
f 9019 9032 9014
f 9035 8656 9008
f 9040 9025 9053
f 8874 8873 8879
f 8709 9038 8710
f 8997 8921 9033
f 8709 9003 9038
f 9038 9028 8707
f 8953 8940 9052
f 8707 9028 8688
f 8801 8954 8959
f 8946 8945 9033
f 9028 9054 8688
f 8913 8933 8936
f 8686 9055 8704
f 8918 8801 8803
f 9030 9026 9050
f 8935 8933 8977
f 9045 8927 9056
f 9056 8927 9057
f 9056 9058 9046
f 9000 8923 8978
f 8945 9059 9060
f 9055 9007 8743
f 8895 8883 8884
f 8674 8963 8958
f 8657 9058 8780
f 8927 8929 9057
f 8927 9045 9040
f 9057 8929 9061
f 8674 8966 8981
f 9025 8989 9053
f 8657 9046 9058
f 8967 8954 8956
f 8721 9062 9057
f 9063 9064 9061
f 8780 9062 8777
f 8963 8981 8770
f 8721 9061 9064
f 9057 9061 8721
f 9065 9066 9067
f 9050 9060 9030
f 8999 9068 9021
f 8988 8995 8908
f 8808 8754 8806
f 9058 9056 9062
f 9058 9062 8780
f 9031 9030 9069
f 9046 8657 9035
f 9000 8980 9070
f 9031 9066 9065
f 9045 9056 9046
f 9035 9008 9071
f 8945 9060 9050
f 9061 8929 9063
f 9072 8927 9073
f 9074 9072 9073
f 9064 8719 8721
f 8753 8806 8754
f 8749 9062 8721
f 9057 9062 9056
f 9059 9069 9060
f 9062 8749 8777
f 9046 9035 9048
f 8945 9075 9033
f 9053 9073 9040
f 9029 9033 9054
f 9054 9033 9075
f 8989 9074 9073
f 9066 9069 9076
f 8808 8807 9023
f 9055 8688 9054
f 9008 9007 9055
f 8943 9006 9008
f 8989 9026 8990
f 9032 9019 9006
f 8720 8749 8721
f 8989 9073 9053
f 9007 9006 9019
f 9019 8746 9007
f 9036 9039 9037
f 8957 9002 8922
f 8973 9047 9011
f 9035 9071 9048
f 8999 9059 9068
f 8779 8657 8780
f 9026 8989 9025
f 8989 8991 9074
f 9005 8990 9065
f 8947 8921 8923
f 9017 9041 9048
f 9071 8962 9048
f 8743 9007 8746
f 9069 9077 9076
f 8999 8998 9015
f 8921 8947 8946
f 9023 8807 9036
f 8883 8869 8868
f 9034 8952 8953
f 8962 9017 9048
f 8960 9071 9008
f 9026 9017 9051
f 8986 9036 8807
f 9066 9076 9067
f 8942 8663 8931
f 9002 8978 8922
f 8999 9021 9000
f 9069 9030 9060
f 8675 8959 8676
f 9024 9023 9037
f 8947 9068 8945
f 9068 9059 8945
f 9055 8960 9008
f 9031 9069 9066
f 8985 9006 8943
f 8704 9055 8743
f 8765 8845 8869
f 9065 8990 9031
f 8899 8920 8937
f 8999 9016 9059
f 8964 8750 8685
f 8960 8962 9071
f 9017 8961 9051
f 9070 9049 9000
f 8961 9075 9051
f 8957 9003 9002
f 8919 8897 8879
f 8819 8910 8898
f 9026 9030 8990
f 8963 8802 8958
f 8947 9021 9068
f 9072 8928 8927
f 9073 8927 9040
f 9054 8960 9055
f 8688 9055 8686
f 8961 8960 9054
f 8994 9047 8983
f 8945 9051 9075
f 9077 9059 9016
f 8921 8946 9033
f 9069 9059 9077
f 8945 9050 9051
f 8988 8984 8982
f 9054 9028 9029
f 9075 8961 9054
f 9078 9079 9080
f 9081 9082 9083
f 9078 9084 9085
f 9088 9089 9090
f 9091 9092 9093
f 9096 9097 9098
f 9099 9100 9101
f 9087 9102 9103
f 9104 9105 9106
f 9107 9108 9109
f 9110 9111 9112
f 9113 9114 9115
f 9104 9083 9082
f 9118 9119 9120
f 9091 9121 9122
f 9123 9124 9125
f 9126 9127 9128
f 9103 9129 9130
f 9131 9080 9079
f 9108 9107 9132
f 9133 9134 9135
f 9136 9132 9137
f 9137 9132 9107
f 9139 9140 9138
f 9141 9087 9103
f 9113 9142 9089
f 9141 9118 9086
f 9143 9144 9145
f 9089 9088 9113
f 9146 9111 9147
f 9148 9149 9129
f 9114 9113 9088
f 9109 9108 9115
f 9124 9150 9151
f 9138 9140 9152
f 9153 9154 9155
f 9156 9100 9099
f 9125 9157 9123
f 9103 9102 9129
f 9115 9158 9159
f 9162 9163 9164
f 9165 9166 9104
f 9167 9168 9169
f 9170 9171 9172
f 9132 9142 9113
f 9173 9174 9168
f 9113 9108 9132
f 9175 9176 9177
f 9159 9109 9115
f 9178 9179 9180
f 9183 9145 9144
f 9184 9185 9154
f 9101 9165 9099
f 9186 9129 9102
f 9187 9188 9130
f 9188 9141 9130
f 9189 9151 9190
f 9129 9191 9192
f 9121 9193 9194
f 9188 9195 9141
f 9132 9136 9142
f 9196 9197 9198
f 9199 9200 9181
f 9158 9114 9088
f 9187 9149 9201
f 9113 9115 9108
f 9119 9118 9195
f 9091 9193 9121
f 9195 9188 9119
f 9193 9202 9194
f 9204 9205 9206
f 9176 9207 9177
f 9092 9208 9093
f 9209 9177 9207
f 9106 9083 9104
f 9210 9211 9212
f 9213 9137 9107
f 9214 9215 9189
f 9216 9217 9213
f 9115 9114 9158
f 9218 9120 9119
f 9149 9187 9129
f 9219 9142 9136
f 9213 9217 9137
f 9127 9126 9111
f 9220 9221 9222
f 9178 9223 9224
f 9225 9226 9227
f 9228 9214 9189
f 9136 9137 9112
f 9218 9119 9188
f 9208 9092 9229
f 9130 9129 9187
f 9230 9231 9232
f 9163 9162 9156
f 9136 9112 9219
f 9203 9144 9233
f 9168 9234 9235
f 9182 9102 9236
f 9237 9214 9228
f 9238 9239 9240
f 9241 9242 9131
f 9217 9112 9137
f 9232 9243 9230
f 9244 9124 9123
f 9246 9247 9248
f 9081 9249 9082
f 9250 9233 9251
f 9186 9191 9129
f 9252 9237 9228
f 9217 9216 9110
f 9248 9247 9253
f 9140 9122 9121
f 9217 9110 9112
f 9254 9193 9091
f 9200 9199 9250
f 9255 9253 9243
f 9146 9097 9127
f 9256 9111 9110
f 9249 9099 9082
f 9110 9216 9256
f 9201 9218 9188
f 9257 9258 9259
f 9260 9261 9262
f 9145 9183 9173
f 9189 9190 9263
f 9245 9264 9161
f 9102 9087 9236
f 9265 9266 9267
f 9141 9195 9118
f 9202 9193 9204
f 9231 9230 9268
f 9214 9269 9215
f 9183 9174 9173
f 9126 9112 9111
f 9098 9097 9146
f 9268 9270 9242
f 9271 9200 9227
f 9272 9273 9274
f 9181 9203 9199
f 9232 9255 9243
f 9200 9186 9182
f 9275 9276 9277
f 9191 9186 9271
f 9278 9275 9279
f 9259 9226 9280
f 9281 9282 9277
f 9186 9102 9182
f 9229 9283 9284
f 9253 9247 9230
f 9285 9286 9287
f 9276 9275 9278
f 9288 9289 9290
f 9229 9092 9283
f 9292 9293 9294
f 9129 9192 9295
f 9268 9230 9296
f 9297 9298 9264
f 9161 9264 9298
f 9248 9292 9294
f 9208 9128 9093
f 9133 9299 9211
f 9287 9302 9303
f 9304 9305 9306
f 9307 9194 9202
f 9253 9281 9277
f 9308 9309 9098
f 9310 9311 9278
f 9312 9171 9170
f 9233 9250 9199
f 9312 9314 9171
f 9257 9269 9315
f 9270 9131 9242
f 9256 9147 9111
f 9303 9316 9306
f 9289 9317 9290
f 9238 9318 9319
f 9215 9175 9189
f 9186 9200 9271
f 9191 9271 9226
f 9320 9202 9206
f 9205 9204 9193
f 9282 9275 9277
f 9322 9148 9323
f 9254 9097 9096
f 9238 9322 9239
f 9180 9324 9184
f 9172 9171 9262
f 9157 9125 9325
f 9294 9246 9248
f 9151 9189 9175
f 9296 9230 9247
f 9111 9146 9127
f 9278 9279 9310
f 9116 9152 9117
f 9127 9097 9128
f 9147 9098 9146
f 9308 9098 9147
f 9326 9139 9298
f 9292 9248 9277
f 9130 9141 9103
f 9260 9274 9291
f 9274 9327 9291
f 9253 9230 9243
f 9328 9238 9299
f 9320 9307 9202
f 9196 9318 9328
f 9227 9200 9250
f 9283 9092 9326
f 9329 9080 9131
f 9139 9160 9298
f 9320 9206 9169
f 9148 9295 9323
f 9248 9253 9277
f 9330 9167 9169
f 9226 9271 9227
f 9168 9167 9234
f 9331 9280 9332
f 9291 9261 9260
f 9205 9193 9254
f 9272 9260 9262
f 9105 9104 9166
f 9166 9333 9105
f 9180 9223 9178
f 9334 9084 9333
f 9335 9289 9288
f 9183 9117 9307
f 9267 9336 9337
f 9270 9329 9131
f 9184 9338 9180
f 9326 9091 9122
f 9296 9247 9246
f 9339 9340 9341
f 9295 9148 9129
f 9265 9286 9285
f 9342 9176 9343
f 9156 9249 9344
f 9264 9245 9095
f 9151 9177 9345
f 9153 9340 9339
f 9231 9268 9242
f 9342 9343 9179
f 9128 9097 9093
f 9154 9143 9155
f 9346 9219 9112
f 9286 9337 9302
f 9096 9098 9309
f 9330 9169 9206
f 9078 9347 9106
f 9250 9251 9227
f 9080 9347 9078
f 9235 9173 9168
f 9348 9164 9163
f 9254 9096 9205
f 9262 9171 9349
f 9235 9145 9173
f 9128 9350 9126
f 9342 9178 9224
f 9172 9262 9261
f 9309 9351 9096
f 9194 9140 9121
f 9352 9353 9089
f 9096 9351 9205
f 9215 9343 9176
f 9165 9082 9099
f 9350 9346 9126
f 9251 9143 9154
f 9117 9152 9307
f 9295 9192 9354
f 9352 9355 9219
f 9336 9261 9289
f 9089 9355 9352
f 9219 9355 9142
f 9198 9149 9319
f 9154 9153 9339
f 9162 9100 9156
f 9305 9315 9306
f 9244 9150 9124
f 9302 9335 9288
f 9273 9277 9276
f 9286 9302 9287
f 9291 9317 9289
f 9156 9099 9249
f 9207 9176 9342
f 9342 9224 9207
f 9164 9348 9356
f 9241 9131 9079
f 9253 9255 9281
f 9124 9151 9345
f 9343 9269 9332
f 9273 9276 9274
f 9171 9293 9349
f 9206 9202 9204
f 9322 9323 9304
f 9179 9343 9332
f 9357 9159 9358
f 9335 9302 9337
f 9313 9359 9135
f 9357 9360 9361
f 9327 9276 9278
f 9301 9197 9300
f 9362 9363 9364
f 9303 9302 9365
f 9366 9367 9368
f 9082 9165 9104
f 9369 9288 9370
f 9308 9371 9372
f 9259 9258 9191
f 9187 9201 9188
f 9182 9181 9200
f 9280 9324 9179
f 9224 9223 9374
f 9375 9376 9372
f 9377 9312 9266
f 9318 9198 9319
f 9219 9346 9350
f 9306 9378 9379
f 9106 9380 9083
f 9191 9226 9259
f 9308 9381 9309
f 9258 9257 9354
f 9362 9163 9344
f 9251 9225 9227
f 9229 9284 9352
f 9366 9376 9375
f 9174 9320 9168
f 9285 9382 9265
f 9383 9384 9385
f 9314 9386 9190
f 9387 9388 9389
f 9220 9201 9198
f 9390 9370 9290
f 9207 9224 9209
f 9306 9315 9378
f 9349 9272 9262
f 9392 9388 9387
f 9338 9223 9180
f 9274 9276 9327
f 9319 9148 9322
f 9393 9244 9123
f 9321 9135 9134
f 9388 9394 9356
f 9333 9078 9105
f 9215 9269 9343
f 9395 9396 9393
f 9397 9376 9398
f 9399 9400 9401
f 9402 9341 9401
f 9144 9143 9233
f 9358 9403 9357
f 9396 9296 9393
f 9128 9208 9350
f 9360 9403 9404
f 9316 9304 9306
f 9085 9079 9078
f 9145 9155 9143
f 9140 9194 9152
f 9401 9400 9402
f 9238 9240 9390
f 9295 9354 9305
f 9295 9304 9323
f 9405 9364 9363
f 9336 9289 9335
f 9406 9125 9209
f 9340 9234 9401
f 9094 9407 9095
f 9238 9319 9322
f 9125 9124 9345
f 9331 9269 9257
f 9293 9292 9349
f 9257 9259 9331
f 9081 9083 9380
f 9342 9179 9178
f 9361 9109 9357
f 9305 9354 9257
f 9081 9380 9405
f 9374 9408 9406
f 9362 9364 9409
f 9317 9391 9290
f 9261 9291 9289
f 9410 9405 9395
f 9400 9397 9398
f 9085 9241 9079
f 9209 9374 9406
f 9315 9237 9378
f 9367 9366 9375
f 9089 9353 9090
f 9411 9396 9380
f 9139 9326 9122
f 9234 9399 9401
f 9091 9326 9092
f 9270 9411 9329
f 9225 9324 9226
f 9397 9412 9376
f 9365 9369 9303
f 9413 9385 9384
f 9154 9339 9184
f 9172 9336 9170
f 9330 9351 9309
f 9400 9408 9402
f 9078 9333 9084
f 9210 9134 9211
f 9192 9191 9258
f 9154 9225 9251
f 9208 9229 9352
f 9107 9109 9361
f 9389 9414 9367
f 9415 9416 9366
f 9383 9367 9375
f 9379 9303 9306
f 9315 9305 9257
f 9417 9147 9256
f 9344 9249 9363
f 9411 9270 9396
f 9240 9369 9418
f 9159 9357 9109
f 9174 9183 9307
f 9371 9419 9372
f 9349 9292 9273
f 9171 9314 9293
f 9389 9367 9387
f 9239 9322 9304
f 9364 9420 9421
f 9280 9179 9332
f 9363 9081 9405
f 9378 9237 9252
f 9089 9142 9355
f 9422 9423 9416
f 9372 9381 9308
f 9361 9385 9107
f 9235 9234 9340
f 9149 9148 9319
f 9424 9167 9330
f 9303 9379 9287
f 9422 9416 9421
f 9367 9404 9387
f 9415 9421 9416
f 9382 9377 9265
f 9393 9246 9244
f 9425 9163 9409
f 9382 9252 9228
f 9233 9199 9203
f 9325 9422 9157
f 9265 9377 9266
f 9163 9425 9348
f 9180 9179 9324
f 9273 9292 9277
f 9324 9225 9185
f 9314 9294 9293
f 9312 9386 9314
f 9225 9154 9185
f 9420 9422 9421
f 9351 9330 9206
f 9340 9401 9341
f 9314 9190 9151
f 9350 9352 9219
f 9267 9170 9336
f 9226 9324 9280
f 9211 9426 9212
f 9308 9147 9371
f 9106 9411 9380
f 9221 9301 9373
f 9408 9325 9406
f 9405 9380 9396
f 9390 9290 9391
f 9258 9354 9192
f 9357 9403 9360
f 9153 9235 9340
f 9360 9404 9383
f 9213 9107 9413
f 9399 9424 9412
f 9318 9238 9328
f 9359 9133 9135
f 9216 9419 9417
f 9413 9107 9385
f 9427 9341 9402
f 9145 9235 9153
f 9417 9419 9371
f 9312 9267 9266
f 9337 9336 9335
f 9370 9390 9418
f 9377 9386 9312
f 9419 9413 9384
f 9392 9394 9388
f 9313 9300 9359
f 9425 9409 9415
f 9399 9167 9424
f 9320 9169 9168
f 9424 9309 9381
f 9411 9347 9329
f 9280 9331 9259
f 9143 9251 9233
f 9222 9218 9220
f 9170 9267 9312
f 9184 9324 9185
f 9300 9197 9359
f 9375 9419 9384
f 9408 9423 9325
f 9412 9424 9381
f 9201 9149 9198
f 9383 9385 9361
f 9218 9201 9220
f 9239 9316 9240
f 9112 9126 9346
f 9105 9078 9106
f 9389 9388 9348
f 9375 9372 9419
f 9267 9337 9265
f 9425 9415 9368
f 9404 9367 9383
f 9398 9376 9366
f 9151 9175 9177
f 9409 9163 9362
f 9393 9296 9246
f 9375 9384 9383
f 9395 9405 9396
f 9246 9294 9244
f 9176 9175 9215
f 9407 9264 9095
f 9345 9177 9209
f 9425 9368 9414
f 9423 9422 9325
f 9330 9309 9424
f 9361 9360 9383
f 9269 9237 9315
f 9152 9194 9307
f 9294 9314 9150
f 9353 9352 9284
f 9164 9356 9394
f 9301 9221 9220
f 9097 9254 9093
f 9299 9133 9328
f 9273 9272 9349
f 9345 9209 9125
f 9249 9081 9363
f 9378 9285 9379
f 9093 9254 9091
f 9408 9374 9427
f 9416 9423 9398
f 9213 9413 9216
f 9421 9409 9364
f 9350 9208 9352
f 9399 9234 9167
f 9314 9151 9150
f 9278 9311 9327
f 9351 9206 9205
f 9369 9240 9316
f 9339 9338 9184
f 9305 9304 9295
f 9290 9370 9288
f 9338 9339 9341
f 9415 9366 9368
f 9263 9228 9189
f 9252 9285 9378
f 9274 9260 9272
f 9369 9316 9303
f 9122 9140 9139
f 9261 9336 9172
f 9296 9396 9268
f 9285 9287 9379
f 9374 9209 9224
f 9325 9125 9406
f 9347 9080 9329
f 9138 9152 9116
f 9197 9301 9220
f 9156 9344 9163
f 9304 9316 9239
f 9382 9285 9252
f 9368 9367 9414
f 9228 9263 9382
f 9196 9198 9318
f 9418 9390 9240
f 9395 9123 9157
f 9139 9138 9160
f 9155 9145 9153
f 9196 9328 9133
f 9269 9214 9237
f 9407 9297 9264
f 9386 9377 9190
f 9419 9216 9413
f 9269 9331 9332
f 9197 9220 9198
f 9196 9359 9197
f 9426 9238 9390
f 9363 9362 9344
f 9299 9238 9426
f 9134 9133 9211
f 9381 9372 9412
f 9417 9256 9216
f 9396 9270 9268
f 9411 9106 9347
f 9410 9157 9420
f 9402 9408 9427
f 9372 9376 9412
f 9388 9356 9348
f 9160 9161 9298
f 9410 9364 9405
f 9426 9211 9299
f 9374 9338 9427
f 9423 9408 9398
f 9416 9398 9366
f 9341 9427 9338
f 9414 9389 9425
f 9147 9417 9371
f 9223 9338 9374
f 9410 9420 9364
f 9425 9389 9348
f 9418 9369 9370
f 9369 9365 9302
f 9157 9410 9395
f 9421 9415 9409
f 9399 9412 9397
f 9359 9196 9133
f 9397 9400 9399
f 9263 9190 9377
f 9420 9157 9422
f 9337 9286 9265
f 9369 9302 9288
f 9150 9244 9294
f 9307 9320 9174
f 9395 9393 9123
f 9382 9263 9377
f 9398 9408 9400
f 9428 9429 9430
f 9428 9430 9435
f 9436 9437 9438
f 9439 9440 9441
f 9442 9443 9444
f 9445 9446 9447
f 9450 9451 9452
f 9453 9454 9439
f 9455 9456 9457
f 9458 9459 9460
f 9461 9462 9463
f 9435 9430 9465
f 9454 9466 9444
f 9467 9468 9465
f 9469 9470 9471
f 9472 9473 9471
f 9474 9475 9476
f 9477 9478 9479
f 9480 9481 9482
f 9483 9484 9485
f 9432 9486 9487
f 9483 9485 9488
f 9489 9490 9448
f 9458 9460 9491
f 9492 9456 9493
f 9494 9495 9496
f 9498 9478 9499
f 9500 9501 9502
f 9503 9504 9505
f 9506 9507 9449
f 9486 9508 9487
f 9509 9452 9510
f 9476 9485 9484
f 9482 9513 9514
f 9515 9482 9514
f 9517 9445 9442
f 9519 9501 9520
f 9521 9522 9523
f 9455 9457 9524
f 9525 9526 9527
f 9478 9477 9499
f 9468 9435 9465
f 9528 9469 9471
f 9529 9467 9470
f 9514 9530 9515
f 9531 9532 9510
f 9444 9466 9442
f 9533 9534 9535
f 9536 9510 9532
f 9537 9538 9539
f 9540 9541 9542
f 9545 9537 9539
f 9532 9546 9547
f 9501 9527 9548
f 9491 9489 9507
f 9461 9429 9428
f 9552 9543 9522
f 9502 9501 9553
f 9548 9520 9501
f 9455 9540 9554
f 9482 9520 9513
f 9555 9556 9557
f 9442 9466 9558
f 9495 9526 9496
f 9560 9488 9499
f 9561 9562 9553
f 9454 9453 9466
f 9461 9522 9462
f 9435 9468 9557
f 9529 9468 9467
f 9473 9565 9528
f 9433 9566 9434
f 9472 9567 9473
f 9568 9567 9472
f 9511 9569 9570
f 9574 9530 9514
f 9442 9445 9443
f 9496 9525 9576
f 9538 9577 9539
f 9578 9579 9430
f 9580 9490 9489
f 9515 9530 9480
f 9581 9462 9522
f 9582 9539 9577
f 9469 9583 9584
f 9586 9587 9588
f 9589 9482 9579
f 9564 9456 9554
f 9492 9437 9590
f 9591 9592 9593
f 9565 9583 9528
f 9594 9504 9595
f 9596 9597 9598
f 9501 9519 9553
f 9552 9522 9461
f 9557 9556 9435
f 9599 9565 9473
f 9589 9579 9578
f 9568 9600 9567
f 9540 9571 9541
f 9451 9508 9602
f 9600 9533 9567
f 9500 9527 9501
f 9473 9567 9599
f 9562 9561 9603
f 9467 9604 9481
f 9519 9561 9553
f 9589 9520 9482
f 9588 9587 9471
f 9587 9586 9605
f 9606 9499 9477
f 9598 9607 9557
f 9579 9604 9465
f 9514 9495 9494
f 9608 9441 9597
f 9509 9510 9512
f 9428 9435 9556
f 9461 9428 9552
f 9428 9556 9552
f 9608 9609 9441
f 9610 9517 9583
f 9578 9561 9519
f 9529 9469 9584
f 9519 9520 9578
f 9611 9601 9612
f 9507 9459 9458
f 9589 9578 9520
f 9613 9483 9488
f 9430 9429 9603
f 9543 9544 9523
f 9557 9596 9598
f 9469 9528 9583
f 9530 9588 9480
f 9596 9584 9597
f 9567 9533 9599
f 9599 9535 9565
f 9481 9588 9471
f 9597 9558 9608
f 9458 9491 9507
f 9614 9521 9563
f 9486 9432 9615
f 9503 9616 9504
f 9555 9441 9566
f 9604 9467 9465
f 9617 9517 9610
f 9581 9463 9462
f 9547 9539 9582
f 9618 9447 9619
f 9483 9511 9570
f 9585 9550 9620
f 9558 9466 9453
f 9437 9621 9590
f 9480 9588 9481
f 9475 9489 9491
f 9569 9457 9484
f 9515 9480 9482
f 9518 9569 9511
f 9493 9456 9564
f 9622 9446 9616
f 9507 9448 9449
f 9622 9503 9486
f 9556 9623 9552
f 9624 9625 9534
f 9624 9534 9533
f 9622 9615 9619
f 9613 9488 9560
f 9496 9526 9525
f 9626 9619 9615
f 9610 9583 9565
f 9447 9446 9622
f 9565 9535 9610
f 9535 9599 9533
f 9561 9578 9430
f 9609 9453 9439
f 9537 9545 9627
f 9503 9627 9486
f 9575 9593 9612
f 9482 9604 9579
f 9615 9431 9626
f 9536 9512 9510
f 9630 9534 9625
f 9481 9604 9482
f 9616 9617 9631
f 9569 9518 9524
f 9622 9486 9615
f 9618 9619 9628
f 9628 9619 9626
f 9464 9445 9618
f 9617 9616 9446
f 9484 9570 9569
f 9464 9443 9445
f 9632 9633 9634
f 9575 9559 9591
f 9445 9447 9618
f 9622 9616 9503
f 9549 9511 9483
f 9564 9554 9542
f 9617 9635 9631
f 9631 9504 9616
f 9603 9561 9430
f 9583 9517 9584
f 9584 9558 9597
f 9635 9636 9631
f 9636 9635 9637
f 9638 9632 9538
f 9483 9613 9620
f 9630 9625 9637
f 9439 9441 9609
f 9516 9432 9487
f 9639 9640 9457
f 9641 9429 9463
f 9532 9531 9546
f 9456 9492 9639
f 9498 9488 9485
f 9491 9478 9475
f 9551 9543 9552
f 9630 9637 9635
f 9580 9475 9474
f 9537 9638 9538
f 9452 9602 9531
f 9476 9640 9474
f 9552 9623 9551
f 9545 9546 9486
f 9555 9566 9623
f 9602 9546 9531
f 9481 9470 9467
f 9566 9551 9623
f 9521 9614 9581
f 9597 9441 9598
f 9606 9560 9499
f 9584 9517 9442
f 9587 9472 9471
f 9442 9558 9584
f 9447 9622 9619
f 9497 9575 9601
f 9610 9535 9630
f 9638 9505 9632
f 9473 9528 9471
f 9627 9545 9486
f 9486 9546 9602
f 9639 9590 9621
f 9441 9440 9434
f 9603 9429 9641
f 9620 9613 9585
f 9489 9475 9580
f 9638 9627 9503
f 9627 9638 9537
f 9530 9586 9588
f 9633 9632 9505
f 9639 9492 9590
f 9546 9545 9547
f 9640 9639 9621
f 9452 9451 9602
f 9522 9543 9523
f 9505 9638 9503
f 9475 9478 9498
f 9437 9436 9621
f 9484 9483 9570
f 9540 9572 9571
f 9594 9633 9505
f 9479 9478 9491
f 9602 9508 9486
f 9432 9431 9615
f 9566 9433 9551
f 9555 9607 9598
f 9610 9630 9617
f 9548 9495 9513
f 9549 9620 9550
f 9455 9554 9456
f 9461 9463 9429
f 9605 9568 9587
f 9579 9465 9430
f 9505 9504 9594
f 9498 9476 9475
f 9525 9527 9500
f 9472 9587 9568
f 9488 9498 9499
f 9468 9529 9596
f 9509 9450 9452
f 9573 9508 9451
f 9450 9573 9451
f 9556 9555 9623
f 9548 9513 9520
f 9533 9600 9624
f 9484 9640 9476
f 9527 9526 9548
f 9640 9621 9474
f 9548 9526 9495
f 9495 9514 9513
f 9555 9557 9607
f 9545 9539 9547
f 9574 9514 9494
f 9630 9635 9617
f 9555 9598 9441
f 9558 9453 9608
f 9540 9542 9554
f 9470 9469 9529
f 9457 9456 9639
f 9476 9498 9485
f 9471 9470 9481
f 9575 9612 9601
f 9491 9460 9479
f 9591 9593 9575
f 9484 9457 9640
f 9569 9524 9457
f 9448 9507 9489
f 9549 9483 9620
f 9617 9446 9517
f 9510 9452 9531
f 9468 9596 9557
f 9507 9506 9459
f 9434 9566 9441
f 9631 9595 9504
f 9453 9609 9608
f 9629 9592 9591
f 9446 9445 9517
f 9596 9529 9584
f 9581 9522 9521
f 9535 9534 9630
f 9642 9643 9644
f 9645 9646 9647
f 9648 9649 9650
f 9651 9652 9653
f 9654 9655 9656
f 9657 9658 9659
f 9660 9661 9662
f 9663 9664 9665
f 9666 9667 9668
f 9669 9670 9671
f 9672 9673 9674
f 9675 9676 9677
f 9649 9678 9659
f 9679 9680 9681
f 9682 9683 9684
f 9685 9686 9643
f 9670 9678 9671
f 9648 9687 9649
f 9688 9689 9690
f 9691 9692 9693
f 9662 9694 9695
f 9685 9643 9642
f 9696 9657 9659
f 9697 9698 9699
f 9700 9661 9701
f 9698 9702 9703
f 9704 9705 9645
f 9706 9707 9708
f 9702 9709 9710
f 9711 9708 9712
f 9713 9714 9715
f 9716 9717 9646
f 9718 9719 9720
f 9655 9654 9721
f 9658 9657 9722
f 9723 9652 9642
f 9691 9724 9725
f 9653 9726 9727
f 9728 9729 9730
f 9731 9677 9732
f 9733 9694 9662
f 9682 9710 9647
f 9648 9734 9687
f 9735 9736 9737
f 9658 9650 9649
f 9671 9649 9687
f 9738 9739 9740
f 9740 9741 9742
f 9670 9669 9694
f 9742 9743 9744
f 9695 9694 9745
f 9742 9746 9743
f 9746 9741 9747
f 9748 9694 9669
f 9746 9742 9741
f 9740 9744 9749
f 9694 9748 9745
f 9750 9744 9743
f 9741 9740 9739
f 9751 9746 9747
f 9752 9753 9754
f 9755 9756 9757
f 9753 9758 9754
f 9759 9760 9761
f 9762 9763 9764
f 9756 9765 9766
f 9767 9768 9769
f 9770 9771 9772
f 9773 9774 9648
f 9757 9756 9775
f 9754 9762 9764
f 9776 9777 9778
f 9779 9780 9781
f 9782 9766 9783
f 9769 9784 9767
f 9785 9772 9786
f 9787 9788 9767
f 9789 9756 9790
f 9791 9792 9765
f 9793 9794 9795
f 9796 9797 9798
f 9799 9800 9801
f 9802 9803 9804
f 9791 9755 9792
f 9805 9792 9755
f 9774 9806 9648
f 9807 9808 9809
f 9763 9755 9757
f 9789 9775 9756
f 9805 9755 9762
f 9810 9811 9761
f 9650 9773 9648
f 9784 9812 9767
f 9813 9814 9815
f 9816 9817 9774
f 9818 9734 9819
f 9789 9790 9787
f 9819 9820 9786
f 9819 9786 9818
f 9821 9822 9823
f 9824 9806 9734
f 9802 9825 9826
f 9804 9803 9827
f 9734 9806 9819
f 9828 9786 9820
f 9829 9753 9752
f 9787 9790 9756
f 9827 9830 9831
f 9775 9825 9757
f 9787 9767 9812
f 9832 9779 9833
f 9754 9764 9834
f 9754 9758 9762
f 9775 9786 9828
f 9835 9836 9837
f 9800 9815 9801
f 9789 9812 9786
f 9761 9760 9838
f 9774 9773 9816
f 9839 9840 9838
f 9841 9842 9808
f 9779 9832 9827
f 9776 9843 9844
f 9648 9806 9824
f 9777 9845 9778
f 9812 9789 9787
f 9764 9804 9827
f 9757 9802 9763
f 9828 9820 9826
f 9806 9781 9780
f 9846 9847 9830
f 9830 9848 9846
f 9849 9850 9851
f 9781 9806 9774
f 9777 9776 9852
f 9779 9781 9833
f 9833 9848 9832
f 9850 9849 9853
f 9779 9819 9780
f 9817 9816 9658
f 9854 9778 9855
f 9797 9796 9856
f 9857 9858 9859
f 9759 9860 9760
f 9765 9756 9791
f 9779 9827 9803
f 9861 9862 9863
f 9845 9855 9778
f 9782 9787 9766
f 9845 9777 9864
f 9798 9836 9835
f 9821 9865 9866
f 9867 9868 9869
f 9817 9658 9870
f 9846 9808 9842
f 9756 9766 9787
f 9818 9871 9734
f 9872 9873 9821
f 9808 9848 9833
f 9874 9809 9781
f 9763 9804 9764
f 9817 9870 9856
f 9831 9853 9875
f 9856 9874 9817
f 9806 9780 9819
f 9837 9840 9835
f 9801 9815 9876
f 9833 9809 9808
f 9804 9763 9802
f 9814 9813 9877
f 9798 9878 9841
f 9829 9875 9879
f 9795 9870 9793
f 9870 9795 9856
f 9847 9850 9853
f 9795 9794 9880
f 9880 9856 9795
f 9818 9786 9772
f 9796 9807 9809
f 9797 9880 9881
f 9839 9860 9873
f 9842 9878 9851
f 9851 9878 9798
f 9797 9881 9836
f 9767 9882 9768
f 9836 9881 9868
f 9796 9798 9807
f 9759 9873 9860
f 9869 9868 9794
f 9839 9873 9799
f 9813 9883 9877
f 9774 9817 9874
f 9884 9868 9867
f 9772 9771 9818
f 9868 9881 9794
f 9836 9868 9885
f 9851 9798 9876
f 9837 9885 9884
f 9846 9850 9847
f 9886 9778 9854
f 9797 9856 9880
f 9770 9785 9784
f 9837 9836 9885
f 9791 9756 9755
f 9789 9786 9775
f 9884 9887 9837
f 9800 9813 9815
f 9811 9810 9888
f 9875 9849 9879
f 9889 9821 9873
f 9811 9852 9890
f 9891 9799 9801
f 9859 9892 9887
f 9826 9803 9802
f 9891 9876 9840
f 9820 9779 9803
f 9883 9849 9877
f 9835 9840 9876
f 9781 9774 9874
f 9866 9813 9800
f 9876 9798 9835
f 9839 9799 9891
f 9837 9887 9892
f 9848 9830 9832
f 9838 9837 9863
f 9861 9859 9858
f 9851 9814 9877
f 9840 9839 9891
f 9842 9841 9878
f 9851 9876 9815
f 9866 9865 9893
f 9866 9872 9821
f 9882 9767 9788
f 9752 9875 9829
f 9852 9811 9777
f 9838 9760 9839
f 9859 9861 9892
f 9834 9752 9754
f 9778 9843 9776
f 9803 9826 9820
f 9894 9895 9843
f 9819 9779 9820
f 9842 9850 9846
f 9896 9862 9897
f 9858 9862 9861
f 9785 9812 9784
f 9843 9822 9898
f 9849 9875 9853
f 9787 9782 9788
f 9799 9872 9800
f 9879 9849 9883
f 9813 9866 9893
f 9891 9801 9876
f 9831 9830 9847
f 9853 9831 9847
f 9821 9823 9865
f 9838 9896 9761
f 9794 9793 9869
f 9860 9839 9760
f 9875 9752 9834
f 9899 9810 9897
f 9833 9781 9809
f 9851 9850 9842
f 9900 9901 9902
f 9873 9759 9889
f 9903 9904 9905
f 9759 9761 9906
f 9862 9858 9897
f 9907 9857 9859
f 9873 9872 9799
f 9778 9886 9894
f 9808 9807 9841
f 9822 9843 9823
f 9831 9875 9834
f 9908 9909 9910
f 9896 9838 9863
f 9823 9843 9895
f 9797 9836 9798
f 9822 9889 9759
f 9830 9827 9832
f 9897 9858 9899
f 9911 9882 9782
f 9788 9782 9882
f 9762 9755 9763
f 9758 9805 9762
f 9898 9822 9759
f 9796 9809 9874
f 9834 9827 9831
f 9711 9712 9912
f 9827 9834 9764
f 9880 9794 9881
f 9844 9843 9898
f 9759 9913 9898
f 9785 9786 9812
f 9896 9897 9761
f 9822 9821 9889
f 9849 9851 9877
f 9913 9844 9898
f 9815 9814 9851
f 9885 9868 9884
f 9844 9906 9852
f 9897 9810 9761
f 9909 9731 9914
f 9843 9778 9894
f 9862 9896 9863
f 9915 9916 9917
f 9766 9918 9783
f 9811 9890 9761
f 9852 9776 9844
f 9856 9796 9874
f 9785 9770 9772
f 9913 9759 9906
f 9906 9844 9913
f 9888 9777 9811
f 9848 9808 9846
f 9864 9777 9888
f 9798 9841 9807
f 9890 9906 9761
f 9825 9802 9757
f 9919 9920 9921
f 9838 9840 9837
f 9800 9872 9866
f 9890 9852 9906
f 9837 9892 9863
f 9650 9658 9816
f 9775 9828 9826
f 9861 9863 9892
f 9650 9816 9773
f 9825 9775 9826
f 9922 9923 9924
f 9924 9925 9922
f 9926 9927 9928
f 9929 9926 9930
f 9928 9931 9926
f 9931 9930 9926
f 9926 9929 9932
f 9927 9933 9928
f 9934 9935 9936
f 9937 9933 9927
f 9937 9927 9932
f 9927 9926 9932
f 9749 9744 9938
f 9939 9940 9941
f 9942 9943 9944
f 9945 9946 9947
f 9783 9911 9782
f 9948 9949 9950
f 9951 9941 9940
f 9952 9953 9954
f 9955 9956 9957
f 9886 9958 9894
f 9959 9954 9960
f 9683 9961 9857
f 9962 9963 9964
f 9946 9965 9966
f 9967 9968 9969
f 9970 9971 9960
f 9965 9946 9972
f 9973 9974 9975
f 9976 9977 9978
f 9979 9974 9973
f 9953 9952 9980
f 9944 9943 9981
f 9753 9829 9982
f 9983 9984 9985
f 9893 9917 9986
f 9987 9960 9988
f 9989 9990 9664
f 9969 9989 9967
f 9953 9983 9663
f 9953 9977 9983
f 9991 9992 9968
f 9993 9664 9988
f 9994 9982 9995
f 9996 9992 9991
f 9983 9977 9997
f 9984 9983 9997
f 9998 9919 9955
f 9942 9944 9995
f 9921 9999 9919
f 9951 10000 9945
f 9939 10001 10000
f 10002 9997 10003
f 10004 10005 10006
f 9864 10007 9855
f 9978 9977 9980
f 9993 9665 9664
f 9974 10005 10008
f 9921 9938 9999
f 10009 9997 10002
f 9974 10008 9975
f 9888 9810 10010
f 9997 10009 10004
f 9976 10011 10003
f 9953 9970 9954
f 9992 9996 10012
f 10001 9939 10013
f 9936 10014 10015
f 9975 10012 9973
f 9973 9996 9979
f 9765 10016 9918
f 10012 10017 9992
f 10018 9912 10019
f 9886 10020 9958
f 9940 9939 10000
f 10021 10013 9939
f 9979 9989 9663
f 10006 9984 10004
f 9947 9951 9945
f 10000 10022 9972
f 10012 9975 10017
f 9980 9977 9953
f 9953 9663 9970
f 10010 9899 10023
f 10018 10024 9912
f 10017 9975 9923
f 10025 9944 9981
f 10022 10026 9972
f 9970 9960 9954
f 10027 9864 10010
f 10028 9941 10029
f 9917 9916 9919
f 10001 10013 10020
f 9916 9962 9920
f 9905 9904 9792
f 10020 9886 9854
f 10007 10027 10022
f 9997 9977 9976
f 9663 9989 9664
f 9937 9932 9965
f 10030 9915 9917
f 10022 10001 10007
f 10031 9963 9915
f 10032 10033 10034
f 10035 10036 10037
f 9994 9944 10025
f 9988 10038 9987
f 9920 9919 9916
f 9712 10039 10040
f 9746 10041 9743
f 10042 9902 9706
f 10036 10028 10043
f 10044 10045 10046
f 10001 10022 10000
f 9985 9984 10006
f 10002 10003 10011
f 9663 9983 9985
f 10020 9855 10001
f 9905 9982 9994
f 10047 10048 9949
f 9991 9979 9996
f 9987 9950 10049
f 9995 10050 9942
f 10023 9961 9937
f 9962 9964 10051
f 9768 9882 10024
f 10052 9883 9813
f 10053 10038 10033
f 10036 9941 10028
f 9946 9966 9947
f 10007 10001 9855
f 10054 10031 10055
f 10043 10037 10036
f 9743 10041 9750
f 9998 9955 9957
f 9945 9972 9946
f 10010 9864 9888
f 9950 9987 9948
f 9855 9845 9864
f 9957 10050 10056
f 10057 10058 10059
f 10060 10059 10058
f 10061 10062 10063
f 9943 10046 9981
f 10042 9706 10064
f 10063 10060 10058
f 9941 10036 10021
f 9917 10056 9986
f 10065 10066 10059
f 10063 10062 10060
f 10067 10068 10069
f 10057 10059 10066
f 10070 10044 10071
f 10060 10072 10059
f 10065 10059 10072
f 10061 10073 10062
f 10072 10060 10062
f 10066 10074 10057
f 10066 10065 10075
f 9942 10076 9943
f 9971 9988 9960
f 10008 10077 10078
f 9971 9665 9993
f 9938 9750 9999
f 10010 9810 9899
f 9995 10079 10050
f 10080 9749 9938
f 9975 10078 9923
f 9991 9968 9967
f 10030 9893 9865
f 10031 10054 10081
f 10079 9829 9879
f 10025 9902 9994
f 9765 9792 10016
f 9813 9986 10052
f 9958 9895 9894
f 9967 9989 9979
f 10046 10025 9981
f 10039 9712 9708
f 9683 9933 9961
f 10081 10054 10069
f 10055 10030 9895
f 10056 9998 9957
f 9947 10048 10047
f 9920 10082 9921
f 9883 10079 9879
f 9989 9969 9990
f 9750 10041 9999
f 9972 9937 9965
f 9957 9956 10076
f 9854 9855 10020
f 10056 10050 10052
f 9987 10038 9948
f 10083 10038 10053
f 9994 10042 9905
f 10026 10022 10027
f 9792 9982 9905
f 9912 9712 10040
f 9916 9915 9963
f 10023 9899 9858
f 9903 10084 9918
f 9949 10028 10047
f 10020 10013 9958
f 9990 10085 10033
f 9979 9991 9967
f 9950 9949 10048
f 10056 10052 9986
f 9951 10047 10029
f 10039 9708 9707
f 10044 9900 10045
f 9937 10026 10023
f 9929 9965 9932
f 10046 10045 10025
f 9997 9976 10003
f 10086 10043 10028
f 10052 10079 9883
f 10044 10070 9900
f 10079 9995 9829
f 9956 9955 10041
f 10068 9964 10081
f 9858 9857 9961
f 10068 10081 10069
f 9998 9917 9919
f 9999 10041 9955
f 10081 9964 10031
f 10021 10036 10035
f 9993 9988 9971
f 10009 10002 10087
f 10076 10050 9957
f 10033 10032 10053
f 10042 9994 9902
f 10038 10083 9948
f 10023 10026 10010
f 10052 10050 10079
f 9955 9919 9999
f 9974 9979 9985
f 9961 9933 9937
f 10049 10088 9987
f 10005 9974 10006
f 9964 10068 10051
f 10030 9917 9893
f 10019 9912 10040
f 10054 9958 10021
f 10042 10064 10089
f 9918 10084 9783
f 9911 10084 9903
f 9941 9951 10029
f 10054 10021 10035
f 9990 9969 10085
f 9945 10000 9972
f 9865 9823 10030
f 9916 9963 9962
f 10026 10027 10010
f 10013 10021 9958
f 10076 9956 9943
f 10000 9951 9940
f 9937 9972 10026
f 10027 10007 9864
f 10032 10034 10043
f 10048 9947 9966
f 10090 10044 10046
f 10067 10035 10037
f 9963 10031 9964
f 10083 10086 9949
f 10091 10080 9921
f 9895 9958 10054
f 9997 10004 9984
f 10087 10002 10011
f 10069 10054 10035
f 10067 10069 10035
f 10092 10093 10094
f 10095 10096 10097
f 10098 10099 10100
f 10101 10102 9656
f 10103 10104 10105
f 10106 10107 10108
f 10109 10063 10058
f 10110 10111 10112
f 10113 9768 10024
f 10114 9909 10115
f 9705 10116 9978
f 10117 10040 10118
f 10119 10120 10115
f 10108 10107 10121
f 10114 10092 9909
f 10092 10114 10093
f 10094 10122 10123
f 10124 10125 10126
f 10127 10098 10100
f 10128 10122 10129
f 10130 10104 10011
f 10121 10120 10108
f 10131 10132 10123
f 10133 10124 10134
f 10134 10124 10126
f 10094 9675 10092
f 9719 10135 10136
f 10131 10137 10101
f 10138 10128 10129
f 10121 10104 10103
f 10124 10136 10095
f 10139 10018 10140
f 10094 10129 10122
f 10046 9956 9751
f 10141 10096 10095
f 10105 10142 10143
f 9655 10101 9656
f 10144 9748 10145
f 9903 9918 9904
f 10114 10115 10120
f 10146 10147 10148
f 10103 10143 10128
f 9905 10042 9903
f 10149 10150 10151
f 10120 10152 10153
f 10105 10143 10103
f 10120 10121 10138
f 10131 10123 10122
f 10154 10125 10095
f 9792 9805 9982
f 9654 9656 10155
f 10094 10123 9675
f 10111 10156 10112
f 10095 10125 10124
f 10125 9726 10126
f 10157 10158 10075
f 9936 10159 10160
f 10161 10162 10163
f 10101 10164 10131
f 10116 9715 10011
f 10137 10102 10101
f 10165 10166 10127
f 10154 10167 9726
f 10168 10169 10170
f 10094 10093 10129
f 10164 10132 10131
f 10171 10104 10121
f 10104 10130 10105
f 10165 10172 10014
f 10173 10161 10163
f 10174 10141 10095
f 10175 10140 10018
f 10176 10165 9935
f 10125 10154 9726
f 9676 10123 10132
f 10108 10153 10106
f 10164 10101 9692
f 9750 9938 9744
f 9751 9956 10041
f 10049 9965 9929
f 9895 10054 10055
f 9971 9970 9665
f 9908 10115 9909
f 10167 10177 9689
f 10008 10078 9975
f 10155 9656 10102
f 10011 10104 10171
f 9943 9956 10046
f 10178 10130 9714
f 9941 10021 9939
f 9769 10113 10179
f 9751 10090 10046
f 10155 10180 9654
f 10102 10137 10122
f 10091 9921 10082
f 9973 10012 9996
f 10158 10149 10181
f 10182 10183 10184
f 10083 9949 9948
f 10053 10086 10083
f 10095 10136 10174
f 9954 9959 9952
f 9908 10185 10115
f 9966 9965 10049
f 10048 9966 9950
f 10186 10148 10187
f 9944 9994 9995
f 10178 10180 10155
f 10164 10160 10132
f 10138 10114 10120
f 10009 10110 10112
f 9982 9805 9758
f 9976 10116 10011
f 9966 10049 9950
f 9663 9985 9979
f 9961 10023 9858
f 10121 10103 10128
f 10029 10047 10028
f 9988 9664 9990
f 10005 10077 10008
f 9990 10033 9988
f 10076 9942 10050
f 10188 10169 10168
f 9970 9663 9665
f 9960 9987 10088
f 9921 10080 9938
f 10006 9974 9985
f 10107 10106 10189
f 10090 10071 10044
f 10152 10120 10119
f 10102 10122 10128
f 9715 9714 10130
f 9912 9882 9911
f 10171 10121 10107
f 10087 10171 10110
f 10160 10164 9692
f 10175 10019 10117
f 9903 10042 10089
f 9676 9675 10123
f 9792 9904 10016
f 10107 10110 10171
f 10188 10190 10191
f 10155 10142 10178
f 10082 9920 9962
f 10128 10143 10102
f 10128 10138 10121
f 10009 10077 10004
f 10153 10108 10120
f 9998 10056 9917
f 10146 10148 10135
f 10162 10192 10163
f 10193 10194 10195
f 10122 10137 10131
f 10112 10077 10009
f 10045 9902 10025
f 9909 10092 9675
f 10107 10111 10110
f 10171 10087 10011
f 10009 10087 10110
f 10143 10142 10102
f 10155 10102 10142
f 10191 10057 10074
f 10004 10077 10005
f 10099 10098 10196
f 10142 10105 10178
f 10130 10011 9715
f 10185 10119 10115
f 10111 10189 10156
f 9669 10145 9748
f 10114 10138 10093
f 10189 10111 10107
f 10116 9976 9978
f 10105 10130 10178
f 10145 10163 10144
f 10039 10197 10040
f 10151 9745 10149
f 10129 10093 10138
f 10161 10198 10162
f 10199 10195 10200
f 10157 10150 10158
f 10200 10195 10194
f 10163 10145 10173
f 9871 9771 10161
f 10058 10057 10109
f 10061 10184 10183
f 10148 10147 10200
f 10201 9689 10177
f 10057 10191 10109
f 10158 10150 10149
f 10182 10061 10183
f 10074 10066 10202
f 10136 10124 10133
f 10157 10193 10150
f 10199 10151 10195
f 9695 10199 10147
f 10151 9695 9745
f 10149 9745 10181
f 10202 10066 10158
f 10181 10202 10158
f 9745 9748 10203
f 10186 10141 10148
f 10141 10135 10148
f 10204 10063 10109
f 10193 10195 10151
f 9660 9662 10135
f 10089 9911 9903
f 10165 10205 10172
f 10203 10181 9745
f 10181 10191 10202
f 9904 9918 10016
f 10147 10199 10200
f 10202 10191 10074
f 10203 10188 10181
f 10139 10206 10113
f 10109 10191 10204
f 9748 10144 10203
f 10188 10203 10144
f 10204 10191 10190
f 10190 10188 10168
f 10207 10063 10204
f 10208 10144 10163
f 10208 10169 10188
f 10207 10190 10168
f 10163 10192 10208
f 10160 9934 9936
f 10170 10207 10168
f 10175 10184 10140
f 10061 10063 10207
f 10198 9771 9770
f 10184 10061 10207
f 10165 10014 9935
f 10024 10018 10139
f 10208 10192 10209
f 10209 10169 10208
f 10169 10206 10170
f 10170 10184 10207
f 9871 10161 10173
f 10210 10209 10192
f 9708 9711 10211
f 10169 10209 10179
f 10140 10170 10206
f 10170 10140 10184
f 9871 10173 9734
f 10161 9771 10198
f 10192 10162 9770
f 10210 10192 9770
f 10209 10210 9769
f 10206 10169 10179
f 9769 10179 10209
f 10166 10165 10176
f 10184 10175 10182
f 10061 10182 10073
f 10015 9731 10212
f 9818 9771 9871
f 9770 10162 10198
f 9784 9769 10210
f 10132 10160 10212
f 10113 10206 10179
f 10206 10139 10140
f 10073 10182 10117
f 10154 10095 10097
f 10210 9770 9784
f 10117 10182 10175
f 10117 10118 10073
f 9769 9768 10113
f 10136 10133 9719
f 10018 10019 10175
f 10113 10024 10139
f 10040 10117 10019
f 10135 9719 9660
f 10136 10135 10174
f 10135 10141 10174
f 10191 10181 10188
f 10188 10144 10208
f 10199 9695 10151
f 10150 10193 10151
f 10066 10075 10158
f 10148 10200 10194
f 10190 10207 10204
f 10187 10148 10194
f 10146 10135 9662
f 10147 10146 9662
f 10089 9708 10211
f 10112 10156 10213
f 10214 10078 10112
f 10214 9923 10078
f 10213 9925 9924
f 10213 10156 9925
f 9923 10213 9924
f 10214 10213 9923
f 10197 10118 10040
f 10077 10112 10078
f 10214 10112 10213
f 10215 10216 10217
f 9731 9675 9677
f 10215 10217 10218
f 10219 10220 10221
f 9859 10218 10217
f 10219 10222 10220
f 9668 9667 10223
f 10222 10219 10215
f 9907 9859 10217
f 10223 10220 10222
f 9907 10217 10216
f 10224 9696 10225
f 9859 9887 10218
f 10223 10226 10220
f 9887 10227 10218
f 9867 9887 9884
f 9869 9668 10228
f 10224 10225 9667
f 10215 10218 10227
f 10064 9706 9708
f 9667 10225 10226
f 10215 10227 10222
f 10222 10227 10223
f 10226 10223 9667
f 10228 9867 9869
f 10227 9887 10228
f 9696 10224 9666
f 10216 10215 10219
f 9740 10229 9738
f 10228 9668 10223
f 10230 10196 10231
f 9887 9867 10228
f 9744 9740 9742
f 10033 10038 9988
f 10071 10090 9747
f 9793 9666 9668
f 10232 10233 10234
f 10235 9724 10176
f 10236 9654 10180
f 9735 10237 10238
f 10239 10240 10241
f 10178 10233 10180
f 9691 9693 10242
f 10243 10244 10134
f 9700 9701 10240
f 10245 10234 10246
f 9721 10247 10242
f 10030 9823 9895
f 10145 9669 9687
f 10248 10249 10238
f 10034 10033 10085
f 9670 10250 9700
f 9912 9911 9711
f 9746 9751 10041
f 10089 10211 9911
f 10134 10251 10133
f 10086 10032 10043
f 9751 9747 10090
f 10252 9729 10253
f 9646 9717 10254
f 9673 9702 10220
f 9692 9691 9934
f 10082 9962 10051
f 10255 10256 10257
f 9721 9693 9655
f 9713 9704 10234
f 9730 10258 9728
f 9934 9725 10235
f 9698 9709 9702
f 9681 10249 9679
f 9691 9725 9934
f 9666 10224 9667
f 10159 10212 10160
f 9934 10235 9935
f 10259 10225 9696
f 10260 9682 9684
f 10253 9651 10252
f 9652 9728 9685
f 9978 9980 9645
f 9649 9659 9658
f 9713 10234 10233
f 10255 10257 9737
f 10250 9661 9700
f 10241 10261 10239
f 10227 10228 10223
f 9645 9716 9646
f 10098 10262 10196
f 10147 9662 9695
f 10263 9686 10262
f 9722 9793 9870
f 10264 10265 10266
f 9680 10176 9724
f 10166 9679 10264
f 9697 10246 9698
f 10258 10231 10262
f 9652 9723 9653
f 10098 10266 10262
f 10167 9727 9726
f 10267 10238 10249
f 9870 9658 9722
f 9735 9737 10261
f 10233 10178 9714
f 10268 9685 9728
f 9687 10173 10145
f 9683 9682 10269
f 10250 9733 9661
f 9902 9901 9706
f 9689 9688 10167
f 9653 9727 9651
f 9693 9721 10242
f 10116 9713 9715
f 10220 10226 9674
f 10249 10270 10267
f 10246 9647 9709
f 10233 9714 9713
f 9670 9733 10250
f 9730 10231 10258
f 10268 10258 10262
f 10271 9686 10272
f 10256 9699 9698
f 9724 9691 9680
f 10273 9673 9672
f 10242 9681 9680
f 10265 10264 10237
f 10273 9703 9673
f 10100 10205 10165
f 10165 10127 10100
f 10265 10237 10263
f 9704 9647 10246
f 10098 10127 10266
f 9935 10235 10176
f 10274 10221 9710
f 10270 10249 10242
f 10237 10272 10263
f 9978 9645 9705
f 9681 10242 10249
f 10256 10255 9699
f 10232 10234 10245
f 10173 9687 9734
f 9704 10116 9705
f 9679 10166 10176
f 10262 9686 10268
f 9704 10246 10234
f 9724 10235 9725
f 9952 9716 9980
f 10099 10205 10100
f 9647 9704 9645
f 9688 9727 10167
f 10219 10221 10274
f 10237 10248 10238
f 9647 9710 9709
f 10248 9679 10249
f 10232 10245 9699
f 10219 10274 10216
f 10270 10232 10267
f 9699 10267 10232
f 9716 9645 9980
f 10088 9959 9960
f 9644 9643 10241
f 10264 10248 10237
f 10239 10261 10257
f 9699 10245 9697
f 10176 9680 9679
f 9902 10045 9900
f 9654 10236 10247
f 9708 10089 10064
f 10101 9655 9692
f 9912 10024 9882
f 9643 9686 10271
f 10246 9697 10245
f 9686 9685 10268
f 10266 10166 10264
f 10134 10244 10251
f 10084 9911 9783
f 10248 10264 9679
f 9900 10070 9901
f 10275 10276 10277
f 10159 9936 10015
f 9720 10133 10251
f 10055 10031 9915
f 10267 9699 9736
f 9716 9952 9959
f 10240 9644 10241
f 9718 9660 9719
f 10211 9711 9911
f 10243 10134 9642
f 9736 10238 10267
f 9935 10014 9936
f 9669 9671 9687
f 9959 9717 9716
f 10028 9949 10086
f 9722 9657 9666
f 10247 10236 10232
f 9642 10134 9723
f 9736 9699 10255
f 9918 9766 9765
f 9642 9644 10243
f 9959 10088 9717
f 10254 9682 9646
f 9696 9666 9657
f 10254 9931 10269
f 9909 9914 9910
f 10271 10272 10261
f 10047 9951 9947
f 10238 9736 9735
f 10278 10275 10277
f 10134 10126 9723
f 10240 10239 9674
f 10254 10269 9682
f 9793 9668 9869
f 10088 9930 9717
f 10159 10015 10212
f 10233 10232 10236
f 9718 9701 9661
f 10232 10270 10247
f 10240 10243 9644
f 9676 9732 9677
f 9703 10256 9698
f 10273 10257 10256
f 10266 10263 10262
f 9690 10276 9727
f 10032 10086 10053
f 9648 9824 9734
f 10049 9930 10088
f 10254 9717 9930
f 10242 9680 9691
f 10256 9703 10273
f 9673 10220 9674
f 10166 10266 10127
f 9702 10221 10220
f 10244 10243 10240
f 9701 10251 10244
f 10272 9735 10261
f 9673 9703 9702
f 10276 10275 10252
f 9930 9931 10254
f 9729 9728 10253
f 10275 10278 9730
f 10212 9732 10132
f 10253 9652 9651
f 10274 9710 9682
f 10269 9931 9928
f 9692 9655 9693
f 10269 9928 9933
f 9732 10212 9731
f 9907 10216 10260
f 9674 10225 10240
f 10231 9730 10230
f 10273 10239 10257
f 9647 9646 9682
f 10274 10260 10216
f 9728 9652 10253
f 9692 9934 10160
f 9674 10239 10273
f 10261 9737 10257
f 10226 10225 9674
f 10269 9933 9683
f 10180 10233 10236
f 9670 10259 9678
f 10252 9651 10276
f 9683 9857 9684
f 10261 10241 9643
f 10271 10261 9643
f 9893 9986 9813
f 9995 9982 9829
f 10273 9672 9674
f 10260 9857 9907
f 9736 10255 9737
f 10049 9929 9930
f 10225 10259 9700
f 10262 10231 10196
f 9730 9729 10275
f 9709 9698 10246
f 9857 10260 9684
f 9651 9727 10276
f 10247 10270 10242
f 9729 10252 10275
f 10276 9690 10277
f 9753 9982 9758
f 9690 9689 10201
f 9701 9718 9720
f 10240 10225 9700
f 9733 9670 9694
f 10260 10274 9682
f 10259 9670 9700
f 9661 9733 9662
f 10030 10055 9915
f 10272 10237 9735
f 9701 9720 10251
f 9654 10247 9721
f 9666 9793 9722
f 10244 10240 9701
f 10116 9704 9713
f 10263 10266 10265
f 10258 10268 9728
f 10272 9686 10263
f 9642 9652 9685
f 9688 9690 9727
f 9732 9676 10132
f 9696 9678 10259
f 9702 9710 10221
f 9661 9660 9718
f 9653 10126 9726
f 9723 10126 9653
f 9719 10133 9720
f 9649 9671 9678
f 9731 9909 9675
f 9696 9659 9678
f 10279 10280 10281
f 10282 10283 10284
f 10285 10286 10287
f 10288 10289 10290
f 10291 10292 10293
f 10287 10294 10285
f 10295 10296 10297
f 10298 10299 10300
f 10301 10300 10302
f 10303 10304 10305
f 10306 10307 10308
f 10294 10309 10285
f 10299 10302 10300
f 10310 10311 10312
f 10313 10314 10315
f 10316 10317 10318
f 10319 10320 10321
f 10322 10323 10324
f 10325 10326 10327
f 10328 10307 10329
f 10330 10331 10332
f 10333 10334 10335
f 10336 10337 10338
f 10339 10340 10341
f 10342 10343 10344
f 10345 10309 10294
f 10346 10347 10348
f 10349 10350 10351
f 10352 10353 10354
f 10307 10355 10356
f 10326 10325 10304
f 10357 10358 10359
f 10315 10360 10361
f 10362 10363 10364
f 10337 10365 10302
f 10366 10367 10368
f 10369 10370 10371
f 10372 10373 10374
f 10375 10376 10377
f 10302 10365 10301
f 10378 10290 10289
f 10379 10380 10381
f 10348 10329 10382
f 10383 10384 10385
f 10386 10387 10321
f 10388 10389 10320
f 10345 10390 10391
f 10392 10393 10394
f 10395 10396 10397
f 10398 10399 10400
f 10401 10402 10403
f 10338 10404 10405
f 10406 10407 10408
f 10409 10410 10411
f 10412 10320 10281
f 10413 10414 10415
f 10416 10346 10417
f 10418 10419 10420
f 10403 10421 10422
f 10423 10424 10425
f 10419 10378 10289
f 10426 10427 10355
f 10428 10359 10429
f 10430 10359 10431
f 10432 10433 10374
f 10385 10329 10383
f 10434 10408 10367
f 10435 10436 10437
f 10438 10439 10282
f 10440 10308 10307
f 10441 10442 10443
f 10444 10445 10446
f 10447 10448 10449
f 10450 10451 10396
f 10333 10416 10417
f 10452 10453 10454
f 10421 10403 10455
f 10456 10457 10458
f 10391 10459 10460
f 10319 10461 10281
f 10462 10411 10410
f 10463 10464 10465
f 10466 10467 10468
f 10469 10470 10471
f 10427 10472 10473
f 10429 10279 10428
f 10474 10475 10476
f 10334 10477 10472
f 10478 10425 10424
f 10405 10404 10479
f 10480 10481 10388
f 10387 10386 10358
f 10482 10424 10423
f 10483 10478 10424
f 10484 10485 10356
f 10486 10487 10488
f 10376 10489 10490
f 10321 10387 10319
f 10491 10492 10493
f 10461 10319 10357
f 10494 10495 10496
f 10479 10343 10497
f 10498 10480 10388
f 10499 10292 10500
f 10385 10501 10382
f 10502 10475 10503
f 10504 10505 10437
f 10505 10386 10321
f 10494 10496 10506
f 10507 10508 10457
f 10509 10510 10511
f 10512 10478 10513
f 10319 10387 10357
f 10386 10505 10504
f 10514 10482 10515
f 10516 10517 10518
f 10519 10520 10521
f 10522 10523 10524
f 10525 10445 10444
f 10478 10526 10513
f 10478 10527 10526
f 10527 10478 10483
f 10320 10319 10281
f 10434 10528 10529
f 10530 10531 10532
f 10336 10412 10280
f 10382 10329 10385
f 10397 10533 10475
f 10382 10534 10348
f 10321 10389 10535
f 10312 10311 10536
f 10537 10418 10483
f 10427 10346 10416
f 10538 10539 10540
f 10537 10515 10541
f 10428 10461 10359
f 10355 10427 10542
f 10338 10320 10412
f 10440 10356 10485
f 10370 10543 10544
f 10417 10431 10333
f 10545 10389 10546
f 10547 10418 10537
f 10447 10526 10548
f 10317 10549 10550
f 10527 10551 10526
f 10527 10483 10418
f 10280 10365 10336
f 10431 10552 10333
f 10547 10537 10541
f 10553 10546 10389
f 10551 10527 10420
f 10389 10321 10320
f 10526 10551 10548
f 10320 10498 10388
f 10554 10422 10555
f 10556 10557 10363
f 10558 10559 10560
f 10561 10562 10563
f 10564 10565 10566
f 10358 10357 10387
f 10365 10337 10336
f 10498 10320 10511
f 10460 10459 10567
f 10541 10323 10547
f 10568 10569 10570
f 10551 10297 10548
f 10388 10481 10389
f 10571 10497 10343
f 10510 10480 10498
f 10448 10572 10573
f 10286 10574 10575
f 10572 10448 10296
f 10481 10553 10389
f 10576 10577 10578
f 10579 10580 10581
f 10582 10583 10584
f 10545 10585 10586
f 10424 10514 10483
f 10500 10587 10499
f 10588 10589 10590
f 10554 10591 10592
f 10402 10401 10593
f 10594 10443 10442
f 10595 10596 10597
f 10532 10598 10599
f 10468 10600 10466
f 10547 10323 10322
f 10297 10296 10548
f 10573 10572 10509
f 10461 10428 10281
f 10601 10602 10603
f 10296 10604 10572
f 10553 10303 10546
f 10422 10554 10592
f 10596 10595 10305
f 10605 10532 10599
f 10606 10589 10607
f 10510 10608 10609
f 10377 10565 10610
f 10486 10611 10578
f 10297 10414 10413
f 10609 10480 10510
f 10599 10590 10605
f 10420 10419 10612
f 10613 10484 10614
f 10589 10615 10590
f 10338 10511 10320
f 10616 10345 10617
f 10618 10619 10611
f 10620 10621 10622
f 10373 10432 10374
f 10308 10440 10623
f 10572 10604 10624
f 10592 10403 10422
f 10625 10596 10305
f 10609 10626 10627
f 10415 10414 10612
f 10484 10473 10614
f 10328 10355 10307
f 10608 10509 10624
f 10295 10624 10604
f 10628 10629 10630
f 10627 10631 10553
f 10632 10633 10634
f 10606 10566 10635
f 10635 10566 10565
f 10304 10303 10326
f 10606 10615 10589
f 10610 10636 10377
f 10412 10336 10338
f 10355 10328 10426
f 10631 10326 10553
f 10534 10346 10348
f 10317 10305 10549
f 10590 10531 10530
f 10531 10590 10615
f 10309 10637 10285
f 10638 10639 10520
f 10281 10280 10412
f 10640 10641 10642
f 10643 10644 10645
f 10429 10534 10501
f 10625 10305 10646
f 10598 10532 10647
f 10648 10580 10406
f 10593 10437 10649
f 10531 10615 10467
f 10650 10651 10652
f 10327 10550 10325
f 10636 10375 10377
f 10653 10654 10655
f 10589 10656 10607
f 10635 10565 10377
f 10612 10289 10288
f 10654 10653 10657
f 10531 10467 10647
f 10658 10659 10660
f 10288 10415 10612
f 10661 10660 10662
f 10578 10487 10486
f 10663 10664 10665
f 10654 10666 10655
f 10667 10660 10668
f 10669 10297 10413
f 10670 10395 10671
f 10672 10377 10673
f 10674 10675 10634
f 10672 10676 10615
f 10677 10678 10658
f 10679 10680 10681
f 10356 10542 10484
f 10376 10673 10377
f 10467 10466 10647
f 10280 10279 10432
f 10631 10327 10326
f 10682 10683 10684
f 10558 10685 10559
f 10317 10646 10305
f 10669 10413 10686
f 10687 10688 10689
f 10665 10690 10663
f 10662 10691 10692
f 10673 10676 10672
f 10693 10694 10477
f 10695 10468 10467
f 10696 10697 10493
f 10499 10587 10698
f 10362 10699 10522
f 10700 10701 10702
f 10703 10704 10491
f 10705 10464 10463
f 10411 10706 10707
f 10608 10708 10626
f 10709 10710 10383
f 10423 10515 10482
f 10711 10473 10694
f 10665 10695 10712
f 10713 10714 10715
f 10716 10717 10658
f 10318 10550 10718
f 10719 10720 10721
f 10722 10723 10724
f 10293 10721 10720
f 10725 10726 10727
f 10728 10729 10730
f 10731 10732 10733
f 10734 10353 10735
f 10667 10736 10660
f 10391 10637 10309
f 10737 10560 10738
f 10731 10739 10732
f 10740 10678 10741
f 10724 10723 10711
f 10742 10332 10743
f 10318 10718 10744
f 10742 10732 10739
f 10331 10745 10489
f 10292 10499 10293
f 10746 10332 10742
f 10635 10672 10606
f 10747 10748 10749
f 10696 10750 10579
f 10751 10752 10753
f 10748 10754 10755
f 10559 10350 10560
f 10756 10714 10757
f 10758 10434 10366
f 10759 10349 10739
f 10487 10754 10747
f 10760 10751 10753
f 10761 10762 10763
f 10764 10679 10762
f 10488 10752 10765
f 10351 10559 10622
f 10766 10762 10330
f 10622 10767 10351
f 10768 10769 10770
f 10763 10771 10761
f 10603 10415 10772
f 10773 10754 10620
f 10487 10620 10754
f 10767 10622 10621
f 10622 10773 10620
f 10774 10524 10775
f 10776 10611 10777
f 10768 10770 10778
f 10772 10779 10780
f 10349 10781 10782
f 10588 10656 10589
f 10783 10784 10785
f 10676 10467 10615
f 10621 10351 10767
f 10411 10707 10409
f 10786 10787 10721
f 10788 10573 10509
f 10490 10676 10673
f 10765 10789 10790
f 10791 10702 10701
f 10520 10583 10638
f 10792 10793 10462
f 10781 10794 10782
f 10795 10782 10794
f 10795 10764 10766
f 10734 10796 10353
f 10790 10797 10765
f 10792 10769 10713
f 10351 10798 10781
f 10787 10799 10800
f 10736 10801 10802
f 10794 10525 10795
f 10486 10797 10790
f 10621 10577 10576
f 10456 10803 10507
f 10784 10783 10703
f 10292 10804 10789
f 10293 10786 10721
f 10805 10774 10775
f 10800 10806 10787
f 10715 10807 10713
f 10795 10525 10764
f 10776 10643 10611
f 10808 10809 10810
f 10645 10611 10643
f 10700 10785 10784
f 10811 10804 10292
f 10809 10808 10812
f 10813 10814 10470
f 10815 10816 10817
f 10721 10787 10806
f 10799 10705 10465
f 10719 10806 10818
f 10582 10819 10820
f 10645 10621 10576
f 10821 10795 10766
f 10720 10291 10293
f 10806 10800 10465
f 10788 10449 10573
f 10770 10769 10822
f 10313 10616 10823
f 10618 10804 10619
f 10807 10776 10793
f 10824 10825 10655
f 10826 10827 10828
f 10829 10330 10761
f 10466 10598 10647
f 10830 10831 10464
f 10806 10465 10818
f 10470 10832 10471
f 10602 10686 10833
f 10499 10787 10786
f 10787 10499 10698
f 10707 10291 10409
f 10734 10720 10834
f 10790 10618 10611
f 10546 10585 10545
f 10834 10720 10835
f 10708 10608 10624
f 10818 10835 10719
f 10836 10837 10838
f 10446 10839 10444
f 10627 10626 10840
f 10719 10835 10720
f 10359 10430 10429
f 10550 10327 10841
f 10842 10843 10844
f 10632 10836 10633
f 10845 10521 10846
f 10492 10729 10750
f 10847 10503 10848
f 10715 10714 10643
f 10501 10385 10433
f 10738 10759 10731
f 10372 10384 10710
f 10714 10849 10699
f 10350 10759 10560
f 10850 10851 10852
f 10291 10707 10292
f 10853 10854 10495
f 10457 10456 10507
f 10626 10855 10840
f 10473 10472 10477
f 10602 10856 10708
f 10755 10773 10559
f 10425 10369 10857
f 10581 10697 10696
f 10792 10858 10859
f 10691 10662 10860
f 10763 10695 10861
f 10584 10367 10407
f 10323 10862 10863
f 10769 10768 10713
f 10648 10864 10865
f 10866 10841 10327
f 10867 10868 10744
f 10597 10649 10586
f 10869 10464 10831
f 10581 10580 10870
f 10582 10820 10871
f 10561 10872 10873
f 10874 10875 10368
f 10358 10386 10359
f 10583 10876 10584
f 10402 10593 10877
f 10827 10651 10717
f 10878 10879 10880
f 10871 10638 10582
f 10881 10882 10883
f 10884 10885 10398
f 10844 10886 10887
f 10842 10888 10625
f 10524 10648 10865
f 10688 10674 10689
f 10868 10889 10890
f 10291 10735 10409
f 10739 10731 10759
f 10694 10473 10477
f 10525 10794 10445
f 10396 10891 10450
f 10561 10502 10872
f 10852 10892 10850
f 10324 10419 10893
f 10714 10756 10643
f 10428 10279 10281
f 10780 10779 10533
f 10894 10650 10895
f 10828 10896 10897
f 10898 10516 10803
f 10774 10363 10362
f 10306 10329 10307
f 10383 10899 10709
f 10427 10335 10472
f 10305 10546 10303
f 10900 10661 10901
f 10575 10866 10855
f 10747 10749 10752
f 10552 10902 10333
f 10776 10777 10706
f 10903 10888 10842
f 10666 10663 10655
f 10821 10904 10795
f 10629 10884 10867
f 10886 10890 10889
f 10573 10449 10448
f 10420 10414 10551
f 10723 10473 10711
f 10384 10383 10710
f 10404 10338 10337
f 10780 10603 10772
f 10905 10734 10735
f 10454 10906 10907
f 10886 10908 10887
f 10909 10910 10911
f 10868 10884 10889
f 10577 10912 10578
f 10448 10548 10296
f 10748 10747 10754
f 10502 10561 10563
f 10774 10805 10556
f 10779 10848 10533
f 10706 10777 10707
f 10671 10395 10397
f 10833 10603 10602
f 10585 10595 10597
f 10913 10441 10914
f 10734 10834 10796
f 10741 10915 10740
f 10916 10811 10707
f 10839 10446 10362
f 10475 10848 10503
f 10310 10917 10311
f 10478 10512 10543
f 10483 10514 10537
f 10516 10898 10517
f 10756 10757 10809
f 10868 10867 10884
f 10462 10813 10791
f 10908 10918 10919
f 10920 10817 10816
f 10884 10629 10885
f 10921 10867 10744
f 10405 10497 10449
f 10416 10335 10427
f 10328 10347 10346
f 10437 10505 10586
f 10435 10437 10593
f 10884 10918 10889
f 10563 10562 10922
f 10563 10475 10502
f 10339 10923 10361
f 10321 10535 10505
f 10416 10333 10335
f 10299 10404 10302
f 10762 10761 10330
f 10384 10372 10374
f 10450 10891 10924
f 10397 10925 10671
f 10449 10571 10447
f 10897 10926 10828
f 10927 10390 10928
f 10528 10828 10827
f 10929 10866 10574
f 10535 10545 10586
f 10885 10629 10930
f 10908 10886 10889
f 10865 10931 10775
f 10877 10596 10402
f 10932 10312 10567
f 10933 10817 10934
f 10935 10575 10856
f 10303 10553 10326
f 10852 10936 10892
f 10477 10334 10591
f 10563 10922 10506
f 10937 10704 10471
f 10708 10686 10602
f 10856 10602 10935
f 10938 10799 10939
f 10476 10475 10563
f 10431 10359 10552
f 10526 10447 10513
f 10903 10887 10940
f 10458 10941 10456
f 10755 10754 10773
f 10874 10836 10838
f 10351 10350 10559
f 10803 10456 10898
f 10362 10810 10942
f 10638 10871 10452
f 10943 10536 10637
f 10944 10945 10521
f 10396 10670 10891
f 10772 10946 10779
f 10670 10924 10891
f 10920 10947 10948
f 10815 10691 10949
f 10950 10935 10951
f 10309 10345 10391
f 10898 10456 10941
f 10952 10953 10954
f 10916 10707 10777
f 10646 10317 10316
f 10955 10628 10630
f 10396 10395 10670
f 10634 10633 10956
f 10460 10637 10391
f 10721 10806 10719
f 10518 10286 10950
f 10603 10780 10451
f 10399 10930 10957
f 10957 10628 10570
f 10935 10601 10951
f 10648 10524 10822
f 10926 10826 10828
f 10919 10918 10400
f 10546 10305 10958
f 10823 10617 10959
f 10960 10961 10874
f 10544 10342 10344
f 10342 10544 10543
f 10962 10963 10964
f 10641 10340 10314
f 10662 10692 10934
f 10965 10934 10681
f 10941 10517 10898
f 10570 10628 10955
f 10746 10349 10782
f 10362 10364 10839
f 10958 10305 10595
f 10699 10942 10757
f 10966 10689 10674
f 10430 10417 10346
f 10451 10780 10396
f 10396 10780 10533
f 10470 10814 10967
f 10458 10968 10909
f 10667 10801 10736
f 10957 10969 10970
f 10539 10538 10953
f 10970 10971 10919
f 10459 10391 10390
f 10804 10790 10789
f 10352 10410 10409
f 10972 10973 10846
f 10581 10870 10701
f 10751 10760 10500
f 10974 10909 10968
f 10496 10495 10925
f 10925 10438 10671
f 10630 10867 10932
f 10438 10975 10670
f 10975 10438 10282
f 10968 10458 10284
f 10411 10462 10706
f 10282 10284 10508
f 10657 10640 10976
f 10868 10890 10744
f 10910 10517 10911
f 10977 10569 10568
f 10969 10978 10970
f 10971 10970 10978
f 10417 10430 10431
f 10390 10977 10459
f 10632 10675 10979
f 10964 10974 10968
f 10797 10486 10488
f 10980 10968 10284
f 10981 10287 10518
f 10518 10982 10981
f 10983 10910 10984
f 10910 10982 10517
f 10339 10341 10985
f 10689 10966 10722
f 10454 10986 10906
f 10940 10455 10903
f 10473 10723 10882
f 10978 10969 10987
f 10977 10390 10923
f 10988 10984 10989
f 10989 10964 10963
f 10495 10854 10438
f 10734 10905 10291
f 10988 10990 10983
f 10923 10987 10977
f 10989 10990 10988
f 10283 10282 10439
f 10984 10974 10989
f 10928 10345 10616
f 10386 10552 10359
f 10927 10361 10923
f 10991 10901 10931
f 10793 10792 10713
f 10989 10394 10990
f 10361 10992 10315
f 10836 10936 10633
f 10283 10993 10980
f 10939 10830 10938
f 10994 10995 10996
f 10521 10945 10876
f 10745 10490 10489
f 10313 10928 10616
f 10283 10439 10997
f 10774 10362 10522
f 10801 10667 10998
f 10829 10761 10771
f 10996 10999 10994
f 10491 10704 11000
f 10404 10299 11001
f 11002 10699 10849
f 10584 10368 10367
f 10360 10339 10361
f 11003 11004 10985
f 10785 10791 10813
f 10960 10876 10945
f 10896 10828 10366
f 10982 11005 10981
f 10954 10953 10393
f 11006 10394 10963
f 10846 10639 10972
f 10854 10999 11007
f 10418 10420 10527
f 10778 10713 10768
f 10610 10565 10564
f 10999 10996 11008
f 10770 10524 10523
f 10798 10351 10621
f 10757 10714 10699
f 10604 10296 10295
f 10630 10567 10955
f 11009 10881 10883
f 10594 10983 10990
f 10945 10944 10892
f 10360 10315 10340
f 10594 10442 11005
f 11010 10489 10376
f 10948 11011 11012
f 10858 11013 10701
f 11014 11015 11006
f 10580 10819 10407
f 10813 10462 10410
f 11008 11007 10999
f 10639 10846 10521
f 10738 10731 10737
f 11016 10882 10723
f 10814 10410 10352
f 10948 11012 10920
f 10314 10340 10315
f 10789 10500 10292
f 10345 10294 11017
f 10697 10700 10784
f 10394 11006 11018
f 10658 10736 10716
f 10339 11004 11019
f 10882 10881 10473
f 10876 10583 10519
f 10811 10619 10804
f 10472 10335 10334
f 10492 10491 10729
f 10682 10684 11020
f 10900 10901 10998
f 10953 10538 11021
f 11022 11010 10733
f 10658 10678 10659
f 10453 10750 10986
f 10964 10980 10962
f 10363 10557 10965
f 10828 10528 10758
f 10638 10452 10639
f 10858 10792 10462
f 10443 10594 11021
f 10762 11011 10726
f 10936 10836 10874
f 10829 10745 10331
f 10520 10639 10521
f 10364 10680 10839
f 10778 10770 10849
f 10340 10640 10341
f 10684 10683 10650
f 11017 10617 10345
f 10403 10596 10625
f 10408 10434 10529
f 11023 11021 10538
f 11024 10956 11025
f 10750 10453 11026
f 10744 10890 10318
f 11007 10997 10439
f 10654 10664 10666
f 10528 10434 10758
f 10986 10454 10453
f 10640 10657 10825
f 11027 10557 10661
f 10314 10913 11028
f 10802 10998 10991
f 10452 11026 10453
f 10653 10655 10825
f 10530 10605 10590
f 10305 10304 10549
f 10687 10689 11029
f 10955 10568 10570
f 10766 10764 10762
f 10981 11005 10959
f 11030 11031 10997
f 10518 10287 10286
f 10994 10854 10853
f 10952 10539 10953
f 10540 11023 10538
f 10403 10888 10455
f 10962 11014 11006
f 10914 10443 11023
f 10649 10597 10877
f 11028 10913 10914
f 11007 11008 11030
f 10641 11032 10642
f 10352 10409 10735
f 10712 10690 10665
f 10860 10659 11033
f 10641 11028 11032
f 10987 10569 10977
f 10361 10927 10992
f 10539 10381 10540
f 10339 10971 10978
f 10789 10765 10500
f 10504 10437 10552
f 11034 10675 10688
f 10634 11024 11035
f 10976 10640 10642
f 10378 10324 10847
f 10814 10813 10410
f 10803 10516 10951
f 11023 10380 10914
f 10591 10435 10592
f 11033 10678 11004
f 10381 10380 10540
f 10930 10399 10885
f 10462 11013 10858
f 10914 10642 11032
f 10331 10743 10332
f 10552 10386 10504
f 10435 10593 10592
f 10951 11036 10803
f 10567 10459 10955
f 10997 11031 11037
f 10406 10580 10407
f 10595 10585 10958
f 10690 10825 10824
f 10614 10473 10881
f 10600 10468 10665
f 10683 10682 10915
f 10981 11017 10287
f 10644 10621 10645
f 10889 10918 10908
f 10917 10310 10921
f 10366 10875 10896
f 11038 10919 10971
f 10925 10397 10474
f 10634 10675 10632
f 10390 10345 10928
f 10546 10958 10585
f 10419 10324 10378
f 11016 10966 11039
f 10596 10877 10597
f 10380 11040 10914
f 10874 10961 10936
f 10633 11025 10956
f 10426 10346 10427
f 10808 10810 10445
f 10314 10313 10913
f 10597 10586 10585
f 10763 10861 10490
f 10430 10346 10534
f 10398 10918 10884
f 10848 10779 10290
f 11021 10594 10393
f 10920 10640 11041
f 10399 10398 10885
f 10881 11009 10614
f 10954 10392 10952
f 10380 10379 11042
f 11043 10583 10520
f 10293 10499 10786
f 10975 10507 10924
f 10353 11044 10354
f 11040 10380 11042
f 10657 10976 11045
f 11040 11045 10642
f 10629 10867 10630
f 10393 10392 10954
f 10816 10985 10341
f 10866 10575 10574
f 10567 10943 10460
f 10852 11025 10633
f 10575 10935 10950
f 10734 10291 10720
f 11039 10883 11016
f 10568 10459 10977
f 11046 11047 10693
f 10802 10991 11048
f 10617 10823 10616
f 10458 10457 10508
f 10379 11049 11042
f 11042 11045 11040
f 11045 11050 10657
f 10775 10524 10865
f 11015 11014 10993
f 10990 11051 10594
f 10325 10549 10304
f 10969 10957 10570
f 10951 10451 11036
f 10943 10567 10312
f 10876 10519 10521
f 10297 10551 10414
f 10736 10802 10716
f 10936 10961 10892
f 10966 11016 11052
f 11045 11042 11049
f 10923 10390 10927
f 10853 10995 10994
f 11021 11023 10443
f 11053 10887 11054
f 10959 10442 10441
f 10957 10970 10399
f 10897 11055 10979
f 10570 10569 10969
f 11037 10993 10997
f 10324 10893 10322
f 10550 10841 10718
f 10441 10913 10959
f 10439 10854 11007
f 10809 10644 10756
f 10550 10318 10317
f 10931 10901 10805
f 10944 11056 10850
f 10283 10997 10993
f 10803 11036 10924
f 11023 10540 10380
f 10740 10915 11057
f 11034 10688 11058
f 10484 10613 10485
f 10424 10482 10514
f 10316 10890 10843
f 11059 11060 11061
f 11062 11031 11030
f 10909 10941 10458
f 10642 10914 11040
f 10980 10284 10283
f 10936 10852 10633
f 11037 11031 11062
f 10316 10842 10646
f 10949 11003 10985
f 10762 10726 11063
f 10764 10444 10679
f 10699 11002 10522
f 11020 11064 11061
f 11043 10519 10583
f 10991 10998 10901
f 10912 10577 10620
f 10961 10945 10892
f 10948 10725 10727
f 10850 10892 10944
f 10727 10726 11011
f 10815 10692 10691
f 10692 10815 10933
f 10827 11065 10652
f 10860 10949 10691
f 10667 10900 10998
f 10725 10948 10947
f 11041 10640 10825
f 10678 10677 10741
f 11056 10944 10845
f 10825 10947 11041
f 11033 10659 10678
f 11056 11066 10850
f 10556 10901 10557
f 10677 10717 11067
f 10770 10523 10849
f 10688 10687 11029
f 10677 11067 10741
f 11068 10895 11069
f 11070 11071 11072
f 11073 11056 10845
f 11061 11060 11020
f 11027 11074 10557
f 10740 11019 11004
f 10934 10817 10920
f 11004 10339 10985
f 10711 10694 11047
f 10915 10741 11067
f 10562 10873 11075
f 11024 10634 10956
f 10838 10875 10874
f 11063 10763 10762
f 11004 11003 11033
f 10769 10859 10822
f 11060 11057 10915
f 10871 11026 10452
f 10477 10591 10693
f 10716 10802 11076
f 11066 10851 10850
f 11077 11025 10852
f 11074 11027 10662
f 10783 10469 10471
f 10998 10802 10801
f 11078 11079 10979
f 11067 10717 10651
f 10966 11052 10722
f 11079 11078 11080
f 11063 10726 10725
f 10922 10562 11081
f 11081 11082 11083
f 10324 10880 11084
f 10679 10681 10762
f 10490 10745 10771
f 10762 10681 11011
f 11085 11086 11087
f 11086 11088 10862
f 10947 10825 10690
f 10878 11089 11090
f 11091 10423 10857
f 10619 10777 10611
f 10521 10845 10944
f 10681 11012 11011
f 10750 10728 11092
f 11093 11048 10864
f 10849 10523 11002
f 10815 10817 10933
f 11093 11076 10802
f 10680 10444 10839
f 10699 10362 10942
f 11064 10684 11068
f 10643 10776 10715
f 10882 11016 10883
f 10367 10366 10434
f 10916 10777 10619
f 11003 10949 11033
f 10716 10529 10528
f 10584 10876 10960
f 10341 10640 10816
f 10810 10362 10446
f 10663 10824 10655
f 10809 10812 10644
f 10566 10606 10607
f 10470 10469 10813
f 10723 11052 11016
f 10812 10808 10621
f 10905 10735 10291
f 10869 11094 10464
f 11046 11069 11070
f 10620 10487 10578
f 10904 10782 10795
f 10819 10582 10584
f 10934 10920 11012
f 10701 10822 10858
f 10528 10717 10716
f 10805 10775 10931
f 10657 10653 10825
f 10330 10821 10766
f 10966 10634 11095
f 11058 10688 11029
f 10703 10491 10784
f 10330 10332 10821
f 10656 10564 10566
f 10742 11022 10733
f 10782 10904 10746
f 10810 10809 10942
f 10732 10742 10733
f 10446 10445 10810
f 10837 11055 10838
f 10897 10896 10838
f 10579 10581 10696
f 10845 10846 11073
f 10745 10829 10771
f 10862 10323 11086
f 10725 10712 11063
f 10559 10685 10755
f 10678 10740 11004
f 11084 10880 10879
f 10965 10680 10364
f 10764 10525 10444
f 10824 10663 10690
f 10700 10697 10581
f 11075 10873 10872
f 10423 11087 10515
f 11096 10847 11084
f 10799 10787 10698
f 10813 10469 10785
f 10683 11067 10651
f 11097 11098 10494
f 10522 10524 10774
f 11099 11019 10740
f 10664 10600 10665
f 11089 11100 11090
f 10863 10880 10324
f 10712 10947 10690
f 10700 10791 10785
f 10323 10541 11086
f 10742 10743 11022
f 10605 10530 10532
f 10960 10945 10961
f 10363 10965 10364
f 10615 10606 10672
f 10350 10349 10759
f 10676 10861 10467
f 11022 10743 11010
f 11063 10712 10763
f 10703 10783 10471
f 11101 10799 10698
f 10727 11011 10948
f 10423 11091 11085
f 10506 11102 10494
f 10864 10648 11093
f 10685 10748 10755
f 11096 10872 10503
f 11103 11104 11105
f 11098 11105 11104
f 10503 10847 11096
f 10743 10489 11010
f 10793 10706 10462
f 10832 10470 10967
f 11102 10506 10922
f 10292 10707 10811
f 10776 10706 10793
f 10872 11096 11075
f 10702 10791 10700
f 11097 11102 10922
f 11035 11095 10634
f 10377 10672 10635
f 11106 11084 10879
f 10906 10986 11092
f 10947 10712 10725
f 11106 11082 11075
f 10679 10444 10680
f 10715 10776 10807
f 10790 10611 10486
f 11080 11107 11065
f 10862 11089 10863
f 10488 10487 10747
f 11108 10794 10781
f 11043 10520 10519
f 10644 10643 10756
f 10770 10822 10524
f 11060 10682 11020
f 11039 10966 11095
f 10809 10757 10942
f 11059 11099 11057
f 11109 10995 11103
f 10752 10488 10747
f 10874 10368 10960
f 10843 10890 10886
f 10819 10580 10579
f 10695 10763 10712
f 10878 10863 11089
f 10648 10822 10870
f 10808 10798 10621
f 10555 10421 10940
f 11046 10555 11069
f 10714 10778 10849
f 10827 10717 10528
f 10819 10584 10407
f 10363 10774 10556
f 11077 11024 11025
f 11053 11064 11068
f 10651 10650 10683
f 11104 10494 11098
f 10904 10332 10746
f 11084 11106 11096
f 11070 11047 11046
f 11110 10494 11104
f 10995 10853 11110
f 11026 10579 10750
f 10408 10407 10367
f 10663 10666 10664
f 10858 10822 10859
f 10449 10788 10405
f 10901 10556 10805
f 11111 11099 11059
f 10972 10454 10907
f 11049 11050 11045
f 11057 11099 10740
f 10704 10703 10471
f 10481 10627 10553
f 10646 10842 10625
f 10866 10840 10855
f 11111 10971 11019
f 10763 10490 10771
f 10799 10465 10800
f 10959 10617 10981
f 10549 10325 10550
f 10406 10408 11112
f 10297 10669 10295
f 10950 10951 10516
f 11058 11029 11072
f 10285 10637 10536
f 10324 11084 10847
f 10607 10656 10566
f 10904 10821 10332
f 10648 10870 10580
f 10352 10735 10353
f 10799 11101 10939
f 11076 11093 11112
f 10584 10960 10368
f 10500 10760 10587
f 11093 10648 10406
f 10784 10493 10697
f 10827 10826 11065
f 10618 10790 10804
f 10893 10419 10418
f 10563 10506 10476
f 10506 10496 10476
f 11102 11097 10494
f 10963 10962 11006
f 10965 10557 11074
f 10493 10784 10491
f 10289 10612 10419
f 10861 10676 10490
f 10328 10346 10426
f 10684 11064 11020
f 11059 11057 11060
f 11113 11111 11059
f 10931 10865 10864
f 10454 10972 10452
f 10495 11110 10853
f 10639 10452 10972
f 10394 11018 10392
f 11053 11069 10555
f 11071 10652 11065
f 11048 10991 10864
f 11107 11058 11071
f 10515 10537 10514
f 10966 10674 10634
f 10728 10750 10729
f 10650 10652 11071
f 10950 10286 10575
f 10560 10737 10558
f 10931 10864 10991
f 10464 10705 10830
f 11108 10445 10794
f 11027 10661 10662
f 10331 10330 10829
f 10574 10285 10311
f 11082 11090 11100
f 10746 10739 10349
f 10418 10547 10322
f 10791 10701 11013
f 10863 10878 10880
f 11036 10450 10924
f 10785 10469 10783
f 10713 10807 10793
f 10901 10661 10557
f 10640 10340 10641
f 10403 10625 10888
f 10638 10583 10582
f 10559 10773 10622
f 10480 10609 10627
f 10819 10579 10820
f 10579 11026 10820
f 11055 10897 10838
f 11114 10352 10354
f 11010 10375 10733
f 10859 10769 10792
f 11086 10541 10515
f 11079 11065 10826
f 10830 10705 10799
f 10830 10799 10938
f 10491 11000 10730
f 10523 10522 11002
f 10781 10798 11108
f 10650 10894 10684
f 10415 10603 10833
f 10438 10854 10439
f 11112 10408 11076
f 11100 11083 11082
f 10675 11078 10979
f 10751 10765 10752
f 11111 11113 10971
f 10937 11000 10704
f 11114 10814 10352
f 10624 10295 10686
f 10621 10644 10812
f 10875 10838 10896
f 11054 11113 11059
f 11085 11087 10423
f 10722 11052 10723
f 10841 10866 10718
f 10808 10445 11108
f 10867 10921 10310
f 10423 10425 10857
f 10675 11034 11078
f 10886 10844 10843
f 11071 10895 10650
f 11058 11115 11034
f 10965 10681 10680
f 10515 11087 11086
f 10826 10926 11079
f 11103 10995 11104
f 11082 11081 11075
f 10673 10376 10490
f 11065 11079 11080
f 11110 11104 10995
f 10438 10925 10495
f 11082 11106 10879
f 10832 10937 10471
f 10879 11090 11082
f 11090 10879 10878
f 10828 10758 10366
f 11075 11081 10562
f 10402 10596 10403
f 10578 10611 10576
f 10647 10532 10531
f 10657 11050 10654
f 10621 10620 10577
f 11054 11059 11061
f 10895 10684 10894
f 10967 10814 11114
f 10932 10867 10310
f 10985 10816 10949
f 11093 10406 11112
f 11113 11054 11038
f 11053 11061 11064
f 11106 11075 11096
f 10714 10713 10778
f 10631 10627 10840
f 10900 10667 10668
f 10934 10965 11074
f 10534 10429 10430
f 11067 10683 10915
f 11069 10895 11070
f 11076 10529 10716
f 11080 11078 11115
f 11107 11080 11115
f 10661 10900 10668
f 10934 11012 10681
f 11074 10662 10934
f 11019 11099 11111
f 11069 11053 11068
f 11038 10971 11113
f 10919 11038 10908
f 11078 11034 11115
f 11038 10887 10908
f 10917 10929 10311
f 10717 10677 10658
f 11061 11053 11054
f 10897 11079 10926
f 11115 11058 11107
f 10684 10895 11068
f 10544 10344 10370
f 11072 11071 11058
f 10313 10823 10913
f 10627 10481 10480
f 10692 10933 10934
f 10959 10913 10823
f 11054 10887 11038
f 10979 11079 10897
f 10536 10311 10285
f 10660 10659 10662
f 10578 10912 10620
f 10750 11092 10986
f 10887 10555 10940
f 10555 10887 11053
f 10682 11060 10915
f 10671 10438 10670
f 10997 11007 11030
f 10759 10738 10560
f 10659 10860 10662
f 10394 10393 11051
f 10968 10980 10964
f 10675 10674 10688
f 11001 10299 10298
f 10661 10668 10660
f 10318 10890 10316
f 10971 10339 11019
f 10399 10970 10400
f 11072 11116 11070
f 10724 11116 11117
f 10736 10658 10660
f 11047 11070 11116
f 11086 11085 11088
f 10816 10640 10920
f 10686 10708 10624
f 10476 10496 10474
f 10873 10562 10561
f 10500 10765 10751
f 10554 10555 11046
f 11028 10641 10314
f 11072 11117 11116
f 10645 10576 10611
f 10949 10860 11033
f 10947 10920 11041
f 10802 11048 11093
f 10338 10405 10788
f 10497 10405 10479
f 10404 10337 10302
f 10592 10593 10401
f 10571 10449 10497
f 10455 10888 10903
f 10601 10603 10451
f 10575 10855 10856
f 10980 10993 11014
f 11071 11065 11107
f 10308 11118 10306
f 10294 10287 11017
f 10791 11013 10462
f 10983 10594 11005
f 10518 10950 10516
f 10489 10743 10331
f 10953 11021 10393
f 10914 11032 11028
f 10686 10413 10833
f 10974 10910 10909
f 11117 11072 11029
f 10990 10394 11051
f 10651 10827 10652
f 11108 10798 10808
f 10930 10628 10957
f 10711 11047 11116
f 10347 10329 10348
f 10396 10533 10397
f 10988 10983 10984
f 10443 10914 10441
f 10493 10492 10696
f 10979 11055 10632
f 11071 11070 10895
f 10626 10856 10855
f 10982 10518 10517
f 10722 11117 10689
f 10632 11055 10837
f 10433 10432 10279
f 10866 10327 10840
f 11029 10689 11117
f 10730 10729 10491
f 10932 10567 10630
f 11117 10722 10724
f 10694 10693 11047
f 10856 10626 10708
f 10816 10815 10949
f 10436 10552 10437
f 10508 10284 10458
f 10982 10910 10983
f 11110 10495 10494
f 10513 10571 10512
f 10642 11045 10976
f 10601 10935 10602
f 11017 10981 10617
f 10451 10951 10601
f 10893 10418 10322
f 10536 10943 10312
f 10282 10508 10975
f 10508 10507 10975
f 10844 10887 10903
f 11073 10846 10973
f 10315 10992 10313
f 10629 10628 10930
f 10465 10464 11094
f 10711 11116 10724
f 10545 10535 10389
f 10916 10619 10811
f 10696 10492 10750
f 10693 10591 11046
f 10511 10510 10498
f 11046 10591 10554
f 10509 10511 10788
f 10695 10665 10468
f 10970 10919 10400
f 10836 10632 10837
f 10593 10649 10877
f 10343 10342 10512
f 10512 10571 10343
f 10739 10746 10742
f 10442 10959 11005
f 10921 10718 10917
f 10378 10847 10290
f 10705 10463 10465
f 10924 10670 10975
f 10548 10448 10447
f 10312 10932 10310
f 10511 10338 10788
f 10820 11026 10871
f 10568 10955 10459
f 10861 10695 10467
f 10929 10718 10866
f 10420 10612 10414
f 10401 10403 10592
f 10421 10555 10422
f 10455 10940 10421
f 10478 10543 10425
f 10404 11001 10479
f 10929 10917 10718
f 10290 10779 10288
f 10875 10366 10368
f 10509 10608 10510
f 10902 10591 10334
f 10450 11036 10451
f 10718 10921 10744
f 10701 10700 10581
f 10329 10899 10383
f 10447 10571 10513
f 10394 10989 10963
f 10534 10382 10501
f 10376 10375 11010
f 10415 10288 10946
f 10393 10594 11051
f 10552 10436 10902
f 10542 10473 10484
f 10591 10436 10435
f 10847 10848 10290
f 10701 10870 10822
f 10911 10941 10909
f 10351 10781 10349
f 10925 10474 10496
f 10327 10631 10840
f 10507 10803 10924
f 10999 10854 10994
f 11005 10982 10983
f 10365 10280 10432
f 10626 10609 10608
f 10384 10433 10385
f 10946 10288 10779
f 10974 10964 10989
f 11014 10962 10980
f 10772 10415 10946
f 10488 10765 10797
f 10374 10433 10384
f 10313 10992 10927
f 10586 10505 10535
f 10512 10342 10543
f 10929 10574 10311
f 10334 10333 10902
f 11015 10993 11037
f 10542 10356 10355
f 10440 10485 10623
f 10370 10369 10543
f 10340 10339 10360
f 10928 10313 10927
f 10400 10918 10398
f 10425 10543 10369
f 10649 10437 10586
f 10371 10857 10369
f 10356 10440 10307
f 11118 10899 10306
f 10517 10941 10911
f 10533 10848 10475
f 10574 10286 10285
f 10324 10323 10863
f 10987 10339 10978
f 10842 10844 10903
f 10843 10842 10316
f 10475 10474 10397
f 11076 10408 10529
f 10436 10591 10902
f 10357 10359 10461
f 10279 10429 10501
f 10987 10923 10339
f 10329 10347 10328
f 10984 10910 10974
f 10572 10624 10509
f 10569 10987 10969
f 10306 10899 10329
f 10295 10669 10686
f 10501 10433 10279
f 10542 10427 10473
f 10503 10872 10502
f 10833 10413 10415
f 10637 10460 10943
f 11119 11120 11121
f 11122 11123 11124
f 11125 11126 11127
f 11127 11128 11129
f 11130 11131 11132
f 11133 11134 11135
f 11137 11139 11140
f 11141 11142 11143
f 11144 11145 11146
f 11147 11148 11149
f 11150 11151 11152
f 11130 11156 11157
f 11158 11159 11160
f 11161 11162 11163
f 11166 11130 11167
f 11168 11169 11166
f 11170 11171 11172
f 11171 11170 11174
f 11175 11176 11177
f 11178 11179 11180
f 11181 11182 11183
f 11186 11161 11187
f 11188 11189 11190
f 11127 11129 11125
f 11125 11185 11191
f 11192 11159 11193
f 11194 11195 11196
f 11197 11198 11199
f 11184 11177 11146
f 11200 11132 11201
f 11202 11203 11204
f 11205 11206 11207
f 11208 11209 11210
f 11137 11136 11211
f 11213 11167 11157
f 11214 11215 11190
f 11216 11217 11218
f 11219 11130 11166
f 11161 11220 11221
f 11169 11131 11219
f 11222 11223 11224
f 11142 11129 11143
f 11128 11126 11226
f 11227 11228 11229
f 11125 11187 11230
f 11231 11232 11168
f 11233 11211 11234
f 11145 11191 11184
f 11236 11237 11159
f 11238 11239 11240
f 11242 11243 11244
f 11245 11246 11149
f 11247 11164 11248
f 11249 11250 11251
f 11149 11135 11147
f 11249 11182 11252
f 11253 11254 11255
f 11256 11257 11258
f 11244 11259 11260
f 11261 11259 11244
f 11250 11249 11160
f 11195 11194 11262
f 11263 11264 11265
f 11266 11267 11246
f 11268 11250 11247
f 11227 11269 11228
f 11193 11270 11192
f 11271 11272 11273
f 11159 11192 11160
f 11131 11169 11123
f 11125 11129 11185
f 11276 11277 11278
f 11149 11148 11245
f 11227 11192 11269
f 11281 11282 11194
f 11150 11153 11199
f 11284 11198 11197
f 11191 11187 11125
f 11182 11285 11183
f 11286 11217 11216
f 11157 11167 11130
f 11287 11255 11254
f 11288 11289 11290
f 11132 11156 11130
f 11231 11168 11291
f 11292 11291 11168
f 11293 11170 11172
f 11145 11187 11191
f 11294 11295 11269
f 11296 11147 11297
f 11138 11298 11299
f 11230 11300 11125
f 11301 11302 11303
f 11304 11305 11133
f 11262 11267 11264
f 11147 11306 11297
f 11206 11205 11288
f 11307 11308 11309
f 11258 11209 11310
f 11312 11313 11180
f 11314 11310 11290
f 11316 11317 11176
f 11146 11177 11176
f 11124 11318 11319
f 11146 11176 11317
f 11298 11320 11231
f 11146 11317 11144
f 11321 11308 11322
f 11316 11324 11325
f 11314 11326 11237
f 11251 11327 11285
f 11328 11329 11330
f 11179 11316 11331
f 11168 11213 11292
f 11144 11332 11333
f 11293 11334 11170
f 11322 11311 11335
f 11293 11194 11196
f 11336 11124 11198
f 11143 11320 11138
f 11211 11136 11275
f 11151 11319 11318
f 11204 11162 11339
f 11322 11340 11215
f 11131 11201 11132
f 11314 11236 11341
f 11188 11283 11189
f 11126 11125 11300
f 11204 11163 11162
f 11200 11156 11132
f 11143 11138 11141
f 11123 11221 11220
f 11324 11283 11325
f 11333 11332 11339
f 11342 11293 11196
f 11211 11233 11204
f 11153 11150 11152
f 11305 11134 11133
f 11345 11243 11237
f 11340 11322 11335
f 11122 11124 11336
f 11347 11197 11330
f 11316 11325 11331
f 11188 11325 11283
f 11180 11313 11348
f 11349 11257 11350
f 11290 11277 11288
f 11291 11292 11351
f 11193 11159 11352
f 11179 11339 11332
f 11234 11211 11275
f 11123 11300 11230
f 11189 11338 11190
f 11353 11218 11354
f 11204 11203 11211
f 11123 11318 11124
f 11347 11330 11329
f 11275 11355 11234
f 11230 11187 11161
f 11150 11199 11198
f 11356 11357 11358
f 11359 11360 11349
f 11362 11202 11178
f 11179 11317 11316
f 11201 11284 11347
f 11363 11173 11364
f 11365 11366 11357
f 11306 11147 11350
f 11245 11369 11266
f 11357 11361 11365
f 11135 11372 11350
f 11290 11326 11314
f 11229 11192 11227
f 11373 11374 11158
f 11341 11306 11314
f 11375 11210 11209
f 11208 11276 11376
f 11172 11171 11281
f 11192 11229 11160
f 11377 11342 11196
f 11209 11378 11375
f 11295 11379 11269
f 11260 11259 11238
f 11208 11376 11209
f 11357 11366 11358
f 11380 11309 11321
f 11363 11364 11381
f 11326 11290 11289
f 11172 11281 11194
f 11364 11367 11381
f 11288 11205 11240
f 11276 11278 11376
f 11271 11270 11272
f 11203 11202 11362
f 11129 11346 11225
f 11254 11182 11181
f 11188 11312 11325
f 11381 11367 11356
f 11318 11233 11234
f 11188 11190 11215
f 11365 11361 11371
f 11278 11209 11376
f 11276 11382 11277
f 11197 11347 11284
f 11383 11131 11122
f 11377 11384 11342
f 11231 11291 11298
f 11169 11300 11123
f 11359 11349 11385
f 11362 11178 11386
f 11244 11387 11388
f 11253 11267 11266
f 11270 11269 11192
f 11253 11302 11267
f 11209 11278 11310
f 11316 11176 11175
f 11370 11196 11263
f 11389 11168 11232
f 11238 11259 11239
f 11328 11330 11199
f 11360 11378 11258
f 11178 11180 11386
f 11313 11215 11340
f 11383 11122 11336
f 11386 11180 11348
f 11390 11139 11362
f 11145 11144 11186
f 11360 11257 11349
f 11391 11214 11190
f 11378 11209 11258
f 11130 11219 11131
f 11175 11324 11316
f 11288 11277 11206
f 11161 11221 11230
f 11204 11339 11202
f 11281 11120 11304
f 11257 11360 11258
f 11336 11198 11284
f 11190 11337 11391
f 11215 11214 11321
f 11214 11380 11321
f 11190 11338 11337
f 11348 11390 11386
f 11326 11345 11237
f 11215 11321 11322
f 11323 11380 11391
f 11280 11390 11279
f 11335 11279 11348
f 11392 11223 11315
f 11224 11223 11392
f 11122 11131 11123
f 11150 11124 11319
f 11380 11392 11315
f 11369 11393 11394
f 11362 11386 11390
f 11319 11151 11150
f 11229 11228 11164
f 11128 11127 11126
f 11234 11152 11151
f 11182 11254 11252
f 11177 11324 11175
f 11135 11350 11147
f 11237 11243 11395
f 11126 11300 11389
f 11389 11232 11126
f 11256 11258 11310
f 11332 11144 11317
f 11359 11385 11396
f 11162 11161 11186
f 11278 11290 11310
f 11383 11284 11201
f 11313 11312 11215
f 11304 11397 11282
f 11202 11179 11178
f 11169 11168 11389
f 11348 11313 11340
f 11270 11271 11294
f 11354 11240 11205
f 11220 11161 11163
f 11150 11198 11124
f 11151 11318 11234
f 11256 11310 11306
f 11347 11399 11201
f 11197 11199 11330
f 11259 11261 11239
f 11239 11289 11288
f 11379 11228 11269
f 11390 11280 11139
f 11144 11333 11186
f 11380 11214 11391
f 11266 11246 11245
f 11396 11119 11121
f 11134 11119 11349
f 11350 11372 11349
f 11240 11239 11288
f 11123 11220 11318
f 11138 11320 11298
f 11239 11261 11289
f 11323 11241 11380
f 11325 11312 11331
f 11179 11332 11317
f 11362 11139 11203
f 11340 11335 11348
f 11231 11226 11232
f 11289 11261 11326
f 11152 11234 11355
f 11233 11163 11204
f 11318 11163 11233
f 11256 11350 11257
f 11282 11262 11194
f 11220 11163 11318
f 11166 11167 11168
f 11182 11249 11251
f 11134 11372 11135
f 11296 11297 11341
f 11228 11165 11164
f 11134 11349 11372
f 11339 11162 11333
f 11305 11119 11134
f 11217 11240 11354
f 11354 11218 11217
f 11279 11390 11348
f 11352 11395 11243
f 11384 11400 11342
f 11241 11224 11380
f 11306 11350 11256
f 11309 11380 11315
f 11385 11119 11396
f 11121 11120 11281
f 11238 11240 11217
f 11353 11216 11218
f 11345 11326 11261
f 11232 11226 11126
f 11252 11254 11394
f 11312 11180 11331
f 11187 11145 11186
f 11119 11305 11120
f 11226 11320 11143
f 11365 11368 11401
f 11354 11205 11207
f 11306 11341 11297
f 11236 11314 11237
f 11339 11179 11202
f 11304 11120 11305
f 11302 11154 11155
f 11284 11383 11336
f 11346 11129 11142
f 11272 11193 11402
f 11345 11261 11244
f 11238 11217 11286
f 11342 11403 11404
f 11296 11341 11374
f 11395 11159 11237
f 11203 11139 11137
f 11402 11243 11242
f 11281 11304 11282
f 11211 11203 11137
f 11149 11133 11135
f 11300 11169 11389
f 11312 11188 11215
f 11148 11147 11296
f 11302 11212 11303
f 11236 11374 11341
f 11236 11159 11374
f 11286 11260 11238
f 11201 11399 11200
f 11158 11249 11373
f 11277 11290 11278
f 11185 11184 11191
f 11226 11143 11128
f 11133 11149 11397
f 11159 11158 11374
f 11395 11352 11159
f 11387 11244 11260
f 11380 11224 11392
f 11181 11274 11287
f 11264 11195 11262
f 11404 11405 11293
f 11149 11246 11397
f 11225 11185 11129
f 11393 11148 11296
f 11296 11374 11373
f 11402 11352 11243
f 11286 11387 11260
f 11201 11131 11383
f 11262 11282 11397
f 11129 11128 11143
f 11397 11246 11267
f 11393 11245 11148
f 11309 11308 11321
f 11296 11373 11394
f 11320 11226 11231
f 11322 11308 11311
f 11123 11230 11221
f 11388 11406 11244
f 11242 11244 11406
f 11397 11304 11133
f 11337 11323 11391
f 11262 11397 11267
f 11293 11172 11194
f 11296 11394 11393
f 11168 11167 11213
f 11160 11249 11158
f 11193 11352 11402
f 11273 11402 11242
f 11254 11253 11369
f 11344 11343 11407
f 11265 11343 11235
f 11358 11381 11356
f 11384 11358 11366
f 11169 11219 11166
f 11146 11145 11184
f 11173 11363 11370
f 11265 11407 11343
f 11405 11334 11293
f 11370 11265 11235
f 11408 11381 11358
f 11366 11400 11384
f 11393 11369 11245
f 11249 11252 11373
f 11373 11252 11394
f 11180 11179 11331
f 11274 11255 11287
f 11408 11363 11381
f 11398 11407 11301
f 11242 11406 11273
f 11244 11243 11345
f 11407 11398 11344
f 11273 11272 11402
f 11363 11196 11370
f 11349 11119 11385
f 11394 11254 11369
f 11250 11160 11229
f 11212 11302 11155
f 11206 11382 11207
f 11293 11342 11404
f 11195 11264 11263
f 11370 11263 11265
f 11369 11253 11266
f 11400 11403 11342
f 11277 11382 11206
f 11250 11268 11251
f 11270 11193 11272
f 11264 11301 11407
f 11267 11302 11264
f 11270 11294 11269
f 11302 11301 11264
f 11281 11171 11174
f 11248 11327 11268
f 11196 11195 11263
f 11229 11247 11250
f 11264 11407 11265
f 11408 11384 11377
f 11363 11408 11377
f 11314 11306 11310
f 11268 11247 11248
f 11229 11164 11247
f 11287 11254 11181
f 11268 11327 11251
f 11408 11358 11384
f 11363 11377 11196
f 11251 11285 11182
f 11186 11333 11162
f 11253 11255 11154
f 11302 11253 11154
f 11409 11410 11411
f 11412 11413 11414
f 11415 11416 11412
f 11417 11418 11419
f 11420 11421 11422
f 11423 11424 11409
f 11425 11411 11410
f 11426 11427 11428
f 11429 11430 11431
f 11432 11433 11434
f 11435 11434 11436
f 11437 11438 11439
f 11434 11426 11428
f 11440 11441 11442
f 11432 11443 11439
f 11445 11446 11447
f 11448 11445 11444
f 11449 11450 11451
f 11441 11440 11452
f 11424 11453 11454
f 11455 11456 11421
f 11452 11440 11457
f 11459 11460 11461
f 11438 11432 11439
f 11437 11422 11456
f 11463 11464 11465
f 11455 11452 11466
f 11443 11428 11411
f 11464 11431 11430
f 11459 11461 11432
f 11464 11430 11467
f 11409 11411 11427
f 11459 11466 11468
f 11409 11427 11423
f 11470 11471 11472
f 11473 11469 11420
f 11474 11411 11425
f 11471 11453 11423
f 11424 11423 11453
f 11426 11434 11435
f 11473 11420 11422
f 11475 11476 11421
f 11479 11431 11463
f 11463 11431 11464
f 11411 11474 11443
f 11453 11471 11470
f 11428 11427 11411
f 11441 11452 11476
f 11468 11466 11457
f 11474 11425 11422
f 11421 11420 11480
f 11425 11473 11422
f 11474 11422 11439
f 11439 11443 11474
f 11422 11437 11439
f 11456 11422 11421
f 11432 11434 11443
f 11471 11423 11427
f 11443 11434 11428
f 11426 11471 11427
f 11475 11421 11480
f 11476 11455 11421
f 11461 11433 11432
f 11434 11433 11436
f 11426 11472 11471
f 11437 11456 11466
f 11456 11455 11466
f 11459 11438 11466
f 11459 11432 11438
f 11461 11436 11433
f 11414 11458 11412
f 11426 11435 11472
f 11470 11472 11481
f 11437 11466 11438
f 11455 11476 11452
f 11436 11461 11482
f 11475 11441 11476
f 11466 11452 11457
f 11468 11460 11459
f 11468 11457 11483
f 11483 11460 11468
f 11484 11442 11441
f 11446 11484 11441
f 11449 11478 11414
f 11447 11446 11441
f 11451 11442 11484
f 11484 11446 11448
f 11448 11451 11484
f 11448 11446 11445
f 11450 11442 11451
f 11450 11418 11417
f 11462 11451 11448
f 11449 11451 11462
f 11478 11449 11462
f 11418 11450 11449
f 11449 11414 11418
f 11477 11414 11478
f 11414 11477 11458
f 11418 11414 11419
f 11414 11413 11419
f 11485 11413 11412
f 11416 11485 11412
f 11485 11416 11486
f 11487 11488 11489
f 11429 11490 11491
f 11494 11495 11496
f 11497 11498 11499
f 11500 11501 11502
f 11503 11504 11505
f 11483 11506 11507
f 11508 11509 11510
f 11511 11512 11506
f 11513 11509 11514
f 11499 11515 11514
f 11516 11479 11517
f 11518 11508 11519
f 11520 11502 11521
f 11494 11522 11523
f 11495 11524 11525
f 11493 11526 11527
f 11528 11529 11530
f 11417 11531 11450
f 11457 11440 11532
f 11533 11534 11535
f 11536 11537 11417
f 11538 11528 11530
f 11523 11495 11494
f 11479 11463 11539
f 11540 11541 11542
f 11543 11544 11523
f 11496 11545 11546
f 11547 11520 11548
f 11491 11430 11429
f 11549 11550 11551
f 11531 11417 11537
f 11549 11552 11550
f 11553 11554 11555
f 11556 11519 11557
f 11525 11558 11495
f 11559 11532 11560
f 11430 11491 11561
f 11429 11431 11479
f 11487 11541 11562
f 11563 11564 11547
f 11543 11552 11565
f 11567 11429 11516
f 11540 11568 11569
f 11461 11570 11482
f 11571 11572 11573
f 11574 11512 11558
f 11498 11571 11573
f 11542 11541 11487
f 11517 11538 11516
f 11575 11565 11528
f 11497 11489 11498
f 11483 11576 11506
f 11569 11568 11577
f 11505 11560 11578
f 11579 11561 11491
f 11545 11496 11580
f 11581 11567 11530
f 11489 11488 11571
f 11582 11570 11507
f 11503 11537 11536
f 11578 11440 11537
f 11553 11419 11413
f 11583 11504 11584
f 11574 11585 11586
f 11562 11587 11488
f 11496 11588 11494
f 11589 11590 11551
f 11577 11568 11591
f 11547 11548 11561
f 11592 11593 11559
f 11508 11499 11514
f 11436 11533 11435
f 11596 11597 11598
f 11596 11534 11533
f 11533 11436 11482
f 11594 11599 11600
f 11595 11599 11594
f 11578 11560 11532
f 11587 11505 11583
f 11592 11559 11560
f 11601 11599 11595
f 11600 11599 11602
f 11597 11596 11533
f 11599 11601 11603
f 11600 11602 11604
f 11598 11597 11605
f 11579 11491 11569
f 11604 11606 11607
f 11605 11482 11570
f 11603 11601 11608
f 11602 11603 11609
f 11604 11602 11606
f 11597 11533 11605
f 11590 11589 11562
f 11613 11614 11615
f 11469 11614 11420
f 11616 11525 11524
f 11607 11617 11615
f 11569 11618 11540
f 11607 11606 11617
f 11516 11530 11567
f 11603 11608 11609
f 11606 11602 11609
f 11581 11618 11567
f 11494 11588 11522
f 11613 11420 11614
f 11617 11619 11620
f 11582 11605 11570
f 11621 11593 11622
f 11585 11574 11623
f 11555 11624 11553
f 11531 11537 11440
f 11625 11549 11590
f 11606 11609 11626
f 11578 11532 11440
f 11627 11592 11505
f 11512 11574 11582
f 11628 11563 11577
f 11608 11612 11629
f 11573 11630 11515
f 11419 11536 11417
f 11507 11506 11512
f 11513 11493 11492
f 11615 11631 11613
f 11420 11613 11480
f 11615 11617 11632
f 11615 11633 11631
f 11524 11523 11634
f 11512 11511 11558
f 11617 11620 11632
f 11518 11500 11635
f 11629 11609 11608
f 11553 11485 11554
f 11626 11609 11629
f 11575 11543 11565
f 11543 11523 11522
f 11589 11551 11636
f 11580 11511 11637
f 11633 11615 11632
f 11632 11620 11619
f 11506 11576 11621
f 11504 11536 11584
f 11638 11626 11629
f 11616 11623 11525
f 11543 11522 11552
f 11580 11496 11495
f 11576 11593 11621
f 11510 11610 11611
f 11639 11640 11626
f 11529 11528 11565
f 11562 11488 11487
f 11546 11588 11496
f 11633 11641 11642
f 11576 11532 11593
f 11621 11637 11506
f 11507 11570 11460
f 11605 11586 11598
f 11580 11495 11558
f 11632 11643 11633
f 11643 11632 11619
f 11505 11578 11503
f 11633 11644 11631
f 11503 11536 11504
f 11565 11552 11529
f 11645 11519 11508
f 11559 11593 11532
f 11509 11508 11514
f 11545 11637 11621
f 11464 11646 11465
f 11548 11467 11561
f 11552 11647 11529
f 11644 11633 11642
f 11641 11648 11642
f 11649 11641 11633
f 11649 11633 11643
f 11643 11619 11650
f 11545 11621 11622
f 11649 11652 11641
f 11653 11639 11654
f 11634 11523 11544
f 11521 11548 11520
f 11655 11546 11622
f 11622 11593 11655
f 11647 11625 11581
f 11644 11642 11656
f 11442 11531 11440
f 11648 11657 11642
f 11625 11647 11549
f 11653 11658 11650
f 11584 11536 11624
f 11512 11582 11507
f 11516 11429 11479
f 11656 11660 11644
f 11561 11579 11547
f 11656 11661 11660
f 11580 11637 11545
f 11648 11662 11657
f 11635 11500 11563
f 11664 11642 11657
f 11655 11592 11627
f 11562 11541 11590
f 11655 11627 11589
f 11546 11545 11622
f 11653 11654 11658
f 11654 11651 11659
f 11665 11441 11475
f 11666 11661 11656
f 11667 11657 11662
f 11668 11658 11654
f 11657 11667 11669
f 11670 11671 11672
f 11659 11668 11654
f 11660 11673 11665
f 11674 11671 11675
f 11539 11517 11479
f 11532 11483 11457
f 11671 11670 11676
f 11625 11541 11540
f 11504 11583 11505
f 11481 11472 11535
f 11490 11429 11567
f 11548 11521 11677
f 11548 11677 11679
f 11571 11498 11489
f 11497 11628 11489
f 11519 11680 11500
f 11587 11562 11627
f 11624 11536 11419
f 11582 11586 11605
f 11549 11551 11590
f 11674 11675 11681
f 11628 11497 11635
f 11591 11568 11540
f 11675 11671 11682
f 11540 11618 11625
f 11558 11623 11574
f 11670 11683 11676
f 11584 11572 11583
f 11555 11684 11624
f 11490 11569 11491
f 11572 11571 11587
f 11635 11563 11628
f 11447 11441 11673
f 11624 11572 11584
f 11516 11538 11530
f 11673 11681 11685
f 11488 11587 11571
f 11581 11530 11529
f 11500 11680 11501
f 11675 11685 11681
f 11577 11579 11569
f 11624 11419 11553
f 11682 11671 11676
f 11591 11628 11577
f 11561 11467 11430
f 11673 11686 11447
f 11682 11687 11675
f 11547 11577 11563
f 11497 11499 11635
f 11636 11588 11546
f 11515 11630 11526
f 11628 11591 11489
f 11576 11483 11532
f 11685 11688 11686
f 11487 11591 11542
f 11689 11555 11554
f 11690 11687 11691
f 11550 11588 11551
f 11467 11548 11679
f 11518 11635 11499
f 11549 11647 11552
f 11582 11574 11586
f 11555 11663 11527
f 11589 11636 11655
f 11523 11524 11495
f 11663 11566 11527
f 11674 11660 11661
f 11546 11655 11636
f 11684 11572 11624
f 11533 11535 11472
f 11507 11460 11483
f 11547 11579 11577
f 11510 11509 11693
f 11555 11527 11684
f 11502 11520 11564
f 11510 11693 11610
f 11527 11566 11493
f 11490 11567 11618
f 11693 11513 11610
f 11630 11573 11572
f 11533 11482 11605
f 11564 11563 11500
f 11680 11519 11556
f 11580 11558 11511
f 11589 11627 11562
f 11506 11637 11511
f 11525 11623 11558
f 11662 11695 11652
f 11450 11531 11442
f 11522 11588 11550
f 11656 11642 11664
f 11537 11503 11578
f 11630 11527 11526
f 11526 11514 11515
f 11640 11639 11653
f 11435 11533 11472
f 11489 11591 11487
f 11493 11513 11526
f 11682 11692 11691
f 11636 11551 11588
f 11519 11500 11518
f 11508 11518 11499
f 11541 11625 11590
f 11650 11696 11643
f 11509 11513 11693
f 11647 11581 11529
f 11564 11520 11547
f 11508 11510 11645
f 11550 11552 11522
f 11461 11460 11570
f 11619 11640 11650
f 11569 11490 11618
f 11639 11638 11654
f 11630 11572 11684
f 11560 11505 11592
f 11485 11553 11413
f 11686 11445 11447
f 11697 11556 11557
f 11500 11502 11564
f 11660 11665 11644
f 11655 11593 11592
f 11581 11625 11618
f 11514 11526 11513
f 11638 11639 11626
f 11587 11583 11572
f 11475 11644 11665
f 11591 11540 11542
f 11515 11499 11573
f 11653 11650 11640
f 11652 11696 11698
f 11492 11610 11513
f 11627 11505 11587
f 11519 11645 11694
f 11527 11630 11684
f 11499 11498 11573
f 11660 11674 11681
f 11600 11614 11469
f 11678 11662 11652
f 11699 11694 11645
f 11700 11683 11666
f 11631 11480 11613
f 11658 11678 11698
f 11672 11661 11670
f 11661 11671 11674
f 11469 11594 11600
f 11687 11682 11691
f 11656 11664 11666
f 11688 11687 11690
f 11688 11685 11687
f 11557 11519 11694
f 11631 11475 11480
f 11649 11696 11652
f 11683 11700 11669
f 11607 11614 11600
f 11646 11701 11465
f 11648 11641 11695
f 11661 11666 11670
f 11669 11667 11678
f 11599 11603 11602
f 11650 11658 11696
f 11644 11475 11631
f 11657 11700 11664
f 11671 11661 11672
f 11687 11685 11675
f 11698 11696 11658
f 11692 11682 11676
f 11643 11696 11649
f 11683 11670 11666
f 11638 11651 11654
f 11699 11510 11611
f 11695 11641 11652
f 11600 11604 11607
f 11673 11685 11686
f 11678 11652 11698
f 11700 11666 11664
f 11645 11510 11699
f 11681 11673 11660
f 11445 11686 11688
f 11662 11648 11695
f 11651 11638 11629
f 11617 11606 11619
f 11640 11606 11626
f 11607 11615 11614
f 11678 11667 11662
f 11441 11665 11673
f 11619 11606 11640
f 11669 11700 11657
